inventory_id,item_id,location_id,date,opening_stock,received_stock,prepared_quantity,consumed_stock,closing_stock,unit,quarantine_reason
INV00000100,ITEM4270,LOC0001,2025-01-01,2.000,0.000,1.000,0.000,2.000,pcs,orphan_foreign_key
INV00000583,ITEM4969,LOC0005,2025-01-01,0.310,0.000,0.210,0.000,0.310,kg,orphan_foreign_key
INV00000799,ITEM4365,LOC0006,2025-01-01,0.260,0.000,0.170,0.000,0.260,liters,orphan_foreign_key
INV00001042,ITEM3663,LOC0008,2025-01-01,2.000,0.000,1.000,0.000,2.000,pcs,orphan_foreign_key
INV00001534,ITEM7183,LOC0012,2025-01-01,0.880,0.000,0.690,0.400,0.480,kg,orphan_foreign_key
INV00001815,ITEM9355,LOC0014,2025-01-01,4.000,0.000,2.000,1.000,3.000,pcs,orphan_foreign_key
INV00002230,ITEM6177,LOC0017,2025-01-01,2.000,0.000,1.000,0.000,2.000,pcs,orphan_foreign_key
INV00002497,ITEM6394,LOC0019,2025-01-01,3.000,0.000,2.000,1.000,2.000,pcs,orphan_foreign_key
INV00002781,ITEM1214,LOC0021,2025-01-01,1.000,2.000,1.000,0.000,3.000,pcs,orphan_foreign_key
INV00002951,ITEM5367,LOC0022,2025-01-01,3.000,0.000,2.000,1.000,2.000,pcs,orphan_foreign_key
INV00003189,ITEM1309,LOC0024,2025-01-01,6.000,0.000,3.000,2.000,4.000,pcs,orphan_foreign_key
INV00003478,ITEM1681,LOC0001,2025-01-02,0.090,0.000,0.050,0.000,0.090,kg,orphan_foreign_key
INV00003657,ITEM2038,LOC0002,2025-01-02,3.000,0.000,2.000,0.000,3.000,pcs,orphan_foreign_key
INV00003702,ITEM4693,LOC0003,2025-01-02,1.970,4.560,2.920,1.500,4.170,kg,orphan_foreign_key
INV00004191,ITEM2360,LOC0006,2025-01-02,0.040,0.000,0.030,0.000,0.040,liters,orphan_foreign_key
INV00004747,ITEM3664,LOC0011,2025-01-02,0.070,0.000,0.050,0.000,0.070,liters,orphan_foreign_key
INV00004819,ITEM7002,LOC0011,2025-01-02,2.000,0.000,1.000,0.000,2.000,pcs,orphan_foreign_key
INV00005174,ITEM2420,LOC0014,2025-01-02,0.270,1.080,0.600,0.600,0.750,kg,orphan_foreign_key
INV00005252,ITEM0307,LOC0014,2025-01-02,0.270,0.000,0.120,0.000,0.270,liters,orphan_foreign_key
INV00005405,ITEM7385,LOC0015,2025-01-02,0.250,0.000,0.140,0.000,0.250,liters,orphan_foreign_key
INV00005742,ITEM1499,LOC0018,2025-01-02,0.620,0.000,0.490,0.400,0.190,kg,orphan_foreign_key
INV00006738,ITEM2779,LOC0025,2025-01-02,0.070,2.230,0.800,0.700,1.600,kg,orphan_foreign_key
INV00006891,ITEM1737,LOC0001,2025-01-03,1.560,0.000,0.180,0.000,1.510,liters,orphan_foreign_key
INV00007839,ITEM8411,LOC0008,2025-01-03,0.360,0.000,0.120,0.000,0.360,liters,orphan_foreign_key
INV00008167,ITEM6231,LOC0011,2025-01-03,0.260,0.000,0.210,0.000,0.260,kg,orphan_foreign_key
INV00008465,ITEM7139,LOC0013,2025-01-03,7.000,0.000,3.000,2.000,5.000,pcs,orphan_foreign_key
INV00008574,ITEM4876,LOC0014,2025-01-03,0.830,2.220,1.060,0.500,2.550,kg,orphan_foreign_key
INV00009192,ITEM0666,LOC0018,2025-01-03,5.220,0.000,3.850,3.850,1.370,liters,orphan_foreign_key
INV00009309,ITEM5816,LOC0019,2025-01-03,0.060,1.000,0.380,0.350,0.710,kg,orphan_foreign_key
INV00009457,ITEM0521,LOC0020,2025-01-03,2.000,0.000,1.000,0.000,2.000,pcs,orphan_foreign_key
INV00010006,ITEM8054,LOC0024,2025-01-03,2.000,0.000,1.000,0.000,2.000,pcs,orphan_foreign_key
INV00010491,ITEM2991,LOC0003,2025-01-04,3.100,10.620,6.000,6.000,7.720,kg,orphan_foreign_key
INV00010887,ITEM7434,LOC0006,2025-01-04,1.850,0.000,0.610,0.500,1.350,kg,orphan_foreign_key
INV00010896,ITEM0376,LOC0006,2025-01-04,0.750,0.000,0.500,0.500,0.250,kg,orphan_foreign_key
INV00010921,ITEM6822,LOC0006,2025-01-04,3.000,0.000,1.000,0.000,3.000,pcs,orphan_foreign_key
INV00010988,ITEM4883,LOC0007,2025-01-04,3.000,0.000,1.000,0.000,3.000,pcs,orphan_foreign_key
INV00011003,ITEM8371,LOC0007,2025-01-04,0.330,0.430,0.350,0.300,0.460,liters,orphan_foreign_key
INV00011014,ITEM7344,LOC0007,2025-01-04,0.170,0.690,0.360,0.300,0.560,kg,orphan_foreign_key
INV00011718,ITEM6970,LOC0012,2025-01-04,4.000,0.000,2.000,2.000,2.000,pcs,orphan_foreign_key
INV00012037,ITEM1701,LOC0014,2025-01-04,2.280,16.130,7.010,6.650,11.760,liters,orphan_foreign_key
INV00012536,ITEM2902,LOC0018,2025-01-04,4.000,14.000,6.000,4.000,14.000,pcs,orphan_foreign_key
INV00013201,ITEM1046,LOC0023,2025-01-04,6.330,0.000,5.000,5.000,1.330,kg,orphan_foreign_key
INV00013267,ITEM9589,LOC0023,2025-01-04,0.260,0.530,0.350,0.250,0.540,liters,orphan_foreign_key
INV00013804,ITEM1439,LOC0002,2025-01-05,1.880,0.000,1.430,1.000,0.880,liters,orphan_foreign_key
INV00015090,ITEM6082,LOC0012,2025-01-05,1.720,4.110,2.850,2.800,3.030,kg,orphan_foreign_key
INV00015130,ITEM5426,LOC0012,2025-01-05,0.050,0.000,0.040,0.000,0.050,kg,orphan_foreign_key
INV00015147,ITEM2385,LOC0012,2025-01-05,2.000,0.000,1.000,1.000,1.000,pcs,orphan_foreign_key
INV00015360,ITEM6736,LOC0014,2025-01-05,2.490,0.000,0.140,0.000,2.490,kg,orphan_foreign_key
INV00015536,ITEM9827,LOC0015,2025-01-05,2.000,0.000,1.000,0.000,2.000,pcs,orphan_foreign_key
INV00015657,ITEM8528,LOC0016,2025-01-05,1.000,2.000,1.000,0.000,3.000,pcs,orphan_foreign_key
INV00015993,ITEM0809,LOC0018,2025-01-05,6.000,13.000,8.000,6.000,13.000,pcs,orphan_foreign_key
INV00016042,ITEM8226,LOC0019,2025-01-05,0.250,0.000,0.170,0.000,0.250,kg,orphan_foreign_key
INV00016312,ITEM2167,LOC0021,2025-01-05,6.840,0.000,4.030,3.000,3.090,kg,orphan_foreign_key
INV00017695,ITEM3845,LOC0006,2025-01-06,2.000,0.000,1.000,0.000,2.000,pcs,orphan_foreign_key
INV00017920,ITEM3614,LOC0008,2025-01-06,3.000,0.000,1.000,0.000,3.000,pcs,orphan_foreign_key
INV00017968,ITEM9852,LOC0008,2025-01-06,2.000,6.000,3.000,2.000,6.000,pcs,orphan_foreign_key
INV00018013,ITEM8027,LOC0008,2025-01-06,4.840,6.250,4.590,3.500,7.590,liters,orphan_foreign_key
INV00018639,ITEM6285,LOC0013,2025-01-06,15.000,0.000,6.000,4.000,11.000,pcs,orphan_foreign_key
INV00019030,ITEM9380,LOC0016,2025-01-06,1.370,0.000,0.280,0.000,1.370,kg,orphan_foreign_key
INV00019048,ITEM2650,LOC0016,2025-01-06,4.000,0.000,1.000,0.000,4.000,pcs,orphan_foreign_key
INV00019130,ITEM4467,LOC0017,2025-01-06,0.610,0.000,0.300,0.300,0.310,liters,orphan_foreign_key
INV00019356,ITEM5944,LOC0018,2025-01-06,0.210,0.000,0.070,0.000,0.210,liters,orphan_foreign_key
INV00019997,ITEM9338,LOC0023,2025-01-06,3.000,0.000,2.000,1.000,2.000,pcs,orphan_foreign_key
INV00020277,ITEM6967,LOC0025,2025-01-06,7.000,17.000,9.000,7.000,17.000,pcs,orphan_foreign_key
INV00020331,ITEM2025,LOC0025,2025-01-06,3.000,0.000,2.000,2.000,1.000,pcs,orphan_foreign_key
INV00020522,ITEM6057,LOC0002,2025-01-07,2.600,0.000,1.220,0.500,2.100,kg,orphan_foreign_key
INV00020922,ITEM9286,LOC0005,2025-01-07,11.090,0.000,2.500,1.000,8.860,kg,orphan_foreign_key
INV00021359,ITEM0262,LOC0008,2025-01-07,4.000,0.000,1.000,0.000,4.000,pcs,orphan_foreign_key
INV00021442,ITEM4816,LOC0009,2025-01-07,1.800,0.000,0.510,0.000,1.800,kg,orphan_foreign_key
INV00021726,ITEM2643,LOC0011,2025-01-07,0.340,0.000,0.210,0.000,0.340,kg,orphan_foreign_key
INV00022528,ITEM4936,LOC0017,2025-01-07,2.000,0.000,1.000,0.000,2.000,pcs,orphan_foreign_key
INV00022790,ITEM1273,LOC0019,2025-01-07,0.170,0.000,0.130,0.000,0.170,liters,orphan_foreign_key
INV00022958,ITEM9422,LOC0020,2025-01-07,2.870,5.400,2.920,2.000,6.270,kg,orphan_foreign_key
INV00023870,ITEM1375,LOC0002,2025-01-08,1.000,2.000,1.000,0.000,3.000,pcs,orphan_foreign_key
INV00023906,ITEM6092,LOC0002,2025-01-08,0.950,0.000,0.240,0.000,0.950,kg,orphan_foreign_key
INV00024858,ITEM3959,LOC0009,2025-01-08,2.270,0.000,0.690,0.400,1.870,kg,orphan_foreign_key
INV00025096,ITEM6998,LOC0011,2025-01-08,5.000,0.000,1.000,0.000,5.000,pcs,orphan_foreign_key
INV00025117,ITEM1365,LOC0011,2025-01-08,0.510,3.890,1.500,1.500,2.900,kg,orphan_foreign_key
INV00025356,ITEM7207,LOC0013,2025-01-08,2.000,0.000,1.000,0.000,2.000,pcs,orphan_foreign_key
INV00025380,ITEM1286,LOC0013,2025-01-08,0.860,0.000,0.250,0.000,0.860,kg,orphan_foreign_key
INV00025988,ITEM2557,LOC0017,2025-01-08,2.000,0.000,1.000,0.000,2.000,pcs,orphan_foreign_key
INV00026097,ITEM7643,LOC0018,2025-01-08,6.000,0.000,2.000,0.000,6.000,pcs,orphan_foreign_key
INV00026525,ITEM0517,LOC0021,2025-01-08,3.000,0.000,1.000,0.000,3.000,pcs,orphan_foreign_key
INV00026772,ITEM1288,LOC0023,2025-01-08,14.000,0.000,11.000,6.000,8.000,pcs,orphan_foreign_key
INV00027987,ITEM6860,LOC0007,2025-01-09,1.440,0.000,0.160,0.000,1.440,kg,orphan_foreign_key
INV00028987,ITEM8001,LOC0014,2025-01-09,4.910,0.000,1.570,1.050,3.860,liters,orphan_foreign_key
INV00029332,ITEM5612,LOC0017,2025-01-09,4.600,0.000,0.440,0.000,4.600,kg,orphan_foreign_key
INV00029594,ITEM5251,LOC0019,2025-01-09,2.100,0.000,1.500,1.500,0.600,kg,orphan_foreign_key
INV00030443,ITEM7278,LOC0025,2025-01-09,9.000,0.000,1.000,0.000,9.000,pcs,orphan_foreign_key
INV00030684,ITEM2772,LOC0002,2025-01-10,3.350,5.300,3.110,2.000,5.810,kg,orphan_foreign_key
INV00031241,ITEM0812,LOC0006,2025-01-10,2.540,0.000,0.800,0.800,1.740,kg,orphan_foreign_key
INV00031476,ITEM3162,LOC0008,2025-01-10,2.230,2.750,1.950,1.500,3.480,liters,orphan_foreign_key
INV00031637,ITEM6553,LOC0009,2025-01-10,0.300,0.720,0.400,0.400,0.620,kg,orphan_foreign_key
INV00031842,ITEM5923,LOC0010,2025-01-10,0.390,0.000,0.060,0.000,0.390,liters,orphan_foreign_key
INV00032233,ITEM6789,LOC0013,2025-01-10,2.190,0.000,0.650,0.250,1.940,liters,orphan_foreign_key
INV00032269,ITEM3739,LOC0014,2025-01-10,3.000,7.000,4.000,3.000,7.000,pcs,orphan_foreign_key
INV00032372,ITEM0193,LOC0014,2025-01-10,0.800,0.000,0.100,0.000,0.800,liters,orphan_foreign_key
INV00032682,ITEM3231,LOC0017,2025-01-10,7.000,0.000,1.000,0.000,7.000,pcs,orphan_foreign_key
INV00032758,ITEM6044,LOC0017,2025-01-10,3.000,0.000,1.000,0.000,3.000,pcs,orphan_foreign_key
INV00033277,ITEM0203,LOC0021,2025-01-10,1.980,0.000,0.400,0.400,1.580,kg,orphan_foreign_key
INV00033716,ITEM8939,LOC0024,2025-01-10,3.000,0.000,1.000,1.000,2.000,pcs,orphan_foreign_key
INV00034018,ITEM9878,LOC0001,2025-01-11,1.470,0.000,0.140,0.000,1.470,liters,orphan_foreign_key
INV00034278,ITEM1604,LOC0003,2025-01-11,1.900,5.670,3.000,3.000,4.570,liters,orphan_foreign_key
INV00034510,ITEM8368,LOC0005,2025-01-11,3.000,19.000,9.000,9.000,13.000,pcs,orphan_foreign_key
INV00035803,ITEM0248,LOC0015,2025-01-11,0.420,1.180,0.600,0.600,1.000,liters,orphan_foreign_key
INV00035805,ITEM2351,LOC0015,2025-01-11,0.270,0.750,0.360,0.300,0.720,liters,orphan_foreign_key
INV00035923,ITEM5857,LOC0015,2025-01-11,2.000,0.000,1.000,0.000,2.000,pcs,orphan_foreign_key
INV00036036,ITEM2216,LOC0016,2025-01-11,1.790,0.000,1.000,1.000,0.790,liters,orphan_foreign_key
INV00036210,ITEM8035,LOC0018,2025-01-11,7.000,0.000,1.000,0.000,7.000,pcs,orphan_foreign_key
INV00037336,ITEM9121,LOC0001,2025-01-12,0.730,0.000,0.130,0.000,0.730,kg,orphan_foreign_key
INV00037426,ITEM5690,LOC0002,2025-01-12,4.000,0.000,1.000,0.000,4.000,pcs,orphan_foreign_key
INV00037808,ITEM5140,LOC0004,2025-01-12,0.680,0.980,0.680,0.500,1.160,liters,orphan_foreign_key
INV00038133,ITEM0625,LOC0007,2025-01-12,2.270,2.230,1.920,1.800,2.630,kg,orphan_foreign_key
INV00038635,ITEM6788,LOC0010,2025-01-12,5.000,0.000,3.000,2.000,3.000,pcs,orphan_foreign_key
INV00038756,ITEM0263,LOC0011,2025-01-12,0.630,0.000,0.060,0.000,0.630,liters,orphan_foreign_key
INV00038944,ITEM6985,LOC0013,2025-01-12,1.600,0.000,0.140,0.000,1.600,kg,orphan_foreign_key
INV00039964,ITEM8672,LOC0020,2025-01-12,3.000,0.000,1.000,0.000,3.000,pcs,orphan_foreign_key
INV00040023,ITEM3817,LOC0021,2025-01-12,1.000,2.000,1.000,0.000,2.000,pcs,orphan_foreign_key
INV00040105,ITEM8781,LOC0021,2025-01-12,6.000,0.000,1.000,0.000,6.000,pcs,orphan_foreign_key
INV00041334,ITEM3520,LOC0005,2025-01-13,4.310,0.000,1.860,1.750,2.560,liters,orphan_foreign_key
INV00041352,ITEM0640,LOC0005,2025-01-13,4.000,0.000,3.000,3.000,1.000,pcs,orphan_foreign_key
INV00041686,ITEM2228,LOC0008,2025-01-13,13.000,0.000,7.000,5.000,8.000,pcs,orphan_foreign_key
INV00041859,ITEM5620,LOC0009,2025-01-13,3.000,0.000,1.000,1.000,2.000,pcs,orphan_foreign_key
INV00041911,ITEM0790,LOC0010,2025-01-13,2.000,0.000,1.000,0.000,2.000,pcs,orphan_foreign_key
INV00042223,ITEM2370,LOC0012,2025-01-13,3.000,0.000,1.000,0.000,3.000,pcs,orphan_foreign_key
INV00043004,ITEM5172,LOC0018,2025-01-13,1.000,2.000,1.000,0.000,3.000,pcs,orphan_foreign_key
INV00043062,ITEM2526,LOC0018,2025-01-13,8.730,0.000,0.570,0.000,8.730,kg,orphan_foreign_key
INV00043116,ITEM8110,LOC0019,2025-01-13,3.000,0.000,2.000,0.000,3.000,pcs,orphan_foreign_key
INV00043169,ITEM1057,LOC0019,2025-01-13,0.380,0.000,0.180,0.000,0.380,kg,orphan_foreign_key
INV00043389,ITEM4298,LOC0020,2025-01-13,17.000,0.000,6.000,6.000,11.000,pcs,orphan_foreign_key
INV00043732,ITEM2981,LOC0023,2025-01-13,11.000,0.000,4.000,2.000,9.000,pcs,orphan_foreign_key
INV00043790,ITEM8016,LOC0023,2025-01-13,1.000,4.000,2.000,0.000,5.000,pcs,orphan_foreign_key
INV00043967,ITEM5278,LOC0025,2025-01-13,1.830,0.000,0.180,0.000,1.660,kg,orphan_foreign_key
INV00044260,ITEM0960,LOC0002,2025-01-14,2.930,0.000,0.210,0.000,2.930,kg,orphan_foreign_key
INV00044262,ITEM5244,LOC0002,2025-01-14,1.710,0.000,0.430,0.400,1.310,kg,orphan_foreign_key
INV00045543,ITEM7933,LOC0011,2025-01-14,3.000,0.000,1.000,1.000,2.000,pcs,orphan_foreign_key
INV00045585,ITEM1298,LOC0012,2025-01-14,1.720,0.000,0.600,0.600,1.120,kg,orphan_foreign_key
INV00045631,ITEM4923,LOC0012,2025-01-14,3.000,0.000,1.000,0.000,3.000,pcs,orphan_foreign_key
INV00046172,ITEM9564,LOC0016,2025-01-14,4.000,0.000,1.000,0.000,4.000,pcs,orphan_foreign_key
INV00046346,ITEM1169,LOC0017,2025-01-14,0.290,0.000,0.140,0.000,0.240,liters,orphan_foreign_key
INV00047347,ITEM0671,LOC0025,2025-01-14,0.550,0.000,0.140,0.000,0.530,liters,orphan_foreign_key
INV00047352,ITEM3995,LOC0025,2025-01-14,2.000,0.000,1.000,0.000,2.000,pcs,orphan_foreign_key
INV00047438,ITEM3801,LOC0025,2025-01-14,3.670,0.000,1.050,1.050,2.620,liters,orphan_foreign_key
INV00047644,ITEM8821,LOC0002,2025-01-15,2.190,0.000,0.170,0.000,2.190,kg,orphan_foreign_key
INV00047977,ITEM3507,LOC0004,2025-01-15,2.220,0.000,0.670,0.500,1.720,liters,orphan_foreign_key
INV00047989,ITEM9990,LOC0004,2025-01-15,2.670,0.000,1.170,0.700,1.970,liters,orphan_foreign_key
INV00048825,ITEM6987,LOC0011,2025-01-15,2.000,0.000,1.000,1.000,1.000,pcs,orphan_foreign_key
INV00049411,ITEM2254,LOC0015,2025-01-15,13.000,0.000,5.000,4.000,9.000,pcs,orphan_foreign_key
INV00049738,ITEM4621,LOC0017,2025-01-15,1.670,0.000,0.400,0.250,1.420,liters,orphan_foreign_key
INV00049753,ITEM3435,LOC0017,2025-01-15,4.000,0.000,2.000,1.000,3.000,pcs,orphan_foreign_key
INV00049776,ITEM3256,LOC0018,2025-01-15,0.950,0.000,0.080,0.000,0.950,liters,orphan_foreign_key
INV00050214,ITEM1758,LOC0021,2025-01-15,0.160,0.310,0.190,0.000,0.380,kg,orphan_foreign_key
INV00050830,ITEM4088,LOC0025,2025-01-15,0.880,0.000,0.350,0.000,0.880,liters,orphan_foreign_key
INV00051020,ITEM4611,LOC0002,2025-01-16,1.280,0.000,0.290,0.000,1.080,kg,orphan_foreign_key
INV00051141,ITEM4100,LOC0003,2025-01-16,1.810,0.000,0.530,0.300,1.510,liters,orphan_foreign_key
INV00051297,ITEM9900,LOC0004,2025-01-16,2.600,0.000,0.680,0.000,2.600,kg,orphan_foreign_key
INV00051387,ITEM6489,LOC0004,2025-01-16,2.000,18.000,8.000,6.000,14.000,pcs,orphan_foreign_key
INV00051614,ITEM9961,LOC0006,2025-01-16,1.620,0.000,0.020,0.000,1.620,kg,orphan_foreign_key
INV00051908,ITEM8822,LOC0008,2025-01-16,0.420,2.180,0.980,0.700,1.900,liters,orphan_foreign_key
INV00052511,ITEM2195,LOC0013,2025-01-16,6.860,13.790,7.010,4.500,14.140,kg,orphan_foreign_key
INV00053699,ITEM5077,LOC0022,2025-01-16,5.000,0.000,1.000,0.000,5.000,pcs,orphan_foreign_key
INV00054117,ITEM8920,LOC0025,2025-01-16,3.000,0.000,1.000,0.000,3.000,pcs,orphan_foreign_key
INV00054303,ITEM6366,LOC0001,2025-01-17,8.000,0.000,1.000,0.000,8.000,pcs,orphan_foreign_key
INV00054306,ITEM6893,LOC0001,2025-01-17,4.000,0.000,3.000,3.000,1.000,pcs,orphan_foreign_key
INV00054308,ITEM7258,LOC0001,2025-01-17,4.000,0.000,1.000,0.000,4.000,pcs,orphan_foreign_key
INV00054442,ITEM0801,LOC0002,2025-01-17,3.000,0.000,2.000,2.000,1.000,pcs,orphan_foreign_key
INV00054517,ITEM9940,LOC0003,2025-01-17,3.000,0.000,1.000,0.000,3.000,pcs,orphan_foreign_key
INV00054600,ITEM1859,LOC0003,2025-01-17,1.250,0.000,0.070,0.000,1.250,kg,orphan_foreign_key
INV00054754,ITEM2682,LOC0004,2025-01-17,0.680,0.000,0.500,0.500,0.180,liters,orphan_foreign_key
INV00056006,ITEM2957,LOC0014,2025-01-17,2.030,0.000,0.160,0.000,2.030,liters,orphan_foreign_key
INV00056286,ITEM8393,LOC0016,2025-01-17,0.320,0.450,0.360,0.300,0.470,liters,orphan_foreign_key
INV00056298,ITEM4867,LOC0016,2025-01-17,0.530,1.910,1.190,0.900,1.540,kg,orphan_foreign_key
INV00056444,ITEM2534,LOC0017,2025-01-17,0.850,0.000,0.200,0.000,0.850,kg,orphan_foreign_key
INV00056713,ITEM8890,LOC0019,2025-01-17,0.720,1.270,0.860,0.500,1.330,kg,orphan_foreign_key
INV00056735,ITEM1966,LOC0019,2025-01-17,2.000,0.000,1.000,0.000,2.000,pcs,orphan_foreign_key
INV00056939,ITEM8597,LOC0020,2025-01-17,1.800,3.860,2.450,2.450,3.210,liters,orphan_foreign_key
INV00057276,ITEM4233,LOC0023,2025-01-17,1.070,2.960,2.000,2.000,2.030,kg,orphan_foreign_key
INV00057313,ITEM5649,LOC0023,2025-01-17,3.860,0.000,0.070,0.000,3.860,kg,orphan_foreign_key
INV00057889,ITEM6098,LOC0002,2025-01-18,1.470,0.000,0.460,0.350,1.120,liters,orphan_foreign_key
INV00058048,ITEM5605,LOC0004,2025-01-18,3.910,0.000,2.310,1.800,2.110,liters,orphan_foreign_key
INV00058399,ITEM0635,LOC0006,2025-01-18,0.410,0.000,0.030,0.000,0.410,kg,orphan_foreign_key
INV00058693,ITEM3482,LOC0008,2025-01-18,0.700,11.730,4.900,4.900,7.530,liters,orphan_foreign_key
INV00059577,ITEM0569,LOC0015,2025-01-18,1.940,0.000,0.210,0.000,1.940,kg,orphan_foreign_key
INV00059897,ITEM6477,LOC0017,2025-01-18,6.000,0.000,2.000,2.000,4.000,pcs,orphan_foreign_key
INV00060683,ITEM5473,LOC0023,2025-01-18,5.000,0.000,3.000,2.000,3.000,pcs,orphan_foreign_key
INV00061486,ITEM7698,LOC0004,2025-01-19,0.780,1.170,0.800,0.800,1.150,kg,orphan_foreign_key
INV00061668,ITEM3315,LOC0005,2025-01-19,0.180,2.680,1.000,1.000,1.860,liters,orphan_foreign_key
INV00061862,ITEM3147,LOC0007,2025-01-19,0.790,0.000,0.140,0.000,0.790,kg,orphan_foreign_key
INV00061887,ITEM4614,LOC0007,2025-01-19,1.150,1.520,1.200,1.200,1.470,kg,orphan_foreign_key
INV00062086,ITEM1023,LOC0008,2025-01-19,4.000,6.000,4.000,4.000,6.000,pcs,orphan_foreign_key
INV00062128,ITEM0634,LOC0009,2025-01-19,0.180,1.040,0.600,0.600,0.620,kg,orphan_foreign_key
INV00062886,ITEM9733,LOC0014,2025-01-19,0.490,0.000,0.150,0.000,0.490,liters,orphan_foreign_key
INV00063171,ITEM0630,LOC0016,2025-01-19,49.000,0.000,38.000,28.000,21.000,pcs,orphan_foreign_key
INV00063566,ITEM8077,LOC0019,2025-01-19,2.430,0.000,0.750,0.750,1.680,liters,orphan_foreign_key
INV00063708,ITEM7244,LOC0020,2025-01-19,0.130,0.170,0.110,0.000,0.300,liters,orphan_foreign_key
INV00064483,ITEM7558,LOC0001,2025-01-20,4.000,0.000,2.000,1.000,3.000,pcs,orphan_foreign_key
INV00064845,ITEM9508,LOC0004,2025-01-20,1.050,0.000,0.250,0.000,1.050,kg,orphan_foreign_key
INV00065148,ITEM7929,LOC0006,2025-01-20,3.000,0.000,1.000,0.000,3.000,pcs,orphan_foreign_key
INV00065814,ITEM6092,LOC0011,2025-01-20,0.610,0.000,0.120,0.000,0.610,kg,orphan_foreign_key
INV00065927,ITEM7670,LOC0012,2025-01-20,1.560,0.000,0.140,0.000,1.560,kg,orphan_foreign_key
INV00066101,ITEM3571,LOC0013,2025-01-20,5.000,0.000,2.000,2.000,3.000,pcs,orphan_foreign_key
INV00066828,ITEM7560,LOC0018,2025-01-20,0.790,0.000,0.160,0.000,0.790,liters,orphan_foreign_key
INV00066846,ITEM8460,LOC0019,2025-01-20,5.000,0.000,2.000,0.000,5.000,pcs,orphan_foreign_key
INV00067598,ITEM5422,LOC0024,2025-01-20,2.000,0.000,1.000,0.000,2.000,pcs,orphan_foreign_key
INV00067984,ITEM5586,LOC0002,2025-01-21,1.690,0.000,0.170,0.000,1.690,kg,orphan_foreign_key
INV00068532,ITEM8950,LOC0006,2025-01-21,0.510,0.000,0.080,0.000,0.510,kg,orphan_foreign_key
INV00068776,ITEM9080,LOC0008,2025-01-21,1.800,0.000,1.060,0.900,0.900,kg,orphan_foreign_key
INV00068786,ITEM1693,LOC0008,2025-01-21,2.670,10.760,5.590,5.000,8.430,kg,orphan_foreign_key
INV00068979,ITEM7657,LOC0009,2025-01-21,3.000,0.000,1.000,0.000,3.000,pcs,orphan_foreign_key
INV00069145,ITEM9885,LOC0010,2025-01-21,3.000,0.000,1.000,0.000,3.000,pcs,orphan_foreign_key
INV00069426,ITEM9116,LOC0013,2025-01-21,2.000,0.000,1.000,0.000,2.000,pcs,orphan_foreign_key
INV00069612,ITEM9104,LOC0014,2025-01-21,0.690,0.000,0.460,0.000,0.690,kg,orphan_foreign_key
INV00069909,ITEM5359,LOC0016,2025-01-21,3.000,0.000,1.000,0.000,3.000,pcs,orphan_foreign_key
INV00069935,ITEM4540,LOC0016,2025-01-21,1.350,0.000,0.070,0.000,1.350,liters,orphan_foreign_key
INV00070544,ITEM3017,LOC0021,2025-01-21,1.170,0.000,0.300,0.300,0.870,kg,orphan_foreign_key
INV00071194,ITEM4097,LOC0001,2025-01-22,2.000,4.000,2.000,1.000,5.000,pcs,orphan_foreign_key
INV00071374,ITEM9859,LOC0002,2025-01-22,1.690,0.000,1.000,1.000,0.690,kg,orphan_foreign_key
INV00072055,ITEM0825,LOC0007,2025-01-22,6.440,0.000,1.010,0.800,5.640,kg,orphan_foreign_key
INV00072107,ITEM3705,LOC0007,2025-01-22,4.000,0.000,1.000,0.000,4.000,pcs,orphan_foreign_key
INV00072153,ITEM5704,LOC0008,2025-01-22,0.430,0.000,0.040,0.000,0.430,liters,orphan_foreign_key
INV00072234,ITEM4247,LOC0008,2025-01-22,3.000,0.000,1.000,0.000,3.000,pcs,orphan_foreign_key
INV00072259,ITEM1715,LOC0008,2025-01-22,5.000,0.000,3.000,2.000,2.000,pcs,orphan_foreign_key
INV00072456,ITEM1411,LOC0010,2025-01-22,0.890,0.000,0.050,0.000,0.890,kg,orphan_foreign_key
INV00072900,ITEM5263,LOC0013,2025-01-22,1.390,0.000,1.050,1.050,0.340,kg,orphan_foreign_key
INV00073064,ITEM0450,LOC0014,2025-01-22,2.320,0.000,0.110,0.000,2.320,liters,orphan_foreign_key
INV00073338,ITEM1966,LOC0016,2025-01-22,3.230,0.000,2.100,2.100,1.130,liters,orphan_foreign_key
INV00075108,ITEM4724,LOC0004,2025-01-23,1.920,0.000,0.200,0.000,1.920,liters,orphan_foreign_key
INV00075225,ITEM9438,LOC0005,2025-01-23,1.340,0.000,0.590,0.000,1.340,liters,orphan_foreign_key
INV00075483,ITEM3642,LOC0007,2025-01-23,0.580,0.000,0.040,0.000,0.580,kg,orphan_foreign_key
INV00075528,ITEM5030,LOC0007,2025-01-23,8.000,0.000,6.000,6.000,2.000,pcs,orphan_foreign_key
INV00075682,ITEM9156,LOC0009,2025-01-23,1.960,0.000,1.380,0.900,0.820,kg,orphan_foreign_key
INV00075981,ITEM4054,LOC0011,2025-01-23,0.450,1.430,0.800,0.800,1.080,kg,orphan_foreign_key
INV00076046,ITEM9989,LOC0011,2025-01-23,4.730,0.000,0.060,0.000,4.730,liters,orphan_foreign_key
INV00076252,ITEM6046,LOC0013,2025-01-23,0.500,0.000,0.400,0.400,0.100,kg,orphan_foreign_key
INV00076357,ITEM5080,LOC0014,2025-01-23,3.000,12.000,5.000,5.000,10.000,pcs,orphan_foreign_key
INV00076524,ITEM3111,LOC0015,2025-01-23,0.600,0.000,0.280,0.000,0.600,kg,orphan_foreign_key
INV00076679,ITEM9967,LOC0016,2025-01-23,2.000,0.000,1.000,0.000,2.000,pcs,orphan_foreign_key
INV00077736,ITEM5880,LOC0024,2025-01-23,0.320,0.000,0.020,0.000,0.320,kg,orphan_foreign_key
INV00078265,ITEM8989,LOC0003,2025-01-24,2.000,0.000,1.000,0.000,1.000,pcs,orphan_foreign_key
INV00078278,ITEM4215,LOC0003,2025-01-24,0.500,3.000,1.200,1.200,2.300,kg,orphan_foreign_key
INV00079027,ITEM7516,LOC0008,2025-01-24,2.990,0.000,0.980,0.350,2.640,liters,orphan_foreign_key
INV00079520,ITEM3902,LOC0012,2025-01-24,9.000,0.000,3.000,2.000,7.000,pcs,orphan_foreign_key
INV00079543,ITEM8893,LOC0012,2025-01-24,0.410,1.300,0.700,0.700,1.010,kg,orphan_foreign_key
INV00079914,ITEM6171,LOC0015,2025-01-24,0.600,0.000,0.280,0.000,0.600,kg,orphan_foreign_key
INV00079938,ITEM1625,LOC0015,2025-01-24,3.000,0.000,2.000,1.000,1.000,pcs,orphan_foreign_key
INV00080722,ITEM7611,LOC0021,2025-01-24,6.260,0.000,4.320,3.500,2.760,kg,orphan_foreign_key
INV00081229,ITEM3314,LOC0025,2025-01-24,4.000,0.000,1.000,0.000,4.000,pcs,orphan_foreign_key
INV00081231,ITEM8862,LOC0025,2025-01-24,4.000,0.000,1.000,0.000,4.000,pcs,orphan_foreign_key
INV00081374,ITEM4349,LOC0001,2025-01-25,0.830,0.000,0.360,0.300,0.530,liters,orphan_foreign_key
INV00081671,ITEM7389,LOC0003,2025-01-25,0.310,4.280,1.800,1.800,2.790,kg,orphan_foreign_key
INV00081713,ITEM2591,LOC0003,2025-01-25,3.000,0.000,1.000,0.000,3.000,pcs,orphan_foreign_key
INV00081728,ITEM1894,LOC0003,2025-01-25,2.000,0.000,1.000,0.000,1.000,pcs,orphan_foreign_key
INV00081973,ITEM0522,LOC0005,2025-01-25,4.000,0.000,3.000,3.000,1.000,pcs,orphan_foreign_key
INV00082129,ITEM2780,LOC0006,2025-01-25,0.410,0.530,0.350,0.350,0.590,kg,orphan_foreign_key
INV00083125,ITEM1165,LOC0014,2025-01-25,1.000,2.000,1.000,0.000,3.000,pcs,orphan_foreign_key
INV00083403,ITEM9342,LOC0016,2025-01-25,2.100,0.000,0.460,0.300,1.800,liters,orphan_foreign_key
INV00084519,ITEM4256,LOC0024,2025-01-25,1.040,1.360,1.150,1.000,1.270,kg,orphan_foreign_key
INV00085363,ITEM6823,LOC0005,2025-01-26,1.000,4.000,2.000,2.000,3.000,pcs,orphan_foreign_key
INV00085400,ITEM5131,LOC0005,2025-01-26,3.030,0.000,0.230,0.000,3.030,liters,orphan_foreign_key
INV00085513,ITEM5720,LOC0006,2025-01-26,2.110,0.000,0.550,0.350,1.760,kg,orphan_foreign_key
INV00085665,ITEM3714,LOC0007,2025-01-26,8.000,0.000,3.000,3.000,5.000,pcs,orphan_foreign_key
INV00085976,ITEM2416,LOC0010,2025-01-26,2.880,0.000,0.390,0.300,2.580,liters,orphan_foreign_key
INV00086687,ITEM3661,LOC0015,2025-01-26,13.460,0.000,1.460,0.500,12.960,kg,orphan_foreign_key
INV00086840,ITEM7842,LOC0016,2025-01-26,8.000,0.000,1.000,0.000,8.000,pcs,orphan_foreign_key
INV00087868,ITEM5259,LOC0023,2025-01-26,9.000,0.000,5.000,4.000,5.000,pcs,orphan_foreign_key
INV00088002,ITEM7440,LOC0024,2025-01-26,18.000,0.000,1.000,0.000,18.000,pcs,orphan_foreign_key
INV00088046,ITEM4844,LOC0025,2025-01-26,1.090,0.000,0.080,0.000,1.090,kg,orphan_foreign_key
INV00088061,ITEM4527,LOC0025,2025-01-26,0.700,0.000,0.400,0.400,0.300,kg,orphan_foreign_key
INV00088091,ITEM8743,LOC0025,2025-01-26,1.770,4.520,2.250,1.750,4.540,kg,orphan_foreign_key
INV00088217,ITEM6390,LOC0001,2025-01-27,8.000,0.000,1.000,0.000,8.000,pcs,orphan_foreign_key
INV00088390,ITEM9786,LOC0002,2025-01-27,3.990,0.000,0.840,0.000,3.990,liters,orphan_foreign_key
INV00088444,ITEM0382,LOC0003,2025-01-27,1.420,0.000,0.390,0.300,1.120,kg,orphan_foreign_key
INV00088778,ITEM5732,LOC0005,2025-01-27,4.000,0.000,1.000,0.000,4.000,pcs,orphan_foreign_key
INV00088787,ITEM2345,LOC0005,2025-01-27,0.260,0.000,0.100,0.000,0.260,liters,orphan_foreign_key
INV00089350,ITEM7599,LOC0010,2025-01-27,2.000,0.000,1.000,0.000,2.000,pcs,orphan_foreign_key
INV00089468,ITEM9281,LOC0010,2025-01-27,0.890,0.000,0.100,0.000,0.890,liters,orphan_foreign_key
INV00090151,ITEM4355,LOC0015,2025-01-27,2.130,0.000,0.140,0.000,2.130,liters,orphan_foreign_key
INV00091035,ITEM4330,LOC0022,2025-01-27,0.410,0.000,0.130,0.000,0.410,kg,orphan_foreign_key
INV00091411,ITEM9801,LOC0025,2025-01-27,0.510,0.000,0.360,0.300,0.210,liters,orphan_foreign_key
INV00091685,ITEM3916,LOC0002,2025-01-28,4.000,0.000,1.000,0.000,4.000,pcs,orphan_foreign_key
INV00092020,ITEM5355,LOC0004,2025-01-28,8.000,0.000,1.000,0.000,8.000,pcs,orphan_foreign_key
INV00092131,ITEM2986,LOC0005,2025-01-28,1.000,2.000,1.000,0.000,3.000,pcs,orphan_foreign_key
INV00092306,ITEM6910,LOC0006,2025-01-28,2.000,0.000,1.000,0.000,2.000,pcs,orphan_foreign_key
INV00092598,ITEM1512,LOC0008,2025-01-28,6.000,0.000,2.000,0.000,6.000,pcs,orphan_foreign_key
INV00092634,ITEM5333,LOC0009,2025-01-28,2.090,0.000,0.300,0.300,1.790,kg,orphan_foreign_key
INV00092835,ITEM6655,LOC0010,2025-01-28,4.000,0.000,1.000,0.000,4.000,pcs,orphan_foreign_key
INV00093054,ITEM8855,LOC0012,2025-01-28,1.000,0.000,0.170,0.000,1.000,kg,orphan_foreign_key
INV00093920,ITEM4802,LOC0018,2025-01-28,0.860,0.000,0.070,0.000,0.860,kg,orphan_foreign_key
INV00094021,ITEM8383,LOC0019,2025-01-28,0.620,0.000,0.490,0.400,0.220,kg,orphan_foreign_key
INV00094517,ITEM4385,LOC0023,2025-01-28,1.000,5.000,2.000,1.000,4.000,pcs,orphan_foreign_key
INV00094936,ITEM6906,LOC0001,2025-01-29,1.170,0.000,0.120,0.000,1.170,liters,orphan_foreign_key
INV00095674,ITEM0443,LOC0006,2025-01-29,4.000,0.000,1.000,0.000,4.000,pcs,orphan_foreign_key
INV00095975,ITEM1278,LOC0008,2025-01-29,3.430,0.000,2.380,1.750,1.680,liters,orphan_foreign_key
INV00096032,ITEM6526,LOC0009,2025-01-29,2.570,0.000,0.210,0.000,2.570,kg,orphan_foreign_key
INV00096847,ITEM5858,LOC0015,2025-01-29,2.280,0.000,0.810,0.600,1.680,kg,orphan_foreign_key
INV00097038,ITEM8085,LOC0016,2025-01-29,0.960,0.000,0.050,0.000,0.960,kg,orphan_foreign_key
INV00097213,ITEM7798,LOC0017,2025-01-29,14.000,0.000,2.000,0.000,14.000,pcs,orphan_foreign_key
INV00097256,ITEM1303,LOC0018,2025-01-29,0.390,0.370,0.370,0.300,0.460,kg,orphan_foreign_key
INV00097541,ITEM0295,LOC0020,2025-01-29,1.060,0.000,0.260,0.000,0.960,kg,orphan_foreign_key
INV00097570,ITEM2382,LOC0020,2025-01-29,3.000,0.000,1.000,0.000,3.000,pcs,orphan_foreign_key
INV00097771,ITEM4574,LOC0022,2025-01-29,4.000,0.000,2.000,2.000,2.000,pcs,orphan_foreign_key
INV00097973,ITEM7201,LOC0023,2025-01-29,12.000,0.000,3.000,3.000,9.000,pcs,orphan_foreign_key
INV00097974,ITEM8499,LOC0023,2025-01-29,2.000,26.000,10.000,10.000,18.000,pcs,orphan_foreign_key
INV00098115,ITEM8457,LOC0024,2025-01-29,3.000,0.000,1.000,0.000,3.000,pcs,orphan_foreign_key
INV00098640,ITEM2738,LOC0003,2025-01-30,5.770,0.000,0.800,0.400,5.120,kg,orphan_foreign_key
INV00098924,ITEM2046,LOC0005,2025-01-30,3.000,6.000,3.000,3.000,6.000,pcs,orphan_foreign_key
INV00099067,ITEM0258,LOC0006,2025-01-30,2.000,0.000,1.000,1.000,1.000,pcs,orphan_foreign_key
INV00099332,ITEM8013,LOC0008,2025-01-30,1.000,2.000,1.000,0.000,3.000,pcs,orphan_foreign_key
INV00099448,ITEM9655,LOC0009,2025-01-30,3.000,0.000,1.000,0.000,3.000,pcs,orphan_foreign_key
INV00099505,ITEM8108,LOC0009,2025-01-30,0.310,1.580,0.700,0.700,1.190,liters,orphan_foreign_key
INV00099856,ITEM3356,LOC0012,2025-01-30,5.000,8.000,5.000,5.000,8.000,pcs,orphan_foreign_key
INV00100569,ITEM3991,LOC0017,2025-01-30,2.000,0.000,1.000,0.000,2.000,pcs,orphan_foreign_key
INV00100782,ITEM4108,LOC0019,2025-01-30,3.770,7.790,4.460,3.500,8.060,kg,orphan_foreign_key
INV00100785,ITEM6741,LOC0019,2025-01-30,1.790,8.620,3.560,2.500,7.910,kg,orphan_foreign_key
INV00101351,ITEM1951,LOC0023,2025-01-30,1.130,0.000,0.800,0.800,0.330,kg,orphan_foreign_key
INV00101401,ITEM1496,LOC0023,2025-01-30,2.820,0.000,1.130,0.500,2.320,liters,orphan_foreign_key
INV00101532,ITEM0772,LOC0024,2025-01-30,2.000,0.000,1.000,0.000,2.000,pcs,orphan_foreign_key
INV00101770,ITEM0362,LOC0001,2025-01-31,9.000,0.000,5.000,3.000,6.000,pcs,orphan_foreign_key
INV00102463,ITEM5201,LOC0006,2025-01-31,0.590,0.000,0.140,0.000,0.590,kg,orphan_foreign_key
INV00102659,ITEM4193,LOC0008,2025-01-31,3.000,0.000,1.000,0.000,3.000,pcs,orphan_foreign_key
INV00102901,ITEM2377,LOC0009,2025-01-31,11.000,0.000,8.000,7.000,3.000,pcs,orphan_foreign_key
INV00102962,ITEM5564,LOC0010,2025-01-31,1.960,0.000,0.430,0.400,1.560,kg,orphan_foreign_key
INV00103042,ITEM7068,LOC0010,2025-01-31,3.000,0.000,2.000,0.000,3.000,pcs,orphan_foreign_key
INV00103827,ITEM7091,LOC0016,2025-01-31,2.000,0.000,1.000,0.000,2.000,pcs,orphan_foreign_key
INV00104261,ITEM1330,LOC0019,2025-01-31,1.440,0.000,1.050,1.050,0.390,liters,orphan_foreign_key
INV00104297,ITEM6851,LOC0020,2025-01-31,3.000,0.000,1.000,0.000,3.000,pcs,orphan_foreign_key
INV00104598,ITEM3487,LOC0022,2025-01-31,0.510,0.000,0.300,0.000,0.510,kg,orphan_foreign_key
INV00104758,ITEM1424,LOC0023,2025-01-31,3.000,0.000,1.000,0.000,3.000,pcs,orphan_foreign_key
INV00104829,ITEM2474,LOC0024,2025-01-31,6.000,0.000,1.000,0.000,6.000,pcs,orphan_foreign_key
INV00105097,ITEM8800,LOC0001,2025-02-01,4.000,0.000,1.000,1.000,3.000,pcs,orphan_foreign_key
INV00105549,ITEM2125,LOC0004,2025-02-01,1.400,0.000,0.490,0.400,1.000,kg,orphan_foreign_key
INV00105586,ITEM0745,LOC0004,2025-02-01,1.030,0.000,0.030,0.000,1.030,kg,orphan_foreign_key
INV00105656,ITEM7180,LOC0005,2025-02-01,2.000,0.000,1.000,0.000,2.000,pcs,orphan_foreign_key
INV00105893,ITEM3979,LOC0006,2025-02-01,17.000,0.000,10.000,10.000,7.000,pcs,orphan_foreign_key
INV00106460,ITEM1960,LOC0011,2025-02-01,3.970,0.000,1.230,0.900,3.070,kg,orphan_foreign_key
INV00106467,ITEM7839,LOC0011,2025-02-01,1.400,0.000,0.110,0.000,1.400,kg,orphan_foreign_key
INV00106474,ITEM2843,LOC0011,2025-02-01,0.900,0.000,0.500,0.500,0.400,kg,orphan_foreign_key
INV00107086,ITEM3272,LOC0015,2025-02-01,1.000,2.000,1.000,0.000,3.000,pcs,orphan_foreign_key
INV00107208,ITEM9514,LOC0016,2025-02-01,0.960,0.000,0.050,0.000,0.960,kg,orphan_foreign_key
INV00107303,ITEM8870,LOC0017,2025-02-01,3.290,0.000,1.500,1.500,1.790,kg,orphan_foreign_key
INV00107557,ITEM8587,LOC0019,2025-02-01,0.700,0.000,0.080,0.000,0.700,kg,orphan_foreign_key
INV00108356,ITEM0519,LOC0025,2025-02-01,3.000,0.000,1.000,1.000,2.000,pcs,orphan_foreign_key
INV00108416,ITEM6478,LOC0025,2025-02-01,3.000,0.000,1.000,0.000,2.000,pcs,orphan_foreign_key
INV00108488,ITEM4730,LOC0001,2025-02-02,2.000,3.000,2.000,2.000,3.000,pcs,orphan_foreign_key
INV00108562,ITEM5368,LOC0001,2025-02-02,7.000,0.000,2.000,1.000,6.000,pcs,orphan_foreign_key
INV00109081,ITEM9136,LOC0005,2025-02-02,3.000,0.000,1.000,0.000,3.000,pcs,orphan_foreign_key
INV00109533,ITEM0777,LOC0008,2025-02-02,2.620,0.000,0.540,0.000,2.620,liters,orphan_foreign_key
INV00109658,ITEM9980,LOC0009,2025-02-02,4.000,0.000,1.000,0.000,4.000,pcs,orphan_foreign_key
INV00109724,ITEM4582,LOC0010,2025-02-02,1.180,0.000,0.040,0.000,1.180,kg,orphan_foreign_key
INV00109848,ITEM8262,LOC0011,2025-02-02,3.000,0.000,1.000,0.000,3.000,pcs,orphan_foreign_key
INV00110077,ITEM8528,LOC0012,2025-02-02,7.490,0.000,1.350,0.700,6.790,liters,orphan_foreign_key
INV00110181,ITEM9920,LOC0013,2025-02-02,1.000,2.000,1.000,0.000,3.000,pcs,orphan_foreign_key
INV00110205,ITEM7170,LOC0013,2025-02-02,0.240,0.000,0.050,0.000,0.240,liters,orphan_foreign_key
INV00111293,ITEM7390,LOC0021,2025-02-02,3.000,0.000,1.000,0.000,3.000,pcs,orphan_foreign_key
INV00111860,ITEM7606,LOC0025,2025-02-02,7.000,0.000,3.000,2.000,5.000,pcs,orphan_foreign_key
INV00111939,ITEM4642,LOC0001,2025-02-03,7.000,0.000,3.000,3.000,4.000,pcs,orphan_foreign_key
INV00112118,ITEM1893,LOC0002,2025-02-03,1.260,0.000,0.690,0.500,0.760,liters,orphan_foreign_key
INV00112196,ITEM7639,LOC0003,2025-02-03,1.720,0.000,0.510,0.400,1.320,kg,orphan_foreign_key
INV00112333,ITEM1436,LOC0004,2025-02-03,1.030,1.630,1.060,0.400,2.260,kg,orphan_foreign_key
INV00112359,ITEM2265,LOC0004,2025-02-03,5.000,0.000,1.000,1.000,4.000,pcs,orphan_foreign_key
INV00112464,ITEM2523,LOC0005,2025-02-03,1.260,0.000,0.230,0.000,1.260,kg,orphan_foreign_key
INV00112954,ITEM7126,LOC0009,2025-02-03,4.000,0.000,1.000,0.000,4.000,pcs,orphan_foreign_key
INV00113316,ITEM3397,LOC0011,2025-02-03,3.000,0.000,1.000,0.000,3.000,pcs,orphan_foreign_key
INV00113370,ITEM2638,LOC0012,2025-02-03,1.740,0.000,0.710,0.600,1.140,liters,orphan_foreign_key
INV00113805,ITEM9032,LOC0015,2025-02-03,2.160,0.000,0.160,0.000,2.160,kg,orphan_foreign_key
INV00114215,ITEM5770,LOC0018,2025-02-03,4.670,0.000,2.310,0.500,4.170,kg,orphan_foreign_key
INV00114704,ITEM8627,LOC0021,2025-02-03,0.290,0.000,0.150,0.000,0.290,liters,orphan_foreign_key
INV00115451,ITEM5693,LOC0002,2025-02-04,3.200,0.000,0.230,0.000,3.200,kg,orphan_foreign_key
INV00115459,ITEM2669,LOC0002,2025-02-04,1.000,2.000,1.000,0.000,3.000,pcs,orphan_foreign_key
INV00115495,ITEM8438,LOC0002,2025-02-04,2.000,0.000,1.000,0.000,2.000,pcs,orphan_foreign_key
INV00115619,ITEM9542,LOC0003,2025-02-04,0.280,0.000,0.120,0.000,0.280,kg,orphan_foreign_key
INV00115656,ITEM6871,LOC0003,2025-02-04,2.950,0.000,2.170,1.400,1.550,liters,orphan_foreign_key
INV00115975,ITEM8493,LOC0006,2025-02-04,1.750,0.000,0.600,0.000,1.560,kg,orphan_foreign_key
INV00116526,ITEM6782,LOC0010,2025-02-04,1.570,0.000,0.050,0.000,1.570,kg,orphan_foreign_key
INV00116564,ITEM8703,LOC0010,2025-02-04,2.000,3.000,2.000,1.000,4.000,pcs,orphan_foreign_key
INV00116962,ITEM5256,LOC0013,2025-02-04,2.000,0.000,1.000,0.000,2.000,pcs,orphan_foreign_key
INV00117117,ITEM2967,LOC0014,2025-02-04,2.000,4.000,2.000,1.000,5.000,pcs,orphan_foreign_key
INV00117624,ITEM9457,LOC0018,2025-02-04,8.000,0.000,2.000,1.000,7.000,pcs,orphan_foreign_key
INV00117864,ITEM5605,LOC0020,2025-02-04,1.740,0.000,0.230,0.000,1.740,kg,orphan_foreign_key
INV00118480,ITEM3405,LOC0024,2025-02-04,3.000,0.000,1.000,0.000,3.000,pcs,orphan_foreign_key
INV00118836,ITEM4707,LOC0002,2025-02-05,1.200,0.000,0.200,0.000,1.200,kg,orphan_foreign_key
INV00118850,ITEM9340,LOC0002,2025-02-05,1.000,2.000,1.000,0.000,3.000,pcs,orphan_foreign_key
INV00119072,ITEM7487,LOC0004,2025-02-05,0.780,0.000,0.390,0.300,0.480,liters,orphan_foreign_key
INV00119448,ITEM6047,LOC0006,2025-02-05,0.420,0.000,0.050,0.000,0.420,liters,orphan_foreign_key
INV00119685,ITEM1837,LOC0008,2025-02-05,0.910,0.000,0.090,0.000,0.910,kg,orphan_foreign_key
INV00119748,ITEM3564,LOC0009,2025-02-05,2.000,0.000,1.000,0.000,2.000,pcs,orphan_foreign_key
INV00120382,ITEM0742,LOC0013,2025-02-05,1.840,3.570,2.100,2.100,3.310,liters,orphan_foreign_key
INV00120638,ITEM4145,LOC0015,2025-02-05,2.000,0.000,1.000,0.000,2.000,pcs,orphan_foreign_key
INV00120966,ITEM8576,LOC0018,2025-02-05,0.740,0.000,0.140,0.000,0.740,liters,orphan_foreign_key
INV00121141,ITEM6612,LOC0019,2025-02-05,2.810,0.000,0.220,0.000,2.810,kg,orphan_foreign_key
INV00121435,ITEM4674,LOC0021,2025-02-05,2.000,0.000,1.000,0.000,2.000,pcs,orphan_foreign_key
INV00121890,ITEM0352,LOC0024,2025-02-05,2.430,0.000,0.730,0.700,1.730,liters,orphan_foreign_key
INV00122359,ITEM2249,LOC0003,2025-02-06,1.420,0.000,0.630,0.500,0.920,kg,orphan_foreign_key
INV00122875,ITEM4256,LOC0007,2025-02-06,6.000,0.000,1.000,0.000,6.000,pcs,orphan_foreign_key
INV00123504,ITEM6409,LOC0011,2025-02-06,2.610,0.000,0.710,0.000,2.610,liters,orphan_foreign_key
INV00123593,ITEM4507,LOC0012,2025-02-06,4.000,0.000,1.000,0.000,4.000,pcs,orphan_foreign_key
INV00123657,ITEM3779,LOC0012,2025-02-06,2.000,0.000,1.000,0.000,2.000,pcs,orphan_foreign_key
INV00124210,ITEM0529,LOC0017,2025-02-06,2.000,0.000,1.000,0.000,2.000,pcs,orphan_foreign_key
INV00124632,ITEM1274,LOC0020,2025-02-06,1.520,0.000,0.220,0.000,1.520,liters,orphan_foreign_key
INV00124634,ITEM1908,LOC0020,2025-02-06,1.030,0.000,0.130,0.000,1.030,liters,orphan_foreign_key
INV00124738,ITEM2927,LOC0020,2025-02-06,0.360,0.000,0.120,0.000,0.360,liters,orphan_foreign_key
INV00125039,ITEM2902,LOC0023,2025-02-06,1.410,0.000,0.130,0.000,1.410,liters,orphan_foreign_key
INV00125174,ITEM8670,LOC0024,2025-02-06,0.870,0.000,0.030,0.000,0.870,liters,orphan_foreign_key
INV00125921,ITEM6941,LOC0004,2025-02-07,5.000,13.000,7.000,7.000,11.000,pcs,orphan_foreign_key
INV00126716,ITEM6945,LOC0010,2025-02-07,5.000,0.000,3.000,3.000,2.000,pcs,orphan_foreign_key
INV00126845,ITEM2888,LOC0011,2025-02-07,6.000,0.000,1.000,0.000,6.000,pcs,orphan_foreign_key
INV00128117,ITEM6878,LOC0020,2025-02-07,0.600,0.000,0.050,0.000,0.600,liters,orphan_foreign_key
INV00128119,ITEM8387,LOC0020,2025-02-07,0.830,5.200,2.100,1.400,4.440,liters,orphan_foreign_key
INV00129173,ITEM0857,LOC0003,2025-02-08,3.000,0.000,1.000,0.000,3.000,pcs,orphan_foreign_key
INV00129237,ITEM9156,LOC0004,2025-02-08,1.000,2.000,1.000,0.000,3.000,pcs,orphan_foreign_key
INV00129804,ITEM7688,LOC0008,2025-02-08,0.230,0.000,0.070,0.000,0.230,kg,orphan_foreign_key
INV00130206,ITEM2523,LOC0011,2025-02-08,1.200,0.000,0.280,0.000,1.200,kg,orphan_foreign_key
INV00130304,ITEM0515,LOC0012,2025-02-08,4.000,0.000,3.000,3.000,1.000,pcs,orphan_foreign_key
INV00130364,ITEM3952,LOC0012,2025-02-08,3.000,0.000,1.000,1.000,2.000,pcs,orphan_foreign_key
INV00130498,ITEM3365,LOC0013,2025-02-08,2.720,0.000,1.190,0.800,1.920,kg,orphan_foreign_key
INV00131905,ITEM3264,LOC0023,2025-02-08,2.000,0.000,1.000,0.000,2.000,pcs,orphan_foreign_key
INV00131954,ITEM7612,LOC0024,2025-02-08,0.870,0.000,0.030,0.000,0.870,liters,orphan_foreign_key
INV00132363,ITEM2245,LOC0002,2025-02-09,0.380,1.150,0.600,0.600,0.930,liters,orphan_foreign_key
INV00133048,ITEM3071,LOC0007,2025-02-09,4.000,0.000,2.000,2.000,2.000,pcs,orphan_foreign_key
INV00133119,ITEM8142,LOC0007,2025-02-09,3.000,0.000,1.000,0.000,3.000,pcs,orphan_foreign_key
INV00133238,ITEM9380,LOC0008,2025-02-09,2.000,0.000,1.000,0.000,2.000,pcs,orphan_foreign_key
INV00133899,ITEM3793,LOC0013,2025-02-09,12.000,0.000,4.000,3.000,9.000,pcs,orphan_foreign_key
INV00134866,ITEM1060,LOC0020,2025-02-09,8.000,0.000,1.000,0.000,8.000,pcs,orphan_foreign_key
INV00135088,ITEM4064,LOC0022,2025-02-09,2.960,0.000,0.090,0.000,2.910,kg,orphan_foreign_key
INV00135258,ITEM3296,LOC0023,2025-02-09,3.000,0.000,1.000,0.000,3.000,pcs,orphan_foreign_key
INV00135376,ITEM9182,LOC0024,2025-02-09,1.260,0.000,0.090,0.000,1.260,kg,orphan_foreign_key
INV00135601,ITEM1414,LOC0001,2025-02-10,3.000,0.000,1.000,0.000,3.000,pcs,orphan_foreign_key
INV00136451,ITEM7581,LOC0007,2025-02-10,0.270,0.730,0.360,0.300,0.700,kg,orphan_foreign_key
INV00136499,ITEM5934,LOC0007,2025-02-10,1.000,2.000,1.000,0.000,3.000,pcs,orphan_foreign_key
INV00136595,ITEM3959,LOC0008,2025-02-10,3.010,7.200,3.500,3.500,6.710,kg,orphan_foreign_key
INV00136615,ITEM9589,LOC0008,2025-02-10,5.000,0.000,4.000,2.000,3.000,pcs,orphan_foreign_key
INV00137684,ITEM7033,LOC0016,2025-02-10,0.280,0.520,0.290,0.000,0.800,kg,orphan_foreign_key
INV00137985,ITEM2797,LOC0018,2025-02-10,0.350,0.000,0.040,0.000,0.350,kg,orphan_foreign_key
INV00138690,ITEM2592,LOC0023,2025-02-10,1.900,0.000,1.190,1.000,0.900,liters,orphan_foreign_key
INV00138741,ITEM4199,LOC0024,2025-02-10,2.000,0.000,1.000,0.000,2.000,pcs,orphan_foreign_key
INV00139338,ITEM8576,LOC0003,2025-02-11,4.000,0.000,1.000,0.000,4.000,pcs,orphan_foreign_key
INV00139800,ITEM2003,LOC0006,2025-02-11,3.000,0.000,1.000,0.000,3.000,pcs,orphan_foreign_key
INV00139875,ITEM1547,LOC0007,2025-02-11,7.000,7.000,6.000,4.000,10.000,pcs,orphan_foreign_key
INV00140113,ITEM2004,LOC0009,2025-02-11,7.250,0.000,2.290,1.500,5.750,kg,orphan_foreign_key
INV00140860,ITEM3768,LOC0014,2025-02-11,1.630,0.000,0.350,0.000,1.630,liters,orphan_foreign_key
INV00140878,ITEM8194,LOC0015,2025-02-11,5.000,0.000,2.000,2.000,3.000,pcs,orphan_foreign_key
INV00141592,ITEM0659,LOC0020,2025-02-11,4.000,0.000,1.000,0.000,4.000,pcs,orphan_foreign_key
INV00142550,ITEM3762,LOC0002,2025-02-12,1.250,0.000,0.900,0.900,0.350,kg,orphan_foreign_key
INV00142951,ITEM9290,LOC0005,2025-02-12,1.370,0.000,0.330,0.300,1.070,kg,orphan_foreign_key
INV00143195,ITEM7751,LOC0006,2025-02-12,3.000,0.000,1.000,0.000,3.000,pcs,orphan_foreign_key
INV00143575,ITEM7264,LOC0009,2025-02-12,0.390,0.420,0.350,0.350,0.460,liters,orphan_foreign_key
INV00143780,ITEM9387,LOC0011,2025-02-12,2.310,0.000,0.140,0.000,2.310,kg,orphan_foreign_key
INV00143942,ITEM1524,LOC0012,2025-02-12,3.000,0.000,1.000,0.000,3.000,pcs,orphan_foreign_key
INV00143943,ITEM6195,LOC0012,2025-02-12,6.000,0.000,1.000,0.000,6.000,pcs,orphan_foreign_key
INV00144165,ITEM6540,LOC0014,2025-02-12,0.320,0.000,0.100,0.000,0.320,kg,orphan_foreign_key
INV00144395,ITEM4530,LOC0015,2025-02-12,3.620,0.000,0.350,0.350,3.270,liters,orphan_foreign_key
INV00144790,ITEM6348,LOC0018,2025-02-12,2.560,0.000,0.290,0.000,2.560,liters,orphan_foreign_key
INV00144949,ITEM8037,LOC0019,2025-02-12,10.000,0.000,6.000,5.000,5.000,pcs,orphan_foreign_key
INV00146224,ITEM8377,LOC0004,2025-02-13,5.700,19.200,8.500,8.500,16.400,kg,orphan_foreign_key
INV00147418,ITEM1585,LOC0013,2025-02-13,2.260,0.000,0.360,0.300,1.960,kg,orphan_foreign_key
INV00148026,ITEM5087,LOC0017,2025-02-13,1.870,0.000,1.200,1.050,0.820,kg,orphan_foreign_key
INV00148883,ITEM1464,LOC0023,2025-02-13,9.000,0.000,2.000,0.000,9.000,pcs,orphan_foreign_key
INV00149106,ITEM8811,LOC0025,2025-02-13,2.000,0.000,1.000,0.000,2.000,pcs,orphan_foreign_key
INV00149755,ITEM1233,LOC0005,2025-02-14,0.560,1.810,0.800,0.800,1.570,kg,orphan_foreign_key
INV00149846,ITEM2714,LOC0006,2025-02-14,6.000,0.000,1.000,0.000,6.000,pcs,orphan_foreign_key
INV00149958,ITEM8889,LOC0006,2025-02-14,1.690,0.000,0.110,0.000,1.690,liters,orphan_foreign_key
INV00150219,ITEM5809,LOC0008,2025-02-14,0.950,0.000,0.770,0.700,0.250,liters,orphan_foreign_key
INV00150386,ITEM6996,LOC0010,2025-02-14,0.360,0.000,0.210,0.000,0.360,liters,orphan_foreign_key
INV00150943,ITEM5717,LOC0014,2025-02-14,0.960,0.000,0.080,0.000,0.960,kg,orphan_foreign_key
INV00151970,ITEM3031,LOC0021,2025-02-14,2.000,0.000,1.000,0.000,2.000,pcs,orphan_foreign_key
INV00152120,ITEM3114,LOC0022,2025-02-14,1.480,0.000,0.250,0.250,1.230,liters,orphan_foreign_key
INV00152499,ITEM3756,LOC0025,2025-02-14,2.000,0.000,1.000,0.000,2.000,pcs,orphan_foreign_key
INV00152810,ITEM9845,LOC0002,2025-02-15,15.000,0.000,12.000,10.000,5.000,pcs,orphan_foreign_key
INV00154919,ITEM0825,LOC0018,2025-02-15,5.000,0.000,1.000,0.000,4.000,pcs,orphan_foreign_key
INV00155147,ITEM2659,LOC0020,2025-02-15,4.000,0.000,1.000,0.000,4.000,pcs,orphan_foreign_key
INV00155936,ITEM2426,LOC0025,2025-02-15,2.000,7.000,4.000,3.000,6.000,pcs,orphan_foreign_key
INV00156211,ITEM2151,LOC0002,2025-02-16,6.000,0.000,4.000,4.000,2.000,pcs,orphan_foreign_key
INV00156288,ITEM7675,LOC0003,2025-02-16,13.000,0.000,2.000,1.000,12.000,pcs,orphan_foreign_key
INV00156705,ITEM4833,LOC0006,2025-02-16,1.650,0.000,0.030,0.000,1.650,kg,orphan_foreign_key
INV00156781,ITEM9141,LOC0007,2025-02-16,3.000,0.000,1.000,0.000,3.000,pcs,orphan_foreign_key
INV00157558,ITEM2829,LOC0012,2025-02-16,5.000,0.000,1.000,0.000,5.000,pcs,orphan_foreign_key
INV00157707,ITEM0831,LOC0014,2025-02-16,0.590,0.000,0.100,0.000,0.590,liters,orphan_foreign_key
INV00157741,ITEM5803,LOC0014,2025-02-16,6.090,0.000,3.000,3.000,3.090,kg,orphan_foreign_key
INV00157915,ITEM1982,LOC0015,2025-02-16,4.000,0.000,1.000,1.000,3.000,pcs,orphan_foreign_key
INV00157957,ITEM9622,LOC0015,2025-02-16,9.000,0.000,4.000,2.000,7.000,pcs,orphan_foreign_key
INV00158081,ITEM0650,LOC0016,2025-02-16,22.840,0.000,7.790,7.350,15.490,liters,orphan_foreign_key
INV00158089,ITEM3174,LOC0016,2025-02-16,0.790,3.850,2.100,2.100,2.540,liters,orphan_foreign_key
INV00158410,ITEM5871,LOC0019,2025-02-16,0.360,0.000,0.090,0.000,0.360,kg,orphan_foreign_key
INV00158416,ITEM0546,LOC0019,2025-02-16,1.750,0.000,1.000,1.000,0.750,kg,orphan_foreign_key
INV00159840,ITEM6784,LOC0004,2025-02-17,7.200,0.000,1.020,0.500,6.700,liters,orphan_foreign_key
INV00160230,ITEM4932,LOC0007,2025-02-17,8.000,0.000,1.000,0.000,8.000,pcs,orphan_foreign_key
INV00160407,ITEM0241,LOC0009,2025-02-17,3.000,0.000,1.000,0.000,3.000,pcs,orphan_foreign_key
INV00160724,ITEM7828,LOC0011,2025-02-17,1.150,0.000,0.560,0.000,1.150,kg,orphan_foreign_key
INV00161215,ITEM0352,LOC0014,2025-02-17,13.000,0.000,2.000,0.000,13.000,pcs,orphan_foreign_key
INV00161246,ITEM3748,LOC0015,2025-02-17,1.320,0.000,0.340,0.300,1.020,kg,orphan_foreign_key
INV00161538,ITEM9071,LOC0017,2025-02-17,1.200,0.000,0.340,0.000,1.200,kg,orphan_foreign_key
INV00162130,ITEM1068,LOC0021,2025-02-17,2.730,0.000,0.030,0.000,2.730,kg,orphan_foreign_key
INV00162805,ITEM7657,LOC0001,2025-02-18,4.000,0.000,1.000,0.000,4.000,pcs,orphan_foreign_key
INV00163270,ITEM4666,LOC0005,2025-02-18,1.000,2.000,1.000,0.000,3.000,pcs,orphan_foreign_key
INV00163618,ITEM3709,LOC0007,2025-02-18,3.000,0.000,2.000,2.000,1.000,pcs,orphan_foreign_key
INV00163730,ITEM8992,LOC0008,2025-02-18,5.000,0.000,1.000,0.000,5.000,pcs,orphan_foreign_key
INV00163969,ITEM4552,LOC0010,2025-02-18,3.550,0.000,1.230,0.500,3.050,kg,orphan_foreign_key
INV00164656,ITEM5366,LOC0015,2025-02-18,0.520,1.120,0.630,0.500,1.140,kg,orphan_foreign_key
INV00164962,ITEM7390,LOC0017,2025-02-18,3.000,0.000,1.000,1.000,2.000,pcs,orphan_foreign_key
INV00166173,ITEM7449,LOC0001,2025-02-19,1.000,2.000,1.000,1.000,2.000,pcs,orphan_foreign_key
INV00166219,ITEM9354,LOC0001,2025-02-19,1.120,0.000,0.080,0.000,1.120,liters,orphan_foreign_key
INV00167465,ITEM7340,LOC0011,2025-02-19,2.210,0.000,0.080,0.000,2.210,liters,orphan_foreign_key
INV00167688,ITEM6375,LOC0012,2025-02-19,11.000,0.000,4.000,2.000,9.000,pcs,orphan_foreign_key
INV00168454,ITEM2344,LOC0018,2025-02-19,0.260,0.000,0.170,0.000,0.260,kg,orphan_foreign_key
INV00168742,ITEM1756,LOC0020,2025-02-19,0.910,1.060,0.800,0.800,1.170,kg,orphan_foreign_key
INV00169339,ITEM1261,LOC0024,2025-02-19,0.310,0.000,0.010,0.000,0.310,liters,orphan_foreign_key
INV00170252,ITEM6032,LOC0006,2025-02-20,2.000,0.000,1.000,0.000,2.000,pcs,orphan_foreign_key
INV00170294,ITEM3077,LOC0006,2025-02-20,0.770,2.160,1.400,1.400,1.530,liters,orphan_foreign_key
INV00170876,ITEM3241,LOC0011,2025-02-20,1.160,0.000,0.040,0.000,1.160,kg,orphan_foreign_key
INV00171028,ITEM5804,LOC0012,2025-02-20,0.930,9.640,4.500,4.500,6.070,kg,orphan_foreign_key
INV00171954,ITEM3927,LOC0019,2025-02-20,4.000,0.000,1.000,0.000,4.000,pcs,orphan_foreign_key
INV00172660,ITEM0171,LOC0024,2025-02-20,0.940,2.560,1.210,1.000,2.360,kg,orphan_foreign_key
INV00172701,ITEM8942,LOC0024,2025-02-20,2.000,0.000,1.000,0.000,2.000,pcs,orphan_foreign_key
INV00172869,ITEM8362,LOC0025,2025-02-20,2.320,0.000,0.510,0.000,2.320,liters,orphan_foreign_key
INV00173017,ITEM0371,LOC0001,2025-02-21,18.000,0.000,5.000,5.000,13.000,pcs,orphan_foreign_key
INV00173068,ITEM5613,LOC0002,2025-02-21,2.520,0.000,0.240,0.000,2.520,kg,orphan_foreign_key
INV00173160,ITEM2168,LOC0002,2025-02-21,10.000,0.000,1.000,0.000,10.000,pcs,orphan_foreign_key
INV00173184,ITEM8270,LOC0003,2025-02-21,3.000,0.000,1.000,0.000,3.000,pcs,orphan_foreign_key
INV00173512,ITEM1250,LOC0005,2025-02-21,3.000,0.000,1.000,0.000,3.000,pcs,orphan_foreign_key
INV00173594,ITEM8848,LOC0006,2025-02-21,0.510,0.000,0.070,0.000,0.510,kg,orphan_foreign_key
INV00173716,ITEM0439,LOC0007,2025-02-21,4.000,0.000,2.000,1.000,3.000,pcs,orphan_foreign_key
INV00174066,ITEM1415,LOC0009,2025-02-21,2.000,0.000,1.000,0.000,2.000,pcs,orphan_foreign_key
INV00174264,ITEM1897,LOC0011,2025-02-21,0.230,0.000,0.100,0.000,0.230,kg,orphan_foreign_key
INV00174393,ITEM3314,LOC0012,2025-02-21,3.000,0.000,1.000,0.000,3.000,pcs,orphan_foreign_key
INV00175038,ITEM7981,LOC0016,2025-02-21,3.840,0.000,0.700,0.700,3.140,liters,orphan_foreign_key
INV00175418,ITEM2005,LOC0019,2025-02-21,3.920,0.000,1.050,1.050,2.870,kg,orphan_foreign_key
INV00175697,ITEM0890,LOC0021,2025-02-21,6.000,0.000,1.000,0.000,6.000,pcs,orphan_foreign_key
INV00175941,ITEM7219,LOC0023,2025-02-21,3.000,0.000,2.000,0.000,3.000,pcs,orphan_foreign_key
INV00176121,ITEM4471,LOC0024,2025-02-21,1.410,0.000,0.750,0.750,0.660,liters,orphan_foreign_key
INV00176700,ITEM4400,LOC0004,2025-02-22,2.820,0.000,0.150,0.000,2.820,liters,orphan_foreign_key
INV00176930,ITEM4466,LOC0005,2025-02-22,1.410,0.000,0.360,0.250,1.160,liters,orphan_foreign_key
INV00177526,ITEM9709,LOC0010,2025-02-22,1.380,0.000,0.350,0.300,1.080,kg,orphan_foreign_key
INV00177622,ITEM7576,LOC0010,2025-02-22,2.000,4.000,2.000,0.000,6.000,pcs,orphan_foreign_key
INV00177714,ITEM2750,LOC0011,2025-02-22,0.730,0.000,0.050,0.000,0.730,kg,orphan_foreign_key
INV00177848,ITEM8218,LOC0012,2025-02-22,0.940,0.000,0.080,0.000,0.940,kg,orphan_foreign_key
INV00177902,ITEM5298,LOC0013,2025-02-22,3.000,0.000,2.000,0.000,3.000,pcs,orphan_foreign_key
INV00178102,ITEM6238,LOC0014,2025-02-22,3.000,0.000,1.000,0.000,3.000,pcs,orphan_foreign_key
INV00178377,ITEM0812,LOC0016,2025-02-22,3.000,0.000,1.000,0.000,3.000,pcs,orphan_foreign_key
INV00178398,ITEM7475,LOC0016,2025-02-22,0.710,0.000,0.050,0.000,0.710,kg,orphan_foreign_key
INV00178478,ITEM1249,LOC0017,2025-02-22,1.330,0.000,0.300,0.300,1.030,kg,orphan_foreign_key
INV00178641,ITEM5592,LOC0018,2025-02-22,5.000,0.000,2.000,1.000,4.000,pcs,orphan_foreign_key
INV00178661,ITEM9221,LOC0018,2025-02-22,5.000,0.000,1.000,0.000,5.000,pcs,orphan_foreign_key
INV00179435,ITEM5401,LOC0024,2025-02-22,0.830,0.000,0.100,0.000,0.830,kg,orphan_foreign_key
INV00179488,ITEM6046,LOC0024,2025-02-22,1.170,0.000,0.020,0.000,1.170,kg,orphan_foreign_key
INV00179860,ITEM0763,LOC0002,2025-02-23,2.840,0.000,1.600,1.600,1.240,kg,orphan_foreign_key
INV00180380,ITEM3892,LOC0006,2025-02-23,0.850,0.000,0.090,0.000,0.850,kg,orphan_foreign_key
INV00180560,ITEM0339,LOC0007,2025-02-23,3.000,0.000,1.000,0.000,3.000,pcs,orphan_foreign_key
INV00180834,ITEM5142,LOC0009,2025-02-23,0.400,0.000,0.040,0.000,0.400,kg,orphan_foreign_key
INV00181908,ITEM5547,LOC0017,2025-02-23,7.000,0.000,1.000,0.000,7.000,pcs,orphan_foreign_key
INV00181927,ITEM5657,LOC0017,2025-02-23,0.590,0.000,0.030,0.000,0.590,kg,orphan_foreign_key
INV00182059,ITEM0387,LOC0018,2025-02-23,2.470,0.000,0.190,0.000,2.470,kg,orphan_foreign_key
INV00182120,ITEM5574,LOC0019,2025-02-23,0.820,0.000,0.070,0.000,0.820,liters,orphan_foreign_key
INV00182292,ITEM2275,LOC0020,2025-02-23,2.770,0.000,0.170,0.000,2.770,kg,orphan_foreign_key
INV00182310,ITEM2269,LOC0020,2025-02-23,3.000,0.000,1.000,0.000,3.000,pcs,orphan_foreign_key
INV00182360,ITEM8267,LOC0020,2025-02-23,1.610,0.000,0.700,0.700,0.910,liters,orphan_foreign_key
INV00182412,ITEM5414,LOC0021,2025-02-23,0.400,0.000,0.130,0.000,0.400,kg,orphan_foreign_key
INV00182648,ITEM1676,LOC0022,2025-02-23,3.000,9.000,4.000,4.000,8.000,pcs,orphan_foreign_key
INV00183339,ITEM1068,LOC0003,2025-02-24,2.000,0.000,1.000,0.000,2.000,pcs,orphan_foreign_key
INV00183415,ITEM5398,LOC0003,2025-02-24,4.000,0.000,1.000,0.000,4.000,pcs,orphan_foreign_key
INV00183503,ITEM5048,LOC0004,2025-02-24,0.880,0.000,0.090,0.000,0.880,kg,orphan_foreign_key
INV00184205,ITEM3334,LOC0009,2025-02-24,7.000,0.000,2.000,2.000,5.000,pcs,orphan_foreign_key
INV00184278,ITEM9074,LOC0010,2025-02-24,3.000,0.000,1.000,0.000,3.000,pcs,orphan_foreign_key
INV00184311,ITEM0859,LOC0010,2025-02-24,1.810,0.000,0.510,0.500,1.310,kg,orphan_foreign_key
INV00184438,ITEM4886,LOC0011,2025-02-24,0.930,0.000,0.290,0.000,0.930,kg,orphan_foreign_key
INV00184869,ITEM5460,LOC0014,2025-02-24,2.310,0.000,0.190,0.000,2.220,kg,orphan_foreign_key
INV00184872,ITEM0592,LOC0014,2025-02-24,3.880,0.000,0.460,0.000,3.880,kg,orphan_foreign_key
INV00185438,ITEM4776,LOC0018,2025-02-24,6.000,0.000,1.000,0.000,6.000,pcs,orphan_foreign_key
INV00185719,ITEM9894,LOC0020,2025-02-24,2.000,3.000,2.000,1.000,4.000,pcs,orphan_foreign_key
INV00186201,ITEM5815,LOC0024,2025-02-24,3.000,0.000,1.000,0.000,3.000,pcs,orphan_foreign_key
INV00186399,ITEM9396,LOC0025,2025-02-24,3.000,0.000,1.000,0.000,3.000,pcs,orphan_foreign_key
INV00187862,ITEM5541,LOC0011,2025-02-25,2.000,0.000,1.000,0.000,2.000,pcs,orphan_foreign_key
INV00188225,ITEM2888,LOC0014,2025-02-25,4.000,0.000,1.000,0.000,4.000,pcs,orphan_foreign_key
INV00189105,ITEM9288,LOC0020,2025-02-25,4.000,0.000,2.000,2.000,2.000,pcs,orphan_foreign_key
INV00189414,ITEM4453,LOC0022,2025-02-25,1.430,0.000,0.110,0.000,1.430,liters,orphan_foreign_key
INV00189943,ITEM7987,LOC0001,2025-02-26,3.000,0.000,2.000,2.000,1.000,pcs,orphan_foreign_key
INV00190133,ITEM0337,LOC0003,2025-02-26,7.000,0.000,1.000,0.000,7.000,pcs,orphan_foreign_key
INV00190262,ITEM1814,LOC0004,2025-02-26,0.760,0.000,0.300,0.300,0.460,liters,orphan_foreign_key
INV00190391,ITEM0408,LOC0005,2025-02-26,3.000,0.000,1.000,0.000,3.000,pcs,orphan_foreign_key
INV00190656,ITEM0643,LOC0007,2025-02-26,8.000,0.000,4.000,4.000,4.000,pcs,orphan_foreign_key
INV00190837,ITEM4769,LOC0008,2025-02-26,2.130,0.000,1.250,1.200,0.930,kg,orphan_foreign_key
INV00191045,ITEM2154,LOC0009,2025-02-26,9.000,0.000,3.000,2.000,7.000,pcs,orphan_foreign_key
INV00191112,ITEM8715,LOC0010,2025-02-26,3.000,0.000,1.000,0.000,3.000,pcs,orphan_foreign_key
INV00191588,ITEM6478,LOC0013,2025-02-26,20.000,0.000,5.000,5.000,15.000,pcs,orphan_foreign_key
INV00192851,ITEM6722,LOC0023,2025-02-26,1.530,0.000,1.200,1.200,0.330,kg,orphan_foreign_key
INV00192874,ITEM4925,LOC0023,2025-02-26,1.310,0.000,0.400,0.400,0.910,kg,orphan_foreign_key
INV00192934,ITEM2618,LOC0023,2025-02-26,3.420,0.000,1.500,1.500,1.920,liters,orphan_foreign_key
INV00193224,ITEM4149,LOC0025,2025-02-26,5.000,0.000,2.000,1.000,4.000,pcs,orphan_foreign_key
INV00193463,ITEM6975,LOC0002,2025-02-27,1.000,2.000,1.000,0.000,3.000,pcs,orphan_foreign_key
INV00194074,ITEM0388,LOC0007,2025-02-27,0.830,0.000,0.120,0.000,0.830,kg,orphan_foreign_key
INV00194116,ITEM6569,LOC0007,2025-02-27,5.000,0.000,1.000,0.000,5.000,pcs,orphan_foreign_key
INV00194987,ITEM3070,LOC0014,2025-02-27,9.000,0.000,1.000,0.000,9.000,pcs,orphan_foreign_key
INV00195275,ITEM0250,LOC0016,2025-02-27,0.260,0.780,0.400,0.300,0.740,liters,orphan_foreign_key
INV00195749,ITEM0411,LOC0019,2025-02-27,6.000,0.000,1.000,0.000,6.000,pcs,orphan_foreign_key
INV00195760,ITEM0481,LOC0019,2025-02-27,3.000,0.000,1.000,0.000,3.000,pcs,orphan_foreign_key
INV00196388,ITEM4430,LOC0024,2025-02-27,0.540,0.000,0.090,0.000,0.540,kg,orphan_foreign_key
INV00196404,ITEM7329,LOC0024,2025-02-27,0.070,0.110,0.060,0.000,0.180,kg,orphan_foreign_key
INV00197164,ITEM3483,LOC0005,2025-02-28,5.000,0.000,3.000,0.000,5.000,pcs,orphan_foreign_key
INV00197444,ITEM1903,LOC0007,2025-02-28,2.000,0.000,1.000,0.000,2.000,pcs,orphan_foreign_key
INV00197670,ITEM1478,LOC0008,2025-02-28,1.290,0.000,0.710,0.500,0.790,liters,orphan_foreign_key
INV00200128,ITEM3726,LOC0001,2025-03-01,0.370,0.000,0.160,0.000,0.370,liters,orphan_foreign_key
INV00200342,ITEM4815,LOC0003,2025-03-01,13.000,0.000,6.000,5.000,8.000,pcs,orphan_foreign_key
INV00200607,ITEM9761,LOC0005,2025-03-01,2.020,4.050,2.800,2.800,3.270,kg,orphan_foreign_key
INV00200886,ITEM5300,LOC0007,2025-03-01,21.000,0.000,8.000,7.000,14.000,pcs,orphan_foreign_key
INV00200913,ITEM6163,LOC0007,2025-03-01,2.390,0.000,0.040,0.000,2.390,kg,orphan_foreign_key
INV00200954,ITEM9791,LOC0007,2025-03-01,22.000,0.000,13.000,7.000,15.000,pcs,orphan_foreign_key
INV00201082,ITEM3437,LOC0008,2025-03-01,9.000,12.000,10.000,10.000,11.000,pcs,orphan_foreign_key
INV00201877,ITEM5839,LOC0014,2025-03-01,2.090,8.520,4.400,3.850,6.760,liters,orphan_foreign_key
INV00202228,ITEM5504,LOC0017,2025-03-01,1.310,2.690,1.600,1.600,2.400,kg,orphan_foreign_key
INV00202598,ITEM4803,LOC0020,2025-03-01,0.320,0.930,0.600,0.600,0.650,liters,orphan_foreign_key
INV00203035,ITEM6785,LOC0023,2025-03-01,6.960,0.000,2.500,2.500,4.460,kg,orphan_foreign_key
INV00204295,ITEM7222,LOC0007,2025-03-02,3.000,5.000,3.000,3.000,5.000,pcs,orphan_foreign_key
INV00204371,ITEM4534,LOC0008,2025-03-02,2.000,0.000,1.000,0.000,2.000,pcs,orphan_foreign_key
INV00204382,ITEM6742,LOC0008,2025-03-02,2.650,0.000,0.620,0.600,2.050,kg,orphan_foreign_key
INV00204395,ITEM7159,LOC0008,2025-03-02,10.730,0.000,0.920,0.000,10.730,kg,orphan_foreign_key
INV00205300,ITEM0288,LOC0015,2025-03-02,0.170,0.000,0.100,0.000,0.170,liters,orphan_foreign_key
INV00205816,ITEM2428,LOC0018,2025-03-02,2.910,4.690,2.700,2.450,5.150,liters,orphan_foreign_key
INV00205976,ITEM5627,LOC0020,2025-03-02,6.000,0.000,3.000,2.000,4.000,pcs,orphan_foreign_key
INV00206222,ITEM4116,LOC0021,2025-03-02,0.590,0.000,0.020,0.000,0.590,liters,orphan_foreign_key
INV00206304,ITEM5124,LOC0022,2025-03-02,0.250,0.000,0.120,0.000,0.250,kg,orphan_foreign_key
INV00206717,ITEM2757,LOC0025,2025-03-02,7.000,0.000,1.000,0.000,7.000,pcs,orphan_foreign_key
INV00206831,ITEM5613,LOC0001,2025-03-03,3.200,0.000,2.500,2.500,0.700,kg,orphan_foreign_key
INV00207389,ITEM8250,LOC0005,2025-03-03,3.000,9.000,4.000,2.000,10.000,pcs,orphan_foreign_key
INV00207509,ITEM7866,LOC0006,2025-03-03,0.800,0.000,0.500,0.500,0.300,kg,orphan_foreign_key
INV00207898,ITEM8107,LOC0009,2025-03-03,1.420,0.000,0.600,0.600,0.820,kg,orphan_foreign_key
INV00207955,ITEM9266,LOC0009,2025-03-03,1.330,0.000,0.070,0.000,1.290,kg,orphan_foreign_key
INV00208591,ITEM6198,LOC0014,2025-03-03,2.170,0.000,0.500,0.000,2.170,kg,orphan_foreign_key
INV00208729,ITEM1024,LOC0015,2025-03-03,0.880,0.000,0.600,0.500,0.380,kg,orphan_foreign_key
INV00208991,ITEM9646,LOC0017,2025-03-03,0.400,0.000,0.300,0.300,0.100,kg,orphan_foreign_key
INV00209199,ITEM1489,LOC0018,2025-03-03,0.600,0.000,0.500,0.500,0.100,liters,orphan_foreign_key
INV00209244,ITEM6206,LOC0019,2025-03-03,7.000,0.000,1.000,0.000,6.000,pcs,orphan_foreign_key
INV00209324,ITEM4302,LOC0019,2025-03-03,6.000,0.000,1.000,0.000,6.000,pcs,orphan_foreign_key
INV00209332,ITEM4580,LOC0019,2025-03-03,1.630,0.000,0.250,0.000,1.630,liters,orphan_foreign_key
INV00209508,ITEM1604,LOC0021,2025-03-03,2.000,0.000,1.000,0.000,2.000,pcs,orphan_foreign_key
INV00210608,ITEM5341,LOC0004,2025-03-04,3.000,0.000,1.000,0.000,3.000,pcs,orphan_foreign_key
INV00211305,ITEM7856,LOC0009,2025-03-04,2.880,0.000,0.800,0.800,2.080,kg,orphan_foreign_key
INV00211532,ITEM2357,LOC0011,2025-03-04,4.000,0.000,1.000,0.000,4.000,pcs,orphan_foreign_key
INV00211537,ITEM2147,LOC0011,2025-03-04,1.370,0.000,0.130,0.000,1.370,liters,orphan_foreign_key
INV00211590,ITEM4464,LOC0011,2025-03-04,2.000,0.000,1.000,0.000,1.000,pcs,orphan_foreign_key
INV00211601,ITEM0390,LOC0011,2025-03-04,5.000,0.000,1.000,0.000,5.000,pcs,orphan_foreign_key
INV00211841,ITEM8618,LOC0013,2025-03-04,3.020,9.440,5.000,3.500,8.960,kg,orphan_foreign_key
INV00211884,ITEM9983,LOC0013,2025-03-04,3.000,0.000,1.000,0.000,3.000,pcs,orphan_foreign_key
INV00212063,ITEM2375,LOC0014,2025-03-04,3.000,0.000,1.000,0.000,3.000,pcs,orphan_foreign_key
INV00212535,ITEM2841,LOC0018,2025-03-04,2.240,0.000,1.370,1.200,1.040,kg,orphan_foreign_key
INV00212842,ITEM7523,LOC0020,2025-03-04,2.000,0.000,1.000,0.000,2.000,pcs,orphan_foreign_key
INV00213014,ITEM1942,LOC0021,2025-03-04,1.400,0.000,0.150,0.000,1.400,liters,orphan_foreign_key
INV00213058,ITEM6071,LOC0022,2025-03-04,0.810,0.000,0.090,0.000,0.810,kg,orphan_foreign_key
INV00213176,ITEM6070,LOC0023,2025-03-04,1.200,0.000,0.140,0.000,1.200,liters,orphan_foreign_key
INV00213762,ITEM8744,LOC0002,2025-03-05,1.480,3.870,2.000,2.000,3.350,kg,orphan_foreign_key
INV00213773,ITEM6903,LOC0002,2025-03-05,2.000,0.000,1.000,0.000,2.000,pcs,orphan_foreign_key
INV00213926,ITEM2971,LOC0003,2025-03-05,3.000,0.000,1.000,0.000,3.000,pcs,orphan_foreign_key
INV00213949,ITEM8211,LOC0003,2025-03-05,3.030,0.000,0.430,0.250,2.780,liters,orphan_foreign_key
INV00214098,ITEM6109,LOC0004,2025-03-05,0.970,1.220,0.870,0.700,1.490,liters,orphan_foreign_key
INV00214486,ITEM6697,LOC0007,2025-03-05,8.000,0.000,4.000,4.000,4.000,pcs,orphan_foreign_key
INV00215053,ITEM7710,LOC0011,2025-03-05,8.000,0.000,1.000,0.000,8.000,pcs,orphan_foreign_key
INV00215678,ITEM1452,LOC0016,2025-03-05,2.000,0.000,1.000,0.000,2.000,pcs,orphan_foreign_key
INV00216159,ITEM1220,LOC0020,2025-03-05,1.230,0.000,0.040,0.000,1.230,liters,orphan_foreign_key
INV00216556,ITEM3168,LOC0022,2025-03-05,2.000,3.000,2.000,1.000,4.000,pcs,orphan_foreign_key
INV00216598,ITEM5269,LOC0023,2025-03-05,0.620,0.000,0.120,0.000,0.620,kg,orphan_foreign_key
INV00217197,ITEM3296,LOC0002,2025-03-06,3.000,0.000,2.000,1.000,2.000,pcs,orphan_foreign_key
INV00217219,ITEM8254,LOC0002,2025-03-06,2.910,0.000,0.350,0.000,2.910,liters,orphan_foreign_key
INV00218640,ITEM2545,LOC0013,2025-03-06,6.000,13.000,9.000,9.000,10.000,pcs,orphan_foreign_key
INV00218885,ITEM2616,LOC0015,2025-03-06,0.070,1.610,0.640,0.600,1.080,kg,orphan_foreign_key
INV00219121,ITEM1076,LOC0016,2025-03-06,5.000,0.000,2.000,1.000,4.000,pcs,orphan_foreign_key
INV00219343,ITEM3138,LOC0018,2025-03-06,2.760,0.000,0.070,0.000,2.760,kg,orphan_foreign_key
INV00219546,ITEM8219,LOC0020,2025-03-06,0.300,0.480,0.300,0.300,0.480,liters,orphan_foreign_key
INV00219567,ITEM2432,LOC0020,2025-03-06,2.330,0.000,0.990,0.600,1.620,kg,orphan_foreign_key
INV00220170,ITEM5116,LOC0024,2025-03-06,0.850,0.000,0.020,0.000,0.850,kg,orphan_foreign_key
INV00220456,ITEM4637,LOC0001,2025-03-07,1.290,0.000,0.650,0.250,1.040,liters,orphan_foreign_key
INV00220992,ITEM2581,LOC0005,2025-03-07,2.000,0.000,1.000,0.000,2.000,pcs,orphan_foreign_key
INV00221324,ITEM1867,LOC0008,2025-03-07,3.000,0.000,1.000,0.000,3.000,pcs,orphan_foreign_key
INV00221370,ITEM1535,LOC0008,2025-03-07,6.000,0.000,1.000,0.000,6.000,pcs,orphan_foreign_key
INV00221401,ITEM2908,LOC0008,2025-03-07,1.750,0.000,0.750,0.750,1.000,liters,orphan_foreign_key
INV00222024,ITEM2683,LOC0013,2025-03-07,2.100,11.820,4.800,4.800,9.120,kg,orphan_foreign_key
INV00222544,ITEM9180,LOC0017,2025-03-07,0.650,0.000,0.080,0.000,0.650,kg,orphan_foreign_key
INV00222823,ITEM8696,LOC0019,2025-03-07,4.930,0.000,3.700,3.000,1.610,kg,orphan_foreign_key
INV00223224,ITEM0585,LOC0022,2025-03-07,6.000,0.000,1.000,0.000,6.000,pcs,orphan_foreign_key
INV00223617,ITEM0477,LOC0025,2025-03-07,5.000,0.000,2.000,1.000,4.000,pcs,orphan_foreign_key
INV00223669,ITEM4689,LOC0025,2025-03-07,5.000,0.000,1.000,0.000,5.000,pcs,orphan_foreign_key
INV00225007,ITEM3591,LOC0010,2025-03-08,0.980,0.000,0.130,0.000,0.980,kg,orphan_foreign_key
INV00225212,ITEM8307,LOC0011,2025-03-08,5.000,0.000,3.000,3.000,2.000,pcs,orphan_foreign_key
INV00225463,ITEM4931,LOC0013,2025-03-08,0.960,0.000,0.300,0.000,0.960,liters,orphan_foreign_key
INV00225635,ITEM4796,LOC0015,2025-03-08,3.000,0.000,1.000,0.000,3.000,pcs,orphan_foreign_key
INV00225639,ITEM9579,LOC0015,2025-03-08,4.000,0.000,1.000,0.000,4.000,pcs,orphan_foreign_key
INV00226701,ITEM9444,LOC0022,2025-03-08,0.970,3.420,1.500,1.500,2.890,liters,orphan_foreign_key
INV00226716,ITEM7311,LOC0022,2025-03-08,2.480,0.000,0.940,0.700,1.780,liters,orphan_foreign_key
INV00227205,ITEM7255,LOC0001,2025-03-09,7.000,0.000,1.000,0.000,7.000,pcs,orphan_foreign_key
INV00227276,ITEM3088,LOC0002,2025-03-09,8.000,0.000,2.000,1.000,7.000,pcs,orphan_foreign_key
INV00227424,ITEM7144,LOC0003,2025-03-09,2.000,0.000,1.000,0.000,2.000,pcs,orphan_foreign_key
INV00227431,ITEM4058,LOC0003,2025-03-09,2.010,10.940,5.280,3.000,9.950,kg,orphan_foreign_key
INV00227946,ITEM5743,LOC0007,2025-03-09,2.000,0.000,1.000,0.000,2.000,pcs,orphan_foreign_key
INV00228315,ITEM3941,LOC0009,2025-03-09,0.180,2.750,1.000,1.000,1.930,liters,orphan_foreign_key
INV00228908,ITEM5110,LOC0014,2025-03-09,2.000,0.000,1.000,0.000,2.000,pcs,orphan_foreign_key
INV00228914,ITEM9506,LOC0014,2025-03-09,0.300,1.470,0.810,0.600,1.170,kg,orphan_foreign_key
INV00229184,ITEM3128,LOC0016,2025-03-09,1.000,0.000,0.250,0.000,1.000,kg,orphan_foreign_key
INV00229313,ITEM3071,LOC0017,2025-03-09,3.000,0.000,1.000,1.000,2.000,pcs,orphan_foreign_key
INV00230045,ITEM6952,LOC0022,2025-03-09,6.000,0.000,1.000,0.000,6.000,pcs,orphan_foreign_key
INV00230059,ITEM8312,LOC0022,2025-03-09,9.000,0.000,1.000,0.000,9.000,pcs,orphan_foreign_key
INV00230205,ITEM0675,LOC0023,2025-03-09,0.470,0.000,0.350,0.350,0.120,kg,orphan_foreign_key
INV00230269,ITEM2201,LOC0024,2025-03-09,5.000,0.000,2.000,1.000,4.000,pcs,orphan_foreign_key
INV00230962,ITEM2488,LOC0004,2025-03-10,3.680,0.000,0.810,0.600,3.080,kg,orphan_foreign_key
INV00231362,ITEM6777,LOC0007,2025-03-10,1.000,2.000,1.000,0.000,3.000,pcs,orphan_foreign_key
INV00231552,ITEM9180,LOC0008,2025-03-10,1.000,2.000,1.000,0.000,3.000,pcs,orphan_foreign_key
INV00231629,ITEM5464,LOC0009,2025-03-10,0.000,3.000,1.000,0.000,3.000,pcs,orphan_foreign_key
INV00232777,ITEM3579,LOC0017,2025-03-10,5.000,0.000,1.000,0.000,5.000,pcs,orphan_foreign_key
INV00233208,ITEM9841,LOC0020,2025-03-10,3.000,0.000,1.000,0.000,3.000,pcs,orphan_foreign_key
INV00233217,ITEM8556,LOC0020,2025-03-10,3.000,0.000,2.000,2.000,1.000,pcs,orphan_foreign_key
INV00233240,ITEM4970,LOC0020,2025-03-10,2.000,0.000,1.000,0.000,2.000,pcs,orphan_foreign_key
INV00233323,ITEM9951,LOC0021,2025-03-10,4.000,0.000,2.000,0.000,4.000,pcs,orphan_foreign_key
INV00233656,ITEM6135,LOC0023,2025-03-10,13.000,0.000,2.000,1.000,12.000,pcs,orphan_foreign_key
INV00233667,ITEM7873,LOC0024,2025-03-10,7.000,0.000,1.000,0.000,7.000,pcs,orphan_foreign_key
INV00233745,ITEM2401,LOC0024,2025-03-10,2.000,0.000,1.000,0.000,2.000,pcs,orphan_foreign_key
INV00234075,ITEM8089,LOC0002,2025-03-11,2.000,0.000,1.000,0.000,2.000,pcs,orphan_foreign_key
INV00235197,ITEM3787,LOC0010,2025-03-11,0.150,0.510,0.230,0.000,0.660,kg,orphan_foreign_key
INV00235222,ITEM2109,LOC0010,2025-03-11,3.000,0.000,1.000,0.000,3.000,pcs,orphan_foreign_key
INV00235539,ITEM9215,LOC0012,2025-03-11,1.070,1.530,1.000,1.000,1.600,liters,orphan_foreign_key
INV00235555,ITEM8398,LOC0012,2025-03-11,28.000,0.000,7.000,3.000,25.000,pcs,orphan_foreign_key
INV00235704,ITEM8529,LOC0014,2025-03-11,11.000,0.000,2.000,0.000,11.000,pcs,orphan_foreign_key
INV00235936,ITEM9731,LOC0015,2025-03-11,3.000,0.000,1.000,0.000,3.000,pcs,orphan_foreign_key
INV00236204,ITEM1409,LOC0017,2025-03-11,2.000,3.870,2.100,2.100,3.770,kg,orphan_foreign_key
INV00236329,ITEM3480,LOC0018,2025-03-11,2.000,0.000,1.000,1.000,1.000,pcs,orphan_foreign_key
INV00236378,ITEM6960,LOC0018,2025-03-11,2.000,3.000,2.000,0.000,5.000,pcs,orphan_foreign_key
INV00236397,ITEM1739,LOC0019,2025-03-11,0.140,0.000,0.050,0.000,0.140,liters,orphan_foreign_key
INV00236887,ITEM2080,LOC0022,2025-03-11,2.000,0.000,1.000,0.000,2.000,pcs,orphan_foreign_key
INV00237472,ITEM9608,LOC0001,2025-03-12,4.000,0.000,1.000,0.000,4.000,pcs,orphan_foreign_key
INV00237545,ITEM1816,LOC0002,2025-03-12,3.000,0.000,1.000,0.000,3.000,pcs,orphan_foreign_key
INV00237976,ITEM8421,LOC0005,2025-03-12,0.430,0.000,0.060,0.000,0.430,kg,orphan_foreign_key
INV00238060,ITEM5628,LOC0006,2025-03-12,0.830,0.000,0.060,0.000,0.830,kg,orphan_foreign_key
INV00238329,ITEM2633,LOC0008,2025-03-12,2.000,0.000,1.000,0.000,2.000,pcs,orphan_foreign_key
INV00238468,ITEM6255,LOC0009,2025-03-12,6.370,7.730,5.930,3.500,8.340,kg,orphan_foreign_key
INV00238615,ITEM9720,LOC0010,2025-03-12,0.510,0.000,0.230,0.000,0.510,kg,orphan_foreign_key
INV00239372,ITEM3558,LOC0015,2025-03-12,1.910,0.000,1.050,1.050,0.860,liters,orphan_foreign_key
INV00239772,ITEM2049,LOC0018,2025-03-12,2.350,0.000,0.670,0.500,1.850,liters,orphan_foreign_key
INV00239788,ITEM9032,LOC0018,2025-03-12,15.000,0.000,8.000,3.000,12.000,pcs,orphan_foreign_key
INV00240518,ITEM1208,LOC0024,2025-03-12,0.370,0.000,0.060,0.000,0.370,kg,orphan_foreign_key
INV00240907,ITEM8735,LOC0002,2025-03-13,2.990,0.000,0.090,0.000,2.990,liters,orphan_foreign_key
INV00240915,ITEM5348,LOC0002,2025-03-13,8.000,0.000,1.000,0.000,8.000,pcs,orphan_foreign_key
INV00241131,ITEM7068,LOC0003,2025-03-13,3.000,0.000,1.000,0.000,3.000,pcs,orphan_foreign_key
INV00241920,ITEM2421,LOC0009,2025-03-13,3.000,0.000,2.000,2.000,1.000,pcs,orphan_foreign_key
INV00242227,ITEM0868,LOC0011,2025-03-13,0.630,0.000,0.100,0.000,0.630,liters,orphan_foreign_key
INV00242232,ITEM1721,LOC0011,2025-03-13,0.610,0.000,0.190,0.000,0.610,liters,orphan_foreign_key
INV00242521,ITEM6788,LOC0013,2025-03-13,2.000,0.000,1.000,0.000,2.000,pcs,orphan_foreign_key
INV00242614,ITEM4784,LOC0014,2025-03-13,1.310,0.000,0.050,0.000,1.310,kg,orphan_foreign_key
INV00242909,ITEM9469,LOC0016,2025-03-13,0.350,0.000,0.140,0.000,0.350,liters,orphan_foreign_key
INV00243826,ITEM7026,LOC0023,2025-03-13,1.000,2.000,1.000,0.000,3.000,pcs,orphan_foreign_key
INV00244620,ITEM7707,LOC0004,2025-03-14,0.250,0.000,0.160,0.000,0.250,kg,orphan_foreign_key
INV00244763,ITEM9409,LOC0005,2025-03-14,2.250,4.490,2.900,2.500,4.240,kg,orphan_foreign_key
INV00245042,ITEM2282,LOC0007,2025-03-14,1.030,1.120,1.030,0.500,1.650,kg,orphan_foreign_key
INV00245442,ITEM9458,LOC0010,2025-03-14,2.220,0.000,0.200,0.000,2.220,kg,orphan_foreign_key
INV00245938,ITEM7311,LOC0013,2025-03-14,12.000,0.000,6.000,6.000,6.000,pcs,orphan_foreign_key
INV00246699,ITEM1270,LOC0019,2025-03-14,3.000,0.000,1.000,0.000,3.000,pcs,orphan_foreign_key
INV00246745,ITEM4513,LOC0019,2025-03-14,0.830,0.000,0.150,0.000,0.830,liters,orphan_foreign_key
INV00246942,ITEM5790,LOC0021,2025-03-14,2.320,0.000,0.540,0.300,2.020,kg,orphan_foreign_key
INV00247009,ITEM1857,LOC0021,2025-03-14,0.560,0.000,0.340,0.250,0.310,liters,orphan_foreign_key
INV00247548,ITEM2588,LOC0025,2025-03-14,3.000,0.000,1.000,0.000,3.000,pcs,orphan_foreign_key
INV00247907,ITEM7415,LOC0003,2025-03-15,0.250,0.000,0.160,0.000,0.250,kg,orphan_foreign_key
INV00248067,ITEM0947,LOC0004,2025-03-15,2.000,0.000,1.000,0.000,2.000,pcs,orphan_foreign_key
INV00248147,ITEM9126,LOC0005,2025-03-15,1.220,0.000,0.090,0.000,1.220,liters,orphan_foreign_key
INV00248513,ITEM1831,LOC0007,2025-03-15,0.560,0.000,0.100,0.000,0.560,liters,orphan_foreign_key
INV00248973,ITEM5561,LOC0011,2025-03-15,0.350,1.430,0.700,0.600,1.180,kg,orphan_foreign_key
INV00249037,ITEM2086,LOC0011,2025-03-15,1.000,2.000,1.000,1.000,2.000,pcs,orphan_foreign_key
INV00249632,ITEM2967,LOC0016,2025-03-15,3.000,0.000,1.000,1.000,2.000,pcs,orphan_foreign_key
INV00249743,ITEM1583,LOC0016,2025-03-15,0.670,1.770,1.050,1.050,1.390,liters,orphan_foreign_key
INV00249948,ITEM8100,LOC0018,2025-03-15,0.880,0.000,0.570,0.500,0.380,kg,orphan_foreign_key
INV00250166,ITEM3660,LOC0019,2025-03-15,5.000,0.000,1.000,0.000,5.000,pcs,orphan_foreign_key
INV00250785,ITEM0696,LOC0024,2025-03-15,3.620,0.000,0.850,0.800,2.820,kg,orphan_foreign_key
INV00251010,ITEM1207,LOC0001,2025-03-16,1.780,0.000,0.100,0.000,1.780,liters,orphan_foreign_key
INV00251922,ITEM4837,LOC0007,2025-03-16,5.000,0.000,2.000,2.000,3.000,pcs,orphan_foreign_key
INV00251943,ITEM6883,LOC0007,2025-03-16,3.350,0.000,0.700,0.700,2.650,liters,orphan_foreign_key
INV00252040,ITEM5018,LOC0008,2025-03-16,0.660,1.300,0.780,0.700,1.260,kg,orphan_foreign_key
INV00252077,ITEM1304,LOC0008,2025-03-16,4.000,0.000,1.000,0.000,4.000,pcs,orphan_foreign_key
INV00252675,ITEM8151,LOC0013,2025-03-16,2.100,0.000,0.160,0.000,2.100,kg,orphan_foreign_key
INV00252858,ITEM1541,LOC0014,2025-03-16,0.710,0.750,0.700,0.700,0.760,kg,orphan_foreign_key
INV00253734,ITEM3985,LOC0021,2025-03-16,2.000,0.000,1.000,0.000,2.000,pcs,orphan_foreign_key
INV00254131,ITEM3472,LOC0023,2025-03-16,7.000,0.000,5.000,4.000,3.000,pcs,orphan_foreign_key
INV00254677,ITEM4869,LOC0002,2025-03-17,3.000,0.000,2.000,0.000,2.000,pcs,orphan_foreign_key
INV00255142,ITEM5677,LOC0006,2025-03-17,0.880,0.000,0.260,0.000,0.800,kg,orphan_foreign_key
INV00255412,ITEM6802,LOC0008,2025-03-17,0.630,1.530,0.730,0.500,1.660,kg,orphan_foreign_key
INV00255894,ITEM1897,LOC0011,2025-03-17,1.000,2.000,1.000,0.000,3.000,pcs,orphan_foreign_key
INV00256232,ITEM8837,LOC0014,2025-03-17,1.160,2.910,1.600,1.600,2.470,kg,orphan_foreign_key
INV00256782,ITEM3456,LOC0018,2025-03-17,1.620,0.000,0.340,0.000,1.620,kg,orphan_foreign_key
INV00256803,ITEM2820,LOC0018,2025-03-17,3.000,0.000,1.000,0.000,3.000,pcs,orphan_foreign_key
INV00257296,ITEM0342,LOC0022,2025-03-17,0.830,0.000,0.360,0.300,0.530,liters,orphan_foreign_key
INV00258067,ITEM1511,LOC0002,2025-03-18,0.500,0.000,0.110,0.000,0.500,liters,orphan_foreign_key
INV00258530,ITEM8608,LOC0006,2025-03-18,2.000,0.000,1.000,0.000,2.000,pcs,orphan_foreign_key
INV00258550,ITEM2294,LOC0006,2025-03-18,0.870,2.600,1.220,1.000,2.470,kg,orphan_foreign_key
INV00258668,ITEM5212,LOC0007,2025-03-18,1.000,8.000,4.000,4.000,5.000,pcs,orphan_foreign_key
INV00259264,ITEM3918,LOC0011,2025-03-18,2.000,0.000,1.000,0.000,2.000,pcs,orphan_foreign_key
INV00259539,ITEM2259,LOC0013,2025-03-18,2.000,4.000,2.000,2.000,4.000,pcs,orphan_foreign_key
INV00261149,ITEM9728,LOC0025,2025-03-18,2.440,0.000,0.150,0.000,2.440,kg,orphan_foreign_key
INV00261677,ITEM5846,LOC0004,2025-03-19,3.390,0.000,0.540,0.000,3.390,kg,orphan_foreign_key
INV00261683,ITEM8357,LOC0004,2025-03-19,2.340,0.000,1.640,1.500,0.840,kg,orphan_foreign_key
INV00262361,ITEM9331,LOC0009,2025-03-19,0.870,0.000,0.360,0.000,0.870,kg,orphan_foreign_key
INV00262410,ITEM0425,LOC0009,2025-03-19,0.700,0.000,0.040,0.000,0.700,kg,orphan_foreign_key
INV00262711,ITEM5484,LOC0011,2025-03-19,0.580,0.000,0.260,0.000,0.580,liters,orphan_foreign_key
INV00263461,ITEM2217,LOC0017,2025-03-19,0.570,0.000,0.080,0.000,0.570,kg,orphan_foreign_key
INV00264216,ITEM3534,LOC0022,2025-03-19,0.220,0.000,0.040,0.000,0.220,liters,orphan_foreign_key
INV00264841,ITEM4293,LOC0002,2025-03-20,3.040,0.000,0.200,0.000,3.040,kg,orphan_foreign_key
INV00265180,ITEM4239,LOC0004,2025-03-20,1.420,0.000,0.700,0.700,0.720,liters,orphan_foreign_key
INV00265189,ITEM3959,LOC0004,2025-03-20,2.000,21.000,9.000,8.000,15.000,pcs,orphan_foreign_key
INV00265469,ITEM0729,LOC0006,2025-03-20,3.000,0.000,1.000,0.000,3.000,pcs,orphan_foreign_key
INV00265782,ITEM6236,LOC0009,2025-03-20,3.260,0.000,0.520,0.000,3.260,kg,orphan_foreign_key
INV00266020,ITEM9861,LOC0011,2025-03-20,0.690,0.000,0.090,0.000,0.690,liters,orphan_foreign_key
INV00266036,ITEM8811,LOC0011,2025-03-20,0.690,0.000,0.080,0.000,0.690,kg,orphan_foreign_key
INV00266041,ITEM7386,LOC0011,2025-03-20,0.800,0.000,0.300,0.300,0.500,kg,orphan_foreign_key
INV00267184,ITEM9737,LOC0019,2025-03-20,3.000,0.000,2.000,2.000,1.000,pcs,orphan_foreign_key
INV00267373,ITEM1442,LOC0020,2025-03-20,6.000,0.000,2.000,1.000,5.000,pcs,orphan_foreign_key
INV00268832,ITEM6079,LOC0006,2025-03-21,1.030,0.000,0.120,0.000,1.030,kg,orphan_foreign_key
INV00269237,ITEM2118,LOC0009,2025-03-21,0.150,0.000,0.080,0.000,0.150,kg,orphan_foreign_key
INV00269602,ITEM0570,LOC0012,2025-03-21,1.390,0.000,0.590,0.500,0.890,kg,orphan_foreign_key
INV00269839,ITEM9659,LOC0014,2025-03-21,2.000,0.000,1.000,1.000,1.000,pcs,orphan_foreign_key
INV00270084,ITEM9172,LOC0015,2025-03-21,3.280,8.760,5.250,5.250,6.790,liters,orphan_foreign_key
INV00270244,ITEM4245,LOC0017,2025-03-21,2.000,0.000,1.000,0.000,2.000,pcs,orphan_foreign_key
INV00270310,ITEM5256,LOC0017,2025-03-21,3.000,0.000,1.000,0.000,3.000,pcs,orphan_foreign_key
INV00270495,ITEM8101,LOC0018,2025-03-21,5.170,0.000,2.750,2.450,2.720,liters,orphan_foreign_key
INV00270518,ITEM7973,LOC0019,2025-03-21,2.000,0.000,1.000,1.000,1.000,pcs,orphan_foreign_key
INV00270734,ITEM9775,LOC0020,2025-03-21,3.000,0.000,1.000,0.000,3.000,pcs,orphan_foreign_key
INV00271404,ITEM3299,LOC0025,2025-03-21,3.000,0.000,1.000,0.000,3.000,pcs,orphan_foreign_key
INV00271666,ITEM6466,LOC0002,2025-03-22,1.000,0.000,0.170,0.000,1.000,kg,orphan_foreign_key
INV00272320,ITEM6435,LOC0007,2025-03-22,2.000,0.000,1.000,0.000,2.000,pcs,orphan_foreign_key
INV00272351,ITEM4499,LOC0007,2025-03-22,1.790,0.000,0.130,0.000,1.790,kg,orphan_foreign_key
INV00272970,ITEM3584,LOC0011,2025-03-22,19.000,0.000,2.000,0.000,19.000,pcs,orphan_foreign_key
INV00273093,ITEM0668,LOC0012,2025-03-22,1.740,0.000,0.070,0.000,1.740,liters,orphan_foreign_key
INV00273321,ITEM8341,LOC0014,2025-03-22,2.000,17.000,7.000,7.000,12.000,pcs,orphan_foreign_key
INV00273491,ITEM5982,LOC0015,2025-03-22,0.540,0.000,0.190,0.000,0.540,liters,orphan_foreign_key
INV00274505,ITEM2112,LOC0023,2025-03-22,3.000,0.000,1.000,0.000,2.000,pcs,orphan_foreign_key
INV00275044,ITEM2415,LOC0002,2025-03-23,0.770,0.000,0.400,0.300,0.470,liters,orphan_foreign_key
INV00275607,ITEM4967,LOC0006,2025-03-23,0.790,0.000,0.600,0.600,0.190,kg,orphan_foreign_key
INV00275888,ITEM4738,LOC0008,2025-03-23,6.550,0.000,0.920,0.000,6.550,kg,orphan_foreign_key
INV00276417,ITEM7230,LOC0012,2025-03-23,1.180,0.000,0.440,0.300,0.880,kg,orphan_foreign_key
INV00276726,ITEM8744,LOC0014,2025-03-23,15.000,0.000,3.000,1.000,14.000,pcs,orphan_foreign_key
INV00276749,ITEM5829,LOC0014,2025-03-23,1.340,0.000,0.350,0.350,0.990,kg,orphan_foreign_key
INV00276883,ITEM1694,LOC0015,2025-03-23,0.100,0.000,0.060,0.000,0.100,kg,orphan_foreign_key
INV00277728,ITEM3666,LOC0021,2025-03-23,0.360,0.000,0.070,0.000,0.360,liters,orphan_foreign_key
INV00277800,ITEM0380,LOC0022,2025-03-23,0.840,0.000,0.400,0.000,0.840,kg,orphan_foreign_key
INV00278036,ITEM9730,LOC0024,2025-03-23,5.000,0.000,1.000,0.000,5.000,pcs,orphan_foreign_key
INV00278445,ITEM2266,LOC0002,2025-03-24,3.000,0.000,1.000,0.000,3.000,pcs,orphan_foreign_key
INV00278757,ITEM6065,LOC0004,2025-03-24,3.880,0.000,1.010,1.000,2.880,kg,orphan_foreign_key
INV00278759,ITEM4873,LOC0004,2025-03-24,1.360,0.000,0.350,0.000,1.360,kg,orphan_foreign_key
INV00279142,ITEM1728,LOC0007,2025-03-24,0.240,0.000,0.120,0.000,0.240,liters,orphan_foreign_key
INV00279379,ITEM6421,LOC0008,2025-03-24,4.000,0.000,2.000,0.000,4.000,pcs,orphan_foreign_key
INV00279842,ITEM5571,LOC0012,2025-03-24,1.330,0.000,0.130,0.000,1.330,kg,orphan_foreign_key
INV00280566,ITEM0409,LOC0017,2025-03-24,3.000,0.000,1.000,0.000,3.000,pcs,orphan_foreign_key
INV00280806,ITEM2669,LOC0019,2025-03-24,0.830,0.000,0.220,0.000,0.830,kg,orphan_foreign_key
INV00280854,ITEM1077,LOC0019,2025-03-24,3.000,0.000,1.000,0.000,3.000,pcs,orphan_foreign_key
INV00281837,ITEM2243,LOC0001,2025-03-25,1.140,0.000,0.190,0.000,1.140,liters,orphan_foreign_key
INV00282034,ITEM9445,LOC0003,2025-03-25,1.790,0.000,0.640,0.000,1.790,kg,orphan_foreign_key
INV00282175,ITEM1441,LOC0004,2025-03-25,2.390,4.710,2.400,2.400,4.700,kg,orphan_foreign_key
INV00283127,ITEM2889,LOC0011,2025-03-25,0.580,0.000,0.110,0.000,0.580,kg,orphan_foreign_key
INV00283237,ITEM7734,LOC0012,2025-03-25,0.280,0.000,0.130,0.000,0.280,kg,orphan_foreign_key
INV00283427,ITEM4690,LOC0013,2025-03-25,3.000,0.000,1.000,0.000,3.000,pcs,orphan_foreign_key
INV00283538,ITEM4043,LOC0014,2025-03-25,1.080,0.000,0.180,0.000,1.080,kg,orphan_foreign_key
INV00283660,ITEM7863,LOC0015,2025-03-25,9.010,0.000,2.540,0.500,8.510,kg,orphan_foreign_key
INV00283847,ITEM8231,LOC0016,2025-03-25,1.560,0.000,0.350,0.350,1.210,kg,orphan_foreign_key
INV00284179,ITEM7774,LOC0019,2025-03-25,0.570,0.000,0.040,0.000,0.570,liters,orphan_foreign_key
INV00284211,ITEM2213,LOC0019,2025-03-25,0.890,0.000,0.500,0.500,0.390,kg,orphan_foreign_key
INV00284350,ITEM2835,LOC0020,2025-03-25,3.010,0.000,1.480,0.500,1.690,kg,orphan_foreign_key
INV00284844,ITEM5812,LOC0023,2025-03-25,11.000,42.000,26.000,25.000,27.000,pcs,orphan_foreign_key
INV00284894,ITEM3517,LOC0024,2025-03-25,0.330,0.000,0.040,0.000,0.330,kg,orphan_foreign_key
INV00285216,ITEM7340,LOC0001,2025-03-26,2.020,0.000,0.060,0.000,2.020,kg,orphan_foreign_key
INV00285679,ITEM4341,LOC0005,2025-03-26,1.000,2.000,1.000,0.000,3.000,pcs,orphan_foreign_key
INV00286029,ITEM1375,LOC0007,2025-03-26,2.000,0.000,1.000,0.000,2.000,pcs,orphan_foreign_key
INV00286069,ITEM9903,LOC0007,2025-03-26,1.290,0.000,0.270,0.000,1.290,liters,orphan_foreign_key
INV00286264,ITEM5298,LOC0009,2025-03-26,0.490,0.000,0.130,0.000,0.490,kg,orphan_foreign_key
INV00286282,ITEM1417,LOC0009,2025-03-26,8.000,0.000,2.000,2.000,6.000,pcs,orphan_foreign_key
INV00286613,ITEM1517,LOC0011,2025-03-26,20.000,0.000,7.000,7.000,13.000,pcs,orphan_foreign_key
INV00286640,ITEM8265,LOC0012,2025-03-26,0.490,0.000,0.340,0.300,0.190,liters,orphan_foreign_key
INV00286758,ITEM8144,LOC0012,2025-03-26,13.000,0.000,5.000,5.000,8.000,pcs,orphan_foreign_key
INV00286884,ITEM9924,LOC0013,2025-03-26,11.000,0.000,8.000,5.000,6.000,pcs,orphan_foreign_key
INV00287036,ITEM6650,LOC0015,2025-03-26,2.000,0.000,1.000,0.000,2.000,pcs,orphan_foreign_key
INV00287274,ITEM2742,LOC0016,2025-03-26,2.060,0.000,1.000,1.000,1.060,liters,orphan_foreign_key
INV00288078,ITEM7072,LOC0022,2025-03-26,2.000,0.000,1.000,0.000,2.000,pcs,orphan_foreign_key
INV00288148,ITEM8953,LOC0023,2025-03-26,0.520,0.000,0.120,0.000,0.520,liters,orphan_foreign_key
INV00288350,ITEM9622,LOC0024,2025-03-26,7.000,0.000,1.000,0.000,7.000,pcs,orphan_foreign_key
INV00288400,ITEM5198,LOC0024,2025-03-26,6.000,18.000,8.000,8.000,16.000,pcs,orphan_foreign_key
INV00288418,ITEM6384,LOC0025,2025-03-26,2.000,0.000,1.000,0.000,2.000,pcs,orphan_foreign_key
INV00288468,ITEM4788,LOC0025,2025-03-26,4.000,7.000,5.000,5.000,6.000,pcs,orphan_foreign_key
INV00288558,ITEM1644,LOC0001,2025-03-27,0.550,0.000,0.190,0.000,0.500,liters,orphan_foreign_key
INV00288603,ITEM4990,LOC0001,2025-03-27,3.000,0.000,1.000,0.000,3.000,pcs,orphan_foreign_key
INV00288704,ITEM6882,LOC0002,2025-03-27,2.000,0.000,1.000,0.000,2.000,pcs,orphan_foreign_key
INV00288893,ITEM2849,LOC0003,2025-03-27,3.000,6.000,4.000,2.000,7.000,pcs,orphan_foreign_key
INV00288924,ITEM0699,LOC0003,2025-03-27,0.330,0.000,0.050,0.000,0.330,liters,orphan_foreign_key
INV00289474,ITEM1910,LOC0007,2025-03-27,0.330,0.000,0.120,0.000,0.330,liters,orphan_foreign_key
INV00289505,ITEM8366,LOC0008,2025-03-27,2.000,0.000,1.000,0.000,2.000,pcs,orphan_foreign_key
INV00290137,ITEM4684,LOC0012,2025-03-27,3.000,0.000,1.000,0.000,3.000,pcs,orphan_foreign_key
INV00290239,ITEM2446,LOC0013,2025-03-27,1.000,4.000,2.000,1.000,4.000,pcs,orphan_foreign_key
INV00290280,ITEM4095,LOC0013,2025-03-27,0.460,3.240,1.500,1.500,2.200,liters,orphan_foreign_key
INV00290541,ITEM1512,LOC0015,2025-03-27,5.000,0.000,1.000,0.000,5.000,pcs,orphan_foreign_key
INV00290699,ITEM5950,LOC0016,2025-03-27,3.750,0.000,1.400,1.400,2.350,liters,orphan_foreign_key
INV00290784,ITEM2455,LOC0017,2025-03-27,3.000,0.000,1.000,0.000,3.000,pcs,orphan_foreign_key
INV00290914,ITEM4503,LOC0018,2025-03-27,4.000,0.000,1.000,0.000,4.000,pcs,orphan_foreign_key
INV00291267,ITEM1848,LOC0020,2025-03-27,8.000,0.000,3.000,3.000,5.000,pcs,orphan_foreign_key
INV00291346,ITEM7215,LOC0021,2025-03-27,4.000,0.000,1.000,0.000,4.000,pcs,orphan_foreign_key
INV00292164,ITEM9336,LOC0002,2025-03-28,2.000,0.000,1.000,0.000,2.000,pcs,orphan_foreign_key
INV00293602,ITEM6952,LOC0013,2025-03-28,1.400,0.000,0.190,0.000,1.400,liters,orphan_foreign_key
INV00294563,ITEM4317,LOC0020,2025-03-28,0.800,0.000,0.220,0.000,0.660,liters,orphan_foreign_key
INV00295133,ITEM8409,LOC0024,2025-03-28,0.330,0.000,0.040,0.000,0.330,kg,orphan_foreign_key
INV00295544,ITEM0646,LOC0002,2025-03-29,12.480,0.000,3.520,2.000,9.800,kg,orphan_foreign_key
INV00296273,ITEM1274,LOC0007,2025-03-29,2.000,0.000,1.000,0.000,2.000,pcs,orphan_foreign_key
INV00296657,ITEM6359,LOC0010,2025-03-29,2.000,0.000,1.000,0.000,2.000,pcs,orphan_foreign_key
INV00296675,ITEM4371,LOC0010,2025-03-29,1.120,0.000,0.070,0.000,1.120,kg,orphan_foreign_key
INV00296784,ITEM9958,LOC0011,2025-03-29,3.000,0.000,2.000,2.000,1.000,pcs,orphan_foreign_key
INV00296869,ITEM2611,LOC0012,2025-03-29,4.000,0.000,1.000,0.000,4.000,pcs,orphan_foreign_key
INV00297029,ITEM4823,LOC0013,2025-03-29,1.710,0.000,0.750,0.600,1.110,kg,orphan_foreign_key
INV00297176,ITEM3824,LOC0014,2025-03-29,9.270,18.920,9.500,5.500,22.690,kg,orphan_foreign_key
INV00297354,ITEM9700,LOC0015,2025-03-29,8.000,0.000,1.000,1.000,7.000,pcs,orphan_foreign_key
INV00298123,ITEM6929,LOC0021,2025-03-29,3.000,0.000,1.000,0.000,3.000,pcs,orphan_foreign_key
INV00298401,ITEM0652,LOC0023,2025-03-29,0.540,0.000,0.440,0.300,0.240,kg,orphan_foreign_key
INV00298942,ITEM5814,LOC0002,2025-03-30,1.000,2.000,1.000,0.000,3.000,pcs,orphan_foreign_key
INV00299175,ITEM5926,LOC0003,2025-03-30,3.420,0.000,0.160,0.000,3.420,liters,orphan_foreign_key
INV00299369,ITEM1669,LOC0005,2025-03-30,2.690,5.070,3.000,3.000,4.760,kg,orphan_foreign_key
INV00299558,ITEM1403,LOC0006,2025-03-30,5.000,0.000,1.000,0.000,5.000,pcs,orphan_foreign_key
INV00299623,ITEM1799,LOC0007,2025-03-30,3.000,0.000,1.000,1.000,2.000,pcs,orphan_foreign_key
INV00299716,ITEM6885,LOC0007,2025-03-30,3.230,0.000,1.670,1.050,2.180,liters,orphan_foreign_key
INV00300140,ITEM5031,LOC0011,2025-03-30,2.000,0.000,1.000,0.000,2.000,pcs,orphan_foreign_key
INV00300210,ITEM0177,LOC0011,2025-03-30,2.000,0.000,1.000,0.000,2.000,pcs,orphan_foreign_key
INV00300229,ITEM3689,LOC0011,2025-03-30,0.530,0.000,0.020,0.000,0.530,kg,orphan_foreign_key
INV00300325,ITEM2152,LOC0012,2025-03-30,0.480,0.000,0.150,0.000,0.480,kg,orphan_foreign_key
INV00300345,ITEM4242,LOC0012,2025-03-30,2.000,0.000,1.000,0.000,2.000,pcs,orphan_foreign_key
INV00301300,ITEM1352,LOC0019,2025-03-30,14.000,0.000,4.000,3.000,11.000,pcs,orphan_foreign_key
INV00301502,ITEM4820,LOC0020,2025-03-30,5.000,0.000,4.000,4.000,1.000,pcs,orphan_foreign_key
INV00301688,ITEM2857,LOC0022,2025-03-30,7.170,0.000,1.940,1.000,6.170,kg,orphan_foreign_key
INV00302601,ITEM4812,LOC0003,2025-03-31,20.000,0.000,7.000,7.000,13.000,pcs,orphan_foreign_key
INV00302625,ITEM0454,LOC0004,2025-03-31,4.000,0.000,1.000,1.000,3.000,pcs,orphan_foreign_key
INV00302741,ITEM8243,LOC0005,2025-03-31,11.000,0.000,3.000,0.000,11.000,pcs,orphan_foreign_key
INV00302981,ITEM5294,LOC0006,2025-03-31,3.000,0.000,1.000,0.000,3.000,pcs,orphan_foreign_key
INV00303443,ITEM7055,LOC0010,2025-03-31,0.580,0.000,0.070,0.000,0.580,kg,orphan_foreign_key
INV00304112,ITEM8541,LOC0015,2025-03-31,0.740,1.100,0.900,0.900,0.940,liters,orphan_foreign_key
INV00304202,ITEM5356,LOC0015,2025-03-31,2.000,4.000,2.000,1.000,5.000,pcs,orphan_foreign_key
INV00304428,ITEM2946,LOC0017,2025-03-31,1.960,0.000,0.460,0.000,1.960,kg,orphan_foreign_key
INV00304802,ITEM6597,LOC0020,2025-03-31,0.560,1.280,0.900,0.900,0.940,liters,orphan_foreign_key
INV00304909,ITEM2477,LOC0020,2025-03-31,0.630,0.000,0.120,0.000,0.630,liters,orphan_foreign_key
INV00304986,ITEM8705,LOC0021,2025-03-31,9.000,0.000,7.000,5.000,4.000,pcs,orphan_foreign_key
INV00305246,ITEM7695,LOC0023,2025-03-31,0.560,0.000,0.210,0.000,0.560,kg,orphan_foreign_key
INV00305421,ITEM4361,LOC0024,2025-03-31,2.000,0.000,1.000,0.000,2.000,pcs,orphan_foreign_key
INV00305611,ITEM7809,LOC0001,2025-04-01,6.000,0.000,3.000,2.000,4.000,pcs,orphan_foreign_key
INV00305945,ITEM4803,LOC0003,2025-04-01,2.000,7.000,3.000,2.000,7.000,pcs,orphan_foreign_key
INV00306121,ITEM6125,LOC0004,2025-04-01,1.730,0.000,0.750,0.750,0.980,liters,orphan_foreign_key
INV00306177,ITEM1437,LOC0005,2025-04-01,3.000,0.000,2.000,2.000,1.000,pcs,orphan_foreign_key
INV00306247,ITEM5623,LOC0005,2025-04-01,3.000,0.000,1.000,1.000,2.000,pcs,orphan_foreign_key
INV00306345,ITEM3641,LOC0006,2025-04-01,0.580,0.000,0.150,0.000,0.580,kg,orphan_foreign_key
INV00308096,ITEM0608,LOC0019,2025-04-01,3.900,0.000,0.890,0.500,3.400,kg,orphan_foreign_key
INV00308314,ITEM6277,LOC0020,2025-04-01,1.420,8.460,4.550,4.550,5.330,liters,orphan_foreign_key
INV00308588,ITEM8405,LOC0022,2025-04-01,0.740,0.000,0.160,0.000,0.740,liters,orphan_foreign_key
INV00308720,ITEM7841,LOC0023,2025-04-01,1.170,0.000,0.040,0.000,1.170,liters,orphan_foreign_key
INV00308879,ITEM2000,LOC0024,2025-04-01,4.000,0.000,1.000,0.000,4.000,pcs,orphan_foreign_key
INV00309078,ITEM1541,LOC0001,2025-04-02,1.590,3.550,2.560,2.400,2.740,kg,orphan_foreign_key
INV00309237,ITEM4268,LOC0002,2025-04-02,3.000,0.000,1.000,0.000,3.000,pcs,orphan_foreign_key
INV00309896,ITEM6669,LOC0007,2025-04-02,3.440,0.000,0.710,0.400,3.040,kg,orphan_foreign_key
INV00309990,ITEM1178,LOC0008,2025-04-02,1.760,0.000,0.090,0.000,1.760,liters,orphan_foreign_key
INV00310853,ITEM1280,LOC0014,2025-04-02,4.000,0.000,2.000,1.000,3.000,pcs,orphan_foreign_key
INV00310883,ITEM4355,LOC0014,2025-04-02,5.000,0.000,1.000,0.000,5.000,pcs,orphan_foreign_key
INV00311401,ITEM5039,LOC0018,2025-04-02,7.000,0.000,4.000,1.000,6.000,pcs,orphan_foreign_key
INV00311843,ITEM4748,LOC0021,2025-04-02,1.270,0.000,1.050,1.050,0.220,kg,orphan_foreign_key
INV00311920,ITEM3990,LOC0022,2025-04-02,0.850,0.000,0.150,0.000,0.850,kg,orphan_foreign_key
INV00312331,ITEM4219,LOC0025,2025-04-02,2.160,0.000,0.040,0.000,2.160,kg,orphan_foreign_key
INV00312985,ITEM3883,LOC0005,2025-04-03,8.000,0.000,1.000,0.000,7.000,pcs,orphan_foreign_key
INV00313065,ITEM9953,LOC0005,2025-04-03,1.750,0.000,0.090,0.000,1.750,kg,orphan_foreign_key
INV00313417,ITEM9454,LOC0008,2025-04-03,3.120,0.000,1.690,1.200,1.920,kg,orphan_foreign_key
INV00313640,ITEM4721,LOC0009,2025-04-03,19.000,0.000,12.000,8.000,11.000,pcs,orphan_foreign_key
INV00313703,ITEM1826,LOC0010,2025-04-03,1.220,1.490,1.080,0.400,2.310,kg,orphan_foreign_key
INV00313984,ITEM2006,LOC0012,2025-04-03,3.000,5.000,3.000,2.000,5.000,pcs,orphan_foreign_key
INV00314086,ITEM1989,LOC0013,2025-04-03,6.000,0.000,1.000,1.000,5.000,pcs,orphan_foreign_key
INV00314415,ITEM8614,LOC0015,2025-04-03,2.000,0.000,1.000,0.000,2.000,pcs,orphan_foreign_key
INV00314610,ITEM4504,LOC0017,2025-04-03,5.000,0.000,1.000,0.000,5.000,pcs,orphan_foreign_key
INV00315545,ITEM4830,LOC0023,2025-04-03,0.170,0.000,0.070,0.000,0.170,liters,orphan_foreign_key
INV00315846,ITEM5238,LOC0001,2025-04-04,3.000,0.000,1.000,0.000,3.000,pcs,orphan_foreign_key
INV00315888,ITEM8084,LOC0001,2025-04-04,10.010,0.000,1.440,0.000,10.010,kg,orphan_foreign_key
INV00316171,ITEM6319,LOC0003,2025-04-04,6.880,0.000,4.030,2.800,4.080,kg,orphan_foreign_key
INV00316237,ITEM1332,LOC0003,2025-04-04,1.420,11.720,4.900,4.900,8.240,liters,orphan_foreign_key
INV00316777,ITEM8352,LOC0007,2025-04-04,1.190,1.740,1.000,1.000,1.930,liters,orphan_foreign_key
INV00316861,ITEM8525,LOC0008,2025-04-04,4.000,5.000,4.000,3.000,6.000,pcs,orphan_foreign_key
INV00317884,ITEM2640,LOC0015,2025-04-04,39.000,0.000,9.000,6.000,33.000,pcs,orphan_foreign_key
INV00317942,ITEM4150,LOC0016,2025-04-04,3.230,0.000,0.170,0.000,3.230,kg,orphan_foreign_key
INV00318345,ITEM4137,LOC0019,2025-04-04,5.100,9.180,4.800,4.800,9.480,kg,orphan_foreign_key
INV00318936,ITEM3186,LOC0023,2025-04-04,5.000,0.000,1.000,0.000,5.000,pcs,orphan_foreign_key
INV00319187,ITEM5159,LOC0025,2025-04-04,2.000,0.000,1.000,0.000,2.000,pcs,orphan_foreign_key
INV00319665,ITEM5898,LOC0003,2025-04-05,10.000,32.000,15.000,15.000,27.000,pcs,orphan_foreign_key
INV00319773,ITEM2807,LOC0004,2025-04-05,0.730,0.000,0.140,0.000,0.730,liters,orphan_foreign_key
INV00319879,ITEM1999,LOC0005,2025-04-05,3.000,0.000,1.000,0.000,2.000,pcs,orphan_foreign_key
INV00319934,ITEM1524,LOC0005,2025-04-05,2.000,9.000,4.000,3.000,8.000,pcs,orphan_foreign_key
INV00320547,ITEM4167,LOC0010,2025-04-05,9.000,0.000,5.000,5.000,4.000,pcs,orphan_foreign_key
INV00320822,ITEM5183,LOC0012,2025-04-05,2.000,0.000,1.000,0.000,2.000,pcs,orphan_foreign_key
INV00321688,ITEM3898,LOC0018,2025-04-05,8.540,0.000,7.000,7.000,1.540,liters,orphan_foreign_key
INV00322300,ITEM4546,LOC0023,2025-04-05,1.960,0.000,0.460,0.300,1.630,kg,orphan_foreign_key
INV00322889,ITEM1806,LOC0002,2025-04-06,2.000,0.000,1.000,1.000,1.000,pcs,orphan_foreign_key
INV00323023,ITEM7398,LOC0003,2025-04-06,8.000,0.000,5.000,4.000,4.000,pcs,orphan_foreign_key
INV00323656,ITEM7111,LOC0008,2025-04-06,1.830,0.000,1.110,0.900,0.750,kg,orphan_foreign_key
INV00324203,ITEM2791,LOC0012,2025-04-06,1.000,7.020,2.930,2.500,5.520,kg,orphan_foreign_key
INV00324774,ITEM4350,LOC0016,2025-04-06,3.000,9.000,4.000,4.000,8.000,pcs,orphan_foreign_key
INV00325343,ITEM9744,LOC0020,2025-04-06,3.000,0.000,2.000,2.000,1.000,pcs,orphan_foreign_key
INV00325558,ITEM3418,LOC0022,2025-04-06,0.890,0.000,0.080,0.000,0.890,liters,orphan_foreign_key
INV00326890,ITEM2962,LOC0006,2025-04-07,3.500,0.000,0.300,0.000,3.500,liters,orphan_foreign_key
INV00327167,ITEM9310,LOC0008,2025-04-07,4.000,0.000,2.000,0.000,4.000,pcs,orphan_foreign_key
INV00327560,ITEM3498,LOC0011,2025-04-07,0.720,0.000,0.170,0.000,0.720,liters,orphan_foreign_key
INV00327714,ITEM1225,LOC0012,2025-04-07,9.000,0.000,3.000,2.000,7.000,pcs,orphan_foreign_key
INV00328019,ITEM1649,LOC0015,2025-04-07,3.320,0.000,0.370,0.300,3.020,kg,orphan_foreign_key
INV00328029,ITEM7202,LOC0015,2025-04-07,5.670,0.000,1.090,0.000,5.670,kg,orphan_foreign_key
INV00328451,ITEM1006,LOC0018,2025-04-07,2.220,0.000,0.800,0.800,1.420,kg,orphan_foreign_key
INV00328503,ITEM5382,LOC0018,2025-04-07,1.670,0.000,0.500,0.500,1.170,liters,orphan_foreign_key
INV00329385,ITEM9268,LOC0025,2025-04-07,3.000,0.000,1.000,0.000,3.000,pcs,orphan_foreign_key
INV00330503,ITEM4083,LOC0008,2025-04-08,4.700,0.000,0.990,0.400,4.300,kg,orphan_foreign_key
INV00330573,ITEM3480,LOC0008,2025-04-08,2.000,3.000,2.000,0.000,5.000,pcs,orphan_foreign_key
INV00330616,ITEM6455,LOC0009,2025-04-08,0.540,0.000,0.090,0.000,0.540,kg,orphan_foreign_key
INV00330724,ITEM4123,LOC0010,2025-04-08,2.000,0.000,1.000,0.000,2.000,pcs,orphan_foreign_key
INV00331046,ITEM1455,LOC0012,2025-04-08,1.740,0.000,0.460,0.400,1.340,kg,orphan_foreign_key
INV00331975,ITEM3068,LOC0019,2025-04-08,0.920,0.000,0.110,0.000,0.920,kg,orphan_foreign_key
INV00332149,ITEM1153,LOC0020,2025-04-08,1.550,0.000,0.180,0.000,1.550,kg,orphan_foreign_key
INV00332675,ITEM8048,LOC0024,2025-04-08,1.130,0.000,0.050,0.000,1.130,kg,orphan_foreign_key
INV00332771,ITEM7643,LOC0024,2025-04-08,6.000,0.000,1.000,0.000,5.000,pcs,orphan_foreign_key
INV00332957,ITEM2069,LOC0001,2025-04-09,1.050,0.000,0.130,0.000,1.050,kg,orphan_foreign_key
INV00333112,ITEM4975,LOC0002,2025-04-09,2.000,0.000,1.000,0.000,2.000,pcs,orphan_foreign_key
INV00333331,ITEM8528,LOC0004,2025-04-09,0.460,0.000,0.150,0.000,0.350,liters,orphan_foreign_key
INV00333464,ITEM9941,LOC0005,2025-04-09,4.000,0.000,1.000,0.000,4.000,pcs,orphan_foreign_key
INV00333825,ITEM0300,LOC0007,2025-04-09,0.720,0.000,0.050,0.000,0.720,kg,orphan_foreign_key
INV00334244,ITEM7345,LOC0010,2025-04-09,2.980,0.000,0.940,0.700,2.280,liters,orphan_foreign_key
INV00334735,ITEM7919,LOC0014,2025-04-09,4.060,0.000,0.620,0.400,3.660,kg,orphan_foreign_key
INV00335679,ITEM6665,LOC0021,2025-04-09,1.250,0.000,0.070,0.000,1.250,kg,orphan_foreign_key
INV00336400,ITEM5465,LOC0001,2025-04-10,2.000,0.000,1.000,0.000,2.000,pcs,orphan_foreign_key
INV00336628,ITEM9956,LOC0003,2025-04-10,0.800,0.000,0.180,0.000,0.800,kg,orphan_foreign_key
INV00336640,ITEM5199,LOC0003,2025-04-10,2.570,0.000,1.500,1.500,1.070,kg,orphan_foreign_key
INV00336924,ITEM5268,LOC0005,2025-04-10,1.580,0.000,0.850,0.800,0.780,kg,orphan_foreign_key
INV00337468,ITEM1087,LOC0009,2025-04-10,3.000,0.000,1.000,0.000,3.000,pcs,orphan_foreign_key
INV00338309,ITEM3119,LOC0015,2025-04-10,3.000,0.000,1.000,1.000,2.000,pcs,orphan_foreign_key
INV00338500,ITEM4183,LOC0017,2025-04-10,3.000,0.000,1.000,0.000,2.000,pcs,orphan_foreign_key
INV00338628,ITEM3133,LOC0017,2025-04-10,0.490,0.000,0.390,0.350,0.140,liters,orphan_foreign_key
INV00338789,ITEM6918,LOC0019,2025-04-10,0.160,0.000,0.100,0.000,0.160,liters,orphan_foreign_key
INV00338809,ITEM1084,LOC0019,2025-04-10,1.050,0.000,0.060,0.000,1.050,kg,orphan_foreign_key
INV00339897,ITEM7570,LOC0002,2025-04-11,4.000,0.000,1.000,0.000,4.000,pcs,orphan_foreign_key
INV00340369,ITEM9174,LOC0005,2025-04-11,0.350,2.300,1.050,1.050,1.600,kg,orphan_foreign_key
INV00340380,ITEM9184,LOC0005,2025-04-11,12.000,0.000,1.000,0.000,12.000,pcs,orphan_foreign_key
INV00341000,ITEM1184,LOC0010,2025-04-11,1.190,2.640,1.500,1.500,2.330,kg,orphan_foreign_key
INV00341025,ITEM8699,LOC0010,2025-04-11,2.000,0.000,1.000,1.000,1.000,pcs,orphan_foreign_key
INV00341677,ITEM7119,LOC0015,2025-04-11,2.240,0.000,0.230,0.000,2.240,kg,orphan_foreign_key
INV00342895,ITEM1325,LOC0024,2025-04-11,1.080,0.000,0.050,0.000,1.080,liters,orphan_foreign_key
INV00343229,ITEM1920,LOC0001,2025-04-12,1.000,4.000,2.000,1.000,4.000,pcs,orphan_foreign_key
INV00343230,ITEM3388,LOC0001,2025-04-12,6.000,0.000,1.000,1.000,5.000,pcs,orphan_foreign_key
INV00343269,ITEM9721,LOC0001,2025-04-12,0.740,0.000,0.140,0.000,0.740,liters,orphan_foreign_key
INV00343470,ITEM1071,LOC0003,2025-04-12,1.180,0.000,0.170,0.000,1.180,kg,orphan_foreign_key
INV00343888,ITEM9175,LOC0006,2025-04-12,1.350,0.000,0.150,0.000,1.350,kg,orphan_foreign_key
INV00344109,ITEM9005,LOC0008,2025-04-12,5.000,0.000,2.000,0.000,5.000,pcs,orphan_foreign_key
INV00345632,ITEM3188,LOC0019,2025-04-12,1.650,0.000,0.120,0.000,1.650,kg,orphan_foreign_key
INV00345801,ITEM9887,LOC0020,2025-04-12,1.150,0.000,0.180,0.000,1.150,kg,orphan_foreign_key
INV00346427,ITEM1084,LOC0024,2025-04-12,10.000,0.000,2.000,1.000,9.000,pcs,orphan_foreign_key
INV00346611,ITEM1403,LOC0001,2025-04-13,2.250,0.000,1.500,1.500,0.750,kg,orphan_foreign_key
INV00347023,ITEM4525,LOC0004,2025-04-13,2.640,0.000,1.850,1.600,1.040,kg,orphan_foreign_key
INV00347581,ITEM7233,LOC0008,2025-04-13,3.000,0.000,2.000,0.000,3.000,pcs,orphan_foreign_key
INV00347813,ITEM1620,LOC0010,2025-04-13,1.090,0.000,0.310,0.300,0.790,kg,orphan_foreign_key
INV00347976,ITEM2409,LOC0011,2025-04-13,0.310,1.540,0.890,0.800,1.050,kg,orphan_foreign_key
INV00347983,ITEM9262,LOC0011,2025-04-13,5.000,0.000,1.000,0.000,5.000,pcs,orphan_foreign_key
INV00348046,ITEM6671,LOC0011,2025-04-13,1.000,2.000,1.000,0.000,3.000,pcs,orphan_foreign_key
INV00348211,ITEM9186,LOC0013,2025-04-13,1.490,0.000,0.340,0.300,1.190,liters,orphan_foreign_key
INV00348662,ITEM2184,LOC0016,2025-04-13,1.230,0.000,0.200,0.000,1.230,kg,orphan_foreign_key
INV00348694,ITEM1239,LOC0016,2025-04-13,0.710,0.000,0.050,0.000,0.710,kg,orphan_foreign_key
INV00349074,ITEM6113,LOC0019,2025-04-13,3.000,0.000,1.000,0.000,3.000,pcs,orphan_foreign_key
INV00349128,ITEM2128,LOC0019,2025-04-13,1.480,0.000,0.120,0.000,1.480,liters,orphan_foreign_key
INV00349901,ITEM4046,LOC0025,2025-04-13,3.000,14.000,6.000,6.000,11.000,pcs,orphan_foreign_key
INV00350046,ITEM3503,LOC0001,2025-04-14,12.000,0.000,4.000,1.000,11.000,pcs,orphan_foreign_key
INV00350466,ITEM9151,LOC0004,2025-04-14,4.000,0.000,1.000,0.000,4.000,pcs,orphan_foreign_key
INV00350596,ITEM1947,LOC0005,2025-04-14,4.000,0.000,1.000,0.000,4.000,pcs,orphan_foreign_key
INV00350766,ITEM3212,LOC0006,2025-04-14,1.240,0.000,0.060,0.000,1.240,liters,orphan_foreign_key
INV00350884,ITEM6103,LOC0007,2025-04-14,0.920,0.000,0.110,0.000,0.920,kg,orphan_foreign_key
INV00350914,ITEM4199,LOC0007,2025-04-14,1.820,0.000,0.760,0.700,1.120,liters,orphan_foreign_key
INV00351271,ITEM8676,LOC0010,2025-04-14,7.000,0.000,2.000,1.000,6.000,pcs,orphan_foreign_key
INV00352186,ITEM4908,LOC0017,2025-04-14,2.000,0.000,0.060,0.000,2.000,kg,orphan_foreign_key
INV00352223,ITEM3395,LOC0017,2025-04-14,4.000,0.000,1.000,0.000,4.000,pcs,orphan_foreign_key
INV00352422,ITEM7280,LOC0018,2025-04-14,11.000,0.000,3.000,1.000,10.000,pcs,orphan_foreign_key
INV00352740,ITEM8110,LOC0021,2025-04-14,0.950,0.000,0.040,0.000,0.950,kg,orphan_foreign_key
INV00352922,ITEM4832,LOC0022,2025-04-14,2.000,6.000,3.000,2.000,6.000,pcs,orphan_foreign_key
INV00352951,ITEM1448,LOC0022,2025-04-14,0.350,0.000,0.240,0.000,0.350,liters,orphan_foreign_key
INV00353884,ITEM7778,LOC0004,2025-04-15,4.000,0.000,2.000,2.000,2.000,pcs,orphan_foreign_key
INV00353995,ITEM9208,LOC0005,2025-04-15,18.000,0.000,7.000,5.000,13.000,pcs,orphan_foreign_key
INV00354193,ITEM3093,LOC0006,2025-04-15,2.100,0.000,0.340,0.000,2.100,liters,orphan_foreign_key
INV00354534,ITEM7651,LOC0009,2025-04-15,0.480,0.000,0.160,0.000,0.480,kg,orphan_foreign_key
INV00354930,ITEM4821,LOC0012,2025-04-15,1.950,0.000,1.220,0.500,1.450,kg,orphan_foreign_key
INV00355409,ITEM5256,LOC0015,2025-04-15,4.000,0.000,1.000,0.000,4.000,pcs,orphan_foreign_key
INV00355805,ITEM7347,LOC0018,2025-04-15,0.570,0.000,0.040,0.000,0.570,kg,orphan_foreign_key
INV00356418,ITEM9219,LOC0023,2025-04-15,7.000,0.000,2.000,1.000,6.000,pcs,orphan_foreign_key
INV00356525,ITEM8044,LOC0023,2025-04-15,1.050,0.000,0.240,0.000,1.050,liters,orphan_foreign_key
INV00356763,ITEM1584,LOC0025,2025-04-15,1.000,2.000,1.000,0.000,3.000,pcs,orphan_foreign_key
INV00356990,ITEM8429,LOC0002,2025-04-16,1.970,0.000,0.330,0.300,1.670,kg,orphan_foreign_key
INV00357034,ITEM2235,LOC0002,2025-04-16,3.000,0.000,1.000,0.000,3.000,pcs,orphan_foreign_key
INV00357625,ITEM4987,LOC0006,2025-04-16,0.390,1.350,0.600,0.500,1.240,liters,orphan_foreign_key
INV00357638,ITEM8568,LOC0006,2025-04-16,24.000,0.000,1.000,0.000,24.000,pcs,orphan_foreign_key
INV00358593,ITEM4369,LOC0013,2025-04-16,8.000,0.000,4.000,3.000,5.000,pcs,orphan_foreign_key
INV00359115,ITEM6041,LOC0017,2025-04-16,3.000,0.000,1.000,0.000,3.000,pcs,orphan_foreign_key
INV00359823,ITEM3537,LOC0022,2025-04-16,0.680,0.000,0.160,0.000,0.680,liters,orphan_foreign_key
INV00359963,ITEM6124,LOC0023,2025-04-16,8.460,0.000,4.550,4.550,3.910,liters,orphan_foreign_key
INV00360072,ITEM0337,LOC0024,2025-04-16,4.720,0.000,0.160,0.000,4.570,kg,orphan_foreign_key
INV00360138,ITEM9248,LOC0025,2025-04-16,1.460,0.000,0.030,0.000,1.460,liters,orphan_foreign_key
INV00360147,ITEM8821,LOC0025,2025-04-16,4.000,0.000,1.000,0.000,4.000,pcs,orphan_foreign_key
INV00360507,ITEM9583,LOC0002,2025-04-17,1.250,2.330,1.250,1.250,2.330,liters,orphan_foreign_key
INV00360535,ITEM9935,LOC0003,2025-04-17,5.000,0.000,2.000,1.000,4.000,pcs,orphan_foreign_key
INV00360597,ITEM3778,LOC0003,2025-04-17,2.000,0.000,1.000,0.000,2.000,pcs,orphan_foreign_key
INV00361360,ITEM7274,LOC0009,2025-04-17,1.510,0.000,0.060,0.000,1.510,liters,orphan_foreign_key
INV00361403,ITEM9698,LOC0009,2025-04-17,0.620,0.000,0.390,0.000,0.620,kg,orphan_foreign_key
INV00361503,ITEM2603,LOC0010,2025-04-17,0.450,0.000,0.100,0.000,0.450,liters,orphan_foreign_key
INV00362120,ITEM3951,LOC0014,2025-04-17,2.000,0.000,1.000,0.000,2.000,pcs,orphan_foreign_key
INV00362188,ITEM3808,LOC0015,2025-04-17,1.830,0.000,1.200,1.200,0.630,liters,orphan_foreign_key
INV00362709,ITEM2256,LOC0018,2025-04-17,0.930,0.000,0.620,0.000,0.930,liters,orphan_foreign_key
INV00363180,ITEM4758,LOC0022,2025-04-17,0.710,0.000,0.040,0.000,0.710,kg,orphan_foreign_key
INV00363530,ITEM4948,LOC0024,2025-04-17,0.800,0.000,0.010,0.000,0.800,liters,orphan_foreign_key
INV00363605,ITEM4537,LOC0025,2025-04-17,1.500,0.000,0.370,0.000,1.500,kg,orphan_foreign_key
INV00363916,ITEM7427,LOC0002,2025-04-18,2.330,0.000,0.330,0.000,2.330,kg,orphan_foreign_key
INV00364167,ITEM0299,LOC0004,2025-04-18,2.000,0.000,1.000,0.000,1.000,pcs,orphan_foreign_key
INV00364479,ITEM9130,LOC0006,2025-04-18,2.000,0.000,1.000,0.000,2.000,pcs,orphan_foreign_key
INV00364707,ITEM6342,LOC0008,2025-04-18,1.580,0.000,0.400,0.400,1.180,kg,orphan_foreign_key
INV00364920,ITEM5703,LOC0010,2025-04-18,3.000,0.000,1.000,0.000,3.000,pcs,orphan_foreign_key
INV00365872,ITEM7833,LOC0016,2025-04-18,4.000,0.000,3.000,2.000,2.000,pcs,orphan_foreign_key
INV00365927,ITEM5753,LOC0017,2025-04-18,1.030,0.000,0.660,0.500,0.530,kg,orphan_foreign_key
INV00365948,ITEM6082,LOC0017,2025-04-18,1.000,2.000,1.000,0.000,3.000,pcs,orphan_foreign_key
INV00366561,ITEM3066,LOC0021,2025-04-18,1.390,0.000,0.220,0.000,1.390,liters,orphan_foreign_key
INV00366884,ITEM4002,LOC0024,2025-04-18,0.430,0.000,0.300,0.300,0.130,kg,orphan_foreign_key
INV00367220,ITEM3198,LOC0001,2025-04-19,0.140,0.000,0.030,0.000,0.140,kg,orphan_foreign_key
INV00367230,ITEM1778,LOC0001,2025-04-19,1.000,2.000,1.000,0.000,3.000,pcs,orphan_foreign_key
INV00367250,ITEM4173,LOC0001,2025-04-19,1.350,0.000,0.190,0.000,1.350,liters,orphan_foreign_key
INV00367499,ITEM6828,LOC0003,2025-04-19,6.000,14.000,9.000,8.000,12.000,pcs,orphan_foreign_key
INV00367628,ITEM4053,LOC0004,2025-04-19,0.850,0.000,0.390,0.350,0.500,kg,orphan_foreign_key
INV00367938,ITEM5989,LOC0006,2025-04-19,1.400,0.000,0.450,0.350,1.050,liters,orphan_foreign_key
INV00368898,ITEM1892,LOC0013,2025-04-19,7.000,8.000,6.000,5.000,10.000,pcs,orphan_foreign_key
INV00369451,ITEM6960,LOC0017,2025-04-19,1.000,7.000,3.000,3.000,5.000,pcs,orphan_foreign_key
INV00370069,ITEM1755,LOC0022,2025-04-19,0.550,0.000,0.130,0.000,0.550,kg,orphan_foreign_key
INV00370440,ITEM7169,LOC0025,2025-04-19,0.320,0.000,0.020,0.000,0.320,liters,orphan_foreign_key
INV00370729,ITEM0401,LOC0002,2025-04-20,1.020,0.000,0.300,0.300,0.720,kg,orphan_foreign_key
INV00371273,ITEM3482,LOC0006,2025-04-20,2.000,0.000,1.000,0.000,2.000,pcs,orphan_foreign_key
INV00371468,ITEM4435,LOC0007,2025-04-20,20.000,0.000,2.000,0.000,20.000,pcs,orphan_foreign_key
INV00371751,ITEM4026,LOC0009,2025-04-20,1.000,4.000,2.000,1.000,4.000,pcs,orphan_foreign_key
INV00371887,ITEM4555,LOC0010,2025-04-20,3.000,0.000,1.000,0.000,3.000,pcs,orphan_foreign_key
INV00371972,ITEM7679,LOC0011,2025-04-20,2.270,0.000,0.090,0.000,2.270,kg,orphan_foreign_key
INV00372309,ITEM2342,LOC0013,2025-04-20,0.350,0.000,0.060,0.000,0.350,liters,orphan_foreign_key
INV00372450,ITEM2505,LOC0014,2025-04-20,0.570,0.000,0.250,0.250,0.320,liters,orphan_foreign_key
INV00372663,ITEM4298,LOC0016,2025-04-20,0.830,0.000,0.550,0.000,0.830,kg,orphan_foreign_key
INV00372955,ITEM7321,LOC0018,2025-04-20,8.000,0.000,3.000,2.000,6.000,pcs,orphan_foreign_key
INV00373254,ITEM4986,LOC0020,2025-04-20,5.000,0.000,3.000,3.000,2.000,pcs,orphan_foreign_key
INV00373599,ITEM8506,LOC0023,2025-04-20,0.830,0.000,0.110,0.000,0.830,liters,orphan_foreign_key
INV00373832,ITEM7531,LOC0024,2025-04-20,2.210,0.000,0.310,0.250,1.960,liters,orphan_foreign_key
INV00374009,ITEM9248,LOC0001,2025-04-21,0.770,0.000,0.300,0.300,0.470,liters,orphan_foreign_key
INV00374429,ITEM9110,LOC0004,2025-04-21,14.000,0.000,3.000,1.000,11.000,pcs,orphan_foreign_key
INV00374766,ITEM1911,LOC0006,2025-04-21,2.000,0.000,1.000,0.000,2.000,pcs,orphan_foreign_key
INV00375042,ITEM7491,LOC0008,2025-04-21,1.370,0.000,0.070,0.000,1.370,kg,orphan_foreign_key
INV00375096,ITEM4246,LOC0009,2025-04-21,3.000,0.000,1.000,0.000,2.000,pcs,orphan_foreign_key
INV00375199,ITEM8141,LOC0009,2025-04-21,2.400,0.000,0.320,0.000,2.400,liters,orphan_foreign_key
INV00375444,ITEM9939,LOC0011,2025-04-21,13.000,0.000,1.000,0.000,13.000,pcs,orphan_foreign_key
INV00375656,ITEM6161,LOC0013,2025-04-21,0.750,0.000,0.130,0.000,0.750,liters,orphan_foreign_key
INV00376945,ITEM6217,LOC0022,2025-04-21,3.000,5.000,3.000,1.000,7.000,pcs,orphan_foreign_key
INV00377266,ITEM5702,LOC0024,2025-04-21,3.000,0.000,1.000,0.000,3.000,pcs,orphan_foreign_key
INV00377858,ITEM6994,LOC0004,2025-04-22,0.320,0.580,0.300,0.300,0.600,liters,orphan_foreign_key
INV00378507,ITEM7976,LOC0008,2025-04-22,0.870,0.000,0.380,0.350,0.520,liters,orphan_foreign_key
INV00378964,ITEM8695,LOC0012,2025-04-22,1.010,0.000,0.380,0.300,0.710,kg,orphan_foreign_key
INV00379859,ITEM8372,LOC0018,2025-04-22,5.000,0.000,1.000,0.000,5.000,pcs,orphan_foreign_key
INV00380125,ITEM6995,LOC0020,2025-04-22,2.000,0.000,1.000,0.000,2.000,pcs,orphan_foreign_key
INV00380864,ITEM6894,LOC0025,2025-04-22,4.000,12.000,6.000,6.000,10.000,pcs,orphan_foreign_key
INV00381023,ITEM1608,LOC0002,2025-04-23,0.250,0.000,0.130,0.000,0.250,liters,orphan_foreign_key
INV00381101,ITEM0948,LOC0002,2025-04-23,5.000,0.000,2.000,0.000,5.000,pcs,orphan_foreign_key
INV00381225,ITEM7895,LOC0003,2025-04-23,1.000,2.000,1.000,0.000,3.000,pcs,orphan_foreign_key
INV00381786,ITEM6802,LOC0007,2025-04-23,0.650,0.000,0.070,0.000,0.650,kg,orphan_foreign_key
INV00382186,ITEM9671,LOC0010,2025-04-23,0.600,0.000,0.020,0.000,0.600,kg,orphan_foreign_key
INV00382219,ITEM1680,LOC0010,2025-04-23,0.880,0.000,0.380,0.000,0.810,liters,orphan_foreign_key
INV00382299,ITEM8698,LOC0011,2025-04-23,3.000,0.000,1.000,0.000,3.000,pcs,orphan_foreign_key
INV00382435,ITEM8020,LOC0012,2025-04-23,2.000,0.000,1.000,0.000,2.000,pcs,orphan_foreign_key
INV00382458,ITEM3427,LOC0012,2025-04-23,0.650,0.820,0.700,0.700,0.770,kg,orphan_foreign_key
INV00382747,ITEM6683,LOC0014,2025-04-23,10.000,0.000,1.000,0.000,10.000,pcs,orphan_foreign_key
INV00383723,ITEM2799,LOC0021,2025-04-23,3.420,0.000,0.090,0.000,3.410,liters,orphan_foreign_key
INV00383892,ITEM0413,LOC0022,2025-04-23,11.000,17.000,10.000,10.000,18.000,pcs,orphan_foreign_key
INV00384092,ITEM6460,LOC0024,2025-04-23,2.000,0.000,1.000,0.000,2.000,pcs,orphan_foreign_key
INV00384646,ITEM4426,LOC0003,2025-04-24,5.000,11.000,7.000,7.000,9.000,pcs,orphan_foreign_key
INV00385300,ITEM3915,LOC0008,2025-04-24,0.630,1.440,0.980,0.900,1.170,kg,orphan_foreign_key
INV00385316,ITEM9500,LOC0008,2025-04-24,1.290,1.210,1.200,1.200,1.300,kg,orphan_foreign_key
INV00386041,ITEM3908,LOC0013,2025-04-24,3.000,5.000,3.000,3.000,5.000,pcs,orphan_foreign_key
INV00386433,ITEM2923,LOC0016,2025-04-24,8.000,0.000,2.000,0.000,8.000,pcs,orphan_foreign_key
INV00386451,ITEM2302,LOC0016,2025-04-24,6.000,0.000,1.000,0.000,6.000,pcs,orphan_foreign_key
INV00386455,ITEM1884,LOC0016,2025-04-24,2.000,0.000,1.000,0.000,2.000,pcs,orphan_foreign_key
INV00386749,ITEM6683,LOC0018,2025-04-24,11.640,0.000,5.190,3.150,8.490,liters,orphan_foreign_key
INV00386844,ITEM6171,LOC0019,2025-04-24,9.000,25.000,13.000,12.000,22.000,pcs,orphan_foreign_key
INV00386998,ITEM2045,LOC0020,2025-04-24,2.000,0.000,1.000,0.000,2.000,pcs,orphan_foreign_key
INV00387082,ITEM3203,LOC0021,2025-04-24,1.330,0.000,0.050,0.000,1.330,kg,orphan_foreign_key
INV00387778,ITEM7319,LOC0001,2025-04-25,4.810,0.000,3.420,2.000,2.810,kg,orphan_foreign_key
INV00388085,ITEM6526,LOC0003,2025-04-25,5.000,0.000,4.000,1.000,4.000,pcs,orphan_foreign_key
INV00388490,ITEM7363,LOC0006,2025-04-25,5.000,0.000,1.000,1.000,4.000,pcs,orphan_foreign_key
INV00388681,ITEM2650,LOC0007,2025-04-25,5.230,0.000,2.800,2.800,2.430,liters,orphan_foreign_key
INV00389085,ITEM8245,LOC0010,2025-04-25,0.800,0.770,0.700,0.700,0.870,liters,orphan_foreign_key
INV00389357,ITEM4647,LOC0012,2025-04-25,1.840,0.000,1.170,1.050,0.710,liters,orphan_foreign_key
INV00389776,ITEM7685,LOC0015,2025-04-25,0.530,0.000,0.140,0.000,0.530,liters,orphan_foreign_key
INV00390941,ITEM4131,LOC0024,2025-04-25,0.870,0.000,0.500,0.500,0.370,kg,orphan_foreign_key
INV00391301,ITEM1406,LOC0001,2025-04-26,9.000,0.000,5.000,4.000,5.000,pcs,orphan_foreign_key
INV00391333,ITEM1859,LOC0002,2025-04-26,3.000,0.000,1.000,0.000,3.000,pcs,orphan_foreign_key
INV00391962,ITEM4117,LOC0006,2025-04-26,2.000,0.000,1.000,0.000,2.000,pcs,orphan_foreign_key
INV00392112,ITEM4151,LOC0007,2025-04-26,1.630,0.000,0.190,0.000,1.630,liters,orphan_foreign_key
INV00393694,ITEM0191,LOC0019,2025-04-26,0.990,0.000,0.180,0.000,0.990,kg,orphan_foreign_key
INV00393868,ITEM5612,LOC0020,2025-04-26,2.000,0.000,1.000,1.000,1.000,pcs,orphan_foreign_key
INV00394324,ITEM2400,LOC0023,2025-04-26,6.000,0.000,4.000,3.000,3.000,pcs,orphan_foreign_key
INV00394570,ITEM3713,LOC0025,2025-04-26,2.000,0.000,1.000,0.000,2.000,pcs,orphan_foreign_key
INV00394939,ITEM1169,LOC0003,2025-04-27,0.410,0.000,0.300,0.000,0.410,kg,orphan_foreign_key
INV00395342,ITEM3191,LOC0006,2025-04-27,2.440,0.000,1.500,1.500,0.940,kg,orphan_foreign_key
INV00395352,ITEM9582,LOC0006,2025-04-27,0.680,1.600,0.800,0.800,1.480,kg,orphan_foreign_key
INV00395509,ITEM4179,LOC0007,2025-04-27,5.000,0.000,2.000,2.000,3.000,pcs,orphan_foreign_key
INV00395600,ITEM5192,LOC0008,2025-04-27,1.080,0.000,0.400,0.300,0.780,kg,orphan_foreign_key
INV00396383,ITEM7434,LOC0013,2025-04-27,3.000,0.000,1.000,0.000,3.000,pcs,orphan_foreign_key
INV00396410,ITEM5547,LOC0014,2025-04-27,1.000,2.000,1.000,0.000,3.000,pcs,orphan_foreign_key
INV00396428,ITEM0660,LOC0014,2025-04-27,0.820,1.530,1.000,1.000,1.350,kg,orphan_foreign_key
INV00396781,ITEM1319,LOC0016,2025-04-27,0.490,6.630,3.150,3.150,3.970,liters,orphan_foreign_key
INV00397502,ITEM4831,LOC0022,2025-04-27,2.000,0.000,1.000,0.000,2.000,pcs,orphan_foreign_key
INV00397804,ITEM2788,LOC0024,2025-04-27,0.510,0.000,0.100,0.000,0.510,kg,orphan_foreign_key
INV00398077,ITEM8520,LOC0001,2025-04-28,3.400,0.000,0.220,0.000,3.400,kg,orphan_foreign_key
INV00398176,ITEM3125,LOC0001,2025-04-28,13.000,0.000,9.000,9.000,4.000,pcs,orphan_foreign_key
INV00398396,ITEM2711,LOC0003,2025-04-28,5.000,0.000,3.000,2.000,3.000,pcs,orphan_foreign_key
INV00399526,ITEM8991,LOC0011,2025-04-28,2.640,3.740,2.900,2.100,4.280,liters,orphan_foreign_key
INV00400151,ITEM7620,LOC0016,2025-04-28,2.140,0.000,1.460,1.200,0.940,kg,orphan_foreign_key
INV00400169,ITEM8879,LOC0016,2025-04-28,2.000,0.000,1.000,0.000,2.000,pcs,orphan_foreign_key
INV00400383,ITEM4494,LOC0018,2025-04-28,4.000,0.000,1.000,0.000,4.000,pcs,orphan_foreign_key
INV00400594,ITEM3642,LOC0019,2025-04-28,2.000,0.000,1.000,0.000,2.000,pcs,orphan_foreign_key
INV00401059,ITEM5740,LOC0022,2025-04-28,35.000,0.000,7.000,4.000,31.000,pcs,orphan_foreign_key
INV00401065,ITEM0278,LOC0022,2025-04-28,1.000,2.000,1.000,0.000,3.000,pcs,orphan_foreign_key
INV00401118,ITEM9937,LOC0023,2025-04-28,1.130,0.000,0.830,0.800,0.330,kg,orphan_foreign_key
INV00401128,ITEM4207,LOC0023,2025-04-28,2.000,3.000,2.000,1.000,4.000,pcs,orphan_foreign_key
INV00401591,ITEM6318,LOC0001,2025-04-29,3.200,0.000,0.150,0.000,3.200,liters,orphan_foreign_key
INV00401697,ITEM7591,LOC0002,2025-04-29,3.000,0.000,1.000,0.000,3.000,pcs,orphan_foreign_key
INV00402136,ITEM5744,LOC0005,2025-04-29,0.520,1.700,0.840,0.750,1.470,liters,orphan_foreign_key
INV00402762,ITEM9011,LOC0010,2025-04-29,1.540,0.000,0.050,0.000,1.540,kg,orphan_foreign_key
INV00402985,ITEM1831,LOC0012,2025-04-29,1.000,5.000,2.000,2.000,4.000,pcs,orphan_foreign_key
INV00403015,ITEM8706,LOC0012,2025-04-29,0.340,0.000,0.060,0.000,0.340,kg,orphan_foreign_key
INV00403328,ITEM7705,LOC0014,2025-04-29,4.000,0.000,2.000,0.000,4.000,pcs,orphan_foreign_key
INV00403798,ITEM2787,LOC0017,2025-04-29,3.100,0.000,0.500,0.350,2.750,liters,orphan_foreign_key
INV00403817,ITEM4524,LOC0018,2025-04-29,4.000,0.000,1.000,0.000,4.000,pcs,orphan_foreign_key
INV00403922,ITEM5914,LOC0018,2025-04-29,2.070,0.000,1.610,1.400,0.670,liters,orphan_foreign_key
INV00404942,ITEM4959,LOC0001,2025-04-30,0.180,1.430,0.600,0.600,1.010,kg,orphan_foreign_key
INV00405560,ITEM1328,LOC0005,2025-04-30,2.000,0.000,1.000,1.000,1.000,pcs,orphan_foreign_key
INV00406138,ITEM1352,LOC0009,2025-04-30,13.000,0.000,9.000,9.000,4.000,pcs,orphan_foreign_key
INV00406268,ITEM6398,LOC0010,2025-04-30,5.000,0.000,1.000,0.000,5.000,pcs,orphan_foreign_key
INV00406710,ITEM3479,LOC0014,2025-04-30,3.000,0.000,1.000,0.000,3.000,pcs,orphan_foreign_key
INV00407287,ITEM8622,LOC0018,2025-04-30,0.540,0.000,0.170,0.000,0.540,kg,orphan_foreign_key
INV00407575,ITEM7335,LOC0020,2025-04-30,1.100,0.000,0.490,0.400,0.700,kg,orphan_foreign_key
INV00407653,ITEM1246,LOC0020,2025-04-30,8.000,0.000,2.000,0.000,8.000,pcs,orphan_foreign_key
INV00408107,ITEM5168,LOC0024,2025-04-30,0.330,0.000,0.030,0.000,0.330,kg,orphan_foreign_key
INV00408305,ITEM2298,LOC0025,2025-04-30,1.690,0.000,0.020,0.000,1.690,kg,orphan_foreign_key
INV00408533,ITEM9777,LOC0002,2025-05-01,1.310,0.000,0.570,0.000,1.310,kg,orphan_foreign_key
INV00408952,ITEM3942,LOC0005,2025-05-01,2.000,0.000,1.000,0.000,2.000,pcs,orphan_foreign_key
INV00409214,ITEM3397,LOC0007,2025-05-01,0.850,1.930,1.000,1.000,1.780,kg,orphan_foreign_key
INV00409478,ITEM9788,LOC0009,2025-05-01,2.630,0.000,0.610,0.500,2.130,kg,orphan_foreign_key
INV00409919,ITEM3705,LOC0012,2025-05-01,2.000,0.000,1.000,1.000,1.000,pcs,orphan_foreign_key
INV00410059,ITEM3785,LOC0013,2025-05-01,3.000,0.000,1.000,0.000,3.000,pcs,orphan_foreign_key
INV00410106,ITEM9511,LOC0013,2025-05-01,6.000,0.000,2.000,2.000,4.000,pcs,orphan_foreign_key
INV00410280,ITEM7033,LOC0015,2025-05-01,0.690,0.000,0.140,0.000,0.690,kg,orphan_foreign_key
INV00410344,ITEM9816,LOC0015,2025-05-01,0.350,0.000,0.040,0.000,0.350,kg,orphan_foreign_key
INV00410538,ITEM2176,LOC0017,2025-05-01,2.090,0.000,0.080,0.000,2.070,liters,orphan_foreign_key
INV00410922,ITEM1879,LOC0019,2025-05-01,2.030,0.000,0.090,0.000,2.030,liters,orphan_foreign_key
INV00411306,ITEM7083,LOC0022,2025-05-01,1.250,0.000,0.070,0.000,1.250,kg,orphan_foreign_key
INV00412235,ITEM5171,LOC0004,2025-05-02,5.000,0.000,1.000,0.000,5.000,pcs,orphan_foreign_key
INV00412825,ITEM1663,LOC0008,2025-05-02,1.850,7.820,4.630,2.800,6.870,liters,orphan_foreign_key
INV00412827,ITEM1811,LOC0008,2025-05-02,4.250,0.000,0.700,0.700,3.550,liters,orphan_foreign_key
INV00412902,ITEM0352,LOC0009,2025-05-02,1.190,8.370,3.600,3.600,5.960,kg,orphan_foreign_key
INV00412948,ITEM7831,LOC0009,2025-05-02,4.000,0.000,1.000,1.000,3.000,pcs,orphan_foreign_key
INV00413590,ITEM7757,LOC0014,2025-05-02,3.000,0.000,1.000,0.000,3.000,pcs,orphan_foreign_key
INV00415271,ITEM0431,LOC0001,2025-05-03,2.000,0.000,1.000,0.000,2.000,pcs,orphan_foreign_key
INV00415820,ITEM2424,LOC0005,2025-05-03,3.000,0.000,1.000,0.000,3.000,pcs,orphan_foreign_key
INV00416029,ITEM7753,LOC0007,2025-05-03,0.540,0.000,0.050,0.000,0.540,kg,orphan_foreign_key
INV00416045,ITEM2863,LOC0007,2025-05-03,2.400,0.000,0.500,0.500,1.900,kg,orphan_foreign_key
INV00416265,ITEM1946,LOC0009,2025-05-03,3.000,0.000,1.000,0.000,3.000,pcs,orphan_foreign_key
INV00416820,ITEM5188,LOC0013,2025-05-03,0.510,0.000,0.060,0.000,0.510,liters,orphan_foreign_key
INV00416911,ITEM3608,LOC0013,2025-05-03,0.480,0.780,0.500,0.500,0.760,liters,orphan_foreign_key
INV00416957,ITEM9949,LOC0014,2025-05-03,0.800,0.000,0.070,0.000,0.800,liters,orphan_foreign_key
INV00417072,ITEM2247,LOC0014,2025-05-03,16.000,0.000,3.000,3.000,13.000,pcs,orphan_foreign_key
INV00417289,ITEM7740,LOC0016,2025-05-03,7.000,0.000,2.000,2.000,5.000,pcs,orphan_foreign_key
INV00417517,ITEM7006,LOC0018,2025-05-03,0.410,0.000,0.270,0.000,0.410,kg,orphan_foreign_key
INV00417658,ITEM2002,LOC0019,2025-05-03,0.210,0.540,0.300,0.300,0.450,kg,orphan_foreign_key
INV00417756,ITEM1527,LOC0019,2025-05-03,0.720,0.000,0.450,0.000,0.720,liters,orphan_foreign_key
INV00417811,ITEM9653,LOC0020,2025-05-03,12.160,0.000,3.420,2.000,8.880,kg,orphan_foreign_key
INV00417899,ITEM0656,LOC0020,2025-05-03,7.000,0.000,3.000,2.000,5.000,pcs,orphan_foreign_key
INV00418017,ITEM9178,LOC0021,2025-05-03,0.310,0.000,0.020,0.000,0.310,liters,orphan_foreign_key
INV00418390,ITEM0230,LOC0024,2025-05-03,8.000,0.000,1.000,0.000,8.000,pcs,orphan_foreign_key
INV00419273,ITEM6200,LOC0006,2025-05-04,4.000,0.000,1.000,0.000,4.000,pcs,orphan_foreign_key
INV00419353,ITEM7924,LOC0006,2025-05-04,3.000,0.000,1.000,1.000,2.000,pcs,orphan_foreign_key
INV00419439,ITEM8323,LOC0007,2025-05-04,1.120,0.000,0.120,0.000,1.120,kg,orphan_foreign_key
INV00419626,ITEM3576,LOC0008,2025-05-04,0.320,0.000,0.100,0.000,0.320,kg,orphan_foreign_key
INV00419906,ITEM3330,LOC0010,2025-05-04,3.000,0.000,1.000,1.000,2.000,pcs,orphan_foreign_key
INV00419947,ITEM6240,LOC0011,2025-05-04,6.000,0.000,2.000,1.000,5.000,pcs,orphan_foreign_key
INV00420573,ITEM0568,LOC0015,2025-05-04,3.000,0.000,1.000,0.000,3.000,pcs,orphan_foreign_key
INV00420742,ITEM9642,LOC0016,2025-05-04,0.930,0.000,0.190,0.000,0.930,liters,orphan_foreign_key
INV00421087,ITEM5692,LOC0019,2025-05-04,1.000,0.000,0.380,0.000,1.000,kg,orphan_foreign_key
INV00421115,ITEM4650,LOC0019,2025-05-04,10.000,0.000,1.000,0.000,10.000,pcs,orphan_foreign_key
INV00421149,ITEM0472,LOC0019,2025-05-04,0.840,3.360,1.750,1.750,2.450,liters,orphan_foreign_key
INV00421674,ITEM9169,LOC0023,2025-05-04,1.000,2.000,1.000,0.000,2.000,pcs,orphan_foreign_key
INV00421679,ITEM5728,LOC0023,2025-05-04,4.000,0.000,1.000,0.000,4.000,pcs,orphan_foreign_key
INV00421876,ITEM5627,LOC0025,2025-05-04,3.000,0.000,1.000,0.000,3.000,pcs,orphan_foreign_key
INV00421903,ITEM1982,LOC0025,2025-05-04,1.680,0.000,0.150,0.000,1.680,kg,orphan_foreign_key
INV00422044,ITEM8547,LOC0001,2025-05-05,1.180,2.870,1.690,1.000,2.480,kg,orphan_foreign_key
INV00422298,ITEM2283,LOC0003,2025-05-05,3.000,0.000,1.000,1.000,2.000,pcs,orphan_foreign_key
INV00422383,ITEM3489,LOC0003,2025-05-05,0.890,0.790,0.750,0.750,0.930,liters,orphan_foreign_key
INV00422431,ITEM1125,LOC0004,2025-05-05,6.000,0.000,3.000,1.000,5.000,pcs,orphan_foreign_key
INV00423066,ITEM7898,LOC0008,2025-05-05,5.370,0.000,1.290,0.000,5.370,liters,orphan_foreign_key
INV00423256,ITEM0678,LOC0010,2025-05-05,0.750,0.000,0.070,0.000,0.750,kg,orphan_foreign_key
INV00423502,ITEM4552,LOC0012,2025-05-05,6.000,0.000,1.000,0.000,6.000,pcs,orphan_foreign_key
INV00423890,ITEM8857,LOC0014,2025-05-05,0.240,0.000,0.110,0.000,0.240,liters,orphan_foreign_key
INV00423896,ITEM6838,LOC0014,2025-05-05,2.000,0.000,1.000,0.000,2.000,pcs,orphan_foreign_key
INV00424030,ITEM7051,LOC0015,2025-05-05,1.550,0.000,0.450,0.350,1.200,liters,orphan_foreign_key
INV00425179,ITEM8116,LOC0024,2025-05-05,0.500,0.000,0.070,0.000,0.500,kg,orphan_foreign_key
INV00425220,ITEM0916,LOC0024,2025-05-05,21.000,0.000,2.000,2.000,19.000,pcs,orphan_foreign_key
INV00425414,ITEM2034,LOC0025,2025-05-05,3.000,0.000,1.000,0.000,3.000,pcs,orphan_foreign_key
INV00425442,ITEM7333,LOC0001,2025-05-06,2.000,0.000,1.000,0.000,2.000,pcs,orphan_foreign_key
INV00425603,ITEM4113,LOC0002,2025-05-06,1.990,0.000,0.790,0.000,1.990,kg,orphan_foreign_key
INV00425837,ITEM0666,LOC0004,2025-05-06,3.000,0.000,1.000,0.000,3.000,pcs,orphan_foreign_key
INV00425930,ITEM0570,LOC0004,2025-05-06,1.660,0.000,1.040,0.500,1.160,liters,orphan_foreign_key
INV00426440,ITEM4197,LOC0008,2025-05-06,7.000,0.000,1.000,0.000,7.000,pcs,orphan_foreign_key
INV00426651,ITEM3673,LOC0010,2025-05-06,0.540,0.000,0.040,0.000,0.540,liters,orphan_foreign_key
INV00427190,ITEM2797,LOC0014,2025-05-06,4.000,0.000,1.000,1.000,3.000,pcs,orphan_foreign_key
INV00427360,ITEM4509,LOC0015,2025-05-06,3.270,0.000,1.440,0.500,2.770,kg,orphan_foreign_key
INV00427492,ITEM8963,LOC0016,2025-05-06,0.510,0.000,0.150,0.000,0.510,kg,orphan_foreign_key
INV00428154,ITEM3526,LOC0021,2025-05-06,2.000,0.000,1.000,0.000,2.000,pcs,orphan_foreign_key
INV00428303,ITEM2254,LOC0022,2025-05-06,0.760,0.000,0.380,0.300,0.460,liters,orphan_foreign_key
INV00428593,ITEM8556,LOC0024,2025-05-06,0.500,0.000,0.080,0.000,0.500,kg,orphan_foreign_key
INV00428645,ITEM2245,LOC0024,2025-05-06,4.000,0.000,1.000,0.000,3.000,pcs,orphan_foreign_key
INV00428997,ITEM0730,LOC0002,2025-05-07,0.220,0.000,0.090,0.000,0.220,kg,orphan_foreign_key
INV00429602,ITEM2347,LOC0006,2025-05-07,0.540,0.000,0.020,0.000,0.540,kg,orphan_foreign_key
INV00429784,ITEM1156,LOC0007,2025-05-07,2.000,3.000,2.000,1.000,4.000,pcs,orphan_foreign_key
INV00429856,ITEM0617,LOC0008,2025-05-07,9.000,0.000,1.000,0.000,9.000,pcs,orphan_foreign_key
INV00429919,ITEM6260,LOC0009,2025-05-07,2.000,0.000,1.000,0.000,2.000,pcs,orphan_foreign_key
INV00430723,ITEM6090,LOC0014,2025-05-07,6.000,0.000,1.000,0.000,6.000,pcs,orphan_foreign_key
INV00431322,ITEM0644,LOC0019,2025-05-07,0.360,1.070,0.580,0.000,1.430,kg,orphan_foreign_key
INV00434042,ITEM2438,LOC0014,2025-05-08,0.910,0.000,0.280,0.000,0.910,kg,orphan_foreign_key
INV00434143,ITEM9361,LOC0014,2025-05-08,8.000,0.000,2.000,0.000,7.000,pcs,orphan_foreign_key
INV00434496,ITEM1198,LOC0017,2025-05-08,4.000,0.000,1.000,0.000,4.000,pcs,orphan_foreign_key
INV00434504,ITEM0921,LOC0017,2025-05-08,4.000,0.000,1.000,0.000,4.000,pcs,orphan_foreign_key
INV00434832,ITEM5368,LOC0019,2025-05-08,5.000,0.000,2.000,0.000,5.000,pcs,orphan_foreign_key
INV00434981,ITEM3239,LOC0021,2025-05-08,3.000,0.000,1.000,0.000,3.000,pcs,orphan_foreign_key
INV00435271,ITEM6258,LOC0023,2025-05-08,4.000,0.000,1.000,0.000,4.000,pcs,orphan_foreign_key
INV00436047,ITEM6451,LOC0003,2025-05-09,2.720,0.000,0.380,0.000,2.720,liters,orphan_foreign_key
INV00436460,ITEM9443,LOC0006,2025-05-09,4.110,0.000,2.170,1.750,2.360,liters,orphan_foreign_key
INV00436973,ITEM6084,LOC0010,2025-05-09,3.000,0.000,1.000,1.000,2.000,pcs,orphan_foreign_key
INV00437074,ITEM8991,LOC0011,2025-05-09,0.440,0.000,0.120,0.000,0.440,kg,orphan_foreign_key
INV00437612,ITEM3598,LOC0015,2025-05-09,1.660,0.000,0.220,0.000,1.660,kg,orphan_foreign_key
INV00437975,ITEM8271,LOC0017,2025-05-09,2.000,0.000,1.000,0.000,2.000,pcs,orphan_foreign_key
INV00438365,ITEM8937,LOC0020,2025-05-09,0.290,0.910,0.500,0.500,0.700,liters,orphan_foreign_key
INV00438754,ITEM2480,LOC0023,2025-05-09,1.080,0.000,0.070,0.000,1.080,kg,orphan_foreign_key
INV00439042,ITEM2032,LOC0025,2025-05-09,7.000,0.000,1.000,0.000,7.000,pcs,orphan_foreign_key
INV00439816,ITEM8642,LOC0006,2025-05-10,2.000,0.000,1.000,0.000,2.000,pcs,orphan_foreign_key
INV00439857,ITEM2491,LOC0006,2025-05-10,3.000,0.000,2.000,2.000,1.000,pcs,orphan_foreign_key
INV00439865,ITEM1144,LOC0006,2025-05-10,0.850,0.000,0.500,0.500,0.350,liters,orphan_foreign_key
INV00439935,ITEM9997,LOC0007,2025-05-10,4.100,0.000,2.090,1.500,2.150,kg,orphan_foreign_key
INV00440125,ITEM3651,LOC0008,2025-05-10,2.000,0.000,1.000,1.000,1.000,pcs,orphan_foreign_key
INV00440448,ITEM3928,LOC0011,2025-05-10,2.000,0.000,1.000,0.000,2.000,pcs,orphan_foreign_key
INV00440541,ITEM2031,LOC0011,2025-05-10,1.750,0.000,0.300,0.250,1.500,liters,orphan_foreign_key
INV00440819,ITEM2815,LOC0013,2025-05-10,3.360,6.820,3.410,3.150,6.880,liters,orphan_foreign_key
INV00441207,ITEM7040,LOC0016,2025-05-10,1.230,0.000,0.050,0.000,1.230,kg,orphan_foreign_key
INV00441365,ITEM4973,LOC0017,2025-05-10,0.300,0.000,0.250,0.250,0.050,liters,orphan_foreign_key
INV00441956,ITEM2808,LOC0022,2025-05-10,1.790,0.000,0.600,0.600,1.190,liters,orphan_foreign_key
INV00442202,ITEM4527,LOC0023,2025-05-10,1.200,0.000,0.840,0.350,0.850,liters,orphan_foreign_key
INV00442315,ITEM7172,LOC0024,2025-05-10,2.000,0.000,1.000,1.000,1.000,pcs,orphan_foreign_key
INV00442858,ITEM4365,LOC0003,2025-05-11,5.000,0.000,3.000,3.000,2.000,pcs,orphan_foreign_key
INV00443024,ITEM5123,LOC0004,2025-05-11,33.000,50.000,39.000,35.000,48.000,pcs,orphan_foreign_key
INV00443051,ITEM1125,LOC0005,2025-05-11,10.000,0.000,2.000,1.000,9.000,pcs,orphan_foreign_key
INV00443145,ITEM4553,LOC0005,2025-05-11,10.840,16.250,9.360,8.050,19.040,liters,orphan_foreign_key
INV00443375,ITEM6460,LOC0007,2025-05-11,3.000,17.000,9.000,9.000,11.000,pcs,orphan_foreign_key
INV00443387,ITEM4695,LOC0007,2025-05-11,3.000,0.000,1.000,0.000,3.000,pcs,orphan_foreign_key
INV00443793,ITEM6806,LOC0010,2025-05-11,0.740,0.000,0.020,0.000,0.740,kg,orphan_foreign_key
INV00444231,ITEM2036,LOC0013,2025-05-11,9.980,0.000,2.360,1.400,8.580,liters,orphan_foreign_key
INV00444385,ITEM2950,LOC0014,2025-05-11,16.000,0.000,4.000,2.000,14.000,pcs,orphan_foreign_key
INV00444553,ITEM8227,LOC0016,2025-05-11,4.000,0.000,1.000,1.000,3.000,pcs,orphan_foreign_key
INV00444582,ITEM4868,LOC0016,2025-05-11,1.730,0.000,0.350,0.000,1.730,kg,orphan_foreign_key
INV00444677,ITEM8362,LOC0017,2025-05-11,0.670,0.000,0.030,0.000,0.670,liters,orphan_foreign_key
INV00445123,ITEM9533,LOC0020,2025-05-11,2.710,11.160,6.450,4.000,8.790,kg,orphan_foreign_key
INV00445170,ITEM2836,LOC0020,2025-05-11,0.430,0.000,0.040,0.000,0.430,kg,orphan_foreign_key
INV00445395,ITEM8859,LOC0022,2025-05-11,2.210,7.220,3.500,1.500,7.930,kg,orphan_foreign_key
INV00446588,ITEM4714,LOC0006,2025-05-12,3.000,0.000,1.000,0.000,3.000,pcs,orphan_foreign_key
INV00446858,ITEM8031,LOC0007,2025-05-12,7.000,0.000,2.000,0.000,7.000,pcs,orphan_foreign_key
INV00446939,ITEM2965,LOC0008,2025-05-12,0.600,0.000,0.350,0.350,0.250,kg,orphan_foreign_key
INV00447414,ITEM9625,LOC0012,2025-05-12,4.000,0.000,1.000,0.000,3.000,pcs,orphan_foreign_key
INV00448878,ITEM9584,LOC0022,2025-05-12,0.480,2.110,1.250,1.250,1.340,liters,orphan_foreign_key
INV00448912,ITEM9918,LOC0023,2025-05-12,7.000,0.000,4.000,4.000,3.000,pcs,orphan_foreign_key
INV00450053,ITEM6850,LOC0006,2025-05-13,3.860,0.000,0.150,0.000,3.860,kg,orphan_foreign_key
INV00450078,ITEM2057,LOC0006,2025-05-13,2.000,0.000,1.000,0.000,2.000,pcs,orphan_foreign_key
INV00450138,ITEM7368,LOC0007,2025-05-13,2.000,3.000,2.000,2.000,3.000,pcs,orphan_foreign_key
INV00450400,ITEM9836,LOC0009,2025-05-13,6.000,0.000,1.000,1.000,5.000,pcs,orphan_foreign_key
INV00450622,ITEM1896,LOC0010,2025-05-13,0.530,0.000,0.030,0.000,0.530,kg,orphan_foreign_key
INV00451012,ITEM9100,LOC0013,2025-05-13,2.000,4.000,2.000,0.000,6.000,pcs,orphan_foreign_key
INV00451190,ITEM5917,LOC0014,2025-05-13,0.440,0.000,0.070,0.000,0.440,liters,orphan_foreign_key
INV00451534,ITEM4372,LOC0017,2025-05-13,1.220,6.240,3.000,3.000,4.460,kg,orphan_foreign_key
INV00451839,ITEM0896,LOC0019,2025-05-13,2.000,4.000,2.000,1.000,5.000,pcs,orphan_foreign_key
INV00452099,ITEM1853,LOC0021,2025-05-13,2.990,0.000,0.950,0.800,2.190,kg,orphan_foreign_key
INV00453087,ITEM5115,LOC0003,2025-05-14,3.000,0.000,1.000,0.000,3.000,pcs,orphan_foreign_key
INV00453187,ITEM2425,LOC0004,2025-05-14,0.820,0.000,0.340,0.000,0.820,kg,orphan_foreign_key
INV00453276,ITEM7978,LOC0005,2025-05-14,4.000,0.000,1.000,0.000,4.000,pcs,orphan_foreign_key
INV00454330,ITEM0351,LOC0012,2025-05-14,0.200,0.000,0.120,0.000,0.200,liters,orphan_foreign_key
INV00454656,ITEM3105,LOC0015,2025-05-14,3.000,0.000,2.000,2.000,1.000,pcs,orphan_foreign_key
INV00454889,ITEM7946,LOC0016,2025-05-14,1.730,0.000,0.350,0.000,1.730,liters,orphan_foreign_key
INV00455222,ITEM1340,LOC0019,2025-05-14,7.190,0.000,0.900,0.000,6.510,kg,orphan_foreign_key
INV00456286,ITEM8091,LOC0002,2025-05-15,2.000,0.000,1.000,0.000,2.000,pcs,orphan_foreign_key
INV00456404,ITEM1696,LOC0002,2025-05-15,1.610,0.000,0.350,0.000,1.610,liters,orphan_foreign_key
INV00456427,ITEM7735,LOC0003,2025-05-15,3.000,0.000,2.000,1.000,2.000,pcs,orphan_foreign_key
INV00457018,ITEM9587,LOC0007,2025-05-15,0.440,0.580,0.400,0.400,0.620,kg,orphan_foreign_key
INV00457089,ITEM1268,LOC0007,2025-05-15,1.230,0.000,0.160,0.000,1.230,liters,orphan_foreign_key
INV00457394,ITEM1631,LOC0010,2025-05-15,1.170,0.000,0.120,0.000,1.170,kg,orphan_foreign_key
INV00458098,ITEM5423,LOC0015,2025-05-15,1.900,0.000,0.350,0.000,1.900,kg,orphan_foreign_key
INV00458162,ITEM2400,LOC0015,2025-05-15,0.770,0.000,0.500,0.500,0.270,liters,orphan_foreign_key
INV00458537,ITEM3664,LOC0018,2025-05-15,3.000,0.000,1.000,0.000,3.000,pcs,orphan_foreign_key
INV00458755,ITEM1599,LOC0020,2025-05-15,0.440,0.000,0.100,0.000,0.440,liters,orphan_foreign_key
INV00458778,ITEM5767,LOC0020,2025-05-15,9.630,0.000,1.250,0.000,8.620,kg,orphan_foreign_key
INV00458937,ITEM7941,LOC0021,2025-05-15,4.000,10.000,5.000,3.000,11.000,pcs,orphan_foreign_key
INV00459343,ITEM0326,LOC0024,2025-05-15,1.410,0.000,0.850,0.800,0.610,kg,orphan_foreign_key
INV00459393,ITEM2686,LOC0024,2025-05-15,1.550,0.000,0.750,0.750,0.800,liters,orphan_foreign_key
INV00459456,ITEM9729,LOC0025,2025-05-15,0.730,0.000,0.040,0.000,0.730,kg,orphan_foreign_key
INV00459668,ITEM5454,LOC0001,2025-05-16,0.670,1.250,0.750,0.750,1.170,liters,orphan_foreign_key
INV00460912,ITEM9557,LOC0010,2025-05-16,20.000,0.000,2.000,0.000,20.000,pcs,orphan_foreign_key
INV00460980,ITEM1119,LOC0011,2025-05-16,3.000,0.000,1.000,0.000,3.000,pcs,orphan_foreign_key
INV00461128,ITEM6285,LOC0012,2025-05-16,2.000,0.000,1.000,1.000,1.000,pcs,orphan_foreign_key
INV00461400,ITEM8519,LOC0014,2025-05-16,1.000,2.000,1.000,0.000,3.000,pcs,orphan_foreign_key
INV00461403,ITEM7982,LOC0014,2025-05-16,5.000,0.000,1.000,1.000,4.000,pcs,orphan_foreign_key
INV00461413,ITEM7667,LOC0014,2025-05-16,0.980,0.000,0.040,0.000,0.980,kg,orphan_foreign_key
INV00461935,ITEM9887,LOC0018,2025-05-16,5.000,6.000,5.000,5.000,6.000,pcs,orphan_foreign_key
INV00462040,ITEM8929,LOC0019,2025-05-16,0.440,0.000,0.360,0.300,0.140,kg,orphan_foreign_key
INV00462671,ITEM2930,LOC0023,2025-05-16,0.690,0.000,0.090,0.000,0.690,liters,orphan_foreign_key
INV00462697,ITEM0548,LOC0023,2025-05-16,12.000,0.000,1.000,0.000,12.000,pcs,orphan_foreign_key
INV00462724,ITEM2709,LOC0024,2025-05-16,3.000,0.000,1.000,0.000,3.000,pcs,orphan_foreign_key
INV00462880,ITEM4000,LOC0025,2025-05-16,0.210,0.650,0.380,0.000,0.740,kg,orphan_foreign_key
INV00463510,ITEM6647,LOC0004,2025-05-17,18.000,0.000,6.000,6.000,12.000,pcs,orphan_foreign_key
INV00463520,ITEM1691,LOC0005,2025-05-17,3.000,4.000,3.000,3.000,4.000,pcs,orphan_foreign_key
INV00464079,ITEM4051,LOC0009,2025-05-17,3.000,0.000,1.000,0.000,3.000,pcs,orphan_foreign_key
INV00464267,ITEM1443,LOC0010,2025-05-17,3.000,0.000,1.000,0.000,3.000,pcs,orphan_foreign_key
INV00464659,ITEM7441,LOC0013,2025-05-17,0.560,0.000,0.430,0.400,0.160,kg,orphan_foreign_key
INV00464991,ITEM0588,LOC0015,2025-05-17,12.930,0.000,4.080,3.500,9.140,liters,orphan_foreign_key
INV00465041,ITEM4487,LOC0016,2025-05-17,0.790,0.000,0.200,0.000,0.790,kg,orphan_foreign_key
INV00465448,ITEM5346,LOC0019,2025-05-17,2.000,0.000,1.000,1.000,1.000,pcs,orphan_foreign_key
INV00466014,ITEM2107,LOC0023,2025-05-17,1.750,0.000,0.430,0.300,1.450,kg,orphan_foreign_key
INV00466633,ITEM7841,LOC0002,2025-05-18,0.360,0.000,0.160,0.000,0.360,liters,orphan_foreign_key
INV00466700,ITEM2314,LOC0003,2025-05-18,9.510,0.000,5.770,4.500,4.110,kg,orphan_foreign_key
INV00466765,ITEM7496,LOC0003,2025-05-18,2.540,0.000,0.640,0.500,2.040,liters,orphan_foreign_key
INV00466891,ITEM5698,LOC0004,2025-05-18,2.000,0.000,1.000,0.000,2.000,pcs,orphan_foreign_key
INV00467923,ITEM6678,LOC0012,2025-05-18,0.440,0.000,0.140,0.000,0.440,kg,orphan_foreign_key
INV00468090,ITEM1252,LOC0013,2025-05-18,3.000,0.000,1.000,0.000,3.000,pcs,orphan_foreign_key
INV00469270,ITEM1959,LOC0022,2025-05-18,0.630,0.000,0.070,0.000,0.630,liters,orphan_foreign_key
INV00469849,ITEM3115,LOC0001,2025-05-19,2.760,0.000,0.190,0.000,2.760,kg,orphan_foreign_key
INV00470129,ITEM7227,LOC0003,2025-05-19,2.760,0.000,0.290,0.000,2.760,kg,orphan_foreign_key
INV00470150,ITEM3362,LOC0003,2025-05-19,7.000,0.000,4.000,3.000,4.000,pcs,orphan_foreign_key
INV00470284,ITEM8304,LOC0004,2025-05-19,3.000,0.000,1.000,0.000,3.000,pcs,orphan_foreign_key
INV00470679,ITEM6809,LOC0007,2025-05-19,2.140,0.000,1.070,0.800,1.340,kg,orphan_foreign_key
INV00472224,ITEM9656,LOC0018,2025-05-19,0.500,0.990,0.500,0.500,0.990,liters,orphan_foreign_key
INV00472250,ITEM9939,LOC0018,2025-05-19,18.000,0.000,4.000,2.000,16.000,pcs,orphan_foreign_key
INV00472922,ITEM3810,LOC0023,2025-05-19,19.990,0.000,14.010,11.200,8.790,liters,orphan_foreign_key
INV00473820,ITEM8828,LOC0005,2025-05-20,12.000,0.000,5.000,3.000,9.000,pcs,orphan_foreign_key
INV00474802,ITEM4011,LOC0012,2025-05-20,0.630,0.000,0.080,0.000,0.630,kg,orphan_foreign_key
INV00475205,ITEM4127,LOC0015,2025-05-20,4.000,0.000,2.000,1.000,3.000,pcs,orphan_foreign_key
INV00475220,ITEM6303,LOC0015,2025-05-20,0.650,0.000,0.040,0.000,0.650,kg,orphan_foreign_key
INV00475614,ITEM6724,LOC0018,2025-05-20,12.000,0.000,1.000,0.000,12.000,pcs,orphan_foreign_key
INV00475944,ITEM1278,LOC0020,2025-05-20,1.190,1.290,1.060,1.050,1.430,liters,orphan_foreign_key
INV00476468,ITEM8570,LOC0024,2025-05-20,0.130,0.000,0.010,0.000,0.130,kg,orphan_foreign_key
INV00476527,ITEM1646,LOC0025,2025-05-20,0.390,0.000,0.050,0.000,0.390,liters,orphan_foreign_key
INV00476743,ITEM4867,LOC0001,2025-05-21,2.060,0.000,0.090,0.000,2.060,kg,orphan_foreign_key
INV00476810,ITEM2987,LOC0002,2025-05-21,3.000,0.000,1.000,0.000,3.000,pcs,orphan_foreign_key
INV00477253,ITEM9144,LOC0005,2025-05-21,3.240,0.000,1.700,1.200,2.040,kg,orphan_foreign_key
INV00477493,ITEM1531,LOC0007,2025-05-21,2.000,0.000,1.000,0.000,2.000,pcs,orphan_foreign_key
INV00477805,ITEM2281,LOC0009,2025-05-21,6.000,0.000,1.000,0.000,6.000,pcs,orphan_foreign_key
INV00478238,ITEM7079,LOC0012,2025-05-21,0.670,0.000,0.350,0.350,0.320,kg,orphan_foreign_key
INV00478334,ITEM9775,LOC0013,2025-05-21,0.270,0.000,0.140,0.000,0.270,kg,orphan_foreign_key
INV00478352,ITEM8399,LOC0013,2025-05-21,2.000,0.000,1.000,0.000,2.000,pcs,orphan_foreign_key
INV00479488,ITEM3237,LOC0021,2025-05-21,1.210,0.000,0.440,0.350,0.860,kg,orphan_foreign_key
INV00479549,ITEM4907,LOC0022,2025-05-21,0.660,0.000,0.080,0.000,0.660,liters,orphan_foreign_key
INV00479976,ITEM4906,LOC0025,2025-05-21,0.320,0.000,0.150,0.000,0.320,kg,orphan_foreign_key
INV00481877,ITEM8663,LOC0014,2025-05-22,4.000,0.000,2.000,1.000,2.000,pcs,orphan_foreign_key
INV00481989,ITEM5710,LOC0014,2025-05-22,6.000,0.000,2.000,1.000,5.000,pcs,orphan_foreign_key
INV00482245,ITEM3975,LOC0016,2025-05-22,0.070,0.530,0.250,0.000,0.600,liters,orphan_foreign_key
INV00482881,ITEM4851,LOC0021,2025-05-22,2.320,0.000,0.410,0.000,2.320,kg,orphan_foreign_key
INV00483133,ITEM7167,LOC0023,2025-05-22,1.560,0.000,0.400,0.300,1.260,kg,orphan_foreign_key
INV00483282,ITEM7316,LOC0024,2025-05-22,0.560,0.720,0.500,0.000,0.810,kg,orphan_foreign_key
INV00483562,ITEM6140,LOC0001,2025-05-23,1.340,0.000,0.160,0.000,1.340,kg,orphan_foreign_key
INV00483738,ITEM5700,LOC0002,2025-05-23,3.000,0.000,2.000,2.000,1.000,pcs,orphan_foreign_key
INV00483780,ITEM0861,LOC0002,2025-05-23,8.000,0.000,3.000,2.000,6.000,pcs,orphan_foreign_key
INV00483918,ITEM1093,LOC0003,2025-05-23,22.000,0.000,17.000,11.000,11.000,pcs,orphan_foreign_key
INV00484408,ITEM0247,LOC0007,2025-05-23,5.000,0.000,1.000,0.000,5.000,pcs,orphan_foreign_key
INV00484901,ITEM9917,LOC0011,2025-05-23,2.000,0.000,1.000,0.000,2.000,pcs,orphan_foreign_key
INV00485098,ITEM8143,LOC0012,2025-05-23,3.000,0.000,1.000,0.000,3.000,pcs,orphan_foreign_key
INV00485398,ITEM1438,LOC0014,2025-05-23,0.620,0.000,0.230,0.000,0.620,liters,orphan_foreign_key
INV00485504,ITEM4479,LOC0015,2025-05-23,2.000,0.000,1.000,0.000,2.000,pcs,orphan_foreign_key
INV00485741,ITEM4115,LOC0017,2025-05-23,0.270,0.660,0.310,0.300,0.630,kg,orphan_foreign_key
INV00485797,ITEM8304,LOC0017,2025-05-23,0.520,0.000,0.020,0.000,0.520,kg,orphan_foreign_key
INV00485842,ITEM2674,LOC0017,2025-05-23,5.000,0.000,3.000,3.000,2.000,pcs,orphan_foreign_key
INV00486236,ITEM5503,LOC0020,2025-05-23,0.690,0.000,0.160,0.000,0.690,liters,orphan_foreign_key
INV00486769,ITEM1125,LOC0024,2025-05-23,0.480,0.000,0.010,0.000,0.480,kg,orphan_foreign_key
INV00486819,ITEM3101,LOC0025,2025-05-23,4.000,0.000,1.000,0.000,4.000,pcs,orphan_foreign_key
INV00487250,ITEM3632,LOC0003,2025-05-24,2.000,3.000,2.000,1.000,4.000,pcs,orphan_foreign_key
INV00487483,ITEM3092,LOC0004,2025-05-24,1.190,0.000,0.530,0.350,0.840,liters,orphan_foreign_key
INV00487484,ITEM1579,LOC0004,2025-05-24,3.850,0.000,2.100,2.100,1.750,liters,orphan_foreign_key
INV00487831,ITEM4513,LOC0007,2025-05-24,1.560,0.000,0.830,0.800,0.760,kg,orphan_foreign_key
INV00487837,ITEM2673,LOC0007,2025-05-24,17.000,30.000,17.000,17.000,30.000,pcs,orphan_foreign_key
INV00487853,ITEM8895,LOC0007,2025-05-24,3.000,0.000,1.000,0.000,3.000,pcs,orphan_foreign_key
INV00487865,ITEM4382,LOC0007,2025-05-24,0.610,1.320,0.700,0.700,1.230,kg,orphan_foreign_key
INV00488712,ITEM6054,LOC0013,2025-05-24,1.000,0.000,0.430,0.350,0.650,liters,orphan_foreign_key
INV00489135,ITEM7317,LOC0016,2025-05-24,10.000,0.000,4.000,4.000,6.000,pcs,orphan_foreign_key
INV00489522,ITEM5217,LOC0019,2025-05-24,3.000,5.000,3.000,3.000,5.000,pcs,orphan_foreign_key
INV00490377,ITEM8547,LOC0025,2025-05-24,3.000,0.000,2.000,2.000,1.000,pcs,orphan_foreign_key
INV00490472,ITEM4176,LOC0001,2025-05-25,1.220,0.000,0.070,0.000,1.220,kg,orphan_foreign_key
INV00490764,ITEM3456,LOC0003,2025-05-25,2.000,6.000,3.000,2.000,6.000,pcs,orphan_foreign_key
INV00491030,ITEM8583,LOC0005,2025-05-25,4.000,0.000,1.000,0.000,4.000,pcs,orphan_foreign_key
INV00491497,ITEM5999,LOC0009,2025-05-25,5.000,0.000,1.000,0.000,5.000,pcs,orphan_foreign_key
INV00491625,ITEM4171,LOC0010,2025-05-25,0.150,0.000,0.040,0.000,0.150,liters,orphan_foreign_key
INV00491747,ITEM7198,LOC0010,2025-05-25,9.000,0.000,1.000,0.000,9.000,pcs,orphan_foreign_key
INV00491861,ITEM9843,LOC0011,2025-05-25,0.650,0.000,0.500,0.500,0.150,liters,orphan_foreign_key
INV00492266,ITEM5272,LOC0014,2025-05-25,1.930,0.000,0.230,0.000,1.930,liters,orphan_foreign_key
INV00492439,ITEM2686,LOC0016,2025-05-25,3.000,0.000,1.000,1.000,2.000,pcs,orphan_foreign_key
INV00492823,ITEM7720,LOC0018,2025-05-25,2.460,0.000,0.400,0.250,2.210,liters,orphan_foreign_key
INV00492913,ITEM1399,LOC0019,2025-05-25,2.000,0.000,1.000,0.000,2.000,pcs,orphan_foreign_key
INV00493491,ITEM1263,LOC0023,2025-05-25,2.000,0.000,1.000,0.000,2.000,pcs,orphan_foreign_key
INV00493865,ITEM7654,LOC0001,2025-05-26,3.880,0.000,2.000,2.000,1.880,kg,orphan_foreign_key
INV00493892,ITEM5348,LOC0001,2025-05-26,5.000,0.000,1.000,0.000,5.000,pcs,orphan_foreign_key
INV00494119,ITEM6609,LOC0003,2025-05-26,6.000,0.000,1.000,0.000,6.000,pcs,orphan_foreign_key
INV00495126,ITEM3044,LOC0010,2025-05-26,3.000,0.000,1.000,0.000,3.000,pcs,orphan_foreign_key
INV00495270,ITEM9780,LOC0011,2025-05-26,1.330,0.000,0.010,0.000,1.330,kg,orphan_foreign_key
INV00495379,ITEM1359,LOC0012,2025-05-26,2.000,0.000,1.000,0.000,2.000,pcs,orphan_foreign_key
INV00495570,ITEM5926,LOC0013,2025-05-26,0.200,1.410,0.540,0.500,1.110,liters,orphan_foreign_key
INV00495792,ITEM0499,LOC0015,2025-05-26,0.840,0.000,0.250,0.000,0.840,kg,orphan_foreign_key
INV00496047,ITEM7655,LOC0017,2025-05-26,2.420,0.000,0.840,0.000,2.420,kg,orphan_foreign_key
INV00496674,ITEM3529,LOC0021,2025-05-26,0.380,0.000,0.030,0.000,0.380,liters,orphan_foreign_key
INV00496703,ITEM1085,LOC0022,2025-05-26,2.000,3.000,2.000,1.000,4.000,pcs,orphan_foreign_key
INV00497247,ITEM5859,LOC0025,2025-05-26,8.000,0.000,2.000,1.000,7.000,pcs,orphan_foreign_key
INV00497352,ITEM8222,LOC0001,2025-05-27,3.000,0.000,1.000,0.000,3.000,pcs,orphan_foreign_key
INV00497826,ITEM4540,LOC0005,2025-05-27,3.000,0.000,1.000,0.000,3.000,pcs,orphan_foreign_key
INV00498049,ITEM1876,LOC0006,2025-05-27,0.350,0.000,0.030,0.000,0.330,liters,orphan_foreign_key
INV00498450,ITEM8263,LOC0009,2025-05-27,0.550,2.760,1.500,1.500,1.810,liters,orphan_foreign_key
INV00498619,ITEM9700,LOC0011,2025-05-27,3.000,0.000,1.000,0.000,3.000,pcs,orphan_foreign_key
INV00498714,ITEM4125,LOC0011,2025-05-27,2.000,0.000,1.000,0.000,2.000,pcs,orphan_foreign_key
INV00498867,ITEM1384,LOC0012,2025-05-27,0.920,0.000,0.230,0.000,0.920,liters,orphan_foreign_key
INV00498937,ITEM9372,LOC0013,2025-05-27,1.870,0.000,0.240,0.000,1.870,kg,orphan_foreign_key
INV00499033,ITEM1447,LOC0014,2025-05-27,3.000,0.000,1.000,0.000,3.000,pcs,orphan_foreign_key
INV00499216,ITEM6159,LOC0015,2025-05-27,1.760,0.000,0.800,0.400,1.360,kg,orphan_foreign_key
INV00499425,ITEM7291,LOC0016,2025-05-27,1.650,0.000,0.230,0.000,1.650,liters,orphan_foreign_key
INV00499667,ITEM1617,LOC0018,2025-05-27,0.570,0.000,0.460,0.350,0.220,kg,orphan_foreign_key
INV00499766,ITEM9909,LOC0019,2025-05-27,1.250,0.000,0.320,0.000,1.250,kg,orphan_foreign_key
INV00499919,ITEM6195,LOC0020,2025-05-27,1.130,0.000,0.430,0.400,0.730,kg,orphan_foreign_key
INV00500027,ITEM0648,LOC0021,2025-05-27,1.270,0.000,0.230,0.000,1.270,kg,orphan_foreign_key
INV00500415,ITEM8284,LOC0024,2025-05-27,2.000,0.000,1.000,0.000,2.000,pcs,orphan_foreign_key
INV00500979,ITEM4698,LOC0003,2025-05-28,2.250,0.000,0.320,0.300,1.950,liters,orphan_foreign_key
INV00501586,ITEM0635,LOC0007,2025-05-28,3.000,0.000,1.000,0.000,3.000,pcs,orphan_foreign_key
INV00503009,ITEM5499,LOC0017,2025-05-28,8.000,0.000,2.000,0.000,8.000,pcs,orphan_foreign_key
INV00503122,ITEM6357,LOC0018,2025-05-28,0.490,0.000,0.040,0.000,0.490,liters,orphan_foreign_key
INV00504187,ITEM7192,LOC0001,2025-05-29,5.000,0.000,3.000,3.000,2.000,pcs,orphan_foreign_key
INV00504778,ITEM3476,LOC0005,2025-05-29,1.320,0.000,0.230,0.000,1.320,liters,orphan_foreign_key
INV00505124,ITEM4551,LOC0008,2025-05-29,2.700,0.000,0.560,0.500,2.200,kg,orphan_foreign_key
INV00505149,ITEM9169,LOC0008,2025-05-29,7.000,0.000,1.000,0.000,7.000,pcs,orphan_foreign_key
INV00505224,ITEM3939,LOC0009,2025-05-29,0.380,1.250,0.620,0.600,1.030,liters,orphan_foreign_key
INV00505364,ITEM1332,LOC0010,2025-05-29,0.440,0.000,0.090,0.000,0.440,liters,orphan_foreign_key
INV00506127,ITEM3042,LOC0015,2025-05-29,1.090,0.000,0.030,0.000,1.090,kg,orphan_foreign_key
INV00506347,ITEM1734,LOC0017,2025-05-29,1.790,0.000,0.600,0.600,1.190,kg,orphan_foreign_key
INV00506706,ITEM0461,LOC0019,2025-05-29,1.980,3.290,1.910,1.750,3.520,liters,orphan_foreign_key
INV00507141,ITEM8230,LOC0022,2025-05-29,2.000,0.000,1.000,0.000,2.000,pcs,orphan_foreign_key
INV00507316,ITEM3608,LOC0024,2025-05-29,0.190,0.000,0.020,0.000,0.190,kg,orphan_foreign_key
INV00507440,ITEM4841,LOC0025,2025-05-29,3.000,0.000,1.000,0.000,3.000,pcs,orphan_foreign_key
INV00507590,ITEM6590,LOC0001,2025-05-30,0.310,0.570,0.310,0.000,0.780,kg,orphan_foreign_key
INV00507837,ITEM5268,LOC0003,2025-05-30,1.000,6.000,3.000,2.000,5.000,pcs,orphan_foreign_key
INV00508004,ITEM2564,LOC0004,2025-05-30,0.490,0.000,0.300,0.300,0.190,kg,orphan_foreign_key
INV00510253,ITEM1521,LOC0020,2025-05-30,0.660,0.000,0.040,0.000,0.660,kg,orphan_foreign_key
INV00510371,ITEM4833,LOC0021,2025-05-30,2.000,0.000,1.000,0.000,2.000,pcs,orphan_foreign_key
INV00510521,ITEM9957,LOC0022,2025-05-30,5.000,0.000,1.000,0.000,5.000,pcs,orphan_foreign_key
INV00510770,ITEM8054,LOC0024,2025-05-30,1.440,0.000,0.330,0.000,1.440,kg,orphan_foreign_key
INV00510935,ITEM0341,LOC0025,2025-05-30,4.000,0.000,1.000,0.000,4.000,pcs,orphan_foreign_key
INV00511132,ITEM8843,LOC0002,2025-05-31,4.000,0.000,1.000,0.000,4.000,pcs,orphan_foreign_key
INV00511165,ITEM9988,LOC0002,2025-05-31,1.340,0.000,0.240,0.000,1.340,kg,orphan_foreign_key
INV00511286,ITEM7995,LOC0003,2025-05-31,7.000,0.000,5.000,3.000,4.000,pcs,orphan_foreign_key
INV00511695,ITEM8443,LOC0006,2025-05-31,5.000,0.000,2.000,2.000,3.000,pcs,orphan_foreign_key
INV00512178,ITEM9518,LOC0009,2025-05-31,2.000,7.000,3.000,2.000,7.000,pcs,orphan_foreign_key
INV00512687,ITEM9979,LOC0013,2025-05-31,0.310,1.100,0.500,0.400,1.010,kg,orphan_foreign_key
INV00512755,ITEM7213,LOC0013,2025-05-31,19.000,0.000,6.000,5.000,13.000,pcs,orphan_foreign_key
INV00512769,ITEM4786,LOC0014,2025-05-31,2.000,0.000,1.000,0.000,2.000,pcs,orphan_foreign_key
INV00512785,ITEM3941,LOC0014,2025-05-31,2.000,0.000,1.000,0.000,2.000,pcs,orphan_foreign_key
INV00512831,ITEM5059,LOC0014,2025-05-31,2.000,8.000,4.000,4.000,6.000,pcs,orphan_foreign_key
INV00512869,ITEM0382,LOC0014,2025-05-31,3.000,0.000,1.000,0.000,3.000,pcs,orphan_foreign_key
INV00513226,ITEM2909,LOC0017,2025-05-31,2.050,0.000,0.440,0.000,2.050,kg,orphan_foreign_key
INV00513283,ITEM9317,LOC0017,2025-05-31,6.000,0.000,2.000,2.000,4.000,pcs,orphan_foreign_key
INV00513351,ITEM7595,LOC0018,2025-05-31,2.590,0.000,1.230,0.900,1.690,kg,orphan_foreign_key
INV00513688,ITEM3682,LOC0020,2025-05-31,0.450,0.000,0.050,0.000,0.450,kg,orphan_foreign_key
INV00513764,ITEM4094,LOC0021,2025-05-31,2.090,0.000,0.480,0.300,1.790,kg,orphan_foreign_key
INV00513820,ITEM9422,LOC0021,2025-05-31,3.000,0.000,1.000,0.000,3.000,pcs,orphan_foreign_key
INV00514011,ITEM7147,LOC0022,2025-05-31,7.000,21.000,13.000,13.000,15.000,pcs,orphan_foreign_key
INV00514192,ITEM2030,LOC0024,2025-05-31,0.510,0.000,0.130,0.000,0.510,kg,orphan_foreign_key
INV00515515,ITEM2571,LOC0009,2025-06-01,3.000,4.000,3.000,2.000,5.000,pcs,orphan_foreign_key
INV00515585,ITEM3485,LOC0009,2025-06-01,2.000,0.000,1.000,0.000,2.000,pcs,orphan_foreign_key
INV00515842,ITEM6709,LOC0011,2025-06-01,2.550,0.000,0.400,0.400,2.150,kg,orphan_foreign_key
INV00515915,ITEM5337,LOC0011,2025-06-01,5.000,0.000,4.000,4.000,1.000,pcs,orphan_foreign_key
INV00515942,ITEM3941,LOC0012,2025-06-01,0.770,0.000,0.230,0.000,0.770,liters,orphan_foreign_key
INV00516868,ITEM4114,LOC0018,2025-06-01,5.280,0.000,1.670,0.700,4.580,liters,orphan_foreign_key
INV00517271,ITEM9458,LOC0021,2025-06-01,3.000,0.000,1.000,0.000,3.000,pcs,orphan_foreign_key
INV00517414,ITEM8336,LOC0022,2025-06-01,2.000,0.000,1.000,1.000,1.000,pcs,orphan_foreign_key
INV00517768,ITEM2500,LOC0025,2025-06-01,0.280,0.000,0.210,0.000,0.280,kg,orphan_foreign_key
INV00518045,ITEM1295,LOC0002,2025-06-02,0.500,0.000,0.170,0.000,0.500,kg,orphan_foreign_key
INV00518075,ITEM0271,LOC0002,2025-06-02,2.000,0.000,1.000,0.000,2.000,pcs,orphan_foreign_key
INV00518265,ITEM2746,LOC0003,2025-06-02,18.000,0.000,8.000,6.000,11.000,pcs,orphan_foreign_key
INV00518319,ITEM9575,LOC0004,2025-06-02,0.570,0.000,0.130,0.000,0.570,kg,orphan_foreign_key
INV00519316,ITEM3538,LOC0011,2025-06-02,11.000,0.000,2.000,0.000,11.000,pcs,orphan_foreign_key
INV00520284,ITEM9564,LOC0018,2025-06-02,2.000,3.000,2.000,1.000,4.000,pcs,orphan_foreign_key
INV00520509,ITEM1440,LOC0020,2025-06-02,0.220,0.690,0.390,0.000,0.910,kg,orphan_foreign_key
INV00520805,ITEM2115,LOC0022,2025-06-02,2.000,6.000,3.000,3.000,5.000,pcs,orphan_foreign_key
INV00520817,ITEM2795,LOC0022,2025-06-02,2.000,3.000,2.000,1.000,4.000,pcs,orphan_foreign_key
INV00521149,ITEM2113,LOC0024,2025-06-02,2.000,0.000,1.000,0.000,2.000,pcs,orphan_foreign_key
INV00521241,ITEM1283,LOC0025,2025-06-02,0.120,0.000,0.050,0.000,0.120,kg,orphan_foreign_key
INV00521364,ITEM9191,LOC0001,2025-06-03,4.000,0.000,1.000,0.000,4.000,pcs,orphan_foreign_key
INV00521475,ITEM8323,LOC0002,2025-06-03,4.970,0.000,0.170,0.000,4.970,kg,orphan_foreign_key
INV00521499,ITEM0441,LOC0002,2025-06-03,3.000,0.000,1.000,0.000,3.000,pcs,orphan_foreign_key
INV00521592,ITEM2122,LOC0003,2025-06-03,10.000,0.000,3.000,1.000,9.000,pcs,orphan_foreign_key
INV00522455,ITEM5125,LOC0009,2025-06-03,2.000,0.000,1.000,0.000,2.000,pcs,orphan_foreign_key
INV00522794,ITEM8891,LOC0012,2025-06-03,3.000,0.000,2.000,2.000,1.000,pcs,orphan_foreign_key
INV00522913,ITEM2318,LOC0012,2025-06-03,2.000,0.000,0.170,0.000,2.000,liters,orphan_foreign_key
INV00523245,ITEM1394,LOC0015,2025-06-03,11.730,0.000,4.020,2.500,9.230,kg,orphan_foreign_key
INV00523900,ITEM9157,LOC0020,2025-06-03,8.000,0.000,3.000,3.000,5.000,pcs,orphan_foreign_key
INV00523991,ITEM6484,LOC0020,2025-06-03,0.340,0.000,0.050,0.000,0.340,kg,orphan_foreign_key
INV00524330,ITEM8504,LOC0023,2025-06-03,5.000,0.000,2.000,1.000,3.000,pcs,orphan_foreign_key
INV00524510,ITEM5910,LOC0024,2025-06-03,2.000,10.000,4.000,3.000,9.000,pcs,orphan_foreign_key
INV00524624,ITEM2223,LOC0025,2025-06-03,2.120,0.000,0.090,0.000,2.120,kg,orphan_foreign_key
INV00524907,ITEM4138,LOC0002,2025-06-04,0.640,0.000,0.340,0.000,0.640,kg,orphan_foreign_key
INV00525246,ITEM6451,LOC0004,2025-06-04,2.110,0.000,1.000,1.000,1.110,liters,orphan_foreign_key
INV00525379,ITEM6649,LOC0005,2025-06-04,0.550,0.000,0.260,0.250,0.300,liters,orphan_foreign_key
INV00525746,ITEM3162,LOC0008,2025-06-04,11.000,0.000,5.000,5.000,6.000,pcs,orphan_foreign_key
INV00525888,ITEM9364,LOC0009,2025-06-04,10.000,0.000,2.000,1.000,9.000,pcs,orphan_foreign_key
INV00526097,ITEM7451,LOC0011,2025-06-04,0.760,0.000,0.050,0.000,0.760,liters,orphan_foreign_key
INV00526239,ITEM3703,LOC0012,2025-06-04,0.060,0.720,0.300,0.300,0.480,liters,orphan_foreign_key
INV00526503,ITEM8407,LOC0014,2025-06-04,5.000,0.000,1.000,0.000,5.000,pcs,orphan_foreign_key
INV00526671,ITEM3351,LOC0015,2025-06-04,0.750,0.000,0.190,0.000,0.750,kg,orphan_foreign_key
INV00527503,ITEM1154,LOC0021,2025-06-04,3.310,0.000,0.600,0.600,2.710,kg,orphan_foreign_key
INV00527968,ITEM9265,LOC0024,2025-06-04,2.000,0.000,1.000,0.000,2.000,pcs,orphan_foreign_key
INV00528035,ITEM8605,LOC0025,2025-06-04,0.320,0.000,0.020,0.000,0.320,liters,orphan_foreign_key
INV00528154,ITEM2445,LOC0025,2025-06-04,2.000,0.000,1.000,0.000,2.000,pcs,orphan_foreign_key
INV00528564,ITEM2361,LOC0003,2025-06-05,14.000,0.000,7.000,7.000,7.000,pcs,orphan_foreign_key
INV00529436,ITEM4101,LOC0010,2025-06-05,1.420,1.820,1.600,1.600,1.640,kg,orphan_foreign_key
INV00530382,ITEM7207,LOC0017,2025-06-05,0.450,1.260,0.600,0.600,1.110,kg,orphan_foreign_key
INV00530513,ITEM2320,LOC0018,2025-06-05,0.980,0.000,0.400,0.300,0.680,kg,orphan_foreign_key
INV00530607,ITEM2455,LOC0018,2025-06-05,2.880,0.000,0.430,0.350,2.530,liters,orphan_foreign_key
INV00530891,ITEM2003,LOC0020,2025-06-05,1.590,0.000,0.120,0.000,1.590,liters,orphan_foreign_key
INV00531136,ITEM7759,LOC0022,2025-06-05,0.570,0.000,0.030,0.000,0.570,kg,orphan_foreign_key
INV00531674,ITEM6139,LOC0001,2025-06-06,2.000,0.000,1.000,0.000,2.000,pcs,orphan_foreign_key
INV00531709,ITEM4035,LOC0001,2025-06-06,7.900,0.000,2.430,1.750,6.150,liters,orphan_foreign_key
INV00531755,ITEM1336,LOC0002,2025-06-06,1.630,0.000,0.900,0.900,0.730,kg,orphan_foreign_key
INV00532650,ITEM5193,LOC0008,2025-06-06,3.000,0.000,1.000,0.000,3.000,pcs,orphan_foreign_key
INV00533382,ITEM7355,LOC0014,2025-06-06,1.500,0.000,0.080,0.000,1.500,liters,orphan_foreign_key
INV00534040,ITEM4845,LOC0018,2025-06-06,1.000,0.000,0.580,0.350,0.650,liters,orphan_foreign_key
INV00534208,ITEM7683,LOC0020,2025-06-06,2.000,4.000,2.000,2.000,4.000,pcs,orphan_foreign_key
INV00534397,ITEM3899,LOC0021,2025-06-06,0.450,0.000,0.070,0.000,0.450,kg,orphan_foreign_key
INV00535030,ITEM1113,LOC0001,2025-06-07,11.000,0.000,5.000,5.000,6.000,pcs,orphan_foreign_key
INV00535046,ITEM9881,LOC0001,2025-06-07,3.000,0.000,1.000,1.000,2.000,pcs,orphan_foreign_key
INV00535256,ITEM3435,LOC0002,2025-06-07,1.050,0.000,0.060,0.000,1.050,kg,orphan_foreign_key
INV00535712,ITEM8339,LOC0006,2025-06-07,3.000,0.000,2.000,1.000,2.000,pcs,orphan_foreign_key
INV00535867,ITEM8245,LOC0007,2025-06-07,0.790,0.000,0.080,0.000,0.790,liters,orphan_foreign_key
INV00536340,ITEM4487,LOC0010,2025-06-07,0.380,0.000,0.020,0.000,0.380,kg,orphan_foreign_key
INV00536666,ITEM3006,LOC0012,2025-06-07,8.000,0.000,2.000,0.000,8.000,pcs,orphan_foreign_key
INV00537447,ITEM0528,LOC0018,2025-06-07,0.560,0.000,0.380,0.350,0.210,kg,orphan_foreign_key
INV00537459,ITEM3329,LOC0018,2025-06-07,1.370,0.000,0.840,0.750,0.620,liters,orphan_foreign_key
INV00538026,ITEM7443,LOC0022,2025-06-07,0.950,0.000,0.090,0.000,0.950,liters,orphan_foreign_key
INV00538831,ITEM9689,LOC0003,2025-06-08,3.000,6.000,3.000,0.000,9.000,pcs,orphan_foreign_key
INV00538979,ITEM8688,LOC0004,2025-06-08,0.890,0.000,0.070,0.000,0.890,liters,orphan_foreign_key
INV00539813,ITEM1953,LOC0010,2025-06-08,7.000,0.000,3.000,3.000,4.000,pcs,orphan_foreign_key
INV00539885,ITEM6776,LOC0011,2025-06-08,2.000,0.000,1.000,0.000,2.000,pcs,orphan_foreign_key
INV00539922,ITEM5125,LOC0011,2025-06-08,2.000,0.000,1.000,0.000,2.000,pcs,orphan_foreign_key
INV00540001,ITEM3870,LOC0012,2025-06-08,4.880,0.000,3.000,3.000,1.880,kg,orphan_foreign_key
INV00540065,ITEM8414,LOC0012,2025-06-08,3.000,0.000,1.000,0.000,3.000,pcs,orphan_foreign_key
INV00540216,ITEM9609,LOC0013,2025-06-08,7.480,0.000,2.610,1.750,5.730,liters,orphan_foreign_key
INV00540683,ITEM8109,LOC0017,2025-06-08,0.490,1.560,0.900,0.900,1.150,kg,orphan_foreign_key
INV00540728,ITEM1743,LOC0017,2025-06-08,4.000,0.000,1.000,1.000,3.000,pcs,orphan_foreign_key
INV00541033,ITEM0962,LOC0019,2025-06-08,2.000,0.000,1.000,0.000,2.000,pcs,orphan_foreign_key
INV00541346,ITEM5283,LOC0022,2025-06-08,1.000,7.000,3.000,3.000,5.000,pcs,orphan_foreign_key
INV00541489,ITEM1203,LOC0023,2025-06-08,5.000,0.000,3.000,3.000,2.000,pcs,orphan_foreign_key
INV00541628,ITEM7683,LOC0024,2025-06-08,5.000,0.000,1.000,0.000,5.000,pcs,orphan_foreign_key
INV00542924,ITEM5210,LOC0008,2025-06-09,3.000,0.000,1.000,0.000,3.000,pcs,orphan_foreign_key
INV00543996,ITEM6901,LOC0016,2025-06-09,3.460,0.000,1.320,0.800,2.660,kg,orphan_foreign_key
INV00544060,ITEM8862,LOC0016,2025-06-09,2.530,0.000,0.500,0.500,2.030,liters,orphan_foreign_key
INV00544091,ITEM3718,LOC0017,2025-06-09,3.000,0.000,1.000,0.000,3.000,pcs,orphan_foreign_key
INV00544362,ITEM3828,LOC0019,2025-06-09,3.000,16.000,8.000,8.000,11.000,pcs,orphan_foreign_key
INV00544468,ITEM8380,LOC0019,2025-06-09,1.140,0.000,0.810,0.750,0.390,liters,orphan_foreign_key
INV00544857,ITEM9854,LOC0022,2025-06-09,8.000,0.000,2.000,1.000,7.000,pcs,orphan_foreign_key
INV00545075,ITEM8944,LOC0024,2025-06-09,2.000,0.000,1.000,0.000,2.000,pcs,orphan_foreign_key
INV00545610,ITEM9317,LOC0003,2025-06-10,4.000,0.000,1.000,0.000,4.000,pcs,orphan_foreign_key
INV00547571,ITEM7461,LOC0017,2025-06-10,0.570,0.000,0.130,0.000,0.570,kg,orphan_foreign_key
INV00548068,ITEM4672,LOC0020,2025-06-10,6.000,0.000,2.000,0.000,6.000,pcs,orphan_foreign_key
INV00548315,ITEM2253,LOC0022,2025-06-10,2.000,0.000,1.000,0.000,2.000,pcs,orphan_foreign_key
INV00548594,ITEM8608,LOC0024,2025-06-10,3.000,0.000,1.000,0.000,2.000,pcs,orphan_foreign_key
INV00548967,ITEM1683,LOC0002,2025-06-11,8.000,18.000,9.000,6.000,20.000,pcs,orphan_foreign_key
INV00549614,ITEM8021,LOC0007,2025-06-11,2.000,0.000,1.000,0.000,1.000,pcs,orphan_foreign_key
INV00549783,ITEM6451,LOC0008,2025-06-11,2.000,0.000,1.000,0.000,2.000,pcs,orphan_foreign_key
INV00549843,ITEM3629,LOC0008,2025-06-11,6.000,0.000,2.000,2.000,4.000,pcs,orphan_foreign_key
INV00549964,ITEM9670,LOC0009,2025-06-11,0.640,0.000,0.110,0.000,0.640,liters,orphan_foreign_key
INV00550215,ITEM8114,LOC0011,2025-06-11,3.090,0.000,0.020,0.000,3.090,kg,orphan_foreign_key
INV00550912,ITEM0571,LOC0016,2025-06-11,5.000,0.000,2.000,1.000,4.000,pcs,orphan_foreign_key
INV00551186,ITEM9013,LOC0018,2025-06-11,3.000,0.000,2.000,0.000,3.000,pcs,orphan_foreign_key
INV00551572,ITEM9725,LOC0021,2025-06-11,2.000,0.000,1.000,0.000,2.000,pcs,orphan_foreign_key
INV00552416,ITEM1755,LOC0002,2025-06-12,3.000,0.000,1.000,0.000,3.000,pcs,orphan_foreign_key
INV00552512,ITEM3439,LOC0003,2025-06-12,1.660,0.000,0.250,0.000,1.660,kg,orphan_foreign_key
INV00552656,ITEM6919,LOC0004,2025-06-12,2.220,0.000,0.180,0.000,2.220,kg,orphan_foreign_key
INV00552828,ITEM7989,LOC0005,2025-06-12,3.000,0.000,1.000,0.000,3.000,pcs,orphan_foreign_key
INV00553188,ITEM6937,LOC0008,2025-06-12,11.000,0.000,1.000,0.000,11.000,pcs,orphan_foreign_key
INV00553195,ITEM8918,LOC0008,2025-06-12,0.200,0.000,0.150,0.000,0.200,kg,orphan_foreign_key
INV00553475,ITEM6543,LOC0010,2025-06-12,0.980,0.000,0.500,0.500,0.480,kg,orphan_foreign_key
INV00553576,ITEM3926,LOC0011,2025-06-12,2.000,0.000,1.000,0.000,2.000,pcs,orphan_foreign_key
INV00553781,ITEM1422,LOC0012,2025-06-12,3.000,0.000,1.000,0.000,3.000,pcs,orphan_foreign_key
INV00554185,ITEM4762,LOC0015,2025-06-12,2.000,0.000,1.000,1.000,1.000,pcs,orphan_foreign_key
INV00554303,ITEM5640,LOC0016,2025-06-12,1.180,6.740,2.980,2.500,4.970,kg,orphan_foreign_key
INV00554551,ITEM6419,LOC0018,2025-06-12,3.000,0.000,2.000,1.000,2.000,pcs,orphan_foreign_key
INV00554839,ITEM0404,LOC0020,2025-06-12,1.160,0.000,0.340,0.300,0.860,liters,orphan_foreign_key
INV00555038,ITEM8578,LOC0021,2025-06-12,2.000,0.000,1.000,0.000,2.000,pcs,orphan_foreign_key
INV00555123,ITEM4336,LOC0022,2025-06-12,4.000,0.000,1.000,1.000,3.000,pcs,orphan_foreign_key
INV00555426,ITEM5886,LOC0024,2025-06-12,1.030,3.390,2.000,2.000,2.420,kg,orphan_foreign_key
INV00556148,ITEM4716,LOC0004,2025-06-13,2.000,0.000,1.000,0.000,2.000,pcs,orphan_foreign_key
INV00556281,ITEM1793,LOC0005,2025-06-13,6.000,0.000,2.000,1.000,5.000,pcs,orphan_foreign_key
INV00556340,ITEM5037,LOC0005,2025-06-13,11.000,0.000,4.000,2.000,9.000,pcs,orphan_foreign_key
INV00556637,ITEM0626,LOC0008,2025-06-13,3.000,0.000,1.000,0.000,3.000,pcs,orphan_foreign_key
INV00556928,ITEM8423,LOC0010,2025-06-13,3.260,0.000,1.290,0.500,2.760,kg,orphan_foreign_key
INV00557080,ITEM7661,LOC0011,2025-06-13,1.750,0.000,0.110,0.000,1.750,kg,orphan_foreign_key
INV00557163,ITEM0629,LOC0011,2025-06-13,3.000,0.000,1.000,0.000,3.000,pcs,orphan_foreign_key
INV00557359,ITEM3601,LOC0013,2025-06-13,1.370,0.000,0.410,0.400,0.970,kg,orphan_foreign_key
INV00557385,ITEM0888,LOC0013,2025-06-13,3.000,0.000,1.000,0.000,3.000,pcs,orphan_foreign_key
INV00557562,ITEM1023,LOC0014,2025-06-13,0.700,3.950,1.650,1.400,3.250,liters,orphan_foreign_key
INV00557567,ITEM7965,LOC0014,2025-06-13,7.000,16.000,8.000,6.000,15.000,pcs,orphan_foreign_key
INV00557594,ITEM3325,LOC0015,2025-06-13,0.610,0.000,0.300,0.300,0.310,liters,orphan_foreign_key
INV00558739,ITEM9228,LOC0023,2025-06-13,1.650,0.000,0.810,0.500,1.150,kg,orphan_foreign_key
INV00559543,ITEM1905,LOC0004,2025-06-14,8.000,0.000,4.000,4.000,4.000,pcs,orphan_foreign_key
INV00560001,ITEM9117,LOC0007,2025-06-14,3.000,0.000,1.000,0.000,3.000,pcs,orphan_foreign_key
INV00560789,ITEM5072,LOC0013,2025-06-14,1.030,3.050,1.500,1.500,2.580,kg,orphan_foreign_key
INV00560800,ITEM5906,LOC0013,2025-06-14,1.130,3.080,1.510,1.000,3.040,kg,orphan_foreign_key
INV00561092,ITEM2226,LOC0015,2025-06-14,0.470,0.000,0.250,0.000,0.470,kg,orphan_foreign_key
INV00561598,ITEM3721,LOC0019,2025-06-14,1.000,5.000,2.000,1.000,5.000,pcs,orphan_foreign_key
INV00561786,ITEM5133,LOC0020,2025-06-14,1.470,0.000,0.800,0.800,0.670,kg,orphan_foreign_key
INV00561861,ITEM2415,LOC0020,2025-06-14,3.000,24.000,13.000,13.000,14.000,pcs,orphan_foreign_key
INV00562262,ITEM0509,LOC0023,2025-06-14,6.700,13.670,7.470,4.900,15.470,liters,orphan_foreign_key
INV00562724,ITEM2999,LOC0002,2025-06-15,5.000,0.000,2.000,1.000,4.000,pcs,orphan_foreign_key
INV00562874,ITEM3955,LOC0003,2025-06-15,0.840,2.350,1.200,1.200,1.990,kg,orphan_foreign_key
INV00563559,ITEM2664,LOC0008,2025-06-15,0.800,0.000,0.220,0.000,0.800,kg,orphan_foreign_key
INV00563823,ITEM9785,LOC0010,2025-06-15,0.850,0.000,0.150,0.000,0.850,kg,orphan_foreign_key
INV00564408,ITEM6053,LOC0014,2025-06-15,0.980,3.800,2.000,2.000,2.780,kg,orphan_foreign_key
INV00564869,ITEM5394,LOC0017,2025-06-15,2.000,0.000,1.000,0.000,2.000,pcs,orphan_foreign_key
INV00565272,ITEM7746,LOC0020,2025-06-15,5.000,0.000,1.000,1.000,4.000,pcs,orphan_foreign_key
INV00565316,ITEM4313,LOC0020,2025-06-15,14.000,0.000,7.000,6.000,8.000,pcs,orphan_foreign_key
INV00565437,ITEM0278,LOC0021,2025-06-15,1.380,0.000,0.220,0.000,1.380,liters,orphan_foreign_key
INV00565512,ITEM6884,LOC0022,2025-06-15,3.680,0.000,1.000,1.000,2.680,kg,orphan_foreign_key
INV00565783,ITEM1728,LOC0024,2025-06-15,0.790,3.650,1.880,1.500,2.730,kg,orphan_foreign_key
INV00566361,ITEM3860,LOC0003,2025-06-16,3.000,0.000,1.000,0.000,2.000,pcs,orphan_foreign_key
INV00566401,ITEM4360,LOC0003,2025-06-16,2.270,0.000,0.240,0.000,2.270,liters,orphan_foreign_key
INV00566697,ITEM3250,LOC0005,2025-06-16,2.000,5.000,3.000,2.000,5.000,pcs,orphan_foreign_key
INV00566917,ITEM6743,LOC0007,2025-06-16,2.000,5.000,3.000,3.000,4.000,pcs,orphan_foreign_key
INV00567635,ITEM8703,LOC0012,2025-06-16,0.290,0.000,0.190,0.000,0.290,liters,orphan_foreign_key
INV00567683,ITEM5764,LOC0013,2025-06-16,0.430,0.000,0.110,0.000,0.430,liters,orphan_foreign_key
INV00567705,ITEM5767,LOC0013,2025-06-16,0.360,0.000,0.140,0.000,0.360,kg,orphan_foreign_key
INV00568535,ITEM8146,LOC0019,2025-06-16,0.260,0.000,0.120,0.000,0.260,kg,orphan_foreign_key
INV00569381,ITEM0970,LOC0025,2025-06-16,1.860,0.000,0.500,0.500,1.360,kg,orphan_foreign_key
INV00569740,ITEM4681,LOC0002,2025-06-17,3.000,5.000,3.000,2.000,6.000,pcs,orphan_foreign_key
INV00569890,ITEM2342,LOC0004,2025-06-17,2.000,0.000,1.000,0.000,2.000,pcs,orphan_foreign_key
INV00570302,ITEM5583,LOC0006,2025-06-17,6.000,0.000,1.000,1.000,5.000,pcs,orphan_foreign_key
INV00570511,ITEM8677,LOC0008,2025-06-17,4.000,0.000,1.000,0.000,4.000,pcs,orphan_foreign_key
INV00570568,ITEM8564,LOC0008,2025-06-17,4.000,0.000,2.000,0.000,4.000,pcs,orphan_foreign_key
INV00570930,ITEM9927,LOC0011,2025-06-17,0.130,0.000,0.100,0.000,0.130,kg,orphan_foreign_key
INV00571288,ITEM8943,LOC0014,2025-06-17,1.510,0.000,0.080,0.000,1.510,kg,orphan_foreign_key
INV00571327,ITEM0471,LOC0014,2025-06-17,4.000,0.000,2.000,1.000,3.000,pcs,orphan_foreign_key
INV00571881,ITEM0774,LOC0018,2025-06-17,8.000,0.000,3.000,3.000,5.000,pcs,orphan_foreign_key
INV00571987,ITEM5037,LOC0019,2025-06-17,1.760,0.000,0.120,0.000,1.760,kg,orphan_foreign_key
INV00572498,ITEM6109,LOC0022,2025-06-17,2.930,0.000,1.560,1.400,1.530,liters,orphan_foreign_key
INV00573197,ITEM7976,LOC0002,2025-06-18,3.000,0.000,2.000,0.000,3.000,pcs,orphan_foreign_key
INV00573204,ITEM3734,LOC0003,2025-06-18,10.000,0.000,3.000,3.000,7.000,pcs,orphan_foreign_key
INV00573247,ITEM0435,LOC0003,2025-06-18,1.700,3.430,2.500,2.500,2.630,kg,orphan_foreign_key
INV00573371,ITEM4672,LOC0004,2025-06-18,1.730,0.000,0.120,0.000,1.730,kg,orphan_foreign_key
INV00573603,ITEM6619,LOC0005,2025-06-18,2.600,0.000,2.100,2.100,0.500,liters,orphan_foreign_key
INV00573654,ITEM5367,LOC0006,2025-06-18,0.550,0.000,0.360,0.300,0.250,kg,orphan_foreign_key
INV00573806,ITEM3648,LOC0007,2025-06-18,1.990,0.000,0.540,0.000,1.990,kg,orphan_foreign_key
INV00574040,ITEM1500,LOC0009,2025-06-18,0.350,0.000,0.080,0.000,0.350,liters,orphan_foreign_key
INV00574149,ITEM8839,LOC0009,2025-06-18,21.000,41.000,24.000,24.000,38.000,pcs,orphan_foreign_key
INV00574202,ITEM5197,LOC0010,2025-06-18,0.220,0.000,0.120,0.000,0.220,kg,orphan_foreign_key
INV00574238,ITEM6238,LOC0010,2025-06-18,3.000,4.000,3.000,2.000,5.000,pcs,orphan_foreign_key
INV00574294,ITEM3594,LOC0010,2025-06-18,9.000,0.000,4.000,4.000,5.000,pcs,orphan_foreign_key
INV00574313,ITEM9749,LOC0011,2025-06-18,0.420,0.000,0.040,0.000,0.420,liters,orphan_foreign_key
INV00574504,ITEM7639,LOC0012,2025-06-18,1.000,2.000,1.000,1.000,2.000,pcs,orphan_foreign_key
INV00574586,ITEM4201,LOC0013,2025-06-18,4.000,0.000,1.000,0.000,4.000,pcs,orphan_foreign_key
INV00574907,ITEM6396,LOC0015,2025-06-18,0.460,2.870,1.200,1.200,2.130,kg,orphan_foreign_key
INV00575160,ITEM0378,LOC0017,2025-06-18,0.550,0.000,0.120,0.000,0.550,kg,orphan_foreign_key
INV00575682,ITEM1747,LOC0020,2025-06-18,8.000,0.000,2.000,0.000,8.000,pcs,orphan_foreign_key
INV00576670,ITEM1287,LOC0003,2025-06-19,1.200,0.000,0.090,0.000,1.200,liters,orphan_foreign_key
INV00576995,ITEM9339,LOC0005,2025-06-19,3.000,0.000,1.000,0.000,3.000,pcs,orphan_foreign_key
INV00577102,ITEM1015,LOC0006,2025-06-19,1.410,0.000,0.040,0.000,1.410,kg,orphan_foreign_key
INV00577381,ITEM5450,LOC0008,2025-06-19,0.470,0.000,0.160,0.000,0.470,kg,orphan_foreign_key
INV00577385,ITEM0974,LOC0008,2025-06-19,12.340,0.000,3.590,2.500,9.840,kg,orphan_foreign_key
INV00577416,ITEM4729,LOC0008,2025-06-19,2.000,4.000,2.000,1.000,5.000,pcs,orphan_foreign_key
INV00577856,ITEM0841,LOC0011,2025-06-19,2.000,0.000,1.000,0.000,2.000,pcs,orphan_foreign_key
INV00578260,ITEM0835,LOC0014,2025-06-19,0.710,0.000,0.040,0.000,0.710,kg,orphan_foreign_key
INV00578600,ITEM5749,LOC0017,2025-06-19,0.200,0.000,0.160,0.000,0.200,liters,orphan_foreign_key
INV00578658,ITEM6321,LOC0017,2025-06-19,2.000,0.000,1.000,0.000,2.000,pcs,orphan_foreign_key
INV00578814,ITEM3786,LOC0018,2025-06-19,0.570,0.000,0.040,0.000,0.570,kg,orphan_foreign_key
INV00579260,ITEM4238,LOC0021,2025-06-19,11.120,0.000,1.220,0.700,10.420,liters,orphan_foreign_key
INV00579290,ITEM6861,LOC0022,2025-06-19,2.000,0.000,1.000,0.000,2.000,pcs,orphan_foreign_key
INV00579375,ITEM8743,LOC0022,2025-06-19,0.640,1.970,1.050,1.050,1.560,kg,orphan_foreign_key
INV00580880,ITEM6437,LOC0008,2025-06-20,3.000,0.000,1.000,1.000,2.000,pcs,orphan_foreign_key
INV00581377,ITEM2380,LOC0012,2025-06-20,1.020,0.000,0.320,0.300,0.720,kg,orphan_foreign_key
INV00581656,ITEM6036,LOC0014,2025-06-20,0.380,0.000,0.060,0.000,0.380,kg,orphan_foreign_key
INV00581685,ITEM9949,LOC0014,2025-06-20,3.000,0.000,1.000,0.000,3.000,pcs,orphan_foreign_key
INV00581700,ITEM2408,LOC0014,2025-06-20,8.000,0.000,1.000,0.000,8.000,pcs,orphan_foreign_key
INV00582303,ITEM9715,LOC0018,2025-06-20,4.600,0.000,1.230,0.700,3.900,liters,orphan_foreign_key
INV00582715,ITEM7872,LOC0021,2025-06-20,10.420,0.000,3.850,3.850,6.570,liters,orphan_foreign_key
INV00582954,ITEM2150,LOC0023,2025-06-20,1.000,2.000,1.000,0.000,3.000,pcs,orphan_foreign_key
INV00584187,ITEM1549,LOC0007,2025-06-21,4.000,0.000,1.000,0.000,4.000,pcs,orphan_foreign_key
INV00584212,ITEM2086,LOC0007,2025-06-21,0.880,0.000,0.040,0.000,0.880,kg,orphan_foreign_key
INV00584278,ITEM7710,LOC0008,2025-06-21,3.000,0.000,1.000,0.000,3.000,pcs,orphan_foreign_key
INV00584421,ITEM8205,LOC0009,2025-06-21,0.120,0.000,0.070,0.000,0.120,kg,orphan_foreign_key
INV00585149,ITEM8615,LOC0014,2025-06-21,1.000,6.000,3.000,3.000,4.000,pcs,orphan_foreign_key
INV00585232,ITEM3291,LOC0015,2025-06-21,1.370,0.000,0.130,0.000,1.370,liters,orphan_foreign_key
INV00586043,ITEM3355,LOC0020,2025-06-21,22.000,0.000,10.000,10.000,12.000,pcs,orphan_foreign_key
INV00586611,ITEM5315,LOC0025,2025-06-21,3.000,0.000,1.000,1.000,2.000,pcs,orphan_foreign_key
INV00586758,ITEM7114,LOC0001,2025-06-22,2.350,0.000,0.300,0.300,2.050,liters,orphan_foreign_key
INV00586954,ITEM5147,LOC0002,2025-06-22,2.000,0.000,1.000,0.000,2.000,pcs,orphan_foreign_key
INV00586970,ITEM4549,LOC0002,2025-06-22,0.370,0.000,0.180,0.000,0.370,kg,orphan_foreign_key
INV00587782,ITEM4562,LOC0008,2025-06-22,2.000,0.000,1.000,0.000,2.000,pcs,orphan_foreign_key
INV00587798,ITEM5495,LOC0008,2025-06-22,1.970,0.000,0.090,0.000,1.970,kg,orphan_foreign_key
INV00588406,ITEM1639,LOC0013,2025-06-22,4.000,6.000,4.000,4.000,6.000,pcs,orphan_foreign_key
INV00589163,ITEM6474,LOC0018,2025-06-22,7.000,0.000,2.000,1.000,6.000,pcs,orphan_foreign_key
INV00589307,ITEM5452,LOC0019,2025-06-22,6.000,0.000,1.000,0.000,6.000,pcs,orphan_foreign_key
INV00590333,ITEM8659,LOC0001,2025-06-23,2.000,0.000,1.000,0.000,2.000,pcs,orphan_foreign_key
INV00590399,ITEM5626,LOC0002,2025-06-23,2.000,0.000,1.000,0.000,2.000,pcs,orphan_foreign_key
INV00590438,ITEM6622,LOC0002,2025-06-23,3.000,0.000,1.000,0.000,3.000,pcs,orphan_foreign_key
INV00590445,ITEM5843,LOC0002,2025-06-23,0.350,0.000,0.110,0.000,0.350,liters,orphan_foreign_key
INV00590704,ITEM1611,LOC0004,2025-06-23,0.630,0.000,0.100,0.000,0.630,kg,orphan_foreign_key
INV00590954,ITEM9449,LOC0006,2025-06-23,7.000,0.000,1.000,0.000,7.000,pcs,orphan_foreign_key
INV00591054,ITEM9729,LOC0007,2025-06-23,3.000,0.000,1.000,0.000,3.000,pcs,orphan_foreign_key
INV00591176,ITEM8988,LOC0008,2025-06-23,5.000,0.000,1.000,1.000,4.000,pcs,orphan_foreign_key
INV00591763,ITEM8618,LOC0012,2025-06-23,0.300,0.000,0.170,0.000,0.300,kg,orphan_foreign_key
INV00592002,ITEM4780,LOC0014,2025-06-23,0.270,0.000,0.080,0.000,0.270,liters,orphan_foreign_key
INV00592007,ITEM7078,LOC0014,2025-06-23,4.000,0.000,2.000,1.000,2.000,pcs,orphan_foreign_key
INV00592432,ITEM6568,LOC0017,2025-06-23,0.830,0.000,0.470,0.300,0.430,kg,orphan_foreign_key
INV00592716,ITEM3504,LOC0019,2025-06-23,0.540,0.000,0.080,0.000,0.540,kg,orphan_foreign_key
INV00592989,ITEM5311,LOC0021,2025-06-23,3.000,0.000,2.000,1.000,2.000,pcs,orphan_foreign_key
INV00593405,ITEM3433,LOC0024,2025-06-23,2.000,0.000,1.000,0.000,2.000,pcs,orphan_foreign_key
INV00594018,ITEM5000,LOC0003,2025-06-24,2.000,0.000,1.000,0.000,2.000,pcs,orphan_foreign_key
INV00594527,ITEM2828,LOC0007,2025-06-24,3.880,0.000,0.880,0.000,3.170,kg,orphan_foreign_key
INV00594637,ITEM2973,LOC0008,2025-06-24,1.220,0.000,0.070,0.000,1.220,liters,orphan_foreign_key
INV00594682,ITEM5032,LOC0008,2025-06-24,3.000,0.000,2.000,2.000,1.000,pcs,orphan_foreign_key
INV00595566,ITEM6492,LOC0014,2025-06-24,0.890,2.110,1.400,1.400,1.600,liters,orphan_foreign_key
INV00595959,ITEM4101,LOC0017,2025-06-24,2.000,0.000,1.000,0.000,2.000,pcs,orphan_foreign_key
INV00596128,ITEM1574,LOC0018,2025-06-24,16.000,0.000,3.000,0.000,16.000,pcs,orphan_foreign_key
INV00596234,ITEM2172,LOC0019,2025-06-24,11.000,0.000,1.000,0.000,11.000,pcs,orphan_foreign_key
INV00596327,ITEM5687,LOC0020,2025-06-24,3.890,0.000,0.680,0.500,3.390,kg,orphan_foreign_key
INV00596338,ITEM6352,LOC0020,2025-06-24,1.080,0.000,0.800,0.800,0.280,kg,orphan_foreign_key
INV00596897,ITEM4850,LOC0024,2025-06-24,2.000,0.000,1.000,0.000,2.000,pcs,orphan_foreign_key
INV00597418,ITEM3859,LOC0003,2025-06-25,0.910,0.000,0.180,0.000,0.910,kg,orphan_foreign_key
INV00597475,ITEM0578,LOC0003,2025-06-25,0.330,0.000,0.190,0.000,0.140,kg,orphan_foreign_key
INV00597663,ITEM2236,LOC0005,2025-06-25,6.000,0.000,1.000,0.000,6.000,pcs,orphan_foreign_key
INV00597856,ITEM2437,LOC0006,2025-06-25,0.980,0.000,0.260,0.000,0.980,kg,orphan_foreign_key
INV00597904,ITEM7800,LOC0006,2025-06-25,3.000,0.000,1.000,0.000,3.000,pcs,orphan_foreign_key
INV00598078,ITEM0379,LOC0007,2025-06-25,10.000,0.000,3.000,1.000,9.000,pcs,orphan_foreign_key
INV00598104,ITEM5129,LOC0008,2025-06-25,3.000,0.000,1.000,0.000,3.000,pcs,orphan_foreign_key
INV00598161,ITEM0946,LOC0008,2025-06-25,1.000,0.000,0.070,0.000,1.000,kg,orphan_foreign_key
INV00598317,ITEM8724,LOC0009,2025-06-25,0.740,0.000,0.080,0.000,0.740,liters,orphan_foreign_key
INV00598492,ITEM8390,LOC0011,2025-06-25,6.000,0.000,1.000,0.000,6.000,pcs,orphan_foreign_key
INV00598772,ITEM9575,LOC0013,2025-06-25,2.000,0.000,1.000,0.000,2.000,pcs,orphan_foreign_key
INV00598994,ITEM3277,LOC0014,2025-06-25,7.000,0.000,1.000,0.000,7.000,pcs,orphan_foreign_key
INV00599043,ITEM7807,LOC0015,2025-06-25,2.000,0.000,1.000,0.000,2.000,pcs,orphan_foreign_key
INV00600435,ITEM9615,LOC0025,2025-06-25,3.000,0.000,2.000,2.000,1.000,pcs,orphan_foreign_key
INV00600511,ITEM3851,LOC0025,2025-06-25,2.000,0.000,1.000,0.000,2.000,pcs,orphan_foreign_key
INV00600513,ITEM8882,LOC0025,2025-06-25,2.000,0.000,1.000,0.000,2.000,pcs,orphan_foreign_key
INV00600908,ITEM4159,LOC0003,2025-06-26,5.000,0.000,1.000,0.000,5.000,pcs,orphan_foreign_key
INV00601091,ITEM5605,LOC0004,2025-06-26,0.360,0.000,0.220,0.000,0.360,liters,orphan_foreign_key
INV00601589,ITEM9557,LOC0008,2025-06-26,0.870,0.000,0.390,0.000,0.870,kg,orphan_foreign_key
INV00601925,ITEM7156,LOC0010,2025-06-26,1.230,0.000,0.380,0.000,1.230,liters,orphan_foreign_key
INV00602242,ITEM8595,LOC0013,2025-06-26,2.000,0.000,1.000,0.000,2.000,pcs,orphan_foreign_key
INV00602509,ITEM5234,LOC0015,2025-06-26,1.180,0.000,0.110,0.000,1.180,liters,orphan_foreign_key
INV00602754,ITEM6783,LOC0016,2025-06-26,2.710,0.000,2.090,1.400,1.310,liters,orphan_foreign_key
INV00602864,ITEM4279,LOC0017,2025-06-26,0.900,0.000,0.130,0.000,0.900,kg,orphan_foreign_key
INV00602911,ITEM5740,LOC0017,2025-06-26,12.000,0.000,3.000,2.000,10.000,pcs,orphan_foreign_key
INV00603120,ITEM9260,LOC0019,2025-06-26,3.000,0.000,1.000,0.000,3.000,pcs,orphan_foreign_key
INV00603358,ITEM9766,LOC0021,2025-06-26,0.290,0.950,0.600,0.600,0.640,kg,orphan_foreign_key
INV00603844,ITEM4628,LOC0024,2025-06-26,10.000,0.000,1.000,0.000,10.000,pcs,orphan_foreign_key
INV00604170,ITEM2146,LOC0002,2025-06-27,0.290,0.000,0.090,0.000,0.290,liters,orphan_foreign_key
INV00604347,ITEM7918,LOC0003,2025-06-27,1.720,0.000,1.000,1.000,0.720,kg,orphan_foreign_key
INV00604594,ITEM2190,LOC0005,2025-06-27,3.000,6.000,3.000,3.000,6.000,pcs,orphan_foreign_key
INV00604647,ITEM6947,LOC0005,2025-06-27,2.000,0.000,1.000,0.000,2.000,pcs,orphan_foreign_key
INV00604835,ITEM0220,LOC0006,2025-06-27,3.350,0.000,1.050,1.050,2.300,liters,orphan_foreign_key
INV00605410,ITEM5795,LOC0011,2025-06-27,0.630,0.000,0.050,0.000,0.630,liters,orphan_foreign_key
INV00605526,ITEM7745,LOC0011,2025-06-27,19.000,0.000,2.000,2.000,17.000,pcs,orphan_foreign_key
INV00605566,ITEM2197,LOC0012,2025-06-27,0.420,2.150,0.900,0.900,1.670,kg,orphan_foreign_key
INV00605748,ITEM7992,LOC0013,2025-06-27,1.000,2.000,1.000,0.000,3.000,pcs,orphan_foreign_key
INV00605858,ITEM2408,LOC0014,2025-06-27,2.290,0.000,1.500,1.500,0.790,kg,orphan_foreign_key
INV00606595,ITEM4691,LOC0019,2025-06-27,0.070,0.000,0.010,0.000,0.070,kg,orphan_foreign_key
INV00607080,ITEM1827,LOC0023,2025-06-27,16.000,0.000,2.000,0.000,16.000,pcs,orphan_foreign_key
INV00607741,ITEM2203,LOC0002,2025-06-28,5.000,0.000,4.000,3.000,2.000,pcs,orphan_foreign_key
INV00607768,ITEM2865,LOC0003,2025-06-28,1.630,0.000,0.120,0.000,1.630,liters,orphan_foreign_key
INV00608182,ITEM1318,LOC0006,2025-06-28,0.160,0.000,0.060,0.000,0.160,liters,orphan_foreign_key
INV00608576,ITEM3303,LOC0009,2025-06-28,1.000,2.000,1.000,0.000,3.000,pcs,orphan_foreign_key
INV00608980,ITEM9170,LOC0011,2025-06-28,8.000,0.000,3.000,2.000,6.000,pcs,orphan_foreign_key
INV00609582,ITEM3097,LOC0016,2025-06-28,1.010,0.000,0.500,0.500,0.510,kg,orphan_foreign_key
INV00610602,ITEM6170,LOC0023,2025-06-28,7.000,0.000,1.000,0.000,7.000,pcs,orphan_foreign_key
INV00610693,ITEM4223,LOC0024,2025-06-28,0.590,0.000,0.300,0.300,0.290,kg,orphan_foreign_key
INV00611441,ITEM2209,LOC0004,2025-06-29,0.240,0.000,0.060,0.000,0.240,kg,orphan_foreign_key
INV00611902,ITEM5209,LOC0008,2025-06-29,3.000,0.000,1.000,0.000,3.000,pcs,orphan_foreign_key
INV00611958,ITEM1209,LOC0008,2025-06-29,3.000,0.000,1.000,0.000,3.000,pcs,orphan_foreign_key
INV00612015,ITEM9055,LOC0008,2025-06-29,1.380,0.000,0.690,0.000,1.380,liters,orphan_foreign_key
INV00612539,ITEM3386,LOC0012,2025-06-29,6.000,0.000,2.000,0.000,6.000,pcs,orphan_foreign_key
INV00612602,ITEM7945,LOC0013,2025-06-29,2.000,0.000,1.000,1.000,1.000,pcs,orphan_foreign_key
INV00612993,ITEM9569,LOC0015,2025-06-29,3.000,9.000,4.000,2.000,10.000,pcs,orphan_foreign_key
INV00613488,ITEM0707,LOC0019,2025-06-29,3.000,0.000,1.000,0.000,3.000,pcs,orphan_foreign_key
INV00613689,ITEM6478,LOC0020,2025-06-29,2.000,6.000,3.000,3.000,5.000,pcs,orphan_foreign_key
INV00614203,ITEM8726,LOC0024,2025-06-29,0.810,0.000,0.030,0.000,0.810,kg,orphan_foreign_key
INV00614529,ITEM6245,LOC0002,2025-06-30,3.000,0.000,1.000,0.000,3.000,pcs,orphan_foreign_key
INV00614600,ITEM4998,LOC0002,2025-06-30,2.000,0.000,1.000,0.000,2.000,pcs,orphan_foreign_key
INV00614976,ITEM7650,LOC0005,2025-06-30,0.650,0.000,0.190,0.000,0.650,kg,orphan_foreign_key
INV00615012,ITEM5974,LOC0005,2025-06-30,2.000,0.000,1.000,0.000,2.000,pcs,orphan_foreign_key
INV00615204,ITEM0862,LOC0006,2025-06-30,0.850,0.000,0.350,0.350,0.500,liters,orphan_foreign_key
INV00615812,ITEM3886,LOC0011,2025-06-30,0.790,0.000,0.190,0.000,0.790,kg,orphan_foreign_key
INV00616733,ITEM4025,LOC0018,2025-06-30,9.000,0.000,4.000,2.000,7.000,pcs,orphan_foreign_key
INV00618620,ITEM4777,LOC0006,2025-07-01,1.080,0.000,0.030,0.000,1.080,kg,orphan_foreign_key
INV00618771,ITEM1107,LOC0007,2025-07-01,3.000,0.000,1.000,0.000,3.000,pcs,orphan_foreign_key
INV00619552,ITEM7438,LOC0013,2025-07-01,3.000,0.000,1.000,0.000,3.000,pcs,orphan_foreign_key
INV00619610,ITEM3520,LOC0013,2025-07-01,6.000,0.000,3.000,3.000,3.000,pcs,orphan_foreign_key
INV00620110,ITEM7968,LOC0017,2025-07-01,5.000,0.000,3.000,3.000,2.000,pcs,orphan_foreign_key
INV00620182,ITEM8000,LOC0018,2025-07-01,1.140,0.000,0.130,0.000,1.140,liters,orphan_foreign_key
INV00621347,ITEM3047,LOC0001,2025-07-02,7.000,0.000,2.000,1.000,6.000,pcs,orphan_foreign_key
INV00621422,ITEM7991,LOC0002,2025-07-02,0.440,0.000,0.090,0.000,0.440,liters,orphan_foreign_key
INV00621689,ITEM4038,LOC0004,2025-07-02,10.000,32.000,18.000,16.000,26.000,pcs,orphan_foreign_key
INV00621827,ITEM4543,LOC0005,2025-07-02,3.000,0.000,1.000,0.000,3.000,pcs,orphan_foreign_key
INV00622722,ITEM0355,LOC0011,2025-07-02,0.510,0.000,0.100,0.000,0.510,kg,orphan_foreign_key
INV00622748,ITEM0529,LOC0011,2025-07-02,1.490,0.000,0.190,0.000,1.490,liters,orphan_foreign_key
INV00622838,ITEM3127,LOC0012,2025-07-02,4.000,0.000,1.000,0.000,4.000,pcs,orphan_foreign_key
INV00622963,ITEM5868,LOC0013,2025-07-02,5.410,0.000,2.480,2.000,3.410,kg,orphan_foreign_key
INV00623617,ITEM6129,LOC0018,2025-07-02,0.750,0.000,0.080,0.000,0.750,liters,orphan_foreign_key
INV00623898,ITEM9846,LOC0020,2025-07-02,0.990,0.000,0.190,0.000,0.990,liters,orphan_foreign_key
INV00624125,ITEM5935,LOC0021,2025-07-02,0.650,1.730,1.000,1.000,1.380,liters,orphan_foreign_key
INV00624564,ITEM2810,LOC0024,2025-07-02,2.000,0.000,1.000,0.000,2.000,pcs,orphan_foreign_key
INV00624878,ITEM7865,LOC0002,2025-07-03,2.040,0.000,0.070,0.000,2.020,kg,orphan_foreign_key
INV00624995,ITEM8331,LOC0003,2025-07-03,0.730,0.000,0.120,0.000,0.730,liters,orphan_foreign_key
INV00625637,ITEM1773,LOC0007,2025-07-03,1.180,0.000,0.150,0.000,1.180,liters,orphan_foreign_key
INV00625911,ITEM1765,LOC0009,2025-07-03,3.000,0.000,0.470,0.350,2.650,liters,orphan_foreign_key
INV00626829,ITEM1758,LOC0016,2025-07-03,5.000,0.000,1.000,0.000,5.000,pcs,orphan_foreign_key
INV00627316,ITEM4687,LOC0020,2025-07-03,3.000,0.000,1.000,0.000,3.000,pcs,orphan_foreign_key
INV00628635,ITEM6067,LOC0004,2025-07-04,3.000,0.000,1.000,0.000,3.000,pcs,orphan_foreign_key
INV00628701,ITEM1214,LOC0005,2025-07-04,0.490,0.000,0.100,0.000,0.490,liters,orphan_foreign_key
INV00628922,ITEM5113,LOC0006,2025-07-04,4.000,0.000,1.000,0.000,4.000,pcs,orphan_foreign_key
INV00629105,ITEM4940,LOC0008,2025-07-04,26.000,0.000,6.000,4.000,22.000,pcs,orphan_foreign_key
INV00630092,ITEM6962,LOC0015,2025-07-04,2.410,0.000,0.750,0.500,1.910,kg,orphan_foreign_key
INV00630134,ITEM1528,LOC0015,2025-07-04,3.000,0.000,1.000,0.000,3.000,pcs,orphan_foreign_key
INV00630153,ITEM6376,LOC0015,2025-07-04,3.000,0.000,1.000,0.000,3.000,pcs,orphan_foreign_key
INV00630220,ITEM7992,LOC0016,2025-07-04,0.790,0.000,0.170,0.000,0.790,kg,orphan_foreign_key
INV00630371,ITEM3257,LOC0017,2025-07-04,1.260,0.000,0.670,0.500,0.760,kg,orphan_foreign_key
INV00631369,ITEM3291,LOC0024,2025-07-04,2.000,0.000,1.000,0.000,2.000,pcs,orphan_foreign_key
INV00631547,ITEM3219,LOC0025,2025-07-04,4.600,0.000,3.510,3.500,1.090,liters,orphan_foreign_key
INV00631632,ITEM4339,LOC0001,2025-07-05,5.000,0.000,1.000,1.000,4.000,pcs,orphan_foreign_key
INV00633130,ITEM2396,LOC0012,2025-07-05,2.000,0.000,1.000,1.000,1.000,pcs,orphan_foreign_key
INV00633236,ITEM5425,LOC0013,2025-07-05,4.000,0.000,2.000,2.000,2.000,pcs,orphan_foreign_key
INV00633550,ITEM4622,LOC0015,2025-07-05,3.000,0.000,1.000,1.000,2.000,pcs,orphan_foreign_key
INV00634224,ITEM4394,LOC0020,2025-07-05,1.330,0.000,0.090,0.000,1.330,kg,orphan_foreign_key
INV00635000,ITEM3620,LOC0025,2025-07-05,3.000,0.000,1.000,0.000,3.000,pcs,orphan_foreign_key
INV00635166,ITEM6910,LOC0002,2025-07-06,1.380,0.000,0.120,0.000,1.380,kg,orphan_foreign_key
INV00636117,ITEM7372,LOC0009,2025-07-06,3.000,13.000,6.000,6.000,10.000,pcs,orphan_foreign_key
INV00636533,ITEM4428,LOC0012,2025-07-06,0.220,0.720,0.370,0.300,0.640,kg,orphan_foreign_key
INV00636772,ITEM8011,LOC0013,2025-07-06,5.000,0.000,3.000,3.000,2.000,pcs,orphan_foreign_key
INV00637125,ITEM2751,LOC0016,2025-07-06,5.000,0.000,2.000,2.000,3.000,pcs,orphan_foreign_key
INV00637473,ITEM5490,LOC0019,2025-07-06,3.000,0.000,1.000,0.000,3.000,pcs,orphan_foreign_key
INV00637633,ITEM7052,LOC0020,2025-07-06,5.000,0.000,2.000,1.000,4.000,pcs,orphan_foreign_key
INV00637943,ITEM2922,LOC0022,2025-07-06,2.320,0.000,0.400,0.400,1.920,kg,orphan_foreign_key
INV00638194,ITEM8140,LOC0024,2025-07-06,1.150,0.000,0.150,0.000,1.150,kg,orphan_foreign_key
INV00638297,ITEM0397,LOC0024,2025-07-06,8.000,0.000,1.000,0.000,8.000,pcs,orphan_foreign_key
INV00638853,ITEM9328,LOC0004,2025-07-07,3.000,0.000,1.000,0.000,3.000,pcs,orphan_foreign_key
INV00639738,ITEM4637,LOC0010,2025-07-07,2.000,0.000,1.000,0.000,2.000,pcs,orphan_foreign_key
INV00639786,ITEM4850,LOC0010,2025-07-07,17.000,0.000,5.000,1.000,16.000,pcs,orphan_foreign_key
INV00640068,ITEM1802,LOC0012,2025-07-07,8.000,0.000,5.000,5.000,3.000,pcs,orphan_foreign_key
INV00641144,ITEM6400,LOC0020,2025-07-07,2.000,0.000,1.000,0.000,2.000,pcs,orphan_foreign_key
INV00641667,ITEM3718,LOC0024,2025-07-07,2.000,0.000,1.000,1.000,1.000,pcs,orphan_foreign_key
INV00641832,ITEM4196,LOC0025,2025-07-07,3.000,0.000,1.000,0.000,3.000,pcs,orphan_foreign_key
INV00642030,ITEM3016,LOC0002,2025-07-08,0.480,0.000,0.170,0.000,0.480,kg,orphan_foreign_key
INV00642285,ITEM6253,LOC0004,2025-07-08,3.000,0.000,1.000,0.000,3.000,pcs,orphan_foreign_key
INV00642777,ITEM8009,LOC0007,2025-07-08,4.000,0.000,1.000,0.000,4.000,pcs,orphan_foreign_key
INV00642939,ITEM6469,LOC0008,2025-07-08,0.580,3.690,2.130,2.100,2.170,liters,orphan_foreign_key
INV00643214,ITEM9560,LOC0010,2025-07-08,0.390,0.000,0.060,0.000,0.390,liters,orphan_foreign_key
INV00643645,ITEM4403,LOC0014,2025-07-08,17.000,0.000,14.000,14.000,3.000,pcs,orphan_foreign_key
INV00643905,ITEM5081,LOC0015,2025-07-08,2.660,0.000,0.520,0.000,2.660,liters,orphan_foreign_key
INV00644021,ITEM7538,LOC0016,2025-07-08,0.240,0.000,0.160,0.000,0.240,liters,orphan_foreign_key
INV00644026,ITEM7302,LOC0016,2025-07-08,6.350,0.000,1.760,1.250,5.100,liters,orphan_foreign_key
INV00644081,ITEM0788,LOC0017,2025-07-08,1.680,3.160,1.740,1.500,3.180,kg,orphan_foreign_key
INV00644137,ITEM3254,LOC0017,2025-07-08,6.000,0.000,1.000,0.000,6.000,pcs,orphan_foreign_key
INV00644447,ITEM3662,LOC0019,2025-07-08,3.350,0.000,0.680,0.000,3.350,liters,orphan_foreign_key
INV00644651,ITEM9939,LOC0021,2025-07-08,2.610,0.000,0.420,0.000,2.380,kg,orphan_foreign_key
INV00645335,ITEM9095,LOC0001,2025-07-09,0.320,0.000,0.090,0.000,0.320,kg,orphan_foreign_key
INV00645515,ITEM0829,LOC0002,2025-07-09,4.000,0.000,1.000,0.000,4.000,pcs,orphan_foreign_key
INV00645706,ITEM7830,LOC0003,2025-07-09,10.000,0.000,3.000,2.000,8.000,pcs,orphan_foreign_key
INV00646320,ITEM2154,LOC0008,2025-07-09,4.000,0.000,3.000,2.000,2.000,pcs,orphan_foreign_key
INV00646763,ITEM0168,LOC0011,2025-07-09,3.000,0.000,1.000,0.000,3.000,pcs,orphan_foreign_key
INV00647037,ITEM7827,LOC0013,2025-07-09,3.000,0.000,1.000,0.000,3.000,pcs,orphan_foreign_key
INV00647744,ITEM1386,LOC0018,2025-07-09,1.050,2.170,1.400,1.400,1.820,liters,orphan_foreign_key
INV00648024,ITEM6037,LOC0020,2025-07-09,1.090,0.000,0.350,0.350,0.740,liters,orphan_foreign_key
INV00648034,ITEM6849,LOC0020,2025-07-09,5.000,0.000,4.000,3.000,2.000,pcs,orphan_foreign_key
INV00648053,ITEM1230,LOC0021,2025-07-09,5.000,0.000,3.000,2.000,3.000,pcs,orphan_foreign_key
INV00648183,ITEM4206,LOC0022,2025-07-09,2.000,0.000,1.000,0.000,2.000,pcs,orphan_foreign_key
INV00648663,ITEM4110,LOC0025,2025-07-09,2.000,0.000,1.000,0.000,2.000,pcs,orphan_foreign_key
INV00648782,ITEM1771,LOC0001,2025-07-10,1.480,0.000,0.130,0.000,1.480,kg,orphan_foreign_key
INV00649129,ITEM8508,LOC0003,2025-07-10,0.740,0.000,0.350,0.350,0.390,liters,orphan_foreign_key
INV00649218,ITEM1213,LOC0004,2025-07-10,3.000,0.000,1.000,0.000,2.000,pcs,orphan_foreign_key
INV00649249,ITEM9979,LOC0004,2025-07-10,1.430,0.000,0.060,0.000,1.430,liters,orphan_foreign_key
INV00649388,ITEM8699,LOC0005,2025-07-10,0.290,1.030,0.520,0.500,0.820,liters,orphan_foreign_key
INV00649586,ITEM1812,LOC0007,2025-07-10,1.580,0.000,0.120,0.000,1.580,kg,orphan_foreign_key
INV00649760,ITEM5560,LOC0008,2025-07-10,1.000,2.000,1.000,0.000,3.000,pcs,orphan_foreign_key
INV00649898,ITEM0370,LOC0009,2025-07-10,3.000,0.000,1.000,0.000,3.000,pcs,orphan_foreign_key
INV00649951,ITEM4970,LOC0009,2025-07-10,3.000,12.000,5.000,5.000,10.000,pcs,orphan_foreign_key
INV00650478,ITEM4657,LOC0013,2025-07-10,0.350,1.670,0.750,0.750,1.270,liters,orphan_foreign_key
INV00650945,ITEM3748,LOC0017,2025-07-10,2.830,0.000,0.900,0.600,2.230,kg,orphan_foreign_key
INV00651865,ITEM3996,LOC0023,2025-07-10,7.080,0.000,1.560,0.350,6.730,liters,orphan_foreign_key
INV00652379,ITEM3616,LOC0002,2025-07-11,4.000,0.000,1.000,0.000,4.000,pcs,orphan_foreign_key
INV00652938,ITEM5787,LOC0006,2025-07-11,1.030,0.000,0.040,0.000,1.030,kg,orphan_foreign_key
INV00653055,ITEM4480,LOC0007,2025-07-11,1.000,4.000,2.000,2.000,3.000,pcs,orphan_foreign_key
INV00653075,ITEM6305,LOC0007,2025-07-11,0.150,0.000,0.060,0.000,0.150,kg,orphan_foreign_key
INV00653320,ITEM3049,LOC0009,2025-07-11,7.000,0.000,1.000,0.000,7.000,pcs,orphan_foreign_key
INV00653845,ITEM0932,LOC0013,2025-07-11,2.110,0.000,0.510,0.500,1.610,kg,orphan_foreign_key
INV00653893,ITEM5538,LOC0013,2025-07-11,1.630,1.530,1.400,1.400,1.760,kg,orphan_foreign_key
INV00653966,ITEM1991,LOC0014,2025-07-11,0.400,0.000,0.080,0.000,0.400,kg,orphan_foreign_key
INV00654330,ITEM7934,LOC0016,2025-07-11,3.090,0.000,0.350,0.350,2.740,liters,orphan_foreign_key
INV00654961,ITEM4893,LOC0021,2025-07-11,0.380,0.000,0.100,0.000,0.380,kg,orphan_foreign_key
INV00654966,ITEM9010,LOC0021,2025-07-11,0.330,1.780,0.800,0.800,1.310,kg,orphan_foreign_key
INV00655258,ITEM6451,LOC0023,2025-07-11,1.000,2.000,1.000,0.000,3.000,pcs,orphan_foreign_key
INV00655545,ITEM8076,LOC0025,2025-07-11,0.490,0.000,0.030,0.000,0.490,kg,orphan_foreign_key
INV00655617,ITEM4353,LOC0001,2025-07-12,5.000,8.000,5.000,4.000,8.000,pcs,orphan_foreign_key
INV00655807,ITEM1875,LOC0002,2025-07-12,7.000,0.000,1.000,0.000,7.000,pcs,orphan_foreign_key
INV00655810,ITEM9301,LOC0002,2025-07-12,4.000,0.000,1.000,0.000,4.000,pcs,orphan_foreign_key
INV00655864,ITEM5559,LOC0002,2025-07-12,6.000,0.000,2.000,0.000,6.000,pcs,orphan_foreign_key
INV00655884,ITEM2496,LOC0003,2025-07-12,0.330,0.000,0.090,0.000,0.330,liters,orphan_foreign_key
INV00656391,ITEM4290,LOC0006,2025-07-12,0.340,0.000,0.110,0.000,0.340,liters,orphan_foreign_key
INV00656513,ITEM2621,LOC0007,2025-07-12,2.050,0.000,0.050,0.000,2.050,kg,orphan_foreign_key
INV00657164,ITEM1588,LOC0012,2025-07-12,2.000,0.000,1.000,0.000,2.000,pcs,orphan_foreign_key
INV00658041,ITEM6497,LOC0018,2025-07-12,1.470,2.080,1.400,1.400,2.150,liters,orphan_foreign_key
INV00658348,ITEM2717,LOC0021,2025-07-12,1.000,2.000,1.000,0.000,3.000,pcs,orphan_foreign_key
INV00658542,ITEM1663,LOC0022,2025-07-12,4.000,0.000,1.000,0.000,4.000,pcs,orphan_foreign_key
INV00658872,ITEM5357,LOC0024,2025-07-12,1.850,5.640,2.750,2.450,5.040,liters,orphan_foreign_key
INV00659250,ITEM4752,LOC0002,2025-07-13,0.330,0.660,0.350,0.350,0.640,kg,orphan_foreign_key
INV00659812,ITEM5650,LOC0006,2025-07-13,8.000,0.000,1.000,0.000,8.000,pcs,orphan_foreign_key
INV00660237,ITEM6704,LOC0009,2025-07-13,1.920,0.000,1.240,1.050,0.870,liters,orphan_foreign_key
INV00660240,ITEM8828,LOC0009,2025-07-13,7.000,47.000,24.000,18.000,36.000,pcs,orphan_foreign_key
INV00660461,ITEM0655,LOC0011,2025-07-13,3.000,0.000,1.000,0.000,3.000,pcs,orphan_foreign_key
INV00660886,ITEM3907,LOC0014,2025-07-13,0.380,0.000,0.140,0.000,0.250,kg,orphan_foreign_key
INV00660928,ITEM1526,LOC0014,2025-07-13,7.000,23.000,11.000,11.000,19.000,pcs,orphan_foreign_key
INV00661164,ITEM3722,LOC0016,2025-07-13,0.130,0.000,0.060,0.000,0.130,kg,orphan_foreign_key
INV00661211,ITEM9581,LOC0016,2025-07-13,6.000,0.000,2.000,1.000,5.000,pcs,orphan_foreign_key
INV00662206,ITEM1208,LOC0024,2025-07-13,3.000,0.000,2.000,1.000,2.000,pcs,orphan_foreign_key
INV00662557,ITEM3768,LOC0001,2025-07-14,2.000,0.000,1.000,0.000,2.000,pcs,orphan_foreign_key
INV00662644,ITEM9317,LOC0002,2025-07-14,1.260,0.000,0.450,0.400,0.860,kg,orphan_foreign_key
INV00662847,ITEM9076,LOC0003,2025-07-14,3.320,0.000,0.380,0.000,3.320,liters,orphan_foreign_key
INV00663101,ITEM4108,LOC0005,2025-07-14,3.000,0.000,1.000,0.000,3.000,pcs,orphan_foreign_key
INV00663391,ITEM9227,LOC0007,2025-07-14,0.210,0.000,0.100,0.000,0.210,liters,orphan_foreign_key
INV00663992,ITEM3103,LOC0012,2025-07-14,1.290,0.000,0.090,0.000,1.290,kg,orphan_foreign_key
INV00664377,ITEM5156,LOC0015,2025-07-14,4.000,0.000,1.000,0.000,4.000,pcs,orphan_foreign_key
INV00664436,ITEM2922,LOC0015,2025-07-14,4.000,0.000,1.000,1.000,3.000,pcs,orphan_foreign_key
INV00665378,ITEM1043,LOC0022,2025-07-14,0.470,0.000,0.300,0.300,0.170,kg,orphan_foreign_key
INV00665728,ITEM8570,LOC0024,2025-07-14,1.250,0.000,0.140,0.000,1.250,liters,orphan_foreign_key
INV00665992,ITEM9465,LOC0001,2025-07-15,3.000,4.000,3.000,3.000,4.000,pcs,orphan_foreign_key
INV00666081,ITEM4886,LOC0002,2025-07-15,0.400,0.000,0.260,0.000,0.400,kg,orphan_foreign_key
INV00666322,ITEM3698,LOC0004,2025-07-15,3.000,6.000,3.000,3.000,6.000,pcs,orphan_foreign_key
INV00666405,ITEM6713,LOC0004,2025-07-15,5.030,0.000,0.640,0.000,5.030,liters,orphan_foreign_key
INV00666950,ITEM9729,LOC0008,2025-07-15,0.690,1.490,0.750,0.750,1.430,liters,orphan_foreign_key
INV00666976,ITEM0493,LOC0008,2025-07-15,6.000,0.000,3.000,0.000,6.000,pcs,orphan_foreign_key
INV00667082,ITEM7083,LOC0009,2025-07-15,3.000,0.000,1.000,0.000,3.000,pcs,orphan_foreign_key
INV00667086,ITEM8533,LOC0009,2025-07-15,0.170,0.000,0.140,0.000,0.170,liters,orphan_foreign_key
INV00667164,ITEM4549,LOC0010,2025-07-15,1.670,0.000,0.610,0.000,1.670,kg,orphan_foreign_key
INV00668253,ITEM8890,LOC0018,2025-07-15,0.740,0.000,0.250,0.000,0.740,kg,orphan_foreign_key
INV00668327,ITEM9041,LOC0018,2025-07-15,1.380,0.000,0.070,0.000,1.380,liters,orphan_foreign_key
INV00669214,ITEM1415,LOC0025,2025-07-15,3.000,0.000,1.000,0.000,3.000,pcs,orphan_foreign_key
INV00669894,ITEM0438,LOC0005,2025-07-16,3.000,6.000,4.000,4.000,5.000,pcs,orphan_foreign_key
INV00670017,ITEM8243,LOC0006,2025-07-16,2.000,0.000,1.000,1.000,1.000,pcs,orphan_foreign_key
INV00670181,ITEM1816,LOC0007,2025-07-16,0.210,0.000,0.040,0.000,0.210,kg,orphan_foreign_key
INV00670258,ITEM8597,LOC0007,2025-07-16,2.330,0.000,0.950,0.250,2.080,liters,orphan_foreign_key
INV00670602,ITEM2476,LOC0010,2025-07-16,0.870,0.000,0.100,0.000,0.870,kg,orphan_foreign_key
INV00671390,ITEM0507,LOC0016,2025-07-16,1.790,0.000,0.160,0.000,1.790,liters,orphan_foreign_key
INV00671891,ITEM5625,LOC0019,2025-07-16,3.000,0.000,1.000,0.000,3.000,pcs,orphan_foreign_key
INV00672192,ITEM8594,LOC0021,2025-07-16,0.510,0.000,0.320,0.000,0.510,liters,orphan_foreign_key
INV00672219,ITEM6820,LOC0022,2025-07-16,0.500,0.000,0.010,0.000,0.500,liters,orphan_foreign_key
INV00672476,ITEM4975,LOC0023,2025-07-16,2.000,0.000,1.000,0.000,2.000,pcs,orphan_foreign_key
INV00672808,ITEM9308,LOC0001,2025-07-17,0.800,1.430,0.800,0.800,1.430,kg,orphan_foreign_key
INV00673246,ITEM3703,LOC0004,2025-07-17,2.000,0.000,1.000,0.000,2.000,pcs,orphan_foreign_key
INV00673275,ITEM8418,LOC0004,2025-07-17,1.920,0.000,0.730,0.250,1.670,liters,orphan_foreign_key
INV00673398,ITEM2634,LOC0005,2025-07-17,4.000,0.000,1.000,0.000,4.000,pcs,orphan_foreign_key
INV00673767,ITEM7896,LOC0008,2025-07-17,0.880,1.680,1.200,1.200,1.360,kg,orphan_foreign_key
INV00673943,ITEM6991,LOC0009,2025-07-17,3.000,0.000,1.000,0.000,3.000,pcs,orphan_foreign_key
INV00674043,ITEM6347,LOC0010,2025-07-17,1.000,2.000,1.000,0.000,3.000,pcs,orphan_foreign_key
INV00674821,ITEM9732,LOC0016,2025-07-17,1.140,0.000,0.110,0.000,1.140,liters,orphan_foreign_key
INV00674927,ITEM3549,LOC0016,2025-07-17,0.900,0.000,0.160,0.000,0.900,liters,orphan_foreign_key
INV00675036,ITEM6536,LOC0017,2025-07-17,0.700,0.000,0.050,0.000,0.700,kg,orphan_foreign_key
INV00676088,ITEM6012,LOC0025,2025-07-17,0.780,0.000,0.090,0.000,0.780,kg,orphan_foreign_key
INV00676676,ITEM7256,LOC0004,2025-07-18,5.000,0.000,4.000,3.000,2.000,pcs,orphan_foreign_key
INV00676993,ITEM5090,LOC0006,2025-07-18,2.690,0.000,0.090,0.000,2.690,liters,orphan_foreign_key
INV00677064,ITEM1126,LOC0007,2025-07-18,1.560,0.000,0.160,0.000,1.560,kg,orphan_foreign_key
INV00677849,ITEM2892,LOC0013,2025-07-18,2.000,4.000,2.000,2.000,4.000,pcs,orphan_foreign_key
INV00678313,ITEM8990,LOC0016,2025-07-18,2.000,3.000,2.000,1.000,4.000,pcs,orphan_foreign_key
INV00678558,ITEM3955,LOC0018,2025-07-18,0.620,1.940,1.000,1.000,1.560,kg,orphan_foreign_key
INV00678769,ITEM2629,LOC0019,2025-07-18,0.570,0.000,0.250,0.000,0.570,liters,orphan_foreign_key
INV00678910,ITEM5337,LOC0020,2025-07-18,1.960,0.000,0.840,0.350,1.610,liters,orphan_foreign_key
INV00679008,ITEM2121,LOC0021,2025-07-18,8.000,0.000,1.000,0.000,8.000,pcs,orphan_foreign_key
INV00679185,ITEM0533,LOC0022,2025-07-18,6.270,0.000,1.100,0.000,6.270,liters,orphan_foreign_key
INV00679515,ITEM2062,LOC0025,2025-07-18,1.130,1.650,1.080,0.900,1.880,kg,orphan_foreign_key
INV00680036,ITEM1378,LOC0004,2025-07-19,9.000,0.000,1.000,0.000,9.000,pcs,orphan_foreign_key
INV00680401,ITEM9968,LOC0006,2025-07-19,3.000,0.000,1.000,0.000,3.000,pcs,orphan_foreign_key
INV00680639,ITEM3276,LOC0008,2025-07-19,3.000,4.000,3.000,3.000,4.000,pcs,orphan_foreign_key
INV00681314,ITEM5865,LOC0013,2025-07-19,1.400,5.840,2.800,2.800,4.440,kg,orphan_foreign_key
INV00681423,ITEM2720,LOC0014,2025-07-19,1.610,0.000,0.330,0.300,1.310,kg,orphan_foreign_key
INV00681997,ITEM9598,LOC0018,2025-07-19,0.710,0.000,0.380,0.000,0.710,kg,orphan_foreign_key
INV00682328,ITEM3134,LOC0020,2025-07-19,6.000,0.000,1.000,0.000,6.000,pcs,orphan_foreign_key
INV00682344,ITEM7126,LOC0020,2025-07-19,1.890,0.000,0.070,0.000,1.840,liters,orphan_foreign_key
INV00683207,ITEM5410,LOC0002,2025-07-20,9.000,0.000,2.000,0.000,9.000,pcs,orphan_foreign_key
INV00683354,ITEM8842,LOC0003,2025-07-20,0.660,1.610,0.900,0.900,1.370,kg,orphan_foreign_key
INV00684205,ITEM0715,LOC0009,2025-07-20,2.000,0.000,1.000,0.000,2.000,pcs,orphan_foreign_key
INV00684352,ITEM8170,LOC0010,2025-07-20,6.000,0.000,4.000,4.000,2.000,pcs,orphan_foreign_key
INV00684505,ITEM4227,LOC0011,2025-07-20,2.810,0.000,0.210,0.000,2.810,kg,orphan_foreign_key
INV00685191,ITEM1121,LOC0016,2025-07-20,0.390,0.000,0.050,0.000,0.390,kg,orphan_foreign_key
INV00685233,ITEM6703,LOC0016,2025-07-20,22.000,0.000,3.000,0.000,20.000,pcs,orphan_foreign_key
INV00685361,ITEM1586,LOC0017,2025-07-20,1.960,0.000,0.080,0.000,1.960,liters,orphan_foreign_key
INV00685416,ITEM0218,LOC0018,2025-07-20,5.650,0.000,2.890,2.000,2.870,kg,orphan_foreign_key
INV00685731,ITEM1872,LOC0020,2025-07-20,10.000,0.000,4.000,4.000,6.000,pcs,orphan_foreign_key
INV00685939,ITEM9032,LOC0022,2025-07-20,2.000,0.000,1.000,0.000,2.000,pcs,orphan_foreign_key
INV00686743,ITEM4213,LOC0002,2025-07-21,23.000,0.000,5.000,2.000,21.000,pcs,orphan_foreign_key
INV00686798,ITEM2794,LOC0003,2025-07-21,2.920,0.000,0.420,0.000,2.920,kg,orphan_foreign_key
INV00687544,ITEM1988,LOC0008,2025-07-21,0.580,1.280,0.750,0.750,1.110,liters,orphan_foreign_key
INV00688695,ITEM1298,LOC0017,2025-07-21,4.000,10.000,5.000,5.000,9.000,pcs,orphan_foreign_key
INV00688705,ITEM1618,LOC0017,2025-07-21,2.590,0.000,0.760,0.600,1.990,kg,orphan_foreign_key
INV00689416,ITEM8512,LOC0022,2025-07-21,1.390,0.000,0.420,0.000,1.390,kg,orphan_foreign_key
INV00689691,ITEM8839,LOC0024,2025-07-21,0.690,0.000,0.050,0.000,0.690,kg,orphan_foreign_key
INV00689774,ITEM6670,LOC0024,2025-07-21,4.000,0.000,1.000,0.000,4.000,pcs,orphan_foreign_key
INV00690104,ITEM0572,LOC0002,2025-07-22,1.590,0.000,0.410,0.400,1.190,kg,orphan_foreign_key
INV00690768,ITEM7566,LOC0007,2025-07-22,4.160,0.000,0.780,0.300,3.620,kg,orphan_foreign_key
INV00691926,ITEM8135,LOC0015,2025-07-22,3.000,0.000,1.000,0.000,3.000,pcs,orphan_foreign_key
INV00692451,ITEM6729,LOC0019,2025-07-22,3.000,0.000,1.000,0.000,3.000,pcs,orphan_foreign_key
INV00692683,ITEM4092,LOC0021,2025-07-22,2.000,0.000,1.000,0.000,2.000,pcs,orphan_foreign_key
INV00692717,ITEM8772,LOC0021,2025-07-22,2.990,0.000,0.190,0.000,2.990,kg,orphan_foreign_key
INV00692845,ITEM8460,LOC0022,2025-07-22,5.100,0.000,0.440,0.000,5.100,kg,orphan_foreign_key
INV00693056,ITEM6703,LOC0023,2025-07-22,4.670,0.000,0.640,0.350,4.320,liters,orphan_foreign_key
INV00693643,ITEM6647,LOC0003,2025-07-23,2.000,6.000,3.000,2.000,5.000,pcs,orphan_foreign_key
INV00693843,ITEM8329,LOC0004,2025-07-23,4.000,0.000,1.000,0.000,4.000,pcs,orphan_foreign_key
INV00694387,ITEM9332,LOC0008,2025-07-23,2.170,0.000,0.200,0.000,2.170,kg,orphan_foreign_key
INV00694872,ITEM8088,LOC0012,2025-07-23,2.000,0.000,1.000,0.000,2.000,pcs,orphan_foreign_key
INV00694898,ITEM9015,LOC0012,2025-07-23,0.160,0.760,0.400,0.400,0.520,kg,orphan_foreign_key
INV00695441,ITEM1228,LOC0016,2025-07-23,2.190,0.000,0.500,0.500,1.690,kg,orphan_foreign_key
INV00695484,ITEM8344,LOC0016,2025-07-23,0.220,0.770,0.350,0.350,0.640,kg,orphan_foreign_key
INV00696467,ITEM7628,LOC0023,2025-07-23,2.000,0.000,1.000,0.000,2.000,pcs,orphan_foreign_key
INV00696665,ITEM2252,LOC0025,2025-07-23,2.000,0.000,1.000,0.000,2.000,pcs,orphan_foreign_key
INV00696681,ITEM8145,LOC0025,2025-07-23,1.830,0.000,0.400,0.300,1.530,kg,orphan_foreign_key
INV00696799,ITEM7657,LOC0001,2025-07-24,3.000,0.000,1.000,0.000,3.000,pcs,orphan_foreign_key
INV00696934,ITEM6264,LOC0002,2025-07-24,2.000,0.000,1.000,0.000,2.000,pcs,orphan_foreign_key
INV00698529,ITEM3714,LOC0013,2025-07-24,8.310,0.000,5.050,4.200,4.110,liters,orphan_foreign_key
INV00698791,ITEM0787,LOC0015,2025-07-24,2.000,0.000,1.000,0.000,2.000,pcs,orphan_foreign_key
INV00699400,ITEM3797,LOC0020,2025-07-24,1.270,0.000,0.080,0.000,1.270,liters,orphan_foreign_key
INV00699954,ITEM4069,LOC0024,2025-07-24,4.000,0.000,1.000,0.000,4.000,pcs,orphan_foreign_key
INV00700121,ITEM4668,LOC0025,2025-07-24,0.850,0.000,0.370,0.000,0.850,kg,orphan_foreign_key
INV00701070,ITEM5953,LOC0007,2025-07-25,0.490,0.000,0.110,0.000,0.420,kg,orphan_foreign_key
INV00701242,ITEM3335,LOC0008,2025-07-25,4.000,0.000,1.000,0.000,4.000,pcs,orphan_foreign_key
INV00701361,ITEM2470,LOC0009,2025-07-25,3.000,0.000,1.000,0.000,3.000,pcs,orphan_foreign_key
INV00701657,ITEM1035,LOC0011,2025-07-25,4.000,0.000,1.000,0.000,4.000,pcs,orphan_foreign_key
INV00703694,ITEM6501,LOC0001,2025-07-26,2.990,0.000,0.130,0.000,2.990,kg,orphan_foreign_key
INV00703750,ITEM2834,LOC0001,2025-07-26,0.970,0.000,0.100,0.000,0.970,liters,orphan_foreign_key
INV00703812,ITEM7521,LOC0002,2025-07-26,1.980,0.000,0.130,0.000,1.980,kg,orphan_foreign_key
INV00703870,ITEM8823,LOC0002,2025-07-26,0.400,0.000,0.060,0.000,0.370,kg,orphan_foreign_key
INV00703989,ITEM3356,LOC0003,2025-07-26,1.000,2.000,1.000,1.000,2.000,pcs,orphan_foreign_key
INV00704327,ITEM3184,LOC0006,2025-07-26,2.000,0.000,1.000,0.000,2.000,pcs,orphan_foreign_key
INV00704528,ITEM4557,LOC0007,2025-07-26,15.000,0.000,7.000,7.000,8.000,pcs,orphan_foreign_key
INV00705010,ITEM7625,LOC0011,2025-07-26,9.000,0.000,1.000,0.000,9.000,pcs,orphan_foreign_key
INV00705363,ITEM6812,LOC0013,2025-07-26,4.000,0.000,1.000,0.000,4.000,pcs,orphan_foreign_key
INV00705624,ITEM1918,LOC0015,2025-07-26,3.000,0.000,1.000,0.000,3.000,pcs,orphan_foreign_key
INV00706042,ITEM6779,LOC0018,2025-07-26,5.000,0.000,2.000,1.000,4.000,pcs,orphan_foreign_key
INV00706270,ITEM0416,LOC0020,2025-07-26,2.000,0.000,1.000,0.000,2.000,pcs,orphan_foreign_key
INV00706345,ITEM8892,LOC0020,2025-07-26,3.000,0.000,2.000,2.000,1.000,pcs,orphan_foreign_key
INV00706436,ITEM6693,LOC0021,2025-07-26,1.460,0.000,1.000,1.000,0.460,kg,orphan_foreign_key
INV00707110,ITEM3104,LOC0001,2025-07-27,2.310,0.000,0.900,0.900,1.410,kg,orphan_foreign_key
INV00707796,ITEM7391,LOC0006,2025-07-27,1.070,0.000,0.300,0.300,0.770,kg,orphan_foreign_key
INV00708117,ITEM7234,LOC0008,2025-07-27,0.170,0.000,0.050,0.000,0.170,kg,orphan_foreign_key
INV00708242,ITEM0558,LOC0009,2025-07-27,1.000,5.000,2.000,1.000,5.000,pcs,orphan_foreign_key
INV00708338,ITEM4351,LOC0010,2025-07-27,0.400,1.240,0.600,0.600,1.040,kg,orphan_foreign_key
INV00709879,ITEM6104,LOC0021,2025-07-27,0.940,0.000,0.400,0.400,0.540,kg,orphan_foreign_key
INV00709887,ITEM3780,LOC0021,2025-07-27,3.000,0.000,1.000,0.000,3.000,pcs,orphan_foreign_key
INV00710112,ITEM6475,LOC0023,2025-07-27,5.000,0.000,1.000,0.000,5.000,pcs,orphan_foreign_key
INV00710841,ITEM9218,LOC0003,2025-07-28,3.000,0.000,1.000,0.000,3.000,pcs,orphan_foreign_key
INV00710871,ITEM9141,LOC0003,2025-07-28,0.780,0.000,0.080,0.000,0.780,kg,orphan_foreign_key
INV00710909,ITEM0271,LOC0003,2025-07-28,5.000,0.000,2.000,1.000,4.000,pcs,orphan_foreign_key
INV00711247,ITEM8518,LOC0006,2025-07-28,1.040,0.000,0.150,0.000,1.040,kg,orphan_foreign_key
INV00711428,ITEM4884,LOC0007,2025-07-28,6.000,0.000,2.000,1.000,5.000,pcs,orphan_foreign_key
INV00711908,ITEM4760,LOC0011,2025-07-28,0.660,0.000,0.120,0.000,0.660,kg,orphan_foreign_key
INV00712275,ITEM0759,LOC0013,2025-07-28,6.000,21.000,10.000,10.000,17.000,pcs,orphan_foreign_key
INV00712444,ITEM7788,LOC0015,2025-07-28,0.570,0.000,0.130,0.000,0.570,kg,orphan_foreign_key
INV00712809,ITEM4076,LOC0017,2025-07-28,0.180,0.000,0.150,0.000,0.180,liters,orphan_foreign_key
INV00713064,ITEM4191,LOC0019,2025-07-28,0.710,1.010,0.700,0.700,1.020,kg,orphan_foreign_key
INV00713347,ITEM7959,LOC0021,2025-07-28,3.000,0.000,1.000,0.000,3.000,pcs,orphan_foreign_key
INV00714155,ITEM9305,LOC0002,2025-07-29,4.000,0.000,1.000,0.000,4.000,pcs,orphan_foreign_key
INV00714228,ITEM8736,LOC0003,2025-07-29,0.290,0.000,0.080,0.000,0.290,liters,orphan_foreign_key
INV00714419,ITEM3452,LOC0004,2025-07-29,5.000,0.000,3.000,2.000,3.000,pcs,orphan_foreign_key
INV00714525,ITEM2639,LOC0005,2025-07-29,5.070,0.000,1.850,0.500,4.570,kg,orphan_foreign_key
INV00714604,ITEM3337,LOC0005,2025-07-29,0.330,0.000,0.090,0.000,0.330,liters,orphan_foreign_key
INV00715073,ITEM6358,LOC0009,2025-07-29,1.590,0.000,0.160,0.000,1.590,kg,orphan_foreign_key
INV00715561,ITEM2456,LOC0012,2025-07-29,5.730,0.000,1.060,1.050,4.680,liters,orphan_foreign_key
INV00716132,ITEM0864,LOC0017,2025-07-29,4.000,0.000,1.000,0.000,4.000,pcs,orphan_foreign_key
INV00716368,ITEM9344,LOC0018,2025-07-29,3.740,0.000,0.360,0.000,3.740,liters,orphan_foreign_key
INV00716996,ITEM7519,LOC0023,2025-07-29,9.910,0.000,2.770,2.000,7.910,kg,orphan_foreign_key
INV00717094,ITEM7093,LOC0023,2025-07-29,8.000,0.000,2.000,0.000,8.000,pcs,orphan_foreign_key
INV00717217,ITEM1859,LOC0024,2025-07-29,0.490,0.000,0.080,0.000,0.490,liters,orphan_foreign_key
INV00717704,ITEM3695,LOC0003,2025-07-30,8.000,0.000,5.000,2.000,6.000,pcs,orphan_foreign_key
INV00717856,ITEM8264,LOC0004,2025-07-30,4.000,0.000,1.000,0.000,4.000,pcs,orphan_foreign_key
INV00717994,ITEM5533,LOC0005,2025-07-30,7.000,17.000,8.000,6.000,18.000,pcs,orphan_foreign_key
INV00718303,ITEM1682,LOC0007,2025-07-30,0.140,0.000,0.070,0.000,0.140,liters,orphan_foreign_key
INV00718305,ITEM6758,LOC0007,2025-07-30,0.350,1.050,0.500,0.500,0.900,liters,orphan_foreign_key
INV00718779,ITEM1690,LOC0011,2025-07-30,1.170,0.000,0.410,0.000,1.170,kg,orphan_foreign_key
INV00719363,ITEM9521,LOC0015,2025-07-30,2.000,0.000,1.000,0.000,2.000,pcs,orphan_foreign_key
INV00719438,ITEM0885,LOC0016,2025-07-30,0.790,0.000,0.160,0.000,0.790,liters,orphan_foreign_key
INV00719541,ITEM5594,LOC0016,2025-07-30,3.680,0.000,2.010,1.400,2.280,liters,orphan_foreign_key
INV00719643,ITEM8377,LOC0017,2025-07-30,1.000,2.000,1.000,0.000,3.000,pcs,orphan_foreign_key
INV00720076,ITEM9184,LOC0020,2025-07-30,3.000,0.000,1.000,0.000,3.000,pcs,orphan_foreign_key
INV00720704,ITEM6294,LOC0025,2025-07-30,1.500,0.000,0.130,0.000,1.500,kg,orphan_foreign_key
INV00720758,ITEM7350,LOC0025,2025-07-30,0.530,0.000,0.020,0.000,0.530,kg,orphan_foreign_key
INV00721739,ITEM1638,LOC0007,2025-07-31,0.430,0.000,0.290,0.250,0.180,liters,orphan_foreign_key
INV00722294,ITEM2176,LOC0011,2025-07-31,6.000,0.000,3.000,0.000,6.000,pcs,orphan_foreign_key
INV00722812,ITEM7333,LOC0015,2025-07-31,4.000,0.000,2.000,1.000,3.000,pcs,orphan_foreign_key
INV00722894,ITEM2233,LOC0016,2025-07-31,6.510,0.000,2.490,0.500,6.010,kg,orphan_foreign_key
INV00722946,ITEM9076,LOC0016,2025-07-31,2.000,0.000,1.000,0.000,2.000,pcs,orphan_foreign_key
INV00723139,ITEM5068,LOC0018,2025-07-31,3.000,0.000,1.000,0.000,3.000,pcs,orphan_foreign_key
INV00723152,ITEM1374,LOC0018,2025-07-31,2.000,0.000,1.000,1.000,1.000,pcs,orphan_foreign_key
INV00723331,ITEM4722,LOC0019,2025-07-31,4.000,0.000,1.000,0.000,4.000,pcs,orphan_foreign_key
INV00723363,ITEM1392,LOC0019,2025-07-31,2.000,0.000,1.000,1.000,1.000,pcs,orphan_foreign_key
INV00723471,ITEM3645,LOC0020,2025-07-31,2.000,0.000,1.000,0.000,2.000,pcs,orphan_foreign_key
INV00723529,ITEM4665,LOC0020,2025-07-31,3.020,0.000,1.830,1.750,1.270,liters,orphan_foreign_key
INV00723533,ITEM3157,LOC0020,2025-07-31,3.570,0.000,0.540,0.000,3.570,liters,orphan_foreign_key
INV00723963,ITEM2737,LOC0024,2025-07-31,3.000,0.000,1.000,0.000,2.000,pcs,orphan_foreign_key
INV00724054,ITEM2126,LOC0024,2025-07-31,0.220,0.000,0.100,0.000,0.220,kg,orphan_foreign_key
INV00724397,ITEM1755,LOC0002,2025-08-01,2.930,2.690,2.660,1.500,4.120,kg,orphan_foreign_key
INV00724489,ITEM4098,LOC0002,2025-08-01,0.790,0.000,0.110,0.000,0.790,liters,orphan_foreign_key
INV00724956,ITEM8549,LOC0006,2025-08-01,0.470,0.000,0.100,0.000,0.470,kg,orphan_foreign_key
INV00725225,ITEM1765,LOC0008,2025-08-01,1.910,0.000,1.500,1.500,0.410,kg,orphan_foreign_key
INV00725602,ITEM8078,LOC0011,2025-08-01,7.000,0.000,1.000,0.000,7.000,pcs,orphan_foreign_key
INV00725872,ITEM7656,LOC0012,2025-08-01,8.000,0.000,4.000,3.000,5.000,pcs,orphan_foreign_key
INV00726013,ITEM1179,LOC0014,2025-08-01,12.000,20.000,12.000,12.000,20.000,pcs,orphan_foreign_key
INV00726113,ITEM2062,LOC0014,2025-08-01,0.490,0.000,0.290,0.250,0.240,liters,orphan_foreign_key
INV00726455,ITEM1130,LOC0017,2025-08-01,0.210,0.000,0.060,0.000,0.210,kg,orphan_foreign_key
INV00726768,ITEM6345,LOC0019,2025-08-01,3.000,0.000,1.000,0.000,3.000,pcs,orphan_foreign_key
INV00727140,ITEM2233,LOC0022,2025-08-01,4.000,0.000,1.000,1.000,3.000,pcs,orphan_foreign_key
INV00727411,ITEM2417,LOC0024,2025-08-01,3.000,0.000,1.000,0.000,2.000,pcs,orphan_foreign_key
INV00727456,ITEM6820,LOC0024,2025-08-01,2.000,0.000,1.000,0.000,2.000,pcs,orphan_foreign_key
INV00727647,ITEM7006,LOC0025,2025-08-01,1.200,0.000,0.720,0.700,0.500,liters,orphan_foreign_key
INV00727876,ITEM7416,LOC0002,2025-08-02,6.000,11.000,8.000,8.000,9.000,pcs,orphan_foreign_key
INV00728258,ITEM3651,LOC0005,2025-08-02,3.380,0.000,2.110,1.500,1.880,kg,orphan_foreign_key
INV00728284,ITEM6406,LOC0005,2025-08-02,3.000,0.000,2.000,1.000,2.000,pcs,orphan_foreign_key
INV00728751,ITEM2637,LOC0008,2025-08-02,3.000,8.000,5.000,4.000,7.000,pcs,orphan_foreign_key
INV00730090,ITEM8075,LOC0018,2025-08-02,3.000,0.000,1.000,0.000,3.000,pcs,orphan_foreign_key
INV00730783,ITEM9028,LOC0023,2025-08-02,4.000,0.000,2.000,2.000,2.000,pcs,orphan_foreign_key
INV00731073,ITEM9203,LOC0025,2025-08-02,0.100,0.000,0.070,0.000,0.100,liters,orphan_foreign_key
INV00732637,ITEM1890,LOC0012,2025-08-03,11.430,0.000,7.990,4.500,3.990,kg,orphan_foreign_key
INV00732772,ITEM3607,LOC0013,2025-08-03,1.440,3.310,1.800,1.800,2.950,kg,orphan_foreign_key
INV00733062,ITEM3112,LOC0015,2025-08-03,3.140,0.000,0.400,0.400,2.740,kg,orphan_foreign_key
INV00735343,ITEM0737,LOC0006,2025-08-04,16.000,0.000,11.000,7.000,9.000,pcs,orphan_foreign_key
INV00735687,ITEM6121,LOC0009,2025-08-04,5.000,0.000,2.000,0.000,5.000,pcs,orphan_foreign_key
INV00735736,ITEM9248,LOC0009,2025-08-04,2.690,0.000,0.370,0.000,2.690,liters,orphan_foreign_key
INV00736504,ITEM6291,LOC0015,2025-08-04,2.000,0.000,1.000,1.000,1.000,pcs,orphan_foreign_key
INV00737126,ITEM4568,LOC0019,2025-08-04,6.000,0.000,2.000,1.000,5.000,pcs,orphan_foreign_key
INV00737174,ITEM3620,LOC0020,2025-08-04,0.930,0.000,0.300,0.300,0.630,kg,orphan_foreign_key
INV00737221,ITEM1567,LOC0020,2025-08-04,5.000,0.000,2.000,2.000,3.000,pcs,orphan_foreign_key
INV00737588,ITEM5226,LOC0023,2025-08-04,14.390,0.000,6.320,3.000,8.480,kg,orphan_foreign_key
INV00737754,ITEM1477,LOC0024,2025-08-04,2.000,0.000,1.000,0.000,2.000,pcs,orphan_foreign_key
INV00737877,ITEM2815,LOC0025,2025-08-04,7.310,0.000,1.440,1.000,6.310,kg,orphan_foreign_key
INV00738265,ITEM4660,LOC0003,2025-08-05,10.000,0.000,3.610,0.600,6.580,kg,orphan_foreign_key
INV00738536,ITEM6899,LOC0005,2025-08-05,2.000,0.000,1.000,0.000,2.000,pcs,orphan_foreign_key
INV00738734,ITEM4801,LOC0006,2025-08-05,0.310,0.000,0.080,0.000,0.250,kg,orphan_foreign_key
INV00738804,ITEM2358,LOC0007,2025-08-05,0.270,0.000,0.100,0.000,0.270,liters,orphan_foreign_key
INV00739717,ITEM7477,LOC0013,2025-08-05,1.040,3.490,1.670,1.050,3.480,liters,orphan_foreign_key
INV00740029,ITEM5081,LOC0016,2025-08-05,0.930,0.000,0.130,0.000,0.930,liters,orphan_foreign_key
INV00741421,ITEM8956,LOC0001,2025-08-06,4.000,0.000,2.000,2.000,2.000,pcs,orphan_foreign_key
INV00741451,ITEM4946,LOC0001,2025-08-06,1.200,0.000,0.320,0.000,1.200,kg,orphan_foreign_key
INV00741638,ITEM7296,LOC0002,2025-08-06,0.860,0.000,0.140,0.000,0.860,liters,orphan_foreign_key
INV00743048,ITEM2631,LOC0013,2025-08-06,0.690,0.000,0.080,0.000,0.690,liters,orphan_foreign_key
INV00743312,ITEM6349,LOC0015,2025-08-06,2.000,5.000,3.000,3.000,4.000,pcs,orphan_foreign_key
INV00743320,ITEM3692,LOC0015,2025-08-06,0.550,0.000,0.060,0.000,0.550,liters,orphan_foreign_key
INV00743518,ITEM9853,LOC0016,2025-08-06,7.000,0.000,1.000,1.000,6.000,pcs,orphan_foreign_key
INV00743805,ITEM8584,LOC0018,2025-08-06,0.700,0.000,0.070,0.000,0.700,kg,orphan_foreign_key
INV00744051,ITEM6572,LOC0020,2025-08-06,2.420,0.000,1.960,1.000,1.420,kg,orphan_foreign_key
INV00744062,ITEM4479,LOC0020,2025-08-06,2.000,0.000,1.000,0.000,2.000,pcs,orphan_foreign_key
INV00745232,ITEM8061,LOC0003,2025-08-07,9.000,0.000,3.000,2.000,6.000,pcs,orphan_foreign_key
INV00745409,ITEM4206,LOC0005,2025-08-07,1.480,1.720,1.280,0.900,2.300,kg,orphan_foreign_key
INV00745580,ITEM1188,LOC0006,2025-08-07,18.000,0.000,3.000,0.000,18.000,pcs,orphan_foreign_key
INV00746273,ITEM9399,LOC0011,2025-08-07,2.000,0.000,1.000,0.000,2.000,pcs,orphan_foreign_key
INV00746290,ITEM8345,LOC0011,2025-08-07,3.000,0.000,1.000,0.000,3.000,pcs,orphan_foreign_key
INV00746424,ITEM9131,LOC0012,2025-08-07,5.000,0.000,1.000,1.000,4.000,pcs,orphan_foreign_key
INV00747289,ITEM4061,LOC0019,2025-08-07,4.000,0.000,1.000,0.000,4.000,pcs,orphan_foreign_key
INV00748088,ITEM2825,LOC0024,2025-08-07,1.000,2.000,1.000,0.000,3.000,pcs,orphan_foreign_key
INV00748571,ITEM8276,LOC0003,2025-08-08,0.790,0.000,0.370,0.000,0.790,kg,orphan_foreign_key
INV00748803,ITEM1811,LOC0004,2025-08-08,9.000,0.000,7.000,5.000,4.000,pcs,orphan_foreign_key
INV00748836,ITEM6881,LOC0005,2025-08-08,0.600,1.380,0.660,0.600,1.380,kg,orphan_foreign_key
INV00748952,ITEM5324,LOC0006,2025-08-08,10.000,0.000,2.000,2.000,8.000,pcs,orphan_foreign_key
INV00749809,ITEM6072,LOC0012,2025-08-08,0.820,0.000,0.400,0.400,0.420,kg,orphan_foreign_key
INV00750286,ITEM7692,LOC0015,2025-08-08,3.040,13.400,5.710,5.250,11.190,liters,orphan_foreign_key
INV00750875,ITEM4594,LOC0020,2025-08-08,1.060,0.000,0.120,0.000,1.060,liters,orphan_foreign_key
INV00750950,ITEM5148,LOC0020,2025-08-08,4.000,0.000,3.000,3.000,1.000,pcs,orphan_foreign_key
INV00751099,ITEM5616,LOC0021,2025-08-08,6.000,0.000,1.000,0.000,6.000,pcs,orphan_foreign_key
INV00751172,ITEM8041,LOC0022,2025-08-08,0.250,2.020,0.900,0.900,1.370,kg,orphan_foreign_key
INV00751318,ITEM2446,LOC0023,2025-08-08,24.200,0.000,6.270,2.500,19.930,kg,orphan_foreign_key
INV00751502,ITEM4766,LOC0024,2025-08-08,3.000,0.000,1.000,0.000,3.000,pcs,orphan_foreign_key
INV00751551,ITEM3949,LOC0024,2025-08-08,7.000,13.000,7.000,6.000,14.000,pcs,orphan_foreign_key
INV00752297,ITEM6856,LOC0005,2025-08-09,2.000,0.000,1.000,0.000,2.000,pcs,orphan_foreign_key
INV00752760,ITEM2323,LOC0008,2025-08-09,0.710,0.000,0.450,0.350,0.360,liters,orphan_foreign_key
INV00752810,ITEM0771,LOC0009,2025-08-09,1.550,0.000,1.200,1.200,0.350,kg,orphan_foreign_key
INV00752978,ITEM8845,LOC0010,2025-08-09,1.000,2.000,1.000,0.000,2.000,pcs,orphan_foreign_key
INV00753006,ITEM1464,LOC0010,2025-08-09,0.190,0.000,0.060,0.000,0.190,kg,orphan_foreign_key
INV00753240,ITEM7355,LOC0012,2025-08-09,0.960,0.000,0.140,0.000,0.920,kg,orphan_foreign_key
INV00753689,ITEM7944,LOC0015,2025-08-09,0.700,0.000,0.350,0.350,0.350,kg,orphan_foreign_key
INV00753714,ITEM1127,LOC0015,2025-08-09,0.570,0.730,0.500,0.500,0.800,liters,orphan_foreign_key
INV00753933,ITEM6147,LOC0017,2025-08-09,2.770,0.000,2.000,2.000,0.770,kg,orphan_foreign_key
INV00755518,ITEM4404,LOC0003,2025-08-10,0.690,1.360,0.820,0.700,1.350,liters,orphan_foreign_key
INV00755597,ITEM0520,LOC0004,2025-08-10,2.000,6.000,3.000,2.000,6.000,pcs,orphan_foreign_key
INV00755934,ITEM9180,LOC0006,2025-08-10,2.310,0.000,0.530,0.350,1.960,liters,orphan_foreign_key
INV00756397,ITEM2397,LOC0010,2025-08-10,1.360,0.000,1.000,1.000,0.360,kg,orphan_foreign_key
INV00756437,ITEM9005,LOC0010,2025-08-10,0.710,0.000,0.030,0.000,0.710,kg,orphan_foreign_key
INV00756656,ITEM9508,LOC0012,2025-08-10,1.460,0.000,0.350,0.300,1.160,kg,orphan_foreign_key
INV00756723,ITEM2994,LOC0012,2025-08-10,3.000,0.000,1.000,0.000,3.000,pcs,orphan_foreign_key
INV00756724,ITEM5377,LOC0012,2025-08-10,3.000,0.000,1.000,0.000,3.000,pcs,orphan_foreign_key
INV00757599,ITEM9639,LOC0019,2025-08-10,0.180,0.000,0.040,0.000,0.180,liters,orphan_foreign_key
INV00758120,ITEM1846,LOC0022,2025-08-10,1.090,0.000,0.260,0.250,0.840,liters,orphan_foreign_key
INV00758353,ITEM5033,LOC0024,2025-08-10,5.000,0.000,3.000,2.000,3.000,pcs,orphan_foreign_key
INV00758628,ITEM8642,LOC0001,2025-08-11,2.000,0.000,1.000,0.000,2.000,pcs,orphan_foreign_key
INV00758698,ITEM5382,LOC0002,2025-08-11,7.000,0.000,1.000,0.000,7.000,pcs,orphan_foreign_key
INV00759735,ITEM8476,LOC0009,2025-08-11,0.430,0.000,0.040,0.000,0.430,kg,orphan_foreign_key
INV00760203,ITEM3786,LOC0013,2025-08-11,6.000,0.000,3.000,2.000,4.000,pcs,orphan_foreign_key
INV00760562,ITEM5275,LOC0015,2025-08-11,3.000,0.000,1.000,0.000,3.000,pcs,orphan_foreign_key
INV00760772,ITEM9187,LOC0017,2025-08-11,0.390,0.000,0.150,0.000,0.390,kg,orphan_foreign_key
INV00761100,ITEM0696,LOC0019,2025-08-11,2.000,0.000,1.000,0.000,2.000,pcs,orphan_foreign_key
INV00761346,ITEM7572,LOC0021,2025-08-11,0.580,0.000,0.090,0.000,0.580,kg,orphan_foreign_key
INV00761611,ITEM2501,LOC0023,2025-08-11,1.720,0.000,1.020,0.900,0.800,kg,orphan_foreign_key
INV00762492,ITEM9502,LOC0004,2025-08-12,0.510,0.000,0.160,0.000,0.510,kg,orphan_foreign_key
INV00762531,ITEM2335,LOC0004,2025-08-12,10.000,0.000,4.000,1.000,9.000,pcs,orphan_foreign_key
INV00762985,ITEM3557,LOC0008,2025-08-12,5.550,0.000,0.950,0.000,5.550,kg,orphan_foreign_key
INV00763430,ITEM8035,LOC0011,2025-08-12,3.000,0.000,1.000,0.000,3.000,pcs,orphan_foreign_key
INV00763476,ITEM8682,LOC0011,2025-08-12,4.000,0.000,2.000,0.000,4.000,pcs,orphan_foreign_key
INV00764088,ITEM3442,LOC0016,2025-08-12,1.760,0.000,1.200,1.200,0.560,kg,orphan_foreign_key
INV00764724,ITEM1753,LOC0020,2025-08-12,3.000,8.000,4.000,3.000,7.000,pcs,orphan_foreign_key
INV00764768,ITEM6404,LOC0021,2025-08-12,0.440,0.000,0.030,0.000,0.440,kg,orphan_foreign_key
INV00765405,ITEM6603,LOC0025,2025-08-12,1.750,0.000,1.050,1.050,0.700,liters,orphan_foreign_key
INV00765451,ITEM2783,LOC0001,2025-08-13,2.740,0.000,0.900,0.900,1.840,kg,orphan_foreign_key
INV00766263,ITEM8478,LOC0007,2025-08-13,7.000,0.000,3.000,0.000,7.000,pcs,orphan_foreign_key
INV00766491,ITEM2934,LOC0008,2025-08-13,2.990,0.000,2.450,2.450,0.540,liters,orphan_foreign_key
INV00766933,ITEM9061,LOC0012,2025-08-13,1.030,0.000,0.070,0.000,1.030,liters,orphan_foreign_key
INV00767099,ITEM3567,LOC0013,2025-08-13,2.540,0.000,0.940,0.500,2.040,kg,orphan_foreign_key
INV00767128,ITEM1973,LOC0013,2025-08-13,8.000,0.000,1.000,0.000,8.000,pcs,orphan_foreign_key
INV00767141,ITEM2657,LOC0013,2025-08-13,3.000,0.000,1.000,0.000,3.000,pcs,orphan_foreign_key
INV00767251,ITEM5352,LOC0014,2025-08-13,2.130,0.000,0.280,0.000,2.130,kg,orphan_foreign_key
INV00769563,ITEM7424,LOC0006,2025-08-14,0.560,0.000,0.070,0.000,0.560,kg,orphan_foreign_key
INV00770916,ITEM1539,LOC0016,2025-08-14,0.650,0.000,0.030,0.000,0.650,liters,orphan_foreign_key
INV00770980,ITEM8181,LOC0016,2025-08-14,3.000,0.000,2.000,1.000,2.000,pcs,orphan_foreign_key
INV00771318,ITEM2806,LOC0019,2025-08-14,3.000,0.000,1.000,0.000,3.000,pcs,orphan_foreign_key
INV00771536,ITEM0332,LOC0020,2025-08-14,8.000,0.000,1.000,0.000,8.000,pcs,orphan_foreign_key
INV00772283,ITEM0823,LOC0001,2025-08-15,2.000,8.000,4.000,3.000,7.000,pcs,orphan_foreign_key
INV00772473,ITEM3354,LOC0002,2025-08-15,2.880,0.000,2.260,2.000,0.880,kg,orphan_foreign_key
INV00772585,ITEM6414,LOC0003,2025-08-15,16.970,0.000,5.930,2.400,12.350,kg,orphan_foreign_key
INV00773436,ITEM9053,LOC0009,2025-08-15,3.000,0.000,1.000,0.000,3.000,pcs,orphan_foreign_key
INV00773560,ITEM4214,LOC0010,2025-08-15,1.430,0.000,0.190,0.000,1.430,kg,orphan_foreign_key
INV00774302,ITEM2625,LOC0015,2025-08-15,1.710,0.000,0.130,0.000,1.710,liters,orphan_foreign_key
INV00774552,ITEM2517,LOC0017,2025-08-15,4.000,0.000,1.000,0.000,4.000,pcs,orphan_foreign_key
INV00775029,ITEM1051,LOC0021,2025-08-15,5.000,6.000,5.000,4.000,7.000,pcs,orphan_foreign_key
INV00775309,ITEM3759,LOC0023,2025-08-15,2.000,0.000,1.000,0.000,2.000,pcs,orphan_foreign_key
INV00775643,ITEM9679,LOC0025,2025-08-15,7.000,0.000,2.000,1.000,6.000,pcs,orphan_foreign_key
INV00775992,ITEM4878,LOC0003,2025-08-16,3.000,0.000,1.000,0.000,3.000,pcs,orphan_foreign_key
INV00776172,ITEM6283,LOC0004,2025-08-16,3.320,0.000,0.580,0.000,3.320,kg,orphan_foreign_key
INV00776914,ITEM8662,LOC0009,2025-08-16,1.800,7.080,3.090,2.800,6.080,liters,orphan_foreign_key
INV00777020,ITEM2263,LOC0010,2025-08-16,0.470,0.000,0.210,0.000,0.470,kg,orphan_foreign_key
INV00777569,ITEM5263,LOC0014,2025-08-16,1.030,0.000,0.410,0.350,0.680,kg,orphan_foreign_key
INV00778506,ITEM6272,LOC0021,2025-08-16,3.000,0.000,1.000,0.000,3.000,pcs,orphan_foreign_key
INV00778570,ITEM3168,LOC0021,2025-08-16,5.000,0.000,3.000,3.000,2.000,pcs,orphan_foreign_key
INV00778723,ITEM1122,LOC0023,2025-08-16,6.000,0.000,3.000,2.000,4.000,pcs,orphan_foreign_key
INV00779456,ITEM0760,LOC0003,2025-08-17,6.000,9.000,7.000,4.000,11.000,pcs,orphan_foreign_key
INV00779806,ITEM8772,LOC0006,2025-08-17,7.000,0.000,1.000,0.000,7.000,pcs,orphan_foreign_key
INV00780292,ITEM1514,LOC0009,2025-08-17,4.000,0.000,1.000,0.000,4.000,pcs,orphan_foreign_key
INV00780945,ITEM9738,LOC0014,2025-08-17,1.670,0.000,0.240,0.000,1.670,kg,orphan_foreign_key
INV00782028,ITEM1512,LOC0022,2025-08-17,2.030,0.000,0.360,0.000,2.030,kg,orphan_foreign_key
INV00782083,ITEM1625,LOC0022,2025-08-17,9.000,0.000,3.000,2.000,7.000,pcs,orphan_foreign_key
INV00782472,ITEM8444,LOC0025,2025-08-17,5.000,0.000,1.000,0.000,5.000,pcs,orphan_foreign_key
INV00782527,ITEM9579,LOC0025,2025-08-17,1.000,6.000,3.000,3.000,4.000,pcs,orphan_foreign_key
INV00783658,ITEM9544,LOC0009,2025-08-18,10.440,0.000,4.490,2.500,7.940,kg,orphan_foreign_key
INV00784337,ITEM3459,LOC0014,2025-08-18,17.950,0.000,3.610,2.000,15.000,kg,orphan_foreign_key
INV00785006,ITEM4253,LOC0019,2025-08-18,5.000,0.000,1.000,0.000,5.000,pcs,orphan_foreign_key
INV00785447,ITEM7851,LOC0022,2025-08-18,3.320,0.000,1.860,1.500,1.820,kg,orphan_foreign_key
INV00785522,ITEM3287,LOC0022,2025-08-18,2.710,0.000,1.750,1.750,0.960,liters,orphan_foreign_key
INV00786003,ITEM4823,LOC0001,2025-08-19,18.000,41.000,20.000,14.000,45.000,pcs,orphan_foreign_key
INV00786236,ITEM8638,LOC0003,2025-08-19,1.000,2.000,1.000,0.000,3.000,pcs,orphan_foreign_key
INV00786502,ITEM4320,LOC0005,2025-08-19,1.930,0.000,0.070,0.000,1.930,liters,orphan_foreign_key
INV00787380,ITEM9137,LOC0011,2025-08-19,3.000,0.000,2.000,2.000,1.000,pcs,orphan_foreign_key
INV00787455,ITEM2529,LOC0012,2025-08-19,10.000,0.000,2.000,0.000,8.000,pcs,orphan_foreign_key
INV00787538,ITEM4825,LOC0012,2025-08-19,5.000,0.000,1.000,0.000,4.000,pcs,orphan_foreign_key
INV00788347,ITEM3675,LOC0018,2025-08-19,2.000,0.000,1.000,0.000,2.000,pcs,orphan_foreign_key
INV00788548,ITEM4120,LOC0020,2025-08-19,2.040,0.000,0.070,0.000,2.020,liters,orphan_foreign_key
INV00788646,ITEM2221,LOC0020,2025-08-19,0.990,0.000,0.140,0.000,0.920,liters,orphan_foreign_key
INV00788719,ITEM9649,LOC0021,2025-08-19,3.880,0.000,2.220,2.000,1.880,kg,orphan_foreign_key
INV00788996,ITEM1325,LOC0023,2025-08-19,2.730,0.000,0.530,0.400,2.330,kg,orphan_foreign_key
INV00790064,ITEM3404,LOC0006,2025-08-20,2.000,0.000,0.100,0.000,2.000,kg,orphan_foreign_key
INV00790408,ITEM6878,LOC0008,2025-08-20,0.990,0.000,0.140,0.000,0.990,liters,orphan_foreign_key
INV00790439,ITEM4835,LOC0009,2025-08-20,5.000,0.000,1.000,0.000,5.000,pcs,orphan_foreign_key
INV00791230,ITEM9706,LOC0014,2025-08-20,3.580,0.000,1.230,0.350,3.230,liters,orphan_foreign_key
INV00791391,ITEM9217,LOC0015,2025-08-20,11.000,0.000,4.000,3.000,7.000,pcs,orphan_foreign_key
INV00791437,ITEM8297,LOC0016,2025-08-20,1.960,0.000,0.550,0.000,1.960,kg,orphan_foreign_key
INV00791693,ITEM9883,LOC0018,2025-08-20,0.690,0.000,0.440,0.300,0.390,kg,orphan_foreign_key
INV00791921,ITEM7355,LOC0019,2025-08-20,3.090,0.000,0.370,0.350,2.740,liters,orphan_foreign_key
INV00792395,ITEM1060,LOC0023,2025-08-20,4.670,0.000,3.310,0.500,2.260,kg,orphan_foreign_key
INV00792670,ITEM7504,LOC0025,2025-08-20,0.300,0.000,0.080,0.000,0.300,kg,orphan_foreign_key
INV00793099,ITEM4990,LOC0003,2025-08-21,4.000,0.000,2.000,1.000,2.000,pcs,orphan_foreign_key
INV00793616,ITEM4248,LOC0007,2025-08-21,0.920,0.000,0.210,0.000,0.920,kg,orphan_foreign_key
INV00793795,ITEM7131,LOC0008,2025-08-21,3.000,0.000,1.000,0.000,3.000,pcs,orphan_foreign_key
INV00793913,ITEM5049,LOC0009,2025-08-21,9.000,0.000,3.000,3.000,6.000,pcs,orphan_foreign_key
INV00793937,ITEM2270,LOC0009,2025-08-21,0.110,0.000,0.040,0.000,0.110,kg,orphan_foreign_key
INV00794089,ITEM0796,LOC0010,2025-08-21,0.300,0.000,0.020,0.000,0.300,liters,orphan_foreign_key
INV00794607,ITEM3119,LOC0014,2025-08-21,3.000,0.000,1.000,0.000,3.000,pcs,orphan_foreign_key
INV00795148,ITEM0282,LOC0018,2025-08-21,10.000,10.000,9.000,9.000,11.000,pcs,orphan_foreign_key
INV00795478,ITEM6032,LOC0020,2025-08-21,1.910,1.800,1.750,1.750,1.960,liters,orphan_foreign_key
INV00795950,ITEM0287,LOC0024,2025-08-21,2.440,0.000,1.000,1.000,1.440,kg,orphan_foreign_key
INV00796025,ITEM2118,LOC0024,2025-08-21,0.480,2.670,1.400,1.400,1.750,liters,orphan_foreign_key
INV00796089,ITEM2981,LOC0025,2025-08-21,4.080,0.000,0.160,0.000,4.080,kg,orphan_foreign_key
INV00796099,ITEM7421,LOC0025,2025-08-21,8.000,0.000,1.000,0.000,8.000,pcs,orphan_foreign_key
INV00796854,ITEM9967,LOC0005,2025-08-22,9.000,0.000,3.000,3.000,6.000,pcs,orphan_foreign_key
INV00797146,ITEM2115,LOC0008,2025-08-22,0.690,2.440,1.200,1.200,1.930,liters,orphan_foreign_key
INV00797212,ITEM8591,LOC0008,2025-08-22,0.950,0.000,0.090,0.000,0.950,kg,orphan_foreign_key
INV00797859,ITEM3013,LOC0013,2025-08-22,3.100,0.000,2.010,2.000,1.100,kg,orphan_foreign_key
INV00798025,ITEM3022,LOC0014,2025-08-22,0.670,0.000,0.350,0.350,0.320,kg,orphan_foreign_key
INV00798197,ITEM8130,LOC0015,2025-08-22,2.810,4.020,2.370,2.100,4.730,liters,orphan_foreign_key
INV00798862,ITEM1213,LOC0020,2025-08-22,2.000,5.000,3.000,3.000,4.000,pcs,orphan_foreign_key
INV00799775,ITEM2172,LOC0002,2025-08-23,2.580,0.000,1.200,1.200,1.380,kg,orphan_foreign_key
INV00799794,ITEM3435,LOC0002,2025-08-23,2.000,7.000,3.000,2.000,7.000,pcs,orphan_foreign_key
INV00800201,ITEM8908,LOC0005,2025-08-23,8.000,0.000,4.000,3.000,5.000,pcs,orphan_foreign_key
INV00800356,ITEM5607,LOC0006,2025-08-23,0.260,0.000,0.080,0.000,0.260,kg,orphan_foreign_key
INV00801507,ITEM6649,LOC0015,2025-08-23,2.000,0.000,1.000,1.000,1.000,pcs,orphan_foreign_key
INV00801620,ITEM5425,LOC0015,2025-08-23,12.000,0.000,2.000,1.000,11.000,pcs,orphan_foreign_key
INV00801625,ITEM6665,LOC0016,2025-08-23,4.000,0.000,1.000,0.000,4.000,pcs,orphan_foreign_key
INV00801982,ITEM4000,LOC0018,2025-08-23,0.390,0.450,0.350,0.350,0.490,kg,orphan_foreign_key
INV00802811,ITEM3123,LOC0024,2025-08-23,0.660,0.000,0.350,0.350,0.310,kg,orphan_foreign_key
INV00803085,ITEM7157,LOC0001,2025-08-24,0.170,0.000,0.050,0.000,0.170,kg,orphan_foreign_key
INV00803207,ITEM6044,LOC0002,2025-08-24,7.000,0.000,1.000,1.000,6.000,pcs,orphan_foreign_key
INV00803381,ITEM6557,LOC0003,2025-08-24,0.760,3.550,1.500,1.500,2.810,liters,orphan_foreign_key
INV00803647,ITEM2892,LOC0005,2025-08-24,3.850,0.000,0.580,0.500,3.350,liters,orphan_foreign_key
INV00803655,ITEM2281,LOC0005,2025-08-24,8.140,0.000,6.010,5.950,2.190,liters,orphan_foreign_key
INV00803678,ITEM1721,LOC0006,2025-08-24,6.000,0.000,4.000,4.000,2.000,pcs,orphan_foreign_key
INV00804110,ITEM8125,LOC0009,2025-08-24,0.520,1.980,0.900,0.900,1.600,kg,orphan_foreign_key
INV00804149,ITEM1430,LOC0009,2025-08-24,4.000,0.000,3.000,3.000,1.000,pcs,orphan_foreign_key
INV00804240,ITEM5909,LOC0010,2025-08-24,10.820,0.000,5.050,3.300,7.520,kg,orphan_foreign_key
INV00805074,ITEM8214,LOC0016,2025-08-24,11.320,0.000,2.450,0.000,9.670,kg,orphan_foreign_key
INV00805238,ITEM8692,LOC0017,2025-08-24,5.000,0.000,2.000,1.000,4.000,pcs,orphan_foreign_key
INV00805342,ITEM3592,LOC0018,2025-08-24,1.080,0.000,0.280,0.000,1.080,kg,orphan_foreign_key
INV00805895,ITEM3171,LOC0022,2025-08-24,1.380,0.000,0.130,0.000,1.380,kg,orphan_foreign_key
INV00806722,ITEM5975,LOC0003,2025-08-25,0.350,0.000,0.270,0.000,0.350,kg,orphan_foreign_key
INV00807746,ITEM5984,LOC0010,2025-08-25,15.000,0.000,4.000,2.000,13.000,pcs,orphan_foreign_key
INV00808147,ITEM9036,LOC0013,2025-08-25,0.840,4.000,1.750,1.750,3.090,liters,orphan_foreign_key
INV00808491,ITEM0898,LOC0016,2025-08-25,0.760,0.000,0.420,0.000,0.760,kg,orphan_foreign_key
INV00809510,ITEM3916,LOC0023,2025-08-25,1.310,0.000,0.690,0.500,0.810,liters,orphan_foreign_key
INV00810145,ITEM1209,LOC0003,2025-08-26,0.790,1.100,0.880,0.800,1.090,kg,orphan_foreign_key
INV00810502,ITEM5719,LOC0006,2025-08-26,1.000,2.000,1.000,0.000,3.000,pcs,orphan_foreign_key
INV00810657,ITEM2254,LOC0007,2025-08-26,18.000,0.000,4.000,2.000,15.000,pcs,orphan_foreign_key
INV00810914,ITEM7179,LOC0009,2025-08-26,1.000,10.000,4.000,2.000,9.000,pcs,orphan_foreign_key
INV00811209,ITEM6871,LOC0011,2025-08-26,7.130,0.000,1.060,0.500,6.630,kg,orphan_foreign_key
INV00811213,ITEM3730,LOC0011,2025-08-26,4.010,0.000,0.380,0.000,4.010,kg,orphan_foreign_key
INV00811423,ITEM5214,LOC0012,2025-08-26,0.360,0.000,0.090,0.000,0.360,liters,orphan_foreign_key
INV00811778,ITEM3963,LOC0015,2025-08-26,6.000,0.000,2.000,1.000,5.000,pcs,orphan_foreign_key
INV00811947,ITEM5579,LOC0016,2025-08-26,3.000,0.000,1.000,0.000,3.000,pcs,orphan_foreign_key
INV00812996,ITEM5020,LOC0024,2025-08-26,1.530,0.000,0.170,0.000,1.530,kg,orphan_foreign_key
INV00813031,ITEM6079,LOC0024,2025-08-26,2.000,0.000,1.000,0.000,2.000,pcs,orphan_foreign_key
INV00813247,ITEM3999,LOC0001,2025-08-27,10.000,0.000,7.000,7.000,3.000,pcs,orphan_foreign_key
INV00813262,ITEM3828,LOC0001,2025-08-27,2.070,0.000,0.120,0.000,2.070,kg,orphan_foreign_key
INV00813284,ITEM5546,LOC0001,2025-08-27,3.000,0.000,1.000,0.000,3.000,pcs,orphan_foreign_key
INV00814698,ITEM1385,LOC0011,2025-08-27,3.050,0.000,0.180,0.000,3.050,liters,orphan_foreign_key
INV00814795,ITEM9081,LOC0012,2025-08-27,3.000,0.000,2.000,1.000,2.000,pcs,orphan_foreign_key
INV00815382,ITEM2777,LOC0016,2025-08-27,3.620,7.210,3.850,3.850,6.980,liters,orphan_foreign_key
INV00815719,ITEM2639,LOC0019,2025-08-27,2.310,0.000,0.490,0.000,2.310,kg,orphan_foreign_key
INV00816019,ITEM3739,LOC0021,2025-08-27,4.000,0.000,2.000,1.000,2.000,pcs,orphan_foreign_key
INV00816829,ITEM8556,LOC0002,2025-08-28,2.000,0.000,1.000,0.000,2.000,pcs,orphan_foreign_key
INV00817007,ITEM4008,LOC0003,2025-08-28,2.000,0.000,1.000,0.000,2.000,pcs,orphan_foreign_key
INV00817290,ITEM4461,LOC0005,2025-08-28,1.270,0.000,0.640,0.500,0.770,liters,orphan_foreign_key
INV00817842,ITEM3094,LOC0009,2025-08-28,3.000,0.000,1.000,0.000,3.000,pcs,orphan_foreign_key
INV00818182,ITEM5992,LOC0012,2025-08-28,1.000,2.000,1.000,0.000,3.000,pcs,orphan_foreign_key
INV00818269,ITEM5572,LOC0013,2025-08-28,6.000,0.000,1.000,0.000,6.000,pcs,orphan_foreign_key
INV00818271,ITEM1051,LOC0013,2025-08-28,1.000,2.000,1.000,0.000,3.000,pcs,orphan_foreign_key
INV00818638,ITEM9621,LOC0015,2025-08-28,3.000,0.000,1.000,1.000,2.000,pcs,orphan_foreign_key
INV00818905,ITEM8352,LOC0017,2025-08-28,2.000,0.000,1.000,0.000,2.000,pcs,orphan_foreign_key
INV00819551,ITEM5333,LOC0022,2025-08-28,0.520,0.900,0.660,0.400,1.020,kg,orphan_foreign_key
INV00819865,ITEM5682,LOC0024,2025-08-28,1.520,0.000,0.010,0.000,1.520,kg,orphan_foreign_key
INV00820700,ITEM1800,LOC0005,2025-08-29,0.770,0.000,0.270,0.000,0.770,liters,orphan_foreign_key
INV00820999,ITEM0605,LOC0007,2025-08-29,23.000,0.000,8.000,8.000,15.000,pcs,orphan_foreign_key
INV00821027,ITEM9295,LOC0008,2025-08-29,6.350,0.000,1.980,0.900,5.450,kg,orphan_foreign_key
INV00821277,ITEM9845,LOC0010,2025-08-29,1.820,0.000,0.600,0.600,1.220,liters,orphan_foreign_key
INV00821893,ITEM7483,LOC0014,2025-08-29,0.520,0.000,0.030,0.000,0.520,kg,orphan_foreign_key
INV00822661,ITEM2262,LOC0020,2025-08-29,1.460,2.350,1.550,1.200,2.610,kg,orphan_foreign_key
INV00823045,ITEM2602,LOC0022,2025-08-29,10.000,0.000,3.000,0.000,10.000,pcs,orphan_foreign_key
INV00823751,ITEM6267,LOC0003,2025-08-30,10.000,0.000,2.000,2.000,8.000,pcs,orphan_foreign_key
INV00823869,ITEM5508,LOC0004,2025-08-30,2.000,3.000,2.000,1.000,4.000,pcs,orphan_foreign_key
INV00824469,ITEM3886,LOC0008,2025-08-30,14.000,0.000,1.000,0.000,14.000,pcs,orphan_foreign_key
INV00824558,ITEM5804,LOC0009,2025-08-30,1.000,11.000,4.000,3.000,9.000,pcs,orphan_foreign_key
INV00825404,ITEM9545,LOC0015,2025-08-30,0.710,1.720,0.860,0.800,1.630,kg,orphan_foreign_key
INV00825778,ITEM0576,LOC0018,2025-08-30,1.110,0.000,0.300,0.300,0.810,liters,orphan_foreign_key
INV00826544,ITEM0654,LOC0023,2025-08-30,1.620,0.000,0.350,0.350,1.270,kg,orphan_foreign_key
INV00827014,ITEM1045,LOC0002,2025-08-31,0.960,0.000,0.080,0.000,0.960,liters,orphan_foreign_key
INV00827618,ITEM4144,LOC0006,2025-08-31,3.000,0.000,1.000,0.000,3.000,pcs,orphan_foreign_key
INV00827811,ITEM8721,LOC0007,2025-08-31,1.490,0.000,0.770,0.700,0.790,liters,orphan_foreign_key
INV00827841,ITEM3239,LOC0008,2025-08-31,2.000,6.000,3.000,3.000,5.000,pcs,orphan_foreign_key
INV00828231,ITEM8042,LOC0011,2025-08-31,0.520,0.000,0.050,0.000,0.520,liters,orphan_foreign_key
INV00828650,ITEM4889,LOC0014,2025-08-31,3.000,0.000,1.000,0.000,3.000,pcs,orphan_foreign_key
INV00828744,ITEM4004,LOC0014,2025-08-31,1.120,0.000,0.120,0.000,1.120,liters,orphan_foreign_key
INV00829158,ITEM1644,LOC0017,2025-08-31,3.550,0.000,1.850,1.750,1.800,liters,orphan_foreign_key
INV00829218,ITEM5970,LOC0018,2025-08-31,4.610,9.310,5.090,3.500,10.420,kg,orphan_foreign_key
INV00829268,ITEM5346,LOC0018,2025-08-31,3.000,5.000,3.000,2.000,6.000,pcs,orphan_foreign_key
INV00829726,ITEM7283,LOC0021,2025-08-31,5.000,0.000,1.000,0.000,5.000,pcs,orphan_foreign_key
INV00829937,ITEM2111,LOC0023,2025-08-31,2.000,7.000,3.000,2.000,7.000,pcs,orphan_foreign_key
INV00830382,ITEM5600,LOC0001,2025-09-01,3.660,0.000,0.100,0.000,3.660,liters,orphan_foreign_key
INV00831206,ITEM6808,LOC0007,2025-09-01,0.160,0.000,0.120,0.000,0.160,liters,orphan_foreign_key
INV00831902,ITEM8412,LOC0013,2025-09-01,5.000,0.000,2.000,1.000,4.000,pcs,orphan_foreign_key
INV00831930,ITEM9098,LOC0013,2025-09-01,0.800,0.000,0.590,0.300,0.500,kg,orphan_foreign_key
INV00832119,ITEM3757,LOC0014,2025-09-01,3.000,0.000,1.000,0.000,3.000,pcs,orphan_foreign_key
INV00832134,ITEM8519,LOC0014,2025-09-01,3.000,0.000,1.000,0.000,3.000,pcs,orphan_foreign_key
INV00832287,ITEM3593,LOC0015,2025-09-01,0.710,0.870,0.740,0.500,1.080,liters,orphan_foreign_key
INV00832613,ITEM2217,LOC0018,2025-09-01,1.750,0.000,0.400,0.300,1.450,kg,orphan_foreign_key
INV00832623,ITEM0781,LOC0018,2025-09-01,35.870,0.000,4.880,1.000,32.290,kg,orphan_foreign_key
INV00832933,ITEM5403,LOC0020,2025-09-01,8.000,0.000,5.000,3.000,5.000,pcs,orphan_foreign_key
INV00833409,ITEM7241,LOC0023,2025-09-01,18.000,0.000,5.000,3.000,15.000,pcs,orphan_foreign_key
INV00833846,ITEM1840,LOC0002,2025-09-02,1.200,4.640,2.120,1.200,3.880,kg,orphan_foreign_key
INV00834136,ITEM1634,LOC0004,2025-09-02,1.540,0.000,0.890,0.500,1.040,kg,orphan_foreign_key
INV00834240,ITEM1828,LOC0005,2025-09-02,7.000,0.000,2.000,2.000,5.000,pcs,orphan_foreign_key
INV00834401,ITEM6504,LOC0006,2025-09-02,1.500,0.000,0.180,0.000,1.500,kg,orphan_foreign_key
INV00835013,ITEM0812,LOC0010,2025-09-02,0.380,0.000,0.070,0.000,0.380,liters,orphan_foreign_key
INV00835502,ITEM1217,LOC0014,2025-09-02,1.970,0.000,0.890,0.800,1.170,kg,orphan_foreign_key
INV00837611,ITEM8863,LOC0004,2025-09-03,2.460,0.000,0.060,0.000,2.460,liters,orphan_foreign_key
INV00838126,ITEM3091,LOC0008,2025-09-03,5.000,0.000,2.000,2.000,3.000,pcs,orphan_foreign_key
INV00838357,ITEM8899,LOC0010,2025-09-03,0.600,0.000,0.210,0.000,0.600,kg,orphan_foreign_key
INV00838441,ITEM1636,LOC0010,2025-09-03,5.000,0.000,1.000,0.000,5.000,pcs,orphan_foreign_key
INV00838954,ITEM5062,LOC0014,2025-09-03,3.000,0.000,1.000,0.000,3.000,pcs,orphan_foreign_key
INV00839129,ITEM0274,LOC0015,2025-09-03,4.000,0.000,3.000,1.000,3.000,pcs,orphan_foreign_key
INV00839277,ITEM3646,LOC0017,2025-09-03,12.000,0.000,2.000,0.000,12.000,pcs,orphan_foreign_key
INV00839446,ITEM8564,LOC0018,2025-09-03,14.320,0.000,2.210,0.000,14.320,kg,orphan_foreign_key
INV00839947,ITEM1946,LOC0021,2025-09-03,16.000,0.000,4.000,0.000,16.000,pcs,orphan_foreign_key
INV00839962,ITEM7118,LOC0022,2025-09-03,2.000,0.000,1.000,0.000,2.000,pcs,orphan_foreign_key
INV00840337,ITEM2864,LOC0024,2025-09-03,2.000,0.000,1.000,0.000,2.000,pcs,orphan_foreign_key
INV00840911,ITEM9104,LOC0003,2025-09-04,9.000,0.000,4.000,0.000,9.000,pcs,orphan_foreign_key
INV00840991,ITEM2845,LOC0004,2025-09-04,16.000,0.000,9.000,8.000,8.000,pcs,orphan_foreign_key
INV00841190,ITEM2467,LOC0006,2025-09-04,3.000,0.000,1.000,0.000,3.000,pcs,orphan_foreign_key
INV00841312,ITEM1961,LOC0006,2025-09-04,1.240,0.000,0.350,0.350,0.890,liters,orphan_foreign_key
INV00841597,ITEM4031,LOC0009,2025-09-04,0.280,0.000,0.110,0.000,0.280,liters,orphan_foreign_key
INV00841678,ITEM5728,LOC0009,2025-09-04,0.660,0.870,0.700,0.700,0.830,kg,orphan_foreign_key
INV00841904,ITEM2141,LOC0011,2025-09-04,2.350,0.000,0.410,0.000,2.350,kg,orphan_foreign_key
INV00842357,ITEM8919,LOC0014,2025-09-04,0.580,0.000,0.040,0.000,0.580,kg,orphan_foreign_key
INV00842877,ITEM7240,LOC0018,2025-09-04,6.000,0.000,3.000,2.000,4.000,pcs,orphan_foreign_key
INV00843730,ITEM0558,LOC0024,2025-09-04,0.530,0.000,0.030,0.000,0.530,kg,orphan_foreign_key
INV00843798,ITEM9789,LOC0025,2025-09-04,0.310,3.140,1.300,1.200,2.250,liters,orphan_foreign_key
INV00843933,ITEM3925,LOC0001,2025-09-05,1.000,5.000,2.000,0.000,6.000,pcs,orphan_foreign_key
INV00844101,ITEM2751,LOC0002,2025-09-05,0.390,0.000,0.170,0.000,0.390,kg,orphan_foreign_key
INV00844271,ITEM8919,LOC0003,2025-09-05,3.000,0.000,1.000,0.000,3.000,pcs,orphan_foreign_key
INV00844701,ITEM2706,LOC0006,2025-09-05,3.000,0.000,1.000,0.000,3.000,pcs,orphan_foreign_key
INV00845255,ITEM2612,LOC0010,2025-09-05,0.960,0.000,0.380,0.000,0.960,liters,orphan_foreign_key
INV00845509,ITEM1608,LOC0012,2025-09-05,3.000,0.000,1.000,1.000,2.000,pcs,orphan_foreign_key
INV00845646,ITEM3741,LOC0013,2025-09-05,0.470,1.020,0.500,0.500,0.990,liters,orphan_foreign_key
INV00845818,ITEM0302,LOC0015,2025-09-05,5.000,0.000,1.000,0.000,5.000,pcs,orphan_foreign_key
INV00845932,ITEM4076,LOC0015,2025-09-05,5.500,0.000,1.450,1.400,4.100,liters,orphan_foreign_key
INV00846413,ITEM6487,LOC0019,2025-09-05,0.310,0.000,0.170,0.000,0.310,kg,orphan_foreign_key
INV00846786,ITEM6265,LOC0022,2025-09-05,2.000,0.000,1.000,0.000,2.000,pcs,orphan_foreign_key
INV00846889,ITEM6985,LOC0022,2025-09-05,0.730,0.000,0.020,0.000,0.730,liters,orphan_foreign_key
INV00847166,ITEM2759,LOC0024,2025-09-05,0.470,0.000,0.050,0.000,0.470,liters,orphan_foreign_key
INV00847363,ITEM7778,LOC0001,2025-09-06,12.880,0.000,6.440,5.500,7.380,kg,orphan_foreign_key
INV00847654,ITEM1970,LOC0003,2025-09-06,4.670,0.000,2.000,2.000,2.670,kg,orphan_foreign_key
INV00847867,ITEM5816,LOC0004,2025-09-06,8.000,0.000,3.000,2.000,6.000,pcs,orphan_foreign_key
INV00847928,ITEM5466,LOC0005,2025-09-06,2.000,0.000,1.000,0.000,2.000,pcs,orphan_foreign_key
INV00848680,ITEM5445,LOC0011,2025-09-06,2.000,0.000,1.000,0.000,1.000,pcs,orphan_foreign_key
INV00849298,ITEM0285,LOC0015,2025-09-06,4.000,0.000,1.000,0.000,4.000,pcs,orphan_foreign_key
INV00849746,ITEM0955,LOC0018,2025-09-06,0.990,0.000,0.290,0.000,0.990,liters,orphan_foreign_key
INV00850034,ITEM2261,LOC0020,2025-09-06,0.480,1.270,0.720,0.700,1.050,liters,orphan_foreign_key
INV00850119,ITEM7370,LOC0021,2025-09-06,2.000,0.000,1.000,0.000,2.000,pcs,orphan_foreign_key
INV00850181,ITEM0943,LOC0021,2025-09-06,4.000,0.000,3.000,3.000,1.000,pcs,orphan_foreign_key
INV00850960,ITEM9699,LOC0002,2025-09-07,0.240,3.740,1.400,1.400,2.580,kg,orphan_foreign_key
INV00851060,ITEM3340,LOC0003,2025-09-07,0.730,0.000,0.160,0.000,0.730,kg,orphan_foreign_key
INV00851136,ITEM4808,LOC0003,2025-09-07,5.000,48.000,19.000,19.000,34.000,pcs,orphan_foreign_key
INV00851332,ITEM5675,LOC0005,2025-09-07,0.390,0.650,0.400,0.400,0.640,kg,orphan_foreign_key
INV00851361,ITEM3292,LOC0005,2025-09-07,2.000,0.000,1.000,0.000,2.000,pcs,orphan_foreign_key
INV00852312,ITEM7831,LOC0012,2025-09-07,0.210,0.000,0.110,0.000,0.210,kg,orphan_foreign_key
INV00853021,ITEM1028,LOC0017,2025-09-07,0.160,0.000,0.070,0.000,0.160,liters,orphan_foreign_key
INV00853149,ITEM9015,LOC0018,2025-09-07,1.020,0.000,0.500,0.500,0.520,liters,orphan_foreign_key
INV00853204,ITEM7443,LOC0019,2025-09-07,10.000,0.000,1.000,0.000,10.000,pcs,orphan_foreign_key
INV00853252,ITEM6064,LOC0019,2025-09-07,1.000,2.000,1.000,0.000,3.000,pcs,orphan_foreign_key
INV00853907,ITEM7766,LOC0024,2025-09-07,1.180,0.000,0.100,0.000,1.180,kg,orphan_foreign_key
INV00854230,ITEM1697,LOC0001,2025-09-08,1.610,0.000,0.130,0.000,1.540,kg,orphan_foreign_key
INV00854462,ITEM2323,LOC0003,2025-09-08,2.590,0.000,0.170,0.000,2.590,kg,orphan_foreign_key
INV00854803,ITEM2930,LOC0005,2025-09-08,4.390,0.000,1.250,0.350,4.040,liters,orphan_foreign_key
INV00854918,ITEM4868,LOC0006,2025-09-08,2.400,0.000,0.350,0.350,2.050,kg,orphan_foreign_key
INV00855005,ITEM5973,LOC0007,2025-09-08,1.700,0.000,1.000,1.000,0.700,kg,orphan_foreign_key
INV00855595,ITEM4000,LOC0011,2025-09-08,3.000,0.000,1.000,0.000,3.000,pcs,orphan_foreign_key
INV00855661,ITEM7940,LOC0012,2025-09-08,2.000,0.000,1.000,0.000,2.000,pcs,orphan_foreign_key
INV00856312,ITEM4110,LOC0016,2025-09-08,15.000,0.000,2.000,0.000,15.000,pcs,orphan_foreign_key
INV00856658,ITEM0819,LOC0019,2025-09-08,5.000,0.000,1.000,0.000,5.000,pcs,orphan_foreign_key
INV00856785,ITEM2058,LOC0020,2025-09-08,1.350,1.850,1.290,0.800,2.400,kg,orphan_foreign_key
INV00857352,ITEM7041,LOC0024,2025-09-08,5.000,0.000,1.000,0.000,5.000,pcs,orphan_foreign_key
INV00858324,ITEM3119,LOC0006,2025-09-09,3.240,0.000,1.520,1.400,1.840,kg,orphan_foreign_key
INV00858416,ITEM3080,LOC0007,2025-09-09,2.940,0.000,0.810,0.000,2.320,kg,orphan_foreign_key
INV00858575,ITEM1529,LOC0008,2025-09-09,3.000,0.000,1.000,0.000,3.000,pcs,orphan_foreign_key
INV00859289,ITEM4739,LOC0013,2025-09-09,1.110,0.000,0.240,0.000,1.110,liters,orphan_foreign_key
INV00859458,ITEM5657,LOC0015,2025-09-09,8.000,0.000,1.000,0.000,8.000,pcs,orphan_foreign_key
INV00859964,ITEM1964,LOC0018,2025-09-09,3.000,0.000,1.000,0.000,3.000,pcs,orphan_foreign_key
INV00860054,ITEM7628,LOC0019,2025-09-09,0.450,0.000,0.120,0.000,0.450,kg,orphan_foreign_key
INV00860687,ITEM3364,LOC0023,2025-09-09,9.000,0.000,2.000,1.000,8.000,pcs,orphan_foreign_key
INV00861114,ITEM4471,LOC0002,2025-09-10,0.920,0.000,0.080,0.000,0.920,liters,orphan_foreign_key
INV00861167,ITEM1792,LOC0002,2025-09-10,3.000,0.000,1.000,0.000,3.000,pcs,orphan_foreign_key
INV00861395,ITEM9749,LOC0004,2025-09-10,3.000,0.000,2.000,2.000,1.000,pcs,orphan_foreign_key
INV00861872,ITEM0488,LOC0007,2025-09-10,1.370,0.000,0.060,0.000,1.370,kg,orphan_foreign_key
INV00862200,ITEM9261,LOC0010,2025-09-10,2.000,0.000,1.000,0.000,2.000,pcs,orphan_foreign_key
INV00862220,ITEM4540,LOC0010,2025-09-10,0.100,0.090,0.090,0.000,0.190,kg,orphan_foreign_key
INV00862876,ITEM5504,LOC0015,2025-09-10,0.380,2.010,0.900,0.900,1.490,liters,orphan_foreign_key
INV00863015,ITEM9018,LOC0016,2025-09-10,1.040,0.000,0.140,0.000,1.040,liters,orphan_foreign_key
INV00863527,ITEM9360,LOC0019,2025-09-10,0.750,0.000,0.130,0.000,0.750,liters,orphan_foreign_key
INV00865178,ITEM3353,LOC0006,2025-09-11,1.780,0.000,0.170,0.000,1.780,liters,orphan_foreign_key
INV00865388,ITEM0587,LOC0008,2025-09-11,6.000,0.000,2.000,2.000,4.000,pcs,orphan_foreign_key
INV00865390,ITEM6980,LOC0008,2025-09-11,5.000,0.000,2.000,0.000,5.000,pcs,orphan_foreign_key
INV00865447,ITEM1072,LOC0008,2025-09-11,8.000,0.000,2.000,0.000,8.000,pcs,orphan_foreign_key
INV00865832,ITEM9939,LOC0011,2025-09-11,3.000,0.000,1.000,0.000,3.000,pcs,orphan_foreign_key
INV00866520,ITEM3199,LOC0016,2025-09-11,0.670,0.000,0.340,0.250,0.420,liters,orphan_foreign_key
INV00866557,ITEM0309,LOC0017,2025-09-11,7.000,0.000,4.000,4.000,3.000,pcs,orphan_foreign_key
INV00866752,ITEM7622,LOC0018,2025-09-11,4.000,0.000,1.000,0.000,4.000,pcs,orphan_foreign_key
INV00866886,ITEM1084,LOC0019,2025-09-11,4.000,0.000,1.000,0.000,4.000,pcs,orphan_foreign_key
INV00866901,ITEM6808,LOC0019,2025-09-11,2.000,0.000,1.000,0.000,2.000,pcs,orphan_foreign_key
INV00867780,ITEM8041,LOC0025,2025-09-11,5.000,0.000,3.000,2.000,3.000,pcs,orphan_foreign_key
INV00868119,ITEM3917,LOC0003,2025-09-12,2.000,3.000,2.000,2.000,3.000,pcs,orphan_foreign_key
INV00868346,ITEM8221,LOC0005,2025-09-12,0.380,0.000,0.090,0.000,0.380,liters,orphan_foreign_key
INV00868432,ITEM3058,LOC0005,2025-09-12,0.720,3.920,2.080,2.000,2.610,liters,orphan_foreign_key
INV00868447,ITEM8190,LOC0005,2025-09-12,0.640,0.000,0.350,0.350,0.290,liters,orphan_foreign_key
INV00868614,ITEM2497,LOC0007,2025-09-12,2.000,0.000,1.000,0.000,2.000,pcs,orphan_foreign_key
INV00868727,ITEM0232,LOC0007,2025-09-12,1.380,0.000,0.110,0.000,1.380,liters,orphan_foreign_key
INV00868905,ITEM4024,LOC0009,2025-09-12,5.080,7.760,4.920,4.500,8.340,kg,orphan_foreign_key
INV00869127,ITEM9231,LOC0010,2025-09-12,5.000,0.000,1.000,0.000,5.000,pcs,orphan_foreign_key
INV00869640,ITEM6312,LOC0014,2025-09-12,0.680,0.000,0.070,0.000,0.680,kg,orphan_foreign_key
INV00869866,ITEM0506,LOC0016,2025-09-12,1.790,0.000,0.230,0.000,1.790,kg,orphan_foreign_key
INV00870369,ITEM4971,LOC0019,2025-09-12,4.000,8.000,5.000,5.000,7.000,pcs,orphan_foreign_key
INV00870457,ITEM0238,LOC0020,2025-09-12,3.000,16.000,7.000,7.000,12.000,pcs,orphan_foreign_key
INV00870736,ITEM5181,LOC0022,2025-09-12,0.730,0.000,0.050,0.000,0.730,kg,orphan_foreign_key
INV00870764,ITEM3996,LOC0022,2025-09-12,2.560,0.000,1.100,0.000,2.560,liters,orphan_foreign_key
INV00870946,ITEM0782,LOC0024,2025-09-12,3.000,0.000,1.000,0.000,3.000,pcs,orphan_foreign_key
INV00871319,ITEM3631,LOC0001,2025-09-13,9.000,0.000,1.000,0.000,9.000,pcs,orphan_foreign_key
INV00871455,ITEM7699,LOC0002,2025-09-13,4.000,0.000,1.000,0.000,4.000,pcs,orphan_foreign_key
INV00871753,ITEM3326,LOC0005,2025-09-13,1.350,0.000,0.040,0.000,1.350,liters,orphan_foreign_key
INV00872485,ITEM7115,LOC0010,2025-09-13,2.000,0.000,1.000,0.000,2.000,pcs,orphan_foreign_key
INV00872620,ITEM1549,LOC0011,2025-09-13,3.000,0.000,1.000,0.000,3.000,pcs,orphan_foreign_key
INV00874428,ITEM2781,LOC0024,2025-09-13,1.000,2.000,1.000,0.000,3.000,pcs,orphan_foreign_key
INV00874566,ITEM0894,LOC0025,2025-09-13,6.000,0.000,1.000,0.000,6.000,pcs,orphan_foreign_key
INV00874728,ITEM5312,LOC0001,2025-09-14,6.000,0.000,1.000,0.000,6.000,pcs,orphan_foreign_key
INV00874868,ITEM8637,LOC0002,2025-09-14,3.000,4.000,3.000,3.000,4.000,pcs,orphan_foreign_key
INV00875243,ITEM0278,LOC0005,2025-09-14,11.000,0.000,2.000,0.000,11.000,pcs,orphan_foreign_key
INV00875337,ITEM9268,LOC0006,2025-09-14,1.950,0.000,0.270,0.000,1.950,kg,orphan_foreign_key
INV00875927,ITEM8722,LOC0010,2025-09-14,1.820,0.000,0.140,0.000,1.820,liters,orphan_foreign_key
INV00876415,ITEM5921,LOC0014,2025-09-14,0.610,0.000,0.360,0.000,0.610,kg,orphan_foreign_key
INV00876605,ITEM7310,LOC0015,2025-09-14,3.000,0.000,1.000,0.000,3.000,pcs,orphan_foreign_key
INV00877052,ITEM1518,LOC0019,2025-09-14,3.000,0.000,1.000,0.000,3.000,pcs,orphan_foreign_key
INV00877305,ITEM1301,LOC0020,2025-09-14,0.120,0.000,0.050,0.000,0.120,liters,orphan_foreign_key
INV00878177,ITEM6505,LOC0002,2025-09-15,0.800,0.000,0.120,0.000,0.760,kg,orphan_foreign_key
INV00880157,ITEM8714,LOC0016,2025-09-15,0.740,0.000,0.060,0.000,0.740,liters,orphan_foreign_key
INV00880233,ITEM0183,LOC0017,2025-09-15,2.150,0.000,0.080,0.000,2.150,kg,orphan_foreign_key
INV00880389,ITEM5635,LOC0018,2025-09-15,1.000,2.000,1.000,0.000,3.000,pcs,orphan_foreign_key
INV00881057,ITEM0169,LOC0023,2025-09-15,2.340,0.000,0.590,0.500,1.840,kg,orphan_foreign_key
INV00881802,ITEM2507,LOC0003,2025-09-16,1.010,0.000,0.240,0.000,1.010,liters,orphan_foreign_key
INV00881935,ITEM0566,LOC0004,2025-09-16,0.120,0.260,0.140,0.000,0.380,liters,orphan_foreign_key
INV00882208,ITEM0486,LOC0006,2025-09-16,1.220,0.000,0.100,0.000,1.220,liters,orphan_foreign_key
INV00882621,ITEM3080,LOC0009,2025-09-16,0.770,0.000,0.300,0.000,0.770,liters,orphan_foreign_key
INV00883375,ITEM5429,LOC0015,2025-09-16,11.000,0.000,2.000,0.000,11.000,pcs,orphan_foreign_key
INV00883662,ITEM5341,LOC0017,2025-09-16,3.000,0.000,1.000,0.000,3.000,pcs,orphan_foreign_key
INV00884212,ITEM6943,LOC0021,2025-09-16,2.000,0.000,1.000,1.000,1.000,pcs,orphan_foreign_key
INV00884389,ITEM3849,LOC0022,2025-09-16,0.220,0.000,0.090,0.000,0.220,liters,orphan_foreign_key
INV00884674,ITEM3532,LOC0024,2025-09-16,8.000,0.000,1.000,0.000,8.000,pcs,orphan_foreign_key
INV00885339,ITEM1522,LOC0004,2025-09-17,2.430,6.160,3.080,2.450,6.140,liters,orphan_foreign_key
INV00886054,ITEM9475,LOC0010,2025-09-17,0.480,0.000,0.040,0.000,0.480,kg,orphan_foreign_key
INV00886178,ITEM4566,LOC0011,2025-09-17,3.000,0.000,2.000,2.000,1.000,pcs,orphan_foreign_key
INV00886221,ITEM9616,LOC0011,2025-09-17,2.000,0.000,1.000,0.000,2.000,pcs,orphan_foreign_key
INV00886262,ITEM7534,LOC0011,2025-09-17,1.430,0.000,0.300,0.250,1.180,liters,orphan_foreign_key
INV00886287,ITEM8598,LOC0011,2025-09-17,4.000,0.000,2.000,1.000,3.000,pcs,orphan_foreign_key
INV00886424,ITEM5993,LOC0012,2025-09-17,12.000,0.000,2.000,0.000,12.000,pcs,orphan_foreign_key
INV00886858,ITEM0660,LOC0016,2025-09-17,3.000,0.000,1.000,0.000,3.000,pcs,orphan_foreign_key
INV00886861,ITEM3690,LOC0016,2025-09-17,0.980,0.000,0.150,0.000,0.980,kg,orphan_foreign_key
INV00887007,ITEM9142,LOC0017,2025-09-17,3.340,0.000,1.390,1.000,2.020,kg,orphan_foreign_key
INV00887607,ITEM3902,LOC0021,2025-09-17,0.680,0.000,0.020,0.000,0.680,kg,orphan_foreign_key
INV00887766,ITEM2809,LOC0022,2025-09-17,0.730,0.000,0.020,0.000,0.730,liters,orphan_foreign_key
INV00888621,ITEM8685,LOC0004,2025-09-18,0.880,0.000,0.650,0.600,0.280,liters,orphan_foreign_key
INV00889543,ITEM4689,LOC0011,2025-09-18,13.000,0.000,3.000,2.000,11.000,pcs,orphan_foreign_key
INV00889857,ITEM4225,LOC0013,2025-09-18,0.880,0.000,0.580,0.000,0.880,kg,orphan_foreign_key
INV00890008,ITEM0949,LOC0014,2025-09-18,3.000,0.000,1.000,0.000,3.000,pcs,orphan_foreign_key
INV00890079,ITEM9091,LOC0014,2025-09-18,8.000,0.000,1.000,0.000,8.000,pcs,orphan_foreign_key
INV00890089,ITEM9575,LOC0015,2025-09-18,3.000,0.000,1.000,0.000,3.000,pcs,orphan_foreign_key
INV00890692,ITEM3106,LOC0019,2025-09-18,3.000,0.000,1.000,0.000,3.000,pcs,orphan_foreign_key
INV00891298,ITEM3732,LOC0023,2025-09-18,0.760,1.170,0.700,0.700,1.230,liters,orphan_foreign_key
INV00891361,ITEM5033,LOC0024,2025-09-18,1.090,0.000,0.050,0.000,1.090,kg,orphan_foreign_key
INV00891831,ITEM1240,LOC0002,2025-09-19,4.570,0.000,2.450,2.450,2.120,liters,orphan_foreign_key
INV00893088,ITEM1683,LOC0012,2025-09-19,2.000,0.000,1.000,0.000,2.000,pcs,orphan_foreign_key
INV00893639,ITEM9555,LOC0016,2025-09-19,0.340,0.000,0.080,0.000,0.340,kg,orphan_foreign_key
INV00894206,ITEM2188,LOC0020,2025-09-19,2.210,0.000,1.500,1.500,0.710,kg,orphan_foreign_key
INV00894218,ITEM8118,LOC0020,2025-09-19,5.000,0.000,3.000,3.000,2.000,pcs,orphan_foreign_key
INV00894346,ITEM2751,LOC0021,2025-09-19,0.440,0.000,0.100,0.000,0.440,kg,orphan_foreign_key
INV00894365,ITEM1878,LOC0021,2025-09-19,4.000,0.000,2.000,1.000,3.000,pcs,orphan_foreign_key
INV00894731,ITEM1680,LOC0024,2025-09-19,0.380,0.000,0.040,0.000,0.380,kg,orphan_foreign_key
INV00895050,ITEM2719,LOC0001,2025-09-20,4.000,0.000,1.000,0.000,4.000,pcs,orphan_foreign_key
INV00896170,ITEM1702,LOC0009,2025-09-20,19.000,0.000,15.000,10.000,9.000,pcs,orphan_foreign_key
INV00897115,ITEM7172,LOC0016,2025-09-20,3.040,0.000,1.050,1.050,1.990,liters,orphan_foreign_key
INV00897483,ITEM8163,LOC0019,2025-09-20,6.000,0.000,1.000,0.000,6.000,pcs,orphan_foreign_key
INV00897504,ITEM6917,LOC0019,2025-09-20,3.000,0.000,1.000,0.000,3.000,pcs,orphan_foreign_key
INV00897636,ITEM5335,LOC0020,2025-09-20,0.380,1.050,0.700,0.700,0.730,kg,orphan_foreign_key
INV00898352,ITEM6805,LOC0025,2025-09-20,5.000,0.000,1.000,0.000,5.000,pcs,orphan_foreign_key
INV00898408,ITEM7076,LOC0001,2025-09-21,1.400,0.000,0.190,0.000,1.400,kg,orphan_foreign_key
INV00898534,ITEM7662,LOC0002,2025-09-21,6.900,0.000,3.250,2.000,4.900,kg,orphan_foreign_key
INV00898665,ITEM1951,LOC0003,2025-09-21,0.720,0.000,0.390,0.300,0.420,kg,orphan_foreign_key
INV00899706,ITEM2462,LOC0011,2025-09-21,3.000,0.000,1.000,0.000,2.000,pcs,orphan_foreign_key
INV00900239,ITEM9257,LOC0014,2025-09-21,8.000,0.000,1.000,0.000,8.000,pcs,orphan_foreign_key
INV00900370,ITEM7858,LOC0015,2025-09-21,1.310,0.000,0.520,0.350,0.960,liters,orphan_foreign_key
INV00900415,ITEM3708,LOC0016,2025-09-21,0.510,2.170,0.980,0.900,1.780,kg,orphan_foreign_key
INV00900433,ITEM2529,LOC0016,2025-09-21,0.570,0.000,0.270,0.000,0.570,kg,orphan_foreign_key
INV00900508,ITEM4383,LOC0016,2025-09-21,10.000,0.000,6.000,5.000,5.000,pcs,orphan_foreign_key
INV00900513,ITEM0967,LOC0016,2025-09-21,5.000,0.000,2.000,2.000,3.000,pcs,orphan_foreign_key
INV00901392,ITEM0619,LOC0023,2025-09-21,0.760,0.000,0.400,0.400,0.360,kg,orphan_foreign_key
INV00902112,ITEM2796,LOC0003,2025-09-22,8.000,0.000,3.000,3.000,5.000,pcs,orphan_foreign_key
INV00902122,ITEM5392,LOC0003,2025-09-22,1.490,0.000,0.510,0.000,1.490,liters,orphan_foreign_key
INV00902343,ITEM9967,LOC0005,2025-09-22,3.910,0.000,2.800,2.800,1.110,kg,orphan_foreign_key
INV00902931,ITEM8650,LOC0009,2025-09-22,1.020,0.000,0.500,0.500,0.520,liters,orphan_foreign_key
INV00903277,ITEM8680,LOC0012,2025-09-22,1.700,0.000,0.400,0.400,1.300,kg,orphan_foreign_key
INV00903534,ITEM8939,LOC0014,2025-09-22,0.820,0.000,0.080,0.000,0.820,kg,orphan_foreign_key
INV00903666,ITEM9794,LOC0015,2025-09-22,0.340,0.390,0.300,0.300,0.430,kg,orphan_foreign_key
INV00903791,ITEM6780,LOC0016,2025-09-22,3.000,0.000,2.000,2.000,1.000,pcs,orphan_foreign_key
INV00903799,ITEM5899,LOC0016,2025-09-22,0.670,0.000,0.170,0.000,0.670,kg,orphan_foreign_key
INV00903883,ITEM9456,LOC0016,2025-09-22,2.260,0.000,0.970,0.350,1.910,liters,orphan_foreign_key
INV00904030,ITEM5887,LOC0017,2025-09-22,0.200,0.000,0.080,0.000,0.200,liters,orphan_foreign_key
INV00904748,ITEM1910,LOC0023,2025-09-22,6.000,0.000,2.000,0.000,6.000,pcs,orphan_foreign_key
INV00905132,ITEM4303,LOC0025,2025-09-22,3.000,0.000,1.000,0.000,3.000,pcs,orphan_foreign_key
INV00905899,ITEM2438,LOC0006,2025-09-23,0.660,0.000,0.020,0.000,0.660,kg,orphan_foreign_key
INV00906349,ITEM4595,LOC0010,2025-09-23,5.000,0.000,1.000,0.000,5.000,pcs,orphan_foreign_key
INV00906525,ITEM7240,LOC0011,2025-09-23,0.540,0.000,0.120,0.000,0.540,kg,orphan_foreign_key
INV00906974,ITEM7962,LOC0014,2025-09-23,0.430,0.000,0.030,0.000,0.430,kg,orphan_foreign_key
INV00907001,ITEM5982,LOC0014,2025-09-23,2.600,0.000,0.110,0.000,2.600,liters,orphan_foreign_key
INV00907010,ITEM3893,LOC0014,2025-09-23,3.000,0.000,1.000,0.000,3.000,pcs,orphan_foreign_key
INV00907066,ITEM6606,LOC0015,2025-09-23,0.770,1.130,0.820,0.000,1.900,kg,orphan_foreign_key
INV00907170,ITEM2413,LOC0016,2025-09-23,0.500,0.000,0.030,0.000,0.500,liters,orphan_foreign_key
INV00907589,ITEM6356,LOC0019,2025-09-23,3.000,0.000,2.000,1.000,2.000,pcs,orphan_foreign_key
INV00907805,ITEM4760,LOC0020,2025-09-23,2.000,0.000,1.000,0.000,2.000,pcs,orphan_foreign_key
INV00907932,ITEM9723,LOC0021,2025-09-23,1.430,0.000,0.350,0.350,1.080,kg,orphan_foreign_key
INV00908563,ITEM0991,LOC0001,2025-09-24,1.760,0.000,1.000,1.000,0.760,kg,orphan_foreign_key
INV00908868,ITEM6331,LOC0003,2025-09-24,7.000,0.000,2.000,0.000,7.000,pcs,orphan_foreign_key
INV00908941,ITEM4548,LOC0004,2025-09-24,0.470,1.190,0.600,0.600,1.060,liters,orphan_foreign_key
INV00909002,ITEM4535,LOC0004,2025-09-24,4.000,0.000,2.000,2.000,2.000,pcs,orphan_foreign_key
INV00909203,ITEM1153,LOC0006,2025-09-24,3.000,0.000,1.000,0.000,3.000,pcs,orphan_foreign_key
INV00909314,ITEM9146,LOC0006,2025-09-24,1.330,0.000,0.190,0.000,1.330,liters,orphan_foreign_key
INV00909441,ITEM9220,LOC0007,2025-09-24,4.780,0.000,0.250,0.000,4.780,liters,orphan_foreign_key
INV00909453,ITEM3794,LOC0007,2025-09-24,1.450,0.000,0.270,0.000,1.450,liters,orphan_foreign_key
INV00909948,ITEM3286,LOC0011,2025-09-24,3.000,0.000,1.000,0.000,3.000,pcs,orphan_foreign_key
INV00910023,ITEM3787,LOC0012,2025-09-24,6.000,0.000,1.000,0.000,6.000,pcs,orphan_foreign_key
INV00910403,ITEM9438,LOC0015,2025-09-24,2.000,0.000,1.000,0.000,2.000,pcs,orphan_foreign_key
INV00910531,ITEM6408,LOC0015,2025-09-24,1.210,0.000,0.590,0.350,0.860,liters,orphan_foreign_key
INV00911081,ITEM5979,LOC0019,2025-09-24,3.000,0.000,2.000,0.000,3.000,pcs,orphan_foreign_key
INV00911197,ITEM9453,LOC0020,2025-09-24,0.600,0.000,0.180,0.000,0.600,liters,orphan_foreign_key
INV00911351,ITEM5605,LOC0021,2025-09-24,0.700,3.650,1.750,1.750,2.600,liters,orphan_foreign_key
INV00911455,ITEM8613,LOC0022,2025-09-24,0.590,0.000,0.020,0.000,0.590,kg,orphan_foreign_key
INV00911753,ITEM1881,LOC0024,2025-09-24,2.500,0.000,1.050,1.050,1.450,liters,orphan_foreign_key
INV00912875,ITEM9738,LOC0008,2025-09-25,2.000,4.000,2.000,2.000,4.000,pcs,orphan_foreign_key
INV00913103,ITEM4091,LOC0009,2025-09-25,0.290,0.000,0.200,0.000,0.290,liters,orphan_foreign_key
INV00913293,ITEM7706,LOC0011,2025-09-25,1.630,0.000,0.220,0.000,1.540,kg,orphan_foreign_key
INV00913338,ITEM9621,LOC0011,2025-09-25,0.200,0.000,0.010,0.000,0.200,kg,orphan_foreign_key
INV00913707,ITEM0323,LOC0014,2025-09-25,3.470,0.000,0.990,0.400,3.070,kg,orphan_foreign_key
INV00913810,ITEM3424,LOC0015,2025-09-25,1.000,4.000,2.000,1.000,4.000,pcs,orphan_foreign_key
INV00914471,ITEM4427,LOC0019,2025-09-25,2.000,0.000,1.000,0.000,2.000,pcs,orphan_foreign_key
INV00914557,ITEM9084,LOC0020,2025-09-25,4.000,0.000,1.000,0.000,4.000,pcs,orphan_foreign_key
INV00915180,ITEM7629,LOC0025,2025-09-25,0.720,0.000,0.040,0.000,0.710,liters,orphan_foreign_key
INV00915416,ITEM9000,LOC0001,2025-09-26,51.000,0.000,15.000,10.000,41.000,pcs,orphan_foreign_key
INV00915439,ITEM2016,LOC0002,2025-09-26,0.940,0.000,0.090,0.000,0.940,liters,orphan_foreign_key
INV00915472,ITEM9594,LOC0002,2025-09-26,0.700,3.570,1.470,1.000,3.270,kg,orphan_foreign_key
INV00915837,ITEM1096,LOC0005,2025-09-26,14.000,0.000,8.000,4.000,10.000,pcs,orphan_foreign_key
INV00916208,ITEM3384,LOC0007,2025-09-26,6.000,0.000,2.000,1.000,5.000,pcs,orphan_foreign_key
INV00916919,ITEM7405,LOC0013,2025-09-26,2.000,4.000,2.000,1.000,5.000,pcs,orphan_foreign_key
INV00917042,ITEM0260,LOC0013,2025-09-26,19.000,0.000,5.000,3.000,16.000,pcs,orphan_foreign_key
INV00917366,ITEM3148,LOC0016,2025-09-26,0.820,0.000,0.420,0.000,0.820,kg,orphan_foreign_key
INV00917677,ITEM7106,LOC0018,2025-09-26,0.590,0.000,0.060,0.000,0.590,kg,orphan_foreign_key
INV00917686,ITEM7285,LOC0018,2025-09-26,2.000,0.000,1.000,0.000,2.000,pcs,orphan_foreign_key
INV00918000,ITEM8752,LOC0020,2025-09-26,8.000,0.000,4.000,4.000,4.000,pcs,orphan_foreign_key
INV00918382,ITEM2521,LOC0023,2025-09-26,0.630,0.000,0.070,0.000,0.580,liters,orphan_foreign_key
INV00918544,ITEM2714,LOC0024,2025-09-26,6.000,0.000,1.000,0.000,6.000,pcs,orphan_foreign_key
INV00918837,ITEM3834,LOC0002,2025-09-27,3.000,0.000,1.000,0.000,3.000,pcs,orphan_foreign_key
INV00918867,ITEM3909,LOC0002,2025-09-27,2.600,0.000,0.480,0.400,2.200,kg,orphan_foreign_key
INV00918884,ITEM9885,LOC0002,2025-09-27,9.000,0.000,2.000,1.000,8.000,pcs,orphan_foreign_key
INV00919272,ITEM1126,LOC0005,2025-09-27,1.130,0.000,0.160,0.000,1.130,kg,orphan_foreign_key
INV00919405,ITEM8796,LOC0006,2025-09-27,1.070,0.000,0.220,0.000,1.070,kg,orphan_foreign_key
INV00919480,ITEM3805,LOC0006,2025-09-27,0.940,0.000,0.560,0.350,0.590,liters,orphan_foreign_key
INV00919539,ITEM3322,LOC0007,2025-09-27,2.600,0.000,1.000,1.000,1.600,kg,orphan_foreign_key
INV00919681,ITEM3300,LOC0008,2025-09-27,1.190,0.000,0.690,0.400,0.680,kg,orphan_foreign_key
INV00919735,ITEM7418,LOC0008,2025-09-27,3.720,0.000,0.490,0.000,3.720,liters,orphan_foreign_key
INV00919940,ITEM4833,LOC0010,2025-09-27,0.340,1.750,1.000,1.000,1.090,kg,orphan_foreign_key
INV00920024,ITEM4911,LOC0011,2025-09-27,9.000,0.000,1.000,0.000,9.000,pcs,orphan_foreign_key
INV00920507,ITEM0292,LOC0014,2025-09-27,4.000,5.000,4.000,4.000,5.000,pcs,orphan_foreign_key
INV00920771,ITEM1657,LOC0016,2025-09-27,3.000,0.000,1.000,0.000,3.000,pcs,orphan_foreign_key
INV00921791,ITEM5124,LOC0023,2025-09-27,3.000,0.000,2.000,2.000,1.000,pcs,orphan_foreign_key
INV00921820,ITEM2712,LOC0024,2025-09-27,3.000,0.000,1.000,0.000,3.000,pcs,orphan_foreign_key
INV00922673,ITEM5239,LOC0005,2025-09-28,4.000,0.000,1.000,0.000,4.000,pcs,orphan_foreign_key
INV00923186,ITEM8327,LOC0009,2025-09-28,0.590,3.770,2.160,2.000,2.360,kg,orphan_foreign_key
INV00923856,ITEM9241,LOC0014,2025-09-28,0.820,0.000,0.600,0.600,0.220,kg,orphan_foreign_key
INV00924840,ITEM7341,LOC0021,2025-09-28,3.000,0.000,1.000,1.000,2.000,pcs,orphan_foreign_key
INV00924988,ITEM1531,LOC0022,2025-09-28,6.000,0.000,2.000,2.000,4.000,pcs,orphan_foreign_key
INV00925488,ITEM3211,LOC0001,2025-09-29,0.330,0.000,0.220,0.000,0.330,kg,orphan_foreign_key
INV00925936,ITEM0161,LOC0004,2025-09-29,3.000,0.000,1.000,1.000,2.000,pcs,orphan_foreign_key
INV00925984,ITEM9111,LOC0004,2025-09-29,3.040,0.000,0.730,0.000,3.040,liters,orphan_foreign_key
INV00926210,ITEM0907,LOC0006,2025-09-29,3.000,0.000,2.000,1.000,2.000,pcs,orphan_foreign_key
INV00926449,ITEM8896,LOC0008,2025-09-29,2.010,0.000,0.680,0.000,2.010,kg,orphan_foreign_key
INV00926666,ITEM4638,LOC0010,2025-09-29,12.000,0.000,2.000,0.000,12.000,pcs,orphan_foreign_key
INV00927168,ITEM3723,LOC0013,2025-09-29,6.000,0.000,1.000,0.000,6.000,pcs,orphan_foreign_key
INV00927239,ITEM2984,LOC0014,2025-09-29,1.810,0.000,0.430,0.300,1.510,kg,orphan_foreign_key
INV00927466,ITEM9310,LOC0015,2025-09-29,1.900,0.000,0.630,0.350,1.550,liters,orphan_foreign_key
INV00927642,ITEM0907,LOC0017,2025-09-29,1.680,0.000,0.120,0.000,1.680,kg,orphan_foreign_key
INV00927718,ITEM9208,LOC0017,2025-09-29,3.000,0.000,1.000,0.000,3.000,pcs,orphan_foreign_key
INV00927918,ITEM9768,LOC0019,2025-09-29,0.570,0.000,0.080,0.000,0.570,kg,orphan_foreign_key
INV00928039,ITEM1667,LOC0020,2025-09-29,0.650,0.000,0.020,0.000,0.630,liters,orphan_foreign_key
INV00929183,ITEM9951,LOC0003,2025-09-30,3.000,9.000,4.000,2.000,10.000,pcs,orphan_foreign_key
INV00929522,ITEM1286,LOC0006,2025-09-30,4.000,0.000,1.000,0.000,4.000,pcs,orphan_foreign_key
INV00929948,ITEM6907,LOC0009,2025-09-30,0.430,0.000,0.070,0.000,0.430,kg,orphan_foreign_key
INV00930040,ITEM5279,LOC0009,2025-09-30,31.000,0.000,15.000,9.000,22.000,pcs,orphan_foreign_key
INV00930242,ITEM1513,LOC0011,2025-09-30,1.270,0.000,0.270,0.000,1.270,kg,orphan_foreign_key
INV00930567,ITEM4469,LOC0013,2025-09-30,2.370,0.000,0.280,0.000,2.370,liters,orphan_foreign_key
INV00930663,ITEM2830,LOC0014,2025-09-30,3.000,0.000,2.000,1.000,2.000,pcs,orphan_foreign_key
INV00930693,ITEM5818,LOC0014,2025-09-30,5.000,0.000,1.000,0.000,5.000,pcs,orphan_foreign_key
INV00930766,ITEM1666,LOC0015,2025-09-30,4.210,0.000,1.030,0.500,3.710,kg,orphan_foreign_key
INV00931961,ITEM6719,LOC0024,2025-09-30,7.000,0.000,1.000,0.000,7.000,pcs,orphan_foreign_key
INV00932290,ITEM8662,LOC0001,2025-10-01,8.000,0.000,1.000,0.000,8.000,pcs,orphan_foreign_key
INV00932507,ITEM4086,LOC0003,2025-10-01,5.000,14.000,8.000,7.000,12.000,pcs,orphan_foreign_key
INV00932761,ITEM3584,LOC0004,2025-10-01,6.000,0.000,2.000,0.000,6.000,pcs,orphan_foreign_key
INV00932888,ITEM4781,LOC0005,2025-10-01,3.510,0.000,0.220,0.000,3.510,liters,orphan_foreign_key
INV00932909,ITEM0814,LOC0006,2025-10-01,4.000,0.000,3.000,2.000,2.000,pcs,orphan_foreign_key
INV00933103,ITEM4478,LOC0007,2025-10-01,0.780,0.000,0.270,0.000,0.780,kg,orphan_foreign_key
INV00933253,ITEM1945,LOC0008,2025-10-01,3.000,0.000,1.000,0.000,3.000,pcs,orphan_foreign_key
INV00933509,ITEM9388,LOC0010,2025-10-01,3.000,0.000,1.000,0.000,3.000,pcs,orphan_foreign_key
INV00933571,ITEM9648,LOC0010,2025-10-01,5.000,0.000,1.000,0.000,4.000,pcs,orphan_foreign_key
INV00933721,ITEM9016,LOC0012,2025-10-01,4.000,0.000,2.000,1.000,3.000,pcs,orphan_foreign_key
INV00933908,ITEM9440,LOC0013,2025-10-01,3.000,0.000,1.000,0.000,3.000,pcs,orphan_foreign_key
INV00934043,ITEM0659,LOC0014,2025-10-01,2.000,0.000,1.000,0.000,2.000,pcs,orphan_foreign_key
INV00934293,ITEM8839,LOC0016,2025-10-01,1.820,0.000,0.610,0.500,1.320,kg,orphan_foreign_key
INV00934479,ITEM5615,LOC0017,2025-10-01,0.590,0.000,0.130,0.000,0.590,kg,orphan_foreign_key
INV00934861,ITEM9855,LOC0020,2025-10-01,4.000,0.000,1.000,0.000,4.000,pcs,orphan_foreign_key
INV00935597,ITEM7564,LOC0025,2025-10-01,5.590,0.000,0.700,0.700,4.890,liters,orphan_foreign_key
INV00936202,ITEM8629,LOC0005,2025-10-02,1.320,0.000,0.550,0.000,1.320,kg,orphan_foreign_key
INV00936754,ITEM3606,LOC0009,2025-10-02,3.000,0.000,1.000,0.000,3.000,pcs,orphan_foreign_key
INV00936807,ITEM6450,LOC0009,2025-10-02,2.280,0.000,0.960,0.350,1.930,liters,orphan_foreign_key
INV00936995,ITEM3678,LOC0011,2025-10-02,0.330,0.000,0.130,0.000,0.330,kg,orphan_foreign_key
INV00937104,ITEM2856,LOC0012,2025-10-02,4.000,0.000,1.000,0.000,4.000,pcs,orphan_foreign_key
INV00937849,ITEM4280,LOC0017,2025-10-02,2.000,0.000,1.000,0.000,1.000,pcs,orphan_foreign_key
INV00939261,ITEM8953,LOC0002,2025-10-03,26.000,0.000,7.000,5.000,21.000,pcs,orphan_foreign_key
INV00939570,ITEM8509,LOC0005,2025-10-03,2.000,0.000,1.000,0.000,2.000,pcs,orphan_foreign_key
INV00939919,ITEM9082,LOC0007,2025-10-03,5.000,9.000,5.000,5.000,9.000,pcs,orphan_foreign_key
INV00940153,ITEM7503,LOC0009,2025-10-03,3.000,0.000,1.000,1.000,2.000,pcs,orphan_foreign_key
INV00940395,ITEM6379,LOC0011,2025-10-03,1.340,2.710,1.500,1.500,2.550,kg,orphan_foreign_key
INV00940562,ITEM3245,LOC0012,2025-10-03,3.000,0.000,1.000,0.000,3.000,pcs,orphan_foreign_key
INV00940920,ITEM8393,LOC0015,2025-10-03,1.100,0.000,0.160,0.000,1.060,kg,orphan_foreign_key
INV00941143,ITEM6891,LOC0016,2025-10-03,2.090,0.000,1.400,1.400,0.690,liters,orphan_foreign_key
INV00941995,ITEM3048,LOC0023,2025-10-03,0.410,0.000,0.140,0.000,0.410,liters,orphan_foreign_key
INV00942168,ITEM3127,LOC0024,2025-10-03,1.990,0.000,1.000,1.000,0.990,kg,orphan_foreign_key
INV00942752,ITEM3513,LOC0003,2025-10-04,1.880,0.000,1.190,0.700,1.180,kg,orphan_foreign_key
INV00942780,ITEM4804,LOC0003,2025-10-04,1.820,0.000,0.160,0.000,1.820,liters,orphan_foreign_key
INV00942896,ITEM3063,LOC0004,2025-10-04,3.000,0.000,1.000,0.000,2.000,pcs,orphan_foreign_key
INV00943233,ITEM9819,LOC0007,2025-10-04,2.680,0.000,0.400,0.000,2.680,kg,orphan_foreign_key
INV00943647,ITEM4061,LOC0010,2025-10-04,1.300,1.740,1.500,1.500,1.540,kg,orphan_foreign_key
INV00943997,ITEM1440,LOC0012,2025-10-04,7.000,0.000,1.000,0.000,7.000,pcs,orphan_foreign_key
INV00944309,ITEM9749,LOC0015,2025-10-04,1.100,0.000,0.260,0.000,1.100,kg,orphan_foreign_key
INV00944540,ITEM8105,LOC0016,2025-10-04,10.000,0.000,3.000,3.000,7.000,pcs,orphan_foreign_key
INV00944590,ITEM4551,LOC0017,2025-10-04,2.600,0.000,1.000,1.000,1.600,kg,orphan_foreign_key
INV00944711,ITEM5702,LOC0018,2025-10-04,4.320,0.000,0.590,0.300,3.740,kg,orphan_foreign_key
INV00944928,ITEM0274,LOC0019,2025-10-04,2.200,0.000,0.090,0.000,2.200,liters,orphan_foreign_key
INV00945001,ITEM2971,LOC0020,2025-10-04,3.780,0.000,2.160,1.500,2.280,kg,orphan_foreign_key
INV00945402,ITEM4361,LOC0023,2025-10-04,1.260,0.000,0.600,0.600,0.660,kg,orphan_foreign_key
INV00945437,ITEM5679,LOC0023,2025-10-04,7.000,0.000,4.000,1.000,6.000,pcs,orphan_foreign_key
INV00945993,ITEM9289,LOC0002,2025-10-05,3.000,0.000,2.000,0.000,3.000,pcs,orphan_foreign_key
INV00946082,ITEM9852,LOC0003,2025-10-05,0.980,0.000,0.190,0.000,0.980,kg,orphan_foreign_key
INV00946904,ITEM8702,LOC0009,2025-10-05,0.420,0.000,0.100,0.000,0.420,kg,orphan_foreign_key
INV00946932,ITEM2950,LOC0009,2025-10-05,2.000,0.000,1.000,1.000,1.000,pcs,orphan_foreign_key
INV00946958,ITEM7374,LOC0009,2025-10-05,1.730,0.000,0.190,0.000,1.730,liters,orphan_foreign_key
INV00947156,ITEM0785,LOC0011,2025-10-05,0.330,0.000,0.130,0.000,0.330,kg,orphan_foreign_key
INV00947847,ITEM2783,LOC0016,2025-10-05,0.960,0.000,0.300,0.000,0.960,kg,orphan_foreign_key
INV00947914,ITEM7983,LOC0016,2025-10-05,1.530,0.000,0.970,0.000,1.350,liters,orphan_foreign_key
INV00947991,ITEM6913,LOC0017,2025-10-05,0.320,1.980,0.800,0.800,1.500,kg,orphan_foreign_key
INV00948094,ITEM1559,LOC0018,2025-10-05,4.000,0.000,1.000,0.000,4.000,pcs,orphan_foreign_key
INV00948147,ITEM8751,LOC0018,2025-10-05,7.000,0.000,1.000,0.000,7.000,pcs,orphan_foreign_key
INV00948763,ITEM7254,LOC0023,2025-10-05,1.000,2.000,1.000,0.000,3.000,pcs,orphan_foreign_key
INV00948885,ITEM9732,LOC0023,2025-10-05,26.000,0.000,15.000,12.000,14.000,pcs,orphan_foreign_key
INV00949039,ITEM9115,LOC0025,2025-10-05,1.000,2.000,1.000,0.000,3.000,pcs,orphan_foreign_key
INV00949592,ITEM2764,LOC0004,2025-10-06,13.000,0.000,3.000,1.000,10.000,pcs,orphan_foreign_key
INV00950362,ITEM4344,LOC0009,2025-10-06,6.430,0.000,0.310,0.000,6.430,liters,orphan_foreign_key
INV00950671,ITEM5942,LOC0012,2025-10-06,1.110,0.000,0.090,0.000,1.110,liters,orphan_foreign_key
INV00951136,ITEM4636,LOC0015,2025-10-06,3.000,0.000,1.000,0.000,3.000,pcs,orphan_foreign_key
INV00951375,ITEM0612,LOC0017,2025-10-06,5.070,0.000,2.510,1.500,3.570,kg,orphan_foreign_key
INV00951667,ITEM9013,LOC0019,2025-10-06,0.410,1.060,0.550,0.400,1.070,kg,orphan_foreign_key
INV00951978,ITEM7673,LOC0021,2025-10-06,0.120,0.000,0.030,0.000,0.120,kg,orphan_foreign_key
INV00952716,ITEM9231,LOC0002,2025-10-07,2.000,0.000,1.000,0.000,2.000,pcs,orphan_foreign_key
INV00952776,ITEM4772,LOC0002,2025-10-07,10.000,0.000,3.000,2.000,8.000,pcs,orphan_foreign_key
INV00953248,ITEM5619,LOC0005,2025-10-07,5.000,0.000,2.000,0.000,5.000,pcs,orphan_foreign_key
INV00953674,ITEM7579,LOC0009,2025-10-07,1.220,0.000,0.080,0.000,1.220,liters,orphan_foreign_key
INV00954267,ITEM7934,LOC0013,2025-10-07,6.000,0.000,1.000,1.000,5.000,pcs,orphan_foreign_key
INV00954560,ITEM5588,LOC0015,2025-10-07,3.000,0.000,1.000,0.000,3.000,pcs,orphan_foreign_key
INV00954703,ITEM1297,LOC0016,2025-10-07,0.440,0.510,0.410,0.350,0.600,kg,orphan_foreign_key
INV00954741,ITEM3332,LOC0016,2025-10-07,16.000,0.000,2.000,0.000,16.000,pcs,orphan_foreign_key
INV00955681,ITEM7977,LOC0023,2025-10-07,3.000,0.000,1.000,0.000,3.000,pcs,orphan_foreign_key
INV00956122,ITEM2606,LOC0002,2025-10-08,3.000,0.000,1.000,0.000,3.000,pcs,orphan_foreign_key
INV00956205,ITEM8687,LOC0002,2025-10-08,7.000,0.000,1.000,1.000,6.000,pcs,orphan_foreign_key
INV00956526,ITEM7588,LOC0004,2025-10-08,10.000,0.000,7.000,7.000,3.000,pcs,orphan_foreign_key
INV00957074,ITEM2240,LOC0009,2025-10-08,2.000,0.000,1.000,0.000,2.000,pcs,orphan_foreign_key
INV00957426,ITEM6033,LOC0011,2025-10-08,1.150,0.000,0.090,0.000,1.150,kg,orphan_foreign_key
INV00958103,ITEM8412,LOC0016,2025-10-08,2.000,0.000,1.000,0.000,2.000,pcs,orphan_foreign_key
INV00958150,ITEM5925,LOC0016,2025-10-08,4.000,0.000,2.000,0.000,4.000,pcs,orphan_foreign_key
INV00958156,ITEM8702,LOC0016,2025-10-08,6.000,0.000,2.000,0.000,6.000,pcs,orphan_foreign_key
INV00958434,ITEM3737,LOC0019,2025-10-08,6.000,0.000,4.000,4.000,2.000,pcs,orphan_foreign_key
INV00959033,ITEM8823,LOC0023,2025-10-08,2.770,2.460,2.500,2.500,2.730,kg,orphan_foreign_key
INV00959247,ITEM6583,LOC0024,2025-10-08,0.300,0.000,0.020,0.000,0.300,liters,orphan_foreign_key
INV00959858,ITEM5864,LOC0004,2025-10-09,1.170,0.000,0.250,0.000,1.170,kg,orphan_foreign_key
INV00959920,ITEM7430,LOC0004,2025-10-09,8.440,0.000,4.170,2.800,5.640,liters,orphan_foreign_key
INV00960351,ITEM8879,LOC0007,2025-10-09,21.000,0.000,2.000,0.000,21.000,pcs,orphan_foreign_key
INV00960466,ITEM5747,LOC0008,2025-10-09,1.060,0.000,0.140,0.000,1.060,liters,orphan_foreign_key
INV00960749,ITEM4333,LOC0011,2025-10-09,4.000,0.000,1.000,0.000,4.000,pcs,orphan_foreign_key
INV00960928,ITEM3354,LOC0012,2025-10-09,3.810,0.000,1.260,0.500,2.920,kg,orphan_foreign_key
INV00961006,ITEM0216,LOC0012,2025-10-09,0.720,0.000,0.100,0.000,0.720,liters,orphan_foreign_key
INV00961168,ITEM3294,LOC0014,2025-10-09,2.000,0.000,1.000,0.000,2.000,pcs,orphan_foreign_key
INV00961454,ITEM3175,LOC0016,2025-10-09,4.000,0.000,1.000,0.000,4.000,pcs,orphan_foreign_key
INV00961626,ITEM9676,LOC0017,2025-10-09,0.300,1.480,0.800,0.800,0.980,kg,orphan_foreign_key
INV00963289,ITEM5735,LOC0004,2025-10-10,3.000,0.000,2.000,1.000,2.000,pcs,orphan_foreign_key
INV00963330,ITEM8666,LOC0004,2025-10-10,2.430,0.000,0.520,0.250,2.180,liters,orphan_foreign_key
INV00963502,ITEM9854,LOC0006,2025-10-10,1.720,0.000,0.070,0.000,1.720,liters,orphan_foreign_key
INV00964267,ITEM6156,LOC0011,2025-10-10,0.810,0.000,0.330,0.250,0.560,liters,orphan_foreign_key
INV00965268,ITEM1822,LOC0019,2025-10-10,0.400,0.000,0.030,0.000,0.400,liters,orphan_foreign_key
INV00965602,ITEM6594,LOC0021,2025-10-10,2.000,0.000,1.000,0.000,2.000,pcs,orphan_foreign_key
INV00967069,ITEM4322,LOC0007,2025-10-11,0.470,0.000,0.170,0.000,0.470,kg,orphan_foreign_key
INV00968577,ITEM3715,LOC0018,2025-10-11,1.960,0.000,0.620,0.500,1.460,kg,orphan_foreign_key
INV00968662,ITEM6344,LOC0018,2025-10-11,8.000,0.000,3.000,2.000,6.000,pcs,orphan_foreign_key
INV00969130,ITEM0518,LOC0022,2025-10-11,2.610,0.000,1.260,1.000,1.610,kg,orphan_foreign_key
INV00969749,ITEM7541,LOC0001,2025-10-12,1.490,0.000,0.420,0.350,1.140,liters,orphan_foreign_key
INV00970272,ITEM4195,LOC0005,2025-10-12,4.000,0.000,2.000,1.000,3.000,pcs,orphan_foreign_key
INV00970315,ITEM2353,LOC0006,2025-10-12,3.000,0.000,1.000,0.000,3.000,pcs,orphan_foreign_key
INV00971104,ITEM0832,LOC0011,2025-10-12,0.830,0.000,0.060,0.000,0.830,liters,orphan_foreign_key
INV00971161,ITEM2976,LOC0012,2025-10-12,2.980,0.000,1.170,0.500,2.030,kg,orphan_foreign_key
INV00971288,ITEM8595,LOC0013,2025-10-12,1.320,0.000,0.090,0.000,1.320,kg,orphan_foreign_key
INV00971500,ITEM6234,LOC0014,2025-10-12,0.410,0.000,0.030,0.000,0.410,liters,orphan_foreign_key
INV00972939,ITEM3345,LOC0025,2025-10-12,0.350,0.000,0.040,0.000,0.350,kg,orphan_foreign_key
INV00973078,ITEM0366,LOC0001,2025-10-13,1.060,0.000,0.480,0.300,0.760,kg,orphan_foreign_key
INV00973120,ITEM1654,LOC0001,2025-10-13,2.000,8.000,4.000,3.000,7.000,pcs,orphan_foreign_key
INV00973281,ITEM4459,LOC0002,2025-10-13,1.230,0.000,0.570,0.500,0.730,liters,orphan_foreign_key
INV00973662,ITEM6100,LOC0005,2025-10-13,11.000,0.000,7.000,7.000,4.000,pcs,orphan_foreign_key
INV00973973,ITEM0930,LOC0007,2025-10-13,0.690,2.220,1.000,1.000,1.910,liters,orphan_foreign_key
INV00974059,ITEM2461,LOC0008,2025-10-13,5.000,6.000,5.000,4.000,7.000,pcs,orphan_foreign_key
INV00974152,ITEM6632,LOC0009,2025-10-13,0.640,0.000,0.100,0.000,0.640,kg,orphan_foreign_key
INV00974564,ITEM9897,LOC0012,2025-10-13,0.500,0.000,0.090,0.000,0.500,kg,orphan_foreign_key
INV00974899,ITEM7060,LOC0014,2025-10-13,2.000,3.000,2.000,1.000,4.000,pcs,orphan_foreign_key
INV00975171,ITEM5459,LOC0016,2025-10-13,3.000,0.000,1.000,0.000,3.000,pcs,orphan_foreign_key
INV00975418,ITEM6916,LOC0018,2025-10-13,7.000,0.000,3.000,0.000,7.000,pcs,orphan_foreign_key
INV00975485,ITEM1518,LOC0018,2025-10-13,17.000,0.000,6.000,6.000,11.000,pcs,orphan_foreign_key
INV00975929,ITEM8991,LOC0022,2025-10-13,4.000,0.000,1.000,0.000,4.000,pcs,orphan_foreign_key
INV00976225,ITEM1857,LOC0024,2025-10-13,0.910,0.000,0.050,0.000,0.910,kg,orphan_foreign_key
INV00976560,ITEM1436,LOC0001,2025-10-14,0.730,0.000,0.360,0.250,0.480,liters,orphan_foreign_key
INV00976967,ITEM1633,LOC0004,2025-10-14,0.310,0.000,0.140,0.000,0.310,liters,orphan_foreign_key
INV00977263,ITEM1162,LOC0006,2025-10-14,5.000,0.000,2.000,1.000,4.000,pcs,orphan_foreign_key
INV00977343,ITEM5976,LOC0007,2025-10-14,5.000,0.000,4.000,3.000,2.000,pcs,orphan_foreign_key
INV00977355,ITEM5447,LOC0007,2025-10-14,2.000,0.000,1.000,0.000,2.000,pcs,orphan_foreign_key
INV00977421,ITEM8962,LOC0008,2025-10-14,0.850,0.000,0.100,0.000,0.850,liters,orphan_foreign_key
INV00977917,ITEM9113,LOC0011,2025-10-14,0.630,0.000,0.290,0.250,0.380,liters,orphan_foreign_key
INV00978360,ITEM3776,LOC0015,2025-10-14,1.150,0.000,0.100,0.000,1.150,liters,orphan_foreign_key
INV00978690,ITEM7387,LOC0017,2025-10-14,2.000,0.000,1.000,0.000,2.000,pcs,orphan_foreign_key
INV00979635,ITEM5332,LOC0024,2025-10-14,1.040,0.000,0.090,0.000,1.010,kg,orphan_foreign_key
INV00980731,ITEM4166,LOC0007,2025-10-15,2.850,0.000,0.900,0.500,2.350,kg,orphan_foreign_key
INV00981062,ITEM3734,LOC0009,2025-10-15,1.870,0.000,0.740,0.000,1.870,liters,orphan_foreign_key
INV00981094,ITEM0247,LOC0010,2025-10-15,1.160,0.000,0.040,0.000,1.160,liters,orphan_foreign_key
INV00981519,ITEM8236,LOC0013,2025-10-15,6.470,0.000,0.860,0.000,6.470,kg,orphan_foreign_key
INV00981575,ITEM4180,LOC0013,2025-10-15,3.000,0.000,1.000,0.000,3.000,pcs,orphan_foreign_key
INV00982230,ITEM9088,LOC0018,2025-10-15,2.000,0.000,1.000,0.000,2.000,pcs,orphan_foreign_key
INV00982495,ITEM8725,LOC0020,2025-10-15,1.660,0.000,0.490,0.000,1.660,kg,orphan_foreign_key
INV00982514,ITEM0291,LOC0020,2025-10-15,2.000,0.000,1.000,0.000,2.000,pcs,orphan_foreign_key
INV00982706,ITEM7831,LOC0021,2025-10-15,0.680,0.000,0.250,0.000,0.680,liters,orphan_foreign_key
INV00982869,ITEM0357,LOC0023,2025-10-15,4.000,0.000,1.000,0.000,4.000,pcs,orphan_foreign_key
INV00982919,ITEM5005,LOC0023,2025-10-15,2.370,0.000,0.530,0.400,1.970,kg,orphan_foreign_key
INV00983458,ITEM4316,LOC0002,2025-10-16,2.300,0.000,0.570,0.000,2.300,kg,orphan_foreign_key
INV00983563,ITEM1667,LOC0003,2025-10-16,1.860,0.000,0.230,0.000,1.860,liters,orphan_foreign_key
INV00983737,ITEM4130,LOC0004,2025-10-16,1.300,0.000,0.490,0.000,1.300,kg,orphan_foreign_key
INV00984062,ITEM7809,LOC0006,2025-10-16,2.000,0.000,1.000,0.000,2.000,pcs,orphan_foreign_key
INV00984091,ITEM7614,LOC0006,2025-10-16,4.000,0.000,1.000,0.000,4.000,pcs,orphan_foreign_key
INV00984093,ITEM1973,LOC0006,2025-10-16,3.000,0.000,1.000,0.000,3.000,pcs,orphan_foreign_key
INV00984245,ITEM7703,LOC0008,2025-10-16,1.270,0.000,0.100,0.000,1.270,liters,orphan_foreign_key
INV00984469,ITEM2134,LOC0009,2025-10-16,3.140,6.580,4.280,3.850,5.870,liters,orphan_foreign_key
INV00984923,ITEM4703,LOC0013,2025-10-16,2.000,0.000,1.000,0.000,2.000,pcs,orphan_foreign_key
INV00985028,ITEM6508,LOC0013,2025-10-16,7.000,0.000,1.000,0.000,7.000,pcs,orphan_foreign_key
INV00985096,ITEM0362,LOC0014,2025-10-16,3.000,0.000,1.000,0.000,3.000,pcs,orphan_foreign_key
INV00985487,ITEM9667,LOC0017,2025-10-16,1.620,0.000,0.650,0.500,1.120,kg,orphan_foreign_key
INV00985644,ITEM5668,LOC0018,2025-10-16,3.000,6.000,3.000,3.000,6.000,pcs,orphan_foreign_key
INV00985716,ITEM5747,LOC0018,2025-10-16,3.000,8.000,5.000,5.000,6.000,pcs,orphan_foreign_key
INV00988043,ITEM8970,LOC0011,2025-10-17,3.000,0.000,1.000,0.000,3.000,pcs,orphan_foreign_key
INV00988241,ITEM7288,LOC0012,2025-10-17,1.000,2.000,1.000,0.000,2.000,pcs,orphan_foreign_key
INV00988250,ITEM4163,LOC0012,2025-10-17,2.000,0.000,1.000,0.000,2.000,pcs,orphan_foreign_key
INV00988598,ITEM8504,LOC0015,2025-10-17,1.420,0.000,0.130,0.000,1.420,liters,orphan_foreign_key
INV00988758,ITEM2621,LOC0016,2025-10-17,0.580,0.000,0.300,0.300,0.280,kg,orphan_foreign_key
INV00989412,ITEM8502,LOC0021,2025-10-17,3.000,0.000,1.000,0.000,3.000,pcs,orphan_foreign_key
INV00989458,ITEM7242,LOC0021,2025-10-17,0.500,0.000,0.070,0.000,0.500,kg,orphan_foreign_key
INV00989549,ITEM4953,LOC0022,2025-10-17,2.000,0.000,1.000,0.000,1.000,pcs,orphan_foreign_key
INV00989625,ITEM4932,LOC0022,2025-10-17,2.000,0.000,1.000,0.000,2.000,pcs,orphan_foreign_key
INV00989884,ITEM9020,LOC0024,2025-10-17,3.000,0.000,1.000,0.000,3.000,pcs,orphan_foreign_key
INV00990017,ITEM2833,LOC0025,2025-10-17,0.990,0.000,0.150,0.000,0.990,kg,orphan_foreign_key
INV00990149,ITEM6224,LOC0001,2025-10-18,0.600,0.000,0.210,0.000,0.600,kg,orphan_foreign_key
INV00991096,ITEM2157,LOC0008,2025-10-18,4.410,0.000,0.840,0.500,3.910,kg,orphan_foreign_key
INV00991158,ITEM9660,LOC0008,2025-10-18,1.160,0.000,0.490,0.000,1.160,liters,orphan_foreign_key
INV00991166,ITEM2830,LOC0008,2025-10-18,1.090,4.140,1.750,1.750,3.480,liters,orphan_foreign_key
INV00991611,ITEM5374,LOC0012,2025-10-18,2.000,6.000,3.000,3.000,5.000,pcs,orphan_foreign_key
INV00992291,ITEM6177,LOC0017,2025-10-18,4.000,0.000,1.000,0.000,4.000,pcs,orphan_foreign_key
INV00992998,ITEM5425,LOC0022,2025-10-18,4.500,0.000,2.960,1.500,3.000,kg,orphan_foreign_key
INV00993914,ITEM8298,LOC0003,2025-10-19,6.000,20.000,9.000,7.000,19.000,pcs,orphan_foreign_key
INV00994539,ITEM6153,LOC0008,2025-10-19,2.000,0.000,1.000,0.000,2.000,pcs,orphan_foreign_key
INV00995159,ITEM8788,LOC0013,2025-10-19,2.000,0.000,1.000,0.000,2.000,pcs,orphan_foreign_key
INV00995646,ITEM9181,LOC0016,2025-10-19,2.000,0.000,1.000,0.000,2.000,pcs,orphan_foreign_key
INV00996214,ITEM1851,LOC0020,2025-10-19,1.200,0.000,0.700,0.700,0.500,liters,orphan_foreign_key
INV00996514,ITEM5392,LOC0023,2025-10-19,2.000,0.000,1.000,0.000,2.000,pcs,orphan_foreign_key
INV00996558,ITEM0273,LOC0023,2025-10-19,1.570,0.000,0.230,0.000,1.570,kg,orphan_foreign_key
INV00997025,ITEM7246,LOC0001,2025-10-20,5.000,0.000,1.000,0.000,5.000,pcs,orphan_foreign_key
INV00997384,ITEM1733,LOC0004,2025-10-20,0.990,0.000,0.420,0.400,0.590,kg,orphan_foreign_key
INV00997489,ITEM3014,LOC0005,2025-10-20,2.000,0.000,1.000,0.000,2.000,pcs,orphan_foreign_key
INV00997610,ITEM4390,LOC0006,2025-10-20,6.000,0.000,1.000,0.000,6.000,pcs,orphan_foreign_key
INV00998252,ITEM6589,LOC0010,2025-10-20,2.310,0.000,0.230,0.000,2.310,liters,orphan_foreign_key
INV00998603,ITEM8650,LOC0013,2025-10-20,0.510,0.000,0.230,0.000,0.510,kg,orphan_foreign_key
INV00998728,ITEM1972,LOC0014,2025-10-20,0.680,2.080,1.200,1.200,1.560,kg,orphan_foreign_key
INV00999062,ITEM6736,LOC0016,2025-10-20,6.000,0.000,2.000,2.000,4.000,pcs,orphan_foreign_key
INV00999217,ITEM2253,LOC0017,2025-10-20,1.440,0.000,0.200,0.000,1.440,liters,orphan_foreign_key
INV00999641,ITEM6141,LOC0020,2025-10-20,1.010,0.000,0.070,0.000,1.010,liters,orphan_foreign_key
INV00999782,ITEM2629,LOC0021,2025-10-20,0.590,0.000,0.150,0.000,0.590,liters,orphan_foreign_key
INV01000732,ITEM0175,LOC0003,2025-10-21,1.330,0.000,0.050,0.000,1.330,liters,orphan_foreign_key
INV01000981,ITEM9665,LOC0005,2025-10-21,0.940,0.000,0.580,0.350,0.590,kg,orphan_foreign_key
INV01000998,ITEM8220,LOC0005,2025-10-21,2.000,0.000,1.000,1.000,1.000,pcs,orphan_foreign_key
INV01001057,ITEM8264,LOC0006,2025-10-21,1.000,2.000,1.000,0.000,3.000,pcs,orphan_foreign_key
INV01001245,ITEM4073,LOC0007,2025-10-21,2.000,4.000,2.000,1.000,5.000,pcs,orphan_foreign_key
INV01001891,ITEM4067,LOC0012,2025-10-21,0.600,1.960,1.000,1.000,1.560,kg,orphan_foreign_key
INV01002319,ITEM7646,LOC0015,2025-10-21,3.000,0.000,1.000,0.000,3.000,pcs,orphan_foreign_key
INV01003138,ITEM8899,LOC0021,2025-10-21,3.040,0.000,1.120,1.000,2.040,kg,orphan_foreign_key
INV01003787,ITEM6649,LOC0001,2025-10-22,3.000,0.000,1.000,0.000,3.000,pcs,orphan_foreign_key
INV01004378,ITEM2549,LOC0005,2025-10-22,2.960,0.000,0.380,0.000,2.960,kg,orphan_foreign_key
INV01004456,ITEM6630,LOC0005,2025-10-22,2.000,0.000,1.000,0.000,2.000,pcs,orphan_foreign_key
INV01004670,ITEM7440,LOC0007,2025-10-22,6.000,0.000,3.000,3.000,3.000,pcs,orphan_foreign_key
INV01004888,ITEM5234,LOC0009,2025-10-22,2.000,0.000,1.000,0.000,2.000,pcs,orphan_foreign_key
INV01004951,ITEM9200,LOC0009,2025-10-22,2.000,0.000,1.000,0.000,2.000,pcs,orphan_foreign_key
INV01005088,ITEM7257,LOC0010,2025-10-22,1.070,0.000,0.030,0.000,1.070,kg,orphan_foreign_key
INV01005459,ITEM7611,LOC0013,2025-10-22,2.520,0.000,1.000,1.000,1.520,kg,orphan_foreign_key
INV01005626,ITEM1756,LOC0014,2025-10-22,4.000,0.000,1.000,0.000,4.000,pcs,orphan_foreign_key
INV01005677,ITEM9822,LOC0014,2025-10-22,15.000,0.000,11.000,6.000,9.000,pcs,orphan_foreign_key
INV01006261,ITEM9417,LOC0019,2025-10-22,3.000,0.000,2.000,1.000,2.000,pcs,orphan_foreign_key
INV01006749,ITEM6728,LOC0022,2025-10-22,1.120,0.000,0.060,0.000,1.120,kg,orphan_foreign_key
INV01007195,ITEM4662,LOC0025,2025-10-22,1.780,0.000,0.540,0.350,1.430,liters,orphan_foreign_key
INV01007602,ITEM9352,LOC0003,2025-10-23,3.000,0.000,1.290,1.050,1.950,liters,orphan_foreign_key
INV01007635,ITEM3126,LOC0004,2025-10-23,0.690,0.000,0.110,0.000,0.690,liters,orphan_foreign_key
INV01007867,ITEM5148,LOC0005,2025-10-23,0.930,1.210,0.780,0.500,1.640,liters,orphan_foreign_key
INV01008784,ITEM3396,LOC0012,2025-10-23,2.000,4.000,2.000,1.000,5.000,pcs,orphan_foreign_key
INV01008981,ITEM1194,LOC0014,2025-10-23,2.000,13.000,6.000,6.000,9.000,pcs,orphan_foreign_key
INV01009112,ITEM6891,LOC0014,2025-10-23,3.000,0.000,2.000,1.000,2.000,pcs,orphan_foreign_key
INV01009655,ITEM5278,LOC0018,2025-10-23,2.020,0.000,0.100,0.000,2.020,liters,orphan_foreign_key
INV01010047,ITEM0335,LOC0021,2025-10-23,2.000,9.000,4.000,4.000,7.000,pcs,orphan_foreign_key
INV01010126,ITEM6954,LOC0022,2025-10-23,4.250,6.080,3.940,3.000,7.330,kg,orphan_foreign_key
INV01010553,ITEM4927,LOC0025,2025-10-23,0.440,0.000,0.320,0.000,0.440,kg,orphan_foreign_key
INV01011167,ITEM1124,LOC0004,2025-10-24,2.300,0.000,0.650,0.000,2.300,liters,orphan_foreign_key
INV01012991,ITEM5624,LOC0018,2025-10-24,1.620,0.000,0.650,0.600,1.020,kg,orphan_foreign_key
INV01013197,ITEM3702,LOC0019,2025-10-24,6.000,0.000,2.000,1.000,5.000,pcs,orphan_foreign_key
INV01013200,ITEM3323,LOC0019,2025-10-24,3.000,0.000,1.000,0.000,3.000,pcs,orphan_foreign_key
INV01014461,ITEM4766,LOC0003,2025-10-25,0.970,0.000,0.520,0.000,0.970,liters,orphan_foreign_key
INV01014723,ITEM1200,LOC0005,2025-10-25,0.490,0.000,0.250,0.250,0.240,liters,orphan_foreign_key
INV01015147,ITEM2239,LOC0008,2025-10-25,45.000,0.000,22.000,22.000,23.000,pcs,orphan_foreign_key
INV01015327,ITEM1288,LOC0010,2025-10-25,3.890,0.000,0.290,0.000,3.890,kg,orphan_foreign_key
INV01015465,ITEM8517,LOC0011,2025-10-25,5.870,0.000,0.690,0.000,5.870,kg,orphan_foreign_key
INV01015789,ITEM5692,LOC0013,2025-10-25,2.000,3.000,2.000,2.000,3.000,pcs,orphan_foreign_key
INV01015796,ITEM8794,LOC0013,2025-10-25,0.330,0.000,0.070,0.000,0.330,kg,orphan_foreign_key
INV01016045,ITEM8600,LOC0015,2025-10-25,3.000,0.000,2.000,2.000,1.000,pcs,orphan_foreign_key
INV01016167,ITEM4880,LOC0016,2025-10-25,3.430,0.000,1.600,1.600,1.830,kg,orphan_foreign_key
INV01016302,ITEM1488,LOC0017,2025-10-25,6.230,0.000,0.290,0.000,6.230,kg,orphan_foreign_key
INV01016465,ITEM6394,LOC0018,2025-10-25,5.000,0.000,3.000,3.000,2.000,pcs,orphan_foreign_key
INV01016608,ITEM9765,LOC0019,2025-10-25,5.000,0.000,1.000,1.000,4.000,pcs,orphan_foreign_key
INV01016989,ITEM1822,LOC0022,2025-10-25,1.610,2.920,2.060,1.500,3.030,kg,orphan_foreign_key
INV01017053,ITEM0271,LOC0022,2025-10-25,2.000,0.000,1.000,0.000,2.000,pcs,orphan_foreign_key
INV01019010,ITEM4747,LOC0012,2025-10-26,1.460,0.000,0.600,0.600,0.860,liters,orphan_foreign_key
INV01019675,ITEM1445,LOC0016,2025-10-26,1.000,6.000,3.000,3.000,4.000,pcs,orphan_foreign_key
INV01019963,ITEM5693,LOC0019,2025-10-26,2.000,0.000,1.000,0.000,2.000,pcs,orphan_foreign_key
INV01020681,ITEM0592,LOC0024,2025-10-26,1.000,2.000,1.000,0.000,3.000,pcs,orphan_foreign_key
INV01020697,ITEM9123,LOC0024,2025-10-26,0.930,0.000,0.690,0.500,0.260,kg,orphan_foreign_key
INV01021039,ITEM3879,LOC0001,2025-10-27,0.640,0.000,0.090,0.000,0.640,liters,orphan_foreign_key
INV01021468,ITEM1975,LOC0004,2025-10-27,45.000,0.000,28.000,19.000,26.000,pcs,orphan_foreign_key
INV01021515,ITEM2510,LOC0005,2025-10-27,4.150,0.000,2.090,1.000,3.150,kg,orphan_foreign_key
INV01021618,ITEM1755,LOC0006,2025-10-27,1.000,5.000,2.000,2.000,4.000,pcs,orphan_foreign_key
INV01021924,ITEM0997,LOC0008,2025-10-27,5.360,5.290,4.630,4.000,6.130,kg,orphan_foreign_key
INV01022305,ITEM3553,LOC0011,2025-10-27,2.000,0.000,1.000,0.000,2.000,pcs,orphan_foreign_key
INV01022390,ITEM2474,LOC0011,2025-10-27,4.000,0.000,2.000,1.000,3.000,pcs,orphan_foreign_key
INV01022985,ITEM9609,LOC0016,2025-10-27,4.000,0.000,1.000,1.000,3.000,pcs,orphan_foreign_key
INV01023089,ITEM6530,LOC0016,2025-10-27,2.760,3.610,2.820,1.400,4.970,liters,orphan_foreign_key
INV01023193,ITEM6830,LOC0017,2025-10-27,7.000,6.000,6.000,6.000,7.000,pcs,orphan_foreign_key
INV01023276,ITEM4503,LOC0018,2025-10-27,2.000,3.000,2.000,1.000,4.000,pcs,orphan_foreign_key
INV01023415,ITEM2313,LOC0019,2025-10-27,2.000,0.000,1.000,0.000,2.000,pcs,orphan_foreign_key
INV01023660,ITEM7800,LOC0020,2025-10-27,17.000,0.000,6.000,4.000,13.000,pcs,orphan_foreign_key
INV01023712,ITEM2486,LOC0021,2025-10-27,0.200,0.000,0.150,0.000,0.200,kg,orphan_foreign_key
INV01023988,ITEM9794,LOC0023,2025-10-27,2.500,0.000,1.430,1.000,1.500,kg,orphan_foreign_key
INV01024048,ITEM6056,LOC0023,2025-10-27,2.000,0.000,1.000,0.000,2.000,pcs,orphan_foreign_key
INV01024141,ITEM5228,LOC0024,2025-10-27,0.960,0.000,0.100,0.000,0.960,kg,orphan_foreign_key
INV01024493,ITEM0866,LOC0001,2025-10-28,5.000,0.000,1.000,0.000,5.000,pcs,orphan_foreign_key
INV01024581,ITEM1338,LOC0002,2025-10-28,1.280,0.000,0.700,0.700,0.580,kg,orphan_foreign_key
INV01025526,ITEM2760,LOC0009,2025-10-28,3.000,0.000,1.000,0.000,3.000,pcs,orphan_foreign_key
INV01025538,ITEM7439,LOC0009,2025-10-28,1.020,0.000,0.090,0.000,0.970,kg,orphan_foreign_key
INV01025866,ITEM2652,LOC0012,2025-10-28,2.000,0.000,1.000,0.000,2.000,pcs,orphan_foreign_key
INV01025982,ITEM8062,LOC0012,2025-10-28,1.510,0.000,0.470,0.000,1.510,liters,orphan_foreign_key
INV01026124,ITEM4890,LOC0013,2025-10-28,14.000,0.000,2.000,0.000,14.000,pcs,orphan_foreign_key
INV01026130,ITEM8170,LOC0013,2025-10-28,6.000,0.000,2.000,0.000,6.000,pcs,orphan_foreign_key
INV01027555,ITEM8873,LOC0024,2025-10-28,3.070,0.000,0.350,0.000,3.070,kg,orphan_foreign_key
INV01028789,ITEM7288,LOC0008,2025-10-29,2.480,0.000,0.700,0.000,2.480,kg,orphan_foreign_key
INV01029091,ITEM7599,LOC0010,2025-10-29,3.000,0.000,1.000,0.000,3.000,pcs,orphan_foreign_key
INV01030095,ITEM2835,LOC0017,2025-10-29,0.340,0.000,0.190,0.000,0.340,liters,orphan_foreign_key
INV01030732,ITEM2823,LOC0022,2025-10-29,4.000,0.000,2.000,1.000,3.000,pcs,orphan_foreign_key
INV01030745,ITEM9331,LOC0022,2025-10-29,2.000,0.000,1.000,0.000,2.000,pcs,orphan_foreign_key
INV01030945,ITEM8092,LOC0024,2025-10-29,4.000,0.000,1.000,0.000,4.000,pcs,orphan_foreign_key
INV01031040,ITEM2811,LOC0024,2025-10-29,1.450,0.000,0.020,0.000,1.450,kg,orphan_foreign_key
INV01031354,ITEM7263,LOC0002,2025-10-30,3.000,0.000,1.000,0.000,3.000,pcs,orphan_foreign_key
INV01031575,ITEM4293,LOC0003,2025-10-30,2.000,0.000,1.000,0.000,2.000,pcs,orphan_foreign_key
INV01031924,ITEM4072,LOC0006,2025-10-30,2.000,0.000,1.000,0.000,2.000,pcs,orphan_foreign_key
INV01032084,ITEM3247,LOC0007,2025-10-30,2.900,0.000,1.450,1.000,1.900,kg,orphan_foreign_key
INV01032095,ITEM1722,LOC0007,2025-10-30,3.250,0.000,0.800,0.800,2.450,kg,orphan_foreign_key
INV01032215,ITEM3501,LOC0008,2025-10-30,2.140,0.000,1.140,0.500,1.240,kg,orphan_foreign_key
INV01032434,ITEM2705,LOC0009,2025-10-30,3.000,5.000,3.000,2.000,6.000,pcs,orphan_foreign_key
INV01032519,ITEM0376,LOC0010,2025-10-30,10.000,0.000,1.000,0.000,10.000,pcs,orphan_foreign_key
INV01032618,ITEM7803,LOC0011,2025-10-30,1.620,3.930,2.120,1.000,4.550,kg,orphan_foreign_key
INV01032639,ITEM1335,LOC0011,2025-10-30,15.000,0.000,1.000,0.000,15.000,pcs,orphan_foreign_key
INV01032931,ITEM5603,LOC0013,2025-10-30,6.000,0.000,1.000,1.000,5.000,pcs,orphan_foreign_key
INV01032997,ITEM0345,LOC0014,2025-10-30,3.000,0.000,1.000,0.000,3.000,pcs,orphan_foreign_key
INV01033760,ITEM9051,LOC0019,2025-10-30,3.000,0.000,1.000,0.000,3.000,pcs,orphan_foreign_key
INV01033780,ITEM1434,LOC0019,2025-10-30,2.000,0.000,1.000,0.000,2.000,pcs,orphan_foreign_key
INV01033816,ITEM4977,LOC0019,2025-10-30,5.000,0.000,1.000,0.000,5.000,pcs,orphan_foreign_key
INV01033909,ITEM9769,LOC0020,2025-10-30,3.000,0.000,1.000,0.000,3.000,pcs,orphan_foreign_key
INV01033935,ITEM6439,LOC0020,2025-10-30,4.350,8.930,5.600,5.600,7.680,liters,orphan_foreign_key
INV01034207,ITEM3375,LOC0022,2025-10-30,0.380,0.000,0.250,0.250,0.130,liters,orphan_foreign_key
INV01034392,ITEM5485,LOC0024,2025-10-30,0.240,0.000,0.080,0.000,0.240,liters,orphan_foreign_key
INV01034631,ITEM1249,LOC0025,2025-10-30,0.750,0.000,0.060,0.000,0.750,liters,orphan_foreign_key
INV01034763,ITEM1867,LOC0001,2025-10-31,1.140,0.000,0.170,0.000,1.140,liters,orphan_foreign_key
INV01034894,ITEM2369,LOC0002,2025-10-31,1.250,0.000,0.190,0.000,1.250,liters,orphan_foreign_key
INV01035348,ITEM1610,LOC0006,2025-10-31,0.460,0.000,0.020,0.000,0.460,liters,orphan_foreign_key
INV01035736,ITEM5200,LOC0009,2025-10-31,3.000,9.000,4.000,4.000,8.000,pcs,orphan_foreign_key
INV01035760,ITEM5247,LOC0009,2025-10-31,3.000,0.000,2.000,2.000,1.000,pcs,orphan_foreign_key
INV01036136,ITEM4813,LOC0011,2025-10-31,1.000,2.000,1.000,1.000,2.000,pcs,orphan_foreign_key
INV01036196,ITEM0703,LOC0012,2025-10-31,0.300,0.000,0.170,0.000,0.300,kg,orphan_foreign_key
INV01036354,ITEM5624,LOC0013,2025-10-31,2.000,0.000,1.000,1.000,1.000,pcs,orphan_foreign_key
INV01036494,ITEM3391,LOC0014,2025-10-31,1.000,8.000,3.000,2.000,7.000,pcs,orphan_foreign_key
INV01036961,ITEM6248,LOC0017,2025-10-31,0.370,0.000,0.080,0.000,0.370,liters,orphan_foreign_key
INV01037975,ITEM2356,LOC0025,2025-10-31,0.550,0.000,0.300,0.300,0.250,kg,orphan_foreign_key
INV01038012,ITEM2361,LOC0025,2025-10-31,2.000,0.000,1.000,0.000,2.000,pcs,orphan_foreign_key
INV01038095,ITEM2932,LOC0001,2025-11-01,0.240,0.000,0.190,0.000,0.240,liters,orphan_foreign_key
INV01038479,ITEM9555,LOC0003,2025-11-01,24.000,25.000,21.000,21.000,28.000,pcs,orphan_foreign_key
INV01038522,ITEM9477,LOC0004,2025-11-01,1.240,3.330,2.100,2.100,2.470,kg,orphan_foreign_key
INV01038639,ITEM1210,LOC0005,2025-11-01,1.170,0.000,0.310,0.300,0.870,liters,orphan_foreign_key
INV01038899,ITEM7783,LOC0006,2025-11-01,5.000,0.000,1.000,0.000,5.000,pcs,orphan_foreign_key
INV01039406,ITEM1998,LOC0010,2025-11-01,2.000,0.000,1.000,0.000,2.000,pcs,orphan_foreign_key
INV01039442,ITEM7944,LOC0011,2025-11-01,2.000,0.000,1.000,0.000,2.000,pcs,orphan_foreign_key
INV01040821,ITEM3393,LOC0021,2025-11-01,6.000,0.000,1.000,0.000,6.000,pcs,orphan_foreign_key
INV01041006,ITEM8858,LOC0022,2025-11-01,1.660,0.000,0.440,0.000,1.660,kg,orphan_foreign_key
INV01041686,ITEM1973,LOC0002,2025-11-02,0.840,0.000,0.530,0.500,0.340,kg,orphan_foreign_key
INV01042078,ITEM3973,LOC0005,2025-11-02,1.000,5.000,2.000,1.000,5.000,pcs,orphan_foreign_key
INV01042150,ITEM9872,LOC0005,2025-11-02,2.000,0.000,1.000,0.000,2.000,pcs,orphan_foreign_key
INV01042525,ITEM7185,LOC0008,2025-11-02,6.000,0.000,1.000,0.000,6.000,pcs,orphan_foreign_key
INV01042648,ITEM3791,LOC0009,2025-11-02,0.290,1.500,0.800,0.800,0.990,kg,orphan_foreign_key
INV01043271,ITEM0562,LOC0013,2025-11-02,11.000,0.000,4.000,2.000,9.000,pcs,orphan_foreign_key
INV01044441,ITEM9651,LOC0022,2025-11-02,1.150,1.900,1.210,1.200,1.850,kg,orphan_foreign_key
INV01044525,ITEM8295,LOC0022,2025-11-02,7.000,0.000,1.000,0.000,6.000,pcs,orphan_foreign_key
INV01044650,ITEM6440,LOC0023,2025-11-02,2.820,0.000,1.450,1.400,1.420,liters,orphan_foreign_key
INV01044719,ITEM3756,LOC0024,2025-11-02,0.180,0.000,0.060,0.000,0.180,kg,orphan_foreign_key
INV01044863,ITEM3817,LOC0025,2025-11-02,3.000,0.000,1.000,0.000,3.000,pcs,orphan_foreign_key
INV01045109,ITEM6139,LOC0002,2025-11-03,2.190,0.000,0.140,0.000,2.190,kg,orphan_foreign_key
INV01045266,ITEM8130,LOC0003,2025-11-03,0.660,0.000,0.270,0.000,0.660,kg,orphan_foreign_key
INV01045318,ITEM5977,LOC0003,2025-11-03,1.000,2.000,1.000,1.000,2.000,pcs,orphan_foreign_key
INV01045319,ITEM7974,LOC0003,2025-11-03,4.000,0.000,1.000,0.000,4.000,pcs,orphan_foreign_key
INV01045885,ITEM2059,LOC0007,2025-11-03,0.860,0.000,0.350,0.000,0.860,liters,orphan_foreign_key
INV01046021,ITEM7554,LOC0008,2025-11-03,19.000,0.000,2.000,0.000,19.000,pcs,orphan_foreign_key
INV01047008,ITEM9704,LOC0016,2025-11-03,3.000,0.000,1.000,1.000,2.000,pcs,orphan_foreign_key
INV01047741,ITEM6158,LOC0021,2025-11-03,1.330,0.000,0.090,0.000,1.330,kg,orphan_foreign_key
INV01047796,ITEM9835,LOC0021,2025-11-03,3.000,0.000,1.000,0.000,3.000,pcs,orphan_foreign_key
INV01047870,ITEM2937,LOC0022,2025-11-03,1.420,0.000,0.150,0.000,1.420,kg,orphan_foreign_key
INV01048443,ITEM7925,LOC0001,2025-11-04,2.130,0.000,0.420,0.400,1.730,kg,orphan_foreign_key
INV01048929,ITEM8346,LOC0004,2025-11-04,10.890,0.000,4.870,4.200,6.690,liters,orphan_foreign_key
INV01049706,ITEM5377,LOC0010,2025-11-04,3.720,0.000,0.300,0.000,3.720,kg,orphan_foreign_key
INV01049981,ITEM4496,LOC0012,2025-11-04,2.000,0.000,1.000,0.000,2.000,pcs,orphan_foreign_key
INV01050063,ITEM5464,LOC0013,2025-11-04,1.700,0.000,0.360,0.300,1.400,kg,orphan_foreign_key
INV01050738,ITEM4089,LOC0018,2025-11-04,0.940,0.000,0.110,0.000,0.940,liters,orphan_foreign_key
INV01050971,ITEM1780,LOC0019,2025-11-04,7.000,0.000,1.000,0.000,7.000,pcs,orphan_foreign_key
INV01051446,ITEM6904,LOC0023,2025-11-04,3.000,0.000,1.000,0.000,3.000,pcs,orphan_foreign_key
INV01051469,ITEM2102,LOC0023,2025-11-04,1.470,0.000,0.120,0.000,1.470,kg,orphan_foreign_key
INV01052077,ITEM2944,LOC0002,2025-11-05,3.000,0.000,1.000,0.000,3.000,pcs,orphan_foreign_key
INV01052277,ITEM1419,LOC0004,2025-11-05,3.000,0.000,1.000,0.000,3.000,pcs,orphan_foreign_key
INV01052557,ITEM8149,LOC0006,2025-11-05,2.170,0.000,0.080,0.000,2.170,kg,orphan_foreign_key
INV01052785,ITEM6583,LOC0007,2025-11-05,7.920,0.000,0.950,0.000,7.370,liters,orphan_foreign_key
INV01053941,ITEM6811,LOC0016,2025-11-05,1.700,0.000,1.090,1.000,0.700,kg,orphan_foreign_key
INV01054204,ITEM9904,LOC0018,2025-11-05,0.600,1.400,0.830,0.600,1.400,kg,orphan_foreign_key
INV01054448,ITEM1962,LOC0019,2025-11-05,13.000,48.000,21.000,21.000,40.000,pcs,orphan_foreign_key
INV01055025,ITEM3560,LOC0024,2025-11-05,3.000,0.000,1.000,0.000,3.000,pcs,orphan_foreign_key
INV01055231,ITEM6317,LOC0025,2025-11-05,6.000,0.000,2.000,1.000,5.000,pcs,orphan_foreign_key
INV01055534,ITEM4439,LOC0002,2025-11-06,0.710,0.810,0.750,0.750,0.770,liters,orphan_foreign_key
INV01055999,ITEM5763,LOC0006,2025-11-06,2.000,0.000,1.000,0.000,1.000,pcs,orphan_foreign_key
INV01056856,ITEM4532,LOC0012,2025-11-06,7.000,0.000,2.000,0.000,7.000,pcs,orphan_foreign_key
INV01058599,ITEM5629,LOC0024,2025-11-06,2.000,0.000,1.000,0.000,2.000,pcs,orphan_foreign_key
INV01058805,ITEM7217,LOC0001,2025-11-07,5.000,0.000,2.000,1.000,4.000,pcs,orphan_foreign_key
INV01059103,ITEM1627,LOC0003,2025-11-07,6.000,0.000,1.000,0.000,6.000,pcs,orphan_foreign_key
INV01059737,ITEM9611,LOC0008,2025-11-07,1.450,0.000,1.200,1.200,0.250,kg,orphan_foreign_key
INV01059767,ITEM6122,LOC0008,2025-11-07,2.000,3.000,2.000,2.000,3.000,pcs,orphan_foreign_key
INV01059827,ITEM2517,LOC0008,2025-11-07,36.000,0.000,25.000,19.000,17.000,pcs,orphan_foreign_key
INV01060551,ITEM3367,LOC0014,2025-11-07,5.000,8.000,5.000,5.000,8.000,pcs,orphan_foreign_key
INV01060734,ITEM7004,LOC0015,2025-11-07,8.000,20.000,10.000,8.000,20.000,pcs,orphan_foreign_key
INV01060953,ITEM8382,LOC0017,2025-11-07,1.490,0.000,0.080,0.000,1.490,liters,orphan_foreign_key
INV01061647,ITEM0318,LOC0022,2025-11-07,5.000,0.000,1.000,0.000,5.000,pcs,orphan_foreign_key
INV01062180,ITEM6713,LOC0025,2025-11-07,0.780,3.580,1.540,1.400,2.960,liters,orphan_foreign_key
INV01062545,ITEM5069,LOC0003,2025-11-08,11.000,0.000,2.000,1.000,10.000,pcs,orphan_foreign_key
INV01062585,ITEM0358,LOC0003,2025-11-08,2.220,11.730,5.260,5.250,8.700,liters,orphan_foreign_key
INV01062810,ITEM5010,LOC0005,2025-11-08,6.000,0.000,1.000,0.000,6.000,pcs,orphan_foreign_key
INV01063707,ITEM3950,LOC0012,2025-11-08,2.000,0.000,1.000,0.000,2.000,pcs,orphan_foreign_key
INV01063945,ITEM1636,LOC0013,2025-11-08,0.820,0.000,0.480,0.250,0.570,liters,orphan_foreign_key
INV01063957,ITEM4957,LOC0013,2025-11-08,0.700,3.480,1.400,1.400,2.780,liters,orphan_foreign_key
INV01064434,ITEM4367,LOC0017,2025-11-08,0.570,0.800,0.500,0.500,0.870,kg,orphan_foreign_key
INV01065035,ITEM0781,LOC0021,2025-11-08,3.000,0.000,1.000,0.000,3.000,pcs,orphan_foreign_key
INV01065052,ITEM4039,LOC0021,2025-11-08,2.000,0.000,1.000,0.000,2.000,pcs,orphan_foreign_key
INV01065092,ITEM1018,LOC0022,2025-11-08,3.000,0.000,1.000,0.000,3.000,pcs,orphan_foreign_key
INV01065427,ITEM1178,LOC0024,2025-11-08,0.970,0.000,0.130,0.000,0.970,kg,orphan_foreign_key
INV01066144,ITEM7473,LOC0004,2025-11-09,4.000,0.000,1.000,1.000,3.000,pcs,orphan_foreign_key
INV01066280,ITEM3083,LOC0005,2025-11-09,0.890,1.480,1.160,1.050,1.260,kg,orphan_foreign_key
INV01066463,ITEM3936,LOC0006,2025-11-09,9.000,0.000,1.000,0.000,9.000,pcs,orphan_foreign_key
INV01066776,ITEM9643,LOC0009,2025-11-09,12.700,0.000,8.250,6.000,5.060,kg,orphan_foreign_key
INV01066878,ITEM0197,LOC0010,2025-11-09,3.000,0.000,1.000,0.000,3.000,pcs,orphan_foreign_key
INV01067403,ITEM7389,LOC0013,2025-11-09,1.880,0.000,0.130,0.000,1.880,liters,orphan_foreign_key
INV01067517,ITEM8921,LOC0014,2025-11-09,1.450,0.000,0.070,0.000,1.450,kg,orphan_foreign_key
INV01067601,ITEM8798,LOC0015,2025-11-09,0.960,0.000,0.130,0.000,0.960,kg,orphan_foreign_key
INV01067690,ITEM5089,LOC0015,2025-11-09,1.010,0.000,0.140,0.000,1.010,liters,orphan_foreign_key
INV01067764,ITEM2434,LOC0016,2025-11-09,1.000,5.000,2.000,1.000,5.000,pcs,orphan_foreign_key
INV01068476,ITEM3461,LOC0021,2025-11-09,4.000,0.000,2.000,2.000,2.000,pcs,orphan_foreign_key
INV01069020,ITEM4703,LOC0025,2025-11-09,6.000,0.000,1.000,0.000,6.000,pcs,orphan_foreign_key
INV01069095,ITEM1184,LOC0001,2025-11-10,6.000,0.000,1.000,0.000,6.000,pcs,orphan_foreign_key
INV01069361,ITEM6381,LOC0002,2025-11-10,8.000,0.000,1.000,0.000,8.000,pcs,orphan_foreign_key
INV01069497,ITEM3553,LOC0003,2025-11-10,0.000,1.620,0.700,0.700,0.920,liters,orphan_foreign_key
INV01069668,ITEM7752,LOC0005,2025-11-10,1.790,0.000,0.430,0.300,1.490,liters,orphan_foreign_key
INV01070183,ITEM9774,LOC0008,2025-11-10,1.730,0.000,0.310,0.000,1.730,liters,orphan_foreign_key
INV01070471,ITEM6940,LOC0010,2025-11-10,10.000,0.000,8.000,8.000,2.000,pcs,orphan_foreign_key
INV01070947,ITEM3306,LOC0014,2025-11-10,3.630,0.000,1.200,1.200,2.430,kg,orphan_foreign_key
INV01071267,ITEM8943,LOC0016,2025-11-10,14.000,0.000,5.000,4.000,10.000,pcs,orphan_foreign_key
INV01071627,ITEM4763,LOC0019,2025-11-10,2.060,0.000,0.500,0.000,1.570,kg,orphan_foreign_key
INV01072643,ITEM6975,LOC0001,2025-11-11,5.000,0.000,1.000,0.000,5.000,pcs,orphan_foreign_key
INV01072850,ITEM0656,LOC0003,2025-11-11,5.000,12.000,7.000,7.000,10.000,pcs,orphan_foreign_key
INV01073261,ITEM0209,LOC0005,2025-11-11,4.000,10.000,5.000,4.000,10.000,pcs,orphan_foreign_key
INV01073426,ITEM4373,LOC0007,2025-11-11,3.000,0.000,1.000,0.000,3.000,pcs,orphan_foreign_key
INV01073943,ITEM9945,LOC0010,2025-11-11,6.000,0.000,3.000,2.000,4.000,pcs,orphan_foreign_key
INV01074454,ITEM7189,LOC0014,2025-11-11,1.100,0.000,0.350,0.350,0.750,kg,orphan_foreign_key
INV01074575,ITEM0602,LOC0015,2025-11-11,5.000,0.000,1.000,0.000,5.000,pcs,orphan_foreign_key
INV01074846,ITEM7974,LOC0017,2025-11-11,5.000,0.000,1.000,0.000,5.000,pcs,orphan_foreign_key
INV01074928,ITEM0622,LOC0018,2025-11-11,3.000,0.000,1.000,0.000,3.000,pcs,orphan_foreign_key
INV01075275,ITEM0695,LOC0020,2025-11-11,2.000,0.000,1.000,0.000,2.000,pcs,orphan_foreign_key
INV01075313,ITEM1129,LOC0020,2025-11-11,1.150,0.000,0.500,0.500,0.650,liters,orphan_foreign_key
INV01075353,ITEM0831,LOC0021,2025-11-11,2.000,0.000,1.000,0.000,2.000,pcs,orphan_foreign_key
INV01075493,ITEM0778,LOC0022,2025-11-11,4.000,0.000,1.000,0.000,4.000,pcs,orphan_foreign_key
INV01075573,ITEM7459,LOC0022,2025-11-11,3.000,0.000,1.000,0.000,3.000,pcs,orphan_foreign_key
INV01076497,ITEM5799,LOC0004,2025-11-12,2.040,0.000,0.170,0.000,2.040,kg,orphan_foreign_key
INV01076617,ITEM2554,LOC0005,2025-11-12,6.000,0.000,1.000,0.000,5.000,pcs,orphan_foreign_key
INV01076879,ITEM4651,LOC0007,2025-11-12,1.000,2.000,1.000,0.000,3.000,pcs,orphan_foreign_key
INV01077681,ITEM7144,LOC0012,2025-11-12,1.050,0.000,0.350,0.350,0.700,liters,orphan_foreign_key
INV01078052,ITEM5744,LOC0015,2025-11-12,6.000,0.000,2.000,1.000,5.000,pcs,orphan_foreign_key
INV01078381,ITEM3945,LOC0017,2025-11-12,1.850,1.820,1.730,1.400,2.270,liters,orphan_foreign_key
INV01079037,ITEM3647,LOC0022,2025-11-12,2.000,0.000,1.000,0.000,2.000,pcs,orphan_foreign_key
INV01080091,ITEM8893,LOC0005,2025-11-13,5.000,0.000,3.000,2.000,3.000,pcs,orphan_foreign_key
INV01080722,ITEM9419,LOC0009,2025-11-13,4.000,0.000,1.000,0.000,4.000,pcs,orphan_foreign_key
INV01080994,ITEM4495,LOC0011,2025-11-13,7.000,0.000,2.000,0.000,7.000,pcs,orphan_foreign_key
INV01081376,ITEM4011,LOC0014,2025-11-13,2.000,3.000,2.000,1.000,4.000,pcs,orphan_foreign_key
INV01081482,ITEM3612,LOC0015,2025-11-13,0.230,2.080,0.900,0.900,1.410,kg,orphan_foreign_key
INV01081558,ITEM3306,LOC0015,2025-11-13,4.000,0.000,1.000,0.000,4.000,pcs,orphan_foreign_key
INV01081680,ITEM8792,LOC0016,2025-11-13,0.190,0.650,0.350,0.350,0.490,kg,orphan_foreign_key
INV01081855,ITEM8362,LOC0017,2025-11-13,2.270,0.000,0.510,0.000,2.270,liters,orphan_foreign_key
INV01082602,ITEM8315,LOC0023,2025-11-13,1.510,2.360,1.500,1.500,2.370,kg,orphan_foreign_key
INV01082917,ITEM4528,LOC0025,2025-11-13,3.000,0.000,1.000,0.000,3.000,pcs,orphan_foreign_key
INV01082935,ITEM8087,LOC0025,2025-11-13,2.000,0.000,1.000,0.000,2.000,pcs,orphan_foreign_key
INV01082968,ITEM1584,LOC0025,2025-11-13,8.660,0.000,0.860,0.700,7.960,liters,orphan_foreign_key
INV01083189,ITEM9541,LOC0002,2025-11-14,3.000,6.000,3.000,2.000,7.000,pcs,orphan_foreign_key
INV01083341,ITEM0832,LOC0003,2025-11-14,2.000,0.000,1.000,1.000,1.000,pcs,orphan_foreign_key
INV01083570,ITEM3468,LOC0005,2025-11-14,4.000,0.000,1.000,0.000,4.000,pcs,orphan_foreign_key
INV01083992,ITEM9178,LOC0008,2025-11-14,0.560,0.000,0.170,0.000,0.560,kg,orphan_foreign_key
INV01084385,ITEM3647,LOC0011,2025-11-14,0.510,0.000,0.060,0.000,0.510,liters,orphan_foreign_key
INV01084559,ITEM1430,LOC0012,2025-11-14,0.230,1.780,0.800,0.800,1.210,kg,orphan_foreign_key
INV01084629,ITEM4798,LOC0012,2025-11-14,0.700,0.000,0.390,0.350,0.350,liters,orphan_foreign_key
INV01084885,ITEM3598,LOC0014,2025-11-14,3.000,0.000,2.000,2.000,1.000,pcs,orphan_foreign_key
INV01084892,ITEM4839,LOC0014,2025-11-14,5.000,0.000,1.000,0.000,5.000,pcs,orphan_foreign_key
INV01086328,ITEM2051,LOC0025,2025-11-14,4.000,0.000,1.000,1.000,3.000,pcs,orphan_foreign_key
INV01086344,ITEM9675,LOC0025,2025-11-14,0.100,0.000,0.020,0.000,0.100,liters,orphan_foreign_key
INV01087114,ITEM8703,LOC0005,2025-11-15,6.000,0.000,1.000,0.000,6.000,pcs,orphan_foreign_key
INV01087143,ITEM4536,LOC0005,2025-11-15,1.280,0.000,0.140,0.000,1.280,liters,orphan_foreign_key
INV01087595,ITEM8890,LOC0009,2025-11-15,4.200,0.000,0.100,0.000,4.200,kg,orphan_foreign_key
INV01088070,ITEM6384,LOC0012,2025-11-15,0.410,0.740,0.410,0.350,0.800,kg,orphan_foreign_key
INV01088107,ITEM5161,LOC0012,2025-11-15,2.020,0.000,0.480,0.000,2.020,liters,orphan_foreign_key
INV01088622,ITEM5163,LOC0016,2025-11-15,3.000,0.000,1.000,0.000,3.000,pcs,orphan_foreign_key
INV01088985,ITEM7545,LOC0019,2025-11-15,0.620,0.000,0.110,0.000,0.620,kg,orphan_foreign_key
INV01089078,ITEM7850,LOC0019,2025-11-15,0.930,0.000,0.350,0.350,0.580,liters,orphan_foreign_key
INV01089605,ITEM6279,LOC0023,2025-11-15,3.000,0.000,1.000,0.000,3.000,pcs,orphan_foreign_key
INV01089821,ITEM0223,LOC0025,2025-11-15,0.480,0.000,0.080,0.000,0.480,liters,orphan_foreign_key
INV01090051,ITEM9811,LOC0001,2025-11-16,0.460,0.860,0.500,0.500,0.820,liters,orphan_foreign_key
INV01090754,ITEM2426,LOC0006,2025-11-16,0.640,0.000,0.100,0.000,0.640,liters,orphan_foreign_key
INV01090856,ITEM3001,LOC0007,2025-11-16,2.000,4.000,2.000,2.000,4.000,pcs,orphan_foreign_key
INV01092356,ITEM2877,LOC0018,2025-11-16,3.000,0.000,1.000,0.000,3.000,pcs,orphan_foreign_key
INV01092383,ITEM9354,LOC0018,2025-11-16,0.650,0.000,0.040,0.000,0.650,kg,orphan_foreign_key
INV01092822,ITEM1285,LOC0021,2025-11-16,2.000,0.000,1.000,1.000,1.000,pcs,orphan_foreign_key
INV01093057,ITEM1387,LOC0023,2025-11-16,4.000,0.000,3.000,3.000,1.000,pcs,orphan_foreign_key
INV01093362,ITEM6945,LOC0025,2025-11-16,3.000,0.000,1.000,0.000,3.000,pcs,orphan_foreign_key
INV01094185,ITEM6243,LOC0006,2025-11-17,2.000,0.000,1.000,1.000,1.000,pcs,orphan_foreign_key
INV01094366,ITEM6694,LOC0007,2025-11-17,0.960,0.000,0.350,0.000,0.960,liters,orphan_foreign_key
INV01094532,ITEM6453,LOC0009,2025-11-17,11.000,0.000,2.000,0.000,11.000,pcs,orphan_foreign_key
INV01094590,ITEM3623,LOC0009,2025-11-17,3.000,0.000,1.000,0.000,2.000,pcs,orphan_foreign_key
INV01094753,ITEM5694,LOC0010,2025-11-17,1.000,2.000,1.000,0.000,3.000,pcs,orphan_foreign_key
INV01094821,ITEM1009,LOC0011,2025-11-17,0.840,0.000,0.080,0.000,0.840,kg,orphan_foreign_key
INV01096169,ITEM9113,LOC0020,2025-11-17,3.100,0.000,0.280,0.000,3.100,liters,orphan_foreign_key
INV01096525,ITEM5523,LOC0023,2025-11-17,3.080,0.000,0.910,0.800,2.230,kg,orphan_foreign_key
INV01097067,ITEM5584,LOC0002,2025-11-18,1.560,0.000,0.240,0.000,1.560,kg,orphan_foreign_key
INV01098267,ITEM7360,LOC0011,2025-11-18,3.000,0.000,2.000,1.000,2.000,pcs,orphan_foreign_key
INV01098355,ITEM5271,LOC0011,2025-11-18,1.960,0.000,0.010,0.000,1.960,kg,orphan_foreign_key
INV01098386,ITEM8570,LOC0011,2025-11-18,1.650,0.000,0.710,0.350,1.300,liters,orphan_foreign_key
INV01098411,ITEM5127,LOC0012,2025-11-18,2.000,0.000,1.000,1.000,1.000,pcs,orphan_foreign_key
INV01098760,ITEM1226,LOC0014,2025-11-18,4.000,0.000,1.000,0.000,4.000,pcs,orphan_foreign_key
INV01099068,ITEM7839,LOC0016,2025-11-18,1.440,2.910,1.750,1.750,2.600,liters,orphan_foreign_key
INV01099070,ITEM4966,LOC0016,2025-11-18,0.100,0.000,0.060,0.000,0.100,liters,orphan_foreign_key
INV01099107,ITEM8420,LOC0017,2025-11-18,3.000,0.000,1.000,0.000,3.000,pcs,orphan_foreign_key
INV01099124,ITEM2730,LOC0017,2025-11-18,3.000,0.000,1.000,0.000,3.000,pcs,orphan_foreign_key
INV01099847,ITEM0192,LOC0022,2025-11-18,3.710,0.000,0.200,0.000,3.710,kg,orphan_foreign_key
INV01100406,ITEM6886,LOC0001,2025-11-19,2.380,0.000,0.500,0.500,1.880,kg,orphan_foreign_key
INV01100865,ITEM6543,LOC0004,2025-11-19,1.000,2.000,1.000,0.000,3.000,pcs,orphan_foreign_key
INV01101545,ITEM0873,LOC0009,2025-11-19,2.000,0.000,1.000,0.000,2.000,pcs,orphan_foreign_key
INV01101848,ITEM6038,LOC0011,2025-11-19,0.940,0.000,0.620,0.500,0.440,liters,orphan_foreign_key
INV01102334,ITEM2902,LOC0015,2025-11-19,2.180,2.490,2.130,2.000,2.570,kg,orphan_foreign_key
INV01103006,ITEM1975,LOC0020,2025-11-19,3.000,0.000,2.000,1.000,2.000,pcs,orphan_foreign_key
INV01103121,ITEM5912,LOC0020,2025-11-19,1.280,0.000,0.290,0.000,1.280,liters,orphan_foreign_key
INV01103705,ITEM0960,LOC0025,2025-11-19,6.000,0.000,1.000,0.000,6.000,pcs,orphan_foreign_key
INV01103798,ITEM3062,LOC0025,2025-11-19,3.000,0.000,2.000,2.000,1.000,pcs,orphan_foreign_key
INV01103811,ITEM8706,LOC0025,2025-11-19,3.200,0.000,0.910,0.350,2.850,liters,orphan_foreign_key
INV01106113,ITEM9319,LOC0017,2025-11-20,2.000,6.000,3.000,3.000,5.000,pcs,orphan_foreign_key
INV01106128,ITEM9173,LOC0017,2025-11-20,17.000,0.000,4.000,3.000,14.000,pcs,orphan_foreign_key
INV01106142,ITEM5424,LOC0017,2025-11-20,1.600,0.000,0.020,0.000,1.600,kg,orphan_foreign_key
INV01106143,ITEM5385,LOC0017,2025-11-20,0.360,3.600,1.400,1.400,2.560,kg,orphan_foreign_key
INV01106421,ITEM1104,LOC0019,2025-11-20,0.440,0.000,0.010,0.000,0.440,kg,orphan_foreign_key
INV01106436,ITEM2799,LOC0019,2025-11-20,2.000,0.000,1.000,0.000,2.000,pcs,orphan_foreign_key
INV01106565,ITEM6316,LOC0020,2025-11-20,0.700,0.000,0.080,0.000,0.700,kg,orphan_foreign_key
INV01107191,ITEM4170,LOC0025,2025-11-20,1.170,0.000,0.120,0.000,1.170,liters,orphan_foreign_key
INV01107418,ITEM9095,LOC0001,2025-11-21,4.720,0.000,2.300,2.250,2.470,liters,orphan_foreign_key
INV01107508,ITEM8189,LOC0002,2025-11-21,7.000,0.000,1.000,0.000,7.000,pcs,orphan_foreign_key
INV01108603,ITEM1419,LOC0010,2025-11-21,0.590,0.000,0.130,0.000,0.590,kg,orphan_foreign_key
INV01108847,ITEM7665,LOC0012,2025-11-21,6.000,0.000,1.000,1.000,5.000,pcs,orphan_foreign_key
INV01109042,ITEM1421,LOC0013,2025-11-21,5.000,0.000,1.000,0.000,5.000,pcs,orphan_foreign_key
INV01109593,ITEM6981,LOC0017,2025-11-21,13.000,0.000,2.000,1.000,12.000,pcs,orphan_foreign_key
INV01109605,ITEM1998,LOC0017,2025-11-21,2.000,0.000,1.000,0.000,2.000,pcs,orphan_foreign_key
INV01109856,ITEM3027,LOC0019,2025-11-21,3.310,0.000,0.550,0.400,2.910,kg,orphan_foreign_key
INV01109859,ITEM0850,LOC0019,2025-11-21,5.330,0.000,1.770,1.600,3.730,kg,orphan_foreign_key
INV01109975,ITEM1705,LOC0020,2025-11-21,0.600,0.000,0.090,0.000,0.600,kg,orphan_foreign_key
INV01110019,ITEM5468,LOC0020,2025-11-21,2.000,6.000,3.000,3.000,5.000,pcs,orphan_foreign_key
INV01110194,ITEM5829,LOC0021,2025-11-21,1.000,0.000,0.090,0.000,1.000,liters,orphan_foreign_key
INV01110208,ITEM8150,LOC0021,2025-11-21,2.010,0.000,1.050,1.050,0.960,liters,orphan_foreign_key
INV01110440,ITEM6432,LOC0023,2025-11-21,9.000,0.000,1.000,0.000,9.000,pcs,orphan_foreign_key
INV01110746,ITEM4606,LOC0025,2025-11-21,3.000,0.000,1.000,0.000,3.000,pcs,orphan_foreign_key
INV01110802,ITEM6088,LOC0001,2025-11-22,4.000,0.000,2.000,1.000,3.000,pcs,orphan_foreign_key
INV01111059,ITEM4592,LOC0003,2025-11-22,7.000,0.000,2.000,2.000,5.000,pcs,orphan_foreign_key
INV01111646,ITEM9340,LOC0007,2025-11-22,3.630,0.000,0.740,0.300,3.040,kg,orphan_foreign_key
INV01111978,ITEM1415,LOC0009,2025-11-22,0.520,0.000,0.040,0.000,0.520,kg,orphan_foreign_key
INV01111999,ITEM1379,LOC0009,2025-11-22,3.930,0.000,1.540,1.050,2.880,liters,orphan_foreign_key
INV01112158,ITEM0582,LOC0010,2025-11-22,9.000,0.000,4.000,4.000,5.000,pcs,orphan_foreign_key
INV01112371,ITEM3203,LOC0012,2025-11-22,3.000,0.000,1.000,0.000,3.000,pcs,orphan_foreign_key
INV01112785,ITEM2214,LOC0015,2025-11-22,2.000,4.000,2.000,2.000,4.000,pcs,orphan_foreign_key
INV01112880,ITEM2200,LOC0016,2025-11-22,2.000,0.000,1.000,1.000,1.000,pcs,orphan_foreign_key
INV01113090,ITEM3364,LOC0017,2025-11-22,1.600,0.000,0.020,0.000,1.600,kg,orphan_foreign_key
INV01113260,ITEM6305,LOC0018,2025-11-22,1.550,0.000,1.050,1.050,0.500,liters,orphan_foreign_key
INV01113272,ITEM5146,LOC0018,2025-11-22,16.000,0.000,10.000,10.000,6.000,pcs,orphan_foreign_key
INV01113691,ITEM8102,LOC0021,2025-11-22,4.000,0.000,1.000,0.000,4.000,pcs,orphan_foreign_key
INV01113794,ITEM8792,LOC0022,2025-11-22,0.510,0.000,0.350,0.350,0.160,kg,orphan_foreign_key
INV01114005,ITEM7631,LOC0024,2025-11-22,2.000,0.000,1.000,0.000,2.000,pcs,orphan_foreign_key
INV01114491,ITEM9149,LOC0002,2025-11-23,3.000,0.000,2.000,1.000,2.000,pcs,orphan_foreign_key
INV01114610,ITEM1453,LOC0003,2025-11-23,2.000,4.000,2.000,2.000,4.000,pcs,orphan_foreign_key
INV01114670,ITEM2570,LOC0003,2025-11-23,10.000,0.000,2.000,0.000,10.000,pcs,orphan_foreign_key
INV01114764,ITEM2849,LOC0004,2025-11-23,1.950,0.000,0.350,0.350,1.600,kg,orphan_foreign_key
INV01114793,ITEM0575,LOC0004,2025-11-23,2.930,0.000,1.470,0.350,2.580,liters,orphan_foreign_key
INV01115036,ITEM4388,LOC0006,2025-11-23,3.000,0.000,1.000,0.000,3.000,pcs,orphan_foreign_key
INV01115086,ITEM7467,LOC0006,2025-11-23,5.000,0.000,2.000,1.000,4.000,pcs,orphan_foreign_key
INV01115171,ITEM3093,LOC0007,2025-11-23,5.000,0.000,2.000,1.000,4.000,pcs,orphan_foreign_key
INV01115573,ITEM9112,LOC0010,2025-11-23,5.000,9.000,5.000,4.000,10.000,pcs,orphan_foreign_key
INV01115823,ITEM6512,LOC0012,2025-11-23,1.120,0.000,0.140,0.000,1.080,kg,orphan_foreign_key
INV01116163,ITEM1180,LOC0014,2025-11-23,1.280,2.580,1.850,1.500,2.360,liters,orphan_foreign_key
INV01116657,ITEM0939,LOC0018,2025-11-23,2.060,0.000,0.920,0.000,2.060,kg,orphan_foreign_key
INV01116719,ITEM2396,LOC0018,2025-11-23,0.500,0.000,0.040,0.000,0.500,liters,orphan_foreign_key
INV01116829,ITEM3726,LOC0019,2025-11-23,3.000,0.000,1.000,0.000,3.000,pcs,orphan_foreign_key
INV01116930,ITEM8402,LOC0020,2025-11-23,1.960,2.520,2.100,2.100,2.380,kg,orphan_foreign_key
INV01117410,ITEM1528,LOC0023,2025-11-23,1.600,0.000,0.060,0.000,1.600,kg,orphan_foreign_key
INV01117653,ITEM2130,LOC0025,2025-11-23,6.000,0.000,1.000,0.000,6.000,pcs,orphan_foreign_key
INV01118377,ITEM7269,LOC0005,2025-11-24,0.750,0.000,0.060,0.000,0.750,kg,orphan_foreign_key
INV01119175,ITEM4605,LOC0011,2025-11-24,1.140,0.000,0.500,0.400,0.700,kg,orphan_foreign_key
INV01119178,ITEM6824,LOC0011,2025-11-24,2.000,6.000,3.000,2.000,6.000,pcs,orphan_foreign_key
INV01119255,ITEM4486,LOC0011,2025-11-24,1.000,2.000,1.000,0.000,3.000,pcs,orphan_foreign_key
INV01119288,ITEM4905,LOC0012,2025-11-24,0.310,0.510,0.300,0.300,0.520,kg,orphan_foreign_key
INV01119775,ITEM4960,LOC0015,2025-11-24,0.420,0.000,0.350,0.350,0.070,kg,orphan_foreign_key
INV01119799,ITEM7858,LOC0015,2025-11-24,0.920,0.000,0.270,0.000,0.920,liters,orphan_foreign_key
INV01120082,ITEM6523,LOC0017,2025-11-24,1.320,0.000,0.240,0.000,1.320,liters,orphan_foreign_key
INV01120214,ITEM8684,LOC0018,2025-11-24,0.650,0.000,0.170,0.000,0.650,liters,orphan_foreign_key
INV01120366,ITEM9711,LOC0019,2025-11-24,8.840,0.000,0.460,0.000,8.840,liters,orphan_foreign_key
INV01121161,ITEM2437,LOC0025,2025-11-24,2.000,0.000,1.000,0.000,2.000,pcs,orphan_foreign_key
INV01121250,ITEM2025,LOC0001,2025-11-25,4.000,0.000,1.000,0.000,4.000,pcs,orphan_foreign_key
INV01121486,ITEM3098,LOC0002,2025-11-25,1.440,2.330,1.400,1.400,2.370,liters,orphan_foreign_key
INV01121830,ITEM2099,LOC0005,2025-11-25,0.920,4.900,2.770,2.000,3.820,kg,orphan_foreign_key
INV01121974,ITEM8380,LOC0006,2025-11-25,2.010,0.000,0.400,0.400,1.610,kg,orphan_foreign_key
INV01122431,ITEM8342,LOC0009,2025-11-25,0.650,0.000,0.020,0.000,0.650,kg,orphan_foreign_key
INV01122728,ITEM8656,LOC0011,2025-11-25,2.010,0.000,0.090,0.000,2.010,liters,orphan_foreign_key
INV01123571,ITEM2043,LOC0017,2025-11-25,3.140,0.000,1.060,0.700,2.440,liters,orphan_foreign_key
INV01124124,ITEM9449,LOC0021,2025-11-25,4.000,0.000,2.000,1.000,3.000,pcs,orphan_foreign_key
INV01124741,ITEM9445,LOC0001,2025-11-26,3.000,0.000,1.000,0.000,3.000,pcs,orphan_foreign_key
INV01124869,ITEM9953,LOC0002,2025-11-26,0.860,0.000,0.120,0.000,0.860,liters,orphan_foreign_key
INV01125069,ITEM8556,LOC0003,2025-11-26,4.000,0.000,2.000,1.000,3.000,pcs,orphan_foreign_key
INV01125085,ITEM0873,LOC0003,2025-11-26,5.000,0.000,1.000,0.000,5.000,pcs,orphan_foreign_key
INV01125088,ITEM9503,LOC0003,2025-11-26,1.750,0.000,0.190,0.000,1.600,kg,orphan_foreign_key
INV01125154,ITEM7103,LOC0004,2025-11-26,0.790,0.000,0.180,0.000,0.790,liters,orphan_foreign_key
INV01125279,ITEM2793,LOC0005,2025-11-26,10.000,0.000,1.000,0.000,10.000,pcs,orphan_foreign_key
INV01125742,ITEM3565,LOC0008,2025-11-26,0.970,0.000,0.190,0.000,0.970,kg,orphan_foreign_key
INV01126072,ITEM5316,LOC0010,2025-11-26,2.000,0.000,1.000,1.000,1.000,pcs,orphan_foreign_key
INV01126296,ITEM8324,LOC0012,2025-11-26,0.680,0.000,0.140,0.000,0.680,kg,orphan_foreign_key
INV01127372,ITEM0921,LOC0020,2025-11-26,1.000,2.000,1.000,0.000,3.000,pcs,orphan_foreign_key
INV01127395,ITEM2800,LOC0020,2025-11-26,2.000,0.000,1.000,0.000,2.000,pcs,orphan_foreign_key
INV01127447,ITEM2350,LOC0020,2025-11-26,3.000,0.000,1.000,1.000,2.000,pcs,orphan_foreign_key
INV01127498,ITEM1640,LOC0020,2025-11-26,0.520,0.000,0.120,0.000,0.520,liters,orphan_foreign_key
INV01127892,ITEM2514,LOC0023,2025-11-26,3.000,0.000,1.000,0.000,3.000,pcs,orphan_foreign_key
INV01128107,ITEM1201,LOC0025,2025-11-26,1.950,0.000,0.040,0.000,1.950,kg,orphan_foreign_key
INV01128259,ITEM7569,LOC0001,2025-11-27,1.380,0.000,0.130,0.000,1.380,kg,orphan_foreign_key
INV01128897,ITEM9403,LOC0005,2025-11-27,1.850,0.000,1.470,1.050,0.800,liters,orphan_foreign_key
INV01128955,ITEM8052,LOC0006,2025-11-27,1.250,0.000,0.360,0.000,1.250,kg,orphan_foreign_key
INV01129277,ITEM2020,LOC0008,2025-11-27,0.310,2.010,1.150,1.050,1.270,kg,orphan_foreign_key
INV01129351,ITEM6748,LOC0009,2025-11-27,2.400,0.000,0.190,0.000,2.400,kg,orphan_foreign_key
INV01129675,ITEM1158,LOC0011,2025-11-27,4.000,0.000,1.000,0.000,4.000,pcs,orphan_foreign_key
INV01129703,ITEM8313,LOC0011,2025-11-27,2.000,0.000,1.000,0.000,1.000,pcs,orphan_foreign_key
INV01129777,ITEM1133,LOC0012,2025-11-27,1.720,0.000,0.110,0.000,1.720,kg,orphan_foreign_key
INV01130045,ITEM7986,LOC0014,2025-11-27,2.000,0.000,1.000,1.000,1.000,pcs,orphan_foreign_key
INV01130375,ITEM6515,LOC0016,2025-11-27,3.000,0.000,1.000,0.000,3.000,pcs,orphan_foreign_key
INV01130387,ITEM3390,LOC0016,2025-11-27,4.000,0.000,1.000,0.000,4.000,pcs,orphan_foreign_key
INV01130690,ITEM7784,LOC0018,2025-11-27,1.440,0.000,0.660,0.500,0.940,liters,orphan_foreign_key
INV01130706,ITEM9355,LOC0018,2025-11-27,0.410,0.000,0.160,0.000,0.410,liters,orphan_foreign_key
INV01130906,ITEM5360,LOC0020,2025-11-27,0.810,10.160,3.680,1.500,9.470,kg,orphan_foreign_key
INV01131216,ITEM8018,LOC0022,2025-11-27,2.000,0.000,1.000,0.000,2.000,pcs,orphan_foreign_key
INV01131884,ITEM6775,LOC0002,2025-11-28,11.700,0.000,5.830,4.500,7.200,kg,orphan_foreign_key
INV01132491,ITEM7714,LOC0006,2025-11-28,5.000,0.000,1.000,0.000,5.000,pcs,orphan_foreign_key
INV01132688,ITEM2512,LOC0007,2025-11-28,5.000,0.000,1.000,0.000,5.000,pcs,orphan_foreign_key
INV01132729,ITEM9798,LOC0008,2025-11-28,0.210,0.000,0.110,0.000,0.210,kg,orphan_foreign_key
INV01132774,ITEM7209,LOC0008,2025-11-28,0.980,2.300,1.160,1.050,2.230,kg,orphan_foreign_key
INV01133829,ITEM4415,LOC0016,2025-11-28,0.690,0.000,0.340,0.300,0.390,kg,orphan_foreign_key
INV01133886,ITEM1396,LOC0016,2025-11-28,0.350,0.370,0.350,0.350,0.370,kg,orphan_foreign_key
INV01135011,ITEM6470,LOC0024,2025-11-28,2.000,0.000,1.000,0.000,2.000,pcs,orphan_foreign_key
INV01135031,ITEM2142,LOC0024,2025-11-28,4.000,0.000,1.000,0.000,4.000,pcs,orphan_foreign_key
INV01135238,ITEM9811,LOC0001,2025-11-29,1.650,0.000,1.200,1.200,0.450,kg,orphan_foreign_key
INV01135252,ITEM3136,LOC0001,2025-11-29,2.250,5.090,3.200,3.200,4.140,kg,orphan_foreign_key
INV01135318,ITEM7746,LOC0001,2025-11-29,1.490,0.000,0.360,0.250,1.240,liters,orphan_foreign_key
INV01135419,ITEM4926,LOC0002,2025-11-29,5.000,24.000,10.000,9.000,20.000,pcs,orphan_foreign_key
INV01136276,ITEM2227,LOC0008,2025-11-29,3.000,0.000,1.000,0.000,3.000,pcs,orphan_foreign_key
INV01136370,ITEM3602,LOC0009,2025-11-29,3.000,0.000,1.000,0.000,3.000,pcs,orphan_foreign_key
INV01136615,ITEM3482,LOC0011,2025-11-29,0.120,0.760,0.340,0.300,0.580,kg,orphan_foreign_key
INV01137263,ITEM2598,LOC0015,2025-11-29,1.460,4.520,2.000,2.000,3.980,liters,orphan_foreign_key
INV01137379,ITEM2944,LOC0016,2025-11-29,0.170,0.560,0.350,0.350,0.380,kg,orphan_foreign_key
INV01138322,ITEM9145,LOC0023,2025-11-29,5.520,0.000,3.980,3.000,2.520,kg,orphan_foreign_key
INV01138376,ITEM0330,LOC0023,2025-11-29,39.000,0.000,11.000,9.000,30.000,pcs,orphan_foreign_key
INV01138572,ITEM6247,LOC0025,2025-11-29,0.300,0.510,0.300,0.300,0.510,liters,orphan_foreign_key
INV01139095,ITEM0715,LOC0003,2025-11-30,0.570,0.650,0.520,0.350,0.870,liters,orphan_foreign_key
INV01139512,ITEM7617,LOC0006,2025-11-30,2.110,7.350,3.410,3.150,6.310,liters,orphan_foreign_key
INV01139681,ITEM8185,LOC0008,2025-11-30,2.000,0.000,1.000,0.000,2.000,pcs,orphan_foreign_key
INV01139752,ITEM4007,LOC0008,2025-11-30,2.000,0.000,1.000,0.000,2.000,pcs,orphan_foreign_key
INV01139910,ITEM9788,LOC0009,2025-11-30,3.000,0.000,1.000,0.000,3.000,pcs,orphan_foreign_key
INV01140047,ITEM4292,LOC0010,2025-11-30,4.000,0.000,1.000,0.000,4.000,pcs,orphan_foreign_key
INV01140568,ITEM8104,LOC0014,2025-11-30,3.000,12.000,5.000,4.000,11.000,pcs,orphan_foreign_key
INV01141123,ITEM7022,LOC0018,2025-11-30,7.000,0.000,3.000,3.000,4.000,pcs,orphan_foreign_key
INV01141291,ITEM8431,LOC0019,2025-11-30,2.000,0.000,1.000,0.000,2.000,pcs,orphan_foreign_key
INV01141594,ITEM1037,LOC0021,2025-11-30,7.000,0.000,1.000,0.000,7.000,pcs,orphan_foreign_key
INV01141734,ITEM8830,LOC0022,2025-11-30,3.000,0.000,1.000,0.000,3.000,pcs,orphan_foreign_key
INV01142532,ITEM7169,LOC0003,2025-12-01,5.000,0.000,1.000,0.000,5.000,pcs,orphan_foreign_key
INV01143957,ITEM1511,LOC0013,2025-12-01,3.000,0.000,1.000,0.000,3.000,pcs,orphan_foreign_key
INV01144270,ITEM8030,LOC0015,2025-12-01,3.910,0.000,0.580,0.000,3.910,liters,orphan_foreign_key
INV01144421,ITEM8555,LOC0016,2025-12-01,22.000,0.000,4.000,3.000,19.000,pcs,orphan_foreign_key
INV01144666,ITEM5842,LOC0018,2025-12-01,0.390,0.520,0.350,0.350,0.560,kg,orphan_foreign_key
INV01144854,ITEM5152,LOC0019,2025-12-01,9.000,0.000,2.000,2.000,7.000,pcs,orphan_foreign_key
INV01145238,ITEM0520,LOC0022,2025-12-01,0.420,0.000,0.040,0.000,0.420,kg,orphan_foreign_key
INV01145939,ITEM4239,LOC0002,2025-12-02,0.400,0.000,0.030,0.000,0.400,kg,orphan_foreign_key
INV01146337,ITEM3757,LOC0005,2025-12-02,5.000,0.000,3.000,2.000,3.000,pcs,orphan_foreign_key
INV01146359,ITEM6606,LOC0005,2025-12-02,0.980,0.000,0.050,0.000,0.980,kg,orphan_foreign_key
INV01146687,ITEM6379,LOC0007,2025-12-02,6.000,0.000,3.000,2.000,4.000,pcs,orphan_foreign_key
INV01146866,ITEM1819,LOC0009,2025-12-02,1.920,0.000,1.450,0.500,0.610,kg,orphan_foreign_key
INV01147545,ITEM4409,LOC0014,2025-12-02,3.000,0.000,1.000,0.000,3.000,pcs,orphan_foreign_key
INV01147922,ITEM3795,LOC0016,2025-12-02,1.120,0.000,0.570,0.500,0.620,liters,orphan_foreign_key
INV01148389,ITEM6389,LOC0020,2025-12-02,0.460,1.300,0.600,0.600,1.160,liters,orphan_foreign_key
INV01148470,ITEM8976,LOC0020,2025-12-02,0.380,0.000,0.040,0.000,0.380,kg,orphan_foreign_key
INV01149353,ITEM5581,LOC0001,2025-12-03,24.000,0.000,19.000,17.000,7.000,pcs,orphan_foreign_key
INV01150108,ITEM1765,LOC0007,2025-12-03,1.470,0.000,0.600,0.600,0.870,kg,orphan_foreign_key
INV01151519,ITEM3976,LOC0017,2025-12-03,2.400,0.000,1.710,1.600,0.800,kg,orphan_foreign_key
INV01151593,ITEM2335,LOC0017,2025-12-03,0.390,0.000,0.080,0.000,0.390,liters,orphan_foreign_key
INV01152145,ITEM9549,LOC0021,2025-12-03,3.000,0.000,1.000,0.000,3.000,pcs,orphan_foreign_key
INV01152578,ITEM9552,LOC0024,2025-12-03,0.600,0.660,0.610,0.500,0.760,liters,orphan_foreign_key
INV01152960,ITEM6294,LOC0002,2025-12-04,3.000,5.000,3.000,3.000,5.000,pcs,orphan_foreign_key
INV01153190,ITEM4229,LOC0004,2025-12-04,4.000,0.000,1.000,0.000,4.000,pcs,orphan_foreign_key
INV01153977,ITEM8541,LOC0009,2025-12-04,0.830,6.040,2.300,1.400,5.470,liters,orphan_foreign_key
INV01154590,ITEM0404,LOC0014,2025-12-04,0.790,0.000,0.600,0.600,0.190,kg,orphan_foreign_key
INV01155090,ITEM3912,LOC0017,2025-12-04,2.000,0.000,1.000,0.000,2.000,pcs,orphan_foreign_key
INV01155587,ITEM8653,LOC0021,2025-12-04,2.730,0.000,0.080,0.000,2.730,kg,orphan_foreign_key
INV01155654,ITEM4387,LOC0021,2025-12-04,15.000,0.000,4.000,4.000,11.000,pcs,orphan_foreign_key
INV01155676,ITEM7330,LOC0021,2025-12-04,1.920,0.000,0.350,0.350,1.570,liters,orphan_foreign_key
INV01156374,ITEM6910,LOC0001,2025-12-05,2.220,0.000,0.750,0.750,1.470,liters,orphan_foreign_key
INV01157441,ITEM6943,LOC0009,2025-12-05,5.000,0.000,2.000,2.000,3.000,pcs,orphan_foreign_key
INV01158039,ITEM9230,LOC0013,2025-12-05,3.000,5.000,3.000,2.000,6.000,pcs,orphan_foreign_key
INV01158073,ITEM8990,LOC0013,2025-12-05,6.000,26.000,12.000,10.000,22.000,pcs,orphan_foreign_key
INV01158288,ITEM8550,LOC0015,2025-12-05,3.000,0.000,1.000,0.000,3.000,pcs,orphan_foreign_key
INV01158362,ITEM5772,LOC0015,2025-12-05,6.000,0.000,3.000,1.000,5.000,pcs,orphan_foreign_key
INV01159373,ITEM6163,LOC0023,2025-12-05,2.560,0.000,0.560,0.300,2.260,liters,orphan_foreign_key
INV01159547,ITEM9276,LOC0024,2025-12-05,3.790,0.000,0.100,0.000,3.740,kg,orphan_foreign_key
INV01159549,ITEM4776,LOC0024,2025-12-05,0.750,0.000,0.470,0.400,0.350,kg,orphan_foreign_key
INV01159676,ITEM1710,LOC0025,2025-12-05,0.550,0.000,0.050,0.000,0.550,kg,orphan_foreign_key
INV01159775,ITEM6850,LOC0025,2025-12-05,17.000,0.000,2.000,1.000,16.000,pcs,orphan_foreign_key
INV01159937,ITEM2059,LOC0002,2025-12-06,4.000,0.000,1.000,1.000,3.000,pcs,orphan_foreign_key
INV01160034,ITEM4420,LOC0002,2025-12-06,1.000,0.000,0.500,0.500,0.500,liters,orphan_foreign_key
INV01160348,ITEM5397,LOC0005,2025-12-06,8.000,0.000,1.000,0.000,8.000,pcs,orphan_foreign_key
INV01160687,ITEM9763,LOC0007,2025-12-06,2.000,0.000,1.000,0.000,2.000,pcs,orphan_foreign_key
INV01161244,ITEM2520,LOC0011,2025-12-06,5.000,0.000,1.000,0.000,5.000,pcs,orphan_foreign_key
INV01162660,ITEM3669,LOC0021,2025-12-06,5.000,0.000,2.000,2.000,3.000,pcs,orphan_foreign_key
INV01162789,ITEM8949,LOC0022,2025-12-06,2.760,0.000,0.830,0.400,2.360,kg,orphan_foreign_key
INV01163083,ITEM3275,LOC0024,2025-12-06,3.000,0.000,1.000,0.000,3.000,pcs,orphan_foreign_key
INV01163576,ITEM6243,LOC0002,2025-12-07,15.000,0.000,6.000,6.000,9.000,pcs,orphan_foreign_key
INV01164215,ITEM5476,LOC0007,2025-12-07,8.000,0.000,4.000,4.000,4.000,pcs,orphan_foreign_key
INV01164355,ITEM2773,LOC0008,2025-12-07,3.000,0.000,1.000,0.000,3.000,pcs,orphan_foreign_key
INV01164449,ITEM8452,LOC0009,2025-12-07,2.080,0.000,0.530,0.300,1.780,kg,orphan_foreign_key
INV01164503,ITEM1405,LOC0009,2025-12-07,3.000,0.000,1.000,0.000,3.000,pcs,orphan_foreign_key
INV01165417,ITEM6306,LOC0016,2025-12-07,0.470,1.150,0.600,0.300,1.320,liters,orphan_foreign_key
INV01166372,ITEM9203,LOC0022,2025-12-07,4.750,0.000,0.350,0.350,4.400,liters,orphan_foreign_key
INV01166772,ITEM1577,LOC0025,2025-12-07,3.000,0.000,1.000,0.000,3.000,pcs,orphan_foreign_key
INV01167104,ITEM1374,LOC0003,2025-12-08,11.000,0.000,3.000,2.000,9.000,pcs,orphan_foreign_key
INV01167313,ITEM2818,LOC0004,2025-12-08,4.000,10.000,5.000,5.000,9.000,pcs,orphan_foreign_key
INV01167844,ITEM3065,LOC0008,2025-12-08,0.320,0.000,0.110,0.000,0.320,kg,orphan_foreign_key
INV01168116,ITEM2348,LOC0010,2025-12-08,1.070,0.000,0.130,0.000,1.070,kg,orphan_foreign_key
INV01168310,ITEM4296,LOC0011,2025-12-08,3.000,0.000,1.000,0.000,3.000,pcs,orphan_foreign_key
INV01168513,ITEM9681,LOC0013,2025-12-08,3.000,0.000,1.000,0.000,2.000,pcs,orphan_foreign_key
INV01168624,ITEM0933,LOC0013,2025-12-08,21.000,0.000,7.000,4.000,17.000,pcs,orphan_foreign_key
INV01168631,ITEM8310,LOC0013,2025-12-08,3.000,0.000,2.000,0.000,3.000,pcs,orphan_foreign_key
INV01169534,ITEM5880,LOC0020,2025-12-08,4.000,0.000,3.160,2.500,1.210,kg,orphan_foreign_key
INV01169792,ITEM8250,LOC0022,2025-12-08,1.000,2.000,1.000,0.000,3.000,pcs,orphan_foreign_key
INV01170051,ITEM4173,LOC0023,2025-12-08,8.000,21.000,14.000,14.000,15.000,pcs,orphan_foreign_key
INV01170093,ITEM2064,LOC0024,2025-12-08,7.970,0.000,0.920,0.500,7.220,kg,orphan_foreign_key
INV01171420,ITEM4052,LOC0008,2025-12-09,5.030,10.780,6.250,6.250,9.560,liters,orphan_foreign_key
INV01171447,ITEM9403,LOC0008,2025-12-09,6.000,0.000,5.000,3.000,3.000,pcs,orphan_foreign_key
INV01171573,ITEM2659,LOC0009,2025-12-09,1.150,0.000,0.570,0.350,0.800,liters,orphan_foreign_key
INV01171649,ITEM5898,LOC0010,2025-12-09,3.000,0.000,1.000,0.000,3.000,pcs,orphan_foreign_key
INV01172046,ITEM6352,LOC0013,2025-12-09,0.500,0.000,0.140,0.000,0.500,kg,orphan_foreign_key
INV01172278,ITEM5677,LOC0014,2025-12-09,1.310,0.000,0.300,0.000,1.310,liters,orphan_foreign_key
INV01172569,ITEM8558,LOC0016,2025-12-09,20.000,0.000,6.000,6.000,14.000,pcs,orphan_foreign_key
INV01172850,ITEM6025,LOC0018,2025-12-09,13.000,49.000,29.000,26.000,36.000,pcs,orphan_foreign_key
INV01173162,ITEM0177,LOC0021,2025-12-09,1.990,0.000,0.370,0.000,1.990,liters,orphan_foreign_key
INV01173215,ITEM0172,LOC0021,2025-12-09,3.000,0.000,1.000,0.000,3.000,pcs,orphan_foreign_key
INV01173301,ITEM5819,LOC0022,2025-12-09,2.380,0.000,0.120,0.000,2.340,liters,orphan_foreign_key
INV01173526,ITEM1115,LOC0023,2025-12-09,1.210,0.000,0.050,0.000,1.210,kg,orphan_foreign_key
INV01173604,ITEM7293,LOC0024,2025-12-09,0.750,0.000,0.030,0.000,0.750,kg,orphan_foreign_key
INV01174004,ITEM7997,LOC0002,2025-12-10,2.840,0.000,0.410,0.300,2.540,liters,orphan_foreign_key
INV01174132,ITEM1597,LOC0003,2025-12-10,4.000,0.000,2.000,1.000,3.000,pcs,orphan_foreign_key
INV01174422,ITEM8648,LOC0005,2025-12-10,3.000,0.000,1.000,0.000,3.000,pcs,orphan_foreign_key
INV01175016,ITEM1852,LOC0009,2025-12-10,0.790,1.970,1.000,1.000,1.760,kg,orphan_foreign_key
INV01175361,ITEM9141,LOC0011,2025-12-10,0.090,0.000,0.040,0.000,0.090,liters,orphan_foreign_key
INV01175404,ITEM4123,LOC0012,2025-12-10,0.350,0.950,0.600,0.600,0.700,liters,orphan_foreign_key
INV01175680,ITEM4283,LOC0014,2025-12-10,3.000,0.000,1.000,0.000,3.000,pcs,orphan_foreign_key
INV01175722,ITEM2896,LOC0014,2025-12-10,0.790,2.910,1.600,1.600,2.100,kg,orphan_foreign_key
INV01175815,ITEM1377,LOC0015,2025-12-10,3.000,0.000,1.000,0.000,3.000,pcs,orphan_foreign_key
INV01176157,ITEM2913,LOC0017,2025-12-10,7.000,0.000,2.000,1.000,6.000,pcs,orphan_foreign_key
INV01176182,ITEM2582,LOC0017,2025-12-10,2.000,0.000,1.000,0.000,2.000,pcs,orphan_foreign_key
INV01177525,ITEM6368,LOC0002,2025-12-11,1.000,1.330,0.900,0.900,1.430,liters,orphan_foreign_key
INV01177770,ITEM4141,LOC0003,2025-12-11,5.320,13.480,7.460,7.000,11.800,liters,orphan_foreign_key
INV01177981,ITEM4511,LOC0005,2025-12-11,1.520,0.000,0.190,0.000,1.430,kg,orphan_foreign_key
INV01178001,ITEM0207,LOC0005,2025-12-11,11.000,0.000,8.000,6.000,5.000,pcs,orphan_foreign_key
INV01178415,ITEM4993,LOC0008,2025-12-11,3.000,0.000,1.000,0.000,3.000,pcs,orphan_foreign_key
INV01178419,ITEM1878,LOC0008,2025-12-11,6.000,0.000,1.000,0.000,6.000,pcs,orphan_foreign_key
INV01179722,ITEM4496,LOC0017,2025-12-11,2.290,0.000,1.690,1.250,1.040,liters,orphan_foreign_key
INV01179810,ITEM1487,LOC0018,2025-12-11,3.000,0.000,1.000,0.000,3.000,pcs,orphan_foreign_key
INV01179867,ITEM7006,LOC0018,2025-12-11,0.570,0.000,0.200,0.000,0.570,liters,orphan_foreign_key
INV01180529,ITEM4180,LOC0023,2025-12-11,5.000,0.000,1.000,0.000,5.000,pcs,orphan_foreign_key
INV01180841,ITEM5614,LOC0025,2025-12-11,0.590,0.000,0.030,0.000,0.590,kg,orphan_foreign_key
INV01181042,ITEM2268,LOC0002,2025-12-12,1.130,0.000,0.330,0.000,1.130,liters,orphan_foreign_key
INV01181318,ITEM4980,LOC0004,2025-12-12,2.000,3.000,2.000,2.000,3.000,pcs,orphan_foreign_key
INV01181334,ITEM9687,LOC0004,2025-12-12,4.000,0.000,1.000,1.000,3.000,pcs,orphan_foreign_key
INV01182310,ITEM6750,LOC0011,2025-12-12,0.600,0.000,0.150,0.000,0.600,kg,orphan_foreign_key
INV01183439,ITEM4707,LOC0019,2025-12-12,3.000,0.000,1.000,1.000,2.000,pcs,orphan_foreign_key
INV01183594,ITEM3062,LOC0020,2025-12-12,0.960,2.680,1.500,1.500,2.140,kg,orphan_foreign_key
INV01183595,ITEM7337,LOC0020,2025-12-12,1.140,0.000,0.080,0.000,1.140,kg,orphan_foreign_key
INV01183887,ITEM9557,LOC0022,2025-12-12,3.770,4.240,3.310,3.000,5.010,kg,orphan_foreign_key
INV01184265,ITEM8485,LOC0024,2025-12-12,3.000,0.000,1.000,0.000,3.000,pcs,orphan_foreign_key
INV01184712,ITEM8723,LOC0003,2025-12-13,4.000,0.000,1.000,0.000,4.000,pcs,orphan_foreign_key
INV01184727,ITEM8095,LOC0003,2025-12-13,3.010,7.720,4.660,4.000,6.730,kg,orphan_foreign_key
INV01185264,ITEM9658,LOC0007,2025-12-13,4.000,0.000,1.000,0.000,3.000,pcs,orphan_foreign_key
INV01185828,ITEM5817,LOC0011,2025-12-13,0.600,0.000,0.140,0.000,0.600,kg,orphan_foreign_key
INV01186267,ITEM6422,LOC0014,2025-12-13,1.440,0.000,0.300,0.000,1.440,kg,orphan_foreign_key
INV01186890,ITEM1400,LOC0018,2025-12-13,3.000,0.000,1.000,1.000,2.000,pcs,orphan_foreign_key
INV01187450,ITEM4864,LOC0022,2025-12-13,0.500,0.000,0.030,0.000,0.500,kg,orphan_foreign_key
INV01187688,ITEM3447,LOC0024,2025-12-13,0.210,0.000,0.050,0.000,0.170,kg,orphan_foreign_key
INV01188839,ITEM2187,LOC0007,2025-12-14,1.000,2.000,1.000,0.000,3.000,pcs,orphan_foreign_key
INV01188934,ITEM8531,LOC0008,2025-12-14,4.000,0.000,1.000,0.000,4.000,pcs,orphan_foreign_key
INV01188995,ITEM0319,LOC0008,2025-12-14,1.110,0.000,0.090,0.000,1.110,kg,orphan_foreign_key
INV01189192,ITEM6100,LOC0010,2025-12-14,0.210,0.000,0.070,0.000,0.210,liters,orphan_foreign_key
INV01189242,ITEM4903,LOC0010,2025-12-14,2.000,0.000,1.000,0.000,2.000,pcs,orphan_foreign_key
INV01189399,ITEM9108,LOC0011,2025-12-14,2.000,0.000,1.000,0.000,2.000,pcs,orphan_foreign_key
INV01189510,ITEM4495,LOC0012,2025-12-14,0.500,0.000,0.140,0.000,0.500,kg,orphan_foreign_key
INV01189786,ITEM5798,LOC0014,2025-12-14,2.710,0.000,0.400,0.000,2.710,kg,orphan_foreign_key
INV01190038,ITEM9184,LOC0016,2025-12-14,2.000,6.000,3.000,2.000,6.000,pcs,orphan_foreign_key
INV01190311,ITEM3706,LOC0018,2025-12-14,2.000,4.000,2.000,1.000,5.000,pcs,orphan_foreign_key
INV01191174,ITEM2871,LOC0024,2025-12-14,0.580,0.000,0.020,0.000,0.580,liters,orphan_foreign_key
INV01191295,ITEM7743,LOC0024,2025-12-14,6.000,0.000,1.000,0.000,6.000,pcs,orphan_foreign_key
INV01191385,ITEM5781,LOC0025,2025-12-14,2.000,4.000,2.000,2.000,4.000,pcs,orphan_foreign_key
INV01191503,ITEM2718,LOC0001,2025-12-15,2.000,4.000,2.000,2.000,4.000,pcs,orphan_foreign_key
INV01191536,ITEM4344,LOC0001,2025-12-15,1.030,0.000,0.030,0.000,1.030,kg,orphan_foreign_key
INV01192079,ITEM8994,LOC0005,2025-12-15,5.000,0.000,1.000,0.000,5.000,pcs,orphan_foreign_key
INV01192231,ITEM4542,LOC0006,2025-12-15,1.000,2.000,1.000,0.000,3.000,pcs,orphan_foreign_key
INV01192477,ITEM9111,LOC0008,2025-12-15,2.370,0.000,0.780,0.400,1.970,kg,orphan_foreign_key
INV01192719,ITEM1309,LOC0010,2025-12-15,2.000,0.000,1.000,1.000,1.000,pcs,orphan_foreign_key
INV01192765,ITEM0412,LOC0010,2025-12-15,4.000,0.000,1.000,0.000,4.000,pcs,orphan_foreign_key
INV01193140,ITEM9034,LOC0013,2025-12-15,2.000,0.000,1.000,0.000,2.000,pcs,orphan_foreign_key
INV01193215,ITEM8444,LOC0013,2025-12-15,1.280,0.000,0.050,0.000,1.280,kg,orphan_foreign_key
INV01193354,ITEM3163,LOC0014,2025-12-15,1.030,0.000,0.040,0.000,1.030,kg,orphan_foreign_key
INV01193584,ITEM3753,LOC0016,2025-12-15,1.240,0.000,0.240,0.000,1.240,kg,orphan_foreign_key
INV01193718,ITEM5984,LOC0017,2025-12-15,1.290,0.000,0.900,0.900,0.390,kg,orphan_foreign_key
INV01193792,ITEM3694,LOC0017,2025-12-15,3.000,5.000,3.000,3.000,5.000,pcs,orphan_foreign_key
INV01194121,ITEM0201,LOC0020,2025-12-15,11.000,0.000,2.000,1.000,10.000,pcs,orphan_foreign_key
INV01194209,ITEM1815,LOC0020,2025-12-15,2.000,0.000,1.000,0.000,2.000,pcs,orphan_foreign_key
INV01194300,ITEM4310,LOC0021,2025-12-15,1.190,0.000,0.100,0.000,1.190,kg,orphan_foreign_key
INV01194631,ITEM6744,LOC0023,2025-12-15,2.590,0.000,0.700,0.700,1.890,kg,orphan_foreign_key
INV01195272,ITEM8784,LOC0003,2025-12-16,1.870,0.000,0.460,0.300,1.570,kg,orphan_foreign_key
INV01195439,ITEM7643,LOC0004,2025-12-16,1.040,2.990,2.000,2.000,2.030,kg,orphan_foreign_key
INV01195503,ITEM6040,LOC0004,2025-12-16,2.040,3.850,2.070,1.750,4.140,liters,orphan_foreign_key
INV01195775,ITEM6488,LOC0006,2025-12-16,1.290,0.000,0.750,0.750,0.540,liters,orphan_foreign_key
INV01196168,ITEM2720,LOC0009,2025-12-16,0.810,0.000,0.040,0.000,0.810,kg,orphan_foreign_key
INV01197604,ITEM0174,LOC0019,2025-12-16,1.260,1.760,1.400,1.400,1.620,liters,orphan_foreign_key
INV01198190,ITEM3706,LOC0023,2025-12-16,17.000,0.000,6.000,5.000,12.000,pcs,orphan_foreign_key
INV01198255,ITEM6845,LOC0024,2025-12-16,1.110,0.000,0.190,0.000,1.110,kg,orphan_foreign_key
INV01198438,ITEM9682,LOC0025,2025-12-16,2.000,0.000,1.000,0.000,2.000,pcs,orphan_foreign_key
INV01198597,ITEM5995,LOC0001,2025-12-17,2.060,3.650,1.990,1.400,4.310,liters,orphan_foreign_key
INV01198734,ITEM8724,LOC0002,2025-12-17,2.250,4.090,2.570,2.450,3.890,liters,orphan_foreign_key
INV01198755,ITEM1426,LOC0002,2025-12-17,14.000,0.000,2.000,1.000,13.000,pcs,orphan_foreign_key
INV01198797,ITEM4425,LOC0003,2025-12-17,0.950,0.000,0.520,0.300,0.650,kg,orphan_foreign_key
INV01199118,ITEM0660,LOC0005,2025-12-17,6.000,0.000,3.000,2.000,3.000,pcs,orphan_foreign_key
INV01199449,ITEM3250,LOC0007,2025-12-17,1.160,0.000,0.700,0.700,0.460,liters,orphan_foreign_key
INV01199582,ITEM0693,LOC0008,2025-12-17,6.820,0.000,1.710,0.350,6.470,liters,orphan_foreign_key
INV01199635,ITEM4621,LOC0009,2025-12-17,3.030,0.000,0.360,0.000,3.030,kg,orphan_foreign_key
INV01199826,ITEM8983,LOC0010,2025-12-17,0.560,0.000,0.070,0.000,0.560,kg,orphan_foreign_key
INV01200461,ITEM7063,LOC0015,2025-12-17,3.000,0.000,1.000,0.000,3.000,pcs,orphan_foreign_key
INV01201025,ITEM7678,LOC0019,2025-12-17,1.000,2.000,1.000,0.000,3.000,pcs,orphan_foreign_key
INV01201140,ITEM5215,LOC0019,2025-12-17,4.000,0.000,1.000,0.000,4.000,pcs,orphan_foreign_key
INV01201308,ITEM8561,LOC0021,2025-12-17,3.000,0.000,1.000,0.000,3.000,pcs,orphan_foreign_key
INV01201331,ITEM0609,LOC0021,2025-12-17,4.470,0.000,1.670,1.000,3.470,kg,orphan_foreign_key
INV01201365,ITEM8741,LOC0021,2025-12-17,3.000,0.000,1.000,0.000,3.000,pcs,orphan_foreign_key
INV01201444,ITEM4643,LOC0022,2025-12-17,0.460,0.000,0.020,0.000,0.460,liters,orphan_foreign_key
INV01201456,ITEM2701,LOC0022,2025-12-17,3.000,0.000,1.000,0.000,3.000,pcs,orphan_foreign_key
INV01201570,ITEM8626,LOC0022,2025-12-17,6.000,0.000,1.000,0.000,6.000,pcs,orphan_foreign_key
INV01202877,ITEM7459,LOC0007,2025-12-18,1.020,0.000,0.090,0.000,1.020,kg,orphan_foreign_key
INV01202998,ITEM5506,LOC0008,2025-12-18,3.140,0.000,0.740,0.600,2.540,liters,orphan_foreign_key
INV01203050,ITEM4840,LOC0008,2025-12-18,6.000,0.000,1.000,0.000,6.000,pcs,orphan_foreign_key
INV01203569,ITEM7218,LOC0012,2025-12-18,1.390,0.000,0.060,0.000,1.390,kg,orphan_foreign_key
INV01204342,ITEM2946,LOC0017,2025-12-18,2.000,0.000,1.000,0.000,2.000,pcs,orphan_foreign_key
INV01204837,ITEM2011,LOC0021,2025-12-18,0.990,0.000,0.150,0.000,0.990,kg,orphan_foreign_key
INV01205002,ITEM9969,LOC0022,2025-12-18,1.210,0.000,0.820,0.800,0.410,kg,orphan_foreign_key
INV01205017,ITEM6059,LOC0022,2025-12-18,6.000,0.000,1.000,0.000,6.000,pcs,orphan_foreign_key
INV01205118,ITEM9731,LOC0023,2025-12-18,5.780,0.000,1.460,0.600,5.180,kg,orphan_foreign_key
INV01205154,ITEM0768,LOC0023,2025-12-18,10.000,0.000,8.000,8.000,2.000,pcs,orphan_foreign_key
INV01205418,ITEM9728,LOC0025,2025-12-18,11.000,0.000,3.040,1.500,8.340,kg,orphan_foreign_key
INV01205656,ITEM8585,LOC0002,2025-12-19,4.000,0.000,3.000,3.000,1.000,pcs,orphan_foreign_key
INV01206006,ITEM1234,LOC0004,2025-12-19,6.000,0.000,2.000,2.000,4.000,pcs,orphan_foreign_key
INV01206634,ITEM6367,LOC0009,2025-12-19,6.000,0.000,1.000,1.000,5.000,pcs,orphan_foreign_key
INV01206881,ITEM2529,LOC0010,2025-12-19,0.470,0.000,0.020,0.000,0.470,liters,orphan_foreign_key
INV01206951,ITEM8977,LOC0011,2025-12-19,3.020,0.000,0.210,0.000,3.020,kg,orphan_foreign_key
INV01207139,ITEM6861,LOC0012,2025-12-19,2.070,0.000,0.080,0.000,2.070,kg,orphan_foreign_key
INV01207581,ITEM2540,LOC0015,2025-12-19,2.000,0.000,1.000,0.000,2.000,pcs,orphan_foreign_key
INV01208190,ITEM3240,LOC0020,2025-12-19,3.000,5.000,3.000,2.000,6.000,pcs,orphan_foreign_key
INV01209011,ITEM6867,LOC0025,2025-12-19,1.050,2.080,1.050,1.050,2.080,liters,orphan_foreign_key
INV01209913,ITEM8540,LOC0007,2025-12-20,0.720,0.000,0.300,0.300,0.420,kg,orphan_foreign_key
INV01210096,ITEM2507,LOC0008,2025-12-20,6.000,0.000,1.000,0.000,6.000,pcs,orphan_foreign_key
INV01210669,ITEM6575,LOC0012,2025-12-20,3.000,0.000,1.000,0.000,3.000,pcs,orphan_foreign_key
INV01210890,ITEM6661,LOC0014,2025-12-20,5.620,0.000,0.530,0.000,5.620,kg,orphan_foreign_key
INV01211070,ITEM5350,LOC0015,2025-12-20,5.000,0.000,1.000,0.000,5.000,pcs,orphan_foreign_key
INV01211426,ITEM4301,LOC0018,2025-12-20,5.000,0.000,1.000,0.000,5.000,pcs,orphan_foreign_key
INV01211922,ITEM9468,LOC0021,2025-12-20,4.000,0.000,1.000,0.000,4.000,pcs,orphan_foreign_key
INV01212089,ITEM1004,LOC0022,2025-12-20,8.000,0.000,5.000,5.000,3.000,pcs,orphan_foreign_key
INV01212251,ITEM5854,LOC0023,2025-12-20,0.590,0.000,0.450,0.000,0.590,liters,orphan_foreign_key
INV01212582,ITEM4585,LOC0001,2025-12-21,2.130,0.000,1.500,1.500,0.630,kg,orphan_foreign_key
INV01212752,ITEM2793,LOC0002,2025-12-21,4.000,7.000,4.000,4.000,7.000,pcs,orphan_foreign_key
INV01213281,ITEM2750,LOC0006,2025-12-21,1.700,0.000,0.080,0.000,1.700,kg,orphan_foreign_key
INV01214085,ITEM0357,LOC0011,2025-12-21,7.000,20.000,13.000,12.000,15.000,pcs,orphan_foreign_key
INV01214891,ITEM0628,LOC0017,2025-12-21,7.000,17.000,8.000,6.000,18.000,pcs,orphan_foreign_key
INV01215393,ITEM6341,LOC0021,2025-12-21,0.410,0.000,0.080,0.000,0.410,kg,orphan_foreign_key
INV01216124,ITEM6831,LOC0001,2025-12-22,0.760,0.000,0.330,0.000,0.760,kg,orphan_foreign_key
INV01216151,ITEM6954,LOC0001,2025-12-22,2.000,0.000,1.000,0.000,2.000,pcs,orphan_foreign_key
INV01216434,ITEM2200,LOC0003,2025-12-22,2.000,10.000,4.000,3.000,9.000,pcs,orphan_foreign_key
INV01216489,ITEM2218,LOC0003,2025-12-22,15.000,0.000,8.000,8.000,7.000,pcs,orphan_foreign_key
INV01216523,ITEM5629,LOC0004,2025-12-22,2.170,0.000,0.630,0.600,1.570,kg,orphan_foreign_key
INV01216981,ITEM9923,LOC0007,2025-12-22,2.000,4.000,2.000,1.000,5.000,pcs,orphan_foreign_key
INV01217049,ITEM8810,LOC0007,2025-12-22,88.000,0.000,13.000,11.000,77.000,pcs,orphan_foreign_key
INV01217348,ITEM2547,LOC0010,2025-12-22,3.000,0.000,1.000,0.000,3.000,pcs,orphan_foreign_key
INV01217787,ITEM2004,LOC0013,2025-12-22,2.330,5.340,2.860,1.500,5.080,kg,orphan_foreign_key
INV01218088,ITEM2724,LOC0015,2025-12-22,5.000,0.000,1.000,0.000,5.000,pcs,orphan_foreign_key
INV01218201,ITEM1186,LOC0016,2025-12-22,0.570,0.870,0.540,0.300,1.140,kg,orphan_foreign_key
INV01218386,ITEM3873,LOC0017,2025-12-22,6.000,0.000,1.000,1.000,5.000,pcs,orphan_foreign_key
INV01219085,ITEM1972,LOC0022,2025-12-22,20.000,0.000,2.000,0.000,20.000,pcs,orphan_foreign_key
INV01219282,ITEM3908,LOC0023,2025-12-22,5.980,0.000,3.420,3.150,2.830,liters,orphan_foreign_key
INV01219359,ITEM9575,LOC0024,2025-12-22,0.670,0.000,0.110,0.000,0.670,kg,orphan_foreign_key
INV01219764,ITEM5652,LOC0002,2025-12-23,3.760,0.000,1.580,0.500,3.260,kg,orphan_foreign_key
INV01220165,ITEM2855,LOC0005,2025-12-23,2.300,0.000,0.110,0.000,2.300,liters,orphan_foreign_key
INV01220173,ITEM8839,LOC0005,2025-12-23,12.000,0.000,1.000,0.000,11.000,pcs,orphan_foreign_key
INV01220232,ITEM0441,LOC0005,2025-12-23,6.000,0.000,1.000,0.000,6.000,pcs,orphan_foreign_key
INV01220401,ITEM8547,LOC0006,2025-12-23,1.470,0.000,0.260,0.250,1.220,liters,orphan_foreign_key
INV01220570,ITEM5191,LOC0007,2025-12-23,6.000,0.000,5.000,3.000,3.000,pcs,orphan_foreign_key
INV01220677,ITEM1053,LOC0008,2025-12-23,1.340,3.210,1.550,1.500,3.050,liters,orphan_foreign_key
INV01220732,ITEM3929,LOC0009,2025-12-23,0.500,1.190,0.620,0.600,1.090,kg,orphan_foreign_key
INV01221135,ITEM8635,LOC0012,2025-12-23,2.000,0.000,1.000,0.000,2.000,pcs,orphan_foreign_key
INV01221468,ITEM6980,LOC0014,2025-12-23,2.000,0.000,1.000,0.000,2.000,pcs,orphan_foreign_key
INV01222348,ITEM7046,LOC0020,2025-12-23,0.840,0.000,0.110,0.000,0.840,kg,orphan_foreign_key
INV01222619,ITEM9209,LOC0022,2025-12-23,4.000,0.000,1.000,0.000,4.000,pcs,orphan_foreign_key
INV01223137,ITEM1611,LOC0001,2025-12-24,0.340,0.000,0.100,0.000,0.340,kg,orphan_foreign_key
INV01223283,ITEM8757,LOC0002,2025-12-24,3.620,0.000,0.430,0.000,3.620,kg,orphan_foreign_key
INV01223777,ITEM5530,LOC0005,2025-12-24,1.790,0.000,0.120,0.000,1.790,liters,orphan_foreign_key
INV01224339,ITEM8014,LOC0009,2025-12-24,0.670,1.250,0.700,0.700,1.220,liters,orphan_foreign_key
INV01224498,ITEM4199,LOC0010,2025-12-24,11.000,0.000,3.000,0.000,11.000,pcs,orphan_foreign_key
INV01225248,ITEM4670,LOC0016,2025-12-24,1.190,0.000,0.750,0.000,1.190,kg,orphan_foreign_key
INV01225764,ITEM2865,LOC0019,2025-12-24,2.000,9.000,4.000,3.000,8.000,pcs,orphan_foreign_key
INV01225778,ITEM8750,LOC0020,2025-12-24,4.000,0.000,1.000,0.000,4.000,pcs,orphan_foreign_key
INV01226020,ITEM8351,LOC0021,2025-12-24,6.000,0.000,1.000,0.000,6.000,pcs,orphan_foreign_key
INV01226176,ITEM2636,LOC0022,2025-12-24,13.790,0.000,2.870,1.750,12.040,liters,orphan_foreign_key
INV01226440,ITEM0964,LOC0024,2025-12-24,4.000,0.000,2.000,2.000,2.000,pcs,orphan_foreign_key
INV01227901,ITEM7821,LOC0010,2025-12-25,4.000,0.000,2.000,2.000,2.000,pcs,orphan_foreign_key
INV01228338,ITEM5353,LOC0013,2025-12-25,2.980,0.000,0.120,0.000,2.980,kg,orphan_foreign_key
INV01229243,ITEM3365,LOC0019,2025-12-25,0.890,0.000,0.010,0.000,0.890,kg,orphan_foreign_key
INV01229399,ITEM4587,LOC0020,2025-12-25,6.000,0.000,1.000,0.000,6.000,pcs,orphan_foreign_key
INV01229654,ITEM8334,LOC0022,2025-12-25,9.000,11.000,9.000,8.000,12.000,pcs,orphan_foreign_key
INV01230133,ITEM7884,LOC0025,2025-12-25,25.000,0.000,6.000,3.000,22.000,pcs,orphan_foreign_key
INV01230822,ITEM6462,LOC0005,2025-12-26,0.540,0.000,0.380,0.350,0.190,liters,orphan_foreign_key
INV01230846,ITEM9280,LOC0006,2025-12-26,3.000,6.000,3.000,3.000,6.000,pcs,orphan_foreign_key
INV01231110,ITEM7439,LOC0007,2025-12-26,0.490,0.000,0.090,0.000,0.490,liters,orphan_foreign_key
INV01231206,ITEM2882,LOC0008,2025-12-26,2.000,6.000,3.000,2.000,6.000,pcs,orphan_foreign_key
INV01231614,ITEM4584,LOC0011,2025-12-26,3.000,9.000,4.000,3.000,9.000,pcs,orphan_foreign_key
INV01231743,ITEM3968,LOC0012,2025-12-26,2.000,3.000,2.000,1.000,4.000,pcs,orphan_foreign_key
INV01232109,ITEM8337,LOC0015,2025-12-26,1.660,0.000,1.340,1.200,0.460,liters,orphan_foreign_key
INV01232200,ITEM9168,LOC0015,2025-12-26,2.000,0.000,1.000,0.000,2.000,pcs,orphan_foreign_key
INV01232503,ITEM4276,LOC0017,2025-12-26,1.440,0.000,0.350,0.000,1.180,liters,orphan_foreign_key
INV01232784,ITEM7531,LOC0019,2025-12-26,10.250,0.000,1.090,0.350,9.900,liters,orphan_foreign_key
INV01233878,ITEM0929,LOC0002,2025-12-27,2.000,0.000,1.000,0.000,2.000,pcs,orphan_foreign_key
INV01233952,ITEM8307,LOC0003,2025-12-27,0.620,0.720,0.640,0.600,0.740,liters,orphan_foreign_key
INV01234051,ITEM0853,LOC0003,2025-12-27,0.130,0.000,0.090,0.000,0.130,liters,orphan_foreign_key
INV01234116,ITEM6741,LOC0004,2025-12-27,0.790,0.000,0.170,0.000,0.790,kg,orphan_foreign_key
INV01234198,ITEM0192,LOC0004,2025-12-27,13.130,0.000,3.150,2.100,11.030,liters,orphan_foreign_key
INV01234251,ITEM8106,LOC0005,2025-12-27,0.820,3.400,2.040,1.800,2.420,kg,orphan_foreign_key
INV01234502,ITEM2561,LOC0006,2025-12-27,6.000,0.000,2.000,0.000,6.000,pcs,orphan_foreign_key
INV01234625,ITEM4426,LOC0007,2025-12-27,0.870,0.000,0.300,0.000,0.870,liters,orphan_foreign_key
INV01235334,ITEM5027,LOC0012,2025-12-27,8.000,0.000,3.000,1.000,7.000,pcs,orphan_foreign_key
INV01235337,ITEM3385,LOC0013,2025-12-27,11.000,0.000,3.000,1.000,10.000,pcs,orphan_foreign_key
INV01235704,ITEM6857,LOC0015,2025-12-27,2.000,0.000,1.000,1.000,1.000,pcs,orphan_foreign_key
INV01236008,ITEM1730,LOC0017,2025-12-27,5.000,0.000,2.000,2.000,3.000,pcs,orphan_foreign_key
INV01236013,ITEM9294,LOC0017,2025-12-27,0.680,0.000,0.030,0.000,0.680,liters,orphan_foreign_key
INV01236203,ITEM2345,LOC0019,2025-12-27,4.000,0.000,1.000,0.000,4.000,pcs,orphan_foreign_key
INV01236338,ITEM6625,LOC0020,2025-12-27,3.050,0.000,0.320,0.000,3.050,liters,orphan_foreign_key
INV01236985,ITEM9675,LOC0024,2025-12-27,0.670,0.000,0.040,0.000,0.670,kg,orphan_foreign_key
INV01237449,ITEM6389,LOC0002,2025-12-28,24.000,0.000,9.000,9.000,15.000,pcs,orphan_foreign_key
INV01237523,ITEM2499,LOC0003,2025-12-28,29.000,0.000,9.000,7.000,20.000,pcs,orphan_foreign_key
INV01238924,ITEM9679,LOC0013,2025-12-28,3.000,0.000,2.000,1.000,2.000,pcs,orphan_foreign_key
INV01239143,ITEM9535,LOC0015,2025-12-28,2.000,0.000,1.000,0.000,2.000,pcs,orphan_foreign_key
INV01239214,ITEM7583,LOC0015,2025-12-28,3.000,0.000,1.000,0.000,3.000,pcs,orphan_foreign_key
INV01239656,ITEM4579,LOC0018,2025-12-28,18.000,0.000,4.000,2.000,16.000,pcs,orphan_foreign_key
INV01239918,ITEM4805,LOC0020,2025-12-28,25.000,0.000,11.000,8.000,17.000,pcs,orphan_foreign_key
INV01240065,ITEM0261,LOC0021,2025-12-28,4.000,0.000,1.000,0.000,4.000,pcs,orphan_foreign_key
INV01240969,ITEM2592,LOC0002,2025-12-29,8.000,0.000,5.000,3.000,5.000,pcs,orphan_foreign_key
INV01241540,ITEM1741,LOC0007,2025-12-29,3.000,0.000,2.000,0.000,3.000,pcs,orphan_foreign_key
INV01241885,ITEM7475,LOC0009,2025-12-29,2.000,0.000,1.000,0.000,2.000,pcs,orphan_foreign_key
INV01242131,ITEM1724,LOC0011,2025-12-29,1.020,0.000,0.580,0.500,0.520,kg,orphan_foreign_key
INV01242326,ITEM3196,LOC0012,2025-12-29,0.560,0.000,0.400,0.350,0.210,kg,orphan_foreign_key
INV01243378,ITEM1432,LOC0020,2025-12-29,1.340,0.000,0.310,0.000,1.340,liters,orphan_foreign_key
INV01243890,ITEM2046,LOC0023,2025-12-29,2.000,0.000,1.000,0.000,2.000,pcs,orphan_foreign_key
INV01243921,ITEM3030,LOC0023,2025-12-29,12.000,0.000,3.000,0.000,11.000,pcs,orphan_foreign_key
INV01244104,ITEM2986,LOC0025,2025-12-29,1.530,0.000,0.150,0.000,1.530,kg,orphan_foreign_key
INV01244171,ITEM9071,LOC0025,2025-12-29,4.000,0.000,1.000,0.000,4.000,pcs,orphan_foreign_key
INV01244334,ITEM0709,LOC0001,2025-12-30,1.400,0.000,0.300,0.000,1.400,liters,orphan_foreign_key
INV01244399,ITEM6205,LOC0002,2025-12-30,1.760,0.000,0.170,0.000,1.760,kg,orphan_foreign_key
INV01244739,ITEM7788,LOC0004,2025-12-30,16.000,0.000,8.000,6.000,10.000,pcs,orphan_foreign_key
INV01245228,ITEM3010,LOC0008,2025-12-30,0.710,1.140,0.640,0.600,1.250,kg,orphan_foreign_key
INV01245426,ITEM8951,LOC0009,2025-12-30,9.000,0.000,1.000,0.000,9.000,pcs,orphan_foreign_key
INV01245439,ITEM0967,LOC0009,2025-12-30,0.600,0.000,0.100,0.000,0.600,liters,orphan_foreign_key
INV01246068,ITEM7161,LOC0014,2025-12-30,1.100,1.590,1.280,1.200,1.490,kg,orphan_foreign_key
INV01246802,ITEM6713,LOC0019,2025-12-30,6.000,11.000,6.000,6.000,11.000,pcs,orphan_foreign_key
INV01247119,ITEM9613,LOC0021,2025-12-30,0.600,0.000,0.440,0.350,0.250,kg,orphan_foreign_key
INV01247222,ITEM1677,LOC0022,2025-12-30,3.280,0.000,0.370,0.000,3.280,kg,orphan_foreign_key
INV01247720,ITEM8607,LOC0025,2025-12-30,5.000,0.000,2.000,0.000,5.000,pcs,orphan_foreign_key
INV01247933,ITEM7360,LOC0002,2025-12-31,7.000,0.000,2.000,1.000,6.000,pcs,orphan_foreign_key
INV01247953,ITEM3913,LOC0002,2025-12-31,4.000,0.000,1.000,0.000,4.000,pcs,orphan_foreign_key
INV01248562,ITEM0294,LOC0006,2025-12-31,1.890,0.000,0.030,0.000,1.890,liters,orphan_foreign_key
INV01248584,ITEM2721,LOC0007,2025-12-31,4.000,0.000,1.000,0.000,4.000,pcs,orphan_foreign_key
INV01249124,ITEM9322,LOC0010,2025-12-31,10.000,0.000,6.000,6.000,4.000,pcs,orphan_foreign_key
INV01249286,ITEM3237,LOC0012,2025-12-31,1.150,0.000,0.300,0.300,0.850,liters,orphan_foreign_key
INV01250037,ITEM3507,LOC0017,2025-12-31,5.000,0.000,1.000,0.000,5.000,pcs,orphan_foreign_key
INV01250421,ITEM6902,LOC0020,2025-12-31,5.000,0.000,1.000,0.000,5.000,pcs,orphan_foreign_key
INV01250899,ITEM9947,LOC0023,2025-12-31,3.000,9.000,4.000,3.000,9.000,pcs,orphan_foreign_key
