order_id,customer_id,location_id,order_datetime,order_channel,order_status,promotion_id,subtotal,discount_amount,tax_amount,total_amount,payment_method,quarantine_reason
ORD00000091,CUST0011892,LOC0015,2025-01-01 13:02:55,Website,Completed,,4720.00,0.00,755.20,5475.20,Online,orphan_foreign_key
ORD00000106,,LOC0017,2025-01-01 13:23:45,App,Completed,PROMO001,14380.00,2157.00,1955.68,14178.68,Online,missing_value
ORD00000178,,LOC0013,2025-01-01 16:51:18,Dine-in,Completed,,3960.00,0.00,594.00,4554.00,Cash,missing_value
ORD00000275,CUST0044901,LOC0003,2025-01-01 20:07:38,Takeaway,Completed,,1745.00,0.00,261.75,2006.75,Wallet,orphan_foreign_key
ORD00000326,CUST0044691,LOC5771,2025-01-01 21:11:37,Takeaway,Completed,,2750.00,0.00,412.50,3162.50,Cash,invalid_restaurant_id
ORD00000423,CUST0052741,LOC0014,2031-07-22 13:15:00,App,Completed,,8670.00,0.00,1300.50,9970.50,Online,invalid_date
ORD00000424,,LOC0023,2025-01-02 00:28:04,Dine-in,Completed,,4310.00,0.00,646.50,4956.50,Cash,missing_value
ORD00000509,,LOC0012,2025-01-02 12:59:19,Dine-in,Completed,PROMO001,16400.00,2460.00,2091.00,16031.00,Card,missing_value
ORD00000622,CUST2648069,LOC0012,2025-01-02 16:33:25,Takeaway,Completed,PROMO001,7730.00,1159.50,985.58,7556.08,Cash,orphan_foreign_key
ORD00000705,CUST8176693,LOC0009,2025-01-02 19:55:44,Dine-in,Cancelled,PROMO001,12100.00,1815.00,1645.60,11930.60,Wallet,orphan_foreign_key
ORD00001149,,LOC0023,2025-01-03 17:50:29,Dine-in,Completed,,7940.00,0.00,1191.00,9131.00,Cash,missing_value
ORD00001256,CUST0024692,LOC0003,2025-01-03 20:04:50,Dine-in,Completed,,11540.00,26187.31,1731.00,13271.00,Card,discount_exceeds_subtotal
ORD00001417,CUST0030462,LOC6570,2025-01-03 22:19:10,Takeaway,Completed,PROMO001,2790.00,418.50,355.72,2727.22,Wallet,invalid_restaurant_id
ORD00001444,CUST0013375,LOC0012,2025-01-03 22:51:28,App,Completed,PROMO001,7610.00,1141.50,970.28,7438.78,Card,orphan_foreign_key
ORD00001545,,LOC0014,2025-01-04 12:22:15,Website,Completed,,4920.00,0.00,738.00,5658.00,Online,missing_value
ORD00001736,,LOC0008,2025-01-04 14:58:25,Dine-in,Completed,,8965.00,0.00,1434.40,10399.40,Cash,missing_value
ORD00001788,,LOC0017,2025-01-04 17:10:30,App,Completed,PROMO001,5275.00,791.25,717.40,5201.15,Online,missing_value
ORD00001799,,LOC0024,2025-01-04 17:36:28,Takeaway,Completed,,9470.00,0.00,1515.20,10985.20,Wallet,missing_value
ORD00002006,CUST0015496,LOC0001,2025-01-04 21:09:07,Dine-in,Completed,,6870.00,0.00,1030.50,7900.50,Card,orphan_foreign_key
ORD00002132,CUST0011232,LOC0020,2025-01-04 22:40:52,ThirdPartyDelivery,Completed,,4500.00,0.00,675.00,5175.00,Online,orphan_foreign_key
ORD00002160,CUST0050495,LOC0012,1900-01-01 14:26:00,Dine-in,Completed,,5980.00,0.00,897.00,6877.00,Cash,invalid_date
ORD00002471,,LOC0006,2025-01-05 17:42:45,Dine-in,Completed,,7450.00,0.00,1117.50,8567.50,Card,missing_value
ORD00002595,,LOC0001,2025-01-05 20:07:57,Dine-in,Completed,PROMO001,3500.00,525.00,446.25,3421.25,Card,missing_value
ORD00002669,,LOC0017,2025-01-05 21:01:32,App,Completed,PROMO001,5340.00,801.00,726.24,5265.24,Cash,missing_value
ORD00002696,CUST0042676,LOC0018,2025-01-05 21:18:25,Takeaway,Completed,PROMO001,8950.00,12845.08,1217.20,8824.70,Card,discount_exceeds_subtotal
ORD00002931,CUST0023060,LOC0023,2025-01-06 14:00:14,App,Completed,,6060.00,8744.80,909.00,6969.00,Online,discount_exceeds_subtotal
ORD00002995,CUST0008045,LOC0007,2025-01-06 17:01:26,Dine-in,Completed,,2705.00,0.00,432.80,3137.80,Cash,orphan_foreign_key
ORD00003157,CUST0045758,LOC0003,2025-01-06 21:09:27,ThirdPartyDelivery,Completed,,5320.00,0.00,798.00,6118.00,Online,orphan_foreign_key
ORD00003317,CUST0011160,LOC0015,2025-01-07 12:24:24,Dine-in,Completed,PROMO001,8420.00,1263.00,1145.12,8302.12,Cash,orphan_foreign_key
ORD00003341,CUST0052543,LOC0023,2025-01-07 12:58:33,App,Completed,,9050.00,0.00,1357.50,10407.50,Card,orphan_foreign_key
ORD00003388,CUST0012671,LOC0014,2025-01-07 14:03:14,ThirdPartyDelivery,Completed,,1050.00,2545.25,157.50,1207.50,Online,discount_exceeds_subtotal
ORD00003432,,LOC0021,2025-01-07 16:53:18,Takeaway,Completed,PROMO001,3900.00,585.00,497.25,3812.25,Wallet,missing_value
ORD00003564,CUST0034456,LOC0003,2025-01-07 20:38:41,Takeaway,Completed,,3420.00,0.00,513.00,3933.00,Cash,orphan_foreign_key
ORD00004330,CUST0052272,LOC0020,,ThirdPartyDelivery,Completed,,2830.00,0.00,424.50,3254.50,Cash,invalid_date
ORD00004570,CUST0021082,LOC0886,2025-01-09 22:17:01,App,Completed,,9750.00,0.00,1560.00,11310.00,Online,invalid_restaurant_id
ORD00004673,CUST0029237,LOC3986,2025-01-10 12:12:59,App,Completed,,5830.00,0.00,874.50,6704.50,Online,invalid_restaurant_id
ORD00005246,CUST0049833,LOC6182,2025-01-10 22:48:19,Dine-in,Completed,,9150.00,0.00,1372.50,10522.50,Card,invalid_restaurant_id
ORD00005286,,LOC0002,2025-01-11 00:07:46,App,Completed,PROMO002,5530.00,120.00,811.50,6221.50,Online,missing_value
ORD00005365,,LOC0015,2025-01-11 12:29:19,Takeaway,Completed,,8720.00,0.00,1395.20,10115.20,Cash,missing_value
ORD00005416,CUST5834381,LOC0004,2025-01-11 13:15:08,Dine-in,Completed,,3730.00,0.00,559.50,4289.50,Cash,orphan_foreign_key
ORD00005418,CUST0034248,LOC0015,2025-01-11 13:15:44,Takeaway,Completed,,3600.00,0.00,576.00,4176.00,Card,orphan_foreign_key
ORD00005819,CUST0052901,LOC0023,2025-01-11 21:18:27,ThirdPartyDelivery,Completed,,5130.00,0.00,769.50,5899.50,Cash,orphan_foreign_key
ORD00005835,CUST0054115,LOC0002,2025-01-11 21:32:20,ThirdPartyDelivery,Completed,PROMO002,4260.00,96.00,624.60,4788.60,Online,orphan_foreign_key
ORD00006021,,LOC0025,2025-01-12 12:41:10,Dine-in,Completed,,4250.00,0.00,637.50,4887.50,Cash,missing_value
ORD00006068,CUST0002017,LOC5774,2025-01-12 13:14:57,Dine-in,Completed,PROMO002,7420.00,140.00,1164.80,8444.80,Wallet,invalid_restaurant_id
ORD00006159,,LOC0015,2025-01-12 14:55:20,Website,Completed,,3270.00,0.00,523.20,3793.20,Online,missing_value
ORD00006163,CUST0021172,LOC0023,2025-01-12 15:03:30,Dine-in,Completed,,3150.00,7763.09,472.50,3622.50,Wallet,discount_exceeds_subtotal
ORD00006256,CUST0034911,LOC7264,2025-01-12 18:57:00,App,Completed,,2410.00,0.00,361.50,2771.50,Online,invalid_restaurant_id
ORD00006312,CUST9856421,LOC0008,2025-01-12 20:01:18,ThirdPartyDelivery,Completed,,1790.00,0.00,286.40,2076.40,Cash,orphan_foreign_key
ORD00006414,,LOC0014,2025-01-12 21:32:06,Dine-in,Completed,,11060.00,0.00,1659.00,12719.00,Cash,missing_value
ORD00006550,CUST0006630,LOC0003,2025-01-13 11:31:09,App,Completed,,5450.00,0.00,817.50,6267.50,Card,orphan_foreign_key
ORD00006903,,LOC0019,2025-01-13 22:35:07,Dine-in,Completed,,6590.00,0.00,1054.40,7644.40,Card,missing_value
ORD00006994,CUST0024873,LOC0004,2025-01-14 13:05:11,Dine-in,Completed,,8510.00,0.00,1276.50,9786.50,Card,orphan_foreign_key
ORD00007083,CUST0048886,LOC0004,2099-12-31 10:52:00,Takeaway,Completed,PROMO002,2100.00,88.00,301.80,2313.80,Cash,invalid_date
ORD00007570,CUST0004149,LOC0023,2025-01-15 19:08:09,Takeaway,Completed,,2650.00,0.00,397.50,3047.50,Card,orphan_foreign_key
ORD00007602,CUST0051886,LOC0005,2025-01-15 20:04:14,Website,Completed,PROMO002,6240.00,96.00,921.60,7065.60,Online,orphan_foreign_key
ORD00007616,CUST0020448,LOC0005,2025-01-15 20:12:43,App,Completed,,1790.00,0.00,268.50,2058.50,Online,orphan_foreign_key
ORD00007645,CUST0009309,LOC8841,2025-01-15 20:36:24,App,Completed,,7240.00,0.00,1086.00,8326.00,Online,invalid_restaurant_id
ORD00007772,CUST0038041,LOC5311,2025-01-16 12:00:04,Takeaway,Completed,,10370.00,0.00,1659.20,12029.20,Cash,invalid_restaurant_id
ORD00007835,,LOC0005,2025-01-16 13:25:15,Dine-in,Completed,,6450.00,0.00,967.50,7417.50,Card,missing_value
ORD00007930,CUST0004444,LOC0020,2025-01-16 17:18:10,App,Completed,,5610.00,0.00,841.50,6451.50,Card,orphan_foreign_key
ORD00008396,,LOC0011,2025-01-17 15:35:31,Dine-in,Completed,,8300.00,0.00,1328.00,9628.00,Wallet,missing_value
ORD00008481,CUST0051392,LOC0007,2025-01-17 18:56:34,Dine-in,Completed,,14150.00,0.00,2264.00,16414.00,Card,orphan_foreign_key
ORD00008553,,LOC0001,2025-01-17 20:12:17,Dine-in,Completed,,12830.00,0.00,1924.50,14754.50,Cash,missing_value
ORD00008570,CUST0052867,LOC0019,1970-01-01 21:29:00,App,Completed,,8080.00,0.00,1292.80,9372.80,Online,invalid_date
ORD00008694,CUST0026953,LOC0005,2025-01-17 22:10:39,App,Completed,,4145.00,0.00,621.75,4766.75,Online,orphan_foreign_key
ORD00009004,,LOC0002,2025-01-18 14:49:25,Website,Completed,,3540.00,0.00,531.00,4071.00,Online,missing_value
ORD00009472,,LOC0024,2025-01-19 11:07:29,Dine-in,Completed,,8750.00,0.00,1400.00,10150.00,Card,missing_value
ORD00009603,CUST1726017,LOC0007,2025-01-19 13:36:39,Takeaway,Completed,,6570.00,0.00,1051.20,7621.20,Card,orphan_foreign_key
ORD00009659,,LOC0002,2025-01-19 14:48:47,ThirdPartyDelivery,Completed,,5960.00,0.00,894.00,6854.00,Cash,missing_value
ORD00010225,,LOC0023,2025-01-20 19:08:38,ThirdPartyDelivery,Completed,PROMO002,2540.00,118.00,363.30,2785.30,Cash,missing_value
ORD00010828,CUST0016684,LOC0025,2025-01-21 22:30:43,Dine-in,Completed,,6640.00,0.00,996.00,7636.00,Card,orphan_foreign_key
ORD00010834,CUST0012970,LOC0013,,Dine-in,Completed,,4050.00,0.00,607.50,4657.50,Card,invalid_date
ORD00011112,CUST0049751,LOC0003,2025-01-22 19:57:36,Takeaway,Completed,,2600.00,0.00,390.00,2990.00,Wallet,orphan_foreign_key
ORD00011193,,LOC0007,2025-01-22 21:36:49,Dine-in,Completed,,6300.00,0.00,1008.00,7308.00,Card,missing_value
ORD00011221,CUST0024895,LOC0013,2025-01-22 22:29:59,App,Completed,,3790.00,0.00,568.50,4358.50,Card,orphan_foreign_key
ORD00011279,CUST0027573,LOC0013,2025-01-23 11:12:10,Takeaway,Completed,,10760.00,0.00,1614.00,12374.00,Cash,orphan_foreign_key
ORD00011407,,LOC0006,2025-01-23 14:00:20,Dine-in,Completed,,3140.00,0.00,471.00,3611.00,Cash,missing_value
ORD00011528,CUST0039532,LOC0004,2025-01-23 19:14:03,Dine-in,Completed,PROMO002,11090.00,156.00,1640.10,12574.10,Card,orphan_foreign_key
ORD00011686,CUST4151900,LOC0008,2025-01-23 22:03:42,App,Completed,,3380.00,0.00,540.80,3920.80,Wallet,orphan_foreign_key
ORD00011759,,LOC0019,2025-01-24 11:03:57,ThirdPartyDelivery,Completed,,7910.00,0.00,1265.60,9175.60,Cash,missing_value
ORD00011914,CUST3572916,LOC0019,2025-01-24 13:54:39,Takeaway,Completed,,14700.00,0.00,2352.00,17052.00,Cash,orphan_foreign_key
ORD00012216,CUST0025145,LOC4832,2025-01-24 21:20:08,ThirdPartyDelivery,Cancelled,,6990.00,0.00,1048.50,8038.50,Cash,invalid_restaurant_id
ORD00012237,CUST0010072,LOC0011,2027-11-05 20:35:00,ThirdPartyDelivery,Completed,,4330.00,0.00,692.80,5022.80,Cash,invalid_date
ORD00012325,CUST2046896,LOC0021,2025-01-24 23:39:23,App,Completed,,4250.00,0.00,637.50,4887.50,Card,orphan_foreign_key
ORD00012338,CUST0048077,LOC0005,2025-01-25 00:16:05,Dine-in,Completed,,3890.00,6482.30,583.50,4473.50,Card,discount_exceeds_subtotal
ORD00012423,CUST0044158,LOC0008,2025-01-25 12:37:12,App,Completed,PROMO002,2430.00,100.00,372.80,2702.80,Wallet,orphan_foreign_key
ORD00012698,CUST0043483,LOC0018,2025-01-25 19:32:00,Dine-in,Completed,,10800.00,18008.61,1728.00,12528.00,Card,discount_exceeds_subtotal
ORD00013394,,LOC0013,2025-01-26 20:00:53,ThirdPartyDelivery,Completed,,5880.00,0.00,882.00,6762.00,Online,missing_value
ORD00013689,CUST0707959,LOC0008,2025-01-27 12:53:59,Dine-in,Completed,,4230.00,0.00,676.80,4906.80,Wallet,orphan_foreign_key
ORD00013717,,LOC0004,2025-01-27 13:19:12,ThirdPartyDelivery,Completed,,7550.00,0.00,1132.50,8682.50,Online,missing_value
ORD00013830,CUST0014191,LOC0004,2025-01-27 18:46:31,Website,Completed,PROMO002,7060.00,282.00,1016.70,7794.70,Wallet,orphan_foreign_key
ORD00013935,,LOC0015,2025-01-27 20:52:11,Takeaway,Completed,PROMO002,4300.00,34.00,682.56,4948.56,Card,missing_value
ORD00013940,CUST0010414,LOC0019,,Dine-in,Completed,,11790.00,0.00,1886.40,13676.40,Cash,invalid_date
ORD00014038,CUST4684016,LOC0010,2025-01-27 23:54:40,App,Completed,,1850.00,0.00,296.00,2146.00,Online,orphan_foreign_key
ORD00014150,CUST6153794,LOC0023,2025-01-28 13:29:46,ThirdPartyDelivery,Completed,PROMO002,2620.00,30.00,388.50,2978.50,Online,orphan_foreign_key
ORD00014215,CUST0035895,LOC0018,2025-01-28 15:30:19,Takeaway,Completed,,750.00,1612.97,120.00,870.00,Card,discount_exceeds_subtotal
ORD00014783,,LOC0007,2025-01-29 21:15:57,App,Completed,,16480.00,0.00,2636.80,19116.80,Online,missing_value
ORD00014849,CUST0048367,LOC0019,2025-01-29 22:57:41,Takeaway,Completed,,2580.00,0.00,412.80,2992.80,Card,orphan_foreign_key
ORD00014901,CUST0043043,LOC0008,2025-01-30 12:05:10,ThirdPartyDelivery,Completed,,3680.00,0.00,588.80,4268.80,Online,orphan_foreign_key
ORD00015025,CUST0043578,LOC0025,2025-01-30 15:15:54,Takeaway,Completed,PROMO002,6580.00,110.00,970.50,7440.50,Cash,orphan_foreign_key
ORD00015067,CUST5391468,LOC0014,2025-01-30 17:33:10,App,Completed,,3980.00,0.00,597.00,4577.00,Wallet,orphan_foreign_key
ORD00015373,CUST7262680,LOC0016,2025-01-31 12:05:41,Takeaway,Completed,,9870.00,0.00,1579.20,11449.20,Cash,orphan_foreign_key
ORD00015485,CUST8922685,LOC0003,2025-01-31 13:34:25,App,Completed,,5050.00,0.00,757.50,5807.50,Online,orphan_foreign_key
ORD00015509,CUST0011761,LOC0014,2025-01-31 13:53:43,Dine-in,Completed,PROMO002,9460.00,424.00,1355.40,10391.40,Card,orphan_foreign_key
ORD00015777,CUST0006945,LOC0005,2025-01-31 20:44:17,ThirdPartyDelivery,Completed,,7510.00,0.00,1126.50,8636.50,Online,orphan_foreign_key
ORD00015898,,LOC0021,2025-01-31 23:25:09,Dine-in,Completed,,2960.00,0.00,444.00,3404.00,Card,missing_value
ORD00015934,CUST0025024,LOC0019,2025-02-01 10:36:46,Dine-in,Completed,,9825.00,23340.64,1572.00,11397.00,Card,discount_exceeds_subtotal
ORD00015969,CUST0034779,LOC0023,2025-02-01 12:08:31,Dine-in,Completed,PROMO002,14680.00,516.00,2124.60,16288.60,Card,orphan_foreign_key
ORD00015977,,LOC0011,2025-02-01 12:14:13,Dine-in,Completed,,3945.00,0.00,631.20,4576.20,Cash,missing_value
ORD00015992,CUST3028782,LOC0001,2025-02-01 12:26:15,Website,Completed,,20950.00,0.00,3142.50,24092.50,Card,orphan_foreign_key
ORD00016175,,LOC0010,2025-02-01 17:18:02,Takeaway,Completed,,3140.00,0.00,502.40,3642.40,Card,missing_value
ORD00016247,CUST2383508,LOC0018,2025-02-01 19:21:43,Dine-in,Completed,,10650.00,0.00,1704.00,12354.00,Cash,orphan_foreign_key
ORD00016483,CUST0022419,LOC0007,2025-02-01 22:34:21,Takeaway,Completed,,5550.00,0.00,888.00,6438.00,Cash,orphan_foreign_key
ORD00016553,CUST0006661,LOC0020,2027-11-05 15:47:00,App,Completed,,3845.00,0.00,576.75,4421.75,Wallet,invalid_date
ORD00016667,,LOC0005,2025-02-02 13:27:01,Dine-in,Completed,,8785.00,0.00,1317.75,10102.75,Wallet,missing_value
ORD00017013,,LOC0002,2025-02-02 21:03:02,ThirdPartyDelivery,Completed,,5140.00,0.00,771.00,5911.00,Online,missing_value
ORD00017145,CUST0053336,LOC0005,2025-02-02 23:42:45,Dine-in,Completed,,6970.00,8108.00,1045.50,8015.50,Cash,discount_exceeds_subtotal
ORD00017152,,LOC0020,2025-02-02 23:58:57,App,Completed,,1740.00,0.00,261.00,2001.00,Online,missing_value
ORD00017327,CUST0001965,LOC0345,2025-02-03 15:33:32,Dine-in,Completed,,5290.00,0.00,846.40,6136.40,Cash,invalid_restaurant_id
ORD00017509,CUST9534691,LOC0022,2025-02-03 21:42:41,Takeaway,Completed,,8220.00,0.00,1233.00,9453.00,Cash,orphan_foreign_key
ORD00017616,CUST8080190,LOC0008,2025-02-04 12:07:15,Dine-in,Completed,,6100.00,0.00,976.00,7076.00,Card,orphan_foreign_key
ORD00017634,CUST0021338,LOC0665,2025-02-04 12:33:59,Dine-in,Completed,,7980.00,0.00,1197.00,9177.00,Cash,invalid_restaurant_id
ORD00017763,,LOC0018,2025-02-04 17:31:30,Takeaway,Completed,,6620.00,0.00,1059.20,7679.20,Card,missing_value
ORD00018069,,LOC0009,2025-02-05 13:09:43,Dine-in,Completed,,5220.00,0.00,835.20,6055.20,Card,missing_value
ORD00018122,CUST0020134,LOC0016,,Dine-in,Completed,,4900.00,0.00,784.00,5684.00,Cash,invalid_date
ORD00018404,,LOC0004,2025-02-05 22:59:21,Dine-in,Completed,,12860.00,0.00,1929.00,14789.00,Card,missing_value
ORD00018682,CUST0029354,LOC2014,2025-02-06 19:20:43,Dine-in,Completed,,10310.00,0.00,1546.50,11856.50,Wallet,invalid_restaurant_id
ORD00018849,CUST0007120,LOC0175,2025-02-06 23:37:57,Dine-in,Completed,PROMO002,4160.00,68.00,613.80,4705.80,Cash,invalid_restaurant_id
ORD00018863,,LOC0007,2025-02-07 00:45:13,App,Completed,,3840.00,0.00,614.40,4454.40,Cash,missing_value
ORD00019616,CUST0037140,LOC0018,2025-02-08 12:51:29,App,Completed,,4290.00,10287.10,686.40,4976.40,Wallet,discount_exceeds_subtotal
ORD00019684,CUST0026953,LOC0005,2025-02-08 13:39:51,Dine-in,Completed,,15360.00,0.00,2304.00,17664.00,Card,orphan_foreign_key
ORD00019787,CUST0027422,LOC1586,2025-02-08 16:06:35,Takeaway,Completed,,2870.00,0.00,430.50,3300.50,Card,invalid_restaurant_id
ORD00019917,CUST0003021,LOC0016,2099-12-31 19:01:00,App,Completed,,3130.00,0.00,500.80,3630.80,Online,invalid_date
ORD00020344,CUST0003914,LOC9814,2025-02-09 15:10:00,Dine-in,Completed,,9550.00,0.00,1432.50,10982.50,Card,invalid_restaurant_id
ORD00020372,CUST0003773,LOC0015,2025-02-09 16:40:19,Takeaway,Completed,,3685.00,0.00,589.60,4274.60,Cash,orphan_foreign_key
ORD00020382,CUST0039532,LOC0009,2025-02-09 17:17:01,ThirdPartyDelivery,Completed,,4930.00,0.00,788.80,5718.80,Cash,orphan_foreign_key
ORD00020489,CUST0011232,LOC0004,2025-02-09 19:57:10,ThirdPartyDelivery,Completed,,7560.00,0.00,1134.00,8694.00,Cash,orphan_foreign_key
ORD00020504,CUST5113728,LOC0002,2025-02-09 20:11:50,Dine-in,Completed,,7590.00,0.00,1138.50,8728.50,Cash,orphan_foreign_key
ORD00020537,CUST0027470,LOC7502,2025-02-09 20:36:04,App,Completed,,10180.00,0.00,1628.80,11808.80,Online,invalid_restaurant_id
ORD00020735,,LOC0007,2025-02-10 10:39:43,Takeaway,Completed,,12570.00,0.00,2011.20,14581.20,Cash,missing_value
ORD00020855,,LOC0022,2025-02-10 14:09:35,App,Completed,,1070.00,0.00,160.50,1230.50,Online,missing_value
ORD00020865,,LOC0004,2025-02-10 14:39:35,Dine-in,Completed,,8780.00,0.00,1317.00,10097.00,Card,missing_value
ORD00020995,,LOC0004,2025-02-10 19:59:46,Takeaway,Completed,,4700.00,0.00,705.00,5405.00,Cash,missing_value
ORD00021026,,LOC0003,2025-02-10 20:26:24,Dine-in,Completed,,8500.00,0.00,1275.00,9775.00,Card,missing_value
ORD00021231,,LOC0005,2025-02-11 12:32:57,ThirdPartyDelivery,Completed,PROMO002,11355.00,96.00,1688.85,12947.85,Cash,missing_value
ORD00021280,CUST2851596,LOC0021,2025-02-11 13:20:14,App,Completed,PROMO002,3670.00,96.00,536.10,4110.10,Online,orphan_foreign_key
ORD00021400,CUST0010545,LOC0010,2025-02-11 18:40:36,Website,Completed,,6630.00,0.00,1060.80,7690.80,Online,orphan_foreign_key
ORD00021474,CUST0797876,LOC0013,2025-02-11 20:32:25,Dine-in,Completed,,15060.00,0.00,2259.00,17319.00,Cash,orphan_foreign_key
ORD00021548,CUST0042656,LOC5087,2025-02-11 21:36:18,Dine-in,Completed,,6640.00,0.00,996.00,7636.00,Card,invalid_restaurant_id
ORD00021574,CUST3736966,LOC0015,2025-02-11 22:10:20,ThirdPartyDelivery,Completed,,4170.00,0.00,667.20,4837.20,Cash,orphan_foreign_key
ORD00021591,CUST5199258,LOC0017,2025-02-11 22:33:56,Dine-in,Completed,,6760.00,0.00,1081.60,7841.60,Card,orphan_foreign_key
ORD00021941,CUST0016684,LOC0007,2025-02-12 20:15:28,Dine-in,Completed,,4610.00,0.00,737.60,5347.60,Cash,orphan_foreign_key
ORD00022008,CUST0003773,LOC0015,2025-02-12 21:29:34,Takeaway,Completed,PROMO002,10460.00,258.00,1632.32,11834.32,Cash,orphan_foreign_key
ORD00022386,CUST0011797,LOC0018,2025-02-13 19:12:44,Dine-in,Completed,,7520.00,9928.26,1203.20,8723.20,Cash,discount_exceeds_subtotal
ORD00022492,,LOC0003,2025-02-13 21:01:32,App,Cancelled,,3120.00,0.00,468.00,3588.00,Online,missing_value
ORD00022548,CUST0040367,LOC0021,,Dine-in,Completed,,6380.00,0.00,957.00,7337.00,Cash,invalid_date
ORD00022609,,LOC0013,2025-02-13 22:53:58,ThirdPartyDelivery,Completed,,2880.00,0.00,432.00,3312.00,Online,missing_value
ORD00022618,CUST0016499,LOC0021,2025-02-13 23:04:58,Dine-in,Completed,,10280.00,17447.37,1542.00,11822.00,Cash,discount_exceeds_subtotal
ORD00022678,CUST0030038,LOC1880,2025-02-14 11:06:47,Takeaway,Completed,,9830.00,0.00,1474.50,11304.50,Wallet,invalid_restaurant_id
ORD00022757,CUST0016684,LOC0006,2025-02-14 12:27:12,Takeaway,Completed,,4820.00,0.00,723.00,5543.00,Cash,orphan_foreign_key
ORD00022777,CUST0488418,LOC0003,2025-02-14 12:44:45,Dine-in,Completed,PROMO002,4070.00,108.00,594.30,4556.30,Cash,orphan_foreign_key
ORD00023644,CUST0214761,LOC0004,2025-02-15 11:49:05,Dine-in,Completed,,6450.00,0.00,967.50,7417.50,Wallet,orphan_foreign_key
ORD00023687,CUST0053873,LOC0003,2025-02-15 12:25:09,Dine-in,Completed,,10630.00,0.00,1594.50,12224.50,Card,orphan_foreign_key
ORD00023762,CUST0009263,LOC0006,2025-02-15 13:26:33,Dine-in,Completed,,9070.00,0.00,1360.50,10430.50,Cash,orphan_foreign_key
ORD00023995,CUST0028539,LOC0002,2099-12-31 17:28:00,Dine-in,Completed,,5440.00,0.00,816.00,6256.00,Cash,invalid_date
ORD00024099,CUST0045000,LOC0010,2025-02-15 20:55:27,Website,Completed,PROMO002,4680.00,7401.63,685.44,4969.44,Online,discount_exceeds_subtotal
ORD00024108,CUST7572952,LOC0005,2025-02-15 21:00:28,Dine-in,Completed,,8010.00,0.00,1201.50,9211.50,Card,orphan_foreign_key
ORD00024322,CUST0021203,LOC0018,2025-02-16 11:49:04,App,Completed,PROMO003,2640.00,3471.82,343.04,2487.04,Wallet,discount_exceeds_subtotal
ORD00024441,,LOC0013,2025-02-16 13:46:50,App,Completed,,12510.00,0.00,1876.50,14386.50,Wallet,missing_value
ORD00024544,CUST0010545,LOC0010,2025-02-16 16:25:43,Website,Completed,,6630.00,0.00,1060.80,7690.80,Wallet,orphan_foreign_key
ORD00024650,CUST3060951,LOC0003,2025-02-16 19:42:44,Dine-in,Completed,,2435.00,0.00,365.25,2800.25,Cash,orphan_foreign_key
ORD00024698,CUST0001723,LOC0005,2027-11-05 22:07:00,Dine-in,Completed,,8060.00,0.00,1209.00,9269.00,Cash,invalid_date
ORD00024941,CUST0444793,LOC0020,2025-02-17 12:18:07,App,Completed,,6490.00,0.00,973.50,7463.50,Card,orphan_foreign_key
ORD00025496,CUST9277345,LOC0021,2025-02-18 20:17:43,App,Completed,,7920.00,0.00,1188.00,9108.00,Cash,orphan_foreign_key
ORD00025658,CUST0028880,LOC0001,2025-02-19 13:02:27,Website,Completed,,8020.00,16600.11,1203.00,9223.00,Card,discount_exceeds_subtotal
ORD00025974,CUST0018747,LOC0001,,Dine-in,Completed,,3190.00,0.00,478.50,3668.50,Card,invalid_date
ORD00025996,CUST0025144,LOC0003,2025-02-20 12:33:36,Dine-in,Completed,,17050.00,0.00,2557.50,19607.50,Card,orphan_foreign_key
ORD00026462,CUST9186572,LOC0016,2025-02-21 13:13:07,Dine-in,Completed,,3280.00,0.00,524.80,3804.80,Card,orphan_foreign_key
ORD00026663,CUST0018037,LOC0003,2025-02-21 19:18:10,Website,Completed,,7170.00,0.00,1075.50,8245.50,Online,orphan_foreign_key
ORD00026794,CUST0004437,LOC0011,2025-02-21 21:28:13,Takeaway,Completed,,1195.00,0.00,191.20,1386.20,Wallet,orphan_foreign_key
ORD00026961,CUST0018177,LOC0009,2025-02-22 12:29:26,Takeaway,Cancelled,,4700.00,10750.75,752.00,5452.00,Cash,discount_exceeds_subtotal
ORD00027053,CUST0050134,LOC0016,2031-07-22 20:53:00,ThirdPartyDelivery,Completed,,7400.00,0.00,1184.00,8584.00,Cash,invalid_date
ORD00027060,CUST0034752,LOC0003,2025-02-22 14:07:04,ThirdPartyDelivery,Completed,,8065.00,0.00,1209.75,9274.75,Online,orphan_foreign_key
ORD00027259,CUST0049294,LOC0020,,ThirdPartyDelivery,Completed,,4250.00,0.00,637.50,4887.50,Online,invalid_date
ORD00027293,,LOC0021,2025-02-22 20:45:29,Takeaway,Completed,,3350.00,0.00,502.50,3852.50,Card,missing_value
ORD00027328,,LOC0014,2025-02-22 21:12:18,ThirdPartyDelivery,Completed,,8595.00,0.00,1289.25,9884.25,Cash,missing_value
ORD00027415,CUST0041572,LOC4335,2025-02-22 22:35:14,Takeaway,Completed,,3280.00,0.00,524.80,3804.80,Cash,invalid_restaurant_id
ORD00027530,CUST0047525,LOC0025,2099-12-31 10:16:00,Dine-in,Completed,,8980.00,0.00,1347.00,10327.00,Cash,invalid_date
ORD00027537,,LOC0005,2025-02-23 12:48:22,ThirdPartyDelivery,Completed,,4920.00,0.00,738.00,5658.00,Online,missing_value
ORD00027717,CUST7335430,LOC0001,2025-02-23 18:05:45,Dine-in,Completed,,6110.00,0.00,916.50,7026.50,Cash,orphan_foreign_key
ORD00027937,CUST0049377,LOC0009,2027-11-05 11:06:00,Takeaway,Completed,,1550.00,0.00,248.00,1798.00,Card,invalid_date
ORD00027973,,LOC0021,2025-02-23 23:00:24,Takeaway,Completed,,4485.00,0.00,672.75,5157.75,Cash,missing_value
ORD00028060,,LOC0016,2025-02-24 12:58:44,Dine-in,Completed,,13420.00,0.00,2147.20,15567.20,Card,missing_value
ORD00028255,CUST0010498,LOC0008,2099-12-31 12:51:00,ThirdPartyDelivery,Completed,,4655.00,0.00,744.80,5399.80,Cash,invalid_date
ORD00028782,CUST0010212,LOC0014,2025-02-26 12:04:42,Dine-in,Completed,,3570.00,0.00,535.50,4105.50,Card,orphan_foreign_key
ORD00028818,,LOC0003,2025-02-26 12:54:33,App,Cancelled,,9600.00,0.00,1440.00,11040.00,Online,missing_value
ORD00028888,CUST0033710,LOC0018,2025-02-26 14:38:52,App,Completed,,3795.00,8493.41,607.20,4402.20,Wallet,discount_exceeds_subtotal
ORD00029554,CUST0005939,LOC8782,2025-02-28 01:59:20,App,Completed,,6910.00,0.00,1036.50,7946.50,Online,invalid_restaurant_id
ORD00029911,CUST0006630,LOC0003,2025-02-28 20:30:30,App,Completed,,11515.00,0.00,1727.25,13242.25,Wallet,orphan_foreign_key
ORD00030090,CUST0008045,LOC0003,2025-03-01 00:17:35,Takeaway,Completed,,2450.00,0.00,367.50,2817.50,Cash,orphan_foreign_key
ORD00030145,CUST5761003,LOC0012,2025-03-01 02:36:38,ThirdPartyDelivery,Completed,PROMO004,3780.00,500.00,492.00,3772.00,Cash,orphan_foreign_key
ORD00030198,,LOC0011,2025-03-01 15:51:58,Takeaway,Completed,,5720.00,0.00,915.20,6635.20,Card,missing_value
ORD00030407,CUST0032963,LOC0008,2025-03-01 19:55:18,Dine-in,Completed,PROMO004,6410.00,500.00,945.60,6855.60,Card,orphan_foreign_key
ORD00030506,CUST0045877,LOC0023,,Dine-in,Completed,,3260.00,0.00,489.00,3749.00,Cash,invalid_date
ORD00030565,CUST0046291,LOC0020,2025-03-01 22:08:19,Dine-in,Completed,,9380.00,0.00,1407.00,10787.00,Card,orphan_foreign_key
ORD00030753,,LOC0023,2025-03-02 13:33:37,App,Completed,,4160.00,0.00,624.00,4784.00,Wallet,missing_value
ORD00031027,,LOC0001,2025-03-02 20:34:09,ThirdPartyDelivery,Completed,,4400.00,0.00,660.00,5060.00,Online,missing_value
ORD00031097,,LOC0015,2025-03-02 21:34:51,Takeaway,Completed,PROMO004,3220.00,500.00,435.20,3155.20,Card,missing_value
ORD00031121,CUST0034694,LOC0021,2025-03-02 21:56:47,ThirdPartyDelivery,Cancelled,,280.00,329.27,42.00,322.00,Cash,discount_exceeds_subtotal
ORD00031631,CUST0018037,LOC0018,2025-03-04 15:07:44,Takeaway,Completed,,4950.00,0.00,792.00,5742.00,Wallet,orphan_foreign_key
ORD00031660,CUST0018839,LOC0014,2025-03-04 18:22:06,App,Completed,,7400.00,0.00,1110.00,8510.00,Online,orphan_foreign_key
ORD00031669,CUST0046169,LOC0002,2025-03-04 18:32:33,App,Completed,,12820.00,29598.55,1923.00,14743.00,Wallet,discount_exceeds_subtotal
ORD00031812,CUST0054841,LOC0013,,App,Completed,PROMO004,12765.00,499.99,1839.75,14104.76,Online,invalid_date
ORD00031946,,LOC0006,2025-03-05 00:59:17,Takeaway,Completed,,3630.00,0.00,544.50,4174.50,Cash,missing_value
ORD00031967,CUST0007417,LOC0007,2025-03-05 03:09:03,Dine-in,Completed,,5880.00,0.00,940.80,6820.80,Card,orphan_foreign_key
ORD00032033,CUST0043043,LOC0010,2025-03-05 18:12:26,Takeaway,Completed,,5980.00,0.00,956.80,6936.80,Cash,orphan_foreign_key
ORD00032059,CUST0037239,LOC0007,2025-03-05 18:35:04,ThirdPartyDelivery,Completed,PROMO004,12420.00,499.99,1907.20,13827.21,Cash,orphan_foreign_key
ORD00032080,,LOC0004,2025-03-05 18:50:04,Takeaway,Completed,PROMO004,8150.00,500.00,1147.50,8797.50,Card,missing_value
ORD00032210,CUST0000691,LOC0011,2025-03-05 21:00:50,ThirdPartyDelivery,Completed,,2480.00,2959.33,396.80,2876.80,Cash,discount_exceeds_subtotal
ORD00032299,,LOC0006,2025-03-05 23:10:36,Takeaway,Completed,,12640.00,0.00,1896.00,14536.00,Cash,missing_value
ORD00032364,,LOC0013,2025-03-06 02:24:46,Dine-in,Completed,,9840.00,0.00,1476.00,11316.00,Cash,missing_value
ORD00032378,CUST0005525,LOC0012,2025-03-06 03:22:12,ThirdPartyDelivery,Completed,,7515.00,0.00,1127.25,8642.25,Cash,orphan_foreign_key
ORD00032885,,LOC0022,2025-03-07 17:53:17,Dine-in,Completed,,8050.00,0.00,1207.50,9257.50,Cash,missing_value
ORD00032902,CUST0043043,LOC0003,2025-03-07 18:07:20,ThirdPartyDelivery,Completed,,6750.00,0.00,1012.50,7762.50,Online,orphan_foreign_key
ORD00032927,,LOC0001,2025-03-07 18:21:14,App,Cancelled,,4080.00,0.00,612.00,4692.00,Card,missing_value
ORD00033195,CUST0011114,LOC0023,2025-03-07 21:19:34,Dine-in,Completed,,5670.00,8990.74,850.50,6520.50,Cash,discount_exceeds_subtotal
ORD00033411,CUST0021926,LOC1780,2025-03-08 11:17:01,Website,Completed,,3445.00,0.00,516.75,3961.75,Online,invalid_restaurant_id
ORD00033547,CUST4746180,LOC0002,2025-03-08 18:47:51,App,Completed,,620.00,0.00,93.00,713.00,Card,orphan_foreign_key
ORD00034386,CUST0002237,LOC0025,2025-03-09 21:51:31,Dine-in,Completed,,4785.00,0.00,717.75,5502.75,Card,orphan_foreign_key
ORD00034865,CUST0048911,LOC0020,2025-03-10 23:53:49,App,Completed,,7185.00,0.00,1077.75,8262.75,Online,orphan_foreign_key
ORD00034874,,LOC0021,2025-03-11 00:40:30,Dine-in,Completed,,12910.00,0.00,1936.50,14846.50,Wallet,missing_value
ORD00035042,CUST0029628,LOC0020,2025-03-11 19:13:37,Dine-in,Completed,,5090.00,0.00,763.50,5853.50,Card,orphan_foreign_key
ORD00035239,CUST0013952,LOC0015,2099-12-31 10:25:00,Dine-in,Completed,,4560.00,0.00,729.60,5289.60,Card,invalid_date
ORD00035498,CUST0048002,LOC0024,2099-12-31 13:31:00,Dine-in,Completed,,12260.00,0.00,1961.60,14221.60,Wallet,invalid_date
ORD00035604,CUST0048801,LOC3165,2025-03-12 22:53:59,Dine-in,Completed,PROMO004,15810.00,500.01,2296.50,17606.49,Cash,invalid_restaurant_id
ORD00035683,CUST0033324,LOC0025,2025-03-13 03:19:17,Dine-in,Completed,,10115.00,0.00,1517.25,11632.25,Card,orphan_foreign_key
ORD00035715,CUST0030989,LOC0023,2025-03-13 17:50:03,Dine-in,Completed,PROMO004,13310.00,500.01,1921.50,14731.49,Card,orphan_foreign_key
ORD00035829,CUST0022419,LOC0013,2025-03-13 19:32:48,App,Completed,,5140.00,0.00,771.00,5911.00,Wallet,orphan_foreign_key
ORD00035848,CUST0000081,LOC9762,2025-03-13 19:50:21,ThirdPartyDelivery,Completed,,4920.00,0.00,738.00,5658.00,Online,invalid_restaurant_id
ORD00036048,,LOC0021,2025-03-14 01:05:16,Dine-in,Completed,,6250.00,0.00,937.50,7187.50,Card,missing_value
ORD00036170,,LOC0015,2025-03-14 18:25:17,Takeaway,Completed,,9320.00,0.00,1491.20,10811.20,Cash,missing_value
ORD00036231,CUST4716888,LOC0025,2025-03-14 18:59:54,Dine-in,Completed,,15710.00,0.00,2356.50,18066.50,Cash,orphan_foreign_key
ORD00036354,,LOC0004,2025-03-14 20:27:34,ThirdPartyDelivery,Completed,,1100.00,0.00,165.00,1265.00,Cash,missing_value
ORD00036479,CUST0004437,LOC0004,2025-03-14 22:32:47,Takeaway,Completed,,2450.00,0.00,367.50,2817.50,Cash,orphan_foreign_key
ORD00036684,CUST0375873,LOC0023,2025-03-15 18:12:55,Dine-in,Completed,,5920.00,0.00,888.00,6808.00,Cash,orphan_foreign_key
ORD00036748,,LOC0009,2025-03-15 18:47:30,App,Completed,,4300.00,0.00,688.00,4988.00,Online,missing_value
ORD00036885,CUST0041604,LOC0004,2025-03-15 20:21:35,ThirdPartyDelivery,Completed,,3120.00,0.00,468.00,3588.00,Online,orphan_foreign_key
ORD00037113,CUST0033474,LOC0010,2025-03-16 00:06:35,Dine-in,Completed,,1525.00,0.00,244.00,1769.00,Card,orphan_foreign_key
ORD00037209,,LOC0003,2025-03-16 04:33:13,Dine-in,Completed,,4385.00,0.00,657.75,5042.75,Card,missing_value
ORD00037380,,LOC0017,2025-03-16 19:18:11,Website,Completed,,4390.00,0.00,702.40,5092.40,Wallet,missing_value
ORD00037488,CUST0048272,LOC0003,2025-03-16 20:32:00,Dine-in,Completed,,16010.00,0.00,2401.50,18411.50,Card,orphan_foreign_key
ORD00037734,,LOC0003,2025-03-17 04:09:36,Dine-in,Completed,PROMO004,5640.00,500.00,771.00,5911.00,Card,missing_value
ORD00037794,CUST0021915,LOC0016,1970-01-01 19:12:00,ThirdPartyDelivery,Completed,PROMO004,7780.00,500.01,1164.80,8444.79,Online,invalid_date
ORD00037984,CUST0041558,LOC0002,2031-07-22 21:40:00,Takeaway,Completed,PROMO004,3220.00,500.00,408.00,3128.00,Card,invalid_date
ORD00038071,CUST0006630,LOC0003,2025-03-18 01:55:12,App,Completed,,8155.00,0.00,1223.25,9378.25,Online,orphan_foreign_key
ORD00038184,CUST0015499,LOC0017,,ThirdPartyDelivery,Completed,,1180.00,0.00,188.80,1368.80,Online,invalid_date
ORD00038266,,LOC0011,2025-03-18 20:13:55,Dine-in,Completed,PROMO004,7455.00,500.00,1112.80,8067.80,Card,missing_value
ORD00038694,,LOC0023,2025-03-19 21:32:48,Dine-in,Completed,,16890.00,0.00,2533.50,19423.50,Card,missing_value
ORD00038822,,LOC0022,2025-03-20 03:27:45,App,Completed,,14420.00,0.00,2163.00,16583.00,Online,missing_value
ORD00038828,,LOC0019,2025-03-20 03:50:54,Website,Completed,,3820.00,0.00,611.20,4431.20,Card,missing_value
ORD00038919,CUST0011064,LOC0004,,App,Completed,PROMO004,6850.00,500.00,952.50,7302.50,Online,invalid_date
ORD00038962,CUST0018186,LOC8185,2025-03-20 19:22:14,ThirdPartyDelivery,Completed,PROMO004,9895.00,500.00,1409.25,10804.25,Online,invalid_restaurant_id
ORD00039031,CUST0013576,LOC2473,2025-03-20 20:25:43,App,Completed,,4260.00,0.00,639.00,4899.00,Wallet,invalid_restaurant_id
ORD00039322,,LOC0020,2025-03-21 18:09:29,Takeaway,Completed,,3540.00,0.00,531.00,4071.00,Cash,missing_value
ORD00039325,CUST8431292,LOC0020,2025-03-21 18:10:04,Dine-in,Completed,,4515.00,0.00,677.25,5192.25,Wallet,orphan_foreign_key
ORD00039694,CUST0041729,LOC0018,2025-03-21 23:12:35,Dine-in,Completed,,16105.00,0.00,2576.80,18681.80,Card,orphan_foreign_key
ORD00039766,CUST0036354,LOC0012,2025-03-22 01:24:31,Takeaway,Completed,PROMO004,12910.00,27194.53,1861.50,14271.50,Wallet,discount_exceeds_subtotal
ORD00039842,CUST0035241,LOC7472,2025-03-22 15:03:52,Dine-in,Completed,,6380.00,0.00,1020.80,7400.80,Card,invalid_restaurant_id
ORD00039938,,LOC0020,2025-03-22 18:37:47,Dine-in,Completed,,7380.00,0.00,1107.00,8487.00,Card,missing_value
ORD00039967,,LOC0002,2025-03-22 18:51:34,ThirdPartyDelivery,Completed,,2030.00,0.00,304.50,2334.50,Online,missing_value
ORD00040161,,LOC0007,2025-03-22 20:52:31,Dine-in,Completed,PROMO004,6120.00,500.00,899.20,6519.20,Cash,missing_value
ORD00040301,CUST0033854,LOC0011,,Dine-in,Completed,,6560.00,0.00,1049.60,7609.60,Card,invalid_date
ORD00040415,,LOC0018,2025-03-23 12:36:40,Dine-in,Completed,,10525.00,0.00,1684.00,12209.00,Cash,missing_value
ORD00040547,,LOC0003,2025-03-23 18:55:12,App,Completed,PROMO004,11220.00,500.00,1608.00,12328.00,Wallet,missing_value
ORD00040591,,LOC0014,2025-03-23 19:18:55,Takeaway,Completed,PROMO004,4690.00,500.00,628.50,4818.50,Card,missing_value
ORD00040671,CUST0041729,LOC0003,2025-03-23 20:19:25,Takeaway,Completed,,12115.00,0.00,1817.25,13932.25,Cash,orphan_foreign_key
ORD00040862,CUST0054918,LOC0022,2025-03-23 23:22:31,App,Completed,,9930.00,0.00,1489.50,11419.50,Online,orphan_foreign_key
ORD00041063,CUST0018685,LOC0007,,App,Completed,,10160.00,0.00,1625.60,11785.60,Wallet,invalid_date
ORD00041173,CUST0036294,LOC0013,2099-12-31 22:00:00,Dine-in,Completed,,3540.00,0.00,531.00,4071.00,Card,invalid_date
ORD00041232,CUST0032262,LOC0003,1900-01-01 16:25:00,Website,Completed,,10840.00,0.00,1626.00,12466.00,Card,invalid_date
ORD00041364,CUST0009036,LOC0004,2025-03-25 19:05:37,App,Completed,PROMO004,3830.00,7347.50,499.50,3829.50,Cash,discount_exceeds_subtotal
ORD00041508,CUST0045872,LOC0023,,App,Completed,PROMO004,9730.00,500.00,1384.50,10614.50,Online,invalid_date
ORD00041594,CUST0044200,LOC0018,2027-11-05 22:35:00,Dine-in,Completed,,16670.00,0.00,2667.20,19337.20,Card,invalid_date
ORD00041887,CUST0032384,LOC9131,2025-03-26 21:46:09,Dine-in,Completed,,4820.00,0.00,723.00,5543.00,Cash,invalid_restaurant_id
ORD00042021,CUST0015359,LOC0022,2025-03-27 02:18:30,ThirdPartyDelivery,Completed,,5705.00,0.00,855.75,6560.75,Online,orphan_foreign_key
ORD00042159,CUST0040544,LOC0013,2025-03-27 19:00:00,App,Completed,,9830.00,14300.57,1474.50,11304.50,Card,discount_exceeds_subtotal
ORD00042176,CUST0016980,LOC0024,2025-03-27 19:16:30,Dine-in,Completed,PROMO004,10865.00,24548.31,1658.40,12023.40,Card,discount_exceeds_subtotal
ORD00042355,CUST0021717,LOC0009,2027-11-05 10:15:00,Dine-in,Completed,PROMO004,8610.00,500.00,1297.60,9407.60,Card,invalid_date
ORD00042432,CUST0001465,LOC0008,2025-03-28 01:48:29,Takeaway,Completed,PROMO004,4080.00,7987.80,572.80,4152.79,Card,discount_exceeds_subtotal
ORD00042771,CUST5419378,LOC0018,2025-03-28 21:22:26,Takeaway,Completed,,4610.00,0.00,737.60,5347.60,Cash,orphan_foreign_key
ORD00042854,CUST8459825,LOC0008,2025-03-28 22:57:33,ThirdPartyDelivery,Cancelled,PROMO004,6420.00,500.00,947.20,6867.20,Online,orphan_foreign_key
ORD00043063,CUST0037958,LOC0013,2025-03-29 18:04:47,App,Completed,,8240.00,15552.35,1236.00,9476.00,Card,discount_exceeds_subtotal
ORD00043166,CUST0049543,LOC0013,2025-03-29 18:56:51,Website,Completed,,4135.00,0.00,620.25,4755.25,Online,orphan_foreign_key
ORD00043290,CUST0042424,LOC0017,2025-03-29 20:00:35,ThirdPartyDelivery,Cancelled,,4160.00,0.00,665.60,4825.60,Online,orphan_foreign_key
ORD00043612,CUST0013563,LOC0022,2025-03-30 13:02:37,App,Completed,,4560.00,9860.76,684.00,5244.00,Online,discount_exceeds_subtotal
ORD00043631,CUST0033721,LOC0014,2025-03-30 17:23:33,Dine-in,Completed,,7350.00,0.00,1102.50,8452.50,Card,orphan_foreign_key
ORD00043730,CUST0051105,LOC0010,2025-03-30 18:51:55,Takeaway,Completed,,2670.00,0.00,427.20,3097.20,Cash,orphan_foreign_key
ORD00043788,CUST0019590,LOC0018,2025-03-30 19:44:37,Dine-in,Completed,,8535.00,0.00,1365.60,9900.60,Wallet,orphan_foreign_key
ORD00043849,CUST0022375,LOC0016,2025-03-30 20:39:33,ThirdPartyDelivery,Cancelled,,5450.00,13392.41,872.00,6322.00,Online,discount_exceeds_subtotal
ORD00043891,CUST9922048,LOC0014,2025-03-30 21:26:20,ThirdPartyDelivery,Completed,,1955.00,0.00,293.25,2248.25,Cash,orphan_foreign_key
ORD00043956,CUST0003102,LOC0005,,App,Completed,,5690.00,0.00,853.50,6543.50,Wallet,invalid_date
ORD00043976,CUST0009263,LOC0002,2025-03-30 23:24:29,Dine-in,Completed,,16310.00,0.00,2446.50,18756.50,Card,orphan_foreign_key
ORD00044144,CUST0005270,LOC0019,2025-03-31 13:15:58,Dine-in,Completed,,2030.00,0.00,324.80,2354.80,Cash,orphan_foreign_key
ORD00044396,CUST5067530,LOC0022,2025-03-31 18:55:10,ThirdPartyDelivery,Completed,,2290.00,0.00,343.50,2633.50,Cash,orphan_foreign_key
ORD00044403,CUST0023381,LOC0017,2025-03-31 19:02:49,Dine-in,Completed,PROMO005,15010.00,1862.50,2103.60,15251.10,Cash,orphan_foreign_key
ORD00044497,CUST0010211,LOC0001,,ThirdPartyDelivery,Completed,,3430.00,0.00,514.50,3944.50,Online,invalid_date
ORD00044529,CUST0001821,LOC0022,2025-03-31 20:40:27,Takeaway,Completed,PROMO005,7020.00,16544.03,890.25,6825.25,Wallet,discount_exceeds_subtotal
ORD00044564,CUST0054834,LOC0009,2025-03-31 21:00:28,Dine-in,Completed,,5950.00,9582.19,952.00,6902.00,Cash,discount_exceeds_subtotal
ORD00044597,CUST0018147,LOC0003,2025-03-31 21:24:35,Dine-in,Completed,,4750.00,6379.55,712.50,5462.50,Card,discount_exceeds_subtotal
ORD00044610,CUST0011483,LOC0005,1970-01-01 11:05:00,Dine-in,Completed,,5440.00,0.00,816.00,6256.00,Wallet,invalid_date
ORD00045044,CUST0036377,LOC0003,2025-04-01 17:32:46,Dine-in,Completed,,8160.00,0.00,1224.00,9384.00,Card,orphan_foreign_key
ORD00045116,,LOC0010,2025-04-01 19:15:47,Dine-in,Completed,,3365.00,0.00,538.40,3903.40,Card,missing_value
ORD00045137,CUST0344121,LOC0018,2025-04-01 19:32:25,Takeaway,Completed,,5340.00,0.00,854.40,6194.40,Card,orphan_foreign_key
ORD00045233,CUST0052460,LOC0024,,Takeaway,Completed,,6580.00,0.00,1052.80,7632.80,Cash,invalid_date
ORD00045304,,LOC0016,2025-04-01 21:42:51,ThirdPartyDelivery,Completed,,5860.00,0.00,937.60,6797.60,Cash,missing_value
ORD00045312,CUST5052861,LOC0018,2025-04-01 21:47:33,Dine-in,Completed,,22210.00,0.00,3553.60,25763.60,Cash,orphan_foreign_key
ORD00045391,CUST0034752,LOC0003,2025-04-01 22:53:01,Dine-in,Completed,,9360.00,0.00,1404.00,10764.00,Wallet,orphan_foreign_key
ORD00045583,,LOC0013,2025-04-02 13:50:35,ThirdPartyDelivery,Completed,,3610.00,0.00,541.50,4151.50,Online,missing_value
ORD00045639,CUST0023381,LOC0017,2025-04-02 14:49:13,Dine-in,Completed,PROMO005,11770.00,1115.00,1704.80,12359.80,Cash,orphan_foreign_key
ORD00045656,CUST9301765,LOC0001,2025-04-02 15:07:32,Dine-in,Completed,,12855.00,0.00,1928.25,14783.25,Card,orphan_foreign_key
ORD00045972,CUST0009263,LOC0002,2025-04-02 21:59:51,Dine-in,Completed,,15290.00,0.00,2293.50,17583.50,Card,orphan_foreign_key
ORD00045975,CUST0002617,LOC0008,2025-04-02 22:04:51,Dine-in,Completed,,3910.00,0.00,625.60,4535.60,Cash,orphan_foreign_key
ORD00046081,,LOC0008,2025-04-03 11:25:36,Dine-in,Completed,,5840.00,0.00,934.40,6774.40,Cash,missing_value
ORD00046168,CUST0014270,LOC0009,2025-04-03 13:16:16,Dine-in,Completed,,14470.00,0.00,2315.20,16785.20,Cash,orphan_foreign_key
ORD00046225,CUST0014191,LOC0004,2025-04-03 14:20:35,Website,Completed,,4120.00,0.00,618.00,4738.00,Online,orphan_foreign_key
ORD00046275,CUST0029002,LOC0001,2025-04-03 16:33:57,Dine-in,Completed,,7080.00,10279.71,1062.00,8142.00,Cash,discount_exceeds_subtotal
ORD00046359,CUST8411097,LOC0006,2025-04-03 19:43:00,Takeaway,Completed,,3490.00,0.00,523.50,4013.50,Card,orphan_foreign_key
ORD00046513,CUST0032871,LOC0008,2025-04-03 22:16:25,Takeaway,Cancelled,PROMO005,25420.00,2085.00,3733.60,27068.60,Cash,orphan_foreign_key
ORD00046692,CUST0053175,LOC0019,2025-04-04 13:06:14,ThirdPartyDelivery,Completed,,3300.00,5334.00,528.00,3828.00,Cash,discount_exceeds_subtotal
ORD00046761,CUST0037177,LOC0012,2025-04-04 14:08:36,Takeaway,Completed,,3580.00,4103.44,537.00,4117.00,Card,discount_exceeds_subtotal
ORD00046907,CUST0004864,LOC7125,2025-04-04 18:44:04,ThirdPartyDelivery,Completed,,8940.00,0.00,1430.40,10370.40,Cash,invalid_restaurant_id
ORD00046966,CUST0036364,LOC0002,1900-01-01 16:57:00,Dine-in,Completed,,3345.00,0.00,501.75,3846.75,Cash,invalid_date
ORD00047112,CUST0009830,LOC0024,1900-01-01 22:33:00,Takeaway,Completed,,3970.00,0.00,635.20,4605.20,Cash,invalid_date
ORD00047415,CUST0007641,LOC0004,2025-04-05 13:24:35,App,Cancelled,,3320.00,7354.00,498.00,3818.00,Card,discount_exceeds_subtotal
ORD00047520,,LOC0023,2025-04-05 15:12:23,ThirdPartyDelivery,Completed,,4910.00,0.00,736.50,5646.50,Cash,missing_value
ORD00047631,,LOC0025,2025-04-05 18:45:19,Dine-in,Completed,,3320.00,0.00,498.00,3818.00,Cash,missing_value
ORD00047930,,LOC0012,2025-04-05 22:10:58,Dine-in,Completed,PROMO005,5165.00,420.00,711.75,5456.75,Card,missing_value
ORD00047934,,LOC0014,2025-04-05 22:14:03,Dine-in,Completed,PROMO005,3290.00,390.00,435.00,3335.00,Card,missing_value
ORD00048048,,LOC0003,2025-04-06 11:23:01,Dine-in,Completed,PROMO005,21955.00,4685.00,2590.50,19860.50,Cash,missing_value
ORD00048131,CUST0003802,LOC0004,2025-04-06 12:52:50,Takeaway,Completed,PROMO005,6735.00,12331.79,924.38,7086.88,Cash,discount_exceeds_subtotal
ORD00048200,CUST0047537,LOC1647,2025-04-06 13:48:30,Dine-in,Completed,,6820.00,0.00,1023.00,7843.00,Cash,invalid_restaurant_id
ORD00048239,CUST7179870,LOC0023,2025-04-06 14:24:36,Dine-in,Completed,,3385.00,0.00,507.75,3892.75,Cash,orphan_foreign_key
ORD00048257,CUST0007703,LOC0018,2025-04-06 14:46:00,Dine-in,Completed,,9010.00,19666.51,1441.60,10451.60,Wallet,discount_exceeds_subtotal
ORD00048540,,LOC0009,2025-04-06 20:59:08,ThirdPartyDelivery,Completed,,3250.00,0.00,520.00,3770.00,Cash,missing_value
ORD00048734,CUST2648613,LOC0014,2025-04-07 00:07:08,Website,Completed,,9460.00,0.00,1419.00,10879.00,Card,orphan_foreign_key
ORD00048828,CUST0032434,LOC0008,,Dine-in,Completed,,3630.00,0.00,580.80,4210.80,Card,invalid_date
ORD00048842,CUST0051970,LOC0018,2025-04-07 13:48:03,Dine-in,Completed,,5810.00,11547.17,929.60,6739.60,Card,discount_exceeds_subtotal
ORD00048850,CUST0037783,LOC9969,2025-04-07 13:59:05,Takeaway,Completed,,995.00,0.00,149.25,1144.25,Cash,invalid_restaurant_id
ORD00049045,CUST0006524,LOC2918,2025-04-07 21:04:47,Dine-in,Completed,,3770.00,0.00,603.20,4373.20,Card,invalid_restaurant_id
ORD00049101,CUST0052755,LOC0015,2025-04-07 22:28:59,Dine-in,Completed,,6125.00,0.00,980.00,7105.00,Wallet,orphan_foreign_key
ORD00049134,CUST8608847,LOC0005,2025-04-08 00:39:19,Dine-in,Completed,,2460.00,0.00,369.00,2829.00,Cash,orphan_foreign_key
ORD00049384,,LOC0012,2025-04-08 20:55:13,Dine-in,Completed,,1990.00,0.00,298.50,2288.50,Wallet,missing_value
ORD00049617,CUST0005904,LOC0003,2025-04-09 14:08:20,Dine-in,Completed,,5180.00,0.00,777.00,5957.00,Cash,orphan_foreign_key
ORD00049651,,LOC0008,2025-04-09 15:51:35,Dine-in,Completed,,6870.00,0.00,1099.20,7969.20,Wallet,missing_value
ORD00049920,CUST0046454,LOC0012,2025-04-10 11:37:11,Dine-in,Completed,,10680.00,0.00,1602.00,12282.00,Card,orphan_foreign_key
ORD00050116,,LOC0019,2025-04-10 19:09:53,ThirdPartyDelivery,Completed,,1675.00,0.00,268.00,1943.00,Cash,missing_value
ORD00050388,CUST0052266,LOC0004,2025-04-11 13:05:00,Dine-in,Completed,,7670.00,10134.13,1150.50,8820.50,Cash,discount_exceeds_subtotal
ORD00050864,CUST0040140,LOC0020,2025-04-12 11:08:14,Website,Completed,,11070.00,0.00,1660.50,12730.50,Wallet,orphan_foreign_key
ORD00050884,CUST0001456,LOC0005,,Takeaway,Completed,,5210.00,0.00,781.50,5991.50,Cash,invalid_date
ORD00051043,CUST0030476,LOC0011,2025-04-12 14:58:19,Takeaway,Completed,,3790.00,0.00,606.40,4396.40,Cash,orphan_foreign_key
ORD00051460,CUST0009828,LOC0016,1970-01-01 21:09:00,Takeaway,Completed,,8240.00,0.00,1318.40,9558.40,Card,invalid_date
ORD00051576,CUST0014199,LOC0002,2025-04-13 15:00:20,Dine-in,Completed,,6160.00,0.00,924.00,7084.00,Wallet,orphan_foreign_key
ORD00051660,CUST0031486,LOC0019,2025-04-13 18:46:47,ThirdPartyDelivery,Completed,,6140.00,0.00,982.40,7122.40,Online,orphan_foreign_key
ORD00051749,,LOC0020,2025-04-13 20:31:44,App,Completed,,5405.00,0.00,810.75,6215.75,Online,missing_value
ORD00051839,CUST9573964,LOC0017,2025-04-13 21:44:01,Website,Completed,,9010.00,0.00,1441.60,10451.60,Wallet,orphan_foreign_key
ORD00051938,CUST3983392,LOC0018,2025-04-14 11:43:04,Dine-in,Completed,,13100.00,0.00,2096.00,15196.00,Wallet,orphan_foreign_key
ORD00051980,CUST0048755,LOC0005,2025-04-14 12:46:54,ThirdPartyDelivery,Completed,,3890.00,5622.88,583.50,4473.50,Cash,discount_exceeds_subtotal
ORD00052024,CUST6291974,LOC0008,2025-04-14 13:49:10,Dine-in,Completed,,7860.00,0.00,1257.60,9117.60,Cash,orphan_foreign_key
ORD00052118,CUST0032054,LOC3925,2025-04-14 19:13:31,Dine-in,Completed,,14880.00,0.00,2380.80,17260.80,Wallet,invalid_restaurant_id
ORD00052266,CUST0011990,LOC1419,2025-04-14 22:57:20,Takeaway,Completed,,4350.00,0.00,652.50,5002.50,Cash,invalid_restaurant_id
ORD00052309,CUST0019858,LOC0004,2025-04-15 11:25:45,App,Completed,,3240.00,5677.97,486.00,3726.00,Online,discount_exceeds_subtotal
ORD00052342,CUST2124544,LOC0005,2025-04-15 12:25:43,Dine-in,Completed,,11090.00,0.00,1663.50,12753.50,Cash,orphan_foreign_key
ORD00052538,CUST0009263,LOC0003,2025-04-15 19:28:25,Dine-in,Completed,,14700.00,0.00,2205.00,16905.00,Wallet,orphan_foreign_key
ORD00052617,CUST0024895,LOC0013,2025-04-15 20:40:50,ThirdPartyDelivery,Completed,,1930.00,0.00,289.50,2219.50,Cash,orphan_foreign_key
ORD00052882,CUST0024539,LOC0002,2025-04-16 14:19:48,Website,Completed,,9490.00,11916.94,1423.50,10913.50,Online,discount_exceeds_subtotal
ORD00052907,CUST0013403,LOC0018,2025-04-16 14:58:33,Dine-in,Completed,PROMO006,8430.00,9715.91,1107.20,8027.20,Card,discount_exceeds_subtotal
ORD00052930,,LOC0023,2025-04-16 17:04:53,Dine-in,Completed,,14825.00,0.00,2223.75,17048.75,Cash,missing_value
ORD00053164,CUST0013918,LOC0007,,Dine-in,Completed,,7930.00,0.00,1268.80,9198.80,Wallet,invalid_date
ORD00053238,CUST0009818,LOC0009,,App,Completed,,1640.00,0.00,262.40,1902.40,Wallet,invalid_date
ORD00053351,CUST0044448,LOC0002,2025-04-17 14:16:12,App,Completed,,3060.00,0.00,459.00,3519.00,Online,orphan_foreign_key
ORD00053471,CUST0051211,LOC1291,2025-04-17 19:27:44,Takeaway,Completed,,3520.00,0.00,528.00,4048.00,Card,invalid_restaurant_id
ORD00053687,CUST1525893,LOC0012,2025-04-18 00:33:07,App,Completed,,7980.00,0.00,1197.00,9177.00,Wallet,orphan_foreign_key
ORD00053714,CUST0004122,LOC0019,2025-04-18 11:43:24,App,Completed,PROMO006,7130.00,7913.56,884.80,6414.80,Online,discount_exceeds_subtotal
ORD00053981,,LOC0003,2025-04-18 16:55:25,Dine-in,Completed,,3725.00,0.00,558.75,4283.75,Cash,missing_value
ORD00053986,CUST0035066,LOC0023,2025-04-18 17:11:14,App,Completed,,3800.00,5174.01,570.00,4370.00,Online,discount_exceeds_subtotal
ORD00054031,,LOC0025,2025-04-18 18:30:51,Dine-in,Completed,PROMO006,12100.00,2240.00,1479.00,11339.00,Card,missing_value
ORD00054060,CUST0038943,LOC0023,2025-04-18 18:59:41,Website,Completed,,8960.00,0.00,1344.00,10304.00,Online,orphan_foreign_key
ORD00054146,,LOC0017,2025-04-18 20:13:04,App,Completed,,9290.00,0.00,1486.40,10776.40,Online,missing_value
ORD00054285,CUST4932465,LOC0023,2025-04-18 22:12:05,Dine-in,Completed,,4690.00,0.00,703.50,5393.50,Cash,orphan_foreign_key
ORD00054293,,LOC0007,2025-04-18 22:22:27,ThirdPartyDelivery,Completed,,7960.00,0.00,1273.60,9233.60,Cash,missing_value
ORD00054468,CUST0029271,LOC0014,2025-04-19 12:57:55,App,Completed,,2475.00,0.00,371.25,2846.25,Online,orphan_foreign_key
ORD00054493,CUST7212535,LOC0012,2025-04-19 13:14:03,ThirdPartyDelivery,Completed,,2845.00,0.00,426.75,3271.75,Online,orphan_foreign_key
ORD00054618,CUST0035984,LOC0001,,Dine-in,Completed,PROMO006,8790.00,1630.00,1074.00,8234.00,Wallet,invalid_date
ORD00054640,CUST0029337,LOC0010,1900-01-01 10:45:00,Dine-in,Completed,,8670.00,0.00,1387.20,10057.20,Cash,invalid_date
ORD00054736,CUST0006945,LOC0020,2025-04-19 19:22:04,ThirdPartyDelivery,Completed,,7390.00,0.00,1108.50,8498.50,Online,orphan_foreign_key
ORD00054856,CUST0039411,LOC0004,2025-04-19 20:56:18,ThirdPartyDelivery,Completed,,1800.00,2587.18,270.00,2070.00,Cash,discount_exceeds_subtotal
ORD00054901,CUST3760523,LOC0016,2025-04-19 21:19:37,Dine-in,Completed,,7350.00,0.00,1176.00,8526.00,Card,orphan_foreign_key
ORD00054924,,LOC0007,2025-04-19 21:32:18,Website,Completed,PROMO006,9970.00,1510.00,1353.60,9813.60,Online,missing_value
ORD00054933,CUST0019307,LOC0023,2025-04-19 21:36:38,Dine-in,Completed,PROMO006,14500.00,3360.00,1671.00,12811.00,Card,orphan_foreign_key
ORD00055094,CUST9761644,LOC0005,2025-04-20 11:30:31,ThirdPartyDelivery,Completed,,4765.00,0.00,714.75,5479.75,Online,orphan_foreign_key
ORD00055259,CUST0035262,LOC0017,2025-04-20 14:17:25,App,Completed,,5635.00,0.00,901.60,6536.60,Online,orphan_foreign_key
ORD00055498,CUST0014247,LOC0017,2025-04-20 20:32:41,ThirdPartyDelivery,Completed,,2340.00,0.00,374.40,2714.40,Cash,orphan_foreign_key
ORD00055696,,LOC0024,2025-04-21 00:10:34,Dine-in,Completed,PROMO006,16270.00,5260.00,1761.60,12771.60,Cash,missing_value
ORD00055802,CUST5607632,LOC0017,2025-04-21 13:29:32,ThirdPartyDelivery,Completed,,3800.00,0.00,608.00,4408.00,Online,orphan_foreign_key
ORD00056019,CUST3976280,LOC0007,2025-04-21 20:43:04,Website,Completed,,6430.00,0.00,1028.80,7458.80,Wallet,orphan_foreign_key
ORD00056270,CUST0054235,LOC0017,,ThirdPartyDelivery,Completed,,2425.00,0.00,388.00,2813.00,Cash,invalid_date
ORD00056320,CUST0019363,LOC0015,,Takeaway,Completed,,2920.00,0.00,467.20,3387.20,Cash,invalid_date
ORD00056476,CUST0015340,LOC0024,2025-04-22 21:09:29,Takeaway,Completed,,5190.00,0.00,830.40,6020.40,Wallet,orphan_foreign_key
ORD00056777,CUST0011246,LOC0004,2025-04-23 17:18:29,Website,Completed,,5820.00,10064.16,873.00,6693.00,Online,discount_exceeds_subtotal
ORD00057086,CUST0015241,LOC0022,2025-04-24 12:26:25,Website,Completed,,5510.00,0.00,826.50,6336.50,Online,orphan_foreign_key
ORD00057088,CUST0032871,LOC0023,2025-04-24 12:27:41,Takeaway,Completed,,2625.00,0.00,393.75,3018.75,Card,orphan_foreign_key
ORD00057404,CUST0041604,LOC0001,2025-04-24 21:07:53,Dine-in,Completed,,12650.00,0.00,1897.50,14547.50,Cash,orphan_foreign_key
ORD00057527,CUST0050403,LOC0018,2025-04-25 00:56:35,Takeaway,Completed,PROMO006,22225.00,41244.12,2439.20,17684.20,Cash,discount_exceeds_subtotal
ORD00057785,CUST0018936,LOC0014,2025-04-25 17:34:14,Dine-in,Completed,PROMO006,8830.00,20449.88,1098.00,8418.00,Card,discount_exceeds_subtotal
ORD00057903,CUST0017194,LOC0004,2025-04-25 19:48:39,ThirdPartyDelivery,Completed,,10610.00,0.00,1591.50,12201.50,Online,orphan_foreign_key
ORD00057990,,LOC0009,2025-04-25 20:51:07,Takeaway,Cancelled,,13060.00,0.00,2089.60,15149.60,Cash,missing_value
ORD00058149,CUST4309195,LOC0002,2025-04-25 23:16:08,ThirdPartyDelivery,Completed,PROMO006,3575.00,1510.00,309.75,2374.75,Cash,orphan_foreign_key
ORD00058260,,LOC0020,2025-04-26 12:34:37,Takeaway,Completed,,2980.00,0.00,447.00,3427.00,Card,missing_value
ORD00058360,CUST0039087,LOC0009,2025-04-26 13:47:39,Dine-in,Completed,,13040.00,16636.42,2086.40,15126.40,Cash,discount_exceeds_subtotal
ORD00058434,CUST6558600,LOC0023,2025-04-26 16:00:20,Dine-in,Completed,PROMO006,7880.00,1510.00,955.50,7325.50,Cash,orphan_foreign_key
ORD00058555,CUST0024162,LOC0017,2025-04-26 19:27:17,Dine-in,Completed,PROMO006,10330.00,1510.00,1411.20,10231.20,Card,orphan_foreign_key
ORD00058644,,LOC0009,2025-04-26 20:28:11,Dine-in,Completed,,11140.00,0.00,1782.40,12922.40,Card,missing_value
ORD00058719,,LOC0003,2025-04-26 21:18:21,ThirdPartyDelivery,Completed,,6690.00,0.00,1003.50,7693.50,Online,missing_value
ORD00058746,CUST0038943,LOC0023,2025-04-26 21:39:34,Website,Completed,,6475.00,0.00,971.25,7446.25,Online,orphan_foreign_key
ORD00059129,,LOC0004,2025-04-27 14:53:35,Dine-in,Completed,,3710.00,0.00,556.50,4266.50,Cash,missing_value
ORD00059132,,LOC0022,2025-04-27 15:35:22,App,Completed,PROMO006,5690.00,1510.00,627.00,4807.00,Online,missing_value
ORD00059367,CUST4406904,LOC0009,2025-04-27 21:01:08,Dine-in,Completed,,16200.00,0.00,2592.00,18792.00,Card,orphan_foreign_key
ORD00059381,CUST6275959,LOC0013,2025-04-27 21:09:27,Dine-in,Completed,,8830.00,0.00,1324.50,10154.50,Card,orphan_foreign_key
ORD00059428,CUST0001653,LOC0009,2025-04-27 21:45:50,Dine-in,Completed,,1910.00,0.00,305.60,2215.60,Cash,orphan_foreign_key
ORD00059567,CUST0018793,LOC0011,2025-04-28 11:44:55,Dine-in,Completed,,9350.00,0.00,1496.00,10846.00,Cash,orphan_foreign_key
ORD00059574,CUST0001653,LOC0006,2025-04-28 12:09:32,Dine-in,Completed,,10750.00,0.00,1612.50,12362.50,Wallet,orphan_foreign_key
ORD00059893,CUST8271706,LOC0015,2025-04-28 21:18:43,Dine-in,Completed,,6460.00,0.00,1033.60,7493.60,Cash,orphan_foreign_key
ORD00060033,CUST0037483,LOC0023,2099-12-31 18:04:00,ThirdPartyDelivery,Completed,,5415.00,0.00,812.25,6227.25,Cash,invalid_date
ORD00060057,CUST0046454,LOC0011,2025-04-29 12:55:29,Website,Completed,,4160.00,0.00,665.60,4825.60,Online,orphan_foreign_key
ORD00060296,CUST0024090,LOC0014,,App,Completed,,5140.00,0.00,771.00,5911.00,Online,invalid_date
ORD00060397,CUST0042424,LOC0017,2025-04-29 22:55:59,ThirdPartyDelivery,Completed,,3800.00,0.00,608.00,4408.00,Cash,orphan_foreign_key
ORD00060428,,LOC0009,2025-04-30 10:47:29,Website,Completed,,10050.00,0.00,1608.00,11658.00,Wallet,missing_value
ORD00060638,CUST1548377,LOC0006,2025-04-30 17:55:15,Dine-in,Completed,PROMO006,13110.00,3140.00,1495.50,11465.50,Card,orphan_foreign_key
ORD00060804,,LOC0012,2025-04-30 21:54:45,App,Completed,,5560.00,0.00,834.00,6394.00,Online,missing_value
ORD00061076,CUST0036377,LOC0020,2025-05-01 18:26:02,Takeaway,Completed,PROMO007,5950.00,122.50,874.12,6701.62,Wallet,orphan_foreign_key
ORD00061236,,LOC0018,2025-05-01 21:55:30,Takeaway,Cancelled,,7180.00,0.00,1148.80,8328.80,Card,missing_value
ORD00061359,CUST4727167,LOC0008,2025-05-02 12:18:26,App,Completed,,4320.00,0.00,691.20,5011.20,Online,orphan_foreign_key
ORD00061367,CUST0018726,LOC0016,2025-05-02 12:29:11,Dine-in,Completed,,4875.00,0.00,780.00,5655.00,Wallet,orphan_foreign_key
ORD00061441,CUST0034890,LOC0014,2025-05-02 13:32:55,Dine-in,Completed,PROMO007,9265.00,353.75,1336.69,10247.94,Cash,orphan_foreign_key
ORD00061727,,LOC0002,2025-05-02 20:39:33,ThirdPartyDelivery,Completed,,2345.00,0.00,351.75,2696.75,Cash,missing_value
ORD00062023,CUST0047662,LOC4617,2025-05-03 13:15:48,Dine-in,Completed,,11645.00,0.00,1863.20,13508.20,Cash,invalid_restaurant_id
ORD00062143,CUST0022446,LOC0015,2025-05-03 16:29:01,Dine-in,Completed,PROMO007,6230.00,175.00,968.80,7023.80,Card,orphan_foreign_key
ORD00062276,,LOC0013,2025-05-03 19:42:05,Dine-in,Completed,,7600.00,0.00,1140.00,8740.00,Cash,missing_value
ORD00062481,,LOC0013,2025-05-03 22:10:01,Dine-in,Completed,,3160.00,0.00,474.00,3634.00,Cash,missing_value
ORD00062528,,LOC0006,2025-05-03 23:01:08,Dine-in,Completed,,5210.00,0.00,781.50,5991.50,Cash,missing_value
ORD00063125,CUST0009194,LOC0015,2031-07-22 14:17:00,Dine-in,Completed,PROMO007,6090.00,515.00,892.00,6467.00,Cash,invalid_date
ORD00063303,CUST0009822,LOC6821,2025-05-05 14:14:11,ThirdPartyDelivery,Completed,PROMO007,2020.00,40.00,316.80,2296.80,Online,invalid_restaurant_id
ORD00063555,,LOC0013,2025-05-05 21:50:42,App,Completed,,7860.00,0.00,1179.00,9039.00,Wallet,missing_value
ORD00063977,CUST0041604,LOC0004,2025-05-06 21:56:35,Takeaway,Completed,,6830.00,0.00,1024.50,7854.50,Wallet,orphan_foreign_key
ORD00064044,,LOC0020,2025-05-07 10:20:41,ThirdPartyDelivery,Completed,,14580.00,0.00,2187.00,16767.00,Cash,missing_value
ORD00064121,,LOC0002,2025-05-07 13:31:46,App,Completed,,3355.00,0.00,503.25,3858.25,Online,missing_value
ORD00064134,CUST0015359,LOC0001,2025-05-07 13:48:17,ThirdPartyDelivery,Completed,PROMO007,9540.00,122.50,1412.62,10830.12,Cash,orphan_foreign_key
ORD00064137,CUST3074064,LOC0025,2025-05-07 13:54:43,Takeaway,Completed,,8720.00,0.00,1308.00,10028.00,Wallet,orphan_foreign_key
ORD00064373,CUST0029066,LOC0001,2025-05-07 21:46:09,Dine-in,Completed,,10520.00,23321.65,1578.00,12098.00,Wallet,discount_exceeds_subtotal
ORD00064444,CUST0033474,LOC0016,2025-05-08 11:54:10,Dine-in,Completed,,8530.00,0.00,1364.80,9894.80,Cash,orphan_foreign_key
ORD00064473,CUST0052901,LOC0023,2025-05-08 12:26:44,ThirdPartyDelivery,Completed,,9550.00,0.00,1432.50,10982.50,Cash,orphan_foreign_key
ORD00064631,CUST0011743,LOC0016,2025-05-08 17:28:10,ThirdPartyDelivery,Completed,,2590.00,0.00,414.40,3004.40,Online,orphan_foreign_key
ORD00064676,CUST0043195,LOC0022,2025-05-08 19:17:35,Website,Completed,,9740.00,21005.82,1461.00,11201.00,Card,discount_exceeds_subtotal
ORD00064727,CUST0040233,LOC0015,2025-05-08 20:18:50,Dine-in,Completed,,6300.00,0.00,1008.00,7308.00,Wallet,orphan_foreign_key
ORD00064892,CUST5313560,LOC0003,2025-05-09 01:02:16,App,Completed,PROMO007,2170.00,202.50,295.12,2262.62,Card,orphan_foreign_key
ORD00064994,CUST0052372,LOC0019,2025-05-09 13:12:25,App,Completed,PROMO007,3540.00,162.50,540.40,3917.90,Cash,orphan_foreign_key
ORD00065171,CUST0011877,LOC6342,2025-05-09 18:10:57,Takeaway,Completed,PROMO007,3260.00,307.50,442.88,3395.38,Cash,invalid_restaurant_id
ORD00065239,CUST0029526,LOC2873,2025-05-09 19:39:41,Dine-in,Completed,,2860.00,0.00,457.60,3317.60,Card,invalid_restaurant_id
ORD00065252,CUST0047129,LOC3007,2025-05-09 19:51:27,ThirdPartyDelivery,Completed,,2570.00,0.00,385.50,2955.50,Online,orphan_foreign_key
ORD00065378,CUST0020034,LOC0005,2025-05-09 21:34:53,Dine-in,Completed,,9380.00,0.00,1407.00,10787.00,Card,orphan_foreign_key
ORD00065478,CUST0014076,LOC0019,2025-05-09 23:34:00,Takeaway,Completed,PROMO007,2160.00,5385.48,320.00,2320.00,Cash,discount_exceeds_subtotal
ORD00065504,CUST0042885,LOC0020,2025-05-10 10:33:45,App,Completed,,4230.00,0.00,634.50,4864.50,Online,orphan_foreign_key
ORD00065583,CUST0011981,LOC4159,2025-05-10 12:31:52,Dine-in,Completed,,3260.00,0.00,521.60,3781.60,Card,invalid_restaurant_id
ORD00065684,CUST0019174,LOC0019,2025-05-10 13:48:15,Dine-in,Completed,,8230.00,0.00,1316.80,9546.80,Card,orphan_foreign_key
ORD00065784,CUST0052901,LOC0023,2025-05-10 16:59:46,Dine-in,Completed,,13530.00,0.00,2029.50,15559.50,Cash,orphan_foreign_key
ORD00066113,CUST0027761,LOC0020,2031-07-22 17:34:00,Dine-in,Completed,,6400.00,0.00,960.00,7360.00,Cash,invalid_date
ORD00066179,CUST1344683,LOC0003,2025-05-11 11:01:36,Website,Completed,,3590.00,0.00,538.50,4128.50,Wallet,orphan_foreign_key
ORD00066377,,LOC0002,2025-05-11 14:53:29,Takeaway,Completed,,11330.00,0.00,1699.50,13029.50,Wallet,missing_value
ORD00066488,CUST0009762,LOC0010,2025-05-11 19:13:59,App,Completed,,7310.00,11398.44,1169.60,8479.60,Cash,discount_exceeds_subtotal
ORD00066806,CUST0023685,LOC0004,2099-12-31 22:45:00,App,Completed,PROMO007,25595.00,486.25,3766.31,28875.06,Wallet,invalid_date
ORD00066920,CUST0034592,LOC6054,2025-05-12 17:52:56,ThirdPartyDelivery,Completed,,4110.00,0.00,657.60,4767.60,Cash,invalid_restaurant_id
ORD00066955,CUST0002472,LOC5445,2025-05-12 19:10:26,Dine-in,Completed,,11000.00,0.00,1650.00,12650.00,Cash,invalid_restaurant_id
ORD00067319,CUST0048050,LOC0021,1970-01-01 13:33:00,App,Completed,,11840.00,0.00,1776.00,13616.00,Online,invalid_date
ORD00067569,,LOC0020,2025-05-14 01:43:55,ThirdPartyDelivery,Completed,,3080.00,0.00,462.00,3542.00,Online,missing_value
ORD00067575,CUST0042157,LOC0006,2025-05-14 10:47:36,Takeaway,Cancelled,,2600.00,0.00,390.00,2990.00,Cash,orphan_foreign_key
ORD00068033,CUST0020599,LOC0008,1970-01-01 16:22:00,Dine-in,Completed,,12160.00,0.00,1945.60,14105.60,Card,invalid_date
ORD00068082,,LOC0004,2025-05-15 12:21:27,Takeaway,Completed,,3860.00,0.00,579.00,4439.00,Card,missing_value
ORD00068312,CUST0018984,LOC0007,2025-05-15 19:25:22,Website,Completed,,7990.00,9123.25,1278.40,9268.40,Online,discount_exceeds_subtotal
ORD00068590,CUST0019043,LOC0003,,App,Completed,PROMO007,7925.00,40.00,1182.75,9067.75,Online,invalid_date
ORD00068640,,LOC0023,2025-05-16 13:24:40,Dine-in,Completed,,11360.00,0.00,1704.00,13064.00,Wallet,missing_value
ORD00068756,CUST0041318,LOC0017,2025-05-16 16:44:45,App,Completed,,4980.00,0.00,796.80,5776.80,Card,orphan_foreign_key
ORD00068891,CUST0044448,LOC0003,2025-05-16 19:45:37,Dine-in,Completed,,5235.00,0.00,785.25,6020.25,Cash,orphan_foreign_key
ORD00069422,,LOC0016,2025-05-17 16:10:25,Dine-in,Completed,,1440.00,0.00,230.40,1670.40,Cash,missing_value
ORD00069878,,LOC0016,2025-05-18 12:43:21,ThirdPartyDelivery,Completed,PROMO007,6580.00,227.50,1016.40,7368.90,Online,missing_value
ORD00069887,,LOC0022,2025-05-18 12:49:56,App,Completed,,1750.00,0.00,262.50,2012.50,Wallet,missing_value
ORD00069964,CUST8520610,LOC0005,2025-05-18 13:58:24,App,Completed,,6080.00,0.00,912.00,6992.00,Cash,orphan_foreign_key
ORD00070291,CUST0025732,LOC0022,2031-07-22 19:48:00,App,Completed,,7310.00,0.00,1096.50,8406.50,Online,invalid_date
ORD00070300,CUST0020034,LOC0005,2025-05-18 21:33:47,Dine-in,Completed,PROMO007,14295.00,551.25,2061.56,15805.31,Wallet,orphan_foreign_key
ORD00070830,CUST0039707,LOC0004,2025-05-20 01:43:33,Dine-in,Completed,PROMO007,8010.00,390.00,1143.00,8763.00,Wallet,orphan_foreign_key
ORD00070915,CUST0035489,LOC0013,2025-05-20 13:23:50,App,Completed,,6460.00,0.00,969.00,7429.00,Wallet,orphan_foreign_key
ORD00070921,CUST2566422,LOC0009,2025-05-20 13:34:29,ThirdPartyDelivery,Completed,,3080.00,0.00,492.80,3572.80,Online,orphan_foreign_key
ORD00071138,CUST0049732,LOC0009,2099-12-31 17:42:00,Dine-in,Completed,PROMO008,4450.00,445.00,640.80,4645.80,Card,invalid_date
ORD00071213,CUST0050761,LOC0004,2025-05-20 22:39:52,Dine-in,Completed,,11790.00,0.00,1768.50,13558.50,Cash,orphan_foreign_key
ORD00071430,,LOC0010,2025-05-21 17:40:22,Takeaway,Completed,,5450.00,0.00,872.00,6322.00,Cash,missing_value
ORD00071562,,LOC0018,2025-05-21 21:06:35,Website,Completed,,8835.00,0.00,1413.60,10248.60,Card,missing_value
ORD00071745,CUST0022446,LOC0015,2025-05-22 13:11:30,Dine-in,Completed,,6920.00,0.00,1107.20,8027.20,Card,orphan_foreign_key
ORD00071823,,LOC0022,2025-05-22 15:13:18,ThirdPartyDelivery,Completed,,4360.00,0.00,654.00,5014.00,Online,missing_value
ORD00072163,,LOC0023,2025-05-23 12:34:15,Dine-in,Completed,PROMO007,5010.00,745.00,639.75,4904.75,Card,missing_value
ORD00072192,CUST0012779,LOC0010,,Dine-in,Completed,PROMO007,10480.00,527.50,1592.40,11544.90,Wallet,invalid_date
ORD00072207,CUST0046127,LOC0023,2025-05-23 13:18:51,ThirdPartyDelivery,Completed,,1660.00,2339.91,249.00,1909.00,Online,discount_exceeds_subtotal
ORD00072346,CUST0005493,LOC0018,2025-05-23 17:32:03,App,Completed,,6430.00,13148.67,1028.80,7458.80,Online,discount_exceeds_subtotal
ORD00072416,CUST0041566,LOC0020,2027-11-05 16:12:00,Takeaway,Completed,,15730.00,0.00,2359.50,18089.50,Wallet,invalid_date
ORD00072508,,LOC0001,2025-05-23 20:37:24,Takeaway,Completed,PROMO007,3300.00,80.00,483.00,3703.00,Card,missing_value
ORD00072682,CUST0042042,LOC0009,2025-05-24 01:17:06,Dine-in,Completed,,9750.00,11794.21,1560.00,11310.00,Wallet,discount_exceeds_subtotal
ORD00072748,CUST3186874,LOC0005,2025-05-24 12:14:51,Dine-in,Completed,PROMO007,3160.00,40.00,468.00,3588.00,Cash,orphan_foreign_key
ORD00072860,CUST1248480,LOC0013,2025-05-24 13:40:07,App,Completed,,6490.00,0.00,973.50,7463.50,Online,orphan_foreign_key
ORD00073097,CUST0051041,LOC0017,2025-05-24 19:47:33,Takeaway,Completed,,10360.00,0.00,1657.60,12017.60,Cash,orphan_foreign_key
ORD00073139,CUST0043183,LOC0014,2025-05-24 20:21:31,Takeaway,Completed,PROMO008,8710.00,871.00,1175.85,9014.85,Cash,orphan_foreign_key
ORD00073213,CUST0054569,LOC0014,2027-11-05 10:19:00,ThirdPartyDelivery,Completed,,2975.00,0.00,446.25,3421.25,Online,invalid_date
ORD00073428,CUST0044771,LOC6363,2025-05-25 12:14:45,ThirdPartyDelivery,Completed,,6555.00,0.00,1048.80,7603.80,Cash,invalid_restaurant_id
ORD00073708,CUST6293852,LOC0013,2025-05-25 19:30:27,Dine-in,Completed,,11100.00,0.00,1665.00,12765.00,Cash,orphan_foreign_key
ORD00073791,,LOC0010,2025-05-25 20:40:10,Dine-in,Completed,,20710.00,0.00,3313.60,24023.60,Cash,missing_value
ORD00073824,,LOC0019,2025-05-25 21:09:16,Dine-in,Completed,PROMO007,4500.00,457.50,646.80,4689.30,Card,missing_value
ORD00073954,CUST0015992,LOC0018,,Takeaway,Completed,,12145.00,0.00,1943.20,14088.20,Card,invalid_date
ORD00074496,,LOC0023,2025-05-27 12:59:04,App,Completed,,2180.00,0.00,327.00,2507.00,Card,missing_value
ORD00074502,CUST0022446,LOC0015,2025-05-27 13:02:42,Dine-in,Completed,PROMO007,9055.00,26.25,1444.60,10473.35,Wallet,orphan_foreign_key
ORD00074507,CUST0043332,LOC5889,2025-05-27 13:10:07,Takeaway,Completed,PROMO007,1590.00,222.50,218.80,1586.30,Wallet,invalid_restaurant_id
ORD00074530,CUST0049576,LOC0005,2025-05-27 13:40:53,ThirdPartyDelivery,Cancelled,,6435.00,0.00,965.25,7400.25,Online,orphan_foreign_key
ORD00074707,,LOC0023,2025-05-27 20:27:15,Dine-in,Completed,,2490.00,0.00,373.50,2863.50,Cash,missing_value
ORD00074952,CUST0019174,LOC0023,2025-05-28 14:10:48,Dine-in,Completed,,6100.00,0.00,915.00,7015.00,Card,orphan_foreign_key
ORD00075059,CUST0034793,LOC0004,,Dine-in,Completed,,8270.00,0.00,1240.50,9510.50,Card,invalid_date
ORD00075115,CUST0010397,LOC0011,2025-05-28 20:13:50,ThirdPartyDelivery,Completed,,4235.00,7702.32,677.60,4912.60,Cash,discount_exceeds_subtotal
ORD00075325,CUST0039228,LOC0016,,ThirdPartyDelivery,Completed,,6470.00,0.00,1035.20,7505.20,Online,invalid_date
ORD00075384,CUST0043348,LOC0008,2025-05-29 13:52:36,Dine-in,Completed,,13640.00,0.00,2182.40,15822.40,Cash,orphan_foreign_key
ORD00075485,CUST0044666,LOC0018,2025-05-29 18:29:01,Dine-in,Completed,,1800.00,3547.38,288.00,2088.00,Cash,discount_exceeds_subtotal
ORD00075625,CUST5101716,LOC0003,2025-05-29 21:12:27,Dine-in,Completed,,7200.00,0.00,1080.00,8280.00,Card,orphan_foreign_key
ORD00075675,CUST0043141,LOC0008,2025-05-29 21:52:19,App,Completed,,1740.00,4002.89,278.40,2018.40,Wallet,discount_exceeds_subtotal
ORD00075693,CUST0053987,LOC0003,2025-05-29 22:22:01,Website,Cancelled,,9460.00,21684.76,1419.00,10879.00,Card,discount_exceeds_subtotal
ORD00075704,CUST0022239,LOC0017,2025-05-29 22:41:12,App,Completed,,11710.00,13157.71,1873.60,13583.60,Card,discount_exceeds_subtotal
ORD00075850,CUST0033278,LOC0022,1970-01-01 18:39:00,App,Completed,,4250.00,0.00,637.50,4887.50,Cash,invalid_date
ORD00075926,CUST0021781,LOC0008,2025-05-30 14:20:50,ThirdPartyDelivery,Completed,PROMO007,16285.00,421.25,2538.20,18401.95,Cash,orphan_foreign_key
ORD00076177,,LOC0009,2025-05-30 20:57:14,App,Completed,,7005.00,0.00,1120.80,8125.80,Online,missing_value
ORD00076195,CUST0002472,LOC0002,2025-05-30 21:19:09,App,Completed,,6335.00,14906.31,950.25,7285.25,Online,discount_exceeds_subtotal
ORD00076277,,LOC0014,2025-05-30 22:16:24,Website,Completed,,6000.00,0.00,900.00,6900.00,Card,missing_value
ORD00076524,CUST0053780,LOC0004,2025-05-31 14:17:49,Dine-in,Completed,,7385.00,17395.45,1107.75,8492.75,Wallet,discount_exceeds_subtotal
ORD00076838,CUST0002804,LOC0008,1900-01-01 16:40:00,Dine-in,Completed,,11200.00,0.00,1792.00,12992.00,Card,invalid_date
ORD00076867,CUST0040233,LOC0015,2025-05-31 21:40:17,Takeaway,Completed,,11170.00,0.00,1787.20,12957.20,Wallet,orphan_foreign_key
ORD00076973,CUST3791720,LOC0018,2025-06-01 01:32:56,ThirdPartyDelivery,Completed,,8810.00,0.00,1409.60,10219.60,Cash,orphan_foreign_key
ORD00077103,CUST0042491,LOC0014,2025-06-01 13:19:32,Dine-in,Completed,PROMO007,11495.00,26928.75,1665.94,12772.19,Card,discount_exceeds_subtotal
ORD00077217,CUST0003916,LOC0014,1900-01-01 13:10:00,Takeaway,Completed,,2685.00,0.00,402.75,3087.75,Cash,invalid_date
ORD00077251,CUST0049891,LOC4770,2025-06-01 17:50:40,App,Completed,PROMO007,5420.00,422.50,799.60,5797.10,Online,invalid_restaurant_id
ORD00077278,CUST0047953,LOC0017,,Dine-in,Completed,,2915.00,0.00,466.40,3381.40,Card,invalid_date
ORD00077373,CUST0020390,LOC0003,2025-06-01 20:02:59,Dine-in,Completed,PROMO007,4745.00,446.25,644.81,4943.56,Wallet,orphan_foreign_key
ORD00077527,CUST7407385,LOC0018,2025-06-01 22:19:15,Takeaway,Completed,,3105.00,0.00,496.80,3601.80,Card,orphan_foreign_key
ORD00077691,CUST9178266,LOC0008,2025-06-02 13:58:00,Takeaway,Completed,,1630.00,0.00,260.80,1890.80,Cash,orphan_foreign_key
ORD00077819,CUST0033776,LOC0004,2025-06-02 19:52:26,Takeaway,Completed,PROMO007,3550.00,120.00,514.50,3944.50,Card,orphan_foreign_key
ORD00077940,CUST0024873,LOC0018,2025-06-02 22:45:00,Dine-in,Completed,,9920.00,0.00,1587.20,11507.20,Card,orphan_foreign_key
ORD00077987,,LOC0012,2025-06-03 10:23:52,Dine-in,Completed,PROMO007,4800.00,210.00,688.50,5278.50,Card,missing_value
ORD00078050,CUST0014199,LOC0002,2025-06-03 13:03:21,Dine-in,Completed,,5360.00,0.00,804.00,6164.00,Card,orphan_foreign_key
ORD00078126,CUST0002641,LOC8603,2025-06-03 15:36:41,App,Completed,PROMO007,9185.00,431.25,1400.60,10154.35,Card,invalid_restaurant_id
ORD00078153,CUST5965274,LOC0017,2025-06-03 17:32:02,Takeaway,Completed,,3200.00,0.00,512.00,3712.00,Wallet,orphan_foreign_key
ORD00078219,CUST9950361,LOC0022,2025-06-03 20:05:11,Dine-in,Completed,,12020.00,0.00,1803.00,13823.00,Card,orphan_foreign_key
ORD00078222,,LOC0012,2025-06-03 20:08:41,Takeaway,Completed,,7480.00,0.00,1122.00,8602.00,Cash,missing_value
ORD00078244,CUST2994535,LOC0013,2025-06-03 20:35:50,ThirdPartyDelivery,Completed,,3590.00,0.00,538.50,4128.50,Online,orphan_foreign_key
ORD00078351,CUST0014270,LOC0009,2025-06-04 00:05:22,Dine-in,Completed,,13745.00,0.00,2199.20,15944.20,Card,orphan_foreign_key
ORD00078705,CUST9871924,LOC0008,2025-06-04 21:38:14,App,Completed,,6180.00,0.00,988.80,7168.80,Online,orphan_foreign_key
ORD00078933,,LOC0021,2025-06-05 16:21:13,Takeaway,Completed,,3125.00,0.00,468.75,3593.75,Cash,missing_value
ORD00078995,CUST0044047,LOC3769,2025-06-05 19:21:24,Takeaway,Completed,PROMO007,3880.00,182.50,591.60,4289.10,Card,invalid_restaurant_id
ORD00079253,,LOC0005,2025-06-06 12:18:01,ThirdPartyDelivery,Completed,,8050.00,0.00,1207.50,9257.50,Online,missing_value
ORD00079410,CUST4943268,LOC0003,2025-06-06 15:13:15,Dine-in,Completed,,4680.00,0.00,702.00,5382.00,Card,orphan_foreign_key
ORD00079818,CUST0018967,LOC0023,2025-06-07 13:28:33,Website,Completed,,8220.00,0.00,1233.00,9453.00,Online,orphan_foreign_key
ORD00079891,CUST0038631,LOC0023,2031-07-22 14:01:00,Dine-in,Completed,,11630.00,0.00,1744.50,13374.50,Card,invalid_date
ORD00079903,CUST6250391,LOC0018,2025-06-07 15:35:27,App,Completed,,6585.00,0.00,1053.60,7638.60,Card,orphan_foreign_key
ORD00079915,CUST0049751,LOC0020,2025-06-07 16:31:50,Dine-in,Completed,,2110.00,0.00,316.50,2426.50,Cash,orphan_foreign_key
ORD00079923,CUST0031718,LOC0023,1970-01-01 12:13:00,App,Completed,PROMO007,4545.00,160.00,657.75,5042.75,Wallet,invalid_date
ORD00079936,CUST0032987,LOC3238,2025-06-07 18:13:23,Takeaway,Completed,,5900.00,0.00,885.00,6785.00,Cash,invalid_restaurant_id
ORD00080101,CUST0054918,LOC0022,2025-06-07 22:13:59,App,Completed,,2095.00,0.00,314.25,2409.25,Wallet,orphan_foreign_key
ORD00080358,CUST0001155,LOC0007,1900-01-01 10:38:00,Takeaway,Completed,PROMO007,3165.00,508.75,425.00,3081.25,Card,invalid_date
ORD00080431,,LOC0012,2025-06-08 18:32:14,ThirdPartyDelivery,Completed,,7100.00,0.00,1065.00,8165.00,Online,missing_value
ORD00080444,CUST0012797,LOC0018,,ThirdPartyDelivery,Completed,PROMO007,3760.00,587.50,507.60,3680.10,Cash,invalid_date
ORD00080587,,LOC0010,2025-06-08 21:20:07,Website,Completed,PROMO007,6320.00,460.00,937.60,6797.60,Card,missing_value
ORD00080592,CUST0008412,LOC0018,2025-06-08 21:24:16,Dine-in,Completed,,20160.00,0.00,3225.60,23385.60,Card,orphan_foreign_key
ORD00080681,CUST0046952,LOC0016,2025-06-08 23:23:09,ThirdPartyDelivery,Completed,,5025.00,7323.18,804.00,5829.00,Cash,discount_exceeds_subtotal
ORD00080696,CUST0021760,LOC0023,2025-06-09 00:50:32,App,Completed,PROMO007,2645.00,171.25,371.06,2844.81,Card,orphan_foreign_key
ORD00080848,CUST4749884,LOC0008,2025-06-09 14:14:34,Dine-in,Cancelled,,9260.00,0.00,1481.60,10741.60,Wallet,orphan_foreign_key
ORD00080946,CUST0002388,LOC0025,2025-06-09 18:59:17,Takeaway,Completed,,5715.00,11225.04,857.25,6572.25,Cash,discount_exceeds_subtotal
ORD00080958,,LOC0018,2025-06-09 19:15:35,Takeaway,Completed,,10850.00,0.00,1736.00,12586.00,Card,missing_value
ORD00080970,CUST0046291,LOC0020,2025-06-09 19:31:34,Dine-in,Completed,,10455.00,0.00,1568.25,12023.25,Cash,orphan_foreign_key
ORD00081164,,LOC0001,2025-06-09 23:38:48,Dine-in,Completed,,14270.00,0.00,2140.50,16410.50,Card,missing_value
ORD00081362,,LOC0015,2025-06-10 16:52:04,Dine-in,Completed,,16170.00,0.00,2587.20,18757.20,Cash,missing_value
ORD00081778,CUST0027573,LOC0013,2025-06-11 15:59:31,Takeaway,Completed,PROMO010,3365.00,6429.54,485.85,3724.85,Cash,discount_exceeds_subtotal
ORD00081797,CUST0022684,LOC0004,2031-07-22 21:23:00,App,Completed,,2310.00,0.00,346.50,2656.50,Online,invalid_date
ORD00081837,,LOC0022,2025-06-11 19:00:21,Dine-in,Completed,PROMO007,21495.00,100.00,3209.25,24604.25,Card,missing_value
ORD00081844,CUST0018373,LOC0017,2025-06-11 19:10:45,App,Completed,,5880.00,0.00,940.80,6820.80,Online,orphan_foreign_key
ORD00081868,,LOC0004,2025-06-11 19:34:14,Dine-in,Completed,,4750.00,0.00,712.50,5462.50,Cash,missing_value
ORD00082115,CUST0041473,LOC0009,2025-06-12 13:15:14,Dine-in,Completed,,3020.00,3736.43,483.20,3503.20,Cash,discount_exceeds_subtotal
ORD00082188,CUST0000580,LOC6491,2025-06-12 14:46:05,Dine-in,Completed,,4300.00,0.00,645.00,4945.00,Card,invalid_restaurant_id
ORD00082329,CUST0018037,LOC0015,2025-06-12 20:14:58,Website,Completed,,8510.00,0.00,1361.60,9871.60,Online,orphan_foreign_key
ORD00082349,,LOC0022,2025-06-12 20:36:33,App,Completed,PROMO010,9440.00,1171.50,1240.27,9508.77,Online,missing_value
ORD00082560,CUST0020348,LOC0018,2025-06-13 12:30:44,Dine-in,Completed,PROMO007,4935.00,8402.82,644.20,4670.45,Card,discount_exceeds_subtotal
ORD00082611,CUST0009104,LOC0018,2027-11-05 22:31:00,Dine-in,Completed,PROMO008,8685.00,868.50,1250.64,9067.14,Wallet,invalid_date
ORD00083075,,LOC0018,2025-06-13 23:36:41,Dine-in,Completed,,9090.00,0.00,1454.40,10544.40,Cash,missing_value
ORD00083123,CUST0031270,LOC0018,2025-06-14 11:23:26,App,Completed,,1695.00,3121.93,271.20,1966.20,Online,discount_exceeds_subtotal
ORD00083304,CUST7760208,LOC0010,2025-06-14 14:26:26,App,Completed,,3010.00,0.00,481.60,3491.60,Online,orphan_foreign_key
ORD00083338,CUST0036233,LOC0014,2025-06-14 15:20:09,Dine-in,Completed,,11950.00,14875.79,1792.50,13742.50,Card,discount_exceeds_subtotal
ORD00083382,CUST7127369,LOC0003,2025-06-14 17:18:24,App,Completed,PROMO008,5465.00,546.50,737.78,5656.28,Card,orphan_foreign_key
ORD00083392,CUST4680648,LOC0005,2025-06-14 17:37:47,Takeaway,Completed,,4990.00,0.00,748.50,5738.50,Cash,orphan_foreign_key
ORD00083463,,LOC0016,2025-06-14 19:05:39,Takeaway,Completed,,9090.00,0.00,1454.40,10544.40,Cash,missing_value
ORD00083476,,LOC0007,2025-06-14 19:16:25,Dine-in,Completed,,11890.00,0.00,1902.40,13792.40,Wallet,missing_value
ORD00083505,CUST0024449,LOC0020,2025-06-14 19:42:16,App,Completed,,8940.00,0.00,1341.00,10281.00,Online,orphan_foreign_key
ORD00083508,CUST0019174,LOC0014,2025-06-14 19:45:03,App,Completed,,8530.00,0.00,1279.50,9809.50,Card,orphan_foreign_key
ORD00083695,,LOC0007,2025-06-14 22:16:56,Dine-in,Completed,,8440.00,0.00,1350.40,9790.40,Card,missing_value
ORD00083759,,LOC0016,2025-06-14 23:59:40,Takeaway,Completed,,9300.00,0.00,1488.00,10788.00,Cash,missing_value
ORD00083804,CUST0024873,LOC0007,2025-06-15 12:04:25,Dine-in,Completed,,8500.00,0.00,1360.00,9860.00,Wallet,orphan_foreign_key
ORD00084082,CUST0034072,LOC0002,1900-01-01 22:56:00,Dine-in,Completed,,16700.00,0.00,2505.00,19205.00,Cash,invalid_date
ORD00084111,CUST0000606,LOC7270,2025-06-15 19:30:44,Dine-in,Completed,,11885.00,0.00,1901.60,13786.60,Card,invalid_restaurant_id
ORD00084397,CUST0022980,LOC0001,2025-06-16 12:04:05,ThirdPartyDelivery,Completed,,2930.00,0.00,439.50,3369.50,Cash,orphan_foreign_key
ORD00084418,CUST0042640,LOC0003,2025-06-16 12:25:25,Dine-in,Completed,PROMO007,4515.00,397.50,617.62,4735.12,Card,orphan_foreign_key
ORD00084716,CUST0008412,LOC0015,2025-06-16 21:51:08,Takeaway,Completed,,8345.00,0.00,1335.20,9680.20,Cash,orphan_foreign_key
ORD00084896,,LOC0004,2025-06-17 13:30:14,ThirdPartyDelivery,Completed,,5420.00,0.00,813.00,6233.00,Cash,missing_value
ORD00084988,CUST0033199,LOC0023,,App,Completed,,7150.00,0.00,1072.50,8222.50,Online,invalid_date
ORD00085039,CUST9133371,LOC0007,2025-06-17 18:46:30,ThirdPartyDelivery,Cancelled,PROMO010,10060.00,883.50,1468.24,10644.74,Cash,orphan_foreign_key
ORD00085264,CUST0048367,LOC0014,2025-06-18 12:03:43,Dine-in,Completed,,6040.00,0.00,906.00,6946.00,Cash,orphan_foreign_key
ORD00085484,,LOC0003,2025-06-18 18:33:42,Takeaway,Completed,,10530.00,0.00,1579.50,12109.50,Cash,missing_value
ORD00085542,CUST0034637,LOC0013,,Dine-in,Completed,,9390.00,0.00,1408.50,10798.50,Cash,invalid_date
ORD00085699,CUST0020883,LOC0010,2025-06-19 11:40:03,Website,Completed,,6480.00,0.00,1036.80,7516.80,Online,orphan_foreign_key
ORD00085700,,LOC0025,2025-06-19 11:41:56,Takeaway,Completed,,9590.00,0.00,1438.50,11028.50,Card,missing_value
ORD00085734,CUST0018037,LOC0021,2025-06-19 12:46:40,Dine-in,Completed,,11040.00,0.00,1656.00,12696.00,Wallet,orphan_foreign_key
ORD00085853,CUST0032430,LOC0012,,App,Completed,,2990.00,0.00,448.50,3438.50,Card,invalid_date
ORD00086315,CUST0024895,LOC0013,2025-06-20 19:02:22,Takeaway,Completed,,4520.00,0.00,678.00,5198.00,Wallet,orphan_foreign_key
ORD00086341,CUST0018967,LOC0023,2025-06-20 19:41:23,Website,Completed,,2245.00,0.00,336.75,2581.75,Card,orphan_foreign_key
ORD00086369,CUST0048367,LOC0005,2025-06-20 20:12:16,Takeaway,Completed,,3640.00,0.00,546.00,4186.00,Card,orphan_foreign_key
ORD00086657,,LOC0006,2025-06-21 13:22:17,Takeaway,Completed,PROMO009,4205.00,300.00,585.75,4490.75,Card,missing_value
ORD00086745,,LOC0003,2025-06-21 15:22:48,App,Completed,,1615.00,0.00,242.25,1857.25,Wallet,missing_value
ORD00086810,CUST9839143,LOC0014,2025-06-21 18:13:45,Takeaway,Completed,,3300.00,0.00,495.00,3795.00,Cash,orphan_foreign_key
ORD00086855,CUST0014616,LOC0015,2025-06-21 19:23:54,Dine-in,Completed,,6060.00,14776.81,969.60,7029.60,Cash,discount_exceeds_subtotal
ORD00086933,,LOC0003,2025-06-21 20:35:47,Dine-in,Completed,,6110.00,0.00,916.50,7026.50,Cash,missing_value
ORD00086954,CUST0034123,LOC0021,2025-06-21 20:56:17,App,Completed,,10530.00,0.00,1579.50,12109.50,Wallet,orphan_foreign_key
ORD00087001,CUST0025258,LOC0023,2025-06-21 21:27:08,Takeaway,Completed,PROMO007,5250.00,6696.08,718.50,5508.50,Cash,discount_exceeds_subtotal
ORD00087044,,LOC0017,2025-06-21 22:14:12,Dine-in,Completed,PROMO007,4395.00,361.25,645.40,4679.15,Card,missing_value
ORD00087052,,LOC0002,2025-06-21 22:26:18,ThirdPartyDelivery,Completed,,2780.00,0.00,417.00,3197.00,Cash,missing_value
ORD00087091,,LOC0018,2025-06-21 23:21:03,Dine-in,Completed,,6020.00,0.00,963.20,6983.20,Cash,missing_value
ORD00087137,CUST0052151,LOC0008,2025-06-22 11:07:18,Dine-in,Completed,,2220.00,3596.72,355.20,2575.20,Card,discount_exceeds_subtotal
ORD00087205,,LOC0018,2025-06-22 12:49:58,App,Completed,,9160.00,0.00,1465.60,10625.60,Wallet,missing_value
ORD00087445,CUST0004149,LOC0007,2025-06-22 19:17:49,Dine-in,Completed,PROMO007,14425.00,165.00,2281.60,16541.60,Card,orphan_foreign_key
ORD00087517,CUST2712697,LOC0003,2025-06-22 20:28:14,Dine-in,Completed,,7460.00,0.00,1119.00,8579.00,Cash,orphan_foreign_key
ORD00087611,,LOC0006,2025-06-22 21:46:46,Website,Completed,PROMO007,5240.00,432.50,721.12,5528.62,Online,missing_value
ORD00087810,CUST0000176,LOC0011,2025-06-23 14:34:46,Website,Completed,,8070.00,0.00,1291.20,9361.20,Online,orphan_foreign_key
ORD00087842,CUST0051156,LOC0005,,App,Completed,PROMO007,6160.00,612.50,832.12,6379.62,Card,invalid_date
ORD00088020,CUST0006047,LOC0018,2031-07-22 15:41:00,App,Completed,,5710.00,0.00,913.60,6623.60,Card,invalid_date
ORD00088372,,LOC0012,2025-06-24 21:47:14,App,Completed,PROMO007,8460.00,377.50,1212.38,9294.88,Online,missing_value
ORD00088451,CUST0012467,LOC0009,,Takeaway,Completed,,2020.00,0.00,323.20,2343.20,Card,invalid_date
ORD00088537,CUST0018037,LOC0015,2025-06-25 13:59:33,Website,Completed,PROMO007,2030.00,52.50,316.40,2293.90,Card,orphan_foreign_key
ORD00088581,CUST2702592,LOC0021,2025-06-25 15:35:07,App,Completed,,4220.00,0.00,633.00,4853.00,Wallet,orphan_foreign_key
ORD00088895,CUST0053983,LOC8267,2025-06-26 13:12:55,Dine-in,Completed,,8490.00,0.00,1358.40,9848.40,Card,invalid_restaurant_id
ORD00088997,CUST0029118,LOC8130,2025-06-26 18:16:11,App,Completed,,4830.00,0.00,724.50,5554.50,Card,invalid_restaurant_id
ORD00089155,CUST0051187,LOC8478,2025-06-26 21:36:38,Takeaway,Completed,,3190.00,0.00,510.40,3700.40,Card,invalid_restaurant_id
ORD00089280,CUST0010103,LOC0004,2025-06-27 12:50:43,Dine-in,Completed,,11770.00,14012.58,1765.50,13535.50,Cash,discount_exceeds_subtotal
ORD00089386,CUST0014199,LOC0002,2025-06-27 15:12:16,ThirdPartyDelivery,Completed,,2490.00,0.00,373.50,2863.50,Online,orphan_foreign_key
ORD00089441,CUST0027573,LOC0013,2025-06-27 18:30:12,Dine-in,Completed,,9600.00,0.00,1440.00,11040.00,Card,orphan_foreign_key
ORD00089991,CUST2965803,LOC0010,2025-06-28 19:13:59,App,Completed,PROMO007,2390.00,122.50,362.80,2630.30,Wallet,orphan_foreign_key
ORD00090040,CUST0049816,LOC0002,2025-06-28 20:04:09,App,Completed,,6220.00,14520.59,933.00,7153.00,Online,discount_exceeds_subtotal
ORD00090263,,LOC0023,2025-06-29 12:08:06,Dine-in,Completed,,5765.00,0.00,864.75,6629.75,Card,missing_value
ORD00090285,CUST0044424,LOC0009,1970-01-01 12:50:00,Dine-in,Completed,,5305.00,0.00,848.80,6153.80,Card,invalid_date
ORD00090300,CUST0036104,LOC0020,2025-06-29 12:52:05,Website,Completed,PROMO007,5575.00,40.00,830.25,6365.25,Online,orphan_foreign_key
ORD00090405,CUST0015858,LOC0009,2099-12-31 10:46:00,App,Completed,,4790.00,0.00,766.40,5556.40,Wallet,invalid_date
ORD00090525,,LOC0013,2025-06-29 19:45:13,Dine-in,Completed,,4690.00,0.00,703.50,5393.50,Cash,missing_value
ORD00090623,,LOC0016,2025-06-29 21:06:40,ThirdPartyDelivery,Completed,,3680.00,0.00,588.80,4268.80,Online,missing_value
ORD00090659,CUST0053873,LOC0003,2025-06-29 21:42:00,Dine-in,Completed,,3980.00,0.00,597.00,4577.00,Card,orphan_foreign_key
ORD00090736,CUST0022040,LOC0009,,Takeaway,Completed,,16670.00,0.00,2667.20,19337.20,Cash,invalid_date
ORD00090937,CUST0015364,LOC0014,2025-06-30 18:25:43,App,Completed,,2640.00,0.00,396.00,3036.00,Wallet,orphan_foreign_key
ORD00090958,CUST0043348,LOC0008,2025-06-30 19:06:17,Dine-in,Completed,,4470.00,0.00,715.20,5185.20,Wallet,orphan_foreign_key
ORD00090966,CUST0004821,LOC0016,,Website,Completed,,4810.00,0.00,769.60,5579.60,Online,invalid_date
ORD00091301,,LOC0008,2025-07-01 13:54:18,Takeaway,Completed,,6625.00,0.00,1060.00,7685.00,Cash,missing_value
ORD00091339,CUST0013231,LOC0009,2025-07-01 14:41:49,Dine-in,Completed,,6020.00,12500.07,963.20,6983.20,Cash,discount_exceeds_subtotal
ORD00091366,CUST1044034,LOC0008,2025-07-01 16:13:50,Dine-in,Completed,,5060.00,0.00,809.60,5869.60,Cash,orphan_foreign_key
ORD00091381,CUST0026089,LOC0017,2025-07-01 17:35:57,App,Completed,,11440.00,26971.18,1830.40,13270.40,Online,discount_exceeds_subtotal
ORD00091451,CUST0014550,LOC0006,2025-07-01 20:06:25,Takeaway,Completed,,7170.00,0.00,1075.50,8245.50,Wallet,orphan_foreign_key
ORD00091608,,LOC0005,2025-07-02 01:19:41,Dine-in,Completed,,8240.00,0.00,1236.00,9476.00,Wallet,missing_value
ORD00092057,CUST0020883,LOC0015,2025-07-03 12:38:01,Dine-in,Completed,PROMO011,10420.00,199.99,1635.20,11855.21,Cash,orphan_foreign_key
ORD00092235,CUST0041976,LOC0004,2025-07-03 19:16:30,Dine-in,Completed,PROMO011,9690.00,19503.47,1423.50,10913.50,Cash,discount_exceeds_subtotal
ORD00092341,CUST0031042,LOC0012,2025-07-03 21:34:43,App,Completed,,4160.00,0.00,624.00,4784.00,Wallet,orphan_foreign_key
ORD00092487,,LOC0022,2025-07-04 12:33:39,App,Completed,,4750.00,0.00,712.50,5462.50,Online,missing_value
ORD00092497,CUST1529946,LOC0004,2025-07-04 12:41:34,Dine-in,Completed,,4590.00,0.00,688.50,5278.50,Card,orphan_foreign_key
ORD00092799,CUST0040140,LOC0020,2025-07-04 20:12:37,ThirdPartyDelivery,Completed,,8830.00,0.00,1324.50,10154.50,Online,orphan_foreign_key
ORD00092945,CUST0050587,LOC0016,2025-07-04 21:54:27,Website,Completed,PROMO011,4710.00,200.00,721.60,5231.60,Online,orphan_foreign_key
ORD00093011,CUST0026023,LOC0001,2025-07-04 23:55:27,ThirdPartyDelivery,Completed,,5250.00,0.00,787.50,6037.50,Online,orphan_foreign_key
ORD00093194,CUST0022419,LOC0007,2025-07-05 13:56:59,Takeaway,Completed,,2030.00,0.00,324.80,2354.80,Cash,orphan_foreign_key
ORD00093272,,LOC0018,2025-07-05 16:33:22,Dine-in,Completed,,11195.00,0.00,1791.20,12986.20,Card,missing_value
ORD00093414,CUST0004668,LOC0016,,Takeaway,Completed,,6725.00,0.00,1076.00,7801.00,Wallet,invalid_date
ORD00093525,,LOC0016,2025-07-05 21:50:01,ThirdPartyDelivery,Completed,,2530.00,0.00,404.80,2934.80,Online,missing_value
ORD00093661,CUST0020443,LOC0004,2025-07-06 12:27:06,App,Completed,,4640.00,0.00,696.00,5336.00,Card,orphan_foreign_key
ORD00093819,CUST0042424,LOC0017,2025-07-06 17:14:31,Takeaway,Completed,,4880.00,0.00,780.80,5660.80,Wallet,orphan_foreign_key
ORD00093856,CUST9639413,LOC0023,2025-07-06 18:31:21,ThirdPartyDelivery,Completed,,2800.00,0.00,420.00,3220.00,Online,orphan_foreign_key
ORD00093927,CUST0017194,LOC0004,2025-07-06 20:10:08,Dine-in,Completed,,20780.00,0.00,3117.00,23897.00,Wallet,orphan_foreign_key
ORD00094129,CUST8458310,LOC0013,2025-07-06 23:52:35,ThirdPartyDelivery,Completed,,4635.00,0.00,695.25,5330.25,Online,orphan_foreign_key
ORD00094265,,LOC0007,2025-07-07 14:17:44,Dine-in,Completed,,8540.00,0.00,1366.40,9906.40,Cash,missing_value
ORD00094864,CUST0032432,LOC0007,1970-01-01 22:31:00,Dine-in,Completed,,17760.00,0.00,2841.60,20601.60,Wallet,invalid_date
ORD00094875,CUST0028661,LOC0021,2025-07-08 22:07:04,Takeaway,Completed,,5560.00,0.00,834.00,6394.00,Card,orphan_foreign_key
ORD00095464,,LOC0005,2025-07-10 15:55:08,App,Completed,,2650.00,0.00,397.50,3047.50,Online,missing_value
ORD00095686,CUST0005432,LOC0006,2025-07-10 21:59:18,Dine-in,Completed,,10810.00,20325.96,1621.50,12431.50,Cash,discount_exceeds_subtotal
ORD00095699,CUST1968104,LOC0005,2025-07-10 22:23:54,App,Completed,PROMO011,14360.00,200.00,2124.00,16284.00,Wallet,orphan_foreign_key
ORD00095724,CUST0045856,LOC0013,2025-07-10 23:05:42,ThirdPartyDelivery,Completed,,9870.00,0.00,1480.50,11350.50,Cash,orphan_foreign_key
ORD00095725,CUST0038091,LOC0005,2025-07-10 23:07:52,App,Completed,PROMO011,8490.00,18042.91,1243.50,9533.50,Online,discount_exceeds_subtotal
ORD00095818,CUST0005274,LOC0003,2025-07-11 12:27:04,ThirdPartyDelivery,Completed,,6735.00,0.00,1010.25,7745.25,Online,orphan_foreign_key
ORD00095929,CUST0053287,LOC5224,2025-07-11 14:07:09,Website,Completed,,6830.00,0.00,1092.80,7922.80,Online,invalid_restaurant_id
ORD00096181,CUST0053946,LOC5346,2025-07-11 21:04:38,Dine-in,Completed,,3450.00,0.00,517.50,3967.50,Cash,invalid_restaurant_id
ORD00096421,CUST0028282,LOC5074,2025-07-12 12:50:49,Dine-in,Completed,,6180.00,0.00,927.00,7107.00,Card,invalid_restaurant_id
ORD00096663,CUST0037678,LOC6756,2025-07-12 19:09:15,Takeaway,Completed,,2160.00,0.00,324.00,2484.00,Cash,invalid_restaurant_id
ORD00096746,CUST0008004,LOC0010,2025-07-12 20:31:19,Dine-in,Completed,PROMO011,13100.00,200.00,2064.00,14964.00,Card,orphan_foreign_key
ORD00096903,CUST0020803,LOC0003,2027-11-05 18:07:00,Dine-in,Completed,,6005.00,0.00,900.75,6905.75,Wallet,invalid_date
ORD00097250,,LOC0018,2025-07-13 19:16:42,ThirdPartyDelivery,Completed,,6610.00,0.00,1057.60,7667.60,Online,missing_value
ORD00098004,,LOC0009,2025-07-15 13:27:56,Takeaway,Completed,,4560.00,0.00,729.60,5289.60,Cash,missing_value
ORD00098178,,LOC0001,2025-07-15 20:27:23,Dine-in,Completed,,9480.00,0.00,1422.00,10902.00,Card,missing_value
ORD00098224,CUST0003887,LOC0021,2031-07-22 18:24:00,App,Completed,,4890.00,0.00,733.50,5623.50,Online,invalid_date
ORD00098274,,LOC0008,2025-07-15 23:01:39,Takeaway,Completed,,4880.00,0.00,780.80,5660.80,Card,missing_value
ORD00098477,CUST0423565,LOC0016,2025-07-16 18:53:30,App,Completed,,2110.00,0.00,337.60,2447.60,Online,orphan_foreign_key
ORD00098725,CUST2488497,LOC0003,2025-07-17 13:18:00,App,Completed,,5955.00,0.00,893.25,6848.25,Online,orphan_foreign_key
ORD00098874,,LOC0023,2025-07-17 19:20:12,Takeaway,Completed,,5880.00,0.00,882.00,6762.00,Wallet,missing_value
ORD00099102,CUST5843686,LOC0004,2025-07-18 11:04:40,Website,Completed,,4350.00,0.00,652.50,5002.50,Online,orphan_foreign_key
ORD00099286,,LOC0003,2025-07-18 14:57:03,Dine-in,Completed,,5175.00,0.00,776.25,5951.25,Wallet,missing_value
ORD00099516,,LOC0022,2025-07-18 21:46:55,Takeaway,Completed,PROMO011,6820.00,200.00,993.00,7613.00,Cash,missing_value
ORD00099658,,LOC0003,2025-07-19 12:04:37,Takeaway,Completed,PROMO011,9320.00,200.00,1368.00,10488.00,Card,missing_value
ORD00099715,CUST7260452,LOC0016,2025-07-19 13:04:18,Dine-in,Completed,,12250.00,0.00,1960.00,14210.00,Card,orphan_foreign_key
ORD00099789,CUST5228247,LOC0002,2025-07-19 14:08:09,Dine-in,Completed,,11690.00,0.00,1753.50,13443.50,Card,orphan_foreign_key
ORD00099872,,LOC0006,2025-07-19 17:33:28,Dine-in,Completed,PROMO009,9770.00,300.00,1420.50,10890.50,Wallet,missing_value
ORD00099900,CUST0014760,LOC0008,,App,Completed,,7300.00,0.00,1168.00,8468.00,Online,invalid_date
ORD00099920,,LOC0003,2025-07-19 19:11:19,Dine-in,Completed,,4760.00,0.00,714.00,5474.00,Cash,missing_value
ORD00100009,CUST0014550,LOC0008,2025-07-19 20:35:27,App,Completed,,5550.00,0.00,888.00,6438.00,Cash,orphan_foreign_key
ORD00100480,CUST0011355,LOC0217,2025-07-20 18:59:35,Dine-in,Completed,,10410.00,0.00,1665.60,12075.60,Card,invalid_restaurant_id
ORD00100782,CUST6529900,LOC0016,2025-07-21 12:08:21,Dine-in,Completed,,3230.00,0.00,516.80,3746.80,Card,orphan_foreign_key
ORD00100783,CUST0002670,LOC0004,,Website,Completed,,8680.00,0.00,1302.00,9982.00,Online,invalid_date
ORD00100834,CUST0009263,LOC0018,2025-07-21 13:11:16,Takeaway,Completed,,19130.00,0.00,3060.80,22190.80,Card,orphan_foreign_key
ORD00100932,CUST0036765,LOC0002,2025-07-21 17:39:58,App,Completed,PROMO011,1455.00,200.00,188.25,1443.25,Online,orphan_foreign_key
ORD00100966,CUST0053473,LOC0013,2025-07-21 18:53:49,App,Cancelled,,4870.00,0.00,730.50,5600.50,Online,orphan_foreign_key
ORD00100985,CUST0020494,LOC2304,2025-07-21 19:17:38,App,Completed,,4600.00,0.00,690.00,5290.00,Cash,invalid_restaurant_id
ORD00101067,CUST0052755,LOC0015,2025-07-21 21:04:35,App,Completed,,8210.00,0.00,1313.60,9523.60,Cash,orphan_foreign_key
ORD00101304,CUST0020334,LOC0023,2025-07-22 14:53:38,Website,Completed,,12300.00,0.00,1845.00,14145.00,Online,orphan_foreign_key
ORD00101315,CUST0039096,LOC0022,2025-07-22 15:30:44,Website,Completed,,5275.00,0.00,791.25,6066.25,Online,orphan_foreign_key
ORD00101396,CUST0027573,LOC0013,2025-07-22 20:02:00,Takeaway,Completed,,3120.00,0.00,468.00,3588.00,Cash,orphan_foreign_key
ORD00101402,CUST0014938,LOC0004,2025-07-22 20:10:01,Dine-in,Completed,,6800.00,10871.23,1020.00,7820.00,Cash,discount_exceeds_subtotal
ORD00101557,,LOC0008,2025-07-23 12:07:39,App,Completed,,4470.00,0.00,715.20,5185.20,Card,missing_value
ORD00101558,,LOC0006,2025-07-23 12:09:42,Dine-in,Completed,,3620.00,0.00,543.00,4163.00,Wallet,missing_value
ORD00101587,CUST0001753,LOC0018,2025-07-23 12:43:19,Takeaway,Completed,,4540.00,0.00,726.40,5266.40,Wallet,orphan_foreign_key
ORD00101651,CUST0053873,LOC0003,2025-07-23 13:57:26,Dine-in,Completed,,3875.00,0.00,581.25,4456.25,Cash,orphan_foreign_key
ORD00101819,,LOC0004,2025-07-23 20:54:46,Takeaway,Completed,,1300.00,0.00,195.00,1495.00,Wallet,missing_value
ORD00101857,CUST0246464,LOC0022,2025-07-23 21:57:19,Takeaway,Completed,,6240.00,0.00,936.00,7176.00,Cash,orphan_foreign_key
ORD00101960,,LOC0004,2025-07-24 12:20:16,Website,Completed,PROMO011,2710.00,200.00,376.50,2886.50,Online,missing_value
ORD00101965,CUST0042424,LOC0017,2025-07-24 12:26:50,ThirdPartyDelivery,Completed,,10780.00,0.00,1724.80,12504.80,Online,orphan_foreign_key
ORD00102108,CUST0045230,LOC0020,2025-07-24 17:37:58,Takeaway,Completed,,6160.00,0.00,924.00,7084.00,Card,orphan_foreign_key
ORD00102364,,LOC0013,2025-07-25 12:33:00,App,Completed,,1860.00,0.00,279.00,2139.00,Online,missing_value
ORD00102427,CUST0050761,LOC0004,2025-07-25 13:37:33,Takeaway,Completed,,3410.00,0.00,511.50,3921.50,Cash,orphan_foreign_key
ORD00102531,CUST0023261,LOC0007,,Website,Completed,,4810.00,0.00,769.60,5579.60,Card,invalid_date
ORD00102559,CUST0004713,LOC0020,,Takeaway,Completed,,5780.00,0.00,867.00,6647.00,Cash,invalid_date
ORD00102600,CUST0024549,LOC0009,1900-01-01 18:12:00,ThirdPartyDelivery,Completed,,645.00,0.00,103.20,748.20,Cash,invalid_date
ORD00102713,CUST9611155,LOC0002,2025-07-25 21:04:50,ThirdPartyDelivery,Completed,,2775.00,0.00,416.25,3191.25,Cash,orphan_foreign_key
ORD00103020,CUST0029929,LOC0008,2025-07-26 14:51:10,App,Completed,PROMO011,3895.00,8590.70,591.20,4286.20,Online,discount_exceeds_subtotal
ORD00103022,CUST0014443,LOC0005,2025-07-26 14:54:27,Dine-in,Completed,,11320.00,17249.95,1698.00,13018.00,Card,discount_exceeds_subtotal
ORD00103163,,LOC0008,2025-07-26 19:44:20,Dine-in,Completed,,5680.00,0.00,908.80,6588.80,Card,missing_value
ORD00103202,,LOC0022,2025-07-26 20:23:29,Dine-in,Completed,PROMO011,11290.00,200.00,1663.50,12753.50,Cash,missing_value
ORD00103583,CUST0024344,LOC0002,2025-07-27 14:53:51,App,Completed,,8420.00,10543.12,1263.00,9683.00,Online,discount_exceeds_subtotal
ORD00103779,,LOC0010,2025-07-27 20:41:01,Takeaway,Completed,PROMO011,3915.00,200.00,594.40,4309.40,Wallet,missing_value
ORD00103788,,LOC0005,2025-07-27 20:49:48,App,Completed,,7520.00,0.00,1128.00,8648.00,Cash,missing_value
ORD00103852,CUST0047875,LOC2531,2025-07-27 21:38:40,App,Completed,,3530.00,0.00,564.80,4094.80,Wallet,invalid_restaurant_id
ORD00104001,,LOC0018,2025-07-28 12:29:07,Dine-in,Completed,,7980.00,0.00,1276.80,9256.80,Cash,missing_value
ORD00104078,CUST9400137,LOC0003,2025-07-28 14:39:32,App,Completed,,2915.00,0.00,437.25,3352.25,Online,orphan_foreign_key
ORD00104185,CUST0006630,LOC0003,2025-07-28 19:48:09,Dine-in,Completed,,15655.00,0.00,2348.25,18003.25,Card,orphan_foreign_key
ORD00104200,,LOC0008,2025-07-28 20:17:20,Website,Completed,,1980.00,0.00,316.80,2296.80,Card,missing_value
ORD00104214,CUST0029351,LOC0001,2025-07-28 20:39:34,App,Completed,,6960.00,0.00,1044.00,8004.00,Wallet,orphan_foreign_key
ORD00104559,,LOC0004,2025-07-29 20:23:26,Dine-in,Completed,,10860.00,0.00,1629.00,12489.00,Cash,missing_value
ORD00104748,CUST0024050,LOC5304,2025-07-30 12:58:04,Takeaway,Completed,,9600.00,0.00,1440.00,11040.00,Card,invalid_restaurant_id
ORD00104773,CUST5747343,LOC0013,2025-07-30 13:29:37,Dine-in,Completed,,13320.00,0.00,1998.00,15318.00,Card,orphan_foreign_key
ORD00104933,CUST0024089,LOC0008,2025-07-30 20:10:12,Dine-in,Completed,PROMO011,10745.00,14090.46,1687.20,12232.20,Card,discount_exceeds_subtotal
ORD00104939,CUST0029333,LOC0003,2025-07-30 20:21:27,Takeaway,Completed,,9590.00,0.00,1438.50,11028.50,Card,orphan_foreign_key
ORD00105279,CUST0042424,LOC0017,2025-07-31 19:35:30,ThirdPartyDelivery,Completed,,2525.00,0.00,404.00,2929.00,Cash,orphan_foreign_key
ORD00105349,CUST0001337,LOC5372,2025-07-31 20:57:31,Dine-in,Completed,,6010.00,0.00,901.50,6911.50,Wallet,invalid_restaurant_id
ORD00105421,CUST2928855,LOC0002,2025-07-31 22:24:20,ThirdPartyDelivery,Completed,,5200.00,0.00,780.00,5980.00,Cash,orphan_foreign_key
ORD00105606,,LOC0002,2025-08-01 13:13:21,App,Completed,PROMO012,10320.00,3250.00,1060.50,8130.50,Wallet,missing_value
ORD00105630,CUST0022126,LOC0018,2025-08-01 13:29:40,Dine-in,Completed,PROMO012,5435.00,1530.00,624.80,4529.80,Cash,orphan_foreign_key
ORD00105723,,LOC0004,2025-08-01 14:24:43,App,Completed,PROMO012,2920.00,470.00,367.50,2817.50,Online,missing_value
ORD00105919,,LOC0014,2025-08-01 19:17:10,ThirdPartyDelivery,Completed,PROMO012,5780.00,1860.00,588.00,4508.00,Online,missing_value
ORD00105942,CUST0592817,LOC0013,2025-08-01 19:40:38,App,Completed,,5870.00,0.00,880.50,6750.50,Online,orphan_foreign_key
ORD00106254,CUST0051205,LOC0003,2025-08-01 23:46:11,Dine-in,Completed,,8735.00,16569.48,1310.25,10045.25,Card,discount_exceeds_subtotal
ORD00106278,CUST0022419,LOC0007,2025-08-02 01:39:47,App,Completed,,3470.00,0.00,555.20,4025.20,Online,orphan_foreign_key
ORD00106373,,LOC0014,2025-08-02 12:28:25,ThirdPartyDelivery,Completed,,2180.00,0.00,327.00,2507.00,Online,missing_value
ORD00106392,CUST0021665,LOC0004,2025-08-02 12:41:53,ThirdPartyDelivery,Cancelled,,650.00,0.00,97.50,747.50,Online,orphan_foreign_key
ORD00106472,CUST0038330,LOC0001,2025-08-02 13:21:32,Takeaway,Completed,,7320.00,11075.54,1098.00,8418.00,Cash,discount_exceeds_subtotal
ORD00106613,CUST2033793,LOC0003,2025-08-02 15:29:28,App,Completed,,2780.00,0.00,417.00,3197.00,Wallet,orphan_foreign_key
ORD00106703,CUST0028516,LOC0023,,ThirdPartyDelivery,Completed,,10610.00,0.00,1591.50,12201.50,Online,invalid_date
ORD00106947,,LOC0017,2025-08-02 21:09:14,App,Completed,PROMO012,8900.00,1440.00,1193.60,8653.60,Wallet,missing_value
ORD00106995,CUST0038641,LOC0010,,Dine-in,Completed,,9140.00,0.00,1462.40,10602.40,Cash,invalid_date
ORD00107021,CUST0028661,LOC0021,2025-08-02 21:46:45,Takeaway,Completed,,3570.00,0.00,535.50,4105.50,Wallet,orphan_foreign_key
ORD00107165,CUST0009354,LOC9397,2025-08-02 23:56:54,Dine-in,Completed,,9040.00,0.00,1356.00,10396.00,Cash,invalid_restaurant_id
ORD00107215,CUST0050327,LOC0011,1900-01-01 15:04:00,Takeaway,Completed,,4300.00,0.00,688.00,4988.00,Card,invalid_date
ORD00107321,,LOC0007,2025-08-03 13:09:14,Dine-in,Completed,,6200.00,0.00,992.00,7192.00,Cash,missing_value
ORD00107339,CUST0031368,LOC0022,,App,Completed,,2140.00,0.00,321.00,2461.00,Cash,invalid_date
ORD00107603,CUST0039879,LOC0001,2025-08-03 19:12:30,Dine-in,Completed,,14520.00,0.00,2178.00,16698.00,Wallet,orphan_foreign_key
ORD00108293,CUST0043815,LOC0002,2099-12-31 19:42:00,Dine-in,Completed,,7660.00,0.00,1149.00,8809.00,Card,invalid_date
ORD00108357,,LOC0003,2025-08-04 21:00:27,Dine-in,Completed,PROMO012,21975.00,1460.00,3077.25,23592.25,Cash,missing_value
ORD00108900,CUST0023492,LOC6473,2025-08-05 20:59:41,Dine-in,Completed,,2610.00,0.00,391.50,3001.50,Card,invalid_restaurant_id
ORD00108954,,LOC0008,2025-08-05 21:55:28,App,Completed,,1665.00,0.00,266.40,1931.40,Online,missing_value
ORD00108994,CUST0028831,LOC0019,2099-12-31 14:28:00,Dine-in,Completed,PROMO012,11100.00,1530.00,1531.20,11101.20,Cash,invalid_date
ORD00109137,,LOC0012,2025-08-06 13:04:42,Dine-in,Completed,,8180.00,0.00,1227.00,9407.00,Card,missing_value
ORD00109193,CUST0043574,LOC0003,2025-08-06 13:53:58,App,Completed,,5925.00,0.00,888.75,6813.75,Wallet,orphan_foreign_key
ORD00109409,CUST0007132,LOC0017,2025-08-06 20:24:43,Dine-in,Completed,,4960.00,0.00,793.60,5753.60,Cash,orphan_foreign_key
ORD00109664,CUST0030222,LOC0016,2025-08-07 12:24:12,ThirdPartyDelivery,Completed,,6120.00,8323.92,979.20,7099.20,Online,discount_exceeds_subtotal
ORD00110041,CUST0046534,LOC0001,,Dine-in,Completed,,3910.00,0.00,586.50,4496.50,Cash,invalid_date
ORD00110084,,LOC0021,2025-08-07 21:52:27,App,Completed,,2700.00,0.00,405.00,3105.00,Wallet,missing_value
ORD00110117,CUST0002237,LOC0025,2025-08-07 22:35:22,Takeaway,Completed,,13510.00,0.00,2026.50,15536.50,Cash,orphan_foreign_key
ORD00110215,CUST0004232,LOC0023,2025-08-08 12:05:56,App,Cancelled,,1850.00,3563.75,277.50,2127.50,Online,discount_exceeds_subtotal
ORD00110317,CUST0012497,LOC0006,2099-12-31 14:29:00,Dine-in,Completed,,6415.00,0.00,962.25,7377.25,Wallet,invalid_date
ORD00110402,,LOC0023,2025-08-08 14:14:51,Dine-in,Completed,,12190.00,0.00,1828.50,14018.50,Card,missing_value
ORD00110476,CUST6201716,LOC0001,2025-08-08 15:58:02,App,Completed,,6200.00,0.00,930.00,7130.00,Cash,orphan_foreign_key
ORD00110508,CUST0034496,LOC0023,2025-08-08 17:10:59,Dine-in,Completed,,14110.00,30659.89,2116.50,16226.50,Cash,discount_exceeds_subtotal
ORD00110597,CUST1635531,LOC0002,2025-08-08 19:04:23,ThirdPartyDelivery,Completed,,3110.00,0.00,466.50,3576.50,Cash,orphan_foreign_key
ORD00110807,CUST0002237,LOC0025,2025-08-08 21:27:28,Dine-in,Completed,,9060.00,0.00,1359.00,10419.00,Cash,orphan_foreign_key
ORD00110874,,LOC0003,2025-08-08 22:16:42,Dine-in,Completed,,4910.00,0.00,736.50,5646.50,Cash,missing_value
ORD00110976,CUST9378487,LOC0004,2025-08-09 00:56:15,Dine-in,Completed,,3380.00,0.00,507.00,3887.00,Cash,orphan_foreign_key
ORD00111572,CUST0042885,LOC0016,2025-08-09 20:29:49,App,Completed,,7600.00,0.00,1216.00,8816.00,Online,orphan_foreign_key
ORD00111955,CUST0005042,LOC0022,2099-12-31 12:40:00,Dine-in,Completed,,8490.00,0.00,1273.50,9763.50,Card,invalid_date
ORD00112116,CUST0054880,LOC0013,2025-08-10 14:57:34,App,Completed,,2630.00,0.00,394.50,3024.50,Wallet,orphan_foreign_key
ORD00112168,CUST0042424,LOC0017,2025-08-10 16:43:09,Takeaway,Completed,,3340.00,0.00,534.40,3874.40,Card,orphan_foreign_key
ORD00112632,CUST0039158,LOC0001,2025-08-10 23:18:48,Dine-in,Completed,,10180.00,20734.94,1527.00,11707.00,Card,discount_exceeds_subtotal
ORD00112822,CUST0048724,LOC0003,2025-08-11 13:51:51,App,Completed,,3740.00,0.00,561.00,4301.00,Card,orphan_foreign_key
ORD00113010,CUST0015359,LOC0003,2025-08-11 19:28:52,Takeaway,Completed,,10340.00,0.00,1551.00,11891.00,Card,orphan_foreign_key
ORD00113486,CUST0038943,LOC0023,2025-08-12 14:50:14,Dine-in,Completed,,3010.00,0.00,451.50,3461.50,Cash,orphan_foreign_key
ORD00113498,CUST0047442,LOC0019,,App,Completed,PROMO012,4390.00,1530.00,457.60,3317.60,Online,invalid_date
ORD00113586,CUST0003148,LOC0724,2025-08-12 18:29:21,Dine-in,Completed,,17250.00,0.00,2587.50,19837.50,Cash,invalid_restaurant_id
ORD00113873,CUST0020883,LOC0010,2025-08-12 22:40:21,Dine-in,Completed,,9970.00,0.00,1595.20,11565.20,Wallet,orphan_foreign_key
ORD00114111,,LOC0025,2025-08-13 13:38:39,Takeaway,Completed,,5390.00,0.00,808.50,6198.50,Card,missing_value
ORD00114118,CUST0037045,LOC0007,1970-01-01 15:39:00,Takeaway,Completed,,5450.00,0.00,872.00,6322.00,Card,invalid_date
ORD00114214,CUST9683005,LOC0021,2025-08-13 15:37:41,App,Completed,,7730.00,0.00,1159.50,8889.50,Online,orphan_foreign_key
ORD00114282,CUST0016206,LOC0020,,ThirdPartyDelivery,Completed,PROMO012,10580.00,2740.00,1176.00,9016.00,Online,invalid_date
ORD00114306,,LOC0025,2025-08-13 18:51:16,Takeaway,Completed,PROMO012,6750.00,2990.00,564.00,4324.00,Cash,missing_value
ORD00114351,CUST3369622,LOC0023,2025-08-13 19:40:16,Dine-in,Completed,,7800.00,0.00,1170.00,8970.00,Cash,orphan_foreign_key
ORD00114537,,LOC0019,2025-08-13 22:13:38,Dine-in,Completed,,4715.00,0.00,754.40,5469.40,Wallet,missing_value
ORD00114644,CUST0024897,LOC0018,2025-08-14 11:02:42,App,Completed,,10790.00,0.00,1726.40,12516.40,Card,orphan_foreign_key
ORD00114777,CUST0042424,LOC0017,2025-08-14 12:52:53,ThirdPartyDelivery,Completed,,7020.00,0.00,1123.20,8143.20,Online,orphan_foreign_key
ORD00114937,CUST0019181,LOC0008,2025-08-14 14:13:11,ThirdPartyDelivery,Completed,,5920.00,0.00,947.20,6867.20,Cash,orphan_foreign_key
ORD00115107,CUST3134002,LOC0025,2025-08-14 17:31:35,Takeaway,Cancelled,,5280.00,0.00,792.00,6072.00,Cash,orphan_foreign_key
ORD00115481,CUST0004444,LOC0018,2025-08-14 21:04:03,Takeaway,Completed,,4945.00,0.00,791.20,5736.20,Cash,orphan_foreign_key
ORD00115498,CUST0019495,LOC0019,2025-08-14 21:12:12,App,Completed,,6405.00,8894.93,1024.80,7429.80,Card,discount_exceeds_subtotal
ORD00115533,,LOC0017,2025-08-14 21:29:07,ThirdPartyDelivery,Completed,PROMO012,4080.00,780.00,528.00,3828.00,Online,missing_value
ORD00115592,CUST0053473,LOC0013,2025-08-14 21:55:54,App,Completed,,1570.00,0.00,235.50,1805.50,Online,orphan_foreign_key
ORD00115772,CUST0049994,LOC0023,,App,Cancelled,,4080.00,0.00,612.00,4692.00,Wallet,invalid_date
ORD00115807,CUST0031486,LOC0008,2025-08-15 12:16:48,ThirdPartyDelivery,Completed,PROMO012,14870.00,1720.00,2104.00,15254.00,Online,orphan_foreign_key
ORD00116071,CUST0047897,LOC6462,2025-08-15 14:32:24,ThirdPartyDelivery,Completed,,4710.00,0.00,706.50,5416.50,Online,invalid_restaurant_id
ORD00116096,CUST0016978,LOC0016,2025-08-15 14:54:53,App,Completed,PROMO012,6830.00,10267.11,644.80,4674.80,Online,discount_exceeds_subtotal
ORD00116176,CUST0045225,LOC2538,2025-08-15 17:16:42,ThirdPartyDelivery,Completed,,7700.00,0.00,1155.00,8855.00,Online,invalid_restaurant_id
ORD00116322,CUST0022212,LOC0018,2025-08-15 19:36:57,Dine-in,Completed,PROMO012,12770.00,5150.00,1219.20,8839.20,Cash,orphan_foreign_key
ORD00116558,,LOC0014,2025-08-15 21:34:07,Dine-in,Completed,PROMO012,10550.00,2950.00,1140.00,8740.00,Card,missing_value
ORD00116959,CUST0000839,LOC0009,2025-08-16 13:18:10,App,Completed,PROMO012,2990.00,5493.74,361.60,2621.60,Online,discount_exceeds_subtotal
ORD00117158,CUST0028661,LOC0002,2025-08-16 16:05:10,Takeaway,Completed,,10905.00,0.00,1635.75,12540.75,Cash,orphan_foreign_key
ORD00117248,,LOC0008,2025-08-16 18:16:36,Dine-in,Completed,,3695.00,0.00,591.20,4286.20,Card,missing_value
ORD00117376,CUST0036964,LOC0005,2025-08-16 19:45:05,App,Completed,,9050.00,0.00,1357.50,10407.50,Card,orphan_foreign_key
ORD00117406,CUST0009263,LOC0002,2025-08-16 20:04:51,Dine-in,Completed,,7975.00,0.00,1196.25,9171.25,Cash,orphan_foreign_key
ORD00117542,CUST7065326,LOC0012,2025-08-16 21:02:57,App,Completed,,2690.00,0.00,403.50,3093.50,Wallet,orphan_foreign_key
ORD00117611,,LOC0017,2025-08-16 21:34:22,Dine-in,Completed,PROMO012,8570.00,3670.00,784.00,5684.00,Wallet,missing_value
ORD00117888,CUST0051456,LOC7699,2025-08-17 12:39:34,Dine-in,Completed,,4850.00,0.00,727.50,5577.50,Cash,invalid_restaurant_id
ORD00118070,,LOC0003,2025-08-17 15:44:52,Dine-in,Completed,,12100.00,0.00,1815.00,13915.00,Cash,missing_value
ORD00118207,CUST0051939,LOC0025,2099-12-31 10:27:00,Dine-in,Completed,PROMO012,18250.00,5600.00,1897.50,14547.50,Card,invalid_date
ORD00118247,CUST0049149,LOC6572,2025-08-17 19:53:45,App,Completed,PROMO012,11670.00,4740.00,1039.50,7969.50,Wallet,invalid_restaurant_id
ORD00118263,CUST0008158,LOC0017,2099-12-31 17:23:00,App,Completed,,5120.00,0.00,819.20,5939.20,Online,invalid_date
ORD00118303,CUST0036619,LOC0009,1970-01-01 10:35:00,Dine-in,Completed,,11770.00,0.00,1883.20,13653.20,Cash,invalid_date
ORD00119241,CUST0029576,LOC0012,2025-08-19 14:56:26,Takeaway,Completed,,4710.00,8229.65,706.50,5416.50,Cash,discount_exceeds_subtotal
ORD00119291,CUST0048842,LOC0008,2025-08-19 17:33:55,Takeaway,Completed,,2230.00,0.00,356.80,2586.80,Card,orphan_foreign_key
ORD00119486,,LOC0003,2025-08-19 20:59:42,Dine-in,Completed,,11750.00,0.00,1762.50,13512.50,Card,missing_value
ORD00119590,CUST0014133,LOC0021,2025-08-19 23:05:01,Dine-in,Cancelled,,3345.00,7606.20,501.75,3846.75,Wallet,discount_exceeds_subtotal
ORD00119622,,LOC0002,2025-08-20 00:57:45,Takeaway,Completed,PROMO012,8840.00,2740.00,915.00,7015.00,Cash,missing_value
ORD00119928,CUST0001060,LOC0001,2025-08-20 19:49:51,Dine-in,Completed,PROMO012,19450.00,5160.00,2143.50,16433.50,Card,orphan_foreign_key
ORD00120204,CUST0003921,LOC0023,2027-11-05 18:07:00,Takeaway,Completed,,3990.00,0.00,598.50,4588.50,Cash,invalid_date
ORD00120223,CUST6866466,LOC0008,2025-08-21 12:57:29,ThirdPartyDelivery,Completed,,5620.00,0.00,899.20,6519.20,Online,orphan_foreign_key
ORD00120320,CUST2557524,LOC0012,2025-08-21 14:11:09,Dine-in,Completed,,9030.00,0.00,1354.50,10384.50,Cash,orphan_foreign_key
ORD00120429,CUST0017820,LOC8590,2025-08-21 17:49:13,Dine-in,Completed,PROMO012,5480.00,900.00,732.80,5312.80,Card,invalid_restaurant_id
ORD00120589,,LOC0018,2025-08-21 20:41:30,Takeaway,Completed,PROMO012,14720.00,4640.00,1612.80,11692.80,Card,missing_value
ORD00120743,CUST0015359,LOC0002,2025-08-21 23:42:43,ThirdPartyDelivery,Completed,,12905.00,0.00,1935.75,14840.75,Online,orphan_foreign_key
ORD00120985,CUST0033324,LOC0025,2025-08-22 13:52:43,Dine-in,Completed,,9400.00,0.00,1410.00,10810.00,Cash,orphan_foreign_key
ORD00121217,,LOC0014,2025-08-22 19:19:28,Takeaway,Completed,,2620.00,0.00,393.00,3013.00,Wallet,missing_value
ORD00121592,CUST0051046,LOC0004,1900-01-01 15:20:00,App,Completed,,1180.00,0.00,177.00,1357.00,Online,invalid_date
ORD00121997,CUST1672695,LOC0007,2025-08-23 18:29:24,Dine-in,Completed,,6600.00,0.00,1056.00,7656.00,Cash,orphan_foreign_key
ORD00122366,CUST0030085,LOC0017,2025-08-23 22:53:12,ThirdPartyDelivery,Cancelled,,4020.00,8688.89,643.20,4663.20,Cash,discount_exceeds_subtotal
ORD00122428,,LOC0007,2025-08-24 00:40:12,App,Completed,PROMO012,12575.00,4740.00,1253.60,9088.60,Wallet,missing_value
ORD00122633,CUST0052901,LOC0023,2025-08-24 13:49:51,Takeaway,Completed,,9390.00,0.00,1408.50,10798.50,Wallet,orphan_foreign_key
ORD00122906,,LOC0016,2025-08-24 20:01:57,Dine-in,Completed,,4510.00,0.00,721.60,5231.60,Cash,missing_value
ORD00122922,,LOC0002,2025-08-24 20:09:57,Dine-in,Completed,,7790.00,0.00,1168.50,8958.50,Cash,missing_value
ORD00123059,CUST0020717,LOC0024,,Takeaway,Completed,,2730.00,0.00,436.80,3166.80,Wallet,invalid_date
ORD00123191,CUST3234932,LOC0011,2025-08-25 00:31:27,Dine-in,Completed,,3945.00,0.00,631.20,4576.20,Cash,orphan_foreign_key
ORD00123289,CUST0022419,LOC0007,2025-08-25 12:48:18,Takeaway,Completed,,8060.00,0.00,1289.60,9349.60,Card,orphan_foreign_key
ORD00123446,,LOC0005,2025-08-25 15:45:52,App,Completed,PROMO012,11080.00,3110.00,1195.50,9165.50,Card,missing_value
ORD00123530,,LOC0011,2025-08-25 19:20:02,App,Completed,PROMO012,10285.00,3180.00,1136.80,8241.80,Card,missing_value
ORD00123776,CUST4524035,LOC0010,2025-08-25 23:58:50,Dine-in,Cancelled,,4545.00,0.00,727.20,5272.20,Card,orphan_foreign_key
ORD00123852,CUST0050846,LOC0025,1900-01-01 22:29:00,Dine-in,Completed,,2650.00,0.00,397.50,3047.50,Cash,invalid_date
ORD00124041,,LOC0009,2025-08-26 18:21:35,ThirdPartyDelivery,Cancelled,,430.00,0.00,68.80,498.80,Cash,missing_value
ORD00124326,CUST0044290,LOC1325,2025-08-27 12:33:05,ThirdPartyDelivery,Cancelled,,1830.00,0.00,274.50,2104.50,Online,invalid_restaurant_id
ORD00124622,CUST0046439,LOC0014,1970-01-01 18:48:00,ThirdPartyDelivery,Completed,,8200.00,0.00,1230.00,9430.00,Cash,invalid_date
ORD00124723,CUST0049459,LOC0001,2025-08-27 21:34:08,App,Completed,,7960.00,15651.69,1194.00,9154.00,Online,discount_exceeds_subtotal
ORD00124727,,LOC0016,2025-08-27 21:38:33,Takeaway,Completed,,5930.00,0.00,948.80,6878.80,Card,missing_value
ORD00124800,CUST0007311,LOC0020,,ThirdPartyDelivery,Completed,PROMO012,11560.00,5140.00,963.00,7383.00,Online,invalid_date
ORD00124954,CUST0005684,LOC0019,2031-07-22 14:47:00,Dine-in,Completed,PROMO012,8430.00,1720.00,1073.60,7783.60,Wallet,invalid_date
ORD00125364,CUST0026953,LOC0005,2025-08-28 22:33:38,App,Completed,,4470.00,0.00,670.50,5140.50,Online,orphan_foreign_key
ORD00125423,CUST0008994,LOC5068,2025-08-29 00:31:03,ThirdPartyDelivery,Completed,,1700.00,0.00,255.00,1955.00,Online,invalid_restaurant_id
ORD00125506,CUST0005204,LOC0001,2025-08-29 12:26:34,App,Completed,,2520.00,5431.09,378.00,2898.00,Wallet,discount_exceeds_subtotal
ORD00125598,CUST0006836,LOC0021,2025-08-29 13:37:26,Dine-in,Completed,,16640.00,22594.73,2496.00,19136.00,Wallet,discount_exceeds_subtotal
ORD00125707,CUST0018160,LOC0002,2025-08-29 14:57:36,App,Completed,,5045.00,0.00,756.75,5801.75,Online,orphan_foreign_key
ORD00125717,CUST0012582,LOC0003,2025-08-29 15:09:01,Dine-in,Completed,,5600.00,0.00,840.00,6440.00,Cash,orphan_foreign_key
ORD00126000,CUST0034265,LOC0004,,ThirdPartyDelivery,Completed,,7290.00,0.00,1093.50,8383.50,Cash,invalid_date
ORD00126028,,LOC0025,2025-08-29 20:54:54,Dine-in,Completed,,10710.00,0.00,1606.50,12316.50,Cash,missing_value
ORD00126173,,LOC0018,2025-08-29 22:33:48,Website,Completed,PROMO012,14500.00,4930.00,1531.20,11101.20,Card,missing_value
ORD00126204,,LOC0025,2025-08-29 23:03:04,Dine-in,Completed,PROMO012,9515.00,2740.00,1016.25,7791.25,Cash,missing_value
ORD00126360,CUST0045322,LOC3649,2025-08-30 12:49:09,ThirdPartyDelivery,Completed,,8750.00,0.00,1400.00,10150.00,Online,invalid_restaurant_id
ORD00126385,CUST0008785,LOC0024,2025-08-30 13:03:19,Takeaway,Completed,,1050.00,1813.36,168.00,1218.00,Wallet,discount_exceeds_subtotal
ORD00126393,CUST0045136,LOC0007,2099-12-31 18:07:00,Website,Completed,,6740.00,0.00,1078.40,7818.40,Wallet,invalid_date
ORD00126413,CUST0008078,LOC0015,2025-08-30 13:19:06,App,Completed,PROMO012,17350.00,7450.00,1584.00,11484.00,Wallet,orphan_foreign_key
ORD00126416,CUST0011710,LOC3844,2025-08-30 13:19:51,Dine-in,Completed,,4170.00,0.00,625.50,4795.50,Cash,invalid_restaurant_id
ORD00126489,CUST0037909,LOC0001,2031-07-22 16:18:00,Takeaway,Completed,,3330.00,0.00,499.50,3829.50,Cash,invalid_date
ORD00126704,CUST0031995,LOC0014,2025-08-30 19:01:30,App,Cancelled,,9920.00,0.00,1488.00,11408.00,Card,orphan_foreign_key
ORD00126911,,LOC0002,2025-08-30 20:59:13,App,Completed,,8680.00,0.00,1302.00,9982.00,Wallet,missing_value
ORD00126982,CUST0024162,LOC0017,2025-08-30 21:35:25,Takeaway,Completed,PROMO012,10980.00,2210.00,1403.20,10173.20,Wallet,orphan_foreign_key
ORD00127238,CUST0024895,LOC0013,2025-08-31 12:36:33,Takeaway,Completed,,2240.00,0.00,336.00,2576.00,Cash,orphan_foreign_key
ORD00127312,CUST0004342,LOC0010,1970-01-01 19:12:00,Dine-in,Completed,,7410.00,0.00,1185.60,8595.60,Card,invalid_date
ORD00127393,CUST0039842,LOC0017,2025-08-31 14:16:07,App,Completed,,4170.00,0.00,667.20,4837.20,Online,orphan_foreign_key
ORD00127422,CUST0001415,LOC0020,2025-08-31 14:52:05,App,Completed,,9000.00,0.00,1350.00,10350.00,Card,orphan_foreign_key
ORD00127480,CUST0028681,LOC0017,2025-08-31 17:07:21,Dine-in,Completed,,7760.00,13711.64,1241.60,9001.60,Card,discount_exceeds_subtotal
ORD00127621,,LOC0003,2025-08-31 19:43:20,App,Completed,,3410.00,0.00,511.50,3921.50,Online,missing_value
ORD00128164,CUST5880555,LOC0004,2025-09-01 20:51:10,App,Completed,,3300.00,0.00,495.00,3795.00,Online,orphan_foreign_key
ORD00128231,,LOC0007,2025-09-01 23:02:35,Dine-in,Completed,,7185.00,0.00,1149.60,8334.60,Card,missing_value
ORD00128409,CUST0040140,LOC0020,2025-09-02 17:55:51,ThirdPartyDelivery,Completed,,1835.00,0.00,275.25,2110.25,Cash,orphan_foreign_key
ORD00128793,CUST0047522,LOC0005,2031-07-22 16:05:00,Dine-in,Completed,,5060.00,0.00,759.00,5819.00,Card,invalid_date
ORD00129078,CUST0033951,LOC0024,2099-12-31 14:18:00,Takeaway,Completed,PROMO009,2010.00,300.00,273.60,1983.60,Card,invalid_date
ORD00129139,,LOC0012,2025-09-04 19:25:15,Dine-in,Completed,PROMO014,7900.00,250.00,1147.50,8797.50,Wallet,missing_value
ORD00129282,,LOC0009,2025-09-04 22:56:18,Takeaway,Completed,,7900.00,0.00,1264.00,9164.00,Wallet,missing_value
ORD00129441,CUST0038489,LOC4989,2025-09-05 14:14:20,Takeaway,Completed,,6090.00,0.00,913.50,7003.50,Cash,invalid_restaurant_id
ORD00129529,CUST0022446,LOC0008,2025-09-05 18:21:55,Dine-in,Completed,,2705.00,0.00,432.80,3137.80,Card,orphan_foreign_key
ORD00129753,,LOC0015,2025-09-05 23:07:43,Dine-in,Completed,,6260.00,0.00,1001.60,7261.60,Cash,missing_value
ORD00129816,,LOC0010,2025-09-06 12:21:26,ThirdPartyDelivery,Completed,,3820.00,0.00,611.20,4431.20,Online,missing_value
ORD00129929,CUST0039096,LOC0008,2025-09-06 14:54:19,App,Completed,,2250.00,0.00,360.00,2610.00,Cash,orphan_foreign_key
ORD00130223,CUST5019842,LOC0005,2025-09-06 22:56:09,Dine-in,Completed,,2380.00,0.00,357.00,2737.00,Card,orphan_foreign_key
ORD00130441,CUST0043789,LOC0952,2025-09-07 17:06:25,Dine-in,Completed,PROMO014,4415.00,250.00,666.40,4831.40,Cash,invalid_restaurant_id
ORD00130488,CUST0000188,LOC0004,2025-09-07 18:38:19,Takeaway,Completed,,2210.00,0.00,331.50,2541.50,Cash,orphan_foreign_key
ORD00130659,,LOC0010,2025-09-07 22:03:26,Takeaway,Completed,,2600.00,0.00,416.00,3016.00,Cash,missing_value
ORD00130716,CUST0000011,LOC0011,2025-09-08 00:44:20,ThirdPartyDelivery,Completed,,1890.00,2515.89,302.40,2192.40,Online,discount_exceeds_subtotal
ORD00130843,CUST0022666,LOC0013,2025-09-08 15:12:22,Takeaway,Completed,,4240.00,0.00,636.00,4876.00,Cash,orphan_foreign_key
ORD00131185,,LOC0004,2025-09-09 14:14:10,Takeaway,Completed,,3380.00,0.00,507.00,3887.00,Card,missing_value
ORD00131325,,LOC0019,2025-09-09 20:42:54,ThirdPartyDelivery,Completed,,310.00,0.00,49.60,359.60,Online,missing_value
ORD00131601,CUST0011464,LOC0018,2025-09-10 18:48:24,Dine-in,Completed,,8590.00,0.00,1374.40,9964.40,Cash,orphan_foreign_key
ORD00131892,CUST0012582,LOC0006,2025-09-11 15:04:23,Dine-in,Completed,,3440.00,0.00,516.00,3956.00,Card,orphan_foreign_key
ORD00131902,,LOC0007,2025-09-11 16:19:44,Dine-in,Completed,,10770.00,0.00,1723.20,12493.20,Card,missing_value
ORD00131989,CUST0052450,LOC0010,2025-09-11 19:53:48,Dine-in,Completed,,5370.00,0.00,859.20,6229.20,Card,orphan_foreign_key
ORD00132154,CUST0024162,LOC0017,2025-09-12 12:11:13,Dine-in,Completed,,11035.00,0.00,1765.60,12800.60,Cash,orphan_foreign_key
ORD00132402,,LOC0008,2025-09-12 19:32:46,App,Completed,,13215.00,0.00,2114.40,15329.40,Online,missing_value
ORD00132469,CUST0052901,LOC0023,2025-09-12 20:48:42,Website,Completed,,2390.00,0.00,358.50,2748.50,Online,orphan_foreign_key
ORD00132627,,LOC0023,2025-09-13 12:09:22,Dine-in,Completed,,16160.00,0.00,2424.00,18584.00,Cash,missing_value
ORD00132902,,LOC0010,2025-09-13 19:39:47,Dine-in,Completed,,16010.00,0.00,2561.60,18571.60,Card,missing_value
ORD00133127,CUST0054011,LOC0011,2025-09-13 22:56:10,App,Completed,,4520.00,5563.91,723.20,5243.20,Card,discount_exceeds_subtotal
ORD00133209,CUST0016444,LOC1622,2025-09-14 12:23:17,Dine-in,Completed,,3440.00,0.00,516.00,3956.00,Cash,invalid_restaurant_id
ORD00133284,CUST0001180,LOC0012,,ThirdPartyDelivery,Completed,,11105.00,0.00,1665.75,12770.75,Cash,invalid_date
ORD00133310,CUST0035537,LOC1916,2025-09-14 14:02:25,Takeaway,Completed,,5595.00,0.00,895.20,6490.20,Wallet,invalid_restaurant_id
ORD00133697,CUST0039274,LOC8599,2025-09-15 08:18:53,Takeaway,Completed,PROMO009,14000.00,300.00,2192.00,15892.00,Cash,invalid_restaurant_id
ORD00133732,CUST7133096,LOC0010,2025-09-15 12:32:09,Dine-in,Completed,,13675.00,0.00,2188.00,15863.00,Cash,orphan_foreign_key
ORD00134083,,LOC0012,2025-09-16 13:18:48,Dine-in,Completed,,7425.00,0.00,1113.75,8538.75,Cash,missing_value
ORD00134098,,LOC0002,2025-09-16 13:40:35,Website,Completed,,7865.00,0.00,1179.75,9044.75,Online,missing_value
ORD00134194,CUST0006945,LOC0008,2025-09-16 19:15:14,ThirdPartyDelivery,Completed,,5740.00,0.00,918.40,6658.40,Cash,orphan_foreign_key
ORD00134344,CUST0012697,LOC0015,2031-07-22 21:44:00,Dine-in,Completed,PROMO014,16070.00,250.00,2531.20,18351.20,Wallet,invalid_date
ORD00134460,CUST8642254,LOC0015,2025-09-17 13:50:55,Takeaway,Completed,,8225.00,0.00,1316.00,9541.00,Card,orphan_foreign_key
ORD00134530,CUST0031256,LOC0016,2025-09-17 17:57:19,Dine-in,Completed,,3230.00,0.00,516.80,3746.80,Cash,orphan_foreign_key
ORD00134886,CUST0049292,LOC0009,2025-09-18 14:47:48,Dine-in,Completed,,15600.00,28098.94,2496.00,18096.00,Card,discount_exceeds_subtotal
ORD00134997,CUST5467784,LOC0023,2025-09-18 20:15:03,Takeaway,Completed,,3100.00,0.00,465.00,3565.00,Cash,orphan_foreign_key
ORD00135211,CUST0004149,LOC0014,2025-09-19 12:43:12,Dine-in,Completed,PROMO015,7040.00,1408.00,844.80,6476.80,Cash,orphan_foreign_key
ORD00135286,CUST0019405,LOC0003,1970-01-01 18:17:00,Takeaway,Completed,,5050.00,0.00,757.50,5807.50,Cash,invalid_date
ORD00135473,CUST0054732,LOC0013,2027-11-05 16:15:00,Takeaway,Completed,,3705.00,0.00,555.75,4260.75,Card,invalid_date
ORD00135500,,LOC0018,2025-09-19 20:20:13,Takeaway,Completed,,2670.00,0.00,427.20,3097.20,Wallet,missing_value
ORD00135636,CUST0005495,LOC0014,2025-09-19 22:45:14,ThirdPartyDelivery,Completed,,10200.00,0.00,1530.00,11730.00,Cash,orphan_foreign_key
ORD00135725,,LOC0016,2025-09-20 12:17:06,Dine-in,Completed,,5330.00,0.00,852.80,6182.80,Card,missing_value
ORD00135813,,LOC0003,2025-09-20 13:31:43,Dine-in,Completed,,8590.00,0.00,1288.50,9878.50,Cash,missing_value
ORD00135836,CUST0053873,LOC0019,2025-09-20 13:50:22,Dine-in,Completed,,20530.00,0.00,3284.80,23814.80,Card,orphan_foreign_key
ORD00135948,CUST0027296,LOC0017,2025-09-20 17:53:55,Dine-in,Completed,,13200.00,21335.91,2112.00,15312.00,Cash,discount_exceeds_subtotal
ORD00136031,CUST0052751,LOC4165,2025-09-20 19:33:04,Dine-in,Completed,,10870.00,0.00,1630.50,12500.50,Card,invalid_restaurant_id
ORD00136196,CUST0028661,LOC0021,2025-09-20 21:57:23,Takeaway,Completed,,7900.00,0.00,1185.00,9085.00,Cash,orphan_foreign_key
ORD00136218,CUST0038939,LOC0020,2025-09-20 22:26:57,App,Completed,,5320.00,0.00,798.00,6118.00,Wallet,orphan_foreign_key
ORD00136288,CUST0033324,LOC0025,2025-09-21 11:32:04,Takeaway,Completed,,8670.00,0.00,1300.50,9970.50,Cash,orphan_foreign_key
ORD00136320,CUST0024307,LOC0021,2025-09-21 12:36:10,Dine-in,Completed,,10795.00,17910.85,1619.25,12414.25,Card,discount_exceeds_subtotal
ORD00136355,CUST0002211,LOC6283,2025-09-21 13:25:37,ThirdPartyDelivery,Completed,,6560.00,0.00,1049.60,7609.60,Cash,invalid_restaurant_id
ORD00136357,CUST0050029,LOC0020,2025-09-21 13:27:04,App,Cancelled,,5340.00,10276.08,801.00,6141.00,Wallet,discount_exceeds_subtotal
ORD00136434,,LOC0008,2025-09-21 14:50:52,Dine-in,Completed,,11425.00,0.00,1828.00,13253.00,Card,missing_value
ORD00136467,CUST0008842,LOC6526,2025-09-21 16:39:05,App,Completed,,7540.00,0.00,1206.40,8746.40,Online,invalid_restaurant_id
ORD00136551,CUST0021091,LOC0018,2025-09-21 19:39:02,Dine-in,Completed,,2630.00,0.00,420.80,3050.80,Card,orphan_foreign_key
ORD00136616,CUST0024249,LOC0020,2025-09-21 20:30:54,App,Completed,PROMO014,8830.00,19021.20,1287.00,9867.00,Online,discount_exceeds_subtotal
ORD00136690,CUST0053473,LOC0013,2025-09-21 21:38:24,App,Completed,,11845.00,0.00,1776.75,13621.75,Card,orphan_foreign_key
ORD00136700,CUST0007903,LOC0001,2025-09-21 21:44:37,Dine-in,Completed,,16480.00,0.00,2472.00,18952.00,Cash,orphan_foreign_key
ORD00136724,CUST0001810,LOC0019,2025-09-21 22:14:15,Dine-in,Completed,,14090.00,23543.67,2254.40,16344.40,Cash,discount_exceeds_subtotal
ORD00136998,CUST0036104,LOC0007,2025-09-22 19:11:44,Website,Completed,PROMO014,3150.00,250.00,464.00,3364.00,Wallet,orphan_foreign_key
ORD00137057,CUST0005274,LOC0006,2025-09-22 20:23:05,Takeaway,Completed,,7840.00,0.00,1176.00,9016.00,Card,orphan_foreign_key
ORD00137090,,LOC0023,2025-09-22 20:51:09,Dine-in,Completed,PROMO014,2575.00,250.00,348.75,2673.75,Card,missing_value
ORD00137128,CUST0035614,LOC0006,2025-09-22 21:48:52,Takeaway,Completed,PROMO009,7500.00,300.00,1080.00,8280.00,Card,orphan_foreign_key
ORD00137460,CUST0040711,LOC0011,2025-09-23 20:50:38,Website,Completed,,2440.00,0.00,390.40,2830.40,Online,orphan_foreign_key
ORD00137540,,LOC0018,2025-09-23 22:30:48,App,Completed,,6790.00,0.00,1086.40,7876.40,Wallet,missing_value
ORD00137611,CUST0025123,LOC0004,2025-09-24 12:04:18,Dine-in,Completed,,5125.00,0.00,768.75,5893.75,Cash,orphan_foreign_key
ORD00138039,,LOC0001,2025-09-25 13:11:24,ThirdPartyDelivery,Completed,,9080.00,0.00,1362.00,10442.00,Online,missing_value
ORD00138112,CUST0039135,LOC0007,2025-09-25 15:15:54,App,Completed,,4000.00,6858.09,640.00,4640.00,Online,discount_exceeds_subtotal
ORD00138118,CUST0049678,LOC0019,2025-09-25 15:38:32,App,Completed,,12475.00,20594.83,1996.00,14471.00,Online,discount_exceeds_subtotal
ORD00138432,CUST5008436,LOC0018,2025-09-26 11:31:28,ThirdPartyDelivery,Completed,,12565.00,0.00,2010.40,14575.40,Online,orphan_foreign_key
ORD00138681,CUST0039604,LOC0016,2025-09-26 19:06:28,ThirdPartyDelivery,Completed,,2460.00,5926.61,393.60,2853.60,Cash,discount_exceeds_subtotal
ORD00138814,CUST0046454,LOC0012,2025-09-26 21:20:06,App,Completed,,5620.00,0.00,843.00,6463.00,Online,orphan_foreign_key
ORD00139255,CUST0042657,LOC0007,2025-09-27 19:31:51,Dine-in,Completed,,8960.00,0.00,1433.60,10393.60,Cash,orphan_foreign_key
ORD00139761,CUST9793195,LOC0013,2025-09-28 16:05:03,Dine-in,Completed,,15895.00,0.00,2384.25,18279.25,Card,orphan_foreign_key
ORD00139764,CUST0019889,LOC7609,2025-09-28 16:21:39,Takeaway,Completed,,2320.00,0.00,348.00,2668.00,Cash,invalid_restaurant_id
ORD00139836,CUST0022446,LOC0015,2025-09-28 19:01:27,Takeaway,Completed,,5990.00,0.00,958.40,6948.40,Card,orphan_foreign_key
ORD00139947,CUST0010490,LOC0003,2025-09-28 20:37:40,App,Completed,,2690.00,6701.77,403.50,3093.50,Card,discount_exceeds_subtotal
ORD00140225,CUST0045528,LOC0003,2031-07-22 18:24:00,Dine-in,Completed,,11305.00,0.00,1695.75,13000.75,Cash,invalid_date
ORD00140251,CUST0573784,LOC0004,2025-09-29 14:51:39,App,Completed,PROMO014,8045.00,250.00,1169.25,8964.25,Wallet,orphan_foreign_key
ORD00140954,CUST0033615,LOC0023,2025-10-01 14:32:50,Takeaway,Completed,,3150.00,0.00,472.50,3622.50,Cash,orphan_foreign_key
ORD00141087,CUST9565284,LOC0023,2025-10-01 20:53:53,Website,Cancelled,,3820.00,0.00,573.00,4393.00,Online,orphan_foreign_key
ORD00141593,,LOC0009,2025-10-03 12:10:09,Dine-in,Completed,PROMO015,12230.00,2446.00,1565.44,11349.44,Cash,missing_value
ORD00141822,CUST2449657,LOC0013,2025-10-03 19:02:41,Dine-in,Completed,,2520.00,0.00,378.00,2898.00,Cash,orphan_foreign_key
ORD00142225,CUST0001332,LOC0010,2025-10-04 13:55:13,Dine-in,Completed,,7250.00,8532.95,1160.00,8410.00,Cash,discount_exceeds_subtotal
ORD00142328,,LOC0013,2025-10-04 17:49:26,Dine-in,Completed,,2115.00,0.00,317.25,2432.25,Card,missing_value
ORD00142334,CUST0001112,LOC0007,,ThirdPartyDelivery,Completed,,7510.00,0.00,1201.60,8711.60,Cash,invalid_date
ORD00142371,,LOC0014,2025-10-04 19:07:36,App,Completed,,2640.00,0.00,396.00,3036.00,Online,missing_value
ORD00142488,CUST0030875,LOC0012,,Website,Completed,PROMO015,9540.00,1908.00,1144.80,8776.80,Wallet,invalid_date
ORD00142642,CUST0006678,LOC0012,2025-10-05 11:00:18,ThirdPartyDelivery,Completed,,2585.00,0.00,387.75,2972.75,Online,orphan_foreign_key
ORD00142715,,LOC0001,2025-10-05 12:57:30,Website,Completed,,3080.00,0.00,462.00,3542.00,Wallet,missing_value
ORD00142800,CUST0054240,LOC0011,2025-10-05 14:06:34,App,Completed,PROMO015,7790.00,9093.17,997.12,7229.12,Online,discount_exceeds_subtotal
ORD00142839,CUST0039532,LOC0004,2025-10-05 14:56:24,ThirdPartyDelivery,Completed,,5600.00,0.00,840.00,6440.00,Cash,orphan_foreign_key
ORD00143327,CUST0049761,LOC0004,2025-10-06 17:20:38,Dine-in,Completed,,5565.00,0.00,834.75,6399.75,Cash,orphan_foreign_key
ORD00143357,CUST0021336,LOC0018,1900-01-01 13:13:00,Takeaway,Completed,,3855.00,0.00,616.80,4471.80,Card,invalid_date
ORD00143448,CUST0012086,LOC0007,2025-10-06 20:45:30,Dine-in,Completed,PROMO015,7020.00,16827.71,898.56,6514.56,Cash,discount_exceeds_subtotal
ORD00143456,,LOC0003,2025-10-06 20:56:16,Dine-in,Completed,,15060.00,0.00,2259.00,17319.00,Card,missing_value
ORD00143625,CUST0036964,LOC0005,2025-10-07 13:16:11,Website,Completed,PROMO015,5835.00,1167.00,700.20,5368.20,Card,orphan_foreign_key
ORD00143662,,LOC0008,2025-10-07 14:11:38,Takeaway,Completed,,1865.00,0.00,298.40,2163.40,Wallet,missing_value
ORD00143772,CUST0046308,LOC2541,2025-10-07 20:19:53,ThirdPartyDelivery,Completed,,390.00,0.00,58.50,448.50,Online,invalid_restaurant_id
ORD00143948,CUST0043372,LOC0004,,Dine-in,Completed,,8340.00,0.00,1251.00,9591.00,Card,invalid_date
ORD00143981,CUST3985985,LOC0004,2025-10-08 13:17:02,ThirdPartyDelivery,Completed,,6390.00,0.00,958.50,7348.50,Online,orphan_foreign_key
ORD00143993,CUST0020443,LOC0004,2025-10-08 13:34:55,App,Completed,,5565.00,0.00,834.75,6399.75,Cash,orphan_foreign_key
ORD00144015,CUST0012946,LOC0007,2025-10-08 14:25:59,Takeaway,Completed,,3870.00,8423.19,619.20,4489.20,Wallet,discount_exceeds_subtotal
ORD00144042,,LOC0004,2025-10-08 16:02:45,Dine-in,Completed,PROMO015,9750.00,1950.00,1170.00,8970.00,Card,missing_value
ORD00144085,CUST0015340,LOC0024,2025-10-08 18:39:16,Takeaway,Completed,,8170.00,0.00,1307.20,9477.20,Wallet,orphan_foreign_key
ORD00144176,CUST0016794,LOC0011,2025-10-08 20:50:05,Dine-in,Completed,,19610.00,0.00,3137.60,22747.60,Card,orphan_foreign_key
ORD00144275,CUST0011341,LOC0017,2025-10-09 01:30:22,App,Completed,,4455.00,0.00,712.80,5167.80,Online,orphan_foreign_key
ORD00144310,CUST0040426,LOC0007,2025-10-09 12:14:24,Website,Completed,,4070.00,6930.30,651.20,4721.20,Card,discount_exceeds_subtotal
ORD00144358,,LOC0008,2025-10-09 13:38:47,Dine-in,Completed,PROMO015,5620.00,1124.00,719.36,5215.36,Cash,missing_value
ORD00144808,CUST0027573,LOC0013,2025-10-10 13:56:34,Takeaway,Completed,,5740.00,0.00,861.00,6601.00,Cash,orphan_foreign_key
ORD00144814,CUST0034265,LOC8706,2025-10-10 13:59:22,Dine-in,Completed,,11750.00,0.00,1762.50,13512.50,Cash,invalid_restaurant_id
ORD00144828,CUST8333576,LOC0009,2025-10-10 14:23:27,App,Completed,,8690.00,0.00,1390.40,10080.40,Online,orphan_foreign_key
ORD00144874,,LOC0005,2025-10-10 16:37:44,Dine-in,Completed,,17130.00,0.00,2569.50,19699.50,Card,missing_value
ORD00144893,CUST0039109,LOC0023,2025-10-10 17:39:53,Dine-in,Completed,,6950.00,11235.51,1042.50,7992.50,Cash,discount_exceeds_subtotal
ORD00145094,CUST0031094,LOC0025,2031-07-22 20:42:00,Takeaway,Completed,,2110.00,0.00,316.50,2426.50,Card,invalid_date
ORD00145163,CUST0052543,LOC0008,2025-10-11 00:28:59,Dine-in,Completed,,6135.00,0.00,981.60,7116.60,Wallet,orphan_foreign_key
ORD00145495,CUST0008952,LOC0018,2025-10-11 19:19:24,Dine-in,Completed,,4290.00,7827.18,686.40,4976.40,Card,discount_exceeds_subtotal
ORD00145513,CUST0036964,LOC0020,2025-10-11 19:42:54,App,Completed,,5215.00,0.00,782.25,5997.25,Online,orphan_foreign_key
ORD00145613,CUST0044642,LOC6605,2025-10-11 21:01:34,Dine-in,Completed,,1360.00,0.00,204.00,1564.00,Cash,invalid_restaurant_id
ORD00145766,CUST0020307,LOC0024,2025-10-12 02:35:29,Website,Completed,,10710.00,19660.90,1713.60,12423.60,Card,discount_exceeds_subtotal
ORD00145922,CUST0036201,LOC0008,2025-10-12 14:38:26,App,Completed,,11200.00,24562.34,1792.00,12992.00,Online,discount_exceeds_subtotal
ORD00145973,CUST0019181,LOC0008,2025-10-12 16:46:12,Dine-in,Completed,PROMO015,14700.00,2940.00,1881.60,13641.60,Cash,orphan_foreign_key
ORD00146096,CUST0041495,LOC0012,1970-01-01 10:24:00,Takeaway,Completed,PROMO015,14470.00,2894.00,1736.40,13312.40,Cash,invalid_date
ORD00146125,CUST0045105,LOC0002,2025-10-12 20:31:43,ThirdPartyDelivery,Completed,PROMO015,7835.00,18568.10,940.20,7208.20,Online,discount_exceeds_subtotal
ORD00146312,CUST0014119,LOC0025,2025-10-13 11:41:48,Takeaway,Completed,,4380.00,5308.78,657.00,5037.00,Cash,discount_exceeds_subtotal
ORD00146587,CUST0033597,LOC0008,1900-01-01 18:24:00,App,Completed,,1560.00,0.00,249.60,1809.60,Online,invalid_date
ORD00146609,CUST0038939,LOC0008,2025-10-13 21:55:43,Website,Completed,PROMO015,4130.00,826.00,528.64,3832.64,Online,orphan_foreign_key
ORD00146758,,LOC0025,2025-10-14 13:18:37,Dine-in,Completed,,8980.00,0.00,1347.00,10327.00,Cash,missing_value
ORD00146923,,LOC0022,2025-10-14 19:54:52,App,Completed,,4185.00,0.00,627.75,4812.75,Online,missing_value
ORD00147021,CUST0009263,LOC0002,2025-10-14 22:46:40,Dine-in,Completed,,10640.00,0.00,1596.00,12236.00,Cash,orphan_foreign_key
ORD00147114,CUST0006707,LOC0008,2025-10-15 12:47:11,App,Completed,PROMO015,8640.00,1728.00,1105.92,8017.92,Online,orphan_foreign_key
ORD00147141,CUST0024823,LOC0001,1970-01-01 12:21:00,ThirdPartyDelivery,Completed,,3260.00,0.00,489.00,3749.00,Online,invalid_date
ORD00147285,CUST0013893,LOC0016,2025-10-15 19:23:45,Dine-in,Completed,,7650.00,15763.89,1224.00,8874.00,Card,discount_exceeds_subtotal
ORD00147340,CUST0016226,LOC0017,2025-10-15 20:47:10,Dine-in,Completed,,8165.00,12843.91,1306.40,9471.40,Cash,discount_exceeds_subtotal
ORD00147391,CUST0000521,LOC0019,2099-12-31 21:22:00,App,Completed,,17425.00,0.00,2788.00,20213.00,Card,invalid_date
ORD00147988,CUST0037368,LOC0023,2025-10-17 17:34:12,Dine-in,Completed,,14660.00,21088.13,2199.00,16859.00,Card,discount_exceeds_subtotal
ORD00148208,CUST0050746,LOC0018,2025-10-17 23:13:19,Takeaway,Completed,,2070.00,2896.06,331.20,2401.20,Cash,discount_exceeds_subtotal
ORD00148316,CUST0004444,LOC0013,2025-10-18 13:25:37,App,Completed,,8440.00,0.00,1266.00,9706.00,Online,orphan_foreign_key
ORD00148555,CUST0020585,LOC7481,2025-10-18 21:04:53,Takeaway,Completed,,2390.00,0.00,358.50,2748.50,Cash,invalid_restaurant_id
ORD00148940,CUST0050735,LOC6163,2025-10-19 18:36:22,App,Completed,,5800.00,0.00,928.00,6728.00,Online,invalid_restaurant_id
ORD00148975,CUST0029726,LOC1872,2025-10-19 19:38:25,App,Completed,,7315.00,0.00,1097.25,8412.25,Online,invalid_restaurant_id
ORD00149144,,LOC0001,2025-10-19 22:25:53,App,Completed,,5480.00,0.00,822.00,6302.00,Wallet,missing_value
ORD00149225,CUST0004879,LOC0008,2025-10-20 12:14:38,Dine-in,Completed,,6840.00,0.00,1094.40,7934.40,Card,orphan_foreign_key
ORD00149233,,LOC0004,2025-10-20 12:25:47,Dine-in,Completed,,11500.00,0.00,1725.00,13225.00,Cash,missing_value
ORD00149522,CUST0034372,LOC8274,2025-10-20 21:22:04,Takeaway,Completed,,3610.00,0.00,541.50,4151.50,Cash,invalid_restaurant_id
ORD00149635,CUST0027608,LOC0025,2025-10-21 11:53:02,ThirdPartyDelivery,Completed,,7670.00,0.00,1150.50,8820.50,Cash,orphan_foreign_key
ORD00149840,CUST0033776,LOC0004,2025-10-21 19:16:24,Dine-in,Completed,,4970.00,0.00,745.50,5715.50,Wallet,orphan_foreign_key
ORD00149969,CUST0037494,LOC0008,2025-10-21 22:14:43,Website,Completed,,3515.00,3942.78,562.40,4077.40,Online,discount_exceeds_subtotal
ORD00150319,CUST0029812,LOC5934,2025-10-22 20:40:19,Dine-in,Completed,PROMO016,19850.00,246.00,3136.64,22740.64,Card,invalid_restaurant_id
ORD00150337,CUST1586215,LOC0016,2025-10-22 20:58:07,Dine-in,Completed,,22175.00,0.00,3548.00,25723.00,Card,orphan_foreign_key
ORD00150368,CUST0004063,LOC0251,2025-10-22 21:44:37,App,Completed,,3630.00,0.00,544.50,4174.50,Online,invalid_restaurant_id
ORD00150369,CUST6866598,LOC0003,2025-10-22 21:45:18,ThirdPartyDelivery,Completed,,7490.00,0.00,1123.50,8613.50,Cash,orphan_foreign_key
ORD00150659,CUST0014873,LOC5635,2025-10-23 17:02:42,ThirdPartyDelivery,Completed,,7550.00,0.00,1208.00,8758.00,Cash,invalid_restaurant_id
ORD00150720,CUST0650393,LOC0016,2025-10-23 19:15:20,Dine-in,Completed,,7960.00,0.00,1273.60,9233.60,Card,orphan_foreign_key
ORD00150834,CUST0041396,LOC0011,2025-10-23 21:19:36,Dine-in,Completed,,6560.00,0.00,1049.60,7609.60,Card,orphan_foreign_key
ORD00150969,CUST0036558,LOC0003,2025-10-24 12:04:34,Dine-in,Completed,,7370.00,0.00,1105.50,8475.50,Card,orphan_foreign_key
ORD00151066,CUST0044891,LOC0009,,Dine-in,Completed,,13980.00,0.00,2236.80,16216.80,Wallet,invalid_date
ORD00151208,,LOC0020,2025-10-24 17:24:15,Takeaway,Completed,,5170.00,0.00,775.50,5945.50,Cash,missing_value
ORD00151299,CUST4595415,LOC0022,2025-10-24 19:32:11,ThirdPartyDelivery,Completed,,1580.00,0.00,237.00,1817.00,Cash,orphan_foreign_key
ORD00151439,,LOC0007,2025-10-24 21:27:08,App,Completed,,2180.00,0.00,348.80,2528.80,Online,missing_value
ORD00151609,,LOC0024,2025-10-25 12:27:56,Dine-in,Completed,,17375.00,0.00,2780.00,20155.00,Wallet,missing_value
ORD00151673,,LOC0018,2025-10-25 13:26:37,Takeaway,Completed,,19535.00,0.00,3125.60,22660.60,Cash,missing_value
ORD00151813,CUST0048433,LOC0004,1900-01-01 13:28:00,ThirdPartyDelivery,Completed,,4585.00,0.00,687.75,5272.75,Cash,invalid_date
ORD00151814,CUST6602664,LOC0018,2025-10-25 17:28:00,Takeaway,Completed,,4340.00,0.00,694.40,5034.40,Cash,orphan_foreign_key
ORD00151820,CUST0370662,LOC0007,2025-10-25 17:48:55,Dine-in,Completed,PROMO016,5420.00,526.00,783.04,5677.04,Card,orphan_foreign_key
ORD00151940,,LOC0015,2025-10-25 20:07:36,App,Completed,,8535.00,0.00,1365.60,9900.60,Online,missing_value
ORD00152031,CUST1332585,LOC0016,2025-10-25 21:26:32,Dine-in,Completed,,8120.00,0.00,1299.20,9419.20,Wallet,orphan_foreign_key
ORD00152060,,LOC0012,2025-10-25 21:53:53,Dine-in,Completed,,2030.00,0.00,304.50,2334.50,Card,missing_value
ORD00152245,CUST0003218,LOC8553,2025-10-26 13:25:03,App,Completed,,4200.00,0.00,672.00,4872.00,Wallet,invalid_restaurant_id
ORD00152252,,LOC0013,2025-10-26 13:34:25,App,Completed,,5690.00,0.00,853.50,6543.50,Online,missing_value
ORD00152360,CUST0028072,LOC0017,2025-10-26 15:53:10,Takeaway,Completed,PROMO016,6810.00,13361.44,1044.48,7572.48,Cash,discount_exceeds_subtotal
ORD00152412,,LOC0022,2025-10-26 18:26:52,ThirdPartyDelivery,Completed,,2675.00,0.00,401.25,3076.25,Online,missing_value
ORD00152851,,LOC0004,2025-10-27 13:39:51,Dine-in,Completed,PROMO016,14360.00,1464.00,1934.40,14830.40,Card,missing_value
ORD00153093,CUST0033354,LOC0017,2025-10-27 21:15:23,ThirdPartyDelivery,Completed,,3460.00,4147.55,553.60,4013.60,Cash,discount_exceeds_subtotal
ORD00153285,CUST0019854,LOC0003,2025-10-28 15:56:09,Dine-in,Completed,,4845.00,7617.46,726.75,5571.75,Cash,discount_exceeds_subtotal
ORD00153304,CUST0043043,LOC0013,2025-10-28 17:34:30,App,Completed,,4020.00,0.00,603.00,4623.00,Online,orphan_foreign_key
ORD00153328,CUST0009263,LOC0002,2025-10-28 18:54:14,Dine-in,Completed,,18850.00,0.00,2827.50,21677.50,Cash,orphan_foreign_key
ORD00153407,CUST8020881,LOC0013,2025-10-28 21:14:46,App,Completed,,9050.00,0.00,1357.50,10407.50,Wallet,orphan_foreign_key
ORD00153644,CUST0014270,LOC0009,2025-10-29 18:03:17,Dine-in,Completed,,3175.00,0.00,508.00,3683.00,Cash,orphan_foreign_key
ORD00153955,CUST0037555,LOC0005,2025-10-30 14:10:05,App,Completed,,10220.00,23641.79,1533.00,11753.00,Card,discount_exceeds_subtotal
ORD00154044,CUST0054918,LOC0011,2025-10-30 19:27:01,App,Completed,,13320.00,0.00,2131.20,15451.20,Online,orphan_foreign_key
ORD00154108,CUST0042885,LOC0020,2025-10-30 20:49:21,Dine-in,Completed,,6625.00,0.00,993.75,7618.75,Wallet,orphan_foreign_key
ORD00154258,CUST0052657,LOC4113,2025-10-31 12:41:29,Dine-in,Completed,,24160.00,0.00,3624.00,27784.00,Card,invalid_restaurant_id
ORD00154765,CUST0054949,LOC0010,2025-11-01 12:32:07,App,Completed,,7180.00,0.00,1148.80,8328.80,Wallet,orphan_foreign_key
ORD00154846,CUST4340465,LOC0011,2025-11-01 13:38:42,Takeaway,Completed,,4030.00,0.00,644.80,4674.80,Wallet,orphan_foreign_key
ORD00154890,CUST0015359,LOC0008,1900-01-01 20:41:00,ThirdPartyDelivery,Completed,,4715.00,0.00,754.40,5469.40,Online,invalid_date
ORD00154910,CUST0021881,LOC0010,2025-11-01 14:38:03,ThirdPartyDelivery,Completed,,3920.00,8399.05,627.20,4547.20,Online,discount_exceeds_subtotal
ORD00155007,,LOC0018,2025-11-01 17:52:09,Takeaway,Completed,,3960.00,0.00,633.60,4593.60,Card,missing_value
ORD00155076,,LOC0008,2025-11-01 19:22:07,Dine-in,Completed,,950.00,0.00,152.00,1102.00,Wallet,missing_value
ORD00155092,CUST0034991,LOC0007,2025-11-01 19:34:31,Dine-in,Completed,,3465.00,0.00,554.40,4019.40,Card,orphan_foreign_key
ORD00155224,CUST0050711,LOC0015,2025-11-01 21:24:49,App,Cancelled,,3345.00,0.00,535.20,3880.20,Online,orphan_foreign_key
ORD00155280,CUST5682668,LOC0001,2025-11-01 21:58:44,Dine-in,Completed,PROMO017,9670.00,1125.00,1281.75,9826.75,Cash,orphan_foreign_key
ORD00155386,CUST0044164,LOC0001,2025-11-02 01:36:58,Website,Cancelled,,5955.00,0.00,893.25,6848.25,Online,orphan_foreign_key
ORD00155530,,LOC0003,2025-11-02 13:39:59,App,Completed,,5755.00,0.00,863.25,6618.25,Online,missing_value
ORD00155941,CUST0005134,LOC0007,2025-11-02 22:14:31,Dine-in,Completed,PROMO017,9805.00,1204.50,1376.08,9976.58,Card,orphan_foreign_key
ORD00155983,CUST2851110,LOC0016,2025-11-02 22:57:07,Dine-in,Completed,,6330.00,0.00,1012.80,7342.80,Card,orphan_foreign_key
ORD00156338,,LOC0005,2025-11-03 20:53:15,Dine-in,Completed,,7595.00,0.00,1139.25,8734.25,Cash,missing_value
ORD00156430,CUST0018967,LOC0023,2025-11-03 23:54:39,Website,Completed,,4820.00,0.00,723.00,5543.00,Online,orphan_foreign_key
ORD00156493,CUST0020883,LOC0023,2025-11-04 12:36:10,Dine-in,Completed,,12760.00,0.00,1914.00,14674.00,Cash,orphan_foreign_key
ORD00156736,CUST0045038,LOC0004,,App,Completed,PROMO017,9155.00,1672.50,1122.38,8604.88,Online,invalid_date
ORD00157134,,LOC0014,2025-11-05 18:46:42,Takeaway,Completed,,680.00,0.00,102.00,782.00,Card,missing_value
ORD00157583,,LOC0016,2025-11-06 18:26:04,ThirdPartyDelivery,Completed,,2275.00,0.00,364.00,2639.00,Online,missing_value
ORD00157670,,LOC0008,2025-11-06 20:22:03,Dine-in,Completed,,3520.00,0.00,563.20,4083.20,Card,missing_value
ORD00157677,,LOC0001,2025-11-06 20:27:11,Dine-in,Completed,,23165.00,0.00,3474.75,26639.75,Cash,missing_value
ORD00158023,CUST0001569,LOC0008,1970-01-01 20:02:00,Dine-in,Completed,,3100.00,0.00,496.00,3596.00,Cash,invalid_date
ORD00158204,,LOC0024,2025-11-07 19:01:09,Takeaway,Completed,PROMO017,5990.00,1266.00,755.84,5479.84,Card,missing_value
ORD00158805,CUST0054435,LOC0018,2025-11-08 14:54:31,Dine-in,Completed,PROMO017,13140.00,3366.00,1563.84,11337.84,Wallet,orphan_foreign_key
ORD00158994,CUST0027409,LOC9252,2025-11-08 20:00:08,Dine-in,Completed,,6925.00,0.00,1038.75,7963.75,Cash,invalid_restaurant_id
ORD00159003,,LOC0007,2025-11-08 20:07:10,Dine-in,Completed,,14230.00,0.00,2276.80,16506.80,Card,missing_value
ORD00159070,CUST0024080,LOC0001,2025-11-08 20:39:06,Dine-in,Cancelled,,13010.00,31887.79,1951.50,14961.50,Wallet,discount_exceeds_subtotal
ORD00159363,CUST9408593,LOC0011,2025-11-09 12:25:45,Website,Completed,,5330.00,0.00,852.80,6182.80,Online,orphan_foreign_key
ORD00159407,CUST0052342,LOC0013,1900-01-01 22:39:00,Website,Completed,,4130.00,0.00,619.50,4749.50,Online,invalid_date
ORD00160101,CUST0027127,LOC0019,2025-11-10 13:48:43,App,Completed,,7160.00,0.00,1145.60,8305.60,Online,orphan_foreign_key
ORD00160156,CUST0046333,LOC0013,,Website,Completed,PROMO017,5570.00,498.00,760.80,5832.80,Online,invalid_date
ORD00160170,,LOC0006,2025-11-10 17:13:03,Dine-in,Completed,,10210.00,0.00,1531.50,11741.50,Cash,missing_value
ORD00160327,CUST0001092,LOC0016,2025-11-10 21:16:39,Dine-in,Completed,,8600.00,10776.94,1376.00,9976.00,Cash,discount_exceeds_subtotal
ORD00160355,CUST0030647,LOC0015,2025-11-10 21:51:46,Dine-in,Completed,,4595.00,10414.56,735.20,5330.20,Cash,discount_exceeds_subtotal
ORD00160609,CUST0038137,LOC0023,,ThirdPartyDelivery,Completed,,5565.00,0.00,834.75,6399.75,Cash,invalid_date
ORD00160682,CUST0029660,LOC7907,2025-11-11 19:23:29,Dine-in,Completed,PROMO017,18000.00,3324.00,2348.16,17024.16,Card,invalid_restaurant_id
ORD00160690,CUST0011232,LOC0004,2025-11-11 19:29:27,ThirdPartyDelivery,Cancelled,,5480.00,0.00,822.00,6302.00,Online,orphan_foreign_key
ORD00160729,,LOC0023,2025-11-11 20:11:01,Website,Completed,,9080.00,0.00,1362.00,10442.00,Wallet,missing_value
ORD00160770,CUST0009370,LOC0010,,Takeaway,Completed,,5970.00,0.00,955.20,6925.20,Card,invalid_date
ORD00160773,CUST0020641,LOC0005,2025-11-11 21:01:07,Takeaway,Completed,,2990.00,0.00,448.50,3438.50,Cash,orphan_foreign_key
ORD00160871,,LOC0013,2025-11-11 23:42:50,Dine-in,Completed,,4680.00,0.00,702.00,5382.00,Card,missing_value
ORD00160892,,LOC0011,2025-11-12 01:29:14,Website,Completed,PROMO017,8910.00,2073.00,1093.92,7930.92,Online,missing_value
ORD00160922,,LOC0006,2025-11-12 12:02:09,Dine-in,Completed,,7565.00,0.00,1134.75,8699.75,Cash,missing_value
ORD00161225,CUST0032073,LOC0025,2025-11-12 20:23:17,Dine-in,Completed,,18790.00,0.00,2818.50,21608.50,Wallet,orphan_foreign_key
ORD00161317,CUST0017517,LOC4801,2025-11-12 21:57:05,Takeaway,Completed,,7510.00,0.00,1126.50,8636.50,Wallet,invalid_restaurant_id
ORD00161355,CUST0046301,LOC0019,,Dine-in,Completed,,30470.00,0.00,4875.20,35345.20,Card,invalid_date
ORD00161527,CUST0019174,LOC0006,2025-11-13 13:35:58,Dine-in,Completed,,9600.00,0.00,1440.00,11040.00,Card,orphan_foreign_key
ORD00161609,,LOC0023,2025-11-13 16:30:47,App,Completed,,950.00,0.00,142.50,1092.50,Online,missing_value
ORD00161856,CUST0038863,LOC0014,,Dine-in,Completed,,8150.00,0.00,1222.50,9372.50,Wallet,invalid_date
ORD00162430,CUST0023057,LOC0005,,Dine-in,Completed,,11400.00,0.00,1710.00,13110.00,Wallet,invalid_date
ORD00162697,CUST6037714,LOC0001,2025-11-15 13:11:48,Takeaway,Completed,,4860.00,0.00,729.00,5589.00,Card,orphan_foreign_key
ORD00162803,CUST0008412,LOC0018,2025-11-15 14:41:11,Dine-in,Completed,,17250.00,0.00,2760.00,20010.00,Cash,orphan_foreign_key
ORD00162858,CUST0047463,LOC0011,,App,Completed,,1970.00,0.00,315.20,2285.20,Wallet,invalid_date
ORD00162995,CUST0045500,LOC0009,2025-11-15 19:48:56,Dine-in,Completed,PROMO017,10750.00,21132.05,1324.48,9602.48,Cash,discount_exceeds_subtotal
ORD00163032,CUST5945251,LOC0009,2025-11-15 20:16:41,App,Completed,,4745.00,0.00,759.20,5504.20,Online,orphan_foreign_key
ORD00163141,CUST0000884,LOC0003,2025-11-15 21:30:58,Dine-in,Completed,PROMO017,11930.00,21185.21,1637.85,12556.85,Wallet,discount_exceeds_subtotal
ORD00163228,CUST0007217,LOC0021,2025-11-15 22:42:56,App,Completed,,9100.00,21684.20,1365.00,10465.00,Online,discount_exceeds_subtotal
ORD00163380,,LOC0007,2025-11-16 13:05:53,ThirdPartyDelivery,Completed,,5150.00,0.00,824.00,5974.00,Online,missing_value
ORD00163862,CUST4986335,LOC0013,2025-11-16 21:49:50,Takeaway,Completed,,100.00,0.00,15.00,115.00,Wallet,orphan_foreign_key
ORD00164020,CUST0031486,LOC0018,2025-11-17 12:47:13,Dine-in,Completed,,12340.00,0.00,1974.40,14314.40,Cash,orphan_foreign_key
ORD00164307,CUST0033324,LOC0025,2025-11-17 20:58:19,Dine-in,Completed,,4890.00,0.00,733.50,5623.50,Cash,orphan_foreign_key
ORD00164591,CUST0019778,LOC7855,2025-11-18 13:55:10,ThirdPartyDelivery,Completed,,2065.00,0.00,309.75,2374.75,Cash,invalid_restaurant_id
ORD00164632,CUST4871341,LOC0004,2025-11-18 14:59:10,App,Completed,,2600.00,0.00,390.00,2990.00,Online,orphan_foreign_key
ORD00164702,,LOC0006,2025-11-18 18:24:58,Takeaway,Completed,,7410.00,0.00,1111.50,8521.50,Cash,missing_value
ORD00164727,,LOC0015,2025-11-18 19:16:54,App,Completed,,3640.00,0.00,582.40,4222.40,Wallet,missing_value
ORD00164943,,LOC0007,2025-11-19 11:03:53,Dine-in,Completed,,3785.00,0.00,605.60,4390.60,Card,missing_value
ORD00165042,CUST0052755,LOC0015,2025-11-19 13:24:48,App,Completed,,7190.00,0.00,1150.40,8340.40,Wallet,orphan_foreign_key
ORD00165094,CUST3829458,LOC0015,2025-11-19 14:20:05,App,Completed,,1000.00,0.00,160.00,1160.00,Online,orphan_foreign_key
ORD00165175,CUST0201228,LOC0009,2025-11-19 19:00:18,App,Completed,,2100.00,0.00,336.00,2436.00,Wallet,orphan_foreign_key
ORD00165188,CUST0040140,LOC0020,2025-11-19 19:15:33,ThirdPartyDelivery,Completed,,11880.00,0.00,1782.00,13662.00,Cash,orphan_foreign_key
ORD00165202,CUST0043043,LOC0004,2025-11-19 19:38:07,Dine-in,Completed,,8515.00,0.00,1277.25,9792.25,Cash,orphan_foreign_key
ORD00165224,CUST0042709,LOC1953,2025-11-19 20:01:53,ThirdPartyDelivery,Completed,,10560.00,0.00,1689.60,12249.60,Cash,invalid_restaurant_id
ORD00165438,CUST0009263,LOC0002,2025-11-20 11:46:41,Dine-in,Completed,,12930.00,0.00,1939.50,14869.50,Card,orphan_foreign_key
ORD00165507,,LOC0009,2025-11-20 13:11:49,Dine-in,Completed,,11690.00,0.00,1870.40,13560.40,Card,missing_value
ORD00165597,CUST0041871,LOC0009,2025-11-20 15:54:14,ThirdPartyDelivery,Completed,PROMO017,10410.00,1359.00,1448.16,10499.16,Online,orphan_foreign_key
ORD00165744,CUST0016663,LOC0009,2025-11-20 20:20:02,App,Completed,,4855.00,0.00,776.80,5631.80,Online,orphan_foreign_key
ORD00165888,CUST0015340,LOC0024,2025-11-20 22:56:46,Dine-in,Completed,,7870.00,0.00,1259.20,9129.20,Cash,orphan_foreign_key
ORD00166211,CUST4709422,LOC0006,2025-11-21 18:18:03,Dine-in,Completed,,9245.00,0.00,1386.75,10631.75,Cash,orphan_foreign_key
ORD00166356,CUST0024967,LOC0017,2027-11-05 13:40:00,Dine-in,Completed,,10960.00,0.00,1753.60,12713.60,Cash,invalid_date
ORD00166419,CUST0006296,LOC0003,2027-11-05 12:25:00,Takeaway,Completed,,4300.00,0.00,645.00,4945.00,Cash,invalid_date
ORD00166865,CUST0046454,LOC0012,2025-11-22 19:35:02,Takeaway,Completed,,4705.00,0.00,705.75,5410.75,Cash,orphan_foreign_key
ORD00166891,CUST0020883,LOC0010,2025-11-22 20:01:58,Dine-in,Completed,,13245.00,0.00,2119.20,15364.20,Card,orphan_foreign_key
ORD00167203,CUST0040140,LOC0020,2025-11-23 12:22:40,ThirdPartyDelivery,Completed,,8050.00,0.00,1207.50,9257.50,Online,orphan_foreign_key
ORD00167474,CUST0588585,LOC0018,2025-11-23 19:39:21,Takeaway,Completed,,710.00,0.00,113.60,823.60,Card,orphan_foreign_key
ORD00167611,CUST0019181,LOC0008,2025-11-23 21:56:42,Dine-in,Completed,,5495.00,0.00,879.20,6374.20,Cash,orphan_foreign_key
ORD00167648,CUST0032896,LOC0023,2025-11-23 22:54:10,Dine-in,Completed,,4415.00,10582.29,662.25,5077.25,Cash,discount_exceeds_subtotal
ORD00167670,,LOC0024,2025-11-23 23:24:32,Dine-in,Completed,,7335.00,0.00,1173.60,8508.60,Card,missing_value
ORD00167713,,LOC0013,2025-11-24 11:37:48,App,Completed,,14860.00,0.00,2229.00,17089.00,Cash,missing_value
ORD00167791,,LOC0015,2025-11-24 13:33:09,Dine-in,Completed,,12720.00,0.00,2035.20,14755.20,Cash,missing_value
ORD00167865,CUST0007830,LOC0007,2025-11-24 17:09:19,Takeaway,Completed,,6070.00,0.00,971.20,7041.20,Wallet,orphan_foreign_key
ORD00167875,CUST0042093,LOC0015,2025-11-24 17:44:11,Dine-in,Completed,,7640.00,10275.87,1222.40,8862.40,Card,discount_exceeds_subtotal
ORD00168030,CUST1286836,LOC0023,2025-11-24 21:30:23,Dine-in,Completed,,8420.00,0.00,1263.00,9683.00,Cash,orphan_foreign_key
ORD00168105,,LOC0024,2025-11-25 01:49:07,ThirdPartyDelivery,Completed,,10180.00,0.00,1628.80,11808.80,Cash,missing_value
ORD00168432,CUST0002975,LOC0003,2099-12-31 11:38:00,Dine-in,Completed,,16710.00,0.00,2506.50,19216.50,Card,invalid_date
ORD00168502,CUST0040912,LOC0007,,Dine-in,Completed,,11680.00,0.00,1868.80,13548.80,Card,invalid_date
ORD00168652,CUST0001378,LOC0005,2025-11-26 18:23:34,Website,Cancelled,,5550.00,0.00,832.50,6382.50,Online,orphan_foreign_key
ORD00168787,CUST0021730,LOC0014,2027-11-05 21:52:00,Dine-in,Completed,,5245.00,0.00,786.75,6031.75,Cash,invalid_date
ORD00168802,,LOC0020,2025-11-26 21:49:42,Website,Completed,,9505.00,0.00,1425.75,10930.75,Online,missing_value
ORD00168859,,LOC0019,2025-11-27 11:14:08,ThirdPartyDelivery,Completed,,4395.00,0.00,703.20,5098.20,Online,missing_value
ORD00168938,,LOC0025,2025-11-27 12:42:21,Takeaway,Completed,,5750.00,0.00,862.50,6612.50,Card,missing_value
ORD00168973,,LOC0003,2025-11-27 13:04:25,Takeaway,Completed,PROMO018,3930.00,1179.00,412.65,3163.65,Cash,missing_value
ORD00169021,CUST7070494,LOC0012,2025-11-27 13:36:20,Dine-in,Completed,PROMO018,10155.00,3046.50,1066.27,8174.77,Card,orphan_foreign_key
ORD00169234,CUST0047479,LOC0002,2025-11-27 19:21:11,Dine-in,Completed,PROMO018,9880.00,2964.00,1037.40,7953.40,Cash,orphan_foreign_key
ORD00169338,CUST0043525,LOC0013,2025-11-27 20:36:57,Takeaway,Cancelled,,7770.00,0.00,1165.50,8935.50,Cash,orphan_foreign_key
ORD00169391,CUST0050825,LOC0020,2025-11-27 21:17:19,ThirdPartyDelivery,Completed,,5775.00,0.00,866.25,6641.25,Cash,orphan_foreign_key
ORD00169556,CUST0019181,LOC0023,2025-11-28 01:43:47,Takeaway,Completed,,7985.00,0.00,1197.75,9182.75,Cash,orphan_foreign_key
ORD00169609,CUST0043525,LOC0013,2025-11-28 12:09:16,Takeaway,Completed,PROMO018,7420.00,2226.00,779.10,5973.10,Wallet,orphan_foreign_key
ORD00169793,,LOC0003,2025-11-28 13:41:08,Dine-in,Completed,PROMO018,4890.00,1467.00,513.45,3936.45,Card,missing_value
ORD00169878,CUST0027870,LOC0015,2031-07-22 10:02:00,Dine-in,Completed,PROMO018,10015.00,3004.50,1121.68,8132.18,Card,invalid_date
ORD00169963,CUST0011418,LOC0001,2099-12-31 18:54:00,ThirdPartyDelivery,Completed,,8600.00,0.00,1290.00,9890.00,Cash,invalid_date
ORD00170056,CUST1780677,LOC0013,2025-11-28 19:07:16,ThirdPartyDelivery,Completed,,11440.00,0.00,1716.00,13156.00,Online,orphan_foreign_key
ORD00170219,CUST0054949,LOC0011,2025-11-28 20:46:45,App,Completed,,4550.00,0.00,728.00,5278.00,Online,orphan_foreign_key
ORD00170270,CUST0014199,LOC0002,2025-11-28 21:13:54,Dine-in,Completed,,9960.00,0.00,1494.00,11454.00,Cash,orphan_foreign_key
ORD00170292,CUST0617087,LOC0018,2025-11-28 21:21:59,ThirdPartyDelivery,Cancelled,,6235.00,0.00,997.60,7232.60,Online,orphan_foreign_key
ORD00170401,CUST6301958,LOC0016,2025-11-28 22:25:13,Website,Completed,,6565.00,0.00,1050.40,7615.40,Card,orphan_foreign_key
ORD00170413,,LOC0013,2025-11-28 22:28:53,Dine-in,Completed,,13175.00,0.00,1976.25,15151.25,Card,missing_value
ORD00170589,CUST0032279,LOC8579,2025-11-29 12:24:19,App,Cancelled,,5410.00,0.00,811.50,6221.50,Online,invalid_restaurant_id
ORD00170652,,LOC0005,2025-11-29 13:04:11,ThirdPartyDelivery,Cancelled,,4820.00,0.00,723.00,5543.00,Online,missing_value
ORD00170904,CUST0011401,LOC9286,2025-11-29 17:17:24,Dine-in,Completed,PROMO018,9890.00,2967.00,1038.45,7961.45,Card,invalid_restaurant_id
ORD00170910,CUST0049219,LOC0014,2025-11-29 17:24:36,Dine-in,Completed,,8670.00,10795.30,1300.50,9970.50,Cash,discount_exceeds_subtotal
ORD00171122,,LOC0023,2025-11-29 20:08:40,App,Completed,,5285.00,0.00,792.75,6077.75,Online,missing_value
ORD00171206,,LOC0018,2025-11-29 20:43:51,Takeaway,Completed,,6630.00,0.00,1060.80,7690.80,Card,missing_value
ORD00171252,CUST0002827,LOC1469,2025-11-29 21:05:23,Website,Completed,,6540.00,0.00,981.00,7521.00,Online,invalid_restaurant_id
ORD00171290,,LOC0009,2025-11-29 21:22:36,Dine-in,Completed,,7300.00,0.00,1168.00,8468.00,Cash,missing_value
ORD00171662,CUST0004879,LOC0008,2025-11-30 13:08:35,ThirdPartyDelivery,Completed,,4185.00,0.00,669.60,4854.60,Cash,orphan_foreign_key
ORD00172040,CUST0049234,LOC0006,2027-11-05 10:09:00,Dine-in,Completed,,13945.00,0.00,2091.75,16036.75,Cash,invalid_date
ORD00172143,CUST0047689,LOC0766,2025-11-30 20:51:31,Takeaway,Completed,PROMO018,4370.00,1311.00,458.85,3517.85,Cash,invalid_restaurant_id
ORD00172323,CUST0019541,LOC0016,2025-11-30 22:44:11,Dine-in,Completed,,5960.00,12342.01,953.60,6913.60,Cash,discount_exceeds_subtotal
ORD00172565,,LOC0020,2025-12-01 15:11:10,Takeaway,Completed,,7380.00,0.00,1107.00,8487.00,Card,missing_value
ORD00172912,CUST2438110,LOC0003,2025-12-02 10:38:39,App,Cancelled,,2260.00,0.00,339.00,2599.00,Card,orphan_foreign_key
ORD00173084,CUST0004622,LOC0012,2025-12-02 14:51:38,App,Completed,,4810.00,7718.26,721.50,5531.50,Online,discount_exceeds_subtotal
ORD00173330,,LOC0017,2025-12-02 21:31:51,App,Completed,PROMO019,2080.00,57.00,323.68,2346.68,Cash,missing_value
ORD00173690,CUST7901577,LOC0007,2025-12-03 18:01:00,Dine-in,Completed,,6430.00,0.00,1028.80,7458.80,Card,orphan_foreign_key
ORD00173777,CUST0049298,LOC2796,2025-12-03 20:13:36,Dine-in,Completed,,6360.00,0.00,1017.60,7377.60,Cash,invalid_restaurant_id
ORD00173905,CUST0036765,LOC0023,2025-12-03 22:04:02,ThirdPartyDelivery,Completed,,4030.00,0.00,604.50,4634.50,Online,orphan_foreign_key
ORD00174047,CUST0007833,LOC6647,2025-12-04 12:35:01,Takeaway,Completed,PROMO019,3565.00,180.00,507.75,3892.75,Card,invalid_restaurant_id
ORD00174183,CUST0035419,LOC0017,2025-12-04 15:16:46,ThirdPartyDelivery,Completed,PROMO019,7430.00,27.00,1184.48,8587.48,Online,orphan_foreign_key
ORD00174269,CUST0015981,LOC0012,1970-01-01 16:52:00,Dine-in,Cancelled,,17400.00,0.00,2610.00,20010.00,Cash,invalid_date
ORD00174606,CUST0042231,LOC0016,2027-11-05 10:07:00,Dine-in,Completed,,16660.00,0.00,2665.60,19325.60,Card,invalid_date
ORD00175062,CUST0043111,LOC0012,2025-12-05 20:49:13,Dine-in,Completed,,8880.00,15575.25,1332.00,10212.00,Card,discount_exceeds_subtotal
ORD00175156,CUST0046454,LOC0012,2025-12-05 21:44:30,Website,Completed,,7115.00,0.00,1067.25,8182.25,Wallet,orphan_foreign_key
ORD00175441,CUST0052284,LOC0023,2099-12-31 20:13:00,App,Completed,,3555.00,0.00,533.25,4088.25,Wallet,invalid_date
ORD00175498,,LOC0003,2025-12-06 13:39:55,App,Completed,,5130.00,0.00,769.50,5899.50,Cash,missing_value
ORD00175555,,LOC0015,2025-12-06 14:26:52,Dine-in,Completed,,3095.00,0.00,495.20,3590.20,Wallet,missing_value
ORD00175749,CUST0033434,LOC8407,2025-12-06 19:43:57,Dine-in,Completed,,15830.00,0.00,2374.50,18204.50,Cash,invalid_restaurant_id
ORD00175753,CUST0053169,LOC0006,1900-01-01 11:09:00,Dine-in,Completed,PROMO019,12215.00,153.75,1809.19,13870.44,Cash,invalid_date
ORD00175762,,LOC0022,2025-12-06 19:51:32,Dine-in,Completed,PROMO019,5490.00,84.00,810.90,6216.90,Cash,missing_value
ORD00175809,,LOC0010,2025-12-06 20:17:32,App,Cancelled,,8740.00,0.00,1398.40,10138.40,Card,missing_value
ORD00176115,,LOC0009,2025-12-07 10:29:36,App,Completed,,2680.00,0.00,428.80,3108.80,Online,missing_value
ORD00176287,CUST0003773,LOC0015,2025-12-07 13:46:41,Takeaway,Completed,,4495.00,0.00,719.20,5214.20,Cash,orphan_foreign_key
ORD00176386,CUST0000282,LOC0014,2025-12-07 15:58:00,ThirdPartyDelivery,Completed,,8600.00,18137.48,1290.00,9890.00,Cash,discount_exceeds_subtotal
ORD00176548,,LOC0018,2025-12-07 19:53:23,Takeaway,Completed,,2960.00,0.00,473.60,3433.60,Card,missing_value
ORD00176981,CUST2198387,LOC0020,2025-12-08 13:52:47,ThirdPartyDelivery,Completed,,2980.00,0.00,447.00,3427.00,Cash,orphan_foreign_key
ORD00177074,CUST0040140,LOC0020,2025-12-08 17:31:28,ThirdPartyDelivery,Completed,,3890.00,0.00,583.50,4473.50,Cash,orphan_foreign_key
ORD00177372,CUST0019245,LOC0001,2025-12-09 01:49:03,App,Completed,,6180.00,12271.57,927.00,7107.00,Cash,discount_exceeds_subtotal
ORD00177445,CUST0048537,LOC0015,2025-12-09 12:53:46,Dine-in,Completed,,18315.00,44890.87,2930.40,21245.40,Card,discount_exceeds_subtotal
ORD00177717,CUST0335941,LOC0016,2025-12-09 20:00:54,App,Completed,,19050.00,0.00,3048.00,22098.00,Card,orphan_foreign_key
ORD00177803,,LOC0022,2025-12-09 21:27:36,Website,Completed,,4665.00,0.00,699.75,5364.75,Online,missing_value
ORD00177837,CUST0026953,LOC0005,2025-12-09 21:51:53,App,Completed,,5730.00,0.00,859.50,6589.50,Card,orphan_foreign_key
ORD00178028,CUST0020146,LOC0013,2025-12-10 13:33:56,Takeaway,Completed,PROMO019,2120.00,4332.26,277.50,2127.50,Card,discount_exceeds_subtotal
ORD00178036,CUST0050805,LOC0002,2025-12-10 13:43:27,Takeaway,Completed,,6400.00,0.00,960.00,7360.00,Cash,orphan_foreign_key
ORD00178235,CUST0006058,LOC2228,2025-12-10 19:53:20,Website,Completed,,3865.00,0.00,618.40,4483.40,Wallet,invalid_restaurant_id
ORD00178253,,LOC0003,2025-12-10 20:12:47,App,Completed,PROMO019,1745.00,99.00,246.90,1892.90,Card,missing_value
ORD00178280,,LOC0005,2025-12-10 20:29:25,Dine-in,Completed,,5200.00,0.00,780.00,5980.00,Cash,missing_value
ORD00178311,,LOC0025,2025-12-10 20:59:28,Takeaway,Completed,,16820.00,0.00,2523.00,19343.00,Cash,missing_value
ORD00178344,CUST7305579,LOC0020,2025-12-10 21:28:44,ThirdPartyDelivery,Completed,PROMO019,9410.00,180.00,1384.50,10614.50,Cash,orphan_foreign_key
ORD00178474,CUST1034114,LOC0007,2025-12-11 10:07:00,Dine-in,Completed,,14360.00,0.00,2297.60,16657.60,Card,orphan_foreign_key
ORD00178721,CUST0032455,LOC0008,2025-12-11 18:08:57,Dine-in,Completed,,14905.00,0.00,2384.80,17289.80,Card,orphan_foreign_key
ORD00178730,CUST0002250,LOC0020,2025-12-11 18:28:28,App,Cancelled,,4890.00,7056.78,733.50,5623.50,Online,discount_exceeds_subtotal
ORD00178960,CUST0050825,LOC0020,2025-12-11 22:13:40,ThirdPartyDelivery,Completed,PROMO019,6220.00,48.00,925.80,7097.80,Online,orphan_foreign_key
ORD00179146,,LOC0008,2025-12-12 13:10:00,Dine-in,Completed,,5160.00,0.00,825.60,5985.60,Cash,missing_value
ORD00179207,CUST0006633,LOC0016,2025-12-12 13:49:40,Takeaway,Completed,,3150.00,0.00,504.00,3654.00,Cash,orphan_foreign_key
ORD00179238,CUST0043043,LOC0003,2025-12-12 14:20:04,ThirdPartyDelivery,Completed,,7940.00,0.00,1191.00,9131.00,Cash,orphan_foreign_key
ORD00179385,CUST0053041,LOC0018,2025-12-12 18:53:31,App,Completed,,4050.00,0.00,648.00,4698.00,Cash,orphan_foreign_key
ORD00179694,,LOC0020,2025-12-12 22:12:49,Takeaway,Completed,,10570.00,0.00,1585.50,12155.50,Cash,missing_value
ORD00179732,CUST0036385,LOC9005,2025-12-12 22:58:25,ThirdPartyDelivery,Completed,,16600.00,0.00,2490.00,19090.00,Cash,invalid_restaurant_id
ORD00179895,,LOC0008,2025-12-13 12:47:07,Dine-in,Completed,,9000.00,0.00,1440.00,10440.00,Card,missing_value
ORD00180008,CUST0022419,LOC0011,2025-12-13 13:57:04,Takeaway,Completed,,4510.00,0.00,721.60,5231.60,Card,orphan_foreign_key
ORD00180203,,LOC0004,2025-12-13 18:26:01,Dine-in,Completed,,6630.00,0.00,994.50,7624.50,Card,missing_value
ORD00180273,CUST0020700,LOC0003,,Takeaway,Cancelled,,3570.00,0.00,535.50,4105.50,Cash,invalid_date
ORD00180325,CUST0000423,LOC3583,2025-12-13 20:01:22,Dine-in,Completed,,6660.00,0.00,1065.60,7725.60,Cash,invalid_restaurant_id
ORD00180386,,LOC0007,2025-12-13 20:30:56,Dine-in,Completed,,5270.00,0.00,843.20,6113.20,Cash,missing_value
ORD00180390,,LOC0016,2025-12-13 20:31:52,Dine-in,Completed,,11000.00,0.00,1760.00,12760.00,Cash,missing_value
ORD00180404,CUST0009263,LOC0002,2025-12-13 20:36:53,Dine-in,Completed,,23655.00,0.00,3548.25,27203.25,Card,orphan_foreign_key
ORD00180662,CUST0024700,LOC0003,2099-12-31 16:07:00,Dine-in,Completed,PROMO019,13670.00,261.00,2011.35,15420.35,Cash,invalid_date
ORD00180673,CUST2904242,LOC0008,2025-12-13 23:41:11,ThirdPartyDelivery,Completed,PROMO019,990.00,90.00,144.00,1044.00,Cash,orphan_foreign_key
ORD00180740,,LOC0016,2025-12-14 11:37:49,Dine-in,Completed,,6170.00,0.00,987.20,7157.20,Wallet,missing_value
ORD00180787,CUST0041095,LOC0008,1970-01-01 19:33:00,ThirdPartyDelivery,Completed,,18200.00,0.00,2912.00,21112.00,Online,invalid_date
ORD00180992,CUST0019174,LOC0018,2025-12-14 16:13:15,Dine-in,Completed,,6120.00,0.00,979.20,7099.20,Card,orphan_foreign_key
ORD00181181,CUST0001753,LOC0018,2025-12-14 20:10:14,Takeaway,Completed,,4005.00,0.00,640.80,4645.80,Card,orphan_foreign_key
ORD00181384,CUST0010205,LOC4983,2025-12-14 22:27:07,ThirdPartyDelivery,Cancelled,,9310.00,0.00,1396.50,10706.50,Online,invalid_restaurant_id
ORD00181439,,LOC0025,2025-12-15 00:02:04,Takeaway,Completed,,2560.00,0.00,384.00,2944.00,Card,missing_value
ORD00181555,CUST0050825,LOC0020,2025-12-15 13:03:10,ThirdPartyDelivery,Completed,,6125.00,0.00,918.75,7043.75,Cash,orphan_foreign_key
ORD00181640,CUST0053963,LOC0023,2025-12-15 14:44:25,App,Completed,,11120.00,0.00,1668.00,12788.00,Wallet,orphan_foreign_key
ORD00181676,CUST0036911,LOC0016,2025-12-15 16:22:22,ThirdPartyDelivery,Completed,,1690.00,4212.62,270.40,1960.40,Cash,discount_exceeds_subtotal
ORD00181700,CUST0042640,LOC0003,2025-12-15 17:39:03,Dine-in,Completed,,9290.00,0.00,1393.50,10683.50,Cash,orphan_foreign_key
ORD00181772,CUST0024897,LOC0010,2025-12-15 19:33:47,App,Completed,,9810.00,0.00,1569.60,11379.60,Online,orphan_foreign_key
ORD00181976,CUST0048799,LOC0004,2025-12-15 22:44:10,App,Completed,,6220.00,14801.36,933.00,7153.00,Online,discount_exceeds_subtotal
ORD00182149,,LOC0025,2025-12-16 13:52:26,Dine-in,Completed,,6965.00,0.00,1044.75,8009.75,Cash,missing_value
ORD00182189,CUST0018967,LOC0023,2025-12-16 14:55:59,Website,Completed,,640.00,0.00,96.00,736.00,Wallet,orphan_foreign_key
ORD00182267,CUST0015172,LOC0363,2025-12-16 18:28:07,Dine-in,Completed,,11050.00,0.00,1768.00,12818.00,Wallet,invalid_restaurant_id
ORD00182281,,LOC0007,2025-12-16 18:48:35,Dine-in,Completed,PROMO019,5655.00,35.25,899.16,6518.91,Card,missing_value
ORD00182489,,LOC0004,2025-12-16 22:14:02,Dine-in,Completed,,15930.00,0.00,2389.50,18319.50,Card,missing_value
ORD00182498,CUST0043473,LOC2426,2025-12-16 22:31:53,ThirdPartyDelivery,Completed,,3780.00,0.00,604.80,4384.80,Cash,invalid_restaurant_id
ORD00182678,CUST0034118,LOC0004,2025-12-17 13:28:24,Dine-in,Completed,,4660.00,0.00,699.00,5359.00,Card,orphan_foreign_key
ORD00182952,,LOC0002,2025-12-17 20:50:48,App,Completed,PROMO019,4050.00,73.50,596.48,4572.98,Cash,missing_value
ORD00183038,CUST9537597,LOC0023,2025-12-17 22:30:10,ThirdPartyDelivery,Cancelled,PROMO019,6230.00,150.00,912.00,6992.00,Cash,orphan_foreign_key
ORD00183085,,LOC0016,2025-12-18 00:35:10,Website,Completed,PROMO019,7110.00,48.00,1129.92,8191.92,Online,missing_value
ORD00183163,,LOC0015,2025-12-18 12:46:09,App,Completed,,7885.00,0.00,1261.60,9146.60,Online,missing_value
ORD00183343,CUST2529612,LOC0010,2025-12-18 17:17:12,Dine-in,Completed,,14170.00,0.00,2267.20,16437.20,Cash,orphan_foreign_key
ORD00183354,CUST0023422,LOC0257,2025-12-18 17:43:21,Takeaway,Completed,,6290.00,0.00,1006.40,7296.40,Cash,invalid_restaurant_id
ORD00183370,CUST0052755,LOC0015,2025-12-18 18:14:57,App,Completed,,13940.00,0.00,2230.40,16170.40,Online,orphan_foreign_key
ORD00183439,,LOC0020,2025-12-18 19:34:53,ThirdPartyDelivery,Completed,,3880.00,0.00,582.00,4462.00,Online,missing_value
ORD00183444,CUST0006678,LOC0012,2025-12-18 19:39:36,ThirdPartyDelivery,Completed,,5920.00,0.00,888.00,6808.00,Online,orphan_foreign_key
ORD00183657,CUST0544086,LOC0023,2025-12-18 22:53:45,App,Cancelled,,8050.00,0.00,1207.50,9257.50,Card,orphan_foreign_key
ORD00183696,CUST0023252,LOC0019,2027-11-05 11:03:00,Dine-in,Completed,,12030.00,0.00,1924.80,13954.80,Cash,invalid_date
ORD00183784,CUST1255845,LOC0020,2025-12-19 12:37:58,Takeaway,Completed,,7130.00,0.00,1069.50,8199.50,Cash,orphan_foreign_key
ORD00183915,CUST0040233,LOC0015,2025-12-19 14:01:58,ThirdPartyDelivery,Completed,,2760.00,0.00,441.60,3201.60,Online,orphan_foreign_key
ORD00184046,,LOC0020,2025-12-19 18:23:14,App,Completed,,12130.00,0.00,1819.50,13949.50,Online,missing_value
ORD00184137,CUST0007366,LOC6127,2025-12-19 19:39:37,ThirdPartyDelivery,Completed,PROMO019,9710.00,54.00,1544.96,11200.96,Online,invalid_restaurant_id
ORD00184327,CUST1826820,LOC0019,2025-12-19 21:43:35,Dine-in,Completed,PROMO019,3140.00,108.00,485.12,3517.12,Cash,orphan_foreign_key
ORD00184335,CUST0054918,LOC0022,2025-12-19 21:46:16,Dine-in,Completed,,12805.00,0.00,1920.75,14725.75,Card,orphan_foreign_key
ORD00184406,,LOC0020,2025-12-19 22:55:22,Website,Completed,,4505.00,0.00,675.75,5180.75,Online,missing_value
ORD00184475,CUST5834379,LOC0025,2025-12-20 10:15:51,Dine-in,Completed,,14270.00,0.00,2140.50,16410.50,Card,orphan_foreign_key
ORD00184499,CUST0029591,LOC0020,2025-12-20 11:33:22,Website,Completed,,2810.00,0.00,421.50,3231.50,Online,orphan_foreign_key
ORD00184512,CUST0054918,LOC0022,2025-12-20 12:00:14,App,Completed,,5120.00,0.00,768.00,5888.00,Cash,orphan_foreign_key
ORD00184934,CUST1423012,LOC0001,2025-12-20 18:10:15,Takeaway,Completed,,3360.00,0.00,504.00,3864.00,Wallet,orphan_foreign_key
ORD00184973,,LOC0016,2025-12-20 18:47:34,App,Completed,,1190.00,0.00,190.40,1380.40,Online,missing_value
ORD00185047,,LOC0016,2025-12-20 19:49:01,App,Completed,,4220.00,0.00,675.20,4895.20,Online,missing_value
ORD00185227,CUST0002617,LOC0008,2025-12-20 21:24:14,ThirdPartyDelivery,Cancelled,,3850.00,0.00,616.00,4466.00,Cash,orphan_foreign_key
ORD00185406,,LOC0019,2025-12-20 23:44:17,App,Completed,PROMO019,6005.00,268.50,917.84,6654.34,Card,missing_value
ORD00185773,CUST0049699,LOC0021,2025-12-21 15:40:18,App,Completed,,4735.00,0.00,710.25,5445.25,Wallet,orphan_foreign_key
ORD00185820,CUST0042231,LOC0016,,Dine-in,Completed,PROMO019,11850.00,28.50,1891.44,13712.94,Card,invalid_date
ORD00186035,,LOC0019,2025-12-21 20:21:44,App,Completed,,5070.00,0.00,811.20,5881.20,Online,missing_value
ORD00186229,CUST0032316,LOC0005,2025-12-21 21:50:41,Dine-in,Completed,,6535.00,9552.45,980.25,7515.25,Cash,discount_exceeds_subtotal
ORD00186395,,LOC0017,2025-12-22 12:07:07,Takeaway,Completed,,7950.00,0.00,1272.00,9222.00,Cash,missing_value
ORD00186526,CUST0015109,LOC0023,,Dine-in,Completed,,6620.00,0.00,993.00,7613.00,Cash,invalid_date
ORD00186743,CUST0014836,LOC0017,,App,Completed,,4200.00,0.00,672.00,4872.00,Card,invalid_date
ORD00186916,,LOC0012,2025-12-22 22:06:37,App,Completed,,7560.00,0.00,1134.00,8694.00,Online,missing_value
ORD00187419,CUST0013661,LOC0004,2025-12-23 19:39:55,Dine-in,Completed,,14820.00,0.00,2223.00,17043.00,Card,orphan_foreign_key
ORD00187629,,LOC0019,2025-12-23 22:59:56,ThirdPartyDelivery,Completed,,4270.00,0.00,683.20,4953.20,Online,missing_value
ORD00187669,,LOC0006,2025-12-24 10:22:13,Takeaway,Completed,,3210.00,0.00,481.50,3691.50,Cash,missing_value
ORD00187845,CUST0054918,LOC0022,2025-12-24 13:46:07,Dine-in,Completed,PROMO020,7640.00,750.01,1033.50,7923.49,Card,orphan_foreign_key
ORD00187853,CUST9811050,LOC0008,2025-12-24 13:51:44,Dine-in,Completed,,6715.00,0.00,1074.40,7789.40,Card,orphan_foreign_key
ORD00187861,CUST0035856,LOC0020,,Dine-in,Completed,PROMO020,12085.00,750.00,1700.25,13035.25,Wallet,invalid_date
ORD00188092,CUST8008928,LOC0005,2025-12-24 19:58:38,Dine-in,Completed,,9550.00,0.00,1432.50,10982.50,Cash,orphan_foreign_key
ORD00188207,CUST0006989,LOC0020,2025-12-24 21:28:37,Dine-in,Completed,,10235.00,22528.94,1535.25,11770.25,Cash,discount_exceeds_subtotal
ORD00188568,CUST0016094,LOC0010,,App,Completed,PROMO019,2495.00,96.00,383.84,2782.84,Online,invalid_date
ORD00188729,CUST0026911,LOC6347,2025-12-25 16:25:51,Dine-in,Completed,,15460.00,0.00,2319.00,17779.00,Cash,invalid_restaurant_id
ORD00188819,,LOC0007,2025-12-25 18:50:32,Dine-in,Completed,PROMO019,9560.00,216.00,1495.04,10839.04,Cash,missing_value
ORD00189201,CUST0013661,LOC0004,2025-12-25 22:19:16,Dine-in,Completed,,5460.00,0.00,819.00,6279.00,Card,orphan_foreign_key
ORD00189384,CUST0046172,LOC0015,2099-12-31 21:15:00,Dine-in,Completed,,4170.00,0.00,667.20,4837.20,Card,invalid_date
ORD00189435,,LOC0020,2025-12-26 12:48:51,App,Completed,,1680.00,0.00,252.00,1932.00,Cash,missing_value
ORD00189461,CUST0018037,LOC0004,2025-12-26 13:03:27,Website,Completed,,1380.00,0.00,207.00,1587.00,Online,orphan_foreign_key
ORD00189990,CUST2203162,LOC0006,2025-12-26 20:35:06,Dine-in,Completed,,11290.00,0.00,1693.50,12983.50,Cash,orphan_foreign_key
ORD00190008,CUST0029073,LOC3279,2025-12-26 20:44:40,Dine-in,Completed,,17800.00,0.00,2848.00,20648.00,Cash,invalid_restaurant_id
ORD00190424,CUST0009314,LOC0004,2025-12-27 12:39:58,ThirdPartyDelivery,Completed,,6670.00,15859.05,1000.50,7670.50,Cash,discount_exceeds_subtotal
ORD00190540,CUST0029049,LOC0008,2025-12-27 13:40:44,Takeaway,Completed,,3845.00,0.00,615.20,4460.20,Wallet,orphan_foreign_key
ORD00190787,,LOC0018,2025-12-27 18:29:49,Dine-in,Completed,,6700.00,0.00,1072.00,7772.00,Cash,missing_value
ORD00190807,,LOC0018,2025-12-27 18:54:14,App,Completed,,19310.00,0.00,3089.60,22399.60,Online,missing_value
ORD00190840,CUST0006945,LOC0020,2025-12-27 19:13:22,ThirdPartyDelivery,Completed,,3310.00,0.00,496.50,3806.50,Online,orphan_foreign_key
ORD00191478,,LOC0007,2025-12-28 13:03:21,Dine-in,Completed,,5600.00,0.00,896.00,6496.00,Cash,missing_value
ORD00192164,CUST1503785,LOC0008,2025-12-28 21:49:45,App,Completed,,3560.00,0.00,569.60,4129.60,Cash,orphan_foreign_key
ORD00192273,CUST0054538,LOC2142,2025-12-28 23:20:57,Dine-in,Completed,PROMO019,7440.00,48.00,1108.80,8500.80,Cash,invalid_restaurant_id
ORD00192373,CUST0052754,LOC0017,2025-12-29 12:16:45,ThirdPartyDelivery,Completed,,3990.00,0.00,638.40,4628.40,Cash,orphan_foreign_key
ORD00192507,CUST0048125,LOC0020,2025-12-29 13:56:05,ThirdPartyDelivery,Completed,,4980.00,11719.56,747.00,5727.00,Cash,discount_exceeds_subtotal
ORD00192524,CUST0052901,LOC0023,2025-12-29 14:11:50,ThirdPartyDelivery,Completed,PROMO020,5535.00,750.00,717.75,5502.75,Online,orphan_foreign_key
ORD00192538,,LOC0023,2025-12-29 14:26:20,App,Completed,,9455.00,0.00,1418.25,10873.25,Online,missing_value
ORD00192868,CUST0009138,LOC0014,2025-12-29 21:58:06,Dine-in,Completed,,10330.00,0.00,1549.50,11879.50,Cash,orphan_foreign_key
ORD00192967,CUST0000524,LOC0025,2025-12-30 10:34:46,Takeaway,Completed,,7820.00,10825.25,1173.00,8993.00,Wallet,discount_exceeds_subtotal
ORD00193019,CUST0017711,LOC0016,,Takeaway,Completed,,7430.00,0.00,1188.80,8618.80,Cash,invalid_date
ORD00193046,,LOC0010,2025-12-30 12:48:13,ThirdPartyDelivery,Cancelled,,2580.00,0.00,412.80,2992.80,Online,missing_value
ORD00193405,,LOC0004,2025-12-30 20:57:27,Website,Completed,,1915.00,0.00,287.25,2202.25,Card,missing_value
ORD00193611,CUST0002383,LOC0012,2025-12-31 00:29:00,Takeaway,Completed,,7770.00,0.00,1165.50,8935.50,Card,orphan_foreign_key
ORD00193859,,LOC0003,2025-12-31 13:56:00,Takeaway,Completed,,9840.00,0.00,1476.00,11316.00,Cash,missing_value
ORD00193895,CUST0034752,LOC0008,2025-12-31 14:20:06,ThirdPartyDelivery,Completed,PROMO019,3570.00,109.50,553.68,4014.18,Cash,orphan_foreign_key
ORD00193999,CUST3206804,LOC0001,2025-12-31 16:20:11,ThirdPartyDelivery,Completed,,7610.00,0.00,1141.50,8751.50,Online,orphan_foreign_key
ORD00194060,,LOC0015,2025-12-31 17:52:42,Takeaway,Completed,,3890.00,0.00,622.40,4512.40,Cash,missing_value
ORD00194308,,LOC0024,2025-12-31 20:39:23,Dine-in,Completed,,4730.00,0.00,756.80,5486.80,Card,missing_value
ORD00194420,,LOC0015,2025-12-31 21:31:53,Dine-in,Completed,PROMO019,11975.00,292.50,1869.20,13551.70,Cash,missing_value
ORD00000247,CUST0031027,LOC0008,2025-01-01 19:30:05,Dine-in,Cancelled,PROMO001,3940.00,5747.21,535.84,3884.84,Wallet,discount_exceeds_subtotal
ORD00000332,CUST0000609,LOC6988,2025-01-01 21:25:54,App,Completed,,3800.00,0.00,608.00,4408.00,Online,invalid_restaurant_id
ORD00000505,CUST0042424,LOC0017,2025-01-02 12:55:51,Dine-in,Completed,,9510.00,0.00,1521.60,11031.60,Cash,orphan_foreign_key
ORD00000618,,LOC0014,2025-01-02 16:23:45,App,Completed,PROMO001,3990.00,598.50,508.72,3900.22,Cash,missing_value
ORD00000661,CUST2856427,LOC0002,2025-01-02 18:40:31,ThirdPartyDelivery,Completed,,2930.00,0.00,439.50,3369.50,Cash,orphan_foreign_key
ORD00000840,CUST7680090,LOC0012,2025-01-02 22:39:09,Takeaway,Completed,,13620.00,0.00,2043.00,15663.00,Card,orphan_foreign_key
ORD00001081,CUST0028477,LOC0002,2025-01-03 14:44:11,Website,Completed,,6840.00,9072.69,1026.00,7866.00,Online,discount_exceeds_subtotal
ORD00001088,CUST0015674,LOC0013,2025-01-03 14:53:30,ThirdPartyDelivery,Completed,,2250.00,5230.91,337.50,2587.50,Online,discount_exceeds_subtotal
ORD00001241,CUST0053960,LOC6818,2025-01-03 19:53:37,Dine-in,Completed,,10490.00,0.00,1678.40,12168.40,Cash,invalid_restaurant_id
ORD00001264,CUST3506310,LOC0002,2025-01-03 20:13:30,Website,Completed,PROMO001,12920.00,1938.00,1647.30,12629.30,Online,orphan_foreign_key
ORD00001755,CUST0042157,LOC0006,2025-01-04 15:47:21,Takeaway,Completed,,2910.00,0.00,436.50,3346.50,Cash,orphan_foreign_key
ORD00001783,CUST0006676,LOC0007,2027-11-05 18:33:00,Website,Completed,PROMO001,8620.00,1293.00,1172.32,8499.32,Card,invalid_date
ORD00001980,CUST0028501,LOC0018,,App,Completed,,10560.00,0.00,1689.60,12249.60,Online,invalid_date
ORD00001985,CUST0042024,LOC0022,2025-01-04 20:52:45,App,Completed,,6560.00,0.00,984.00,7544.00,Wallet,orphan_foreign_key
ORD00002149,CUST0002281,LOC0004,2025-01-04 22:58:10,Website,Completed,,1450.00,1762.63,217.50,1667.50,Online,discount_exceeds_subtotal
ORD00002415,CUST0036430,LOC0016,,ThirdPartyDelivery,Completed,,2500.00,0.00,400.00,2900.00,Online,invalid_date
ORD00002518,,LOC0003,2025-01-05 18:46:01,Takeaway,Completed,,16970.00,0.00,2545.50,19515.50,Card,missing_value
ORD00002643,CUST0001456,LOC0019,2025-01-05 20:43:22,Takeaway,Completed,,8700.00,0.00,1392.00,10092.00,Card,orphan_foreign_key
ORD00002681,,LOC0018,2025-01-05 21:09:37,Dine-in,Completed,PROMO001,5230.00,784.50,711.28,5156.78,Wallet,missing_value
ORD00002706,CUST0049543,LOC0018,2025-01-05 21:30:20,Website,Completed,,2570.00,0.00,411.20,2981.20,Online,orphan_foreign_key
ORD00002729,CUST0017220,LOC0005,2025-01-05 21:50:34,Dine-in,Completed,,5770.00,0.00,865.50,6635.50,Wallet,orphan_foreign_key
ORD00002898,CUST0054575,LOC0008,2025-01-06 13:11:18,Takeaway,Completed,PROMO001,5110.00,766.50,694.96,5038.46,Cash,orphan_foreign_key
ORD00002952,,LOC0022,2025-01-06 14:38:47,App,Completed,,5070.00,0.00,760.50,5830.50,Online,missing_value
ORD00003013,,LOC0007,2025-01-06 17:34:31,App,Completed,,4810.00,0.00,769.60,5579.60,Wallet,missing_value
ORD00003137,,LOC0023,2025-01-06 20:42:30,App,Completed,PROMO001,2680.00,402.00,341.70,2619.70,Wallet,missing_value
ORD00003180,CUST0042424,LOC0017,2025-01-06 21:33:09,ThirdPartyDelivery,Completed,,4900.00,0.00,784.00,5684.00,Cash,orphan_foreign_key
ORD00003433,CUST0036279,LOC0007,1970-01-01 10:27:00,Dine-in,Completed,,8510.00,0.00,1361.60,9871.60,Card,invalid_date
ORD00003517,CUST0042637,LOC0002,2025-01-07 19:53:58,Dine-in,Completed,PROMO001,5620.00,843.00,716.55,5493.55,Card,orphan_foreign_key
ORD00003575,,LOC0003,2025-01-07 20:50:56,ThirdPartyDelivery,Completed,,1320.00,0.00,198.00,1518.00,Online,missing_value
ORD00003774,,LOC0023,2025-01-08 13:43:21,App,Completed,PROMO001,2600.00,390.00,331.50,2541.50,Online,missing_value
ORD00003780,CUST0047085,LOC0003,2025-01-08 13:48:16,Dine-in,Completed,,6050.00,12218.94,907.50,6957.50,Card,discount_exceeds_subtotal
ORD00004001,,LOC0020,2025-01-08 20:55:37,Dine-in,Completed,,2060.00,0.00,309.00,2369.00,Card,missing_value
ORD00004382,,LOC0011,2025-01-09 19:18:14,Dine-in,Completed,,7100.00,0.00,1136.00,8236.00,Cash,missing_value
ORD00004406,CUST0035022,LOC0001,,Dine-in,Completed,,13180.00,0.00,1977.00,15157.00,Wallet,invalid_date
ORD00004567,CUST0053671,LOC1377,2025-01-09 22:08:38,Dine-in,Completed,,5370.00,0.00,859.20,6229.20,Card,invalid_restaurant_id
ORD00004683,CUST0008791,LOC0023,2025-01-10 12:21:53,App,Completed,PROMO001,3260.00,4401.62,415.65,3186.65,Online,discount_exceeds_subtotal
ORD00004814,,LOC0007,2025-01-10 14:12:51,App,Cancelled,,4700.00,0.00,752.00,5452.00,Online,missing_value
ORD00004829,CUST1352816,LOC0001,2025-01-10 14:28:50,Takeaway,Completed,PROMO001,7610.00,1141.50,970.28,7438.78,Cash,orphan_foreign_key
ORD00004841,,LOC0011,2025-01-10 14:50:15,App,Completed,,6780.00,0.00,1084.80,7864.80,Cash,missing_value
ORD00004955,CUST0015359,LOC0003,2025-01-10 18:42:15,ThirdPartyDelivery,Completed,,4320.00,0.00,648.00,4968.00,Online,orphan_foreign_key
ORD00004984,CUST0042592,LOC0003,2025-01-10 19:14:04,Dine-in,Completed,,10550.00,14603.21,1582.50,12132.50,Cash,discount_exceeds_subtotal
ORD00005307,CUST0032224,LOC0017,,Dine-in,Completed,PROMO002,4950.00,30.00,787.20,5707.20,Wallet,invalid_date
ORD00005442,,LOC0021,2025-01-11 13:32:37,Dine-in,Completed,,6510.00,0.00,976.50,7486.50,Cash,missing_value
ORD00005575,CUST0000967,LOC9927,2025-01-11 17:36:46,Dine-in,Completed,,470.00,0.00,70.50,540.50,Cash,invalid_restaurant_id
ORD00005628,CUST6550053,LOC0016,2025-01-11 18:58:03,Dine-in,Completed,,6760.00,0.00,1081.60,7841.60,Cash,orphan_foreign_key
ORD00005859,CUST0044448,LOC0003,2025-01-11 21:55:02,Takeaway,Cancelled,,4930.00,0.00,739.50,5669.50,Wallet,orphan_foreign_key
ORD00005924,CUST0048842,LOC0019,2025-01-11 23:05:15,Dine-in,Completed,PROMO002,5730.00,258.00,875.52,6347.52,Card,orphan_foreign_key
ORD00006042,,LOC0009,2025-01-12 12:57:46,App,Completed,,4185.00,0.00,669.60,4854.60,Online,missing_value
ORD00006212,,LOC0010,2025-01-12 17:31:50,Dine-in,Completed,,6400.00,0.00,1024.00,7424.00,Card,missing_value
ORD00006242,CUST9711513,LOC0002,2025-01-12 18:25:47,ThirdPartyDelivery,Completed,,4460.00,0.00,669.00,5129.00,Cash,orphan_foreign_key
ORD00006496,,LOC0013,2025-01-12 22:56:43,App,Completed,,4250.00,0.00,637.50,4887.50,Online,missing_value
ORD00006665,CUST0019345,LOC0008,1900-01-01 11:07:00,App,Completed,,2680.00,0.00,428.80,3108.80,Wallet,invalid_date
ORD00006738,CUST0444763,LOC0012,2025-01-13 18:36:57,Dine-in,Completed,,8030.00,0.00,1204.50,9234.50,Card,orphan_foreign_key
ORD00006973,CUST0004325,LOC0015,2025-01-14 12:37:03,ThirdPartyDelivery,Completed,,6860.00,0.00,1097.60,7957.60,Cash,orphan_foreign_key
ORD00006976,CUST6866030,LOC0022,2025-01-14 12:44:40,ThirdPartyDelivery,Completed,,1090.00,0.00,163.50,1253.50,Online,orphan_foreign_key
ORD00007031,CUST0046454,LOC0012,2025-01-14 13:49:25,App,Completed,,7550.00,0.00,1132.50,8682.50,Card,orphan_foreign_key
ORD00007279,,LOC0013,2025-01-14 21:52:44,Dine-in,Completed,,15710.00,0.00,2356.50,18066.50,Card,missing_value
ORD00007481,,LOC0023,2025-01-15 14:33:18,App,Completed,,5620.00,0.00,843.00,6463.00,Wallet,missing_value
ORD00007556,,LOC0007,2025-01-15 18:33:38,App,Completed,,2580.00,0.00,412.80,2992.80,Card,missing_value
ORD00007625,CUST0000725,LOC1190,2025-01-15 20:19:40,App,Completed,,5050.00,0.00,757.50,5807.50,Online,invalid_restaurant_id
ORD00007722,CUST3228218,LOC0004,2025-01-15 22:19:30,Website,Completed,,4880.00,0.00,732.00,5612.00,Online,orphan_foreign_key
ORD00007901,CUST0012562,LOC0005,1900-01-01 17:39:00,App,Completed,,1650.00,0.00,247.50,1897.50,Online,invalid_date
ORD00007922,CUST0016773,LOC0020,2025-01-16 16:55:06,Takeaway,Completed,,8010.00,19531.83,1201.50,9211.50,Cash,discount_exceeds_subtotal
ORD00007927,CUST0021573,LOC0004,2025-01-16 17:07:16,ThirdPartyDelivery,Completed,,9530.00,14897.10,1429.50,10959.50,Online,discount_exceeds_subtotal
ORD00007940,CUST0008332,LOC0013,2025-01-16 17:52:03,ThirdPartyDelivery,Completed,,8780.00,14006.95,1317.00,10097.00,Cash,discount_exceeds_subtotal
ORD00008053,CUST0042804,LOC0023,2025-01-16 20:52:27,App,Completed,,4700.00,0.00,705.00,5405.00,Card,orphan_foreign_key
ORD00008260,CUST0026813,LOC0015,2025-01-17 12:47:01,Takeaway,Completed,,2800.00,6847.20,448.00,3248.00,Cash,discount_exceeds_subtotal
ORD00008310,CUST0054369,LOC0012,2025-01-17 13:36:51,App,Completed,,9400.00,18024.75,1410.00,10810.00,Card,discount_exceeds_subtotal
ORD00008335,CUST6145625,LOC0013,2025-01-17 13:57:50,App,Completed,,9970.00,0.00,1495.50,11465.50,Online,orphan_foreign_key
ORD00008361,,LOC0003,2025-01-17 14:25:31,Takeaway,Completed,,2945.00,0.00,441.75,3386.75,Cash,missing_value
ORD00008382,CUST0054575,LOC0018,2025-01-17 14:59:28,ThirdPartyDelivery,Completed,PROMO002,9430.00,76.00,1496.64,10850.64,Online,orphan_foreign_key
ORD00008623,CUST2721527,LOC0018,2025-01-17 21:11:19,Dine-in,Completed,,20270.00,0.00,3243.20,23513.20,Card,orphan_foreign_key
ORD00008656,CUST0043533,LOC8671,2025-01-17 21:39:05,ThirdPartyDelivery,Completed,,2960.00,0.00,473.60,3433.60,Online,invalid_restaurant_id
ORD00008737,,LOC0001,2025-01-17 23:21:17,Takeaway,Completed,,2250.00,0.00,337.50,2587.50,Cash,missing_value
ORD00008929,CUST8296972,LOC0023,2025-01-18 13:39:55,ThirdPartyDelivery,Completed,,2850.00,0.00,427.50,3277.50,Online,orphan_foreign_key
ORD00008983,CUST0014659,LOC9069,2025-01-18 14:31:30,Dine-in,Completed,,8510.00,0.00,1276.50,9786.50,Cash,invalid_restaurant_id
ORD00009197,,LOC0020,2025-01-18 20:06:12,Dine-in,Completed,,5820.00,0.00,873.00,6693.00,Wallet,missing_value
ORD00009205,CUST0004427,LOC0018,,Website,Completed,PROMO002,3650.00,130.00,563.20,4083.20,Wallet,invalid_date
ORD00009359,CUST0029073,LOC7847,2025-01-18 21:53:51,Dine-in,Completed,,9350.00,0.00,1496.00,10846.00,Card,invalid_restaurant_id
ORD00009383,CUST0003773,LOC0015,2025-01-18 22:23:50,App,Completed,,2820.00,0.00,451.20,3271.20,Wallet,orphan_foreign_key
ORD00009573,,LOC0016,2025-01-19 13:20:46,Website,Completed,,3650.00,0.00,584.00,4234.00,Card,missing_value
ORD00009634,CUST0041729,LOC0003,2025-01-19 14:17:09,Dine-in,Completed,,1160.00,0.00,174.00,1334.00,Cash,orphan_foreign_key
ORD00009760,CUST0034752,LOC0003,2025-01-19 19:01:00,ThirdPartyDelivery,Completed,,2210.00,0.00,331.50,2541.50,Cash,orphan_foreign_key
ORD00009805,CUST0046638,LOC0003,2025-01-19 19:55:30,Dine-in,Completed,,8375.00,0.00,1256.25,9631.25,Card,orphan_foreign_key
ORD00009806,CUST0019836,LOC0005,2025-01-19 19:57:16,ThirdPartyDelivery,Cancelled,,5750.00,11919.85,862.50,6612.50,Online,discount_exceeds_subtotal
ORD00009964,CUST0017349,LOC0008,2031-07-22 13:28:00,App,Completed,,3840.00,0.00,614.40,4454.40,Online,invalid_date
ORD00009987,,LOC0003,2025-01-19 22:41:49,Dine-in,Completed,,10500.00,0.00,1575.00,12075.00,Cash,missing_value
ORD00010002,CUST0009222,LOC0006,2025-01-19 23:05:35,Dine-in,Completed,PROMO002,7990.00,264.00,1158.90,8884.90,Card,orphan_foreign_key
ORD00010226,CUST0041921,LOC0006,2027-11-05 17:57:00,Dine-in,Completed,PROMO002,10840.00,36.00,1620.60,12424.60,Wallet,invalid_date
ORD00010367,CUST0013510,LOC0023,,Dine-in,Completed,,9340.00,0.00,1401.00,10741.00,Cash,invalid_date
ORD00010381,CUST0042685,LOC0021,,Website,Completed,,4750.00,0.00,712.50,5462.50,Online,invalid_date
ORD00010510,CUST0025863,LOC0016,2025-01-21 12:48:24,Dine-in,Completed,,16160.00,29813.22,2585.60,18745.60,Cash,discount_exceeds_subtotal
ORD00010847,CUST0012593,LOC0022,2025-01-21 23:03:22,Dine-in,Completed,PROMO002,4570.00,70.00,675.00,5175.00,Wallet,orphan_foreign_key
ORD00010848,CUST0044424,LOC0005,2025-01-21 23:03:22,Dine-in,Completed,,5550.00,12825.55,832.50,6382.50,Cash,discount_exceeds_subtotal
ORD00010895,,LOC0004,2025-01-22 12:08:10,Dine-in,Completed,,13700.00,0.00,2055.00,15755.00,Cash,missing_value
ORD00010903,,LOC0001,2025-01-22 12:19:52,Dine-in,Completed,,2570.00,0.00,385.50,2955.50,Cash,missing_value
ORD00011108,,LOC0004,2025-01-22 19:54:49,Dine-in,Completed,,5060.00,0.00,759.00,5819.00,Card,missing_value
ORD00011820,CUST0042157,LOC0010,2025-01-24 12:47:26,Dine-in,Completed,,6060.00,0.00,969.60,7029.60,Card,orphan_foreign_key
ORD00012032,CUST0330335,LOC0020,2025-01-24 18:19:42,Dine-in,Completed,,3370.00,0.00,505.50,3875.50,Card,orphan_foreign_key
ORD00012160,CUST0051568,LOC0002,2025-01-24 20:31:32,Takeaway,Completed,,2180.00,0.00,327.00,2507.00,Cash,orphan_foreign_key
ORD00012321,CUST0006630,LOC0019,2025-01-24 23:29:57,Dine-in,Completed,,4860.00,0.00,777.60,5637.60,Wallet,orphan_foreign_key
ORD00012476,CUST0043348,LOC0012,2025-01-25 13:27:00,Dine-in,Completed,,16240.00,0.00,2436.00,18676.00,Cash,orphan_foreign_key
ORD00012510,,LOC0003,2025-01-25 13:52:54,Dine-in,Completed,,9680.00,0.00,1452.00,11132.00,Card,missing_value
ORD00012535,CUST0041976,LOC0005,1970-01-01 17:45:00,Dine-in,Completed,,8220.00,0.00,1233.00,9453.00,Cash,invalid_date
ORD00012713,CUST0006945,LOC0020,2025-01-25 19:42:12,App,Cancelled,,5050.00,0.00,757.50,5807.50,Online,orphan_foreign_key
ORD00012763,,LOC0005,2025-01-25 20:16:13,Dine-in,Completed,,8250.00,0.00,1237.50,9487.50,Card,missing_value
ORD00012822,,LOC0015,2025-01-25 20:52:49,Website,Completed,,4130.00,0.00,660.80,4790.80,Card,missing_value
ORD00012870,CUST0016863,LOC0015,2027-11-05 12:05:00,Dine-in,Completed,PROMO002,10590.00,660.00,1588.80,11518.80,Cash,invalid_date
ORD00012923,,LOC0020,2025-01-25 22:13:50,Dine-in,Completed,,6050.00,0.00,907.50,6957.50,Card,missing_value
ORD00013074,CUST0031995,LOC0014,2025-01-26 12:32:00,App,Completed,,4360.00,0.00,654.00,5014.00,Card,orphan_foreign_key
ORD00013132,CUST6955589,LOC0007,2025-01-26 13:16:22,Dine-in,Completed,,12100.00,0.00,1936.00,14036.00,Card,orphan_foreign_key
ORD00013200,CUST0042424,LOC0017,2025-01-26 14:09:50,Dine-in,Completed,PROMO002,9380.00,130.00,1480.00,10730.00,Card,orphan_foreign_key
ORD00013217,CUST5688445,LOC0007,2025-01-26 14:32:33,Dine-in,Completed,,6060.00,0.00,969.60,7029.60,Card,orphan_foreign_key
ORD00013641,CUST0010570,LOC0022,2031-07-22 14:39:00,Dine-in,Completed,,5650.00,0.00,847.50,6497.50,Cash,invalid_date
ORD00013768,,LOC0014,2025-01-27 14:49:22,App,Completed,,4830.00,0.00,724.50,5554.50,Wallet,missing_value
ORD00013796,CUST0048272,LOC0003,2025-01-27 16:58:02,Dine-in,Completed,,5790.00,0.00,868.50,6658.50,Cash,orphan_foreign_key
ORD00013900,CUST0022347,LOC0001,2025-01-27 20:14:05,Dine-in,Completed,,6920.00,0.00,1038.00,7958.00,Card,orphan_foreign_key
ORD00013982,CUST0041396,LOC0011,2025-01-27 21:48:29,ThirdPartyDelivery,Completed,,350.00,0.00,56.00,406.00,Cash,orphan_foreign_key
ORD00014092,,LOC0018,2025-01-28 12:18:54,Takeaway,Completed,,6120.00,0.00,979.20,7099.20,Cash,missing_value
ORD00014140,CUST0029790,LOC0008,2025-01-28 13:12:03,Dine-in,Completed,,9830.00,18294.67,1572.80,11402.80,Cash,discount_exceeds_subtotal
ORD00014172,CUST6860899,LOC0018,2025-01-28 13:59:58,Takeaway,Completed,,5520.00,0.00,883.20,6403.20,Cash,orphan_foreign_key
ORD00014515,CUST0047332,LOC0007,2025-01-29 12:40:31,ThirdPartyDelivery,Completed,PROMO002,8820.00,9708.05,1356.16,9832.16,Cash,discount_exceeds_subtotal
ORD00014761,CUST0041604,LOC0016,2025-01-29 20:53:28,ThirdPartyDelivery,Completed,,4550.00,0.00,728.00,5278.00,Online,orphan_foreign_key
ORD00014763,,LOC0011,2025-01-29 20:54:49,App,Completed,PROMO002,3330.00,76.00,520.64,3774.64,Card,missing_value
ORD00014790,CUST0041396,LOC0011,2025-01-29 21:26:43,ThirdPartyDelivery,Completed,,4850.00,0.00,776.00,5626.00,Cash,orphan_foreign_key
ORD00015165,,LOC0019,2025-01-30 20:16:28,Dine-in,Completed,,8510.00,0.00,1361.60,9871.60,Cash,missing_value
ORD00015422,CUST0054918,LOC0022,2025-01-31 12:43:37,App,Completed,,7960.00,0.00,1194.00,9154.00,Card,orphan_foreign_key
ORD00015461,CUST6591254,LOC0003,2025-01-31 13:13:50,App,Completed,,2850.00,0.00,427.50,3277.50,Wallet,orphan_foreign_key
ORD00015471,,LOC0011,2025-01-31 13:20:15,Dine-in,Completed,,7500.00,0.00,1200.00,8700.00,Card,missing_value
ORD00015827,CUST0043045,LOC0022,2025-01-31 21:31:56,Dine-in,Completed,,9370.00,19285.38,1405.50,10775.50,Cash,discount_exceeds_subtotal
ORD00015860,,LOC0008,2025-01-31 21:59:49,Dine-in,Completed,PROMO002,7870.00,116.00,1240.64,8994.64,Cash,missing_value
ORD00016166,CUST0029953,LOC0025,,Dine-in,Completed,PROMO002,6640.00,88.00,982.80,7534.80,Card,invalid_date
ORD00016178,CUST7649260,LOC0015,2025-02-01 17:22:52,Dine-in,Completed,PROMO002,3055.00,259.00,447.36,3243.36,Cash,orphan_foreign_key
ORD00016219,CUST0031995,LOC0014,2025-02-01 18:41:24,App,Completed,PROMO002,6510.00,364.00,921.90,7067.90,Online,orphan_foreign_key
ORD00016259,CUST0017980,LOC0017,2099-12-31 10:37:00,Dine-in,Completed,,3930.00,0.00,628.80,4558.80,Cash,invalid_date
ORD00016771,,LOC0005,2025-02-02 15:56:08,ThirdPartyDelivery,Completed,,1330.00,0.00,199.50,1529.50,Cash,missing_value
ORD00017855,CUST0043752,LOC0023,,Dine-in,Completed,,4810.00,0.00,721.50,5531.50,Card,invalid_date
ORD00017882,CUST0031757,LOC4649,2025-02-04 20:54:34,Takeaway,Completed,,2180.00,0.00,327.00,2507.00,Wallet,invalid_restaurant_id
ORD00017912,CUST7505767,LOC0019,2025-02-04 21:30:15,App,Completed,,7020.00,0.00,1123.20,8143.20,Online,orphan_foreign_key
ORD00018063,CUST0054941,LOC1680,2025-02-05 13:04:33,ThirdPartyDelivery,Completed,,8275.00,0.00,1241.25,9516.25,Online,invalid_restaurant_id
ORD00018064,,LOC0023,2025-02-05 13:04:53,App,Cancelled,,8900.00,0.00,1335.00,10235.00,Card,missing_value
ORD00018548,CUST0034368,LOC0020,2025-02-06 13:44:44,Dine-in,Completed,,15090.00,22230.35,2263.50,17353.50,Cash,discount_exceeds_subtotal
ORD00018722,CUST0042417,LOC0013,2025-02-06 20:16:57,Website,Completed,,3060.00,0.00,459.00,3519.00,Online,orphan_foreign_key
ORD00018820,CUST0005274,LOC0013,2025-02-06 22:24:50,Dine-in,Completed,,9540.00,0.00,1431.00,10971.00,Wallet,orphan_foreign_key
ORD00018921,,LOC0003,2025-02-07 12:11:17,App,Completed,,3420.00,0.00,513.00,3933.00,Online,missing_value
ORD00018930,CUST0014191,LOC0004,2025-02-07 12:21:03,App,Completed,,8510.00,0.00,1276.50,9786.50,Cash,orphan_foreign_key
ORD00019149,,LOC0010,2025-02-07 18:03:21,Website,Completed,PROMO002,8620.00,288.00,1333.12,9665.12,Online,missing_value
ORD00019153,,LOC0018,2025-02-07 18:08:58,App,Completed,PROMO002,6465.00,371.00,975.04,7069.04,Online,missing_value
ORD00019258,CUST0007830,LOC0007,2025-02-07 19:56:41,Takeaway,Completed,PROMO002,6160.00,36.00,979.84,7103.84,Cash,orphan_foreign_key
ORD00019300,CUST3706578,LOC0004,2025-02-07 20:29:48,Dine-in,Completed,,12310.00,0.00,1846.50,14156.50,Cash,orphan_foreign_key
ORD00019427,CUST5422575,LOC0025,2025-02-07 22:09:50,Takeaway,Completed,,7630.00,0.00,1144.50,8774.50,Cash,orphan_foreign_key
ORD00019469,CUST0011079,LOC0009,2025-02-07 22:56:45,Dine-in,Completed,,14290.00,0.00,2286.40,16576.40,Card,orphan_foreign_key
ORD00019526,,LOC0013,2025-02-08 10:31:16,Dine-in,Completed,PROMO002,5310.00,110.00,780.00,5980.00,Card,missing_value
ORD00019579,CUST0002933,LOC3141,2025-02-08 12:26:25,Dine-in,Completed,,5290.00,0.00,793.50,6083.50,Cash,invalid_restaurant_id
ORD00020042,,LOC0021,2025-02-08 21:44:27,App,Completed,,3640.00,0.00,546.00,4186.00,Online,missing_value
ORD00020157,CUST0994807,LOC0017,2025-02-09 11:27:59,Dine-in,Completed,,8110.00,0.00,1297.60,9407.60,Cash,orphan_foreign_key
ORD00020159,,LOC0007,2025-02-09 11:31:05,Website,Completed,,3890.00,0.00,622.40,4512.40,Online,missing_value
ORD00020244,CUST4458704,LOC0009,2025-02-09 13:16:55,Takeaway,Completed,,3660.00,0.00,585.60,4245.60,Cash,orphan_foreign_key
ORD00020534,CUST0040569,LOC0023,2025-02-09 20:34:40,Dine-in,Completed,,11560.00,23599.19,1734.00,13294.00,Cash,discount_exceeds_subtotal
ORD00020733,,LOC0010,2025-02-10 10:23:40,App,Completed,PROMO002,1740.00,204.00,245.76,1781.76,Online,missing_value
ORD00021062,,LOC0016,2025-02-10 21:02:15,App,Completed,,6360.00,0.00,1017.60,7377.60,Online,missing_value
ORD00021065,CUST0014430,LOC0022,2031-07-22 12:21:00,App,Completed,,8720.00,0.00,1308.00,10028.00,Cash,invalid_date
ORD00021252,CUST0033900,LOC0013,2025-02-11 12:56:52,App,Completed,,8070.00,20040.85,1210.50,9280.50,Online,discount_exceeds_subtotal
ORD00021631,CUST0020769,LOC4600,2025-02-12 00:01:22,Website,Completed,,11520.00,0.00,1728.00,13248.00,Card,invalid_restaurant_id
ORD00021875,CUST0008705,LOC0001,1970-01-01 14:38:00,Website,Completed,,8430.00,0.00,1264.50,9694.50,Wallet,invalid_date
ORD00022022,CUST0016851,LOC0018,2027-11-05 13:16:00,Dine-in,Completed,PROMO002,6240.00,84.00,984.96,7140.96,Wallet,invalid_date
ORD00022374,,LOC0002,2025-02-13 18:57:30,ThirdPartyDelivery,Completed,,3890.00,0.00,583.50,4473.50,Online,missing_value
ORD00022453,CUST9415521,LOC0002,2025-02-13 20:20:25,Dine-in,Completed,,14830.00,0.00,2224.50,17054.50,Wallet,orphan_foreign_key
ORD00022524,,LOC0025,2025-02-13 21:33:26,Dine-in,Completed,,7020.00,0.00,1053.00,8073.00,Card,missing_value
ORD00022580,CUST0035998,LOC0023,2025-02-13 22:28:52,ThirdPartyDelivery,Completed,,9390.00,0.00,1408.50,10798.50,Cash,orphan_foreign_key
ORD00022596,CUST0023855,LOC0008,2025-02-13 22:41:41,Dine-in,Completed,PROMO002,11530.00,426.00,1776.64,12880.64,Cash,orphan_foreign_key
ORD00022597,CUST0042424,LOC0017,2025-02-13 22:42:49,App,Completed,,9670.00,0.00,1547.20,11217.20,Card,orphan_foreign_key
ORD00023058,,LOC0003,2025-02-14 16:54:35,Dine-in,Completed,,2690.00,0.00,403.50,3093.50,Card,missing_value
ORD00023175,CUST0001014,LOC0016,2025-02-14 19:18:52,Dine-in,Completed,,15120.00,22103.56,2419.20,17539.20,Card,discount_exceeds_subtotal
ORD00023319,,LOC0022,2025-02-14 20:43:38,ThirdPartyDelivery,Completed,PROMO002,8945.00,403.00,1281.30,9823.30,Cash,missing_value
ORD00023702,CUST0447917,LOC0007,2025-02-15 12:36:03,Dine-in,Completed,,6690.00,0.00,1070.40,7760.40,Card,orphan_foreign_key
ORD00024092,CUST0807324,LOC0023,2025-02-15 20:50:26,Website,Completed,,7830.00,0.00,1174.50,9004.50,Wallet,orphan_foreign_key
ORD00024663,CUST0017973,LOC0444,2025-02-16 19:54:28,App,Completed,,5710.00,0.00,913.60,6623.60,Online,invalid_restaurant_id
ORD00024742,CUST0038251,LOC0014,2025-02-16 20:56:40,Takeaway,Completed,,4940.00,0.00,741.00,5681.00,Cash,orphan_foreign_key
ORD00024849,CUST0052195,LOC3456,2025-02-16 22:18:22,ThirdPartyDelivery,Completed,,6480.00,0.00,1036.80,7516.80,Cash,invalid_restaurant_id
ORD00025025,,LOC0022,2025-02-17 14:12:32,App,Completed,,5780.00,0.00,867.00,6647.00,Cash,missing_value
ORD00025090,CUST0050825,LOC0020,2025-02-17 18:20:14,ThirdPartyDelivery,Completed,,4120.00,0.00,618.00,4738.00,Cash,orphan_foreign_key
ORD00025280,CUST4959976,LOC0014,2025-02-18 11:36:54,App,Completed,,8360.00,0.00,1254.00,9614.00,Wallet,orphan_foreign_key
ORD00025616,CUST4258237,LOC0009,2025-02-19 10:37:30,Dine-in,Completed,,6710.00,0.00,1073.60,7783.60,Wallet,orphan_foreign_key
ORD00025625,CUST0007830,LOC0007,2025-02-19 11:48:17,Takeaway,Completed,,3380.00,0.00,540.80,3920.80,Wallet,orphan_foreign_key
ORD00025822,CUST0031457,LOC0001,,Takeaway,Completed,,310.00,0.00,46.50,356.50,Card,invalid_date
ORD00026064,CUST0003821,LOC0013,,Dine-in,Completed,,4370.00,0.00,655.50,5025.50,Cash,invalid_date
ORD00026441,,LOC0007,2025-02-21 12:57:39,App,Completed,,3610.00,0.00,577.60,4187.60,Card,missing_value
ORD00026470,,LOC0008,2025-02-21 13:18:25,App,Completed,,9780.00,0.00,1564.80,11344.80,Card,missing_value
ORD00026484,CUST0004707,LOC0007,1970-01-01 18:09:00,Takeaway,Completed,,4990.00,0.00,798.40,5788.40,Wallet,invalid_date
ORD00026598,CUST0049540,LOC1803,2025-02-21 16:56:01,App,Completed,,930.00,0.00,139.50,1069.50,Wallet,invalid_restaurant_id
ORD00026614,,LOC0020,2025-02-21 17:37:28,App,Completed,,4180.00,0.00,627.00,4807.00,Online,missing_value
ORD00026722,CUST1317920,LOC0020,2025-02-21 20:17:51,Dine-in,Completed,,3450.00,0.00,517.50,3967.50,Cash,orphan_foreign_key
ORD00027236,,LOC0018,2025-02-22 19:52:24,ThirdPartyDelivery,Completed,,4630.00,0.00,740.80,5370.80,Cash,missing_value
ORD00027304,CUST0048268,LOC0021,,ThirdPartyDelivery,Completed,,4250.00,0.00,637.50,4887.50,Online,invalid_date
ORD00027337,CUST0041729,LOC0003,2025-02-22 21:23:34,Dine-in,Completed,,24730.00,0.00,3709.50,28439.50,Card,orphan_foreign_key
ORD00027394,CUST0014191,LOC0021,2025-02-22 22:11:34,Website,Completed,,680.00,0.00,102.00,782.00,Wallet,orphan_foreign_key
ORD00027436,CUST0008045,LOC0003,2025-02-22 23:22:53,ThirdPartyDelivery,Completed,,5810.00,0.00,871.50,6681.50,Cash,orphan_foreign_key
ORD00027701,CUST0017021,LOC0004,2099-12-31 12:35:00,App,Cancelled,,2320.00,0.00,348.00,2668.00,Online,invalid_date
ORD00027730,CUST0042417,LOC0013,2025-02-23 18:26:57,Website,Completed,,2360.00,0.00,354.00,2714.00,Card,orphan_foreign_key
ORD00027757,CUST0004660,LOC0016,2031-07-22 14:55:00,Dine-in,Completed,,3410.00,0.00,545.60,3955.60,Cash,invalid_date
ORD00027802,CUST0052755,LOC0015,2025-02-23 19:50:47,Dine-in,Completed,,16340.00,0.00,2614.40,18954.40,Cash,orphan_foreign_key
ORD00028012,,LOC0022,2025-02-24 11:02:11,Website,Completed,,2300.00,0.00,345.00,2645.00,Card,missing_value
ORD00028127,CUST0011848,LOC0007,2025-02-24 14:22:20,Dine-in,Completed,,9480.00,22673.25,1516.80,10996.80,Card,discount_exceeds_subtotal
ORD00028141,CUST0030935,LOC0019,2025-02-24 15:12:05,ThirdPartyDelivery,Completed,,5310.00,11647.83,849.60,6159.60,Cash,discount_exceeds_subtotal
ORD00028586,,LOC0007,2025-02-25 19:22:39,Takeaway,Completed,,120.00,0.00,19.20,139.20,Cash,missing_value
ORD00028652,CUST0000386,LOC9893,2025-02-25 20:57:34,Takeaway,Completed,,6470.00,0.00,1035.20,7505.20,Card,invalid_restaurant_id
ORD00028727,CUST0020334,LOC0023,2025-02-25 22:50:41,Website,Completed,,3010.00,0.00,451.50,3461.50,Online,orphan_foreign_key
ORD00028752,CUST3856315,LOC0008,2025-02-26 00:23:17,Dine-in,Completed,,8390.00,0.00,1342.40,9732.40,Card,orphan_foreign_key
ORD00028890,CUST1713560,LOC0019,2025-02-26 14:40:33,Website,Completed,,5120.00,0.00,819.20,5939.20,Card,orphan_foreign_key
ORD00028912,CUST0042056,LOC5981,2025-02-26 15:40:56,Website,Completed,,4740.00,0.00,711.00,5451.00,Online,invalid_restaurant_id
ORD00028993,CUST0034276,LOC2036,2025-02-26 19:51:43,Takeaway,Completed,,6540.00,0.00,1046.40,7586.40,Wallet,invalid_restaurant_id
ORD00029007,CUST0015023,LOC0008,2099-12-31 12:22:00,Dine-in,Completed,,7640.00,0.00,1222.40,8862.40,Wallet,invalid_date
ORD00029064,CUST0029183,LOC7950,2025-02-26 21:24:39,App,Completed,,860.00,0.00,137.60,997.60,Online,invalid_restaurant_id
ORD00029094,CUST0299522,LOC0001,2025-02-26 21:54:07,Website,Completed,,6210.00,0.00,931.50,7141.50,Online,orphan_foreign_key
ORD00029134,CUST0052901,LOC0023,2025-02-26 23:11:25,ThirdPartyDelivery,Completed,,6460.00,0.00,969.00,7429.00,Online,orphan_foreign_key
ORD00029485,CUST0040084,LOC0020,2025-02-27 21:45:12,Website,Completed,,6600.00,10246.83,990.00,7590.00,Wallet,discount_exceeds_subtotal
ORD00029616,,LOC0009,2025-02-28 12:40:59,Dine-in,Completed,,9310.00,0.00,1489.60,10799.60,Cash,missing_value
ORD00030281,CUST0042810,LOC0021,2031-07-22 12:53:00,ThirdPartyDelivery,Completed,PROMO004,15230.00,500.00,2209.50,16939.50,Online,invalid_date
ORD00030365,CUST0008357,LOC5925,2025-03-01 19:33:34,ThirdPartyDelivery,Cancelled,,11320.00,0.00,1698.00,13018.00,Online,invalid_restaurant_id
ORD00030599,CUST0020883,LOC0010,2025-03-01 22:55:03,Dine-in,Completed,,8600.00,0.00,1376.00,9976.00,Card,orphan_foreign_key
ORD00030749,CUST0006707,LOC0008,2025-03-02 12:54:17,Dine-in,Completed,PROMO004,7030.00,500.00,1044.80,7574.80,Card,orphan_foreign_key
ORD00031259,,LOC0009,2025-03-03 14:01:15,Takeaway,Completed,,3430.00,0.00,548.80,3978.80,Cash,missing_value
ORD00031272,,LOC0021,2025-03-03 18:02:18,Takeaway,Cancelled,,4860.00,0.00,729.00,5589.00,Card,missing_value
ORD00031289,CUST4006439,LOC0006,2025-03-03 18:14:18,Takeaway,Completed,,8210.00,0.00,1231.50,9441.50,Card,orphan_foreign_key
ORD00031413,CUST0041740,LOC0014,2025-03-03 20:10:56,Dine-in,Completed,PROMO004,7400.00,500.00,1035.00,7935.00,Card,orphan_foreign_key
ORD00031642,,LOC0010,2025-03-04 18:09:38,App,Completed,PROMO004,7430.00,500.00,1108.80,8038.80,Card,missing_value
ORD00031684,CUST0024895,LOC0013,2025-03-04 18:46:35,Takeaway,Completed,PROMO004,10060.00,500.00,1434.00,10994.00,Card,orphan_foreign_key
ORD00031715,CUST0013504,LOC1159,2025-03-04 19:16:41,ThirdPartyDelivery,Cancelled,,5850.00,0.00,936.00,6786.00,Online,invalid_restaurant_id
ORD00031770,CUST6924359,LOC0011,2025-03-04 20:03:34,Website,Completed,,15130.00,0.00,2420.80,17550.80,Card,orphan_foreign_key
ORD00031831,,LOC0014,2025-03-04 21:12:32,App,Completed,,11050.00,0.00,1657.50,12707.50,Online,missing_value
ORD00031847,CUST0011892,LOC0015,2025-03-04 21:36:31,Website,Completed,PROMO004,3080.00,500.00,412.80,2992.80,Card,orphan_foreign_key
ORD00031929,CUST0022025,LOC0005,,ThirdPartyDelivery,Completed,,8850.00,0.00,1327.50,10177.50,Online,invalid_date
ORD00032025,CUST0148426,LOC0003,2025-03-05 18:10:23,Dine-in,Completed,PROMO004,19160.00,500.00,2799.00,21459.00,Cash,orphan_foreign_key
ORD00032034,CUST0035409,LOC5808,2025-03-05 18:14:14,App,Cancelled,,4030.00,0.00,644.80,4674.80,Cash,invalid_restaurant_id
ORD00032077,CUST7794330,LOC0004,2025-03-05 18:47:35,Dine-in,Completed,,7860.00,0.00,1179.00,9039.00,Card,orphan_foreign_key
ORD00032509,,LOC0024,2025-03-06 18:59:16,Dine-in,Completed,,6030.00,0.00,964.80,6994.80,Card,missing_value
ORD00032594,CUST1020010,LOC0007,2025-03-06 20:18:15,Website,Completed,,10380.00,0.00,1660.80,12040.80,Wallet,orphan_foreign_key
ORD00033019,,LOC0006,2025-03-07 19:09:46,App,Completed,PROMO004,7730.00,500.00,1084.50,8314.50,Wallet,missing_value
ORD00033064,CUST0033324,LOC0025,2025-03-07 19:35:08,App,Completed,,18015.00,0.00,2702.25,20717.25,Online,orphan_foreign_key
ORD00033580,CUST0026540,LOC0015,2025-03-08 19:01:18,Dine-in,Completed,,10500.00,12976.66,1680.00,12180.00,Cash,discount_exceeds_subtotal
ORD00033593,,LOC0018,2025-03-08 19:08:14,App,Cancelled,,4280.00,0.00,684.80,4964.80,Online,missing_value
ORD00033665,CUST0048687,LOC0013,,Takeaway,Completed,,3700.00,0.00,555.00,4255.00,Cash,invalid_date
ORD00033920,CUST0043183,LOC0018,2025-03-08 23:34:07,Dine-in,Completed,,6250.00,0.00,1000.00,7250.00,Wallet,orphan_foreign_key
ORD00034118,CUST0001524,LOC5860,2025-03-09 18:26:47,Dine-in,Completed,,4230.00,0.00,676.80,4906.80,Cash,invalid_restaurant_id
ORD00034634,CUST0022113,LOC0007,,Dine-in,Completed,,16820.00,0.00,2691.20,19511.20,Cash,invalid_date
ORD00034688,CUST0015579,LOC0014,2025-03-10 19:29:05,Takeaway,Completed,,3490.00,6240.57,523.50,4013.50,Cash,discount_exceeds_subtotal
ORD00034700,,LOC0016,2025-03-10 19:36:01,ThirdPartyDelivery,Completed,,7760.00,0.00,1241.60,9001.60,Cash,missing_value
ORD00034758,CUST3305839,LOC0021,2025-03-10 20:35:34,ThirdPartyDelivery,Completed,,2490.00,0.00,373.50,2863.50,Online,orphan_foreign_key
ORD00034849,CUST6646476,LOC0015,2025-03-10 23:08:52,ThirdPartyDelivery,Completed,,3240.00,0.00,518.40,3758.40,Online,orphan_foreign_key
ORD00034953,CUST0049543,LOC0013,2025-03-11 17:46:23,Website,Completed,,8040.00,0.00,1206.00,9246.00,Card,orphan_foreign_key
ORD00034971,,LOC0018,2025-03-11 18:12:51,ThirdPartyDelivery,Completed,,5690.00,0.00,910.40,6600.40,Online,missing_value
ORD00034982,CUST0017081,LOC0018,1900-01-01 21:23:00,Dine-in,Completed,PROMO004,18250.00,500.00,2840.00,20590.00,Card,invalid_date
ORD00035073,CUST0054939,LOC0002,,Dine-in,Completed,,6530.00,0.00,979.50,7509.50,Card,invalid_date
ORD00035123,CUST0045448,LOC0004,2025-03-11 20:32:03,Website,Completed,,5210.00,0.00,781.50,5991.50,Card,orphan_foreign_key
ORD00035170,CUST0015496,LOC0001,2025-03-11 21:38:29,ThirdPartyDelivery,Cancelled,,7010.00,0.00,1051.50,8061.50,Online,orphan_foreign_key
ORD00035295,,LOC0012,2025-03-12 02:05:31,Website,Completed,,2700.00,0.00,405.00,3105.00,Online,missing_value
ORD00035777,,LOC0009,2025-03-13 18:43:03,Dine-in,Completed,,11980.00,0.00,1916.80,13896.80,Wallet,missing_value
ORD00035838,CUST0051974,LOC0025,,Takeaway,Completed,PROMO004,4240.00,500.00,561.00,4301.00,Cash,invalid_date
ORD00036150,,LOC0016,2025-03-14 18:10:58,Dine-in,Completed,,4660.00,0.00,745.60,5405.60,Card,missing_value
ORD00036320,CUST0011371,LOC0008,2025-03-14 19:58:24,App,Completed,,7140.00,15695.33,1142.40,8282.40,Cash,discount_exceeds_subtotal
ORD00036364,,LOC0002,2025-03-14 20:35:27,Dine-in,Completed,PROMO004,11435.00,500.00,1640.25,12575.25,Cash,missing_value
ORD00036640,,LOC0017,2025-03-15 14:57:29,ThirdPartyDelivery,Completed,PROMO004,17010.00,500.00,2641.60,19151.60,Online,missing_value
ORD00036834,CUST0000299,LOC9996,2025-03-15 19:37:51,ThirdPartyDelivery,Completed,,7340.00,0.00,1101.00,8441.00,Cash,invalid_restaurant_id
ORD00036946,,LOC0005,2025-03-15 21:11:09,App,Completed,PROMO004,7880.00,500.00,1107.00,8487.00,Online,missing_value
ORD00036948,CUST0005717,LOC0007,2025-03-15 21:12:40,ThirdPartyDelivery,Completed,,9360.00,18610.59,1497.60,10857.60,Cash,discount_exceeds_subtotal
ORD00037068,CUST0043898,LOC0020,,App,Completed,PROMO004,3825.00,500.00,498.75,3823.75,Online,invalid_date
ORD00037256,CUST0024159,LOC0018,,ThirdPartyDelivery,Completed,,11590.00,0.00,1854.40,13444.40,Cash,invalid_date
ORD00037327,CUST0052901,LOC0023,2025-03-16 18:44:08,ThirdPartyDelivery,Completed,,11155.00,0.00,1673.25,12828.25,Cash,orphan_foreign_key
ORD00037419,CUST0004879,LOC0008,2025-03-16 19:38:21,Dine-in,Completed,,6330.00,0.00,1012.80,7342.80,Cash,orphan_foreign_key
ORD00037548,CUST0011892,LOC0015,2025-03-16 21:29:36,Website,Completed,,2990.00,0.00,478.40,3468.40,Online,orphan_foreign_key
ORD00037574,,LOC0005,2025-03-16 21:49:25,App,Completed,,5160.00,0.00,774.00,5934.00,Card,missing_value
ORD00037620,CUST0015340,LOC0024,2025-03-16 22:50:34,Dine-in,Completed,,7770.00,0.00,1243.20,9013.20,Wallet,orphan_foreign_key
ORD00037629,CUST0028836,LOC0002,2025-03-16 23:01:40,Dine-in,Completed,,9810.00,18935.49,1471.50,11281.50,Cash,discount_exceeds_subtotal
ORD00038272,CUST0035675,LOC0023,2025-03-18 20:19:00,Takeaway,Completed,,2060.00,3217.52,309.00,2369.00,Cash,discount_exceeds_subtotal
ORD00038440,CUST0016919,LOC0004,2025-03-19 02:57:11,ThirdPartyDelivery,Completed,,7250.00,15551.30,1087.50,8337.50,Cash,discount_exceeds_subtotal
ORD00038441,CUST0010168,LOC0023,2099-12-31 14:58:00,Dine-in,Completed,,1640.00,0.00,246.00,1886.00,Cash,invalid_date
ORD00038556,CUST0039832,LOC0008,2025-03-19 18:55:41,App,Completed,,8100.00,16004.68,1296.00,9396.00,Online,discount_exceeds_subtotal
ORD00039288,CUST0035262,LOC0020,2025-03-21 14:45:02,App,Completed,,8980.00,0.00,1347.00,10327.00,Card,orphan_foreign_key
ORD00039621,CUST8779430,LOC0009,2025-03-21 21:44:37,Takeaway,Completed,PROMO004,4435.00,499.99,629.60,4564.61,Card,orphan_foreign_key
ORD00039698,CUST0006974,LOC0022,2025-03-21 23:24:01,ThirdPartyDelivery,Completed,,5480.00,13279.75,822.00,6302.00,Online,discount_exceeds_subtotal
ORD00039712,CUST0046322,LOC0013,,Dine-in,Completed,,6425.00,0.00,963.75,7388.75,Card,invalid_date
ORD00039783,,LOC0020,2025-03-22 02:17:15,Dine-in,Completed,,9480.00,0.00,1422.00,10902.00,Wallet,missing_value
ORD00039902,CUST0023009,LOC0011,2027-11-05 20:58:00,ThirdPartyDelivery,Completed,,7015.00,0.00,1122.40,8137.40,Online,invalid_date
ORD00039922,CUST0012202,LOC0018,2025-03-22 18:25:45,Takeaway,Completed,PROMO004,23420.00,36766.20,3667.20,26587.20,Wallet,discount_exceeds_subtotal
ORD00039934,CUST0034978,LOC0018,2027-11-05 15:33:00,Takeaway,Completed,,1650.00,0.00,264.00,1914.00,Cash,invalid_date
ORD00040000,CUST0043990,LOC0018,2025-03-22 19:10:53,Dine-in,Completed,,8200.00,0.00,1312.00,9512.00,Cash,orphan_foreign_key
ORD00040285,CUST0011743,LOC0005,2025-03-22 23:08:13,ThirdPartyDelivery,Completed,,3750.00,0.00,562.50,4312.50,Online,orphan_foreign_key
ORD00040320,CUST0028543,LOC0006,,Dine-in,Completed,PROMO004,5630.00,500.00,769.50,5899.50,Wallet,invalid_date
ORD00040585,CUST0005601,LOC0001,2099-12-31 21:00:00,Website,Completed,,2270.00,0.00,340.50,2610.50,Online,invalid_date
ORD00040703,CUST0035262,LOC0009,2025-03-23 20:42:57,Takeaway,Completed,PROMO004,8140.00,500.00,1222.40,8862.40,Card,orphan_foreign_key
ORD00040814,CUST0037285,LOC0013,2025-03-23 22:26:50,App,Completed,,3240.00,7529.30,486.00,3726.00,Online,discount_exceeds_subtotal
ORD00041039,CUST0049576,LOC0005,2025-03-24 19:09:23,ThirdPartyDelivery,Completed,,680.00,0.00,102.00,782.00,Cash,orphan_foreign_key
ORD00041060,CUST7730350,LOC0011,2025-03-24 19:28:08,ThirdPartyDelivery,Completed,,7140.00,0.00,1142.40,8282.40,Online,orphan_foreign_key
ORD00041209,,LOC0005,2025-03-24 23:28:27,Website,Completed,,6485.00,0.00,972.75,7457.75,Online,missing_value
ORD00041220,CUST7229096,LOC0017,2025-03-24 23:45:51,Dine-in,Completed,,10120.00,0.00,1619.20,11739.20,Wallet,orphan_foreign_key
ORD00041245,CUST0006710,LOC9791,2025-03-25 01:11:14,App,Completed,,5610.00,0.00,897.60,6507.60,Online,invalid_restaurant_id
ORD00041365,CUST4148699,LOC0016,2025-03-25 19:07:08,Dine-in,Completed,PROMO004,4905.00,500.00,704.80,5109.80,Cash,orphan_foreign_key
ORD00041394,CUST6754972,LOC0013,2025-03-25 19:38:08,Takeaway,Completed,PROMO004,10120.00,500.00,1443.00,11063.00,Card,orphan_foreign_key
ORD00041491,CUST0007095,LOC0023,1900-01-01 16:29:00,Takeaway,Completed,,1110.00,0.00,166.50,1276.50,Cash,invalid_date
ORD00041724,,LOC0021,2025-03-26 18:44:07,Takeaway,Completed,,3310.00,0.00,496.50,3806.50,Cash,missing_value
ORD00041838,CUST0019174,LOC0023,2025-03-26 20:34:23,Dine-in,Completed,PROMO004,11550.00,500.00,1657.50,12707.50,Cash,orphan_foreign_key
ORD00042023,CUST0034080,LOC8755,2025-03-27 02:26:47,ThirdPartyDelivery,Completed,PROMO004,8370.00,500.00,1259.20,9129.20,Online,invalid_restaurant_id
ORD00042155,CUST0024451,LOC0020,2025-03-27 18:54:09,Takeaway,Completed,,4565.00,6803.88,684.75,5249.75,Cash,discount_exceeds_subtotal
ORD00042317,CUST0041597,LOC0003,2025-03-27 21:31:03,App,Completed,,13335.00,0.00,2000.25,15335.25,Online,orphan_foreign_key
ORD00042318,CUST0032779,LOC0006,2025-03-27 21:32:33,Takeaway,Completed,PROMO004,3425.00,5462.75,453.75,3478.75,Cash,discount_exceeds_subtotal
ORD00042498,,LOC0017,2025-03-28 16:07:54,App,Completed,,3890.00,0.00,622.40,4512.40,Online,missing_value
ORD00042499,CUST3218607,LOC0008,2025-03-28 16:14:54,Takeaway,Cancelled,,11655.00,0.00,1864.80,13519.80,Cash,orphan_foreign_key
ORD00042507,,LOC0017,2025-03-28 17:09:54,Dine-in,Completed,,4550.00,0.00,728.00,5278.00,Cash,missing_value
ORD00042759,,LOC0006,2025-03-28 21:15:08,Dine-in,Completed,PROMO004,7595.00,500.00,1064.25,8159.25,Wallet,missing_value
ORD00042940,,LOC0008,2025-03-29 01:34:27,Takeaway,Completed,,3320.00,0.00,531.20,3851.20,Cash,missing_value
ORD00042993,CUST0029165,LOC0018,2031-07-22 11:13:00,Dine-in,Completed,PROMO004,24875.00,500.00,3900.00,28275.00,Card,invalid_date
ORD00043034,CUST0002383,LOC0019,2025-03-29 16:34:20,Takeaway,Completed,,4070.00,0.00,651.20,4721.20,Wallet,orphan_foreign_key
ORD00043079,CUST3423632,LOC0016,2025-03-29 18:11:23,ThirdPartyDelivery,Completed,,4240.00,0.00,678.40,4918.40,Online,orphan_foreign_key
ORD00043165,CUST0052071,LOC0004,2025-03-29 18:55:56,Dine-in,Completed,,6560.00,0.00,984.00,7544.00,Card,orphan_foreign_key
ORD00043232,CUST0033615,LOC0023,2025-03-29 19:28:44,Website,Completed,,5230.00,0.00,784.50,6014.50,Card,orphan_foreign_key
ORD00043293,CUST0040505,LOC0767,2025-03-29 20:01:31,Dine-in,Completed,PROMO004,14540.00,500.00,2246.40,16286.40,Card,invalid_restaurant_id
ORD00043366,,LOC0017,2025-03-29 21:17:54,Website,Completed,,1255.00,0.00,200.80,1455.80,Online,missing_value
ORD00043369,CUST0011907,LOC0007,,Dine-in,Completed,,5950.00,0.00,952.00,6902.00,Cash,invalid_date
ORD00043409,CUST0044645,LOC0011,2025-03-29 21:54:52,App,Completed,PROMO004,11860.00,500.00,1817.60,13177.60,Card,orphan_foreign_key
ORD00043473,CUST0028290,LOC0633,2025-03-29 22:49:37,ThirdPartyDelivery,Completed,,3400.00,0.00,544.00,3944.00,Cash,invalid_restaurant_id
ORD00043657,,LOC0022,2025-03-30 18:07:23,Takeaway,Completed,,1380.00,0.00,207.00,1587.00,Cash,missing_value
ORD00043704,CUST0006945,LOC0020,2025-03-30 18:39:09,ThirdPartyDelivery,Completed,,14200.00,0.00,2130.00,16330.00,Cash,orphan_foreign_key
ORD00043917,CUST3432720,LOC0018,2025-03-30 21:59:43,Website,Completed,,5780.00,0.00,924.80,6704.80,Online,orphan_foreign_key
ORD00044017,CUST0039532,LOC0004,2025-03-31 01:56:34,ThirdPartyDelivery,Completed,,8030.00,0.00,1204.50,9234.50,Cash,orphan_foreign_key
ORD00044046,CUST0006594,LOC0007,2025-03-31 11:52:54,App,Completed,PROMO005,9350.00,2162.50,1150.00,8337.50,Online,orphan_foreign_key
ORD00044058,CUST0006802,LOC0017,2027-11-05 20:27:00,Takeaway,Completed,,2160.00,0.00,345.60,2505.60,Cash,invalid_date
ORD00044148,CUST0039707,LOC0004,2025-03-31 13:17:59,Website,Completed,,3460.00,0.00,519.00,3979.00,Wallet,orphan_foreign_key
ORD00044281,CUST0046849,LOC0005,,ThirdPartyDelivery,Completed,,4020.00,0.00,603.00,4623.00,Online,invalid_date
ORD00044342,CUST0044656,LOC0018,2025-03-31 18:12:58,Dine-in,Completed,,3910.00,5961.52,625.60,4535.60,Cash,discount_exceeds_subtotal
ORD00044417,CUST0019174,LOC0014,2025-03-31 19:13:03,Dine-in,Completed,,7140.00,0.00,1071.00,8211.00,Card,orphan_foreign_key
ORD00044741,CUST0044738,LOC0011,2025-04-01 01:13:55,Takeaway,Completed,,4100.00,5273.54,656.00,4756.00,Cash,discount_exceeds_subtotal
ORD00045247,,LOC0002,2025-04-01 20:57:04,Dine-in,Completed,,7060.00,0.00,1059.00,8119.00,Cash,missing_value
ORD00045402,CUST2271604,LOC0020,2025-04-01 23:20:07,Dine-in,Completed,,10220.00,0.00,1533.00,11753.00,Cash,orphan_foreign_key
ORD00045510,,LOC0015,2025-04-02 12:53:14,Dine-in,Completed,,12355.00,0.00,1976.80,14331.80,Cash,missing_value
ORD00045562,,LOC0001,2025-04-02 13:33:00,App,Completed,,23470.00,0.00,3520.50,26990.50,Card,missing_value
ORD00045633,CUST2682703,LOC0005,2025-04-02 14:41:45,Dine-in,Completed,,12410.00,0.00,1861.50,14271.50,Cash,orphan_foreign_key
ORD00046084,CUST0045758,LOC0003,2025-04-03 11:28:11,ThirdPartyDelivery,Completed,,3370.00,0.00,505.50,3875.50,Online,orphan_foreign_key
ORD00046312,CUST0001456,LOC0005,2025-04-03 18:47:08,Dine-in,Completed,,9500.00,0.00,1425.00,10925.00,Cash,orphan_foreign_key
ORD00046394,CUST0015340,LOC0024,2025-04-03 20:13:29,Takeaway,Completed,,7600.00,0.00,1216.00,8816.00,Cash,orphan_foreign_key
ORD00046401,CUST0009796,LOC0009,2025-04-03 20:22:32,Dine-in,Completed,,3420.00,0.00,547.20,3967.20,Cash,orphan_foreign_key
ORD00046448,CUST0043179,LOC0013,,ThirdPartyDelivery,Completed,,840.00,0.00,126.00,966.00,Online,invalid_date
ORD00046715,CUST0001503,LOC0011,2025-04-04 13:29:52,Dine-in,Completed,,5740.00,7460.84,918.40,6658.40,Card,discount_exceeds_subtotal
ORD00046786,CUST0029078,LOC0003,2025-04-04 14:39:05,Takeaway,Completed,,2950.00,0.00,442.50,3392.50,Cash,orphan_foreign_key
ORD00046845,,LOC0018,2025-04-04 16:20:29,App,Completed,,10165.00,0.00,1626.40,11791.40,Wallet,missing_value
ORD00047579,,LOC0008,2025-04-05 17:43:07,App,Completed,PROMO005,4765.00,787.50,636.40,4613.90,Online,missing_value
ORD00048162,CUST0037113,LOC0005,2025-04-06 13:23:18,ThirdPartyDelivery,Completed,,2050.00,2963.44,307.50,2357.50,Cash,discount_exceeds_subtotal
ORD00048222,,LOC0008,2025-04-06 14:02:44,Dine-in,Completed,,9370.00,0.00,1499.20,10869.20,Card,missing_value
ORD00048249,,LOC0005,2025-04-06 14:41:35,ThirdPartyDelivery,Cancelled,,7545.00,0.00,1131.75,8676.75,Cash,missing_value
ORD00048315,CUST0028758,LOC0018,2025-04-06 17:14:05,App,Completed,,11700.00,17524.26,1872.00,13572.00,Card,discount_exceeds_subtotal
ORD00048317,,LOC0013,2025-04-06 17:20:44,App,Completed,,16350.00,0.00,2452.50,18802.50,Online,missing_value
ORD00048379,CUST4914821,LOC0002,2025-04-06 19:12:34,Dine-in,Completed,,10570.00,0.00,1585.50,12155.50,Card,orphan_foreign_key
ORD00048580,CUST0040140,LOC0020,2025-04-06 21:22:56,ThirdPartyDelivery,Completed,,10180.00,0.00,1527.00,11707.00,Online,orphan_foreign_key
ORD00048662,CUST0038922,LOC7357,2025-04-06 22:28:26,App,Completed,,3380.00,0.00,540.80,3920.80,Online,invalid_restaurant_id
ORD00048670,CUST0033324,LOC0025,2025-04-06 22:40:15,Dine-in,Completed,PROMO005,12170.00,2337.50,1474.88,11307.38,Card,orphan_foreign_key
ORD00048683,,LOC0014,2025-04-06 22:49:58,App,Completed,,3180.00,0.00,477.00,3657.00,Wallet,missing_value
ORD00048808,CUST0050167,LOC0023,2025-04-07 13:22:09,Dine-in,Completed,,7080.00,12660.09,1062.00,8142.00,Wallet,discount_exceeds_subtotal
ORD00048881,CUST0023242,LOC0003,2025-04-07 15:17:25,Dine-in,Completed,,7170.00,0.00,1075.50,8245.50,Cash,orphan_foreign_key
ORD00048943,CUST0043578,LOC0025,2025-04-07 18:51:11,Dine-in,Completed,,13665.00,0.00,2049.75,15714.75,Card,orphan_foreign_key
ORD00048982,CUST0012072,LOC0023,2025-04-07 19:48:49,App,Completed,,3390.00,7021.40,508.50,3898.50,Card,discount_exceeds_subtotal
ORD00049440,CUST0039871,LOC0001,2025-04-08 22:13:33,App,Completed,,5010.00,7805.53,751.50,5761.50,Online,discount_exceeds_subtotal
ORD00049529,CUST0010429,LOC0015,2025-04-09 12:31:54,Dine-in,Completed,,11035.00,21979.18,1765.60,12800.60,Cash,discount_exceeds_subtotal
ORD00049558,,LOC0004,2025-04-09 13:05:35,Website,Completed,,5790.00,0.00,868.50,6658.50,Card,missing_value
ORD00049661,,LOC0006,2025-04-09 16:44:10,Takeaway,Completed,,2460.00,0.00,369.00,2829.00,Cash,missing_value
ORD00050170,CUST7318251,LOC0014,2025-04-10 20:24:43,Takeaway,Completed,,3060.00,0.00,459.00,3519.00,Wallet,orphan_foreign_key
ORD00050260,CUST0011677,LOC0018,2031-07-22 10:55:00,App,Completed,,4785.00,0.00,765.60,5550.60,Wallet,invalid_date
ORD00050862,CUST0010364,LOC6584,2025-04-12 11:04:24,Dine-in,Completed,,4020.00,0.00,603.00,4623.00,Cash,invalid_restaurant_id
ORD00051184,CUST8663393,LOC0013,2025-04-12 20:04:33,Takeaway,Completed,,1230.00,0.00,184.50,1414.50,Card,orphan_foreign_key
ORD00051239,CUST7640525,LOC0013,2025-04-12 20:52:42,Takeaway,Completed,,4950.00,0.00,742.50,5692.50,Card,orphan_foreign_key
ORD00051378,CUST0007347,LOC0016,2025-04-12 23:23:32,Dine-in,Completed,,2055.00,0.00,328.80,2383.80,Cash,orphan_foreign_key
ORD00051506,CUST8477951,LOC0023,2025-04-13 13:16:03,Takeaway,Completed,,5045.00,0.00,756.75,5801.75,Cash,orphan_foreign_key
ORD00051670,CUST0034403,LOC0017,2025-04-13 19:05:42,Dine-in,Completed,,7340.00,10847.91,1174.40,8514.40,Card,discount_exceeds_subtotal
ORD00051709,CUST0426841,LOC0012,2025-04-13 19:51:52,Dine-in,Completed,,2920.00,0.00,438.00,3358.00,Card,orphan_foreign_key
ORD00051947,CUST0027122,LOC0023,,Takeaway,Completed,,600.00,0.00,90.00,690.00,Cash,invalid_date
ORD00051967,CUST0049188,LOC0865,2025-04-14 12:33:52,Dine-in,Completed,,3150.00,0.00,504.00,3654.00,Cash,invalid_restaurant_id
ORD00052046,CUST0036491,LOC0020,,Takeaway,Completed,,7320.00,0.00,1098.00,8418.00,Cash,invalid_date
ORD00052191,,LOC0025,2025-04-14 20:55:51,Dine-in,Completed,,7610.00,0.00,1141.50,8751.50,Cash,missing_value
ORD00052203,CUST0001520,LOC0001,2025-04-14 21:11:24,Dine-in,Completed,,14300.00,18451.78,2145.00,16445.00,Card,discount_exceeds_subtotal
ORD00052301,,LOC0006,2025-04-15 10:36:24,Takeaway,Completed,,4250.00,0.00,637.50,4887.50,Cash,missing_value
ORD00052367,,LOC0004,2025-04-15 12:58:33,App,Completed,,7640.00,0.00,1146.00,8786.00,Card,missing_value
ORD00052541,CUST0004304,LOC0003,2025-04-15 19:33:38,Dine-in,Completed,,12585.00,31045.73,1887.75,14472.75,Card,discount_exceeds_subtotal
ORD00052951,CUST0036904,LOC0016,2025-04-16 18:08:41,Dine-in,Completed,,5580.00,10569.28,892.80,6472.80,Wallet,discount_exceeds_subtotal
ORD00052960,CUST0007854,LOC0022,,Dine-in,Completed,,3330.00,0.00,499.50,3829.50,Cash,invalid_date
ORD00053288,CUST0033751,LOC0023,2025-04-17 13:15:21,ThirdPartyDelivery,Completed,,5305.00,0.00,795.75,6100.75,Cash,orphan_foreign_key
ORD00053543,CUST0028328,LOC0006,2025-04-17 20:53:11,App,Completed,PROMO006,13660.00,1630.00,1804.50,13834.50,Wallet,orphan_foreign_key
ORD00053555,,LOC0012,2025-04-17 21:00:24,App,Completed,,3150.00,0.00,472.50,3622.50,Cash,missing_value
ORD00053854,CUST0045696,LOC0012,2025-04-18 13:41:20,ThirdPartyDelivery,Completed,PROMO006,10150.00,1600.00,1282.50,9832.50,Online,orphan_foreign_key
ORD00053936,,LOC0004,2025-04-18 14:50:30,Dine-in,Completed,,10440.00,0.00,1566.00,12006.00,Cash,missing_value
ORD00053937,CUST2711729,LOC0011,2025-04-18 14:51:03,Dine-in,Completed,PROMO006,12560.00,1510.00,1768.00,12818.00,Cash,orphan_foreign_key
ORD00053951,,LOC0004,2025-04-18 15:20:13,Dine-in,Completed,,6760.00,0.00,1014.00,7774.00,Card,missing_value
ORD00053973,,LOC0003,2025-04-18 16:34:18,Takeaway,Completed,,355.00,0.00,53.25,408.25,Cash,missing_value
ORD00054481,CUST0043043,LOC0012,2025-04-19 13:07:21,Website,Completed,,7130.00,0.00,1069.50,8199.50,Online,orphan_foreign_key
ORD00054548,CUST0011464,LOC0014,2025-04-19 13:53:08,Dine-in,Completed,PROMO006,16575.00,21062.38,2003.25,15358.25,Cash,discount_exceeds_subtotal
ORD00054577,CUST0052661,LOC0010,,Dine-in,Completed,,13390.00,0.00,2142.40,15532.40,Card,invalid_date
ORD00054723,CUST0040746,LOC0008,2025-04-19 19:13:17,Dine-in,Completed,,6175.00,0.00,988.00,7163.00,Cash,orphan_foreign_key
ORD00054770,CUST0049751,LOC0024,2025-04-19 19:55:18,Takeaway,Completed,,1315.00,0.00,210.40,1525.40,Card,orphan_foreign_key
ORD00054854,CUST6715377,LOC0013,2025-04-19 20:55:15,ThirdPartyDelivery,Completed,,5060.00,0.00,759.00,5819.00,Online,orphan_foreign_key
ORD00054969,CUST0017298,LOC0018,2025-04-19 21:58:55,Takeaway,Completed,,2020.00,3196.54,323.20,2343.20,Wallet,discount_exceeds_subtotal
ORD00055143,CUST0044247,LOC6064,2025-04-20 12:38:34,Takeaway,Completed,,2960.00,0.00,473.60,3433.60,Wallet,invalid_restaurant_id
ORD00055182,,LOC0018,2025-04-20 13:14:30,Dine-in,Completed,,4190.00,0.00,670.40,4860.40,Card,missing_value
ORD00055243,CUST0033474,LOC0016,2025-04-20 13:59:46,Dine-in,Completed,,17750.00,0.00,2840.00,20590.00,Cash,orphan_foreign_key
ORD00055323,CUST0048842,LOC0002,2025-04-20 16:24:08,Takeaway,Completed,PROMO006,7990.00,1510.00,972.00,7452.00,Wallet,orphan_foreign_key
ORD00055382,CUST0019596,LOC0016,2025-04-20 18:30:11,App,Completed,,11850.00,25691.44,1896.00,13746.00,Wallet,discount_exceeds_subtotal
ORD00055912,CUST0012453,LOC0012,2031-07-22 19:53:00,App,Completed,,4470.00,0.00,670.50,5140.50,Online,invalid_date
ORD00056183,CUST0033324,LOC0025,2025-04-22 12:19:16,Dine-in,Completed,,14270.00,0.00,2140.50,16410.50,Cash,orphan_foreign_key
ORD00056186,CUST9895502,LOC0023,2025-04-22 12:23:08,App,Completed,,6770.00,0.00,1015.50,7785.50,Online,orphan_foreign_key
ORD00056222,CUST0031227,LOC0008,2031-07-22 16:43:00,Dine-in,Completed,,5570.00,0.00,891.20,6461.20,Wallet,invalid_date
ORD00056366,CUST0014593,LOC0003,2027-11-05 11:51:00,Dine-in,Completed,,7635.00,0.00,1145.25,8780.25,Cash,invalid_date
ORD00056538,,LOC0007,2025-04-22 22:16:18,Dine-in,Completed,,13820.00,0.00,2211.20,16031.20,Card,missing_value
ORD00056673,CUST0054124,LOC0023,2025-04-23 12:54:46,Dine-in,Completed,,9875.00,23433.74,1481.25,11356.25,Card,discount_exceeds_subtotal
ORD00057136,CUST0022236,LOC0005,1900-01-01 11:26:00,Takeaway,Completed,,5400.00,0.00,810.00,6210.00,Cash,invalid_date
ORD00057192,CUST0681427,LOC0004,2025-04-24 14:24:15,Takeaway,Completed,,3200.00,0.00,480.00,3680.00,Cash,orphan_foreign_key
ORD00057757,,LOC0003,2025-04-25 16:09:17,ThirdPartyDelivery,Completed,,3495.00,0.00,524.25,4019.25,Cash,missing_value
ORD00057893,CUST0052901,LOC0020,2025-04-25 19:38:02,ThirdPartyDelivery,Completed,,8525.00,0.00,1278.75,9803.75,Online,orphan_foreign_key
ORD00057996,CUST0039776,LOC0003,1970-01-01 15:05:00,ThirdPartyDelivery,Completed,,10545.00,0.00,1581.75,12126.75,Cash,invalid_date
ORD00058213,,LOC0019,2025-04-26 11:48:44,Dine-in,Completed,,7520.00,0.00,1203.20,8723.20,Cash,missing_value
ORD00058406,CUST0045195,LOC0004,1900-01-01 18:09:00,App,Cancelled,,3160.00,0.00,474.00,3634.00,Online,invalid_date
ORD00058513,,LOC0005,2025-04-26 18:46:32,ThirdPartyDelivery,Completed,,10510.00,0.00,1576.50,12086.50,Cash,missing_value
ORD00058753,CUST0006366,LOC0010,,Website,Completed,PROMO006,13820.00,1510.00,1969.60,14279.60,Online,invalid_date
ORD00059027,CUST0019174,LOC0014,2025-04-27 13:13:47,Dine-in,Completed,,8750.00,0.00,1312.50,10062.50,Card,orphan_foreign_key
ORD00059142,CUST1578662,LOC0003,2025-04-27 15:52:59,Takeaway,Completed,,12685.00,0.00,1902.75,14587.75,Wallet,orphan_foreign_key
ORD00059237,CUST0036133,LOC2818,2025-04-27 19:07:18,Dine-in,Completed,,6530.00,0.00,979.50,7509.50,Cash,invalid_restaurant_id
ORD00059272,CUST0051786,LOC0016,,Takeaway,Completed,,5580.00,0.00,892.80,6472.80,Cash,invalid_date
ORD00059299,CUST0033764,LOC0014,1900-01-01 12:51:00,Takeaway,Completed,,4890.00,0.00,733.50,5623.50,Card,invalid_date
ORD00059343,CUST0011132,LOC0019,2025-04-27 20:37:19,Dine-in,Completed,PROMO006,20840.00,6720.00,2259.20,16379.20,Card,orphan_foreign_key
ORD00059415,CUST6966852,LOC0018,2025-04-27 21:31:53,Dine-in,Completed,,8880.00,0.00,1420.80,10300.80,Cash,orphan_foreign_key
ORD00059460,CUST7908044,LOC0024,2025-04-27 22:17:36,Dine-in,Completed,,8970.00,0.00,1435.20,10405.20,Card,orphan_foreign_key
ORD00059804,CUST0014809,LOC0012,,App,Completed,,2170.00,0.00,325.50,2495.50,Online,invalid_date
ORD00059864,CUST0018793,LOC0011,2025-04-28 20:52:25,Website,Completed,,3970.00,0.00,635.20,4605.20,Card,orphan_foreign_key
ORD00059919,CUST0023028,LOC7379,2025-04-28 21:50:22,Dine-in,Completed,,4280.00,0.00,642.00,4922.00,Cash,invalid_restaurant_id
ORD00060247,CUST0039696,LOC3923,2025-04-29 19:58:47,Dine-in,Completed,,8810.00,0.00,1321.50,10131.50,Cash,invalid_restaurant_id
ORD00060276,,LOC0023,2025-04-29 20:24:33,Website,Completed,PROMO006,8600.00,3360.00,786.00,6026.00,Card,missing_value
ORD00060355,CUST0040711,LOC0011,2025-04-29 21:45:15,Dine-in,Completed,,5300.00,0.00,848.00,6148.00,Card,orphan_foreign_key
ORD00060485,,LOC0017,2025-04-30 12:57:21,App,Completed,PROMO006,15110.00,6340.00,1403.20,10173.20,Card,missing_value
ORD00060597,CUST0019925,LOC0020,2031-07-22 10:47:00,Takeaway,Completed,,1920.00,0.00,288.00,2208.00,Cash,invalid_date
ORD00060618,CUST0014199,LOC0002,2025-04-30 17:25:09,Website,Completed,PROMO006,9135.00,1510.00,1143.75,8768.75,Online,orphan_foreign_key
ORD00060639,CUST0042926,LOC0010,2025-04-30 17:58:58,Dine-in,Completed,PROMO006,13980.00,33521.54,1699.20,12319.20,Wallet,discount_exceeds_subtotal
ORD00060653,CUST0031995,LOC0014,2025-04-30 18:50:52,App,Completed,,7840.00,0.00,1176.00,9016.00,Online,orphan_foreign_key
ORD00061206,CUST0012593,LOC0018,2025-05-01 21:15:50,Takeaway,Completed,,9850.00,0.00,1576.00,11426.00,Wallet,orphan_foreign_key
ORD00061241,,LOC0021,2025-05-01 21:58:49,Takeaway,Completed,,4480.00,0.00,672.00,5152.00,Cash,missing_value
ORD00061316,CUST0043227,LOC0008,2025-05-02 10:41:00,App,Completed,PROMO007,2790.00,435.00,376.80,2731.80,Online,orphan_foreign_key
ORD00061408,CUST0038938,LOC0004,2099-12-31 13:29:00,Website,Completed,,17790.00,0.00,2668.50,20458.50,Online,invalid_date
ORD00061524,CUST0008412,LOC0018,2025-05-02 15:27:35,Dine-in,Completed,,9885.00,0.00,1581.60,11466.60,Cash,orphan_foreign_key
ORD00061600,CUST6497875,LOC0022,2025-05-02 18:47:18,Takeaway,Completed,,8420.00,0.00,1263.00,9683.00,Cash,orphan_foreign_key
ORD00061654,CUST7669904,LOC0015,2025-05-02 19:42:54,ThirdPartyDelivery,Completed,,4280.00,0.00,684.80,4964.80,Online,orphan_foreign_key
ORD00061806,CUST0004216,LOC0008,2025-05-02 21:47:43,ThirdPartyDelivery,Cancelled,,2760.00,5812.80,441.60,3201.60,Online,discount_exceeds_subtotal
ORD00061884,CUST0033474,LOC0020,2025-05-02 23:38:43,Dine-in,Completed,PROMO007,5470.00,162.50,796.12,6103.62,Card,orphan_foreign_key
ORD00061945,CUST0005300,LOC0002,2025-05-03 12:04:39,Dine-in,Completed,,2680.00,0.00,402.00,3082.00,Card,orphan_foreign_key
ORD00061989,CUST0032013,LOC0020,1900-01-01 16:14:00,Dine-in,Completed,,13890.00,0.00,2083.50,15973.50,Cash,invalid_date
ORD00062047,CUST1820133,LOC0016,2025-05-03 13:32:53,Dine-in,Completed,PROMO007,4705.00,290.00,706.40,5121.40,Cash,orphan_foreign_key
ORD00062139,CUST0020787,LOC0022,2025-05-03 16:16:16,ThirdPartyDelivery,Completed,PROMO007,4340.00,8606.12,583.12,4470.62,Online,discount_exceeds_subtotal
ORD00062233,CUST0015090,LOC0010,2025-05-03 19:00:50,App,Completed,,11180.00,25295.33,1788.80,12968.80,Card,discount_exceeds_subtotal
ORD00062397,,LOC0002,2025-05-03 21:03:27,App,Completed,,2820.00,0.00,423.00,3243.00,Online,missing_value
ORD00062406,,LOC0022,2025-05-03 21:11:31,App,Completed,,6330.00,0.00,949.50,7279.50,Online,missing_value
ORD00062420,CUST0027315,LOC0012,2025-05-03 21:27:54,Takeaway,Completed,PROMO007,6230.00,14336.51,910.50,6980.50,Wallet,discount_exceeds_subtotal
ORD00062542,CUST0032073,LOC0018,2025-05-03 23:29:50,App,Completed,,5530.00,0.00,884.80,6414.80,Online,orphan_foreign_key
ORD00062924,,LOC0011,2025-05-04 19:32:45,App,Completed,,1600.00,0.00,256.00,1856.00,Online,missing_value
ORD00063024,,LOC0006,2025-05-04 21:02:25,Takeaway,Completed,,7210.00,0.00,1081.50,8291.50,Wallet,missing_value
ORD00063134,CUST0027018,LOC0023,2031-07-22 19:51:00,Dine-in,Completed,,6410.00,0.00,961.50,7371.50,Cash,invalid_date
ORD00063139,,LOC0005,2025-05-04 22:48:50,Dine-in,Completed,,5955.00,0.00,893.25,6848.25,Cash,missing_value
ORD00063223,CUST0027793,LOC0016,1970-01-01 19:37:00,Takeaway,Completed,,6620.00,0.00,1059.20,7679.20,Cash,invalid_date
ORD00063260,CUST0004058,LOC0009,2027-11-05 21:54:00,Website,Completed,PROMO007,19840.00,152.50,3150.00,22837.50,Online,invalid_date
ORD00063306,CUST0004149,LOC0007,2025-05-05 14:22:59,Dine-in,Completed,,7710.00,0.00,1233.60,8943.60,Card,orphan_foreign_key
ORD00063603,,LOC0009,2025-05-05 23:25:51,App,Completed,PROMO007,5405.00,477.50,788.40,5715.90,Online,missing_value
ORD00063749,CUST0043043,LOC0020,2025-05-06 14:13:41,ThirdPartyDelivery,Completed,,4030.00,0.00,604.50,4634.50,Cash,orphan_foreign_key
ORD00063768,CUST0037864,LOC0024,2025-05-06 14:50:14,Dine-in,Completed,,12575.00,21181.74,2012.00,14587.00,Wallet,discount_exceeds_subtotal
ORD00064513,CUST0015340,LOC0024,2025-05-08 13:10:42,Dine-in,Cancelled,,8240.00,0.00,1318.40,9558.40,Card,orphan_foreign_key
ORD00064593,CUST0614482,LOC0013,2025-05-08 15:02:10,Takeaway,Completed,PROMO007,1000.00,52.50,142.12,1089.62,Cash,orphan_foreign_key
ORD00064762,CUST6042670,LOC0004,2025-05-08 20:45:34,Takeaway,Completed,,9780.00,0.00,1467.00,11247.00,Cash,orphan_foreign_key
ORD00064832,CUST0051041,LOC0005,2025-05-08 22:16:38,App,Completed,,7000.00,0.00,1050.00,8050.00,Online,orphan_foreign_key
ORD00064897,,LOC0018,2025-05-09 01:46:27,Dine-in,Completed,,9590.00,0.00,1534.40,11124.40,Card,missing_value
ORD00064934,,LOC0011,2025-05-09 12:15:39,App,Completed,,8415.00,0.00,1346.40,9761.40,Online,missing_value
ORD00064971,,LOC0017,2025-05-09 12:55:17,App,Completed,,5380.00,0.00,860.80,6240.80,Online,missing_value
ORD00065049,,LOC0023,2025-05-09 13:59:48,App,Completed,,3860.00,0.00,579.00,4439.00,Online,missing_value
ORD00065210,CUST0015713,LOC0012,,App,Completed,,2930.00,0.00,439.50,3369.50,Card,invalid_date
ORD00065230,CUST0007347,LOC0016,2025-05-09 19:34:42,ThirdPartyDelivery,Completed,,1300.00,0.00,208.00,1508.00,Online,orphan_foreign_key
ORD00065323,CUST0001753,LOC0018,2025-05-09 20:50:59,Takeaway,Completed,,4105.00,0.00,656.80,4761.80,Card,orphan_foreign_key
ORD00065374,CUST0014595,LOC0011,2025-05-09 21:30:58,Takeaway,Completed,,4390.00,0.00,702.40,5092.40,Cash,orphan_foreign_key
ORD00065545,CUST0006678,LOC0012,2025-05-10 12:05:01,ThirdPartyDelivery,Cancelled,,4400.00,0.00,660.00,5060.00,Cash,orphan_foreign_key
ORD00065657,CUST0048511,LOC0023,2025-05-10 13:27:30,App,Completed,,1800.00,2721.75,270.00,2070.00,Card,discount_exceeds_subtotal
ORD00065688,CUST0047570,LOC0016,,Dine-in,Completed,,2490.00,0.00,398.40,2888.40,Cash,invalid_date
ORD00065776,,LOC0011,2025-05-10 16:43:43,Dine-in,Completed,,5885.00,0.00,941.60,6826.60,Card,missing_value
ORD00066126,CUST0048911,LOC0025,2025-05-10 23:03:07,Dine-in,Completed,,12915.00,0.00,1937.25,14852.25,Cash,orphan_foreign_key
ORD00066167,,LOC0003,2025-05-11 01:34:55,Dine-in,Completed,,8070.00,0.00,1210.50,9280.50,Card,missing_value
ORD00066173,,LOC0013,2025-05-11 10:02:24,App,Completed,,1320.00,0.00,198.00,1518.00,Online,missing_value
ORD00066497,CUST0036765,LOC0023,2025-05-11 19:19:40,ThirdPartyDelivery,Cancelled,,3590.00,0.00,538.50,4128.50,Online,orphan_foreign_key
ORD00067013,CUST0006945,LOC0020,2025-05-12 20:36:10,ThirdPartyDelivery,Completed,,11160.00,0.00,1674.00,12834.00,Cash,orphan_foreign_key
ORD00067334,CUST0002555,LOC1321,2025-05-13 18:12:11,Dine-in,Completed,PROMO007,5630.00,247.50,861.20,6243.70,Cash,invalid_restaurant_id
ORD00067362,CUST0034115,LOC9920,2025-05-13 19:15:05,Dine-in,Completed,,7320.00,0.00,1098.00,8418.00,Cash,invalid_restaurant_id
ORD00067695,CUST0003595,LOC0024,2025-05-14 14:17:41,Takeaway,Completed,,3725.00,0.00,596.00,4321.00,Cash,orphan_foreign_key
ORD00067731,CUST9822097,LOC0016,2025-05-14 15:42:40,Dine-in,Completed,,3040.00,0.00,486.40,3526.40,Card,orphan_foreign_key
ORD00067738,CUST0010320,LOC0008,,ThirdPartyDelivery,Cancelled,,6270.00,0.00,1003.20,7273.20,Online,invalid_date
ORD00067808,CUST0050892,LOC0021,,Takeaway,Completed,,4850.00,0.00,727.50,5577.50,Cash,invalid_date
ORD00068154,,LOC0019,2025-05-15 13:44:24,Takeaway,Completed,,6460.00,0.00,1033.60,7493.60,Card,missing_value
ORD00068277,,LOC0020,2025-05-15 18:34:12,Takeaway,Completed,PROMO007,1750.00,67.50,252.38,1934.88,Card,missing_value
ORD00068812,CUST0020448,LOC0004,2025-05-16 18:27:09,App,Completed,,4715.00,0.00,707.25,5422.25,Online,orphan_foreign_key
ORD00068868,CUST9228588,LOC0001,2025-05-16 19:24:18,Takeaway,Completed,,5130.00,0.00,769.50,5899.50,Cash,orphan_foreign_key
ORD00069033,CUST0007347,LOC0004,2025-05-16 21:33:41,ThirdPartyDelivery,Completed,,3545.00,0.00,531.75,4076.75,Cash,orphan_foreign_key
ORD00069158,CUST0029993,LOC0009,2025-05-17 01:57:06,App,Completed,,3865.00,5258.85,618.40,4483.40,Online,discount_exceeds_subtotal
ORD00069170,CUST0020820,LOC0004,,Dine-in,Completed,PROMO007,3640.00,715.00,438.75,3363.75,Cash,invalid_date
ORD00069566,CUST0043093,LOC0009,2025-05-17 20:02:16,Dine-in,Completed,,10210.00,14718.71,1633.60,11843.60,Card,discount_exceeds_subtotal
ORD00069802,CUST0050825,LOC0020,2025-05-18 00:43:18,ThirdPartyDelivery,Completed,,6420.00,0.00,963.00,7383.00,Online,orphan_foreign_key
ORD00069947,CUST2679371,LOC0012,2025-05-18 13:46:51,Dine-in,Completed,,3740.00,0.00,561.00,4301.00,Wallet,orphan_foreign_key
ORD00070088,CUST0046291,LOC0004,2025-05-18 18:32:40,Dine-in,Completed,,8550.00,0.00,1282.50,9832.50,Card,orphan_foreign_key
ORD00070129,,LOC0020,2025-05-18 19:24:39,Takeaway,Completed,,5170.00,0.00,775.50,5945.50,Cash,missing_value
ORD00070418,CUST0008708,LOC0021,2025-05-18 23:52:24,App,Completed,,5560.00,10976.55,834.00,6394.00,Wallet,discount_exceeds_subtotal
ORD00070464,,LOC0009,2025-05-19 12:22:53,Dine-in,Completed,,10725.00,0.00,1716.00,12441.00,Card,missing_value
ORD00070568,CUST4323811,LOC0003,2025-05-19 15:46:45,Dine-in,Completed,,6720.00,0.00,1008.00,7728.00,Card,orphan_foreign_key
ORD00070718,CUST0050315,LOC2502,2025-05-19 20:46:55,App,Completed,,840.00,0.00,126.00,966.00,Online,invalid_restaurant_id
ORD00070849,CUST4726223,LOC0001,2025-05-20 12:07:26,Dine-in,Completed,,6645.00,0.00,996.75,7641.75,Wallet,orphan_foreign_key
ORD00070896,CUST0037790,LOC8592,2025-05-20 13:11:18,Takeaway,Completed,,3510.00,0.00,526.50,4036.50,Cash,invalid_restaurant_id
ORD00070904,CUST9478576,LOC0022,2025-05-20 13:15:46,ThirdPartyDelivery,Completed,,4770.00,0.00,715.50,5485.50,Cash,orphan_foreign_key
ORD00070968,CUST0001746,LOC0018,2025-05-20 14:43:47,App,Cancelled,,7120.00,8797.73,1139.20,8259.20,Wallet,discount_exceeds_subtotal
ORD00071016,CUST1247623,LOC0024,2025-05-20 17:45:20,ThirdPartyDelivery,Completed,,4910.00,0.00,785.60,5695.60,Online,orphan_foreign_key
ORD00071155,CUST0011650,LOC0001,2025-05-20 21:15:13,Takeaway,Completed,,2030.00,0.00,304.50,2334.50,Cash,orphan_foreign_key
ORD00071433,CUST2994604,LOC0018,2025-05-21 17:51:10,App,Completed,PROMO008,6760.00,676.00,973.44,7057.44,Online,orphan_foreign_key
ORD00071472,,LOC0003,2025-05-21 19:12:17,Dine-in,Completed,,4245.00,0.00,636.75,4881.75,Card,missing_value
ORD00071590,CUST0022347,LOC0001,2025-05-21 21:36:27,App,Completed,,1260.00,0.00,189.00,1449.00,Wallet,orphan_foreign_key
ORD00071762,CUST0001468,LOC1930,2025-05-22 13:27:12,Dine-in,Completed,,6500.00,0.00,1040.00,7540.00,Card,invalid_restaurant_id
ORD00071795,CUST0017949,LOC0003,2099-12-31 22:37:00,ThirdPartyDelivery,Completed,,4395.00,0.00,659.25,5054.25,Cash,invalid_date
ORD00071861,,LOC0025,2025-05-22 17:41:57,Takeaway,Completed,,3765.00,0.00,564.75,4329.75,Card,missing_value
ORD00071919,CUST2039032,LOC0005,2025-05-22 19:30:15,App,Completed,,8820.00,0.00,1323.00,10143.00,Online,orphan_foreign_key
ORD00072588,CUST0052505,LOC9807,2025-05-23 21:37:50,Dine-in,Completed,,10570.00,0.00,1585.50,12155.50,Card,invalid_restaurant_id
ORD00072602,CUST3606600,LOC0014,2025-05-23 21:48:27,ThirdPartyDelivery,Completed,,3830.00,0.00,574.50,4404.50,Online,orphan_foreign_key
ORD00072711,CUST7128785,LOC0016,2025-05-24 11:31:43,Dine-in,Completed,,9550.00,0.00,1528.00,11078.00,Wallet,orphan_foreign_key
ORD00072718,CUST0049576,LOC0002,2025-05-24 11:55:08,Takeaway,Completed,,5480.00,0.00,822.00,6302.00,Cash,orphan_foreign_key
ORD00072864,CUST0045097,LOC0016,1900-01-01 12:32:00,ThirdPartyDelivery,Completed,,4490.00,0.00,718.40,5208.40,Cash,invalid_date
ORD00072888,CUST0022419,LOC0007,2025-05-24 13:57:11,Takeaway,Completed,,3520.00,0.00,563.20,4083.20,Cash,orphan_foreign_key
ORD00073079,CUST0015062,LOC0007,2025-05-24 19:33:59,Dine-in,Completed,,13770.00,0.00,2203.20,15973.20,Cash,orphan_foreign_key
ORD00073090,,LOC0003,2025-05-24 19:41:48,ThirdPartyDelivery,Completed,,7090.00,0.00,1063.50,8153.50,Cash,missing_value
ORD00073209,CUST3887019,LOC0025,2025-05-24 21:06:56,Dine-in,Completed,PROMO007,5120.00,322.50,719.62,5517.12,Cash,orphan_foreign_key
ORD00073371,CUST0011743,LOC0001,2025-05-25 00:43:27,App,Completed,,5770.00,0.00,865.50,6635.50,Online,orphan_foreign_key
ORD00073384,CUST0048272,LOC0003,2025-05-25 11:09:19,Dine-in,Completed,,6750.00,0.00,1012.50,7762.50,Cash,orphan_foreign_key
ORD00073401,CUST5222773,LOC0017,2025-05-25 11:38:08,Takeaway,Cancelled,,2400.00,0.00,384.00,2784.00,Cash,orphan_foreign_key
ORD00073505,CUST0051325,LOC0004,,Takeaway,Completed,,2570.00,0.00,385.50,2955.50,Card,invalid_date
ORD00073768,,LOC0022,2025-05-25 20:23:51,Takeaway,Completed,,2780.00,0.00,417.00,3197.00,Wallet,missing_value
ORD00074032,CUST0041893,LOC0012,2031-07-22 11:28:00,App,Completed,,6110.00,0.00,916.50,7026.50,Wallet,invalid_date
ORD00074205,CUST8465312,LOC0001,2025-05-26 18:40:05,ThirdPartyDelivery,Completed,,8620.00,0.00,1293.00,9913.00,Online,orphan_foreign_key
ORD00074247,,LOC0002,2025-05-26 19:42:16,ThirdPartyDelivery,Completed,,2620.00,0.00,393.00,3013.00,Online,missing_value
ORD00074810,,LOC0008,2025-05-27 22:55:18,App,Completed,,2730.00,0.00,436.80,3166.80,Card,missing_value
ORD00074974,CUST0006710,LOC0016,,Dine-in,Completed,,8520.00,0.00,1363.20,9883.20,Wallet,invalid_date
ORD00075165,CUST0031573,LOC0022,2025-05-28 21:09:29,Dine-in,Completed,,8770.00,10377.00,1315.50,10085.50,Wallet,discount_exceeds_subtotal
ORD00075292,,LOC0005,2025-05-29 12:12:18,Website,Completed,,12940.00,0.00,1941.00,14881.00,Card,missing_value
ORD00075316,CUST0054949,LOC0010,2025-05-29 12:47:20,App,Completed,PROMO007,7005.00,15145.71,1054.80,7647.30,Online,discount_exceeds_subtotal
ORD00075584,,LOC0010,2025-05-29 20:37:51,App,Completed,PROMO007,1490.00,202.50,206.00,1493.50,Card,missing_value
ORD00075837,CUST0033324,LOC0025,2025-05-30 12:53:38,Dine-in,Completed,,11430.00,0.00,1714.50,13144.50,Wallet,orphan_foreign_key
ORD00076157,CUST0018037,LOC0015,2025-05-30 20:41:04,ThirdPartyDelivery,Completed,,5155.00,0.00,824.80,5979.80,Online,orphan_foreign_key
ORD00076232,,LOC0008,2025-05-30 21:38:10,Dine-in,Completed,PROMO007,2980.00,432.50,407.60,2955.10,Cash,missing_value
ORD00076270,CUST0052755,LOC0015,2025-05-30 22:04:58,Dine-in,Completed,,8850.00,0.00,1416.00,10266.00,Card,orphan_foreign_key
ORD00077070,CUST0023382,LOC0013,,ThirdPartyDelivery,Cancelled,,160.00,0.00,24.00,184.00,Cash,invalid_date
ORD00077170,,LOC0017,2025-06-01 14:29:31,App,Completed,,4130.00,0.00,660.80,4790.80,Online,missing_value
ORD00077215,CUST9220544,LOC0007,2025-06-01 16:04:34,Dine-in,Completed,,2610.00,0.00,417.60,3027.60,Wallet,orphan_foreign_key
ORD00077249,CUST0040140,LOC0020,2025-06-01 17:47:12,ThirdPartyDelivery,Completed,,3690.00,0.00,553.50,4243.50,Cash,orphan_foreign_key
ORD00077616,CUST0046454,LOC0012,2025-06-02 12:04:42,Website,Completed,,2540.00,0.00,381.00,2921.00,Online,orphan_foreign_key
ORD00077675,,LOC0005,2025-06-02 13:34:29,Takeaway,Completed,,4090.00,0.00,613.50,4703.50,Cash,missing_value
ORD00077696,CUST0043348,LOC0008,2025-06-02 14:08:33,Dine-in,Completed,PROMO007,10960.00,80.00,1740.80,12620.80,Cash,orphan_foreign_key
ORD00077891,CUST0040629,LOC0023,1970-01-01 15:43:00,ThirdPartyDelivery,Completed,,6900.00,0.00,1035.00,7935.00,Online,invalid_date
ORD00078150,CUST0006943,LOC0001,2025-06-03 17:23:52,Dine-in,Completed,,11005.00,0.00,1650.75,12655.75,Cash,orphan_foreign_key
ORD00078223,CUST5781069,LOC0004,2025-06-03 20:09:35,ThirdPartyDelivery,Completed,,4160.00,0.00,624.00,4784.00,Cash,orphan_foreign_key
ORD00078414,CUST0036104,LOC0019,2025-06-04 13:06:54,ThirdPartyDelivery,Completed,,4770.00,0.00,763.20,5533.20,Online,orphan_foreign_key
ORD00078415,CUST0004167,LOC6353,2025-06-04 13:07:33,App,Completed,,15960.00,0.00,2394.00,18354.00,Cash,invalid_restaurant_id
ORD00078444,CUST0018037,LOC0015,2025-06-04 13:33:55,Website,Completed,,4560.00,0.00,729.60,5289.60,Online,orphan_foreign_key
ORD00078588,CUST0024162,LOC0017,2025-06-04 19:21:00,Dine-in,Completed,,6690.00,0.00,1070.40,7760.40,Card,orphan_foreign_key
ORD00079121,CUST0009366,LOC0012,,App,Completed,,2760.00,0.00,414.00,3174.00,Online,invalid_date
ORD00079158,,LOC0004,2025-06-05 22:33:48,Dine-in,Completed,,2925.00,0.00,438.75,3363.75,Card,missing_value
ORD00079464,,LOC0025,2025-06-06 18:20:14,Dine-in,Completed,,2330.00,0.00,349.50,2679.50,Cash,missing_value
ORD00079539,CUST0052767,LOC0016,2025-06-06 20:05:42,App,Completed,,2180.00,3120.88,348.80,2528.80,Online,discount_exceeds_subtotal
ORD00079837,CUST0042463,LOC0006,2025-06-07 13:45:50,Dine-in,Completed,,8450.00,11169.85,1267.50,9717.50,Cash,discount_exceeds_subtotal
ORD00079965,CUST0010435,LOC0014,,App,Completed,,7110.00,0.00,1066.50,8176.50,Card,invalid_date
ORD00080225,CUST0040928,LOC0009,2025-06-08 12:39:57,App,Completed,,4335.00,10248.73,693.60,5028.60,Online,discount_exceeds_subtotal
ORD00080368,,LOC0015,2025-06-08 15:54:32,Dine-in,Completed,,5490.00,0.00,878.40,6368.40,Cash,missing_value
ORD00080457,CUST0029271,LOC0014,2025-06-08 19:03:45,Dine-in,Completed,PROMO008,2285.00,228.50,308.47,2364.97,Card,orphan_foreign_key
ORD00080467,CUST0042222,LOC3888,2025-06-08 19:11:32,Dine-in,Completed,PROMO007,6480.00,120.00,954.00,7314.00,Cash,invalid_restaurant_id
ORD00080510,CUST0052460,LOC0024,2031-07-22 16:25:00,ThirdPartyDelivery,Completed,,4270.00,0.00,683.20,4953.20,Cash,invalid_date
ORD00080524,CUST7837374,LOC0018,2025-06-08 20:21:57,Takeaway,Completed,,7920.00,0.00,1267.20,9187.20,Cash,orphan_foreign_key
ORD00080562,CUST2719626,LOC0020,2025-06-08 20:57:45,App,Completed,PROMO007,10470.00,122.50,1552.12,11899.62,Online,orphan_foreign_key
ORD00080620,CUST0013375,LOC0018,2025-06-08 21:52:23,App,Completed,,9670.00,0.00,1547.20,11217.20,Card,orphan_foreign_key
ORD00080700,,LOC0015,2025-06-09 01:23:07,Dine-in,Completed,,20720.00,0.00,3315.20,24035.20,Card,missing_value
ORD00080846,,LOC0008,2025-06-09 14:13:20,Dine-in,Completed,,21775.00,0.00,3484.00,25259.00,Cash,missing_value
ORD00080900,,LOC0023,2025-06-09 17:01:19,App,Completed,PROMO007,3140.00,80.00,459.00,3519.00,Wallet,missing_value
ORD00080919,,LOC0023,2025-06-09 17:49:18,ThirdPartyDelivery,Completed,,2400.00,0.00,360.00,2760.00,Online,missing_value
ORD00080939,CUST0006678,LOC0012,2025-06-09 18:40:31,ThirdPartyDelivery,Completed,,5250.00,0.00,787.50,6037.50,Online,orphan_foreign_key
ORD00081052,,LOC0019,2025-06-09 20:54:32,Dine-in,Completed,,4010.00,0.00,641.60,4651.60,Card,missing_value
ORD00081112,CUST7373266,LOC0020,2025-06-09 22:05:39,ThirdPartyDelivery,Completed,PROMO007,2790.00,555.00,335.25,2570.25,Cash,orphan_foreign_key
ORD00081200,CUST0046413,LOC0006,2025-06-10 11:03:38,Dine-in,Completed,,9120.00,22423.53,1368.00,10488.00,Cash,discount_exceeds_subtotal
ORD00081251,CUST0889436,LOC0006,2025-06-10 12:39:55,Takeaway,Completed,,4375.00,0.00,656.25,5031.25,Cash,orphan_foreign_key
ORD00081305,,LOC0013,2025-06-10 13:55:44,ThirdPartyDelivery,Completed,,3990.00,0.00,598.50,4588.50,Cash,missing_value
ORD00081639,CUST0039707,LOC0004,2025-06-11 12:17:24,ThirdPartyDelivery,Completed,,5545.00,0.00,831.75,6376.75,Online,orphan_foreign_key
ORD00081654,CUST0033052,LOC0004,2025-06-11 12:28:11,Dine-in,Completed,,2650.00,3743.57,397.50,3047.50,Card,discount_exceeds_subtotal
ORD00081686,CUST0042805,LOC0023,2025-06-11 13:06:41,Dine-in,Completed,,7200.00,9089.49,1080.00,8280.00,Card,discount_exceeds_subtotal
ORD00082207,,LOC0004,2025-06-12 15:47:18,Website,Completed,PROMO010,6290.00,216.00,911.10,6985.10,Online,missing_value
ORD00082464,CUST0035793,LOC0015,2025-06-12 22:49:35,Takeaway,Completed,PROMO010,4990.00,481.50,721.36,5229.86,Card,orphan_foreign_key
ORD00082553,CUST6647925,LOC0017,2025-06-13 12:25:35,Dine-in,Completed,,3500.00,0.00,560.00,4060.00,Cash,orphan_foreign_key
ORD00082612,CUST0052755,LOC0015,2025-06-13 13:17:17,Dine-in,Completed,,14220.00,0.00,2275.20,16495.20,Card,orphan_foreign_key
ORD00082983,CUST0001535,LOC0011,,Dine-in,Completed,,8950.00,0.00,1432.00,10382.00,Card,invalid_date
ORD00083060,CUST0040140,LOC0020,2025-06-13 23:00:56,ThirdPartyDelivery,Completed,,1480.00,0.00,222.00,1702.00,Online,orphan_foreign_key
ORD00083500,CUST0040974,LOC4781,2025-06-14 19:36:34,ThirdPartyDelivery,Completed,PROMO010,7680.00,576.00,1065.60,8169.60,Online,invalid_restaurant_id
ORD00083567,CUST0021244,LOC9098,2025-06-14 20:31:46,Dine-in,Completed,PROMO007,13585.00,545.00,1956.00,14996.00,Cash,invalid_restaurant_id
ORD00083970,CUST7127959,LOC0003,2025-06-15 14:45:05,App,Completed,,3075.00,0.00,461.25,3536.25,Online,orphan_foreign_key
ORD00084168,,LOC0010,2025-06-15 20:15:08,Dine-in,Completed,,14270.00,0.00,2283.20,16553.20,Cash,missing_value
ORD00084203,,LOC0024,2025-06-15 20:37:46,Takeaway,Completed,,10670.00,0.00,1707.20,12377.20,Card,missing_value
ORD00084434,CUST0052755,LOC0006,2025-06-16 12:52:07,Takeaway,Completed,,4040.00,0.00,606.00,4646.00,Cash,orphan_foreign_key
ORD00084566,CUST0023869,LOC0020,2025-06-16 18:13:39,App,Completed,,7350.00,12022.22,1102.50,8452.50,Cash,discount_exceeds_subtotal
ORD00084582,CUST0011232,LOC0004,2025-06-16 19:00:22,ThirdPartyDelivery,Completed,,9630.00,0.00,1444.50,11074.50,Cash,orphan_foreign_key
ORD00084650,,LOC0023,2025-06-16 20:27:20,Takeaway,Cancelled,,415.00,0.00,62.25,477.25,Wallet,missing_value
ORD00084795,CUST0014550,LOC0017,2025-06-17 11:14:52,App,Completed,,2520.00,0.00,403.20,2923.20,Card,orphan_foreign_key
ORD00084945,CUST0013655,LOC0018,2027-11-05 11:53:00,ThirdPartyDelivery,Completed,,13460.00,0.00,2153.60,15613.60,Cash,invalid_date
ORD00085130,CUST0038626,LOC0018,,Dine-in,Completed,,7790.00,0.00,1246.40,9036.40,Card,invalid_date
ORD00085198,,LOC0014,2025-06-17 22:32:28,Takeaway,Completed,,1650.00,0.00,247.50,1897.50,Cash,missing_value
ORD00085231,CUST0013152,LOC0021,,App,Completed,,3720.00,0.00,558.00,4278.00,Card,invalid_date
ORD00085481,,LOC0013,2025-06-18 18:30:41,Takeaway,Cancelled,,5940.00,0.00,891.00,6831.00,Wallet,missing_value
ORD00086072,,LOC0004,2025-06-20 11:34:53,ThirdPartyDelivery,Completed,,3180.00,0.00,477.00,3657.00,Cash,missing_value
ORD00086559,CUST0012582,LOC0006,2025-06-21 10:34:31,Takeaway,Completed,PROMO009,1780.00,300.00,222.00,1702.00,Card,orphan_foreign_key
ORD00086589,CUST0049563,LOC8733,2025-06-21 12:16:35,App,Completed,,6430.00,0.00,1028.80,7458.80,Wallet,invalid_restaurant_id
ORD00086655,CUST0028661,LOC0021,2025-06-21 13:21:37,ThirdPartyDelivery,Completed,,14100.00,0.00,2115.00,16215.00,Online,orphan_foreign_key
ORD00086736,,LOC0005,2025-06-21 14:50:41,App,Completed,,13030.00,0.00,1954.50,14984.50,Online,missing_value
ORD00086800,CUST0046475,LOC4612,2025-06-21 17:59:57,Takeaway,Completed,,2010.00,0.00,301.50,2311.50,Wallet,invalid_restaurant_id
ORD00086937,CUST0043990,LOC0018,2025-06-21 20:40:28,ThirdPartyDelivery,Completed,,4770.00,0.00,763.20,5533.20,Cash,orphan_foreign_key
ORD00087124,,LOC0015,2025-06-22 10:15:23,Dine-in,Completed,PROMO007,8040.00,202.50,1254.00,9091.50,Cash,missing_value
ORD00087596,CUST0044556,LOC7749,2025-06-22 21:36:50,App,Cancelled,,8540.00,0.00,1281.00,9821.00,Wallet,invalid_restaurant_id
ORD00087683,CUST0018841,LOC0012,2025-06-22 23:18:39,App,Completed,,6460.00,10932.99,969.00,7429.00,Card,discount_exceeds_subtotal
ORD00087704,CUST0033324,LOC0023,2025-06-23 11:01:20,App,Completed,,5280.00,0.00,792.00,6072.00,Online,orphan_foreign_key
ORD00087834,CUST0052543,LOC0008,2025-06-23 16:18:32,App,Completed,,4205.00,0.00,672.80,4877.80,Online,orphan_foreign_key
ORD00087973,,LOC0017,2025-06-23 21:00:01,Dine-in,Completed,,3695.00,0.00,591.20,4286.20,Wallet,missing_value
ORD00088067,CUST0009745,LOC0020,2025-06-23 23:20:00,Takeaway,Completed,,5350.00,0.00,802.50,6152.50,Card,orphan_foreign_key
ORD00088120,CUST0048911,LOC0025,2025-06-24 12:46:16,Dine-in,Completed,,5830.00,0.00,874.50,6704.50,Card,orphan_foreign_key
ORD00088398,CUST4371048,LOC0012,2025-06-24 22:36:57,ThirdPartyDelivery,Completed,,7850.00,0.00,1177.50,9027.50,Online,orphan_foreign_key
ORD00088706,CUST0041564,LOC0013,2025-06-25 20:49:39,Dine-in,Completed,PROMO007,4110.00,345.00,564.75,4329.75,Cash,orphan_foreign_key
ORD00088933,CUST0001753,LOC0018,2025-06-26 14:14:56,Takeaway,Completed,,7600.00,0.00,1216.00,8816.00,Cash,orphan_foreign_key
ORD00089181,CUST0022419,LOC0007,2025-06-26 22:23:53,Takeaway,Completed,,6280.00,0.00,1004.80,7284.80,Cash,orphan_foreign_key
ORD00089285,CUST0008412,LOC0018,2025-06-27 12:57:26,Dine-in,Completed,,36995.00,0.00,5919.20,42914.20,Card,orphan_foreign_key
ORD00089298,CUST5997586,LOC0008,2025-06-27 13:08:44,Dine-in,Completed,PROMO007,7860.00,420.00,1190.40,8630.40,Card,orphan_foreign_key
ORD00089372,CUST0053086,LOC6509,2025-06-27 14:51:19,ThirdPartyDelivery,Completed,PROMO007,105.00,26.25,12.60,91.35,Cash,invalid_restaurant_id
ORD00089410,CUST0046454,LOC0012,2025-06-27 17:10:59,Takeaway,Completed,,4135.00,0.00,620.25,4755.25,Cash,orphan_foreign_key
ORD00089924,CUST8016635,LOC0016,2025-06-28 17:13:10,ThirdPartyDelivery,Completed,,4485.00,0.00,717.60,5202.60,Cash,orphan_foreign_key
ORD00089932,CUST0053473,LOC0013,2025-06-28 17:44:13,App,Completed,,11605.00,0.00,1740.75,13345.75,Card,orphan_foreign_key
ORD00089996,CUST0046817,LOC2321,2025-06-28 19:20:11,Dine-in,Completed,PROMO007,5295.00,78.75,782.44,5998.69,Cash,invalid_restaurant_id
ORD00090076,CUST0051939,LOC0025,1900-01-01 16:22:00,Takeaway,Completed,,3975.00,0.00,596.25,4571.25,Cash,invalid_date
ORD00090106,,LOC0005,2025-06-28 21:14:48,App,Completed,,5230.00,0.00,784.50,6014.50,Card,missing_value
ORD00090126,CUST0017781,LOC9462,2025-06-28 21:30:39,Dine-in,Completed,PROMO007,14645.00,545.00,2256.00,16356.00,Card,invalid_restaurant_id
ORD00090460,CUST0019863,LOC0013,,ThirdPartyDelivery,Completed,PROMO007,2360.00,122.50,335.62,2573.12,Cash,invalid_date
ORD00090475,CUST0040140,LOC0020,2025-06-29 18:43:48,App,Completed,,4740.00,0.00,711.00,5451.00,Card,orphan_foreign_key
ORD00090948,,LOC0017,2025-06-30 18:44:02,Dine-in,Completed,,17995.00,0.00,2879.20,20874.20,Card,missing_value
ORD00091113,CUST0044408,LOC0007,2025-06-30 21:56:46,ThirdPartyDelivery,Completed,PROMO007,320.00,612.14,38.40,278.40,Online,discount_exceeds_subtotal
ORD00091129,CUST7165361,LOC0023,2025-06-30 22:43:39,Takeaway,Completed,PROMO007,2720.00,52.50,400.12,3067.62,Cash,orphan_foreign_key
ORD00091210,,LOC0003,2025-07-01 11:42:05,Website,Completed,,4200.00,0.00,630.00,4830.00,Wallet,missing_value
ORD00091222,CUST0015907,LOC4971,2025-07-01 12:21:18,Takeaway,Completed,,4170.00,0.00,625.50,4795.50,Wallet,invalid_restaurant_id
ORD00091466,CUST0003861,LOC0008,2025-07-01 20:22:48,Dine-in,Completed,,4280.00,8445.72,684.80,4964.80,Cash,discount_exceeds_subtotal
ORD00091650,,LOC0004,2025-07-02 12:21:10,Takeaway,Completed,,2330.00,0.00,349.50,2679.50,Cash,missing_value
ORD00091727,CUST0008289,LOC0018,,Dine-in,Completed,,7730.00,0.00,1236.80,8966.80,Cash,invalid_date
ORD00091741,CUST0040140,LOC0020,2025-07-02 14:20:16,Takeaway,Completed,,7560.00,0.00,1134.00,8694.00,Card,orphan_foreign_key
ORD00091851,CUST0039679,LOC0016,2025-07-02 19:58:27,Dine-in,Completed,PROMO011,20560.00,28213.41,3257.60,23617.60,Cash,discount_exceeds_subtotal
ORD00091937,,LOC0016,2025-07-02 21:45:28,Website,Completed,PROMO011,3090.00,200.00,462.40,3352.40,Online,missing_value
ORD00092033,CUST9790203,LOC0019,2025-07-03 12:01:36,App,Cancelled,,5965.00,0.00,954.40,6919.40,Card,orphan_foreign_key
ORD00092091,CUST0022716,LOC0004,2027-11-05 19:07:00,ThirdPartyDelivery,Completed,,5110.00,0.00,766.50,5876.50,Online,invalid_date
ORD00092154,CUST0013145,LOC0002,2031-07-22 15:04:00,Website,Completed,,765.00,0.00,114.75,879.75,Online,invalid_date
ORD00092233,,LOC0003,2025-07-03 19:06:39,Dine-in,Completed,,3570.00,0.00,535.50,4105.50,Card,missing_value
ORD00092273,CUST6586075,LOC0019,2025-07-03 20:10:23,App,Completed,,8360.00,0.00,1337.60,9697.60,Online,orphan_foreign_key
ORD00092412,,LOC0003,2025-07-03 23:40:25,Website,Completed,PROMO011,8930.00,200.00,1309.50,10039.50,Online,missing_value
ORD00092436,CUST0036458,LOC0014,2025-07-04 10:33:50,Dine-in,Completed,PROMO011,6570.00,9690.81,955.50,7325.50,Cash,discount_exceeds_subtotal
ORD00092481,CUST0041987,LOC0018,2025-07-04 12:26:45,App,Completed,,7815.00,14788.41,1250.40,9065.40,Wallet,discount_exceeds_subtotal
ORD00092722,CUST0011891,LOC0019,,Dine-in,Completed,PROMO011,13480.00,200.00,2124.80,15404.80,Card,invalid_date
ORD00092899,CUST0029628,LOC0004,2025-07-04 21:18:09,Takeaway,Completed,PROMO011,6875.00,200.00,1001.25,7676.25,Card,orphan_foreign_key
ORD00092943,CUST0033842,LOC0017,2025-07-04 21:53:17,ThirdPartyDelivery,Completed,,5170.00,11979.72,827.20,5997.20,Online,discount_exceeds_subtotal
ORD00092970,CUST7158452,LOC0010,2025-07-04 22:26:37,Dine-in,Completed,,5740.00,0.00,918.40,6658.40,Card,orphan_foreign_key
ORD00092988,CUST5525901,LOC0020,2025-07-04 22:53:21,Dine-in,Completed,,4590.00,0.00,688.50,5278.50,Card,orphan_foreign_key
ORD00093018,CUST0037948,LOC0023,,Takeaway,Completed,,14080.00,0.00,2112.00,16192.00,Wallet,invalid_date
ORD00093037,CUST0034942,LOC0003,,Dine-in,Completed,,8880.00,0.00,1332.00,10212.00,Card,invalid_date
ORD00093106,CUST0001753,LOC0018,2025-07-05 12:37:47,Dine-in,Completed,,4650.00,0.00,744.00,5394.00,Card,orphan_foreign_key
ORD00093191,CUST0027573,LOC0013,2025-07-05 13:53:38,Takeaway,Completed,,3540.00,0.00,531.00,4071.00,Cash,orphan_foreign_key
ORD00093352,CUST0017819,LOC0016,2025-07-05 19:06:06,ThirdPartyDelivery,Completed,,2160.00,3887.80,345.60,2505.60,Cash,discount_exceeds_subtotal
ORD00093495,CUST0049548,LOC0001,2027-11-05 19:07:00,ThirdPartyDelivery,Completed,,8225.00,0.00,1233.75,9458.75,Online,invalid_date
ORD00093587,CUST0017220,LOC0018,2025-07-05 22:59:36,App,Completed,,1555.00,0.00,248.80,1803.80,Online,orphan_foreign_key
ORD00093759,,LOC0015,2025-07-06 14:13:29,ThirdPartyDelivery,Completed,,6330.00,0.00,1012.80,7342.80,Online,missing_value
ORD00093960,CUST0040771,LOC0008,1900-01-01 12:24:00,Dine-in,Completed,,10750.00,0.00,1720.00,12470.00,Card,invalid_date
ORD00094064,CUST0019479,LOC0002,2025-07-06 22:15:29,Dine-in,Completed,,13710.00,27787.85,2056.50,15766.50,Wallet,discount_exceeds_subtotal
ORD00094140,CUST5345475,LOC0017,2025-07-07 00:34:11,Dine-in,Completed,,7640.00,0.00,1222.40,8862.40,Card,orphan_foreign_key
ORD00094159,,LOC0025,2025-07-07 11:23:15,App,Completed,PROMO009,2010.00,299.99,256.50,1966.51,Wallet,missing_value
ORD00094323,CUST0023722,LOC4090,2025-07-07 17:24:15,Dine-in,Completed,,9695.00,0.00,1551.20,11246.20,Cash,invalid_restaurant_id
ORD00094404,CUST0019174,LOC0005,2025-07-07 20:20:35,Dine-in,Completed,,8680.00,15600.69,1302.00,9982.00,Card,discount_exceeds_subtotal
ORD00094462,CUST0006001,LOC0024,,Takeaway,Completed,,10270.00,0.00,1643.20,11913.20,Cash,invalid_date
ORD00094641,,LOC0017,2025-07-08 13:43:03,App,Completed,,4870.00,0.00,779.20,5649.20,Cash,missing_value
ORD00094726,CUST2626187,LOC0005,2025-07-08 18:13:38,ThirdPartyDelivery,Cancelled,,885.00,0.00,132.75,1017.75,Online,orphan_foreign_key
ORD00094797,CUST0030094,LOC0018,2025-07-08 20:26:15,Dine-in,Completed,PROMO011,3230.00,200.00,484.80,3514.80,Card,orphan_foreign_key
ORD00094829,CUST0043183,LOC0018,2025-07-08 21:06:44,Dine-in,Completed,,10820.00,0.00,1731.20,12551.20,Card,orphan_foreign_key
ORD00095223,CUST0012143,LOC0014,,Takeaway,Completed,PROMO011,7160.00,200.00,1044.00,8004.00,Cash,invalid_date
ORD00095360,CUST0020650,LOC0013,2025-07-10 13:01:43,ThirdPartyDelivery,Completed,,2580.00,0.00,387.00,2967.00,Cash,orphan_foreign_key
ORD00095648,CUST0010545,LOC0010,2025-07-10 21:22:38,Website,Completed,,6805.00,14543.93,1088.80,7893.80,Online,discount_exceeds_subtotal
ORD00095670,CUST0006943,LOC0001,2025-07-10 21:45:52,Takeaway,Completed,,10085.00,0.00,1512.75,11597.75,Cash,orphan_foreign_key
ORD00095701,CUST0001653,LOC0017,2025-07-10 22:27:37,Dine-in,Completed,,5570.00,0.00,891.20,6461.20,Card,orphan_foreign_key
ORD00095950,CUST0012285,LOC0018,2025-07-11 14:44:12,Takeaway,Completed,PROMO011,3395.00,4955.65,511.20,3706.20,Wallet,discount_exceeds_subtotal
ORD00096416,CUST0043316,LOC0008,2025-07-12 12:47:15,Dine-in,Completed,,3530.00,8182.97,564.80,4094.80,Cash,discount_exceeds_subtotal
ORD00096614,,LOC0016,2025-07-12 18:03:13,Takeaway,Completed,,5470.00,0.00,875.20,6345.20,Card,missing_value
ORD00096881,CUST0034998,LOC0018,,Dine-in,Completed,,2740.00,0.00,438.40,3178.40,Wallet,invalid_date
ORD00096927,,LOC0016,2025-07-13 00:42:50,Dine-in,Completed,,4370.00,0.00,699.20,5069.20,Cash,missing_value
ORD00096966,CUST0030365,LOC0001,2025-07-13 12:00:35,Takeaway,Completed,,6250.00,0.00,937.50,7187.50,Card,orphan_foreign_key
ORD00096974,CUST0018689,LOC0005,2025-07-13 12:09:10,Dine-in,Completed,,3545.00,5767.80,531.75,4076.75,Cash,discount_exceeds_subtotal
ORD00097296,CUST0047251,LOC0016,2025-07-13 20:03:19,App,Completed,,2100.00,3816.82,336.00,2436.00,Online,discount_exceeds_subtotal
ORD00097310,CUST0041852,LOC0013,2025-07-13 20:12:41,App,Completed,PROMO011,9425.00,200.00,1383.75,10608.75,Online,orphan_foreign_key
ORD00097812,CUST0044760,LOC0014,2025-07-14 21:13:40,App,Completed,PROMO011,7865.00,9288.49,1149.75,8814.75,Wallet,discount_exceeds_subtotal
ORD00097941,CUST4968528,LOC0007,2025-07-15 12:01:52,Dine-in,Completed,,6210.00,0.00,993.60,7203.60,Card,orphan_foreign_key
ORD00098066,CUST0832594,LOC0024,2025-07-15 15:35:11,Takeaway,Completed,,1210.00,0.00,193.60,1403.60,Card,orphan_foreign_key
ORD00098134,CUST0013506,LOC0011,,App,Completed,PROMO011,2270.00,200.00,331.20,2401.20,Card,invalid_date
ORD00098346,CUST0006116,LOC0008,,Takeaway,Completed,,6270.00,0.00,1003.20,7273.20,Card,invalid_date
ORD00098577,,LOC0013,2025-07-16 21:37:14,Takeaway,Completed,,870.00,0.00,130.50,1000.50,Card,missing_value
ORD00098632,,LOC0019,2025-07-16 23:04:56,App,Completed,,2095.00,0.00,335.20,2430.20,Wallet,missing_value
ORD00098770,CUST0048129,LOC0005,2025-07-17 14:27:16,Takeaway,Completed,PROMO011,3810.00,9412.28,541.50,4151.50,Card,discount_exceeds_subtotal
ORD00098886,,LOC0022,2025-07-17 19:32:41,App,Completed,,2100.00,0.00,315.00,2415.00,Online,missing_value
ORD00098931,,LOC0017,2025-07-17 20:16:36,ThirdPartyDelivery,Completed,,7290.00,0.00,1166.40,8456.40,Online,missing_value
ORD00099160,CUST0047399,LOC0019,1970-01-01 12:51:00,Dine-in,Completed,,4810.00,0.00,769.60,5579.60,Cash,invalid_date
ORD00099240,CUST0034932,LOC7651,2025-07-18 13:56:08,ThirdPartyDelivery,Completed,,5930.00,0.00,889.50,6819.50,Online,invalid_restaurant_id
ORD00099274,CUST0022176,LOC0003,2099-12-31 15:32:00,Takeaway,Completed,,3450.00,0.00,517.50,3967.50,Card,invalid_date
ORD00099362,CUST0017194,LOC0004,2025-07-18 18:52:33,Takeaway,Completed,,1735.00,0.00,260.25,1995.25,Cash,orphan_foreign_key
ORD00099776,,LOC0018,2025-07-19 13:56:00,App,Completed,,5930.00,0.00,948.80,6878.80,Online,missing_value
ORD00099809,,LOC0019,2025-07-19 14:39:24,Dine-in,Completed,PROMO011,4910.00,199.99,753.60,5463.61,Wallet,missing_value
ORD00099939,CUST0002407,LOC0019,2025-07-19 19:25:45,ThirdPartyDelivery,Cancelled,,2000.00,0.00,320.00,2320.00,Online,orphan_foreign_key
ORD00099963,,LOC0009,2025-07-19 19:49:09,Dine-in,Completed,,33495.00,0.00,5359.20,38854.20,Card,missing_value
ORD00100012,,LOC0009,2025-07-19 20:40:38,App,Completed,,7650.00,0.00,1224.00,8874.00,Card,missing_value
ORD00100244,CUST0004208,LOC0024,2025-07-20 11:39:50,Dine-in,Completed,PROMO009,6350.00,10933.48,968.00,7018.00,Card,discount_exceeds_subtotal
ORD00100291,,LOC0002,2025-07-20 12:53:52,Dine-in,Completed,,5545.00,0.00,831.75,6376.75,Cash,missing_value
ORD00100334,CUST0038631,LOC0016,2025-07-20 13:40:19,Dine-in,Completed,,6195.00,15234.29,991.20,7186.20,Cash,discount_exceeds_subtotal
ORD00100428,CUST0002237,LOC0025,2025-07-20 16:40:58,Takeaway,Completed,,3340.00,0.00,501.00,3841.00,Cash,orphan_foreign_key
ORD00100717,CUST0037767,LOC0023,,Takeaway,Completed,,5650.00,0.00,847.50,6497.50,Cash,invalid_date
ORD00100744,CUST0024663,LOC0010,2025-07-20 23:54:12,Takeaway,Completed,,13300.00,29482.89,2128.00,15428.00,Cash,discount_exceeds_subtotal
ORD00100871,CUST0040233,LOC0015,2025-07-21 14:14:02,ThirdPartyDelivery,Completed,,7770.00,0.00,1243.20,9013.20,Cash,orphan_foreign_key
ORD00100892,CUST0000754,LOC0010,2025-07-21 14:57:23,Dine-in,Completed,,11330.00,21554.70,1812.80,13142.80,Card,discount_exceeds_subtotal
ORD00100992,CUST0018409,LOC0014,2025-07-21 19:25:00,Dine-in,Completed,,5790.00,0.00,868.50,6658.50,Cash,orphan_foreign_key
ORD00101441,CUST0052754,LOC0020,2025-07-22 21:02:25,App,Completed,,4470.00,0.00,670.50,5140.50,Online,orphan_foreign_key
ORD00101821,CUST0023855,LOC0017,2025-07-23 20:55:55,Dine-in,Completed,,2780.00,0.00,444.80,3224.80,Cash,orphan_foreign_key
ORD00102186,CUST0029402,LOC0018,2025-07-24 20:13:17,Takeaway,Completed,PROMO011,3720.00,200.00,563.20,4083.20,Card,orphan_foreign_key
ORD00102417,CUST0029890,LOC0012,2025-07-25 13:30:32,App,Completed,PROMO011,2800.00,5682.97,390.00,2990.00,Online,discount_exceeds_subtotal
ORD00102532,CUST0022419,LOC0002,2025-07-25 17:32:34,Takeaway,Completed,,3750.00,0.00,562.50,4312.50,Cash,orphan_foreign_key
ORD00102731,CUST0005463,LOC0011,2025-07-25 21:31:45,Dine-in,Completed,,5350.00,12893.25,856.00,6206.00,Cash,discount_exceeds_subtotal
ORD00102804,CUST0039397,LOC0014,2031-07-22 20:36:00,Dine-in,Completed,PROMO011,9415.00,200.00,1382.25,10597.25,Cash,invalid_date
ORD00102886,CUST1431968,LOC0008,2025-07-26 12:33:04,ThirdPartyDelivery,Completed,,3410.00,0.00,545.60,3955.60,Online,orphan_foreign_key
ORD00102925,CUST0019919,LOC6877,2025-07-26 13:19:21,Takeaway,Completed,,4380.00,0.00,657.00,5037.00,Cash,invalid_restaurant_id
ORD00103160,CUST0015359,LOC0017,2025-07-26 19:41:27,ThirdPartyDelivery,Completed,,11090.00,0.00,1774.40,12864.40,Cash,orphan_foreign_key
ORD00103169,CUST0037293,LOC8403,2025-07-26 19:57:30,Dine-in,Completed,,6190.00,0.00,928.50,7118.50,Wallet,invalid_restaurant_id
ORD00103742,CUST0002203,LOC0018,,App,Completed,PROMO011,4510.00,200.00,689.60,4999.60,Wallet,invalid_date
ORD00103785,,LOC0019,2025-07-27 20:48:31,Website,Completed,PROMO011,7080.00,200.00,1100.80,7980.80,Online,missing_value
ORD00104011,,LOC0012,2025-07-28 12:54:06,Takeaway,Completed,,265.00,0.00,39.75,304.75,Cash,missing_value
ORD00104022,CUST0037240,LOC0025,,Dine-in,Completed,,7080.00,0.00,1062.00,8142.00,Cash,invalid_date
ORD00104333,CUST0036377,LOC0020,2025-07-29 00:54:55,Dine-in,Completed,,8940.00,0.00,1341.00,10281.00,Card,orphan_foreign_key
ORD00104965,CUST0030338,LOC0854,2025-07-30 20:52:51,Takeaway,Completed,,2890.00,0.00,433.50,3323.50,Cash,invalid_restaurant_id
ORD00105443,CUST0019181,LOC0008,2025-07-31 23:43:30,Dine-in,Completed,,4785.00,0.00,765.60,5550.60,Card,orphan_foreign_key
ORD00105525,CUST4073525,LOC0002,2025-08-01 12:18:40,ThirdPartyDelivery,Completed,,4295.00,0.00,644.25,4939.25,Online,orphan_foreign_key
ORD00105570,CUST0037318,LOC6538,2025-08-01 12:52:03,Website,Completed,,9720.00,0.00,1458.00,11178.00,Online,invalid_restaurant_id
ORD00105589,CUST0028049,LOC7471,2025-08-01 13:02:46,Dine-in,Completed,,3950.00,0.00,592.50,4542.50,Cash,invalid_restaurant_id
ORD00105615,CUST0011341,LOC0017,2025-08-01 13:18:41,App,Completed,,3050.00,0.00,488.00,3538.00,Wallet,orphan_foreign_key
ORD00105622,CUST0016192,LOC0021,,ThirdPartyDelivery,Completed,,4230.00,0.00,634.50,4864.50,Online,invalid_date
ORD00105696,,LOC0007,2025-08-01 13:58:55,App,Completed,,4760.00,0.00,761.60,5521.60,Card,missing_value
ORD00105892,CUST0040711,LOC0011,2025-08-01 19:02:59,App,Completed,,1320.00,0.00,211.20,1531.20,Online,orphan_foreign_key
ORD00105900,,LOC0014,2025-08-01 19:07:07,Website,Completed,,6190.00,0.00,928.50,7118.50,Card,missing_value
ORD00105913,CUST0024895,LOC0013,2025-08-01 19:13:00,Takeaway,Completed,,6800.00,0.00,1020.00,7820.00,Cash,orphan_foreign_key
ORD00105957,,LOC0018,2025-08-01 19:52:08,ThirdPartyDelivery,Completed,PROMO012,22185.00,9110.00,2092.00,15167.00,Online,missing_value
ORD00106038,CUST0022419,LOC0006,2025-08-01 20:39:54,Dine-in,Completed,,12760.00,0.00,1914.00,14674.00,Cash,orphan_foreign_key
ORD00106078,CUST0016761,LOC0015,2025-08-01 21:08:32,App,Completed,,4960.00,8794.68,793.60,5753.60,Online,discount_exceeds_subtotal
ORD00106218,CUST0009222,LOC0006,2025-08-01 22:46:40,Takeaway,Completed,,4965.00,0.00,744.75,5709.75,Cash,orphan_foreign_key
ORD00106219,CUST0012745,LOC0025,2025-08-01 22:47:16,Takeaway,Completed,PROMO012,5250.00,9542.71,448.50,3438.50,Cash,discount_exceeds_subtotal
ORD00106473,CUST0008412,LOC0018,2025-08-02 13:21:48,Dine-in,Completed,,4170.00,0.00,667.20,4837.20,Card,orphan_foreign_key
ORD00106692,,LOC0002,2025-08-02 18:13:33,Dine-in,Completed,,9350.00,0.00,1402.50,10752.50,Card,missing_value
ORD00106817,,LOC0007,2025-08-02 19:55:42,Dine-in,Completed,PROMO012,18420.00,5640.00,2044.80,14824.80,Cash,missing_value
ORD00106922,CUST0020875,LOC0019,2025-08-02 20:56:17,Website,Completed,,10940.00,0.00,1750.40,12690.40,Online,orphan_foreign_key
ORD00107070,CUST0039662,LOC0011,1900-01-01 12:37:00,ThirdPartyDelivery,Completed,,3090.00,0.00,494.40,3584.40,Online,invalid_date
ORD00107322,CUST0034752,LOC0003,2025-08-03 13:09:58,ThirdPartyDelivery,Completed,PROMO012,13635.00,5860.00,1166.25,8941.25,Cash,orphan_foreign_key
ORD00107445,CUST0001082,LOC0016,2025-08-03 14:51:33,Website,Completed,,5005.00,11175.35,800.80,5805.80,Online,discount_exceeds_subtotal
ORD00107501,,LOC0012,2025-08-03 16:47:30,Dine-in,Completed,,5780.00,0.00,867.00,6647.00,Cash,missing_value
ORD00107593,,LOC0008,2025-08-03 19:06:28,App,Completed,,7370.00,0.00,1179.20,8549.20,Online,missing_value
ORD00107849,CUST0033908,LOC0011,2027-11-05 18:51:00,Dine-in,Completed,PROMO012,12000.00,3890.00,1297.60,9407.60,Cash,invalid_date
ORD00108048,CUST0048942,LOC0012,2025-08-04 13:19:56,App,Completed,PROMO012,14170.00,29865.91,1495.50,11465.50,Card,discount_exceeds_subtotal
ORD00108279,CUST0004525,LOC5574,2025-08-04 19:53:53,App,Completed,,9730.00,0.00,1556.80,11286.80,Online,invalid_restaurant_id
ORD00108521,CUST7584492,LOC0014,2025-08-05 11:16:28,Dine-in,Completed,PROMO012,6230.00,2920.00,496.50,3806.50,Card,orphan_foreign_key
ORD00108523,CUST0020883,LOC0010,2025-08-05 11:17:48,Dine-in,Completed,PROMO012,21610.00,6740.00,2379.20,17249.20,Wallet,orphan_foreign_key
ORD00108686,CUST0015293,LOC0003,2025-08-05 14:50:04,Takeaway,Completed,,7110.00,9603.98,1066.50,8176.50,Cash,discount_exceeds_subtotal
ORD00108801,CUST0054387,LOC0017,2025-08-05 19:14:13,App,Completed,,7410.00,8551.90,1185.60,8595.60,Card,discount_exceeds_subtotal
ORD00108855,CUST0040711,LOC0011,2025-08-05 20:29:53,ThirdPartyDelivery,Completed,,3705.00,0.00,592.80,4297.80,Cash,orphan_foreign_key
ORD00108907,,LOC0011,2025-08-05 21:09:47,Dine-in,Completed,,7340.00,0.00,1174.40,8514.40,Card,missing_value
ORD00109050,CUST0008134,LOC0008,2025-08-06 00:59:28,ThirdPartyDelivery,Completed,,3150.00,0.00,504.00,3654.00,Online,orphan_foreign_key
ORD00109116,CUST0026528,LOC0491,2025-08-06 12:34:53,Dine-in,Completed,,11600.00,0.00,1740.00,13340.00,Wallet,invalid_restaurant_id
ORD00109452,CUST0008412,LOC0018,2025-08-06 20:56:11,Dine-in,Completed,,10145.00,0.00,1623.20,11768.20,Card,orphan_foreign_key
ORD00109787,,LOC0012,2025-08-07 14:22:46,ThirdPartyDelivery,Completed,,3440.00,0.00,516.00,3956.00,Online,missing_value
ORD00109907,CUST0048272,LOC0003,2025-08-07 19:07:40,ThirdPartyDelivery,Completed,,10505.00,0.00,1575.75,12080.75,Cash,orphan_foreign_key
ORD00110106,CUST0031486,LOC0019,2025-08-07 22:13:46,ThirdPartyDelivery,Completed,PROMO012,11970.00,4750.00,1155.20,8375.20,Online,orphan_foreign_key
ORD00110282,CUST0032963,LOC0012,2025-08-08 12:58:40,App,Completed,,3295.00,0.00,494.25,3789.25,Online,orphan_foreign_key
ORD00110306,,LOC0016,2025-08-08 13:11:07,Website,Completed,PROMO012,14400.00,3180.00,1795.20,13015.20,Online,missing_value
ORD00110677,CUST5640549,LOC0001,2025-08-08 20:05:54,Dine-in,Completed,PROMO012,6380.00,1720.00,699.00,5359.00,Cash,orphan_foreign_key
ORD00110736,,LOC0003,2025-08-08 20:41:09,App,Completed,,19515.00,0.00,2927.25,22442.25,Online,missing_value
ORD00110822,CUST0005395,LOC0002,2025-08-08 21:39:02,Dine-in,Completed,,5160.00,12226.90,774.00,5934.00,Cash,discount_exceeds_subtotal
ORD00111215,CUST0027573,LOC0013,2025-08-09 14:18:25,Takeaway,Completed,,12140.00,0.00,1821.00,13961.00,Card,orphan_foreign_key
ORD00111218,CUST0043001,LOC0002,2025-08-09 14:20:07,Dine-in,Completed,,15200.00,30825.52,2280.00,17480.00,Cash,discount_exceeds_subtotal
ORD00111416,CUST0030738,LOC0023,2027-11-05 14:57:00,Dine-in,Completed,PROMO012,6240.00,680.00,834.00,6394.00,Cash,invalid_date
ORD00111569,CUST4475132,LOC0013,2025-08-09 20:29:12,ThirdPartyDelivery,Completed,PROMO012,6590.00,2210.00,657.00,5037.00,Online,orphan_foreign_key
ORD00111725,CUST0009014,LOC0017,,ThirdPartyDelivery,Completed,PROMO012,4760.00,1720.00,486.40,3526.40,Online,invalid_date
ORD00112072,,LOC0008,2025-08-10 14:11:02,App,Completed,PROMO012,4210.00,1530.00,428.80,3108.80,Online,missing_value
ORD00112273,,LOC0008,2025-08-10 19:11:26,Takeaway,Completed,,4400.00,0.00,704.00,5104.00,Cash,missing_value
ORD00112414,CUST0010334,LOC0010,2025-08-10 20:38:53,Dine-in,Completed,,6060.00,10070.71,969.60,7029.60,Card,discount_exceeds_subtotal
ORD00112462,,LOC0004,2025-08-10 21:10:50,App,Cancelled,,5040.00,0.00,756.00,5796.00,Card,missing_value
ORD00112582,CUST0053963,LOC0023,2025-08-10 22:19:02,App,Completed,PROMO012,8165.00,1460.00,1005.75,7710.75,Online,orphan_foreign_key
ORD00112639,,LOC0012,2025-08-10 23:28:19,Takeaway,Completed,PROMO012,3240.00,1460.00,267.00,2047.00,Wallet,missing_value
ORD00112774,CUST0032963,LOC0008,2025-08-11 13:09:30,ThirdPartyDelivery,Completed,,1650.00,0.00,264.00,1914.00,Online,orphan_foreign_key
ORD00112777,CUST0018373,LOC0017,2025-08-11 13:10:34,ThirdPartyDelivery,Cancelled,PROMO012,8860.00,2210.00,1064.00,7714.00,Cash,orphan_foreign_key
ORD00113417,CUST0038028,LOC9876,2025-08-12 13:43:09,App,Completed,,9590.00,0.00,1438.50,11028.50,Cash,invalid_restaurant_id
ORD00113512,,LOC0019,2025-08-12 15:57:13,Dine-in,Completed,PROMO013,8465.00,1185.10,1164.78,8444.68,Card,missing_value
ORD00113786,CUST2225078,LOC0004,2025-08-12 21:20:17,App,Completed,,1600.00,0.00,240.00,1840.00,Online,orphan_foreign_key
ORD00114164,CUST0009667,LOC7960,2025-08-13 14:22:39,App,Completed,,1070.00,0.00,160.50,1230.50,Online,invalid_restaurant_id
ORD00114166,CUST9613110,LOC0001,2025-08-13 14:23:48,Website,Completed,,9145.00,0.00,1371.75,10516.75,Card,orphan_foreign_key
ORD00114498,CUST0045230,LOC0020,2025-08-13 21:40:51,Takeaway,Completed,,7340.00,0.00,1101.00,8441.00,Cash,orphan_foreign_key
ORD00114675,CUST0014065,LOC0015,,Dine-in,Completed,PROMO013,5855.00,819.70,805.65,5840.95,Cash,invalid_date
ORD00114712,CUST0037676,LOC0011,2099-12-31 15:37:00,Dine-in,Completed,,3600.00,0.00,576.00,4176.00,Wallet,invalid_date
ORD00114724,CUST0053608,LOC0004,2025-08-14 12:23:46,Dine-in,Completed,,10450.00,24346.25,1567.50,12017.50,Card,discount_exceeds_subtotal
ORD00114988,CUST4184116,LOC0018,2025-08-14 14:47:14,Dine-in,Completed,,8870.00,0.00,1419.20,10289.20,Card,orphan_foreign_key
ORD00115007,CUST0021091,LOC0007,2025-08-14 15:01:36,Dine-in,Completed,,980.00,0.00,156.80,1136.80,Cash,orphan_foreign_key
ORD00115031,CUST0017895,LOC0015,2025-08-14 15:31:54,Dine-in,Completed,,4850.00,7951.47,776.00,5626.00,Cash,discount_exceeds_subtotal
ORD00115307,,LOC0009,2025-08-14 19:49:32,App,Completed,PROMO012,10105.00,3320.00,1085.60,7870.60,Online,missing_value
ORD00115398,CUST0038915,LOC7717,2025-08-14 20:32:14,Dine-in,Completed,PROMO012,7250.00,1460.00,868.50,6658.50,Card,invalid_restaurant_id
ORD00115668,CUST0047334,LOC0005,2027-11-05 17:16:00,App,Completed,PROMO012,6730.00,2990.00,561.00,4301.00,Wallet,invalid_date
ORD00115675,CUST0045856,LOC0013,2025-08-14 22:56:39,ThirdPartyDelivery,Completed,PROMO012,15480.00,6630.00,1327.50,10177.50,Online,orphan_foreign_key
ORD00115759,CUST0018037,LOC0015,2025-08-15 10:58:07,Website,Completed,,3210.00,0.00,513.60,3723.60,Online,orphan_foreign_key
ORD00115814,CUST0034444,LOC0020,,App,Completed,,6170.00,0.00,925.50,7095.50,Online,invalid_date
ORD00115851,,LOC0014,2025-08-15 12:42:20,Dine-in,Completed,,11120.00,0.00,1668.00,12788.00,Cash,missing_value
ORD00115937,CUST0047571,LOC4330,2025-08-15 13:19:09,App,Completed,,3690.00,0.00,553.50,4243.50,Online,invalid_restaurant_id
ORD00116006,CUST0035707,LOC0022,1970-01-01 17:23:00,Takeaway,Completed,,7305.00,0.00,1095.75,8400.75,Cash,invalid_date
ORD00116418,CUST0000223,LOC0013,2025-08-15 20:27:25,App,Completed,,3650.00,0.00,547.50,4197.50,Online,orphan_foreign_key
ORD00116478,,LOC0016,2025-08-15 20:55:02,Dine-in,Completed,,9870.00,0.00,1579.20,11449.20,Cash,missing_value
ORD00116577,CUST0006945,LOC0020,2025-08-15 21:46:00,Dine-in,Completed,,18065.00,0.00,2709.75,20774.75,Card,orphan_foreign_key
ORD00116699,CUST0041740,LOC0014,2025-08-15 23:06:56,App,Completed,PROMO013,2355.00,329.70,303.79,2329.09,Online,orphan_foreign_key
ORD00116700,CUST0019230,LOC0023,2025-08-15 23:10:11,ThirdPartyDelivery,Completed,,3950.00,0.00,592.50,4542.50,Online,orphan_foreign_key
ORD00116960,,LOC0023,2025-08-16 13:19:38,App,Completed,PROMO012,10680.00,1930.00,1312.50,10062.50,Card,missing_value
ORD00117208,CUST0030170,LOC0005,2031-07-22 19:26:00,Dine-in,Completed,,4935.00,0.00,740.25,5675.25,Card,invalid_date
ORD00117659,CUST0010343,LOC0004,1900-01-01 14:07:00,Dine-in,Completed,,7220.00,0.00,1083.00,8303.00,Cash,invalid_date
ORD00117784,CUST0035079,LOC9826,2025-08-17 00:20:01,App,Completed,,6730.00,0.00,1009.50,7739.50,Wallet,invalid_restaurant_id
ORD00117803,CUST6785885,LOC0002,2025-08-17 01:55:20,Dine-in,Completed,,9060.00,0.00,1359.00,10419.00,Card,orphan_foreign_key
ORD00117900,CUST0018595,LOC0018,2025-08-17 12:49:11,Takeaway,Completed,,1440.00,1827.01,230.40,1670.40,Cash,discount_exceeds_subtotal
ORD00117933,CUST0038665,LOC0008,,ThirdPartyDelivery,Completed,,5440.00,0.00,870.40,6310.40,Online,invalid_date
ORD00118080,CUST0036765,LOC0023,2025-08-17 16:05:11,ThirdPartyDelivery,Completed,,5960.00,0.00,894.00,6854.00,Online,orphan_foreign_key
ORD00118352,CUST0020641,LOC0005,2025-08-17 20:59:03,Dine-in,Completed,,8390.00,0.00,1258.50,9648.50,Card,orphan_foreign_key
ORD00118360,,LOC0025,2025-08-17 21:03:09,App,Completed,,2360.00,0.00,354.00,2714.00,Online,missing_value
ORD00118418,CUST4966777,LOC0016,2025-08-17 21:40:28,Website,Completed,,1360.00,0.00,217.60,1577.60,Card,orphan_foreign_key
ORD00118583,CUST0052500,LOC0017,2025-08-18 12:17:17,Dine-in,Completed,,9120.00,20038.94,1459.20,10579.20,Cash,discount_exceeds_subtotal
ORD00118638,,LOC0013,2025-08-18 13:18:55,ThirdPartyDelivery,Completed,,6815.00,0.00,1022.25,7837.25,Cash,missing_value
ORD00118641,CUST0040237,LOC1394,2025-08-18 13:21:43,Takeaway,Completed,,3520.00,0.00,563.20,4083.20,Cash,invalid_restaurant_id
ORD00118679,,LOC0006,2025-08-18 13:56:49,Dine-in,Cancelled,,16730.00,0.00,2509.50,19239.50,Card,missing_value
ORD00118746,,LOC0006,2025-08-18 15:47:22,Takeaway,Completed,PROMO012,11960.00,3160.00,1320.00,10120.00,Cash,missing_value
ORD00118794,CUST0043043,LOC0004,2025-08-18 18:22:29,ThirdPartyDelivery,Completed,,2850.00,0.00,427.50,3277.50,Cash,orphan_foreign_key
ORD00118841,CUST0041037,LOC0024,,Dine-in,Completed,PROMO009,5970.00,300.00,907.20,6577.20,Card,invalid_date
ORD00118846,,LOC0018,2025-08-18 19:24:54,Dine-in,Completed,PROMO012,7230.00,2370.00,777.60,5637.60,Card,missing_value
ORD00118950,,LOC0004,2025-08-18 21:03:59,App,Completed,,5690.00,0.00,853.50,6543.50,Card,missing_value
ORD00118969,CUST0050825,LOC0020,2025-08-18 21:19:50,ThirdPartyDelivery,Completed,,2910.00,0.00,436.50,3346.50,Cash,orphan_foreign_key
ORD00119157,CUST0021334,LOC2959,2025-08-19 13:22:32,ThirdPartyDelivery,Completed,,5780.00,0.00,924.80,6704.80,Online,invalid_restaurant_id
ORD00119224,CUST0026953,LOC0005,2025-08-19 14:28:36,App,Completed,,12330.00,0.00,1849.50,14179.50,Card,orphan_foreign_key
ORD00119274,,LOC0019,2025-08-19 16:45:11,App,Cancelled,,4500.00,0.00,720.00,5220.00,Online,missing_value
ORD00119325,CUST0033022,LOC0023,2025-08-19 18:43:18,Dine-in,Completed,,4580.00,6678.41,687.00,5267.00,Cash,discount_exceeds_subtotal
ORD00119347,CUST0018272,LOC0004,,ThirdPartyDelivery,Completed,,1060.00,0.00,159.00,1219.00,Cash,invalid_date
ORD00119428,,LOC0018,2025-08-19 20:15:56,Dine-in,Completed,,7600.00,0.00,1216.00,8816.00,Card,missing_value
ORD00119693,CUST0014168,LOC0002,,Takeaway,Completed,PROMO012,12620.00,4150.00,1270.50,9740.50,Cash,invalid_date
ORD00119803,CUST0011563,LOC0006,1970-01-01 19:45:00,Dine-in,Completed,PROMO012,9960.00,900.00,1359.00,10419.00,Card,invalid_date
ORD00119954,CUST0020086,LOC0001,2025-08-20 20:16:37,Website,Completed,PROMO012,10230.00,24158.83,987.00,7567.00,Card,discount_exceeds_subtotal
ORD00120045,,LOC0007,2025-08-20 21:40:29,App,Completed,PROMO012,9990.00,2740.00,1160.00,8410.00,Wallet,missing_value
ORD00120282,CUST0001334,LOC0008,2025-08-21 13:43:12,Dine-in,Completed,PROMO012,14840.00,24133.76,1660.80,12040.80,Cash,discount_exceeds_subtotal
ORD00120361,CUST0051580,LOC0012,2025-08-21 14:57:12,App,Completed,,6090.00,7633.65,913.50,7003.50,Online,discount_exceeds_subtotal
ORD00120741,,LOC0011,2025-08-21 23:36:07,Website,Completed,,8320.00,0.00,1331.20,9651.20,Card,missing_value
ORD00120742,CUST0034152,LOC0019,1970-01-01 10:22:00,ThirdPartyDelivery,Completed,,2635.00,0.00,421.60,3056.60,Cash,invalid_date
ORD00120862,CUST0039265,LOC0001,,Dine-in,Completed,,3630.00,0.00,544.50,4174.50,Cash,invalid_date
ORD00120899,CUST1896056,LOC0002,2025-08-22 13:02:20,App,Completed,,5020.00,0.00,753.00,5773.00,Card,orphan_foreign_key
ORD00120959,,LOC0007,2025-08-22 13:40:58,App,Completed,,2485.00,0.00,397.60,2882.60,Online,missing_value
ORD00121153,,LOC0016,2025-08-22 18:01:10,ThirdPartyDelivery,Completed,,8030.00,0.00,1284.80,9314.80,Online,missing_value
ORD00121203,CUST0022446,LOC0015,2025-08-22 19:06:36,Dine-in,Completed,,5760.00,0.00,921.60,6681.60,Cash,orphan_foreign_key
ORD00121218,CUST0001019,LOC0004,,Dine-in,Completed,,8870.00,0.00,1330.50,10200.50,Card,invalid_date
ORD00121489,CUST0005274,LOC0003,2025-08-22 22:11:36,ThirdPartyDelivery,Completed,,8810.00,0.00,1321.50,10131.50,Cash,orphan_foreign_key
ORD00121492,CUST0020703,LOC0017,,Takeaway,Completed,,8070.00,0.00,1291.20,9361.20,Card,invalid_date
ORD00122198,CUST1259566,LOC0021,2025-08-23 20:50:20,Dine-in,Completed,PROMO012,5720.00,1440.00,642.00,4922.00,Cash,orphan_foreign_key
ORD00122339,CUST0015150,LOC0015,2025-08-23 22:30:25,Takeaway,Completed,,2320.00,5142.33,371.20,2691.20,Wallet,discount_exceeds_subtotal
ORD00122388,CUST0005114,LOC0020,2025-08-23 23:19:47,Takeaway,Completed,,1515.00,2603.49,227.25,1742.25,Wallet,discount_exceeds_subtotal
ORD00122462,,LOC0012,2025-08-24 11:18:50,App,Completed,,5650.00,0.00,847.50,6497.50,Card,missing_value
ORD00122475,,LOC0014,2025-08-24 12:00:15,App,Completed,,3500.00,0.00,525.00,4025.00,Wallet,missing_value
ORD00122601,,LOC0025,2025-08-24 13:23:58,Dine-in,Completed,,5850.00,0.00,877.50,6727.50,Cash,missing_value
ORD00122638,CUST1095855,LOC0020,2025-08-24 13:50:43,Dine-in,Completed,,6280.00,0.00,942.00,7222.00,Cash,orphan_foreign_key
ORD00122660,,LOC0016,2025-08-24 14:11:52,Dine-in,Completed,,9040.00,0.00,1446.40,10486.40,Cash,missing_value
ORD00122700,CUST0015555,LOC1061,2025-08-24 15:05:14,Dine-in,Completed,,14070.00,0.00,2110.50,16180.50,Card,invalid_restaurant_id
ORD00122794,CUST0027507,LOC1056,2025-08-24 18:20:31,App,Completed,,6290.00,0.00,943.50,7233.50,Online,invalid_restaurant_id
ORD00122840,CUST9902534,LOC0015,2025-08-24 19:08:20,App,Completed,,1390.00,0.00,222.40,1612.40,Online,orphan_foreign_key
ORD00122980,CUST0020334,LOC0017,2025-08-24 20:40:46,Website,Completed,,6020.00,0.00,963.20,6983.20,Online,orphan_foreign_key
ORD00122991,CUST0034047,LOC0021,2025-08-24 20:46:01,Dine-in,Completed,,33360.00,0.00,5004.00,38364.00,Cash,orphan_foreign_key
ORD00123050,,LOC0023,2025-08-24 21:25:58,ThirdPartyDelivery,Completed,,4270.00,0.00,640.50,4910.50,Cash,missing_value
ORD00123108,CUST0042637,LOC0018,2025-08-24 22:17:17,Dine-in,Cancelled,PROMO012,6560.00,1530.00,804.80,5834.80,Wallet,orphan_foreign_key
ORD00123111,CUST0052543,LOC0008,2025-08-24 22:20:51,Takeaway,Completed,,8120.00,0.00,1299.20,9419.20,Card,orphan_foreign_key
ORD00123137,,LOC0003,2025-08-24 22:47:38,Dine-in,Completed,,2430.00,0.00,364.50,2794.50,Card,missing_value
ORD00123266,CUST0044609,LOC0015,,ThirdPartyDelivery,Completed,,7890.00,0.00,1262.40,9152.40,Online,invalid_date
ORD00123268,,LOC0008,2025-08-25 12:31:36,Dine-in,Completed,PROMO012,8460.00,4070.00,702.40,5092.40,Card,missing_value
ORD00123410,CUST0008753,LOC0018,2025-08-25 14:22:09,App,Completed,PROMO012,7370.00,1530.00,934.40,6774.40,Online,orphan_foreign_key
ORD00123457,CUST0015119,LOC0027,2025-08-25 17:02:00,Website,Completed,,4125.00,0.00,618.75,4743.75,Online,invalid_restaurant_id
ORD00123490,CUST0034649,LOC0001,,Takeaway,Completed,,2680.00,0.00,402.00,3082.00,Cash,invalid_date
ORD00123533,CUST0052217,LOC5486,2025-08-25 19:21:47,Takeaway,Completed,,9340.00,0.00,1401.00,10741.00,Wallet,invalid_restaurant_id
ORD00123733,,LOC0018,2025-08-25 22:37:05,Dine-in,Completed,,14120.00,0.00,2259.20,16379.20,Wallet,missing_value
ORD00123756,CUST0033324,LOC0025,2025-08-25 23:13:24,Takeaway,Completed,PROMO012,22420.00,8840.00,2037.00,15617.00,Cash,orphan_foreign_key
ORD00123766,CUST0015340,LOC0024,2025-08-25 23:36:16,Takeaway,Completed,PROMO012,4345.00,1530.00,450.40,3265.40,Card,orphan_foreign_key
ORD00124065,CUST0028661,LOC0021,2025-08-26 19:04:14,Takeaway,Completed,,8970.00,0.00,1345.50,10315.50,Card,orphan_foreign_key
ORD00124131,,LOC0016,2025-08-26 20:22:23,App,Completed,,8290.00,0.00,1326.40,9616.40,Card,missing_value
ORD00124157,CUST0042195,LOC0015,2025-08-26 20:43:54,Dine-in,Completed,PROMO012,11300.00,26394.78,1168.00,8468.00,Cash,discount_exceeds_subtotal
ORD00124219,,LOC0023,2025-08-26 22:06:09,Dine-in,Completed,,9640.00,0.00,1446.00,11086.00,Cash,missing_value
ORD00124276,,LOC0012,2025-08-27 01:17:18,Takeaway,Completed,,1950.00,0.00,292.50,2242.50,Card,missing_value
ORD00124319,,LOC0023,2025-08-27 12:25:29,Website,Completed,PROMO012,10610.00,680.00,1489.50,11419.50,Card,missing_value
ORD00124334,,LOC0004,2025-08-27 12:39:43,Takeaway,Completed,,18525.00,0.00,2778.75,21303.75,Wallet,missing_value
ORD00124338,CUST0044812,LOC0025,2025-08-27 12:47:41,Dine-in,Completed,,4615.00,7430.92,692.25,5307.25,Cash,discount_exceeds_subtotal
ORD00124470,CUST8404075,LOC0009,2025-08-27 15:36:48,Dine-in,Completed,,7080.00,0.00,1132.80,8212.80,Card,orphan_foreign_key
ORD00124553,CUST0009870,LOC0004,,Takeaway,Completed,,6620.00,0.00,993.00,7613.00,Wallet,invalid_date
ORD00124738,CUST0012682,LOC0109,2025-08-27 21:47:13,Takeaway,Completed,,11345.00,0.00,1815.20,13160.20,Card,invalid_restaurant_id
ORD00124775,,LOC0017,2025-08-27 22:40:54,Website,Completed,,4630.00,0.00,740.80,5370.80,Card,missing_value
ORD00124831,CUST0054918,LOC0022,2025-08-28 01:50:18,App,Completed,,2480.00,0.00,372.00,2852.00,Online,orphan_foreign_key
ORD00125015,CUST0042684,LOC0008,2025-08-28 14:42:59,Dine-in,Completed,PROMO012,11455.00,12971.08,1588.00,11513.00,Card,discount_exceeds_subtotal
ORD00125496,CUST0003773,LOC0015,2025-08-29 12:19:18,Dine-in,Completed,,8190.00,0.00,1310.40,9500.40,Card,orphan_foreign_key
ORD00125617,CUST1723778,LOC0015,2025-08-29 13:45:57,ThirdPartyDelivery,Completed,,4660.00,0.00,745.60,5405.60,Cash,orphan_foreign_key
ORD00125622,CUST0039776,LOC0003,2027-11-05 16:57:00,ThirdPartyDelivery,Completed,,5030.00,0.00,754.50,5784.50,Cash,invalid_date
ORD00126236,,LOC0023,2025-08-29 23:53:31,Dine-in,Completed,,14760.00,0.00,2214.00,16974.00,Card,missing_value
ORD00126305,CUST0015340,LOC0024,2025-08-30 12:01:00,Dine-in,Completed,,18250.00,0.00,2920.00,21170.00,Card,orphan_foreign_key
ORD00126331,CUST0007518,LOC0003,2025-08-30 12:20:35,ThirdPartyDelivery,Completed,,5860.00,14049.54,879.00,6739.00,Online,discount_exceeds_subtotal
ORD00126364,CUST0028661,LOC0021,2025-08-30 12:51:33,Website,Completed,,7665.00,0.00,1149.75,8814.75,Card,orphan_foreign_key
ORD00126522,,LOC0012,2025-08-30 14:29:24,App,Completed,PROMO012,13810.00,4840.00,1345.50,10315.50,Card,missing_value
ORD00126611,CUST0026270,LOC0017,2025-08-30 17:15:28,Takeaway,Cancelled,,4190.00,7394.00,670.40,4860.40,Cash,discount_exceeds_subtotal
ORD00126700,,LOC0022,2025-08-30 18:58:49,Dine-in,Completed,,4090.00,0.00,613.50,4703.50,Card,missing_value
ORD00126831,CUST0024897,LOC0010,2025-08-30 20:19:21,App,Completed,,16610.00,0.00,2657.60,19267.60,Online,orphan_foreign_key
ORD00127256,CUST0051930,LOC0006,1900-01-01 13:48:00,Takeaway,Completed,,6340.00,0.00,951.00,7291.00,Cash,invalid_date
ORD00127267,,LOC0003,2025-08-31 12:59:58,Dine-in,Completed,,8895.00,0.00,1334.25,10229.25,Cash,missing_value
ORD00127351,CUST0033324,LOC0025,2025-08-31 13:45:23,Dine-in,Completed,,11390.00,0.00,1708.50,13098.50,Card,orphan_foreign_key
ORD00127626,,LOC0002,2025-08-31 19:47:30,Takeaway,Completed,,3360.00,0.00,504.00,3864.00,Cash,missing_value
ORD00127684,CUST0004346,LOC0007,2025-08-31 20:27:46,Takeaway,Completed,,5420.00,7964.48,867.20,6287.20,Wallet,discount_exceeds_subtotal
ORD00127706,,LOC0001,2025-08-31 20:38:19,Dine-in,Completed,,10650.00,0.00,1597.50,12247.50,Card,missing_value
ORD00127746,CUST0036474,LOC0007,2099-12-31 19:18:00,App,Completed,,10270.00,0.00,1643.20,11913.20,Online,invalid_date
ORD00127800,CUST0029655,LOC0015,,App,Completed,,5440.00,0.00,870.40,6310.40,Card,invalid_date
ORD00127808,,LOC0004,2025-08-31 21:53:05,Dine-in,Completed,,9230.00,0.00,1384.50,10614.50,Cash,missing_value
ORD00127944,CUST0027484,LOC0019,2025-09-01 12:01:55,Takeaway,Completed,,1340.00,0.00,214.40,1554.40,Cash,orphan_foreign_key
ORD00128047,CUST8081150,LOC0006,2025-09-01 14:59:38,Takeaway,Completed,PROMO009,7760.00,300.00,1119.00,8579.00,Card,orphan_foreign_key
ORD00128346,,LOC0001,2025-09-02 14:05:42,ThirdPartyDelivery,Completed,,2015.00,0.00,302.25,2317.25,Cash,missing_value
ORD00128876,CUST0005904,LOC0003,2025-09-03 21:39:53,Website,Completed,,6170.00,0.00,925.50,7095.50,Wallet,orphan_foreign_key
ORD00129089,,LOC0004,2025-09-04 17:27:23,Dine-in,Completed,,8430.00,0.00,1264.50,9694.50,Cash,missing_value
ORD00129166,CUST6654244,LOC0012,2025-09-04 19:57:25,ThirdPartyDelivery,Completed,,5650.00,0.00,847.50,6497.50,Online,orphan_foreign_key
ORD00129308,,LOC0023,2025-09-05 01:15:52,App,Completed,,2365.00,0.00,354.75,2719.75,Cash,missing_value
ORD00129309,,LOC0016,2025-09-05 01:21:10,ThirdPartyDelivery,Completed,,5290.00,0.00,846.40,6136.40,Cash,missing_value
ORD00129321,CUST0039532,LOC0004,2025-09-05 11:19:40,ThirdPartyDelivery,Completed,,4130.00,0.00,619.50,4749.50,Online,orphan_foreign_key
ORD00129347,CUST0019040,LOC4954,2025-09-05 12:31:07,Takeaway,Cancelled,PROMO009,4190.00,300.00,583.50,4473.50,Card,invalid_restaurant_id
ORD00129487,,LOC0023,2025-09-05 16:06:10,ThirdPartyDelivery,Completed,,6200.00,0.00,930.00,7130.00,Cash,missing_value
ORD00129556,CUST0014403,LOC6456,2025-09-05 19:20:52,ThirdPartyDelivery,Completed,,2725.00,0.00,408.75,3133.75,Online,invalid_restaurant_id
ORD00129994,CUST0032613,LOC0020,1970-01-01 11:57:00,Dine-in,Completed,,6470.00,0.00,970.50,7440.50,Card,invalid_date
ORD00130215,CUST9456395,LOC0016,2025-09-06 22:47:46,Takeaway,Completed,,4740.00,0.00,758.40,5498.40,Card,orphan_foreign_key
ORD00130276,CUST0031209,LOC0007,2025-09-07 11:32:13,Takeaway,Completed,PROMO014,3250.00,6492.45,480.00,3480.00,Cash,discount_exceeds_subtotal
ORD00130397,,LOC0003,2025-09-07 14:32:18,App,Completed,,5830.00,0.00,874.50,6704.50,Online,missing_value
ORD00130414,CUST0042339,LOC0002,2025-09-07 15:00:50,ThirdPartyDelivery,Completed,,2275.00,5613.72,341.25,2616.25,Cash,discount_exceeds_subtotal
ORD00130437,CUST0043707,LOC0003,2025-09-07 16:49:20,Dine-in,Completed,,8370.00,0.00,1255.50,9625.50,Cash,orphan_foreign_key
ORD00130563,,LOC0018,2025-09-07 20:22:49,Dine-in,Completed,,14780.00,0.00,2364.80,17144.80,Card,missing_value
ORD00130594,CUST0035929,LOC1248,2025-09-07 20:47:30,Dine-in,Completed,,5140.00,0.00,822.40,5962.40,Card,invalid_restaurant_id
ORD00130688,CUST0036852,LOC0004,2025-09-07 22:58:42,Dine-in,Completed,,1320.00,3251.40,198.00,1518.00,Card,discount_exceeds_subtotal
ORD00130764,CUST0037963,LOC0022,2025-09-08 12:34:50,Takeaway,Completed,,2860.00,4462.26,429.00,3289.00,Cash,discount_exceeds_subtotal
ORD00130846,CUST0019716,LOC0012,,Takeaway,Completed,,14880.00,0.00,2232.00,17112.00,Wallet,invalid_date
ORD00130935,,LOC0005,2025-09-08 20:04:56,Dine-in,Completed,,12100.00,0.00,1815.00,13915.00,Cash,missing_value
ORD00131174,CUST3614062,LOC0003,2025-09-09 13:53:34,Dine-in,Completed,,5260.00,0.00,789.00,6049.00,Cash,orphan_foreign_key
ORD00131353,CUST2089765,LOC0021,2025-09-09 21:22:54,Website,Completed,,7635.00,0.00,1145.25,8780.25,Card,orphan_foreign_key
ORD00131408,CUST0032073,LOC0016,2025-09-09 23:20:56,App,Completed,,6060.00,0.00,969.60,7029.60,Online,orphan_foreign_key
ORD00131551,,LOC0018,2025-09-10 14:55:39,Dine-in,Completed,,8200.00,0.00,1312.00,9512.00,Wallet,missing_value
ORD00131587,CUST0049193,LOC0722,2025-09-10 18:07:17,Website,Completed,,9250.00,0.00,1387.50,10637.50,Card,invalid_restaurant_id
ORD00131770,CUST0015620,LOC0013,1970-01-01 17:04:00,Website,Completed,,4060.00,0.00,609.00,4669.00,Online,invalid_date
ORD00131971,,LOC0003,2025-09-11 19:28:23,Dine-in,Completed,,11970.00,0.00,1795.50,13765.50,Wallet,missing_value
ORD00132000,CUST0029214,LOC0006,,Dine-in,Completed,PROMO009,9920.00,299.99,1443.00,11063.01,Card,invalid_date
ORD00132017,CUST0027561,LOC0008,2025-09-11 20:45:31,Dine-in,Completed,,12725.00,14309.89,2036.00,14761.00,Card,discount_exceeds_subtotal
ORD00132180,CUST0045220,LOC0001,2025-09-12 12:40:26,ThirdPartyDelivery,Completed,,6810.00,0.00,1021.50,7831.50,Online,orphan_foreign_key
ORD00132195,,LOC0002,2025-09-12 12:53:45,ThirdPartyDelivery,Completed,,5150.00,0.00,772.50,5922.50,Cash,missing_value
ORD00132269,CUST0045344,LOC0011,2025-09-12 14:06:59,App,Completed,,7380.00,0.00,1180.80,8560.80,Wallet,orphan_foreign_key
ORD00132281,CUST0037449,LOC0011,2025-09-12 14:25:40,Dine-in,Completed,,13040.00,27912.56,2086.40,15126.40,Cash,discount_exceeds_subtotal
ORD00132649,,LOC0007,2025-09-13 12:34:14,ThirdPartyDelivery,Completed,,7390.00,0.00,1182.40,8572.40,Online,missing_value
ORD00132775,,LOC0005,2025-09-13 14:47:09,Dine-in,Completed,,12590.00,0.00,1888.50,14478.50,Wallet,missing_value
ORD00132822,,LOC0008,2025-09-13 17:16:30,Dine-in,Completed,,7560.00,0.00,1209.60,8769.60,Cash,missing_value
ORD00132847,,LOC0023,2025-09-13 18:31:38,ThirdPartyDelivery,Completed,,2020.00,0.00,303.00,2323.00,Cash,missing_value
ORD00133247,CUST0031317,LOC0007,2027-11-05 10:03:00,Takeaway,Completed,PROMO014,6980.00,250.00,1076.80,7806.80,Card,invalid_date
ORD00133583,,LOC0020,2025-09-14 21:33:50,Takeaway,Completed,,7500.00,0.00,1125.00,8625.00,Cash,missing_value
ORD00133858,CUST0039230,LOC1599,2025-09-15 17:50:00,Takeaway,Completed,,3050.00,0.00,457.50,3507.50,Wallet,invalid_restaurant_id
ORD00134493,CUST0010939,LOC0004,,Takeaway,Completed,,4340.00,0.00,651.00,4991.00,Cash,invalid_date
ORD00134576,CUST0036198,LOC0008,1970-01-01 14:06:00,Takeaway,Completed,,3050.00,0.00,488.00,3538.00,Cash,invalid_date
ORD00134620,CUST0004202,LOC0016,2025-09-17 20:15:12,Dine-in,Completed,,10735.00,24272.04,1717.60,12452.60,Cash,discount_exceeds_subtotal
ORD00134697,CUST9572369,LOC0020,2025-09-17 22:16:40,ThirdPartyDelivery,Completed,,6445.00,0.00,966.75,7411.75,Online,orphan_foreign_key
ORD00134761,CUST0007132,LOC0007,2025-09-18 11:32:34,Dine-in,Completed,PROMO014,3550.00,250.00,528.00,3828.00,Cash,orphan_foreign_key
ORD00134782,CUST0003586,LOC0012,2025-09-18 12:12:48,ThirdPartyDelivery,Completed,,4010.00,7592.49,601.50,4611.50,Online,discount_exceeds_subtotal
ORD00135098,CUST0005274,LOC0003,2025-09-18 22:18:40,ThirdPartyDelivery,Completed,,4140.00,0.00,621.00,4761.00,Online,orphan_foreign_key
ORD00135352,CUST0034556,LOC2587,2025-09-19 16:09:55,App,Cancelled,,6015.00,0.00,962.40,6977.40,Card,invalid_restaurant_id
ORD00135422,CUST0031042,LOC0012,2025-09-19 19:04:43,Dine-in,Completed,,12380.00,0.00,1857.00,14237.00,Card,orphan_foreign_key
ORD00135423,CUST0028684,LOC0003,2025-09-19 19:05:05,ThirdPartyDelivery,Completed,,10780.00,22670.13,1617.00,12397.00,Cash,discount_exceeds_subtotal
ORD00135551,CUST0009443,LOC0007,2025-09-19 20:56:18,Website,Completed,,7510.00,17955.59,1201.60,8711.60,Online,discount_exceeds_subtotal
ORD00135970,CUST0036671,LOC0020,2025-09-20 18:21:54,Dine-in,Completed,PROMO014,9170.00,11988.04,1338.00,10258.00,Cash,discount_exceeds_subtotal
ORD00136073,CUST0008520,LOC0018,1970-01-01 17:55:00,Website,Completed,,1915.00,0.00,306.40,2221.40,Card,invalid_date
ORD00136206,CUST0040140,LOC0020,2025-09-20 22:13:45,ThirdPartyDelivery,Cancelled,,3450.00,0.00,517.50,3967.50,Cash,orphan_foreign_key
ORD00136226,CUST0053200,LOC0022,2025-09-20 22:34:28,Dine-in,Completed,PROMO014,7230.00,8411.26,1047.00,8027.00,Cash,discount_exceeds_subtotal
ORD00136423,CUST0014199,LOC0002,2025-09-21 14:40:44,Takeaway,Completed,,8955.00,0.00,1343.25,10298.25,Card,orphan_foreign_key
ORD00136483,CUST0031302,LOC0017,,Website,Completed,,3720.00,0.00,595.20,4315.20,Online,invalid_date
ORD00136571,,LOC0009,2025-09-21 19:55:38,Dine-in,Completed,PROMO015,3375.00,675.00,432.00,3132.00,Wallet,missing_value
ORD00136736,,LOC0004,2025-09-21 22:37:25,Takeaway,Completed,,4970.00,0.00,745.50,5715.50,Cash,missing_value
ORD00136874,CUST0033324,LOC0025,2025-09-22 13:28:36,Dine-in,Completed,,12190.00,0.00,1828.50,14018.50,Card,orphan_foreign_key
ORD00136970,,LOC0004,2025-09-22 18:12:17,App,Completed,,5640.00,0.00,846.00,6486.00,Online,missing_value
ORD00137182,CUST0034752,LOC0003,2025-09-22 23:16:28,ThirdPartyDelivery,Completed,,5100.00,0.00,765.00,5865.00,Cash,orphan_foreign_key
ORD00137219,CUST0036233,LOC0014,2099-12-31 11:02:00,Dine-in,Completed,,5210.00,0.00,781.50,5991.50,Card,invalid_date
ORD00137226,CUST0008523,LOC0004,2025-09-23 12:21:32,Dine-in,Completed,,2680.00,4978.22,402.00,3082.00,Cash,discount_exceeds_subtotal
ORD00137329,,LOC0001,2025-09-23 14:51:56,Dine-in,Completed,PROMO015,18650.00,3730.00,2238.00,17158.00,Cash,missing_value
ORD00137393,CUST0040387,LOC0015,2025-09-23 19:01:35,ThirdPartyDelivery,Completed,,1275.00,0.00,204.00,1479.00,Online,orphan_foreign_key
ORD00138008,CUST0016771,LOC9239,2025-09-25 12:38:20,ThirdPartyDelivery,Completed,,18170.00,0.00,2907.20,21077.20,Online,invalid_restaurant_id
ORD00138181,CUST0018097,LOC0007,2025-09-25 18:49:19,Takeaway,Completed,,3830.00,5190.22,612.80,4442.80,Card,discount_exceeds_subtotal
ORD00138260,CUST0012384,LOC0012,2025-09-25 20:35:04,Takeaway,Completed,PROMO015,4880.00,10289.38,585.60,4489.60,Cash,discount_exceeds_subtotal
ORD00138299,CUST0006845,LOC9759,2025-09-25 21:13:12,ThirdPartyDelivery,Completed,,12520.00,0.00,2003.20,14523.20,Online,invalid_restaurant_id
ORD00138408,CUST0051373,LOC0022,2025-09-26 00:57:25,Website,Completed,,6445.00,8406.30,966.75,7411.75,Online,discount_exceeds_subtotal
ORD00138465,CUST0001102,LOC0021,2025-09-26 12:21:41,Dine-in,Completed,,14490.00,0.00,2173.50,16663.50,Card,orphan_foreign_key
ORD00138725,CUST5889625,LOC0009,2025-09-26 19:50:46,ThirdPartyDelivery,Completed,,1220.00,0.00,195.20,1415.20,Online,orphan_foreign_key
ORD00138776,CUST0052557,LOC0024,2025-09-26 20:36:28,Dine-in,Completed,,12510.00,20263.95,2001.60,14511.60,Cash,discount_exceeds_subtotal
ORD00138860,CUST2833177,LOC0020,2025-09-26 21:59:27,Dine-in,Completed,,6715.00,0.00,1007.25,7722.25,Wallet,orphan_foreign_key
ORD00139132,CUST0018793,LOC0008,2025-09-27 15:19:47,App,Completed,PROMO015,4340.00,868.00,555.52,4027.52,Card,orphan_foreign_key
ORD00139240,,LOC0004,2025-09-27 19:20:06,Website,Completed,,4910.00,0.00,736.50,5646.50,Online,missing_value
ORD00139249,,LOC0024,2025-09-27 19:27:00,Dine-in,Completed,,7655.00,0.00,1224.80,8879.80,Cash,missing_value
ORD00139373,,LOC0008,2025-09-27 21:06:10,App,Completed,,2370.00,0.00,379.20,2749.20,Online,missing_value
ORD00139498,CUST0022419,LOC0007,2025-09-27 23:46:16,Takeaway,Completed,,9010.00,0.00,1441.60,10451.60,Cash,orphan_foreign_key
ORD00139875,,LOC0008,2025-09-28 19:39:51,ThirdPartyDelivery,Completed,,1890.00,0.00,302.40,2192.40,Online,missing_value
ORD00139940,,LOC0006,2025-09-28 20:32:21,App,Completed,,21100.00,0.00,3165.00,24265.00,Wallet,missing_value
ORD00139964,CUST0035837,LOC0022,2025-09-28 20:48:13,ThirdPartyDelivery,Completed,PROMO014,2840.00,4138.45,388.50,2978.50,Cash,discount_exceeds_subtotal
ORD00140112,,LOC0004,2025-09-28 23:19:38,Dine-in,Completed,,17980.00,0.00,2697.00,20677.00,Cash,missing_value
ORD00140130,CUST0006309,LOC0024,2025-09-29 07:00:24,Dine-in,Completed,PROMO009,4500.00,300.00,672.00,4872.00,Card,orphan_foreign_key
ORD00140134,CUST0026111,LOC0017,,Dine-in,Completed,,6405.00,0.00,1024.80,7429.80,Cash,invalid_date
ORD00140278,CUST6443851,LOC0007,2025-09-29 17:07:34,ThirdPartyDelivery,Completed,,80.00,0.00,12.80,92.80,Online,orphan_foreign_key
ORD00140306,CUST0027164,LOC0011,2025-09-29 18:09:44,Takeaway,Completed,,8770.00,15738.50,1403.20,10173.20,Cash,discount_exceeds_subtotal
ORD00140535,CUST0048745,LOC6929,2025-09-30 12:37:30,Dine-in,Completed,,5230.00,0.00,784.50,6014.50,Wallet,invalid_restaurant_id
ORD00140558,CUST0020334,LOC0023,2025-09-30 13:13:11,Website,Completed,,5155.00,0.00,773.25,5928.25,Online,orphan_foreign_key
ORD00140795,CUST0030134,LOC0012,2025-09-30 22:25:44,Dine-in,Completed,PROMO014,6340.00,11756.03,913.50,7003.50,Cash,discount_exceeds_subtotal
ORD00140905,CUST0011464,LOC0018,2025-10-01 13:13:53,App,Completed,,3060.00,0.00,489.60,3549.60,Online,orphan_foreign_key
ORD00140942,,LOC0007,2025-10-01 14:11:59,Takeaway,Completed,,3270.00,0.00,523.20,3793.20,Cash,missing_value
ORD00141134,CUST5184242,LOC0001,2025-10-01 22:08:42,App,Completed,,9430.00,0.00,1414.50,10844.50,Cash,orphan_foreign_key
ORD00141195,CUST1172404,LOC0019,2025-10-02 11:53:06,App,Completed,,7630.00,0.00,1220.80,8850.80,Online,orphan_foreign_key
ORD00141541,CUST0011341,LOC0017,2025-10-02 23:41:21,App,Completed,,6995.00,0.00,1119.20,8114.20,Wallet,orphan_foreign_key
ORD00141633,CUST0014503,LOC0009,2025-10-03 12:58:13,Dine-in,Completed,,4890.00,11117.54,782.40,5672.40,Cash,discount_exceeds_subtotal
ORD00141661,CUST0022601,LOC0002,,Website,Completed,,3970.00,0.00,595.50,4565.50,Card,invalid_date
ORD00141848,,LOC0003,2025-10-03 19:27:51,Website,Completed,,4310.00,0.00,646.50,4956.50,Card,missing_value
ORD00142045,CUST0038571,LOC0018,,App,Completed,,10620.00,0.00,1699.20,12319.20,Online,invalid_date
ORD00142123,,LOC0025,2025-10-04 12:18:01,Takeaway,Completed,,1910.00,0.00,286.50,2196.50,Wallet,missing_value
ORD00142297,CUST0036964,LOC0005,2025-10-04 16:40:59,App,Completed,,8210.00,0.00,1231.50,9441.50,Wallet,orphan_foreign_key
ORD00142423,CUST0030610,LOC0012,2099-12-31 12:05:00,Dine-in,Completed,,8940.00,0.00,1341.00,10281.00,Cash,invalid_date
ORD00142557,,LOC0020,2025-10-04 22:16:24,ThirdPartyDelivery,Completed,,4385.00,0.00,657.75,5042.75,Online,missing_value
ORD00142809,CUST0012582,LOC0004,2025-10-05 14:15:47,Dine-in,Completed,,10265.00,0.00,1539.75,11804.75,Cash,orphan_foreign_key
ORD00143027,CUST1184381,LOC0003,2025-10-05 20:44:42,Dine-in,Completed,PROMO015,6640.00,1328.00,796.80,6108.80,Card,orphan_foreign_key
ORD00143144,CUST0023811,LOC0007,2025-10-05 23:05:11,Takeaway,Completed,,9590.00,18877.61,1534.40,11124.40,Card,discount_exceeds_subtotal
ORD00143156,CUST0020884,LOC1409,2025-10-05 23:47:43,Dine-in,Completed,,3230.00,0.00,484.50,3714.50,Cash,invalid_restaurant_id
ORD00143390,,LOC0004,2025-10-06 19:38:49,ThirdPartyDelivery,Completed,,13265.00,0.00,1989.75,15254.75,Online,missing_value
ORD00143439,,LOC0008,2025-10-06 20:40:10,Dine-in,Completed,PROMO015,3855.00,771.00,493.44,3577.44,Card,missing_value
ORD00143453,CUST0034084,LOC0009,,App,Completed,,8710.00,0.00,1393.60,10103.60,Cash,invalid_date
ORD00143476,CUST0020034,LOC0005,2025-10-06 21:24:59,Dine-in,Completed,PROMO015,3290.00,658.00,394.80,3026.80,Card,orphan_foreign_key
ORD00143514,CUST0045332,LOC0012,2025-10-06 22:37:29,Dine-in,Completed,,6930.00,15397.75,1039.50,7969.50,Card,discount_exceeds_subtotal
ORD00143605,CUST0006707,LOC0001,2025-10-07 12:48:49,App,Completed,PROMO015,9180.00,1836.00,1101.60,8445.60,Online,orphan_foreign_key
ORD00143797,,LOC0003,2025-10-07 20:43:51,Dine-in,Completed,,7505.00,0.00,1125.75,8630.75,Cash,missing_value
ORD00144045,,LOC0019,2025-10-08 16:09:15,Takeaway,Completed,,1370.00,0.00,219.20,1589.20,Cash,missing_value
ORD00144366,CUST0026897,LOC0023,1970-01-01 18:28:00,Takeaway,Completed,,6510.00,0.00,976.50,7486.50,Wallet,invalid_date
ORD00144477,CUST0046454,LOC0012,2025-10-09 19:10:13,Dine-in,Completed,PROMO015,13290.00,2658.00,1594.80,12226.80,Cash,orphan_foreign_key
ORD00144706,,LOC0009,2025-10-10 12:02:05,Dine-in,Completed,,3855.00,0.00,616.80,4471.80,Cash,missing_value
ORD00144778,CUST0029782,LOC0590,2025-10-10 13:26:00,Dine-in,Completed,,7105.00,0.00,1065.75,8170.75,Card,invalid_restaurant_id
ORD00145166,CUST0014294,LOC0007,2025-10-11 00:57:55,ThirdPartyDelivery,Completed,,2000.00,0.00,320.00,2320.00,Online,orphan_foreign_key
ORD00145447,,LOC0009,2025-10-11 18:33:01,Takeaway,Completed,,10420.00,0.00,1667.20,12087.20,Card,missing_value
ORD00145472,CUST0029630,LOC2845,2025-10-11 19:01:59,App,Completed,,5840.00,0.00,876.00,6716.00,Wallet,invalid_restaurant_id
ORD00145673,CUST0042424,LOC0017,2025-10-11 21:51:17,ThirdPartyDelivery,Completed,,8960.00,0.00,1433.60,10393.60,Cash,orphan_foreign_key
ORD00145691,CUST7631046,LOC0002,2025-10-11 22:15:43,Website,Completed,,6885.00,0.00,1032.75,7917.75,Online,orphan_foreign_key
ORD00145707,,LOC0005,2025-10-11 22:34:44,Website,Completed,,5645.00,0.00,846.75,6491.75,Card,missing_value
ORD00145740,CUST0041042,LOC9961,2025-10-11 23:47:56,Dine-in,Completed,PROMO015,7430.00,1486.00,891.60,6835.60,Cash,invalid_restaurant_id
ORD00145885,,LOC0007,2025-10-12 13:38:48,ThirdPartyDelivery,Completed,,4170.00,0.00,667.20,4837.20,Online,missing_value
ORD00146077,CUST0026288,LOC7618,2025-10-12 19:56:58,App,Completed,,5070.00,0.00,760.50,5830.50,Online,invalid_restaurant_id
ORD00146292,CUST0003766,LOC0014,2025-10-13 00:46:27,Dine-in,Completed,,4490.00,0.00,673.50,5163.50,Card,orphan_foreign_key
ORD00146524,CUST0035744,LOC0023,2025-10-13 19:52:42,Website,Completed,,4710.00,9315.83,706.50,5416.50,Online,discount_exceeds_subtotal
ORD00146803,CUST3390395,LOC0021,2025-10-14 14:31:30,Dine-in,Completed,,5020.00,0.00,753.00,5773.00,Cash,orphan_foreign_key
ORD00146876,,LOC0018,2025-10-14 18:30:21,Dine-in,Completed,,21090.00,0.00,3374.40,24464.40,Wallet,missing_value
ORD00147204,,LOC0008,2025-10-15 15:03:23,Dine-in,Completed,PROMO015,9735.00,1947.00,1246.08,9034.08,Cash,missing_value
ORD00147358,CUST0021999,LOC0007,2025-10-15 21:17:47,App,Completed,,5165.00,0.00,826.40,5991.40,Cash,orphan_foreign_key
ORD00147634,CUST0017844,LOC0015,2025-10-16 19:00:42,Takeaway,Completed,,7060.00,9741.29,1129.60,8189.60,Card,discount_exceeds_subtotal
ORD00147710,,LOC0025,2025-10-16 20:58:20,Dine-in,Completed,,12530.00,0.00,1879.50,14409.50,Wallet,missing_value
ORD00147738,CUST0036244,LOC0019,2025-10-16 21:34:23,ThirdPartyDelivery,Completed,,9580.00,0.00,1532.80,11112.80,Cash,orphan_foreign_key
ORD00147842,CUST0003773,LOC0015,2025-10-17 12:07:38,Dine-in,Completed,,14330.00,0.00,2292.80,16622.80,Cash,orphan_foreign_key
ORD00148041,CUST0012582,LOC0006,2025-10-17 19:32:51,Website,Completed,,3040.00,0.00,456.00,3496.00,Card,orphan_foreign_key
ORD00148047,CUST0016432,LOC7017,2025-10-17 19:45:18,ThirdPartyDelivery,Completed,,10180.00,0.00,1527.00,11707.00,Online,invalid_restaurant_id
ORD00148089,CUST0005699,LOC0013,2025-10-17 20:34:39,App,Cancelled,,5855.00,9324.90,878.25,6733.25,Card,discount_exceeds_subtotal
ORD00148406,CUST0011907,LOC0009,2025-10-18 17:09:35,Dine-in,Completed,,13355.00,18443.81,2136.80,15491.80,Card,discount_exceeds_subtotal
ORD00148501,,LOC0020,2025-10-18 20:11:23,Dine-in,Completed,,1790.00,0.00,268.50,2058.50,Wallet,missing_value
ORD00148509,CUST0012275,LOC0014,2025-10-18 20:22:35,Dine-in,Completed,,3930.00,8824.80,589.50,4519.50,Cash,discount_exceeds_subtotal
ORD00148525,,LOC0005,2025-10-18 20:34:56,App,Completed,,3300.00,0.00,495.00,3795.00,Wallet,missing_value
ORD00148693,,LOC0005,2025-10-19 11:04:00,Dine-in,Completed,,7565.00,0.00,1134.75,8699.75,Wallet,missing_value
ORD00148990,CUST0024749,LOC0016,2025-10-19 19:51:52,Dine-in,Completed,,2620.00,3108.01,419.20,3039.20,Wallet,discount_exceeds_subtotal
ORD00149147,CUST0021293,LOC0006,2025-10-19 22:33:06,Dine-in,Completed,,7430.00,10165.44,1114.50,8544.50,Card,discount_exceeds_subtotal
ORD00149280,CUST0053490,LOC0013,2025-10-20 13:26:58,ThirdPartyDelivery,Completed,,10430.00,22282.98,1564.50,11994.50,Cash,discount_exceeds_subtotal
ORD00149455,CUST0007132,LOC0023,2025-10-20 19:55:29,Dine-in,Completed,,8480.00,0.00,1272.00,9752.00,Cash,orphan_foreign_key
ORD00149630,,LOC0023,2025-10-21 11:19:43,Dine-in,Completed,,9930.00,0.00,1489.50,11419.50,Card,missing_value
ORD00149835,CUST0052543,LOC0020,2025-10-21 19:10:04,App,Completed,,7575.00,0.00,1136.25,8711.25,Card,orphan_foreign_key
ORD00149841,CUST0009263,LOC0016,2025-10-21 19:17:50,Dine-in,Completed,,17000.00,0.00,2720.00,19720.00,Cash,orphan_foreign_key
ORD00149965,,LOC0023,2025-10-21 22:12:01,App,Completed,,16230.00,0.00,2434.50,18664.50,Card,missing_value
ORD00150059,CUST0016805,LOC0006,2099-12-31 11:21:00,Dine-in,Completed,,8665.00,0.00,1299.75,9964.75,Wallet,invalid_date
ORD00150125,CUST0011452,LOC4594,2025-10-22 13:32:06,Takeaway,Completed,,2550.00,0.00,408.00,2958.00,Cash,invalid_restaurant_id
ORD00150317,CUST0031359,LOC6686,2025-10-22 20:38:05,Dine-in,Completed,,7620.00,0.00,1143.00,8763.00,Card,invalid_restaurant_id
ORD00150554,,LOC0009,2025-10-23 13:32:50,App,Completed,,8305.00,0.00,1328.80,9633.80,Online,missing_value
ORD00150675,,LOC0016,2025-10-23 17:55:36,Dine-in,Completed,,7810.00,0.00,1249.60,9059.60,Card,missing_value
ORD00150678,,LOC0018,2025-10-23 18:10:02,App,Completed,,3940.00,0.00,630.40,4570.40,Wallet,missing_value
ORD00150866,CUST0049954,LOC0002,2025-10-23 21:58:07,ThirdPartyDelivery,Completed,,2370.00,5222.15,355.50,2725.50,Cash,discount_exceeds_subtotal
ORD00151023,,LOC0003,2025-10-24 12:55:16,ThirdPartyDelivery,Completed,,3575.00,0.00,536.25,4111.25,Online,missing_value
ORD00151243,CUST0016396,LOC0011,2025-10-24 18:35:25,Dine-in,Completed,,6315.00,9113.14,1010.40,7325.40,Wallet,discount_exceeds_subtotal
ORD00151428,CUST0030839,LOC4789,2025-10-24 21:18:17,Takeaway,Cancelled,,7665.00,0.00,1226.40,8891.40,Cash,invalid_restaurant_id
ORD00151554,CUST0044901,LOC0024,2025-10-25 01:33:42,ThirdPartyDelivery,Cancelled,,6280.00,0.00,1004.80,7284.80,Cash,orphan_foreign_key
ORD00151578,CUST0052579,LOC0366,2025-10-25 11:47:49,Dine-in,Completed,,5735.00,0.00,917.60,6652.60,Cash,invalid_restaurant_id
ORD00151608,CUST0023019,LOC0023,2025-10-25 12:27:28,App,Completed,,3995.00,4536.48,599.25,4594.25,Online,discount_exceeds_subtotal
ORD00151785,CUST0002871,LOC5110,2025-10-25 15:58:17,Dine-in,Completed,,5335.00,0.00,800.25,6135.25,Card,invalid_restaurant_id
ORD00152283,,LOC0013,2025-10-26 13:57:35,App,Completed,,8440.00,0.00,1266.00,9706.00,Wallet,missing_value
ORD00152346,CUST6570020,LOC0011,2025-10-26 15:20:57,Takeaway,Completed,,6060.00,0.00,969.60,7029.60,Cash,orphan_foreign_key
ORD00152361,CUST0049348,LOC0017,2025-10-26 15:54:37,App,Completed,,9970.00,20891.94,1595.20,11565.20,Wallet,discount_exceeds_subtotal
ORD00152520,,LOC0003,2025-10-26 20:03:03,App,Cancelled,,8750.00,0.00,1312.50,10062.50,Card,missing_value
ORD00152673,,LOC0009,2025-10-26 22:18:18,App,Completed,,9780.00,0.00,1564.80,11344.80,Card,missing_value
ORD00152775,,LOC0010,2025-10-27 12:00:19,Dine-in,Completed,,20100.00,0.00,3216.00,23316.00,Wallet,missing_value
ORD00152927,CUST0042640,LOC0013,2025-10-27 17:00:31,App,Completed,,12055.00,0.00,1808.25,13863.25,Card,orphan_foreign_key
ORD00153191,CUST0011105,LOC0022,2025-10-28 12:06:00,Dine-in,Completed,,12315.00,0.00,1847.25,14162.25,Cash,orphan_foreign_key
ORD00153253,CUST0008796,LOC3221,2025-10-28 13:53:28,ThirdPartyDelivery,Cancelled,,4780.00,0.00,764.80,5544.80,Cash,invalid_restaurant_id
ORD00153500,CUST2729540,LOC0023,2025-10-29 12:05:16,ThirdPartyDelivery,Completed,,1205.00,0.00,180.75,1385.75,Cash,orphan_foreign_key
ORD00153797,CUST0017763,LOC0017,2025-10-29 21:53:25,Takeaway,Cancelled,,2350.00,0.00,376.00,2726.00,Card,orphan_foreign_key
ORD00154206,CUST0042424,LOC0017,2025-10-31 01:42:20,ThirdPartyDelivery,Completed,,11550.00,0.00,1848.00,13398.00,Online,orphan_foreign_key
ORD00154267,CUST1287963,LOC0023,2025-10-31 12:52:32,ThirdPartyDelivery,Completed,,6300.00,0.00,945.00,7245.00,Cash,orphan_foreign_key
ORD00154372,CUST0017703,LOC0003,,ThirdPartyDelivery,Completed,,4020.00,0.00,603.00,4623.00,Online,invalid_date
ORD00154534,CUST0043281,LOC8000,2025-10-31 20:45:04,Takeaway,Completed,,5195.00,0.00,779.25,5974.25,Cash,invalid_restaurant_id
ORD00154596,CUST0010446,LOC0001,2025-10-31 21:38:45,App,Completed,,7280.00,17253.55,1092.00,8372.00,Wallet,discount_exceeds_subtotal
ORD00154632,,LOC0003,2025-10-31 22:15:31,Takeaway,Completed,,8820.00,0.00,1323.00,10143.00,Card,missing_value
ORD00154635,CUST0036004,LOC9750,2025-10-31 22:18:27,ThirdPartyDelivery,Completed,,8060.00,0.00,1289.60,9349.60,Cash,invalid_restaurant_id
ORD00154747,CUST0000546,LOC0013,2027-11-05 21:17:00,Takeaway,Completed,,3420.00,0.00,513.00,3933.00,Cash,invalid_date
ORD00154801,,LOC0014,2025-11-01 13:06:29,App,Completed,,7685.00,0.00,1152.75,8837.75,Card,missing_value
ORD00154902,CUST0042657,LOC0013,2025-11-01 14:30:40,Dine-in,Completed,PROMO017,8290.00,573.00,1157.55,8874.55,Card,orphan_foreign_key
ORD00155326,CUST2678538,LOC0023,2025-11-01 22:42:19,Dine-in,Completed,,11150.00,0.00,1672.50,12822.50,Cash,orphan_foreign_key
ORD00155446,CUST0000511,LOC0006,2025-11-02 12:24:49,Dine-in,Completed,PROMO017,20055.00,42778.78,2573.32,19728.82,Card,discount_exceeds_subtotal
ORD00155633,CUST0042774,LOC0009,,ThirdPartyDelivery,Completed,,8710.00,0.00,1393.60,10103.60,Online,invalid_date
ORD00155985,,LOC0017,2025-11-02 22:58:03,Dine-in,Completed,,12635.00,0.00,2021.60,14656.60,Cash,missing_value
ORD00156167,CUST0050644,LOC0004,,Dine-in,Completed,PROMO017,4200.00,99.00,615.15,4716.15,Card,invalid_date
ORD00156181,CUST0011464,LOC0018,2025-11-03 15:10:36,App,Completed,,4445.00,0.00,711.20,5156.20,Online,orphan_foreign_key
ORD00156334,,LOC0002,2025-11-03 20:43:05,Takeaway,Completed,,3210.00,0.00,481.50,3691.50,Card,missing_value
ORD00156730,CUST8253579,LOC0011,2025-11-04 20:12:26,Takeaway,Completed,,1710.00,0.00,273.60,1983.60,Cash,orphan_foreign_key
ORD00156783,,LOC0012,2025-11-04 21:00:00,ThirdPartyDelivery,Completed,PROMO017,5020.00,1293.00,559.05,4286.05,Cash,missing_value
ORD00156834,CUST0021980,LOC0013,2025-11-04 21:56:41,Dine-in,Completed,,4760.00,7570.28,714.00,5474.00,Card,discount_exceeds_subtotal
ORD00156868,CUST0013723,LOC0015,2099-12-31 22:53:00,App,Completed,,10615.00,0.00,1698.40,12313.40,Online,invalid_date
ORD00157166,CUST0036104,LOC0018,2025-11-05 19:38:01,App,Completed,,8270.00,0.00,1323.20,9593.20,Online,orphan_foreign_key
ORD00157170,CUST0034604,LOC0009,,Dine-in,Completed,PROMO017,9205.00,1543.50,1225.84,8887.34,Card,invalid_date
ORD00157256,CUST0045322,LOC0022,,ThirdPartyDelivery,Completed,,3245.00,0.00,486.75,3731.75,Cash,invalid_date
ORD00157417,CUST0022899,LOC0002,,App,Completed,,5415.00,0.00,812.25,6227.25,Wallet,invalid_date
ORD00157461,CUST0054739,LOC0018,,App,Completed,,1740.00,0.00,278.40,2018.40,Cash,invalid_date
ORD00157476,CUST0024806,LOC0010,2031-07-22 22:01:00,ThirdPartyDelivery,Completed,,7260.00,0.00,1161.60,8421.60,Cash,invalid_date
ORD00157689,CUST0023837,LOC0001,2025-11-06 20:40:08,ThirdPartyDelivery,Completed,,7540.00,0.00,1131.00,8671.00,Cash,orphan_foreign_key
ORD00157699,CUST0051230,LOC0002,2025-11-06 20:46:58,Dine-in,Completed,,2455.00,5391.58,368.25,2823.25,Card,discount_exceeds_subtotal
ORD00157781,CUST0005110,LOC0013,2031-07-22 22:14:00,Dine-in,Completed,,3670.00,0.00,550.50,4220.50,Card,invalid_date
ORD00157867,CUST8576593,LOC0006,2025-11-07 00:25:16,Dine-in,Completed,,4770.00,0.00,715.50,5485.50,Cash,orphan_foreign_key
ORD00158087,CUST0008172,LOC0020,,Dine-in,Completed,,10470.00,0.00,1570.50,12040.50,Card,invalid_date
ORD00158354,CUST0032538,LOC0018,2025-11-07 21:00:39,Dine-in,Completed,PROMO017,12205.00,1720.50,1677.52,12162.02,Card,orphan_foreign_key
ORD00158368,CUST0015454,LOC0003,2025-11-07 21:13:01,Dine-in,Completed,,9365.00,13082.71,1404.75,10769.75,Card,discount_exceeds_subtotal
ORD00158381,CUST0280796,LOC0023,2025-11-07 21:22:31,Dine-in,Completed,,2950.00,0.00,442.50,3392.50,Cash,orphan_foreign_key
ORD00158586,,LOC0016,2025-11-08 12:06:53,Takeaway,Completed,,2500.00,0.00,400.00,2900.00,Card,missing_value
ORD00158698,CUST0008613,LOC0003,2025-11-08 13:26:59,App,Completed,,3050.00,0.00,457.50,3507.50,Online,orphan_foreign_key
ORD00158869,CUST3604363,LOC0013,2025-11-08 17:08:25,Takeaway,Completed,,1650.00,0.00,247.50,1897.50,Card,orphan_foreign_key
ORD00158991,CUST9796663,LOC0007,2025-11-08 19:56:22,App,Completed,,3990.00,0.00,638.40,4628.40,Card,orphan_foreign_key
ORD00158999,CUST0014826,LOC0013,,ThirdPartyDelivery,Completed,,2985.00,0.00,447.75,3432.75,Online,invalid_date
ORD00159199,CUST0022546,LOC6285,2025-11-08 21:52:36,Takeaway,Completed,,6120.00,0.00,918.00,7038.00,Cash,invalid_restaurant_id
ORD00159565,,LOC0017,2025-11-09 16:19:54,App,Completed,,2080.00,0.00,332.80,2412.80,Card,missing_value
ORD00159574,CUST0028735,LOC0010,2025-11-09 17:05:00,ThirdPartyDelivery,Completed,,4010.00,7804.70,641.60,4651.60,Cash,discount_exceeds_subtotal
ORD00159694,CUST0012775,LOC0018,2025-11-09 19:38:14,ThirdPartyDelivery,Completed,,9250.00,0.00,1480.00,10730.00,Online,orphan_foreign_key
ORD00159837,CUST0000497,LOC0022,2025-11-09 21:12:08,Website,Completed,,16270.00,18305.67,2440.50,18710.50,Wallet,discount_exceeds_subtotal
ORD00160017,CUST0011623,LOC0019,2025-11-10 11:27:39,Website,Completed,,8895.00,0.00,1423.20,10318.20,Online,orphan_foreign_key
ORD00160165,,LOC0023,2025-11-10 16:25:23,App,Completed,,3930.00,0.00,589.50,4519.50,Online,missing_value
ORD00160515,CUST0019007,LOC7581,2025-11-11 13:22:19,Dine-in,Completed,,2315.00,0.00,347.25,2662.25,Cash,invalid_restaurant_id
ORD00160580,CUST0008865,LOC0002,2025-11-11 14:43:44,ThirdPartyDelivery,Completed,,3065.00,0.00,459.75,3524.75,Online,orphan_foreign_key
ORD00160647,CUST0026023,LOC0015,2025-11-11 18:12:59,ThirdPartyDelivery,Completed,,12000.00,0.00,1920.00,13920.00,Online,orphan_foreign_key
ORD00160722,CUST0036377,LOC0020,2025-11-11 20:06:19,Dine-in,Completed,,5350.00,0.00,802.50,6152.50,Card,orphan_foreign_key
ORD00160738,CUST0019503,LOC4719,2025-11-11 20:15:03,Dine-in,Completed,,2360.00,0.00,354.00,2714.00,Card,invalid_restaurant_id
ORD00160905,CUST0037293,LOC0012,2027-11-05 17:32:00,Takeaway,Completed,,3240.00,0.00,486.00,3726.00,Cash,invalid_date
ORD00160943,CUST0110480,LOC0020,2025-11-12 12:21:12,Website,Completed,,11210.00,0.00,1681.50,12891.50,Online,orphan_foreign_key
ORD00161097,CUST0018782,LOC0005,2025-11-12 17:04:11,Dine-in,Completed,,4050.00,0.00,607.50,4657.50,Cash,orphan_foreign_key
ORD00161302,CUST0000674,LOC0014,2025-11-12 21:45:05,Dine-in,Completed,PROMO017,11320.00,16467.19,1188.60,9112.60,Card,discount_exceeds_subtotal
ORD00161409,CUST0004149,LOC0007,2025-11-13 00:43:14,Dine-in,Completed,PROMO017,8645.00,763.50,1261.04,9142.54,Card,orphan_foreign_key
ORD00161476,CUST0052543,LOC0008,2025-11-13 12:52:11,App,Completed,,7730.00,0.00,1236.80,8966.80,Card,orphan_foreign_key
ORD00161560,,LOC0003,2025-11-13 14:12:37,ThirdPartyDelivery,Completed,PROMO017,4480.00,900.00,537.00,4117.00,Online,missing_value
ORD00161716,CUST0047518,LOC0009,2025-11-13 20:02:58,Dine-in,Completed,,8375.00,19116.75,1340.00,9715.00,Card,discount_exceeds_subtotal
ORD00161916,CUST0036554,LOC0008,2025-11-14 01:44:47,Dine-in,Cancelled,PROMO017,6925.00,11778.25,987.76,7161.26,Wallet,discount_exceeds_subtotal
ORD00162216,CUST0022346,LOC0001,,Dine-in,Completed,,14925.00,0.00,2238.75,17163.75,Wallet,invalid_date
ORD00162315,,LOC0017,2025-11-14 19:52:44,App,Completed,,1855.00,0.00,296.80,2151.80,Wallet,missing_value
ORD00162326,CUST0002237,LOC0025,2025-11-14 20:02:04,Dine-in,Completed,,5615.00,0.00,842.25,6457.25,Card,orphan_foreign_key
ORD00162543,CUST0032127,LOC0021,2031-07-22 16:08:00,Takeaway,Completed,,3480.00,0.00,522.00,4002.00,Wallet,invalid_date
ORD00162577,CUST0021144,LOC0005,2025-11-15 11:14:06,App,Completed,,4470.00,0.00,670.50,5140.50,Online,orphan_foreign_key
ORD00162746,CUST0028482,LOC7601,2025-11-15 13:39:57,Dine-in,Completed,,14770.00,0.00,2215.50,16985.50,Cash,invalid_restaurant_id
ORD00162758,,LOC0007,2025-11-15 13:54:36,Dine-in,Completed,,7585.00,0.00,1213.60,8798.60,Cash,missing_value
ORD00162945,CUST0007806,LOC0003,2025-11-15 19:06:22,ThirdPartyDelivery,Completed,,11075.00,0.00,1661.25,12736.25,Cash,orphan_foreign_key
ORD00162961,,LOC0003,2025-11-15 19:21:39,Takeaway,Completed,,13710.00,0.00,2056.50,15766.50,Cash,missing_value
ORD00163117,,LOC0013,2025-11-15 21:17:16,App,Cancelled,,6675.00,0.00,1001.25,7676.25,Online,missing_value
ORD00163283,,LOC0016,2025-11-16 00:57:59,Dine-in,Completed,,11560.00,0.00,1849.60,13409.60,Wallet,missing_value
ORD00163604,,LOC0013,2025-11-16 18:44:56,ThirdPartyDelivery,Completed,,10180.00,0.00,1527.00,11707.00,Online,missing_value
ORD00163658,,LOC0004,2025-11-16 19:34:07,App,Completed,PROMO017,3685.00,1105.50,386.92,2966.42,Wallet,missing_value
ORD00163749,CUST0030448,LOC0005,1900-01-01 19:16:00,Dine-in,Completed,PROMO017,9255.00,625.50,1294.42,9923.92,Card,invalid_date
ORD00163853,,LOC0015,2025-11-16 21:43:27,Takeaway,Completed,,3780.00,0.00,604.80,4384.80,Cash,missing_value
ORD00164109,CUST0025810,LOC0015,2025-11-17 14:47:36,App,Completed,,5050.00,8590.65,808.00,5858.00,Online,discount_exceeds_subtotal
ORD00164195,,LOC0001,2025-11-17 19:03:03,App,Completed,PROMO017,6375.00,805.50,835.42,6404.92,Online,missing_value
ORD00164206,CUST0034999,LOC0013,2025-11-17 19:17:52,Dine-in,Completed,PROMO017,5445.00,661.50,717.52,5501.02,Card,orphan_foreign_key
ORD00164309,,LOC0018,2025-11-17 20:59:58,Dine-in,Completed,,3905.00,0.00,624.80,4529.80,Card,missing_value
ORD00164376,CUST0044768,LOC8547,2025-11-17 22:12:04,Takeaway,Completed,,3420.00,0.00,547.20,3967.20,Card,invalid_restaurant_id
ORD00164410,CUST0011957,LOC0239,2025-11-17 22:50:04,Website,Cancelled,,10680.00,0.00,1708.80,12388.80,Online,invalid_restaurant_id
ORD00164545,,LOC0014,2025-11-18 13:14:25,ThirdPartyDelivery,Completed,,6440.00,0.00,966.00,7406.00,Cash,missing_value
ORD00164630,CUST0014531,LOC8790,2025-11-18 14:54:30,ThirdPartyDelivery,Completed,,5610.00,0.00,897.60,6507.60,Online,invalid_restaurant_id
ORD00164889,CUST0029226,LOC0017,,ThirdPartyDelivery,Completed,PROMO017,10395.00,2179.50,1314.48,9529.98,Online,invalid_date
ORD00164903,CUST0003773,LOC0015,2025-11-18 23:08:51,Dine-in,Completed,,2730.00,0.00,436.80,3166.80,Wallet,orphan_foreign_key
ORD00164905,CUST1146457,LOC0009,2025-11-18 23:21:23,Dine-in,Completed,PROMO017,10520.00,927.00,1534.88,11127.88,Cash,orphan_foreign_key
ORD00165043,CUST0021954,LOC0005,1970-01-01 12:52:00,Dine-in,Completed,,795.00,0.00,119.25,914.25,Card,invalid_date
ORD00165327,,LOC0005,2025-11-19 21:35:34,App,Completed,,7720.00,0.00,1158.00,8878.00,Wallet,missing_value
ORD00165361,CUST1107294,LOC0015,2025-11-19 22:23:57,ThirdPartyDelivery,Completed,PROMO017,7600.00,783.00,1090.72,7907.72,Online,orphan_foreign_key
ORD00165465,CUST0020009,LOC0011,2025-11-20 12:23:42,ThirdPartyDelivery,Completed,,2840.00,0.00,454.40,3294.40,Cash,orphan_foreign_key
ORD00165498,CUST0037083,LOC0003,2025-11-20 13:01:15,Dine-in,Completed,,13260.00,24540.86,1989.00,15249.00,Wallet,discount_exceeds_subtotal
ORD00165609,CUST0022446,LOC0015,2025-11-20 16:44:30,App,Completed,,4595.00,0.00,735.20,5330.20,Online,orphan_foreign_key
ORD00165646,CUST0045758,LOC0003,2025-11-20 18:22:59,ThirdPartyDelivery,Completed,,2600.00,0.00,390.00,2990.00,Online,orphan_foreign_key
ORD00166062,CUST0054918,LOC0022,2025-11-21 13:35:58,App,Completed,,15795.00,0.00,2369.25,18164.25,Online,orphan_foreign_key
ORD00166069,,LOC0004,2025-11-21 13:44:06,Website,Completed,,9280.00,0.00,1392.00,10672.00,Online,missing_value
ORD00166471,CUST0043208,LOC0009,,Dine-in,Completed,,7930.00,0.00,1268.80,9198.80,Cash,invalid_date
ORD00166748,CUST0006630,LOC0003,2025-11-22 15:12:28,App,Completed,,12070.00,0.00,1810.50,13880.50,Card,orphan_foreign_key
ORD00166799,,LOC0009,2025-11-22 18:02:21,Dine-in,Completed,,6965.00,0.00,1114.40,8079.40,Cash,missing_value
ORD00166830,,LOC0015,2025-11-22 18:44:54,ThirdPartyDelivery,Completed,,4365.00,0.00,698.40,5063.40,Online,missing_value
ORD00166888,CUST0006945,LOC0020,2025-11-22 20:01:05,Dine-in,Completed,,8395.00,0.00,1259.25,9654.25,Cash,orphan_foreign_key
ORD00166941,CUST0043826,LOC0010,,Dine-in,Completed,,2920.00,0.00,467.20,3387.20,Card,invalid_date
ORD00167443,CUST0003773,LOC0015,2025-11-23 19:09:24,ThirdPartyDelivery,Completed,,6930.00,0.00,1108.80,8038.80,Online,orphan_foreign_key
ORD00167633,,LOC0024,2025-11-23 22:33:20,Dine-in,Completed,,4585.00,0.00,733.60,5318.60,Card,missing_value
ORD00167676,CUST0005936,LOC0013,2025-11-23 23:45:24,ThirdPartyDelivery,Completed,,5915.00,10529.91,887.25,6802.25,Cash,discount_exceeds_subtotal
ORD00167765,,LOC0021,2025-11-24 13:06:02,Dine-in,Completed,,5710.00,0.00,856.50,6566.50,Wallet,missing_value
ORD00167800,,LOC0008,2025-11-24 13:50:59,ThirdPartyDelivery,Completed,,5720.00,0.00,915.20,6635.20,Cash,missing_value
ORD00167849,,LOC0011,2025-11-24 16:17:22,Dine-in,Completed,,5080.00,0.00,812.80,5892.80,Card,missing_value
ORD00167879,CUST0047840,LOC0001,2025-11-24 17:54:34,Dine-in,Completed,,4610.00,0.00,691.50,5301.50,Cash,orphan_foreign_key
ORD00167975,CUST8112173,LOC0006,2025-11-24 20:26:32,Takeaway,Completed,,1520.00,0.00,228.00,1748.00,Card,orphan_foreign_key
ORD00167986,CUST1029940,LOC0016,2025-11-24 20:42:27,App,Completed,,3500.00,0.00,560.00,4060.00,Wallet,orphan_foreign_key
ORD00168378,CUST0008718,LOC0008,2025-11-25 21:12:51,ThirdPartyDelivery,Completed,,3310.00,5245.96,529.60,3839.60,Online,discount_exceeds_subtotal
ORD00168425,CUST7614093,LOC0007,2025-11-25 22:25:23,Website,Cancelled,,2660.00,0.00,425.60,3085.60,Online,orphan_foreign_key
ORD00168582,CUST0041950,LOC3082,2025-11-26 14:11:58,Website,Completed,,1820.00,0.00,291.20,2111.20,Online,invalid_restaurant_id
ORD00169423,CUST0006943,LOC0001,2025-11-27 21:35:27,Dine-in,Completed,,16310.00,0.00,2446.50,18756.50,Card,orphan_foreign_key
ORD00169435,CUST0039820,LOC0005,,Takeaway,Completed,,6380.00,0.00,957.00,7337.00,Card,invalid_date
ORD00169496,,LOC0001,2025-11-27 22:48:04,App,Completed,,2780.00,0.00,417.00,3197.00,Online,missing_value
ORD00169746,,LOC0020,2025-11-28 13:17:22,App,Completed,,4890.00,0.00,733.50,5623.50,Wallet,missing_value
ORD00169783,,LOC0023,2025-11-28 13:36:46,Dine-in,Completed,,12270.00,0.00,1840.50,14110.50,Card,missing_value
ORD00170198,CUST0001753,LOC0018,2025-11-28 20:30:44,Takeaway,Completed,,5130.00,0.00,820.80,5950.80,Wallet,orphan_foreign_key
ORD00170226,CUST0041985,LOC0025,2025-11-28 20:49:36,Dine-in,Completed,,3540.00,6083.63,531.00,4071.00,Cash,discount_exceeds_subtotal
ORD00170239,,LOC0004,2025-11-28 20:55:56,Dine-in,Completed,,9120.00,0.00,1368.00,10488.00,Cash,missing_value
ORD00170340,CUST0002265,LOC0005,2025-11-28 21:46:29,ThirdPartyDelivery,Completed,,7845.00,19445.58,1176.75,9021.75,Online,discount_exceeds_subtotal
ORD00170442,CUST0012543,LOC9265,2025-11-28 22:58:14,Website,Completed,PROMO018,14850.00,4455.00,1559.25,11954.25,Online,invalid_restaurant_id
ORD00170709,CUST0046821,LOC0019,2031-07-22 10:01:00,App,Completed,,9095.00,0.00,1455.20,10550.20,Card,invalid_date
ORD00170761,CUST0027590,LOC0016,2099-12-31 20:00:00,App,Completed,,5625.00,0.00,900.00,6525.00,Online,invalid_date
ORD00171183,CUST0045856,LOC0013,2025-11-29 20:34:23,ThirdPartyDelivery,Completed,,12220.00,0.00,1833.00,14053.00,Online,orphan_foreign_key
ORD00171243,CUST0006562,LOC0013,2025-11-29 20:59:49,App,Cancelled,PROMO018,3135.00,940.50,329.18,2523.68,Online,orphan_foreign_key
ORD00171248,CUST0030437,LOC0608,2025-11-29 21:02:41,Takeaway,Completed,,2165.00,0.00,324.75,2489.75,Cash,invalid_restaurant_id
ORD00171256,,LOC0018,2025-11-29 21:06:59,Takeaway,Completed,,2200.00,0.00,352.00,2552.00,Cash,missing_value
ORD00171806,,LOC0018,2025-11-30 15:06:15,ThirdPartyDelivery,Completed,,2970.00,0.00,475.20,3445.20,Online,missing_value
ORD00171828,CUST0022017,LOC0011,1970-01-01 20:32:00,ThirdPartyDelivery,Completed,,6850.00,0.00,1096.00,7946.00,Cash,invalid_date
ORD00172266,,LOC0005,2025-11-30 21:59:27,App,Completed,,6750.00,0.00,1012.50,7762.50,Card,missing_value
ORD00172334,,LOC0023,2025-11-30 22:52:23,Dine-in,Completed,,3630.00,0.00,544.50,4174.50,Wallet,missing_value
ORD00173025,CUST0021575,LOC0001,1970-01-01 15:40:00,App,Completed,,6955.00,0.00,1043.25,7998.25,Wallet,invalid_date
ORD00173249,CUST0041866,LOC0007,2025-12-02 20:18:16,Dine-in,Completed,,4375.00,7969.26,700.00,5075.00,Card,discount_exceeds_subtotal
ORD00173365,CUST1459048,LOC0002,2025-12-02 22:03:12,App,Completed,,1170.00,0.00,175.50,1345.50,Online,orphan_foreign_key
ORD00173526,CUST0027488,LOC0012,2025-12-03 13:09:34,App,Cancelled,,7360.00,8554.95,1104.00,8464.00,Online,discount_exceeds_subtotal
ORD00173630,CUST0019428,LOC0006,,Dine-in,Completed,,5320.00,0.00,798.00,6118.00,Card,invalid_date
ORD00173733,CUST0050075,LOC0002,2025-12-03 19:26:01,Dine-in,Completed,,3000.00,3720.68,450.00,3450.00,Cash,discount_exceeds_subtotal
ORD00173826,CUST0008810,LOC0019,2025-12-03 20:53:48,Takeaway,Completed,,3420.00,0.00,547.20,3967.20,Cash,orphan_foreign_key
ORD00173980,CUST0043475,LOC0019,2025-12-04 01:09:49,Dine-in,Completed,,12585.00,0.00,2013.60,14598.60,Cash,orphan_foreign_key
ORD00174205,CUST0032258,LOC0018,1900-01-01 19:42:00,Dine-in,Completed,,12770.00,0.00,2043.20,14813.20,Card,invalid_date
ORD00174356,CUST0010241,LOC0010,2027-11-05 15:24:00,Dine-in,Completed,,7460.00,0.00,1193.60,8653.60,Cash,invalid_date
ORD00174452,CUST0003542,LOC0002,,Website,Completed,PROMO019,12090.00,112.50,1796.62,13774.12,Online,invalid_date
ORD00174474,CUST0022747,LOC0005,2025-12-04 22:27:02,Dine-in,Completed,,6495.00,14566.06,974.25,7469.25,Card,discount_exceeds_subtotal
ORD00174581,CUST0052755,LOC0015,2025-12-05 12:03:25,Dine-in,Completed,,10440.00,0.00,1670.40,12110.40,Cash,orphan_foreign_key
ORD00174831,,LOC0004,2025-12-05 16:29:15,ThirdPartyDelivery,Completed,PROMO019,1115.00,96.00,152.85,1171.85,Cash,missing_value
ORD00174964,CUST5069402,LOC0020,2025-12-05 19:36:16,App,Completed,,8880.00,0.00,1332.00,10212.00,Card,orphan_foreign_key
ORD00175051,CUST0008618,LOC0007,1970-01-01 14:30:00,Takeaway,Completed,PROMO019,6960.00,124.50,1093.68,7929.18,Card,invalid_date
ORD00175083,CUST0034752,LOC0003,2025-12-05 20:57:42,ThirdPartyDelivery,Completed,PROMO019,16560.00,27.00,2479.95,19012.95,Cash,orphan_foreign_key
ORD00175241,,LOC0016,2025-12-05 22:52:20,ThirdPartyDelivery,Completed,,13905.00,0.00,2224.80,16129.80,Cash,missing_value
ORD00175443,CUST0001676,LOC0013,2025-12-06 13:10:18,Takeaway,Completed,PROMO019,6475.00,7144.13,962.70,7380.70,Cash,discount_exceeds_subtotal
ORD00175631,,LOC0006,2025-12-06 17:20:01,Takeaway,Completed,,4310.00,0.00,646.50,4956.50,Wallet,missing_value
ORD00175727,CUST0049071,LOC4724,2025-12-06 19:24:33,Takeaway,Completed,PROMO019,3345.00,76.50,490.28,3758.78,Card,invalid_restaurant_id
ORD00176096,CUST0000968,LOC7672,2025-12-07 00:47:19,Dine-in,Completed,PROMO019,8820.00,271.50,1282.27,9830.77,Cash,invalid_restaurant_id
ORD00176204,CUST0020324,LOC0011,2025-12-07 12:46:55,Takeaway,Completed,PROMO019,3145.00,5008.86,495.52,3592.52,Card,discount_exceeds_subtotal
ORD00176367,,LOC0012,2025-12-07 15:09:21,ThirdPartyDelivery,Completed,PROMO019,4900.00,61.50,725.78,5564.28,Cash,missing_value
ORD00176668,CUST0027437,LOC0005,2025-12-07 21:07:18,ThirdPartyDelivery,Completed,,5445.00,7570.80,816.75,6261.75,Cash,discount_exceeds_subtotal
ORD00176720,CUST0022339,LOC2613,2025-12-07 21:43:46,App,Completed,,4110.00,0.00,616.50,4726.50,Wallet,invalid_restaurant_id
ORD00176730,CUST0024897,LOC0010,2025-12-07 21:51:06,App,Completed,,7010.00,0.00,1121.60,8131.60,Online,orphan_foreign_key
ORD00176758,CUST6275845,LOC0010,2025-12-07 22:15:27,Takeaway,Completed,,9100.00,0.00,1456.00,10556.00,Cash,orphan_foreign_key
ORD00176797,CUST0004130,LOC0004,2025-12-07 22:55:07,Dine-in,Completed,,6290.00,0.00,943.50,7233.50,Cash,orphan_foreign_key
ORD00176931,CUST8213775,LOC0009,2025-12-08 13:04:54,ThirdPartyDelivery,Completed,,2840.00,0.00,454.40,3294.40,Online,orphan_foreign_key
ORD00177377,CUST0015340,LOC0024,2025-12-09 06:42:53,Dine-in,Completed,,8740.00,0.00,1398.40,10138.40,Card,orphan_foreign_key
ORD00177578,CUST0044731,LOC0023,2025-12-09 15:48:01,Dine-in,Completed,,8350.00,0.00,1252.50,9602.50,Card,orphan_foreign_key
ORD00177622,,LOC0018,2025-12-09 18:12:53,Dine-in,Completed,,4265.00,0.00,682.40,4947.40,Wallet,missing_value
ORD00177865,,LOC0005,2025-12-09 22:17:12,App,Completed,PROMO019,16535.00,210.00,2448.75,18773.75,Card,missing_value
ORD00177919,CUST0040140,LOC0020,2025-12-10 10:00:23,Dine-in,Completed,,17165.00,0.00,2574.75,19739.75,Cash,orphan_foreign_key
ORD00178011,CUST0045856,LOC0013,2025-12-10 13:10:35,Dine-in,Completed,,10240.00,0.00,1536.00,11776.00,Cash,orphan_foreign_key
ORD00178373,CUST0014186,LOC0015,1900-01-01 16:09:00,Dine-in,Completed,PROMO019,7275.00,368.25,1105.08,8011.83,Cash,invalid_date
ORD00178459,,LOC0002,2025-12-11 00:21:45,ThirdPartyDelivery,Completed,,8635.00,0.00,1295.25,9930.25,Online,missing_value
ORD00178554,CUST0022083,LOC0014,,Dine-in,Completed,,5150.00,0.00,772.50,5922.50,Card,invalid_date
ORD00178643,CUST0015797,LOC6705,2025-12-11 14:31:42,Takeaway,Completed,,5900.00,0.00,944.00,6844.00,Card,invalid_restaurant_id
ORD00178645,,LOC0012,2025-12-11 14:39:35,Dine-in,Completed,,1455.00,0.00,218.25,1673.25,Cash,missing_value
ORD00178663,CUST0011876,LOC0008,,Dine-in,Completed,PROMO019,4735.00,202.50,725.20,5257.70,Cash,invalid_date
ORD00178791,CUST0029646,LOC0018,,Dine-in,Completed,,14960.00,0.00,2393.60,17353.60,Card,invalid_date
ORD00178934,CUST1646975,LOC0002,2025-12-11 21:51:18,App,Completed,,2520.00,0.00,378.00,2898.00,Card,orphan_foreign_key
ORD00179466,CUST0000057,LOC0007,,Dine-in,Completed,,3725.00,0.00,596.00,4321.00,Cash,invalid_date
ORD00179808,CUST0054949,LOC0010,2025-12-13 10:14:47,App,Completed,,2430.00,0.00,388.80,2818.80,Online,orphan_foreign_key
ORD00179929,CUST0032963,LOC0008,,ThirdPartyDelivery,Completed,,3605.00,0.00,576.80,4181.80,Online,invalid_date
ORD00180138,,LOC0014,2025-12-13 16:44:57,Takeaway,Completed,,3300.00,0.00,495.00,3795.00,Card,missing_value
ORD00180176,CUST0045856,LOC0013,2025-12-13 17:55:12,ThirdPartyDelivery,Completed,PROMO019,4150.00,270.00,582.00,4462.00,Cash,orphan_foreign_key
ORD00180609,,LOC0002,2025-12-13 22:41:12,Website,Completed,,6420.00,0.00,963.00,7383.00,Card,missing_value
ORD00180663,CUST0012261,LOC0017,2031-07-22 19:07:00,App,Completed,PROMO019,9930.00,102.00,1572.48,11400.48,Wallet,invalid_date
ORD00180730,CUST0014199,LOC0010,2025-12-14 11:18:17,Dine-in,Completed,,11260.00,0.00,1801.60,13061.60,Cash,orphan_foreign_key
ORD00180905,CUST0024989,LOC0004,2025-12-14 13:50:56,Dine-in,Completed,PROMO019,9705.00,138.00,1435.05,11002.05,Card,orphan_foreign_key
ORD00180993,CUST0044158,LOC0003,2025-12-14 16:15:54,Dine-in,Completed,PROMO019,11610.00,123.00,1723.05,13210.05,Cash,orphan_foreign_key
ORD00181031,,LOC0022,2025-12-14 18:05:09,App,Completed,,12850.00,0.00,1927.50,14777.50,Card,missing_value
ORD00181137,CUST0003314,LOC0015,2025-12-14 19:46:56,App,Completed,,4225.00,0.00,676.00,4901.00,Online,orphan_foreign_key
ORD00181344,CUST0051034,LOC2472,2025-12-14 21:48:59,Takeaway,Completed,PROMO019,8900.00,76.50,1411.76,10235.26,Card,invalid_restaurant_id
ORD00181586,CUST0001901,LOC0020,1900-01-01 11:33:00,ThirdPartyDelivery,Completed,,6580.00,0.00,987.00,7567.00,Cash,invalid_date
ORD00181597,CUST0013178,LOC0008,2025-12-15 13:46:05,Dine-in,Completed,,5170.00,10357.54,827.20,5997.20,Card,discount_exceeds_subtotal
ORD00181612,CUST0020334,LOC0023,2025-12-15 14:08:18,Takeaway,Completed,,4220.00,0.00,633.00,4853.00,Cash,orphan_foreign_key
ORD00181992,CUST0031486,LOC0019,2025-12-15 23:17:12,ThirdPartyDelivery,Completed,,3940.00,0.00,630.40,4570.40,Online,orphan_foreign_key
ORD00182444,CUST0054498,LOC0003,2025-12-16 21:22:28,Takeaway,Completed,,2580.00,0.00,387.00,2967.00,Card,orphan_foreign_key
ORD00182573,CUST5250750,LOC0022,2025-12-17 11:18:12,Takeaway,Completed,,3830.00,0.00,574.50,4404.50,Card,orphan_foreign_key
ORD00182759,CUST0022870,LOC0016,1970-01-01 16:03:00,ThirdPartyDelivery,Completed,,2870.00,0.00,459.20,3329.20,Online,invalid_date
ORD00182865,,LOC0020,2025-12-17 19:21:11,App,Completed,,1840.00,0.00,276.00,2116.00,Online,missing_value
ORD00182896,CUST0027551,LOC0021,2025-12-17 20:00:16,Website,Completed,,4045.00,8075.74,606.75,4651.75,Card,discount_exceeds_subtotal
ORD00183045,CUST0013534,LOC0014,2025-12-17 22:44:12,Takeaway,Completed,,1480.00,3096.76,222.00,1702.00,Cash,discount_exceeds_subtotal
ORD00183047,,LOC0011,2025-12-17 22:48:30,App,Completed,,4150.00,0.00,664.00,4814.00,Online,missing_value
ORD00183199,CUST0003653,LOC0009,2025-12-18 13:16:24,Takeaway,Completed,,5080.00,0.00,812.80,5892.80,Card,orphan_foreign_key
ORD00183229,CUST0003215,LOC6631,2025-12-18 13:41:20,Dine-in,Completed,,3180.00,0.00,508.80,3688.80,Cash,invalid_restaurant_id
ORD00183612,CUST0038943,LOC0023,2025-12-18 21:57:40,Dine-in,Completed,,10285.00,0.00,1542.75,11827.75,Card,orphan_foreign_key
ORD00183868,,LOC0003,2025-12-19 13:32:17,ThirdPartyDelivery,Completed,,1945.00,0.00,291.75,2236.75,Online,missing_value
ORD00183997,CUST0054747,LOC0015,,Takeaway,Completed,,4740.00,0.00,758.40,5498.40,Cash,invalid_date
ORD00184025,CUST0043457,LOC0020,2025-12-19 17:34:26,App,Completed,,6940.00,8038.53,1041.00,7981.00,Card,discount_exceeds_subtotal
ORD00184224,CUST5409580,LOC0019,2025-12-19 20:33:54,Dine-in,Completed,,2965.00,0.00,474.40,3439.40,Cash,orphan_foreign_key
ORD00184407,CUST0002407,LOC5164,2025-12-19 22:56:16,ThirdPartyDelivery,Completed,PROMO019,5825.00,62.25,864.41,6627.16,Cash,orphan_foreign_key
ORD00184425,,LOC0015,2025-12-19 23:20:41,Dine-in,Completed,PROMO019,14670.00,109.50,2329.68,16890.18,Wallet,missing_value
ORD00184595,,LOC0023,2025-12-20 12:46:21,Dine-in,Completed,,1650.00,0.00,247.50,1897.50,Card,missing_value
ORD00184649,CUST0025560,LOC0021,2025-12-20 13:17:08,App,Completed,,7900.00,0.00,1185.00,9085.00,Online,orphan_foreign_key
ORD00184776,CUST7230440,LOC0016,2025-12-20 14:21:11,Dine-in,Completed,PROMO020,8820.00,749.99,1291.20,9361.21,Card,orphan_foreign_key
ORD00184886,,LOC0016,2025-12-20 17:02:50,ThirdPartyDelivery,Completed,,4990.00,0.00,798.40,5788.40,Cash,missing_value
ORD00185009,CUST0039809,LOC0009,1900-01-01 15:11:00,Dine-in,Completed,,5190.00,0.00,830.40,6020.40,Cash,invalid_date
ORD00185012,CUST0052754,LOC0020,2025-12-20 19:22:15,App,Completed,,1630.00,0.00,244.50,1874.50,Wallet,orphan_foreign_key
ORD00185111,CUST0004325,LOC0003,2025-12-20 20:17:48,Dine-in,Completed,PROMO019,6735.00,387.00,952.20,7300.20,Wallet,orphan_foreign_key
ORD00185121,CUST0005050,LOC0003,,ThirdPartyDelivery,Completed,,1460.00,0.00,219.00,1679.00,Cash,invalid_date
ORD00185131,CUST0038775,LOC0019,2025-12-20 20:30:16,App,Completed,,4025.00,0.00,644.00,4669.00,Wallet,orphan_foreign_key
ORD00185240,,LOC0020,2025-12-20 21:30:39,ThirdPartyDelivery,Completed,,1480.00,0.00,222.00,1702.00,Online,missing_value
ORD00185282,CUST0030936,LOC0001,2025-12-20 21:57:38,Dine-in,Completed,,16300.00,0.00,2445.00,18745.00,Wallet,orphan_foreign_key
ORD00185283,CUST0041780,LOC0011,2025-12-20 21:57:44,ThirdPartyDelivery,Completed,,16230.00,23999.29,2596.80,18826.80,Cash,discount_exceeds_subtotal
ORD00185495,CUST3499995,LOC0010,2025-12-21 12:00:31,Dine-in,Completed,,1460.00,0.00,233.60,1693.60,Cash,orphan_foreign_key
ORD00185626,,LOC0023,2025-12-21 13:22:35,Dine-in,Completed,,7950.00,0.00,1192.50,9142.50,Card,missing_value
ORD00185783,CUST6055234,LOC0008,2025-12-21 16:03:21,ThirdPartyDelivery,Completed,,2360.00,0.00,377.60,2737.60,Online,orphan_foreign_key
ORD00186173,CUST0012432,LOC1823,2025-12-21 21:23:26,App,Completed,,5460.00,0.00,873.60,6333.60,Online,invalid_restaurant_id
ORD00186325,CUST8293867,LOC0008,2025-12-21 23:18:35,Website,Completed,PROMO020,19000.00,750.00,2920.00,21170.00,Online,orphan_foreign_key
ORD00186365,,LOC0010,2025-12-22 11:09:09,ThirdPartyDelivery,Cancelled,PROMO020,8375.00,750.00,1220.00,8845.00,Cash,missing_value
ORD00186460,CUST7659894,LOC0017,2025-12-22 13:02:32,App,Completed,,3375.00,0.00,540.00,3915.00,Card,orphan_foreign_key
ORD00186473,CUST3927171,LOC0001,2025-12-22 13:20:36,Dine-in,Completed,,3295.00,0.00,494.25,3789.25,Card,orphan_foreign_key
ORD00186616,CUST0045856,LOC0013,2025-12-22 16:58:46,ThirdPartyDelivery,Completed,,5320.00,0.00,798.00,6118.00,Cash,orphan_foreign_key
ORD00186734,,LOC0020,2025-12-22 19:47:39,Website,Completed,,1070.00,0.00,160.50,1230.50,Online,missing_value
ORD00186912,CUST0043209,LOC0009,2027-11-05 13:51:00,App,Completed,,8380.00,0.00,1340.80,9720.80,Wallet,invalid_date
ORD00186976,CUST0046723,LOC0008,,Dine-in,Completed,PROMO020,11895.00,750.00,1783.20,12928.20,Card,invalid_date
ORD00187495,,LOC0011,2025-12-23 20:45:36,Dine-in,Completed,,6660.00,0.00,1065.60,7725.60,Card,missing_value
ORD00187727,CUST9259668,LOC0004,2025-12-24 12:26:04,Dine-in,Completed,,15150.00,0.00,2272.50,17422.50,Cash,orphan_foreign_key
ORD00187918,CUST9562978,LOC0014,2025-12-24 15:12:20,Dine-in,Completed,,8890.00,0.00,1333.50,10223.50,Cash,orphan_foreign_key
ORD00187929,CUST0023242,LOC0003,2025-12-24 15:27:58,App,Completed,,3435.00,0.00,515.25,3950.25,Cash,orphan_foreign_key
ORD00187938,,LOC0004,2025-12-24 15:57:53,Website,Completed,,3045.00,0.00,456.75,3501.75,Online,missing_value
ORD00187965,CUST0025056,LOC0023,2025-12-24 17:07:57,App,Completed,,950.00,0.00,142.50,1092.50,Card,orphan_foreign_key
ORD00188049,CUST0014403,LOC0005,2099-12-31 17:32:00,App,Completed,,2180.00,0.00,327.00,2507.00,Online,invalid_date
ORD00188056,CUST7685318,LOC0012,2025-12-24 19:24:43,ThirdPartyDelivery,Completed,,7690.00,0.00,1153.50,8843.50,Online,orphan_foreign_key
ORD00188094,CUST8252823,LOC0004,2025-12-24 20:00:31,Takeaway,Completed,PROMO020,8460.00,750.00,1156.50,8866.50,Card,orphan_foreign_key
ORD00188487,CUST9592117,LOC0023,2025-12-25 12:53:47,Takeaway,Completed,,5770.00,0.00,865.50,6635.50,Cash,orphan_foreign_key
ORD00188775,CUST4273713,LOC0002,2025-12-25 17:57:45,Takeaway,Completed,,2905.00,0.00,435.75,3340.75,Card,orphan_foreign_key
ORD00188788,,LOC0016,2025-12-25 18:20:14,Dine-in,Completed,,2135.00,0.00,341.60,2476.60,Cash,missing_value
ORD00188948,CUST0016173,LOC0004,1900-01-01 22:45:00,ThirdPartyDelivery,Cancelled,,12080.00,0.00,1812.00,13892.00,Online,invalid_date
ORD00188997,,LOC0004,2025-12-25 20:32:50,App,Completed,,6040.00,0.00,906.00,6946.00,Online,missing_value
ORD00189334,CUST0007480,LOC0003,2025-12-26 11:14:25,Dine-in,Completed,,11920.00,0.00,1788.00,13708.00,Cash,orphan_foreign_key
ORD00189463,,LOC0006,2025-12-26 13:04:41,Dine-in,Completed,PROMO020,11830.00,750.00,1662.00,12742.00,Card,missing_value
ORD00189741,CUST0018916,LOC0015,2025-12-26 18:14:16,Dine-in,Completed,PROMO020,9720.00,750.00,1435.20,10405.20,Card,orphan_foreign_key
ORD00189777,CUST0002237,LOC0020,2025-12-26 18:46:56,Dine-in,Completed,,8230.00,0.00,1234.50,9464.50,Wallet,orphan_foreign_key
ORD00189874,CUST0034663,LOC6834,2025-12-26 19:44:56,Dine-in,Completed,,10240.00,0.00,1536.00,11776.00,Cash,invalid_restaurant_id
ORD00189956,CUST0001101,LOC0007,2031-07-22 19:53:00,Takeaway,Completed,,6780.00,0.00,1084.80,7864.80,Cash,invalid_date
ORD00190015,CUST0040896,LOC0018,1900-01-01 22:59:00,Dine-in,Completed,PROMO019,12580.00,57.00,2003.68,14526.68,Cash,invalid_date
ORD00190036,,LOC0004,2025-12-26 20:58:24,Dine-in,Completed,,6630.00,0.00,994.50,7624.50,Cash,missing_value
ORD00190074,,LOC0022,2025-12-26 21:16:56,Takeaway,Completed,,4530.00,0.00,679.50,5209.50,Cash,missing_value
ORD00190117,CUST0034172,LOC0005,2025-12-26 21:39:16,Website,Completed,,7170.00,13989.83,1075.50,8245.50,Online,discount_exceeds_subtotal
ORD00190328,,LOC0004,2025-12-27 11:33:21,Website,Completed,,12170.00,0.00,1825.50,13995.50,Online,missing_value
ORD00190381,CUST0026540,LOC0015,1900-01-01 14:46:00,Dine-in,Completed,,11590.00,0.00,1854.40,13444.40,Cash,invalid_date
ORD00190392,CUST0032094,LOC0014,2025-12-27 12:23:06,ThirdPartyDelivery,Completed,,3970.00,0.00,595.50,4565.50,Online,orphan_foreign_key
ORD00190398,,LOC0017,2025-12-27 12:24:47,Dine-in,Completed,,4940.00,0.00,790.40,5730.40,Cash,missing_value
ORD00190467,CUST8736492,LOC0013,2025-12-27 13:03:26,Dine-in,Completed,,7640.00,0.00,1146.00,8786.00,Card,orphan_foreign_key
ORD00190492,,LOC0006,2025-12-27 13:18:34,Takeaway,Completed,,6950.00,0.00,1042.50,7992.50,Card,missing_value
ORD00190537,CUST1859843,LOC0020,2025-12-27 13:40:17,Website,Cancelled,,8155.00,0.00,1223.25,9378.25,Online,orphan_foreign_key
ORD00190816,,LOC0019,2025-12-27 19:01:23,Dine-in,Completed,,8035.00,0.00,1285.60,9320.60,Cash,missing_value
ORD00190914,CUST0011373,LOC9847,2025-12-27 19:56:36,Takeaway,Completed,,10530.00,0.00,1579.50,12109.50,Cash,invalid_restaurant_id
ORD00191080,CUST0020175,LOC0015,2025-12-27 21:13:57,Takeaway,Completed,,1705.00,3464.13,272.80,1977.80,Card,discount_exceeds_subtotal
ORD00191114,CUST0015971,LOC0014,2025-12-27 21:26:11,Dine-in,Completed,,9140.00,14937.80,1371.00,10511.00,Card,discount_exceeds_subtotal
ORD00191132,,LOC0012,2025-12-27 21:33:54,Dine-in,Completed,,6770.00,0.00,1015.50,7785.50,Cash,missing_value
ORD00191206,CUST1279624,LOC0007,2025-12-27 22:22:31,Dine-in,Completed,,4385.00,0.00,701.60,5086.60,Cash,orphan_foreign_key
ORD00191391,CUST0038501,LOC0005,2025-12-28 12:16:17,Dine-in,Cancelled,PROMO020,9170.00,22182.72,1263.00,9682.99,Cash,discount_exceeds_subtotal
ORD00191808,,LOC0002,2025-12-28 18:11:11,Website,Completed,,6070.00,0.00,910.50,6980.50,Online,missing_value
ORD00191810,CUST0054955,LOC0002,2025-12-28 18:12:03,Takeaway,Completed,,1845.00,0.00,276.75,2121.75,Wallet,orphan_foreign_key
ORD00192039,CUST0050825,LOC0020,2025-12-28 20:48:10,ThirdPartyDelivery,Completed,,5220.00,0.00,783.00,6003.00,Online,orphan_foreign_key
ORD00192297,CUST0047780,LOC0018,2025-12-28 23:59:10,ThirdPartyDelivery,Completed,,9810.00,13549.49,1569.60,11379.60,Online,discount_exceeds_subtotal
ORD00192309,CUST0021330,LOC0023,2025-12-29 00:44:29,Website,Completed,,4735.00,0.00,710.25,5445.25,Online,orphan_foreign_key
ORD00192378,,LOC0015,2025-12-29 12:20:56,Dine-in,Completed,PROMO019,8935.00,121.50,1410.16,10223.66,Wallet,missing_value
ORD00192751,CUST0016804,LOC0004,2025-12-29 20:10:43,Takeaway,Cancelled,PROMO019,5380.00,7545.06,790.80,6062.80,Card,discount_exceeds_subtotal
ORD00193125,CUST0046961,LOC7800,2025-12-30 13:49:51,Takeaway,Completed,,14100.00,0.00,2256.00,16356.00,Cash,invalid_restaurant_id
ORD00193228,CUST0034623,LOC0004,2025-12-30 17:23:09,Website,Completed,,8585.00,17350.43,1287.75,9872.75,Card,discount_exceeds_subtotal
ORD00193294,,LOC0020,2025-12-30 19:23:24,Website,Completed,,320.00,0.00,48.00,368.00,Online,missing_value
ORD00193429,CUST0011668,LOC0002,2025-12-30 21:10:24,ThirdPartyDelivery,Completed,,2830.00,5636.32,424.50,3254.50,Cash,discount_exceeds_subtotal
ORD00193644,CUST0054356,LOC2587,2025-12-31 11:01:10,App,Completed,PROMO019,7175.00,173.25,1050.26,8052.01,Online,invalid_restaurant_id
ORD00193714,CUST0015639,LOC0010,2025-12-31 12:31:07,Dine-in,Completed,,9930.00,24151.74,1588.80,11518.80,Card,discount_exceeds_subtotal
ORD00193891,CUST0051301,LOC0004,1900-01-01 21:44:00,App,Completed,,3620.00,0.00,543.00,4163.00,Online,invalid_date
ORD00194079,CUST0029351,LOC0001,2025-12-31 18:22:01,App,Completed,PROMO020,5305.00,750.01,683.25,5238.24,Online,orphan_foreign_key
ORD00194082,CUST5971495,LOC0002,2025-12-31 18:26:00,Takeaway,Completed,PROMO019,7320.00,207.00,1066.95,8179.95,Wallet,orphan_foreign_key
ORD00194124,CUST0018793,LOC0017,2025-12-31 19:03:13,Dine-in,Completed,,6725.00,0.00,1076.00,7801.00,Card,orphan_foreign_key
ORD00194580,CUST2921743,LOC0013,2025-12-31 23:34:22,Dine-in,Completed,,12430.00,0.00,1864.50,14294.50,Card,orphan_foreign_key
ORD00000009,,LOC0007,2025-01-01 01:35:33,Takeaway,Completed,,6790.00,0.00,1086.40,7876.40,Cash,missing_value
ORD00000065,,LOC0004,2025-01-01 12:40:13,Dine-in,Completed,,12650.00,0.00,1897.50,14547.50,Cash,missing_value
ORD00000198,CUST0019181,LOC0008,2025-01-01 18:11:12,ThirdPartyDelivery,Cancelled,PROMO001,3550.00,532.50,482.80,3500.30,Cash,orphan_foreign_key
ORD00000301,CUST0042500,LOC0004,2025-01-01 20:40:34,Dine-in,Completed,,10980.00,25080.97,1647.00,12627.00,Card,discount_exceeds_subtotal
ORD00000349,CUST0040140,LOC0020,2025-01-01 21:44:09,Dine-in,Completed,,4350.00,0.00,652.50,5002.50,Cash,orphan_foreign_key
ORD00000366,,LOC0020,2025-01-01 22:09:14,Dine-in,Completed,,6890.00,0.00,1033.50,7923.50,Card,missing_value
ORD00000610,CUST0013314,LOC0006,1900-01-01 13:45:00,Dine-in,Completed,,5490.00,0.00,823.50,6313.50,Card,invalid_date
ORD00000627,CUST0032963,LOC0004,2025-01-02 17:13:04,ThirdPartyDelivery,Completed,PROMO001,3850.00,577.50,490.88,3763.38,Cash,orphan_foreign_key
ORD00000703,CUST7613956,LOC0002,2025-01-02 19:54:36,Website,Cancelled,,9880.00,0.00,1482.00,11362.00,Wallet,orphan_foreign_key
ORD00000720,,LOC0003,2025-01-02 20:10:38,ThirdPartyDelivery,Completed,PROMO001,4350.00,652.50,554.62,4252.12,Cash,missing_value
ORD00000879,,LOC0025,2025-01-03 01:13:01,Takeaway,Completed,,7500.00,0.00,1125.00,8625.00,Cash,missing_value
ORD00000912,CUST0034752,LOC0003,2025-01-03 11:50:52,ThirdPartyDelivery,Cancelled,,8920.00,0.00,1338.00,10258.00,Cash,orphan_foreign_key
ORD00001033,CUST0042267,LOC0024,,Dine-in,Completed,PROMO001,9250.00,1387.50,1258.00,9120.50,Card,invalid_date
ORD00001072,CUST0035998,LOC0023,2025-01-03 14:30:48,ThirdPartyDelivery,Completed,,870.00,0.00,130.50,1000.50,Online,orphan_foreign_key
ORD00001283,,LOC0019,2025-01-03 20:28:17,App,Completed,,3750.00,0.00,600.00,4350.00,Online,missing_value
ORD00001352,CUST0012286,LOC0008,2099-12-31 11:48:00,ThirdPartyDelivery,Completed,,8590.00,0.00,1374.40,9964.40,Online,invalid_date
ORD00001506,CUST0048367,LOC0005,2025-01-04 11:06:02,Takeaway,Completed,,2350.00,0.00,352.50,2702.50,Card,orphan_foreign_key
ORD00001735,CUST0002127,LOC6182,2025-01-04 14:55:17,App,Completed,,3360.00,0.00,504.00,3864.00,Online,invalid_restaurant_id
ORD00001809,CUST0041964,LOC0001,2025-01-04 17:49:28,App,Completed,PROMO001,1700.00,2027.40,216.75,1661.75,Online,discount_exceeds_subtotal
ORD00001995,CUST0020034,LOC0012,2025-01-04 21:00:20,Dine-in,Completed,PROMO001,6290.00,943.50,801.98,6148.48,Card,orphan_foreign_key
ORD00002128,CUST0013868,LOC0020,,Takeaway,Completed,,5820.00,0.00,873.00,6693.00,Cash,invalid_date
ORD00002356,,LOC0017,2025-01-05 13:59:58,Dine-in,Completed,,7110.00,0.00,1137.60,8247.60,Cash,missing_value
ORD00002423,CUST0024897,LOC0010,2025-01-05 15:48:03,App,Completed,,6160.00,0.00,985.60,7145.60,Online,orphan_foreign_key
ORD00002429,,LOC0001,2025-01-05 16:05:24,Dine-in,Completed,,7180.00,0.00,1077.00,8257.00,Wallet,missing_value
ORD00002477,CUST0044398,LOC0016,2025-01-05 17:53:26,App,Completed,,7800.00,11674.19,1248.00,9048.00,Online,discount_exceeds_subtotal
ORD00002548,CUST0041983,LOC0016,2025-01-05 19:25:21,Dine-in,Completed,,6360.00,9735.68,1017.60,7377.60,Card,discount_exceeds_subtotal
ORD00002621,CUST0007830,LOC0021,2025-01-05 20:28:00,Takeaway,Completed,,7280.00,0.00,1092.00,8372.00,Wallet,orphan_foreign_key
ORD00002631,CUST0003701,LOC0019,2025-01-05 20:34:33,ThirdPartyDelivery,Completed,,5640.00,6769.89,902.40,6542.40,Cash,discount_exceeds_subtotal
ORD00002716,CUST0038922,LOC0015,2027-11-05 22:04:00,Dine-in,Completed,,5770.00,0.00,923.20,6693.20,Cash,invalid_date
ORD00002907,CUST0045051,LOC0024,2099-12-31 20:39:00,Dine-in,Completed,PROMO001,16160.00,2424.00,2197.76,15933.76,Cash,invalid_date
ORD00003062,CUST0034779,LOC0002,2025-01-06 18:53:49,Dine-in,Completed,,9960.00,0.00,1494.00,11454.00,Cash,orphan_foreign_key
ORD00003193,CUST0024535,LOC0009,2025-01-06 21:47:32,Website,Completed,,3260.00,6627.82,521.60,3781.60,Card,discount_exceeds_subtotal
ORD00003196,CUST0002237,LOC0025,2025-01-06 21:52:34,Dine-in,Completed,,12070.00,0.00,1810.50,13880.50,Wallet,orphan_foreign_key
ORD00003249,CUST0044024,LOC8907,2025-01-06 22:57:52,Dine-in,Completed,,5965.00,0.00,894.75,6859.75,Cash,invalid_restaurant_id
ORD00003327,,LOC0016,2025-01-07 12:34:47,Dine-in,Completed,,12040.00,0.00,1926.40,13966.40,Card,missing_value
ORD00003531,CUST0040086,LOC0018,2025-01-07 20:08:28,Dine-in,Completed,,13350.00,19408.77,2136.00,15486.00,Cash,discount_exceeds_subtotal
ORD00003644,CUST0029803,LOC9993,2025-01-07 22:42:19,Takeaway,Completed,,3170.00,0.00,475.50,3645.50,Card,invalid_restaurant_id
ORD00003700,,LOC0002,2025-01-08 11:48:20,App,Completed,,3770.00,0.00,565.50,4335.50,Wallet,missing_value
ORD00003808,,LOC0023,2025-01-08 14:16:09,Dine-in,Completed,,3400.00,0.00,510.00,3910.00,Card,missing_value
ORD00003828,CUST7189204,LOC0013,2025-01-08 14:44:07,Takeaway,Cancelled,,6290.00,0.00,943.50,7233.50,Cash,orphan_foreign_key
ORD00003948,CUST0021521,LOC0021,,Dine-in,Completed,,5260.00,0.00,789.00,6049.00,Card,invalid_date
ORD00004024,CUST0036781,LOC8198,2025-01-08 21:22:42,Website,Completed,,7190.00,0.00,1078.50,8268.50,Online,invalid_restaurant_id
ORD00004032,,LOC0005,2025-01-08 21:28:54,Dine-in,Completed,PROMO001,7880.00,1182.00,1004.70,7702.70,Cash,missing_value
ORD00004247,,LOC0004,2025-01-09 13:31:39,Takeaway,Completed,,2970.00,0.00,445.50,3415.50,Wallet,missing_value
ORD00004373,CUST0042637,LOC0020,2025-01-09 19:01:41,Dine-in,Completed,PROMO001,24970.00,3745.50,3183.68,24408.18,Card,orphan_foreign_key
ORD00004399,,LOC0004,2025-01-09 19:33:55,App,Completed,,2160.00,0.00,324.00,2484.00,Card,missing_value
ORD00004527,CUST0052777,LOC0024,2025-01-09 21:29:05,Takeaway,Completed,,2770.00,0.00,443.20,3213.20,Cash,orphan_foreign_key
ORD00004677,CUST3155547,LOC0020,2025-01-10 12:14:00,Takeaway,Completed,PROMO001,5600.00,840.00,714.00,5474.00,Card,orphan_foreign_key
ORD00004689,,LOC0013,2025-01-10 12:30:51,Dine-in,Completed,,5280.00,0.00,792.00,6072.00,Card,missing_value
ORD00004701,CUST9620410,LOC0018,2025-01-10 12:39:00,Website,Completed,,5550.00,0.00,888.00,6438.00,Online,orphan_foreign_key
ORD00004766,CUST0032128,LOC0005,2025-01-10 13:32:25,Dine-in,Completed,,3770.00,4358.60,565.50,4335.50,Cash,discount_exceeds_subtotal
ORD00004834,CUST0005306,LOC0002,2025-01-10 14:36:30,App,Completed,,4370.00,9523.01,655.50,5025.50,Online,discount_exceeds_subtotal
ORD00004970,,LOC0023,2025-01-10 18:59:22,ThirdPartyDelivery,Completed,PROMO001,2950.00,442.50,376.12,2883.62,Cash,missing_value
ORD00004986,CUST0004879,LOC0008,2025-01-10 19:15:52,Dine-in,Completed,,13770.00,0.00,2203.20,15973.20,Card,orphan_foreign_key
ORD00005451,CUST0053473,LOC0013,2025-01-11 13:41:13,App,Completed,,8510.00,0.00,1276.50,9786.50,Online,orphan_foreign_key
ORD00005485,CUST0493362,LOC0012,2025-01-11 14:06:59,ThirdPartyDelivery,Completed,,4450.00,0.00,667.50,5117.50,Cash,orphan_foreign_key
ORD00005519,,LOC0010,2025-01-11 14:48:20,Dine-in,Completed,,5860.00,0.00,937.60,6797.60,Card,missing_value
ORD00005559,,LOC0012,2025-01-11 16:44:24,Dine-in,Completed,,10000.00,0.00,1500.00,11500.00,Cash,missing_value
ORD00005563,,LOC0020,2025-01-11 16:54:07,Website,Completed,,1100.00,0.00,165.00,1265.00,Online,missing_value
ORD00005652,CUST0003905,LOC0004,2025-01-11 19:20:59,Dine-in,Completed,,12900.00,14398.90,1935.00,14835.00,Card,discount_exceeds_subtotal
ORD00005914,CUST0004239,LOC0016,2099-12-31 10:50:00,Website,Completed,,7600.00,0.00,1216.00,8816.00,Online,invalid_date
ORD00005940,CUST0054715,LOC0002,2025-01-11 23:45:45,ThirdPartyDelivery,Completed,,3650.00,7487.42,547.50,4197.50,Online,discount_exceeds_subtotal
ORD00006077,CUST0024895,LOC0013,2025-01-12 13:21:58,Takeaway,Completed,,2350.00,0.00,352.50,2702.50,Cash,orphan_foreign_key
ORD00006162,CUST0049618,LOC0005,2025-01-12 15:03:10,App,Completed,,8545.00,15697.89,1281.75,9826.75,Online,discount_exceeds_subtotal
ORD00006603,CUST0012654,LOC0024,2025-01-13 13:14:03,Takeaway,Completed,,3720.00,7321.90,595.20,4315.20,Card,discount_exceeds_subtotal
ORD00006822,CUST2309179,LOC0018,2025-01-13 20:40:08,Website,Completed,,6545.00,0.00,1047.20,7592.20,Online,orphan_foreign_key
ORD00007111,CUST0044885,LOC0022,2025-01-14 17:23:49,ThirdPartyDelivery,Completed,,5230.00,0.00,784.50,6014.50,Online,orphan_foreign_key
ORD00007119,,LOC0006,2025-01-14 17:53:36,Dine-in,Completed,,13420.00,0.00,2013.00,15433.00,Card,missing_value
ORD00007160,CUST2403385,LOC0018,2025-01-14 19:16:51,Takeaway,Completed,PROMO002,2350.00,110.00,358.40,2598.40,Cash,orphan_foreign_key
ORD00007202,CUST0039532,LOC0004,2025-01-14 20:16:55,ThirdPartyDelivery,Completed,,4245.00,0.00,636.75,4881.75,Online,orphan_foreign_key
ORD00007234,,LOC0009,2025-01-14 20:49:08,Website,Completed,,7640.00,0.00,1222.40,8862.40,Online,missing_value
ORD00007437,CUST0001456,LOC0005,2025-01-15 13:35:24,Dine-in,Completed,,6840.00,0.00,1026.00,7866.00,Wallet,orphan_foreign_key
ORD00007466,,LOC0012,2025-01-15 14:07:29,Takeaway,Completed,,4450.00,0.00,667.50,5117.50,Wallet,missing_value
ORD00007598,CUST4405743,LOC0011,2025-01-15 19:56:34,ThirdPartyDelivery,Completed,,4490.00,0.00,718.40,5208.40,Cash,orphan_foreign_key
ORD00007724,CUST0004668,LOC4999,2025-01-15 22:27:23,App,Completed,,5640.00,0.00,902.40,6542.40,Online,invalid_restaurant_id
ORD00007810,,LOC0008,2025-01-16 12:54:21,Dine-in,Completed,,5710.00,0.00,913.60,6623.60,Cash,missing_value
ORD00007896,CUST0033750,LOC0023,,App,Completed,,1900.00,0.00,285.00,2185.00,Wallet,invalid_date
ORD00008111,CUST0048367,LOC0005,2025-01-16 21:55:26,Takeaway,Completed,,3810.00,0.00,571.50,4381.50,Card,orphan_foreign_key
ORD00008211,CUST0005487,LOC2849,2025-01-17 11:54:06,Dine-in,Completed,PROMO002,15310.00,604.00,2205.90,16911.90,Cash,invalid_restaurant_id
ORD00008238,CUST7908665,LOC0021,2025-01-17 12:21:33,Dine-in,Completed,,14840.00,0.00,2226.00,17066.00,Card,orphan_foreign_key
ORD00008281,CUST0021781,LOC0004,2025-01-17 13:11:43,ThirdPartyDelivery,Completed,PROMO002,2890.00,268.00,393.30,3015.30,Cash,orphan_foreign_key
ORD00008414,CUST0043751,LOC2410,2025-01-17 16:26:02,Dine-in,Completed,PROMO002,5640.00,280.00,804.00,6164.00,Cash,invalid_restaurant_id
ORD00008446,CUST0043475,LOC0014,2025-01-17 17:42:11,Dine-in,Completed,,5680.00,0.00,852.00,6532.00,Cash,orphan_foreign_key
ORD00008769,,LOC0004,2025-01-18 00:57:37,Dine-in,Completed,,10900.00,0.00,1635.00,12535.00,Card,missing_value
ORD00008939,CUST0013066,LOC0007,,Dine-in,Completed,PROMO002,650.00,36.00,98.24,712.24,Cash,invalid_date
ORD00009014,CUST0047718,LOC0005,2025-01-18 15:00:59,ThirdPartyDelivery,Completed,,4500.00,9323.83,675.00,5175.00,Cash,discount_exceeds_subtotal
ORD00009153,CUST9182840,LOC0002,2025-01-18 19:35:20,App,Completed,PROMO002,4900.00,310.00,688.50,5278.50,Online,orphan_foreign_key
ORD00009374,CUST0045590,LOC0024,,Dine-in,Completed,,5920.00,0.00,947.20,6867.20,Wallet,invalid_date
ORD00009418,CUST0045856,LOC0017,2025-01-18 23:10:22,ThirdPartyDelivery,Completed,,3130.00,0.00,500.80,3630.80,Online,orphan_foreign_key
ORD00009572,CUST0037433,LOC9480,2025-01-19 13:19:43,App,Completed,,5830.00,0.00,874.50,6704.50,Online,invalid_restaurant_id
ORD00009606,CUST0024873,LOC0004,2025-01-19 13:39:47,Dine-in,Completed,,8510.00,0.00,1276.50,9786.50,Cash,orphan_foreign_key
ORD00009649,CUST0048032,LOC0024,,Dine-in,Completed,PROMO002,10840.00,208.00,1701.12,12333.12,Cash,invalid_date
ORD00010107,CUST0029277,LOC0012,2025-01-20 13:33:20,Dine-in,Completed,PROMO002,9700.00,19958.00,1407.00,10787.00,Cash,discount_exceeds_subtotal
ORD00010134,CUST0051211,LOC0001,1900-01-01 17:38:00,Dine-in,Completed,,3260.00,0.00,489.00,3749.00,Card,invalid_date
ORD00010137,,LOC0025,2025-01-20 14:11:02,Takeaway,Completed,,5750.00,0.00,862.50,6612.50,Cash,missing_value
ORD00010150,,LOC0004,2025-01-20 14:30:58,Dine-in,Completed,,10640.00,0.00,1596.00,12236.00,Wallet,missing_value
ORD00010178,,LOC0004,2025-01-20 16:06:55,App,Completed,,2490.00,0.00,373.50,2863.50,Online,missing_value
ORD00010291,CUST0018587,LOC0003,,Dine-in,Completed,,4000.00,0.00,600.00,4600.00,Card,invalid_date
ORD00010464,CUST0015364,LOC0014,2025-01-21 11:42:06,App,Completed,,6840.00,0.00,1026.00,7866.00,Online,orphan_foreign_key
ORD00010562,CUST2486880,LOC0017,2025-01-21 13:57:26,Website,Completed,,8510.00,0.00,1361.60,9871.60,Card,orphan_foreign_key
ORD00010577,CUST0049975,LOC0013,2025-01-21 14:24:25,Dine-in,Completed,,5080.00,8770.06,762.00,5842.00,Card,discount_exceeds_subtotal
ORD00010787,CUST0007224,LOC0002,2025-01-21 21:39:05,Dine-in,Completed,,3280.00,7464.20,492.00,3772.00,Card,discount_exceeds_subtotal
ORD00010793,CUST0029351,LOC0003,2025-01-21 21:47:18,App,Completed,,4330.00,0.00,649.50,4979.50,Wallet,orphan_foreign_key
ORD00011050,CUST0016114,LOC0011,,App,Completed,,3480.00,0.00,556.80,4036.80,Wallet,invalid_date
ORD00011091,,LOC0021,2025-01-22 19:31:25,ThirdPartyDelivery,Completed,,2960.00,0.00,444.00,3404.00,Online,missing_value
ORD00011205,CUST0010970,LOC2545,2025-01-22 21:49:44,App,Completed,,5220.00,0.00,835.20,6055.20,Wallet,invalid_restaurant_id
ORD00011238,,LOC0001,2025-01-22 23:06:25,Dine-in,Completed,,3400.00,0.00,510.00,3910.00,Card,missing_value
ORD00011563,CUST0011226,LOC0024,1900-01-01 10:58:00,Dine-in,Completed,,3490.00,0.00,558.40,4048.40,Cash,invalid_date
ORD00011723,CUST0004573,LOC0004,,Takeaway,Completed,,13100.00,0.00,1965.00,15065.00,Cash,invalid_date
ORD00011787,,LOC0022,2025-01-24 12:17:37,Dine-in,Completed,,12260.00,0.00,1839.00,14099.00,Cash,missing_value
ORD00011938,CUST0036165,LOC0007,2025-01-24 14:29:46,Takeaway,Completed,,10870.00,0.00,1739.20,12609.20,Cash,orphan_foreign_key
ORD00011955,CUST0032073,LOC0023,2025-01-24 14:50:20,Dine-in,Completed,,8900.00,0.00,1335.00,10235.00,Card,orphan_foreign_key
ORD00011958,,LOC0011,2025-01-24 14:53:49,Takeaway,Completed,,3430.00,0.00,548.80,3978.80,Cash,missing_value
ORD00011977,CUST4979089,LOC0008,2025-01-24 15:42:01,Dine-in,Completed,,7890.00,0.00,1262.40,9152.40,Card,orphan_foreign_key
ORD00012007,CUST0031034,LOC0020,2025-01-24 17:26:07,App,Cancelled,,4010.00,4994.52,601.50,4611.50,Wallet,discount_exceeds_subtotal
ORD00012059,CUST0008265,LOC0005,2025-01-24 19:03:58,ThirdPartyDelivery,Completed,,3100.00,3710.00,465.00,3565.00,Cash,discount_exceeds_subtotal
ORD00012532,CUST0022042,LOC0013,2025-01-25 14:19:12,Website,Completed,,7050.00,11264.39,1057.50,8107.50,Card,discount_exceeds_subtotal
ORD00012808,,LOC0002,2025-01-25 20:44:43,App,Completed,PROMO002,4550.00,100.00,667.50,5117.50,Online,missing_value
ORD00012846,CUST0024900,LOC0013,2027-11-05 16:26:00,Dine-in,Completed,,9620.00,0.00,1443.00,11063.00,Cash,invalid_date
ORD00012958,CUST6694090,LOC0010,2025-01-25 23:07:09,ThirdPartyDelivery,Completed,,2850.00,0.00,456.00,3306.00,Cash,orphan_foreign_key
ORD00013169,CUST0018984,LOC0023,2025-01-26 13:45:39,ThirdPartyDelivery,Completed,,2370.00,2812.35,355.50,2725.50,Cash,discount_exceeds_subtotal
ORD00013267,CUST4846078,LOC0014,2025-01-26 16:40:23,App,Completed,,10800.00,0.00,1620.00,12420.00,Online,orphan_foreign_key
ORD00013297,,LOC0011,2025-01-26 17:51:25,App,Completed,,5520.00,0.00,883.20,6403.20,Card,missing_value
ORD00013352,CUST0015014,LOC0002,,ThirdPartyDelivery,Completed,,1750.00,0.00,262.50,2012.50,Cash,invalid_date
ORD00013587,CUST0031183,LOC0012,2025-01-26 22:55:09,App,Completed,,3250.00,6047.85,487.50,3737.50,Cash,discount_exceeds_subtotal
ORD00013621,,LOC0003,2025-01-26 23:46:35,Takeaway,Completed,,6100.00,0.00,915.00,7015.00,Cash,missing_value
ORD00013643,CUST0034890,LOC0018,2025-01-27 11:17:15,Takeaway,Completed,PROMO002,4880.00,118.00,761.92,5523.92,Cash,orphan_foreign_key
ORD00013725,,LOC0012,2025-01-27 13:26:20,Dine-in,Completed,,10500.00,0.00,1575.00,12075.00,Card,missing_value
ORD00013805,CUST0046638,LOC0003,2025-01-27 17:27:16,Dine-in,Completed,,8470.00,0.00,1270.50,9740.50,Cash,orphan_foreign_key
ORD00013995,CUST0007083,LOC5736,2025-01-27 22:09:52,ThirdPartyDelivery,Completed,,1400.00,0.00,210.00,1610.00,Cash,invalid_restaurant_id
ORD00014160,CUST0027366,LOC0004,2025-01-28 13:44:46,ThirdPartyDelivery,Completed,,4540.00,7039.94,681.00,5221.00,Cash,discount_exceeds_subtotal
ORD00014224,CUST7990366,LOC0008,2025-01-28 16:09:57,App,Completed,,5530.00,0.00,884.80,6414.80,Online,orphan_foreign_key
ORD00014308,CUST1614431,LOC0023,2025-01-28 20:01:51,Dine-in,Completed,PROMO002,4160.00,110.00,607.50,4657.50,Card,orphan_foreign_key
ORD00014358,CUST0034913,LOC0007,2025-01-28 20:58:19,ThirdPartyDelivery,Cancelled,,2160.00,3251.61,345.60,2505.60,Cash,discount_exceeds_subtotal
ORD00014419,,LOC0004,2025-01-28 22:12:04,App,Completed,,2470.00,0.00,370.50,2840.50,Online,missing_value
ORD00014459,CUST0037474,LOC2174,2025-01-29 00:16:30,Takeaway,Completed,,5510.00,0.00,826.50,6336.50,Cash,invalid_restaurant_id
ORD00014628,CUST1182665,LOC0013,2025-01-29 16:45:13,Takeaway,Completed,,910.00,0.00,136.50,1046.50,Cash,orphan_foreign_key
ORD00014634,CUST5733183,LOC0018,2025-01-29 17:07:43,Dine-in,Completed,,6110.00,0.00,977.60,7087.60,Card,orphan_foreign_key
ORD00014745,CUST7646511,LOC0013,2025-01-29 20:35:42,Dine-in,Completed,,7300.00,0.00,1095.00,8395.00,Cash,orphan_foreign_key
ORD00014888,CUST0028661,LOC0021,2025-01-30 10:56:27,Takeaway,Completed,,6770.00,0.00,1015.50,7785.50,Cash,orphan_foreign_key
ORD00015078,CUST0052071,LOC0023,2025-01-30 17:58:33,Dine-in,Completed,,8300.00,0.00,1245.00,9545.00,Card,orphan_foreign_key
ORD00015318,CUST0028526,LOC0013,2025-01-30 23:43:22,App,Completed,,3300.00,0.00,495.00,3795.00,Wallet,orphan_foreign_key
ORD00015356,CUST0054691,LOC0021,,ThirdPartyDelivery,Completed,,13320.00,0.00,1998.00,15318.00,Cash,invalid_date
ORD00015764,CUST3585693,LOC0011,2025-01-31 20:35:36,App,Completed,,2420.00,0.00,387.20,2807.20,Online,orphan_foreign_key
ORD00015821,,LOC0005,2025-01-31 21:26:43,Dine-in,Completed,,12440.00,0.00,1866.00,14306.00,Card,missing_value
ORD00016023,CUST0051673,LOC3852,2025-02-01 12:50:57,Takeaway,Completed,PROMO002,1730.00,36.00,271.04,1965.04,Wallet,invalid_restaurant_id
ORD00016048,CUST0011464,LOC0009,2025-02-01 13:12:54,Dine-in,Completed,,9900.00,0.00,1584.00,11484.00,Card,orphan_foreign_key
ORD00016065,CUST0031454,LOC6488,2025-02-01 13:27:10,Dine-in,Completed,,12370.00,0.00,1979.20,14349.20,Card,invalid_restaurant_id
ORD00016133,CUST0004149,LOC0007,2025-02-01 14:48:08,Dine-in,Completed,,5680.00,0.00,908.80,6588.80,Card,orphan_foreign_key
ORD00016202,CUST9722917,LOC0004,2025-02-01 18:07:56,App,Completed,,7560.00,0.00,1134.00,8694.00,Cash,orphan_foreign_key
ORD00016251,CUST0041318,LOC0017,2025-02-01 19:23:32,Dine-in,Completed,,3930.00,0.00,628.80,4558.80,Card,orphan_foreign_key
ORD00016402,CUST6117122,LOC0016,2025-02-01 21:19:03,Dine-in,Completed,PROMO002,3600.00,270.00,532.80,3862.80,Wallet,orphan_foreign_key
ORD00016418,CUST0042810,LOC0021,2025-02-01 21:31:41,ThirdPartyDelivery,Completed,PROMO002,6640.00,11771.98,952.20,7300.20,Cash,discount_exceeds_subtotal
ORD00016630,CUST0022535,LOC0018,2025-02-02 12:52:45,App,Completed,,2770.00,3552.66,443.20,3213.20,Online,discount_exceeds_subtotal
ORD00016639,CUST0031995,LOC0014,2025-02-02 13:02:48,Dine-in,Completed,,8910.00,0.00,1336.50,10246.50,Card,orphan_foreign_key
ORD00016765,CUST0023432,LOC0003,2025-02-02 15:45:38,Dine-in,Completed,,12370.00,29464.98,1855.50,14225.50,Card,discount_exceeds_subtotal
ORD00016947,CUST0029478,LOC0001,2025-02-02 20:03:24,Dine-in,Completed,,12920.00,29764.77,1938.00,14858.00,Cash,discount_exceeds_subtotal
ORD00016948,,LOC0020,2025-02-02 20:04:33,App,Completed,,11810.00,0.00,1771.50,13581.50,Online,missing_value
ORD00017075,CUST0040423,LOC0004,2025-02-02 21:58:23,Dine-in,Completed,PROMO002,5360.00,13061.40,722.70,5540.70,Card,discount_exceeds_subtotal
ORD00017109,CUST0040711,LOC0011,2025-02-02 22:38:40,Website,Completed,,3600.00,0.00,576.00,4176.00,Online,orphan_foreign_key
ORD00017156,CUST0002237,LOC0025,2025-02-03 00:09:07,Takeaway,Completed,,2630.00,0.00,394.50,3024.50,Card,orphan_foreign_key
ORD00017184,,LOC0008,2025-02-03 11:49:11,ThirdPartyDelivery,Completed,,3490.00,0.00,558.40,4048.40,Online,missing_value
ORD00017239,CUST0054990,LOC0007,2025-02-03 13:14:49,App,Completed,,4020.00,0.00,643.20,4663.20,Online,orphan_foreign_key
ORD00017241,CUST0016973,LOC0001,2099-12-31 22:20:00,App,Completed,,7410.00,0.00,1111.50,8521.50,Online,invalid_date
ORD00017349,,LOC0003,2025-02-03 17:11:41,Website,Completed,PROMO002,9025.00,110.00,1337.25,10252.25,Online,missing_value
ORD00017632,CUST9211834,LOC0009,2025-02-04 12:31:23,App,Completed,PROMO002,6560.00,220.00,1014.40,7354.40,Online,orphan_foreign_key
ORD00017696,,LOC0003,2025-02-04 13:54:54,Dine-in,Completed,,21810.00,0.00,3271.50,25081.50,Cash,missing_value
ORD00017873,CUST0014199,LOC0002,2025-02-04 20:39:00,Dine-in,Completed,,6620.00,0.00,993.00,7613.00,Wallet,orphan_foreign_key
ORD00017878,,LOC0001,2025-02-04 20:44:17,Dine-in,Completed,,17790.00,0.00,2668.50,20458.50,Cash,missing_value
ORD00018074,CUST0018186,LOC0021,2025-02-05 13:16:06,Dine-in,Completed,,18410.00,44301.14,2761.50,21171.50,Wallet,discount_exceeds_subtotal
ORD00018089,CUST0007820,LOC0156,2025-02-05 13:27:39,Dine-in,Completed,PROMO002,7040.00,186.00,1028.10,7882.10,Cash,invalid_restaurant_id
ORD00018157,,LOC0019,2025-02-05 15:38:30,App,Completed,,6030.00,0.00,964.80,6994.80,Online,missing_value
ORD00018222,,LOC0009,2025-02-05 19:13:23,App,Completed,,4950.00,0.00,792.00,5742.00,Card,missing_value
ORD00018245,CUST0012582,LOC0006,2025-02-05 19:43:55,Dine-in,Completed,,9310.00,0.00,1396.50,10706.50,Cash,orphan_foreign_key
ORD00018298,,LOC0002,2025-02-05 20:48:13,Dine-in,Completed,,15200.00,0.00,2280.00,17480.00,Card,missing_value
ORD00018336,,LOC0008,2025-02-05 21:23:39,ThirdPartyDelivery,Completed,PROMO002,6130.00,110.00,963.20,6983.20,Cash,missing_value
ORD00018550,,LOC0023,2025-02-06 13:46:35,Website,Completed,,3800.00,0.00,570.00,4370.00,Card,missing_value
ORD00018902,CUST0045323,LOC0009,2027-11-05 13:13:00,Dine-in,Completed,,14000.00,0.00,2240.00,16240.00,Wallet,invalid_date
ORD00019347,CUST0024162,LOC0017,2025-02-07 21:02:18,Dine-in,Completed,,11340.00,0.00,1814.40,13154.40,Wallet,orphan_foreign_key
ORD00019670,CUST0625165,LOC0008,2025-02-08 13:28:38,App,Completed,,2250.00,0.00,360.00,2610.00,Online,orphan_foreign_key
ORD00019812,CUST4219503,LOC0017,2025-02-08 17:36:43,Dine-in,Completed,,10210.00,0.00,1633.60,11843.60,Wallet,orphan_foreign_key
ORD00019831,CUST0383858,LOC0013,2025-02-08 18:24:46,Dine-in,Completed,,6710.00,0.00,1006.50,7716.50,Card,orphan_foreign_key
ORD00019903,,LOC0003,2025-02-08 19:48:37,Takeaway,Completed,,4490.00,0.00,673.50,5163.50,Cash,missing_value
ORD00019966,,LOC0023,2025-02-08 20:40:14,Dine-in,Completed,,4330.00,0.00,649.50,4979.50,Cash,missing_value
ORD00020144,,LOC0017,2025-02-09 10:57:40,Dine-in,Completed,,1970.00,0.00,315.20,2285.20,Card,missing_value
ORD00020280,CUST0022419,LOC0007,2025-02-09 13:41:07,Website,Completed,,8650.00,0.00,1384.00,10034.00,Online,orphan_foreign_key
ORD00020289,CUST7890428,LOC0004,2025-02-09 13:47:05,App,Completed,,3040.00,0.00,456.00,3496.00,Online,orphan_foreign_key
ORD00020463,CUST0054990,LOC0007,2025-02-09 19:30:05,App,Completed,,5050.00,0.00,808.00,5858.00,Online,orphan_foreign_key
ORD00020729,,LOC0018,2025-02-10 01:42:58,App,Completed,,5140.00,0.00,822.40,5962.40,Card,missing_value
ORD00020763,,LOC0018,2025-02-10 12:13:30,Website,Completed,,2505.00,0.00,400.80,2905.80,Card,missing_value
ORD00020766,CUST0014890,LOC9136,2025-02-10 12:16:38,ThirdPartyDelivery,Completed,,9890.00,0.00,1483.50,11373.50,Online,invalid_restaurant_id
ORD00020811,,LOC0020,2025-02-10 13:15:03,Takeaway,Completed,,10500.00,0.00,1575.00,12075.00,Cash,missing_value
ORD00020888,,LOC0007,2025-02-10 15:41:44,ThirdPartyDelivery,Completed,,870.00,0.00,139.20,1009.20,Online,missing_value
ORD00020940,CUST0038892,LOC0019,2025-02-10 18:35:31,App,Completed,,10920.00,18092.61,1747.20,12667.20,Online,discount_exceeds_subtotal
ORD00021124,CUST8557294,LOC0001,2025-02-10 22:07:13,App,Completed,,4980.00,0.00,747.00,5727.00,Online,orphan_foreign_key
ORD00021145,CUST5747092,LOC0011,2025-02-10 22:48:30,Dine-in,Completed,,7640.00,0.00,1222.40,8862.40,Card,orphan_foreign_key
ORD00021224,CUST0010888,LOC0016,2025-02-11 12:22:12,Dine-in,Completed,PROMO002,6160.00,15109.43,974.08,7062.08,Card,discount_exceeds_subtotal
ORD00021406,CUST8610999,LOC0013,2025-02-11 18:57:17,App,Completed,,3390.00,0.00,508.50,3898.50,Online,orphan_foreign_key
ORD00021529,CUST0044491,LOC0011,2025-02-11 21:17:28,Dine-in,Completed,,4150.00,10091.21,664.00,4814.00,Cash,discount_exceeds_subtotal
ORD00021605,,LOC0008,2025-02-11 22:51:38,App,Completed,,8925.00,0.00,1428.00,10353.00,Wallet,missing_value
ORD00021655,,LOC0021,2025-02-12 11:01:31,App,Completed,,8130.00,0.00,1219.50,9349.50,Wallet,missing_value
ORD00021659,CUST0946299,LOC0001,2025-02-12 11:32:02,App,Completed,,3735.00,0.00,560.25,4295.25,Online,orphan_foreign_key
ORD00021696,CUST0026880,LOC0002,2025-02-12 12:45:27,App,Completed,,2100.00,3034.16,315.00,2415.00,Online,discount_exceeds_subtotal
ORD00021790,CUST0022446,LOC0015,2025-02-12 14:57:14,ThirdPartyDelivery,Completed,,9850.00,20587.53,1576.00,11426.00,Cash,discount_exceeds_subtotal
ORD00021820,,LOC0005,2025-02-12 16:39:10,Dine-in,Completed,,4170.00,0.00,625.50,4795.50,Card,missing_value
ORD00021913,CUST2681482,LOC0009,2025-02-12 19:49:37,Takeaway,Completed,,12220.00,0.00,1955.20,14175.20,Card,orphan_foreign_key
ORD00022024,CUST0009745,LOC0018,2025-02-12 21:48:36,App,Completed,,5910.00,0.00,945.60,6855.60,Card,orphan_foreign_key
ORD00022169,CUST6542437,LOC0020,2025-02-13 12:46:36,App,Completed,,12080.00,0.00,1812.00,13892.00,Online,orphan_foreign_key
ORD00022288,CUST0005904,LOC0003,2025-02-13 14:45:52,Takeaway,Completed,,6600.00,0.00,990.00,7590.00,Card,orphan_foreign_key
ORD00022361,CUST0021824,LOC0002,1970-01-01 10:05:00,Takeaway,Completed,PROMO002,9010.00,182.00,1324.20,10152.20,Card,invalid_date
ORD00022368,CUST0042359,LOC7052,2025-02-13 18:41:12,Takeaway,Completed,,2120.00,0.00,339.20,2459.20,Wallet,invalid_restaurant_id
ORD00022385,CUST0020390,LOC0013,2025-02-13 19:12:12,Dine-in,Completed,PROMO002,8240.00,908.00,1099.80,8431.80,Card,orphan_foreign_key
ORD00022485,CUST0001304,LOC8651,2025-02-13 20:53:56,Dine-in,Completed,,7570.00,0.00,1135.50,8705.50,Wallet,invalid_restaurant_id
ORD00022751,CUST0031995,LOC0014,2025-02-14 12:22:49,App,Completed,,6900.00,0.00,1035.00,7935.00,Cash,orphan_foreign_key
ORD00022808,,LOC0016,2025-02-14 13:06:10,Dine-in,Completed,,1030.00,0.00,164.80,1194.80,Cash,missing_value
ORD00023021,CUST0003581,LOC0006,2027-11-05 10:43:00,Dine-in,Completed,,5710.00,0.00,856.50,6566.50,Cash,invalid_date
ORD00023268,,LOC0014,2025-02-14 20:11:40,Dine-in,Completed,,7510.00,0.00,1126.50,8636.50,Cash,missing_value
ORD00023335,CUST1821454,LOC0016,2025-02-14 20:51:02,Dine-in,Completed,,8230.00,0.00,1316.80,9546.80,Wallet,orphan_foreign_key
ORD00023566,CUST0016096,LOC0008,2027-11-05 21:34:00,ThirdPartyDelivery,Completed,,630.00,0.00,100.80,730.80,Cash,invalid_date
ORD00023729,,LOC0015,2025-02-15 12:55:16,App,Completed,,3760.00,0.00,601.60,4361.60,Online,missing_value
ORD00023804,CUST1572306,LOC0023,2025-02-15 13:54:36,Takeaway,Completed,,2440.00,0.00,366.00,2806.00,Cash,orphan_foreign_key
ORD00023947,CUST0046454,LOC0012,2025-02-15 18:49:43,Website,Completed,,9480.00,0.00,1422.00,10902.00,Wallet,orphan_foreign_key
ORD00023996,CUST0033474,LOC0016,2025-02-15 19:43:57,App,Completed,,2460.00,0.00,393.60,2853.60,Wallet,orphan_foreign_key
ORD00024031,CUST0038251,LOC0009,2025-02-15 20:06:26,Website,Completed,,8890.00,0.00,1422.40,10312.40,Wallet,orphan_foreign_key
ORD00024033,CUST0981100,LOC0003,2025-02-15 20:07:18,App,Completed,,13240.00,0.00,1986.00,15226.00,Online,orphan_foreign_key
ORD00024254,CUST0052749,LOC0003,2025-02-15 23:20:31,Dine-in,Completed,,7460.00,14448.45,1119.00,8579.00,Card,discount_exceeds_subtotal
ORD00024345,CUST1636798,LOC0011,2025-02-16 12:18:14,Dine-in,Completed,,6230.00,0.00,996.80,7226.80,Card,orphan_foreign_key
ORD00024424,,LOC0008,2025-02-16 13:36:31,Website,Completed,,5910.00,0.00,945.60,6855.60,Online,missing_value
ORD00024435,,LOC0001,2025-02-16 13:42:39,ThirdPartyDelivery,Completed,,7110.00,0.00,1066.50,8176.50,Online,missing_value
ORD00024480,CUST0047572,LOC0023,2025-02-16 14:27:02,App,Completed,,7790.00,9359.37,1168.50,8958.50,Online,discount_exceeds_subtotal
ORD00024709,CUST0052835,LOC1232,2025-02-16 20:26:07,ThirdPartyDelivery,Completed,,1890.00,0.00,302.40,2192.40,Cash,invalid_restaurant_id
ORD00024842,,LOC0016,2025-02-16 22:09:15,Dine-in,Completed,,5530.00,0.00,884.80,6414.80,Cash,missing_value
ORD00024861,CUST0007702,LOC2599,2025-02-16 22:30:01,App,Completed,PROMO003,4730.00,700.00,604.50,4634.50,Online,invalid_restaurant_id
ORD00024889,CUST9448012,LOC0016,2025-02-16 23:26:33,App,Completed,,520.00,0.00,83.20,603.20,Wallet,orphan_foreign_key
ORD00024932,CUST5471948,LOC0004,2025-02-17 12:06:54,Website,Completed,,3010.00,0.00,451.50,3461.50,Online,orphan_foreign_key
ORD00025155,,LOC0018,2025-02-17 20:33:00,ThirdPartyDelivery,Completed,,5560.00,0.00,889.60,6449.60,Online,missing_value
ORD00025200,,LOC0013,2025-02-17 21:29:51,Takeaway,Completed,,5660.00,0.00,849.00,6509.00,Cash,missing_value
ORD00025355,,LOC0015,2025-02-18 14:00:33,Dine-in,Completed,,12020.00,0.00,1923.20,13943.20,Card,missing_value
ORD00025385,CUST0011160,LOC0015,2025-02-18 15:12:15,Takeaway,Completed,,7570.00,0.00,1211.20,8781.20,Cash,orphan_foreign_key
ORD00025593,,LOC0018,2025-02-18 23:22:17,Dine-in,Completed,,3680.00,0.00,588.80,4268.80,Wallet,missing_value
ORD00025652,CUST0024421,LOC0021,,App,Completed,,4010.00,0.00,601.50,4611.50,Card,invalid_date
ORD00025692,,LOC0009,2025-02-19 13:52:36,Takeaway,Completed,,2470.00,0.00,395.20,2865.20,Wallet,missing_value
ORD00025741,CUST0018832,LOC3672,2025-02-19 16:47:23,Takeaway,Completed,,5240.00,0.00,786.00,6026.00,Card,invalid_restaurant_id
ORD00025808,CUST0022419,LOC0007,2025-02-19 20:01:19,Takeaway,Completed,,2420.00,0.00,387.20,2807.20,Cash,orphan_foreign_key
ORD00025834,,LOC0013,2025-02-19 20:39:36,Website,Completed,,5850.00,0.00,877.50,6727.50,Online,missing_value
ORD00025896,CUST0019897,LOC0015,,Takeaway,Completed,,3210.00,0.00,513.60,3723.60,Card,invalid_date
ORD00025922,CUST0034456,LOC0002,2025-02-19 22:37:13,Takeaway,Completed,,3200.00,0.00,480.00,3680.00,Cash,orphan_foreign_key
ORD00025990,CUST5102681,LOC0009,2025-02-20 12:23:20,App,Completed,,2280.00,0.00,364.80,2644.80,Online,orphan_foreign_key
ORD00026022,CUST0012582,LOC0006,2025-02-20 13:15:14,Dine-in,Completed,,4600.00,0.00,690.00,5290.00,Wallet,orphan_foreign_key
ORD00026055,CUST0032871,LOC0023,2025-02-20 14:01:00,Dine-in,Completed,,12730.00,0.00,1909.50,14639.50,Cash,orphan_foreign_key
ORD00026177,CUST0039532,LOC0004,2025-02-20 19:04:23,Dine-in,Completed,,7240.00,0.00,1086.00,8326.00,Cash,orphan_foreign_key
ORD00026256,CUST0048911,LOC0025,2025-02-20 20:58:56,App,Completed,,2790.00,0.00,418.50,3208.50,Online,orphan_foreign_key
ORD00026298,CUST0006636,LOC0017,2027-11-05 19:07:00,Takeaway,Completed,,6100.00,0.00,976.00,7076.00,Cash,invalid_date
ORD00026406,,LOC0021,2025-02-21 12:30:30,Website,Completed,,7630.00,0.00,1144.50,8774.50,Wallet,missing_value
ORD00026492,CUST0007853,LOC0013,2025-02-21 13:40:21,App,Cancelled,,1330.00,0.00,199.50,1529.50,Wallet,orphan_foreign_key
ORD00026531,CUST0009704,LOC0022,2025-02-21 14:15:23,App,Completed,,5380.00,13416.13,807.00,6187.00,Wallet,discount_exceeds_subtotal
ORD00026674,CUST7679102,LOC0003,2025-02-21 19:35:45,Dine-in,Completed,,2120.00,0.00,318.00,2438.00,Cash,orphan_foreign_key
ORD00026757,,LOC0004,2025-02-21 20:51:40,Dine-in,Completed,,10270.00,0.00,1540.50,11810.50,Card,missing_value
ORD00026809,CUST0028328,LOC0006,2025-02-21 21:35:52,Takeaway,Completed,,1705.00,0.00,255.75,1960.75,Wallet,orphan_foreign_key
ORD00027125,CUST0046569,LOC1508,2025-02-22 16:09:30,App,Completed,,2980.00,0.00,447.00,3427.00,Card,invalid_restaurant_id
ORD00027176,,LOC0010,2025-02-22 18:46:39,Website,Completed,,11030.00,0.00,1764.80,12794.80,Online,missing_value
ORD00027184,CUST0029853,LOC0025,2025-02-22 19:01:26,Takeaway,Completed,,3150.00,0.00,472.50,3622.50,Cash,orphan_foreign_key
ORD00027359,CUST0023833,LOC4675,2025-02-22 21:40:16,Takeaway,Completed,,5610.00,0.00,897.60,6507.60,Cash,invalid_restaurant_id
ORD00027369,CUST0006619,LOC0018,2025-02-22 21:49:44,Dine-in,Completed,,12510.00,28987.36,2001.60,14511.60,Cash,discount_exceeds_subtotal
ORD00027498,,LOC0007,2025-02-23 12:06:18,ThirdPartyDelivery,Completed,,60.00,0.00,9.60,69.60,Cash,missing_value
ORD00027606,,LOC0013,2025-02-23 14:00:05,Takeaway,Completed,,7880.00,0.00,1182.00,9062.00,Card,missing_value
ORD00027649,,LOC0012,2025-02-23 15:07:44,Dine-in,Completed,,4380.00,0.00,657.00,5037.00,Wallet,missing_value
ORD00027667,,LOC0003,2025-02-23 16:02:52,Dine-in,Completed,,10770.00,0.00,1615.50,12385.50,Cash,missing_value
ORD00027809,CUST0362655,LOC0008,2025-02-23 19:58:58,Dine-in,Completed,,8950.00,0.00,1432.00,10382.00,Cash,orphan_foreign_key
ORD00027884,CUST0028262,LOC0006,2025-02-23 21:12:28,Dine-in,Completed,,4950.00,6245.85,742.50,5692.50,Wallet,discount_exceeds_subtotal
ORD00027889,,LOC0017,2025-02-23 21:21:38,Takeaway,Completed,,880.00,0.00,140.80,1020.80,Cash,missing_value
ORD00028126,CUST0009665,LOC0019,2025-02-24 14:19:55,App,Completed,,10500.00,13053.34,1680.00,12180.00,Card,discount_exceeds_subtotal
ORD00028205,,LOC0016,2025-02-24 19:12:47,Takeaway,Completed,,4270.00,0.00,683.20,4953.20,Cash,missing_value
ORD00028259,,LOC0020,2025-02-24 20:28:21,Dine-in,Completed,,8520.00,0.00,1278.00,9798.00,Card,missing_value
ORD00028277,,LOC0008,2025-02-24 20:48:27,Dine-in,Completed,,11940.00,0.00,1910.40,13850.40,Wallet,missing_value
ORD00028369,,LOC0020,2025-02-25 00:36:40,ThirdPartyDelivery,Completed,,3990.00,0.00,598.50,4588.50,Online,missing_value
ORD00028441,CUST0008814,LOC0013,2027-11-05 13:49:00,App,Completed,,10020.00,0.00,1503.00,11523.00,Online,invalid_date
ORD00028469,CUST6953462,LOC0008,2025-02-25 13:56:58,Takeaway,Completed,,9440.00,0.00,1510.40,10950.40,Wallet,orphan_foreign_key
ORD00028850,,LOC0022,2025-02-26 13:32:32,App,Completed,,7780.00,0.00,1167.00,8947.00,Card,missing_value
ORD00028886,CUST0045247,LOC0007,2025-02-26 14:38:22,Takeaway,Completed,,10260.00,21685.44,1641.60,11901.60,Wallet,discount_exceeds_subtotal
ORD00029078,CUST0033163,LOC0007,2025-02-26 21:34:37,Dine-in,Completed,,13970.00,30939.53,2235.20,16205.20,Cash,discount_exceeds_subtotal
ORD00029129,CUST8957515,LOC0010,2025-02-26 22:57:36,ThirdPartyDelivery,Completed,,7960.00,0.00,1273.60,9233.60,Online,orphan_foreign_key
ORD00029214,CUST4231209,LOC0020,2025-02-27 13:16:55,Takeaway,Completed,,5640.00,0.00,846.00,6486.00,Card,orphan_foreign_key
ORD00029401,,LOC0022,2025-02-27 20:20:06,Dine-in,Completed,,8120.00,0.00,1218.00,9338.00,Card,missing_value
ORD00029581,CUST0022446,LOC0015,2025-02-28 12:01:21,Takeaway,Completed,,7050.00,0.00,1128.00,8178.00,Cash,orphan_foreign_key
ORD00029765,CUST0024642,LOC0018,2025-02-28 15:26:10,Dine-in,Completed,,5270.00,12574.25,843.20,6113.20,Cash,discount_exceeds_subtotal
ORD00029834,,LOC0009,2025-02-28 19:04:39,ThirdPartyDelivery,Completed,,6780.00,0.00,1084.80,7864.80,Cash,missing_value
ORD00029875,CUST0018872,LOC0012,2025-02-28 19:58:19,Dine-in,Completed,,10100.00,14986.26,1515.00,11615.00,Card,discount_exceeds_subtotal
ORD00029979,CUST0053353,LOC0007,2099-12-31 18:26:00,Dine-in,Completed,,5620.00,0.00,899.20,6519.20,Cash,invalid_date
ORD00030093,CUST0031486,LOC0019,2025-03-01 00:20:32,Takeaway,Completed,PROMO004,3240.00,500.00,438.40,3178.40,Cash,orphan_foreign_key
ORD00030126,CUST0019547,LOC0002,2025-03-01 01:31:29,Takeaway,Completed,,5360.00,0.00,804.00,6164.00,Cash,orphan_foreign_key
ORD00030242,CUST9812773,LOC0017,2025-03-01 18:16:12,Dine-in,Completed,,7200.00,0.00,1152.00,8352.00,Wallet,orphan_foreign_key
ORD00030283,CUST0012202,LOC0017,2025-03-01 18:41:03,Dine-in,Completed,,14370.00,17333.77,2299.20,16669.20,Wallet,discount_exceeds_subtotal
ORD00030310,CUST0036765,LOC0023,2025-03-01 18:55:03,ThirdPartyDelivery,Cancelled,,11190.00,0.00,1678.50,12868.50,Cash,orphan_foreign_key
ORD00030334,CUST0014493,LOC0007,2025-03-01 19:14:06,ThirdPartyDelivery,Completed,,3360.00,3938.26,537.60,3897.60,Cash,discount_exceeds_subtotal
ORD00030503,CUST8403600,LOC0008,2025-03-01 21:03:09,ThirdPartyDelivery,Completed,,10690.00,0.00,1710.40,12400.40,Online,orphan_foreign_key
ORD00030519,CUST0052664,LOC0015,2025-03-01 21:14:57,Dine-in,Completed,,7700.00,17665.87,1232.00,8932.00,Cash,discount_exceeds_subtotal
ORD00030704,CUST0046454,LOC0012,2025-03-02 01:54:52,Website,Completed,PROMO004,10230.00,500.00,1459.50,11189.50,Online,orphan_foreign_key
ORD00030811,CUST8165622,LOC0006,2025-03-02 18:19:13,Takeaway,Completed,,5810.00,0.00,871.50,6681.50,Wallet,orphan_foreign_key
ORD00030814,CUST0045533,LOC0013,,App,Completed,,3140.00,0.00,471.00,3611.00,Cash,invalid_date
ORD00031022,,LOC0023,2025-03-02 20:31:50,Takeaway,Completed,,4840.00,0.00,726.00,5566.00,Card,missing_value
ORD00031120,CUST0007181,LOC0005,,Dine-in,Completed,,12360.00,0.00,1854.00,14214.00,Cash,invalid_date
ORD00031164,,LOC0013,2025-03-02 22:46:13,Dine-in,Completed,PROMO004,17050.00,500.01,2482.50,19032.49,Card,missing_value
ORD00031197,,LOC0005,2025-03-02 23:43:51,App,Completed,PROMO004,9260.00,500.00,1314.00,10074.00,Cash,missing_value
ORD00031273,CUST0053543,LOC0007,2025-03-03 18:02:31,Dine-in,Completed,PROMO004,8695.00,20194.89,1311.20,9506.20,Card,discount_exceeds_subtotal
ORD00031797,CUST0011341,LOC0017,2025-03-04 20:31:03,App,Completed,,2960.00,0.00,473.60,3433.60,Cash,orphan_foreign_key
ORD00031883,,LOC0013,2025-03-04 22:36:39,ThirdPartyDelivery,Completed,,4580.00,0.00,687.00,5267.00,Cash,missing_value
ORD00032224,,LOC0002,2025-03-05 21:27:33,Dine-in,Completed,PROMO004,6670.00,499.99,925.50,7095.51,Card,missing_value
ORD00032233,CUST0002360,LOC0010,2025-03-05 21:36:30,App,Completed,,1390.00,2821.08,222.40,1612.40,Online,discount_exceeds_subtotal
ORD00032386,CUST0026953,LOC0005,2025-03-06 04:01:23,App,Completed,PROMO004,16745.00,500.00,2436.75,18681.75,Card,orphan_foreign_key
ORD00032394,CUST0025377,LOC0003,2025-03-06 12:52:19,Takeaway,Completed,,2520.00,5796.80,378.00,2898.00,Cash,discount_exceeds_subtotal
ORD00032410,CUST0025802,LOC5844,2025-03-06 16:58:45,ThirdPartyDelivery,Cancelled,,500.00,0.00,75.00,575.00,Online,invalid_restaurant_id
ORD00032545,CUST0015605,LOC0016,2025-03-06 19:32:42,ThirdPartyDelivery,Completed,PROMO004,3250.00,4434.43,440.00,3190.00,Online,discount_exceeds_subtotal
ORD00032794,,LOC0023,2025-03-07 01:05:34,Dine-in,Completed,PROMO004,6510.00,500.00,901.50,6911.50,Card,missing_value
ORD00032862,CUST0051516,LOC0018,2099-12-31 13:19:00,Dine-in,Completed,,1330.00,0.00,212.80,1542.80,Cash,invalid_date
ORD00032889,CUST0046335,LOC0008,2025-03-07 18:01:11,Dine-in,Completed,,4120.00,5582.56,659.20,4779.20,Cash,discount_exceeds_subtotal
ORD00032911,CUST0049543,LOC0023,2025-03-07 18:11:57,Dine-in,Completed,,9450.00,0.00,1417.50,10867.50,Card,orphan_foreign_key
ORD00032996,CUST9534738,LOC0022,2025-03-07 18:51:59,Dine-in,Completed,,2970.00,0.00,445.50,3415.50,Card,orphan_foreign_key
ORD00033162,,LOC0008,2025-03-07 20:49:40,Takeaway,Completed,,5230.00,0.00,836.80,6066.80,Card,missing_value
ORD00033193,CUST0029152,LOC0007,2025-03-07 21:17:14,Website,Completed,,3350.00,6182.62,536.00,3886.00,Online,discount_exceeds_subtotal
ORD00033286,CUST7028516,LOC0025,2025-03-07 22:53:20,Dine-in,Completed,,6990.00,0.00,1048.50,8038.50,Cash,orphan_foreign_key
ORD00033401,CUST0018382,LOC0013,2025-03-08 03:38:54,App,Completed,,8060.00,0.00,1209.00,9269.00,Online,orphan_foreign_key
ORD00033408,CUST0018037,LOC0015,2025-03-08 04:07:06,ThirdPartyDelivery,Completed,,2190.00,0.00,350.40,2540.40,Cash,orphan_foreign_key
ORD00033440,,LOC0018,2025-03-08 17:07:53,Dine-in,Completed,,11735.00,0.00,1877.60,13612.60,Card,missing_value
ORD00033507,CUST0021853,LOC0010,,Website,Cancelled,PROMO004,5500.00,500.00,800.00,5800.00,Online,invalid_date
ORD00033513,CUST0026137,LOC0017,2025-03-08 18:28:55,Website,Completed,PROMO004,4960.00,9530.09,713.60,5173.60,Online,discount_exceeds_subtotal
ORD00033598,CUST0052398,LOC0005,2025-03-08 19:11:16,App,Completed,,7970.00,10997.64,1195.50,9165.50,Card,discount_exceeds_subtotal
ORD00033719,,LOC0020,2025-03-08 20:09:44,ThirdPartyDelivery,Completed,PROMO004,11290.00,500.00,1618.50,12408.50,Online,missing_value
ORD00033808,CUST0012775,LOC0011,2025-03-08 21:26:57,ThirdPartyDelivery,Cancelled,,7270.00,0.00,1163.20,8433.20,Online,orphan_foreign_key
ORD00034342,CUST0580925,LOC0023,2025-03-09 21:03:52,Website,Completed,,1530.00,0.00,229.50,1759.50,Online,orphan_foreign_key
ORD00034379,CUST5881858,LOC0013,2025-03-09 21:44:09,Dine-in,Completed,,14450.00,0.00,2167.50,16617.50,Card,orphan_foreign_key
ORD00034705,CUST0025144,LOC0002,2025-03-10 19:40:32,Dine-in,Completed,,7170.00,0.00,1075.50,8245.50,Cash,orphan_foreign_key
ORD00034722,CUST0004715,LOC5530,2025-03-10 19:59:10,Dine-in,Completed,,17350.00,0.00,2602.50,19952.50,Card,invalid_restaurant_id
ORD00034832,,LOC0008,2025-03-10 22:42:01,Dine-in,Completed,,3950.00,0.00,632.00,4582.00,Cash,missing_value
ORD00034898,CUST0046638,LOC0003,2025-03-11 01:33:56,Dine-in,Completed,PROMO004,20290.00,500.01,2968.50,22758.49,Cash,orphan_foreign_key
ORD00034914,CUST3674984,LOC0012,2025-03-11 02:56:37,Takeaway,Completed,,6690.00,0.00,1003.50,7693.50,Cash,orphan_foreign_key
ORD00034923,CUST0012157,LOC0019,2025-03-11 03:50:05,App,Completed,,7120.00,12768.07,1139.20,8259.20,Wallet,discount_exceeds_subtotal
ORD00035045,CUST0003773,LOC0015,2025-03-11 19:18:00,Dine-in,Completed,,9290.00,0.00,1486.40,10776.40,Card,orphan_foreign_key
ORD00035088,CUST0009124,LOC0017,2025-03-11 19:51:17,Website,Completed,,830.00,1222.44,132.80,962.80,Online,discount_exceeds_subtotal
ORD00035193,,LOC0005,2025-03-11 22:06:10,ThirdPartyDelivery,Completed,,1920.00,0.00,288.00,2208.00,Online,missing_value
ORD00035253,CUST8775947,LOC0017,2025-03-12 00:20:45,ThirdPartyDelivery,Completed,PROMO004,7400.00,499.99,1104.00,8004.01,Online,orphan_foreign_key
ORD00035254,CUST0051763,LOC0015,2025-03-12 00:22:31,App,Completed,PROMO004,7370.00,17398.53,1099.20,7969.20,Online,discount_exceeds_subtotal
ORD00035256,CUST0049669,LOC0005,2025-03-12 00:29:04,Dine-in,Completed,,5680.00,0.00,852.00,6532.00,Wallet,orphan_foreign_key
ORD00035271,CUST0033324,LOC0025,2025-03-12 01:04:12,App,Completed,,5390.00,0.00,808.50,6198.50,Cash,orphan_foreign_key
ORD00035322,CUST7207224,LOC0022,2025-03-12 12:59:11,ThirdPartyDelivery,Completed,,8970.00,0.00,1345.50,10315.50,Cash,orphan_foreign_key
ORD00035365,CUST6358223,LOC0022,2025-03-12 18:20:14,Dine-in,Completed,,7430.00,0.00,1114.50,8544.50,Card,orphan_foreign_key
ORD00035376,CUST0027573,LOC0013,2025-03-12 18:33:46,Dine-in,Completed,,4340.00,0.00,651.00,4991.00,Wallet,orphan_foreign_key
ORD00035402,CUST0015039,LOC6040,2025-03-12 18:54:46,Dine-in,Completed,,2830.00,0.00,452.80,3282.80,Wallet,invalid_restaurant_id
ORD00035477,CUST0020641,LOC0005,2025-03-12 19:56:37,Dine-in,Completed,PROMO004,9830.00,499.99,1399.50,10729.51,Cash,orphan_foreign_key
ORD00035529,CUST0008722,LOC0003,2025-03-12 20:55:04,Dine-in,Completed,,4370.00,4850.29,655.50,5025.50,Wallet,discount_exceeds_subtotal
ORD00035556,CUST0052217,LOC0022,2025-03-12 21:30:14,ThirdPartyDelivery,Completed,,1420.00,2153.12,213.00,1633.00,Online,discount_exceeds_subtotal
ORD00035579,,LOC0002,2025-03-12 22:12:10,Takeaway,Completed,,2550.00,0.00,382.50,2932.50,Cash,missing_value
ORD00035853,CUST0041342,LOC0003,2031-07-22 11:17:00,App,Completed,PROMO004,12720.00,499.99,1833.00,14053.01,Online,invalid_date
ORD00036160,,LOC0014,2025-03-14 18:18:32,ThirdPartyDelivery,Completed,,11635.00,0.00,1745.25,13380.25,Online,missing_value
ORD00036240,CUST0019987,LOC0009,2025-03-14 19:04:59,Takeaway,Completed,PROMO004,3230.00,3690.84,436.80,3166.80,Cash,discount_exceeds_subtotal
ORD00036301,,LOC0022,2025-03-14 19:42:07,Website,Completed,,5120.00,0.00,768.00,5888.00,Online,missing_value
ORD00036322,CUST0034200,LOC0022,2025-03-14 19:59:25,Dine-in,Completed,,4790.00,11248.07,718.50,5508.50,Card,discount_exceeds_subtotal
ORD00036441,CUST8206102,LOC0019,2025-03-14 21:36:38,Dine-in,Completed,,2370.00,0.00,379.20,2749.20,Cash,orphan_foreign_key
ORD00036466,CUST0038251,LOC0017,2025-03-14 22:08:51,Takeaway,Completed,,1740.00,0.00,278.40,2018.40,Card,orphan_foreign_key
ORD00036546,CUST0041604,LOC0017,2025-03-15 00:44:30,App,Completed,,3150.00,0.00,504.00,3654.00,Card,orphan_foreign_key
ORD00036659,CUST0048746,LOC0005,2025-03-15 17:31:05,Takeaway,Completed,,7180.00,9663.46,1077.00,8257.00,Cash,discount_exceeds_subtotal
ORD00036757,CUST0044333,LOC0001,2025-03-15 18:52:33,Dine-in,Completed,PROMO004,15690.00,21822.10,2278.50,17468.50,Cash,discount_exceeds_subtotal
ORD00037071,CUST0043243,LOC0004,1900-01-01 22:03:00,ThirdPartyDelivery,Completed,,3960.00,0.00,594.00,4554.00,Cash,invalid_date
ORD00037087,CUST0031990,LOC1080,2025-03-15 23:34:14,App,Completed,,9725.00,0.00,1556.00,11281.00,Card,invalid_restaurant_id
ORD00037155,CUST0048272,LOC0003,2025-03-16 01:30:34,Dine-in,Completed,,5990.00,0.00,898.50,6888.50,Wallet,orphan_foreign_key
ORD00037158,CUST2094270,LOC0004,2025-03-16 01:32:35,ThirdPartyDelivery,Completed,,15590.00,0.00,2338.50,17928.50,Online,orphan_foreign_key
ORD00037172,,LOC0020,2025-03-16 02:13:48,Dine-in,Completed,PROMO004,19320.00,499.99,2823.00,21643.01,Cash,missing_value
ORD00037174,CUST0018535,LOC0023,,App,Completed,,14420.00,0.00,2163.00,16583.00,Online,invalid_date
ORD00037387,,LOC0011,2025-03-16 19:19:10,Dine-in,Completed,,4050.00,0.00,648.00,4698.00,Card,missing_value
ORD00037405,CUST0041178,LOC0018,2025-03-16 19:28:53,Dine-in,Completed,PROMO004,13570.00,24032.15,2091.20,15161.21,Cash,discount_exceeds_subtotal
ORD00037731,,LOC0003,2025-03-17 03:55:40,App,Completed,PROMO004,3940.00,500.00,516.00,3956.00,Wallet,missing_value
ORD00037772,CUST0007132,LOC0019,2025-03-17 18:01:34,Dine-in,Completed,,5500.00,0.00,880.00,6380.00,Cash,orphan_foreign_key
ORD00037859,,LOC0004,2025-03-17 19:22:39,Dine-in,Completed,,5610.00,0.00,841.50,6451.50,Cash,missing_value
ORD00038147,CUST0044645,LOC0001,2025-03-18 18:13:11,App,Cancelled,PROMO004,19290.00,499.99,2818.50,21608.51,Online,orphan_foreign_key
ORD00038224,,LOC0011,2025-03-18 19:40:59,Dine-in,Completed,,12080.00,0.00,1932.80,14012.80,Cash,missing_value
ORD00038237,CUST5779608,LOC0013,2025-03-18 19:49:46,App,Completed,,4350.00,0.00,652.50,5002.50,Online,orphan_foreign_key
ORD00038277,CUST0025905,LOC0019,,Dine-in,Completed,,4725.00,0.00,756.00,5481.00,Card,invalid_date
ORD00038286,,LOC0018,2025-03-18 20:40:39,Dine-in,Completed,,3970.00,0.00,635.20,4605.20,Card,missing_value
ORD00038417,CUST0031486,LOC0019,2025-03-19 01:28:09,ThirdPartyDelivery,Completed,,7225.00,0.00,1156.00,8381.00,Cash,orphan_foreign_key
ORD00038491,,LOC0015,2025-03-19 18:09:59,App,Completed,,6200.00,0.00,992.00,7192.00,Card,missing_value
ORD00038634,CUST0005319,LOC0004,2025-03-19 20:22:24,Dine-in,Completed,,5310.00,12758.62,796.50,6106.50,Card,discount_exceeds_subtotal
ORD00038637,CUST0050805,LOC0002,2025-03-19 20:25:03,App,Completed,,1930.00,0.00,289.50,2219.50,Wallet,orphan_foreign_key
ORD00038649,CUST0020424,LOC0002,2025-03-19 20:34:35,Dine-in,Completed,,2045.00,0.00,306.75,2351.75,Cash,orphan_foreign_key
ORD00038724,CUST0033324,LOC0017,2025-03-19 22:25:13,App,Completed,,6890.00,0.00,1102.40,7992.40,Online,orphan_foreign_key
ORD00038745,CUST6903170,LOC0009,2025-03-19 22:58:04,ThirdPartyDelivery,Completed,,3820.00,0.00,611.20,4431.20,Cash,orphan_foreign_key
ORD00038819,CUST0023242,LOC0003,2025-03-20 03:20:37,Dine-in,Completed,,14210.00,0.00,2131.50,16341.50,Card,orphan_foreign_key
ORD00038821,CUST0049029,LOC8694,2025-03-20 03:27:25,Takeaway,Completed,,3720.00,0.00,558.00,4278.00,Card,invalid_restaurant_id
ORD00038844,CUST7167253,LOC0007,2025-03-20 14:37:26,Takeaway,Completed,,4370.00,0.00,699.20,5069.20,Cash,orphan_foreign_key
ORD00039453,,LOC0020,2025-03-21 19:31:34,ThirdPartyDelivery,Completed,PROMO004,7650.00,500.00,1072.50,8222.50,Online,missing_value
ORD00039653,CUST0052098,LOC0023,1970-01-01 20:38:00,ThirdPartyDelivery,Completed,PROMO004,8975.00,500.00,1271.25,9746.25,Online,invalid_date
ORD00039741,,LOC0010,2025-03-22 00:26:36,Takeaway,Completed,,3050.00,0.00,488.00,3538.00,Cash,missing_value
ORD00039838,,LOC0016,2025-03-22 14:49:45,App,Cancelled,,10950.00,0.00,1752.00,12702.00,Wallet,missing_value
ORD00039930,CUST0046638,LOC0003,2025-03-22 18:30:34,Dine-in,Completed,,5280.00,0.00,792.00,6072.00,Cash,orphan_foreign_key
ORD00039952,CUST0040233,LOC0015,2025-03-22 18:46:08,ThirdPartyDelivery,Completed,,4380.00,0.00,700.80,5080.80,Cash,orphan_foreign_key
ORD00040169,CUST0002949,LOC0004,2025-03-22 21:00:28,ThirdPartyDelivery,Cancelled,PROMO004,18130.00,43974.29,2644.50,20274.50,Online,discount_exceeds_subtotal
ORD00040244,CUST0008340,LOC0019,2025-03-22 22:12:48,App,Completed,PROMO004,12250.00,30413.46,1880.00,13629.99,Card,discount_exceeds_subtotal
ORD00040368,CUST2544101,LOC0023,2025-03-23 02:21:53,Dine-in,Cancelled,,12340.00,0.00,1851.00,14191.00,Cash,orphan_foreign_key
ORD00040370,,LOC0007,2025-03-23 02:28:37,Dine-in,Completed,PROMO004,16690.00,500.01,2590.40,18780.39,Cash,missing_value
ORD00040487,,LOC0022,2025-03-23 18:19:27,ThirdPartyDelivery,Completed,,6830.00,0.00,1024.50,7854.50,Online,missing_value
ORD00040490,CUST0040507,LOC0014,2025-03-23 18:20:46,Website,Completed,,13100.00,32129.79,1965.00,15065.00,Wallet,discount_exceeds_subtotal
ORD00040576,CUST0054990,LOC0007,2025-03-23 19:13:43,App,Completed,,8070.00,0.00,1291.20,9361.20,Wallet,orphan_foreign_key
ORD00040663,,LOC0003,2025-03-23 20:16:13,Dine-in,Completed,,8560.00,0.00,1284.00,9844.00,Card,missing_value
ORD00040825,CUST0036982,LOC0005,2025-03-23 22:35:55,Dine-in,Completed,,10780.00,26873.27,1617.00,12397.00,Card,discount_exceeds_subtotal
ORD00040891,CUST3375026,LOC0007,2025-03-24 00:28:05,Dine-in,Completed,,8495.00,0.00,1359.20,9854.20,Cash,orphan_foreign_key
ORD00040895,CUST6205403,LOC0018,2025-03-24 00:41:05,Dine-in,Completed,,4120.00,0.00,659.20,4779.20,Wallet,orphan_foreign_key
ORD00041091,,LOC0020,2025-03-24 19:55:36,ThirdPartyDelivery,Completed,PROMO004,6040.00,500.00,831.00,6371.00,Online,missing_value
ORD00041118,CUST2002473,LOC0011,2025-03-24 20:39:01,App,Cancelled,PROMO004,4085.00,500.00,573.60,4158.60,Cash,orphan_foreign_key
ORD00041670,,LOC0004,2025-03-26 17:49:56,Takeaway,Completed,PROMO004,10500.00,500.01,1500.00,11499.99,Cash,missing_value
ORD00041942,,LOC0020,2025-03-26 23:17:16,App,Completed,,2920.00,0.00,438.00,3358.00,Wallet,missing_value
ORD00041959,CUST0040140,LOC0020,2025-03-26 23:49:17,Takeaway,Completed,,9390.00,0.00,1408.50,10798.50,Cash,orphan_foreign_key
ORD00042085,CUST0013375,LOC0012,2025-03-27 18:00:38,Website,Completed,,3160.00,0.00,474.00,3634.00,Online,orphan_foreign_key
ORD00042174,CUST0004149,LOC0004,2025-03-27 19:15:22,Takeaway,Completed,,5140.00,0.00,771.00,5911.00,Cash,orphan_foreign_key
ORD00042237,CUST0007347,LOC0016,2025-03-27 20:01:10,ThirdPartyDelivery,Completed,,6270.00,0.00,1003.20,7273.20,Cash,orphan_foreign_key
ORD00042458,,LOC0018,2025-03-28 03:28:39,Dine-in,Completed,PROMO004,3065.00,500.00,410.40,2975.40,Cash,missing_value
ORD00042530,CUST0016354,LOC0025,2025-03-28 18:05:53,Dine-in,Completed,PROMO004,21730.00,44522.29,3184.50,24414.51,Card,discount_exceeds_subtotal
ORD00042626,CUST8359531,LOC0008,2025-03-28 19:08:44,Dine-in,Completed,PROMO004,16565.00,500.00,2570.40,18635.40,Card,orphan_foreign_key
ORD00042717,CUST0018160,LOC0002,2025-03-28 20:39:46,App,Completed,,8855.00,0.00,1328.25,10183.25,Cash,orphan_foreign_key
ORD00042726,CUST6793633,LOC0006,2025-03-28 20:42:41,Dine-in,Completed,,7020.00,0.00,1053.00,8073.00,Cash,orphan_foreign_key
ORD00042786,,LOC0010,2025-03-28 21:34:34,App,Completed,,4080.00,0.00,652.80,4732.80,Online,missing_value
ORD00042878,CUST0054435,LOC0003,2025-03-28 23:39:58,App,Completed,PROMO004,23050.00,500.00,3382.50,25932.50,Card,orphan_foreign_key
ORD00042882,,LOC0003,2025-03-28 23:46:30,Takeaway,Completed,,11885.00,0.00,1782.75,13667.75,Cash,missing_value
ORD00042979,CUST6276289,LOC0008,2025-03-29 03:04:29,Dine-in,Completed,PROMO004,13420.00,500.00,2067.20,14987.20,Cash,orphan_foreign_key
ORD00043001,CUST0048206,LOC0003,,ThirdPartyDelivery,Completed,,3420.00,0.00,513.00,3933.00,Online,invalid_date
ORD00043054,CUST2744073,LOC0012,2025-03-29 18:01:17,Takeaway,Completed,,800.00,0.00,120.00,920.00,Cash,orphan_foreign_key
ORD00043127,CUST0046486,LOC0016,2027-11-05 21:10:00,App,Completed,PROMO004,5220.00,500.00,755.20,5475.20,Card,invalid_date
ORD00043418,CUST0003936,LOC0003,,ThirdPartyDelivery,Completed,,3685.00,0.00,552.75,4237.75,Cash,invalid_date
ORD00043603,CUST1786981,LOC0010,2025-03-30 04:44:39,Dine-in,Completed,,11650.00,0.00,1864.00,13514.00,Cash,orphan_foreign_key
ORD00043815,CUST0041207,LOC0022,2031-07-22 18:57:00,ThirdPartyDelivery,Completed,,6825.00,0.00,1023.75,7848.75,Online,invalid_date
ORD00043935,,LOC0015,2025-03-30 22:27:06,Dine-in,Completed,,6320.00,0.00,1011.20,7331.20,Cash,missing_value
ORD00044109,CUST0007951,LOC1515,2025-03-31 12:55:07,Dine-in,Completed,PROMO005,18555.00,3265.00,2293.50,17583.50,Wallet,invalid_restaurant_id
ORD00044317,,LOC0005,2025-03-31 17:24:01,Dine-in,Completed,,5105.00,0.00,765.75,5870.75,Card,missing_value
ORD00044473,,LOC0007,2025-03-31 20:00:45,Dine-in,Completed,,11890.00,0.00,1902.40,13792.40,Card,missing_value
ORD00044560,CUST0000713,LOC9609,2025-03-31 20:56:21,App,Completed,,4405.00,0.00,660.75,5065.75,Online,invalid_restaurant_id
ORD00044574,,LOC0017,2025-03-31 21:07:38,Dine-in,Completed,,4920.00,0.00,787.20,5707.20,Card,missing_value
ORD00044662,,LOC0001,2025-03-31 22:22:23,App,Completed,,3110.00,0.00,466.50,3576.50,Online,missing_value
ORD00044665,,LOC0018,2025-03-31 22:25:29,ThirdPartyDelivery,Completed,,3210.00,0.00,513.60,3723.60,Online,missing_value
ORD00044719,CUST0024162,LOC0017,2025-03-31 23:51:38,ThirdPartyDelivery,Completed,,3820.00,0.00,611.20,4431.20,Online,orphan_foreign_key
ORD00044799,CUST8246329,LOC0020,2025-04-01 12:14:49,Dine-in,Completed,,12645.00,0.00,1896.75,14541.75,Cash,orphan_foreign_key
ORD00044941,,LOC0023,2025-04-01 14:11:47,Takeaway,Completed,,11190.00,0.00,1678.50,12868.50,Wallet,missing_value
ORD00045040,,LOC0002,2025-04-01 17:18:57,Takeaway,Completed,PROMO005,6890.00,1560.00,799.50,6129.50,Card,missing_value
ORD00045289,CUST0038943,LOC0023,2025-04-01 21:29:55,App,Completed,,4230.00,0.00,634.50,4864.50,Wallet,orphan_foreign_key
ORD00045335,CUST0038876,LOC0019,2025-04-01 22:04:05,App,Completed,,4720.00,10666.60,755.20,5475.20,Online,discount_exceeds_subtotal
ORD00045405,CUST0054329,LOC0008,,App,Completed,,5275.00,0.00,844.00,6119.00,Online,invalid_date
ORD00045434,,LOC0011,2025-04-02 01:38:25,App,Completed,,2845.00,0.00,455.20,3300.20,Card,missing_value
ORD00045485,CUST0042424,LOC0017,2025-04-02 12:28:14,ThirdPartyDelivery,Completed,,4800.00,0.00,768.00,5568.00,Online,orphan_foreign_key
ORD00045716,,LOC0006,2025-04-02 17:59:42,Dine-in,Completed,PROMO005,13560.00,2015.00,1731.75,13276.75,Card,missing_value
ORD00045759,,LOC0020,2025-04-02 19:02:04,Website,Completed,,9375.00,0.00,1406.25,10781.25,Online,missing_value
ORD00045916,,LOC0022,2025-04-02 21:12:41,Takeaway,Completed,,6910.00,0.00,1036.50,7946.50,Cash,missing_value
ORD00045994,,LOC0001,2025-04-02 22:27:46,App,Completed,PROMO005,5000.00,482.50,677.62,5195.12,Online,missing_value
ORD00046151,,LOC0023,2025-04-03 13:04:43,Dine-in,Completed,,8820.00,0.00,1323.00,10143.00,Card,missing_value
ORD00046171,CUST9384411,LOC0025,2025-04-03 13:17:13,Takeaway,Completed,,8550.00,0.00,1282.50,9832.50,Cash,orphan_foreign_key
ORD00046180,CUST0049392,LOC0004,2099-12-31 12:05:00,Dine-in,Completed,,1490.00,0.00,223.50,1713.50,Card,invalid_date
ORD00046270,CUST0005300,LOC0010,2025-04-03 16:17:59,App,Completed,,4130.00,0.00,660.80,4790.80,Cash,orphan_foreign_key
ORD00046335,,LOC0007,2025-04-03 19:16:44,ThirdPartyDelivery,Completed,PROMO005,11220.00,427.50,1726.80,12519.30,Cash,missing_value
ORD00046407,CUST0029327,LOC0021,2025-04-03 20:24:54,Takeaway,Completed,,2210.00,4255.01,331.50,2541.50,Wallet,discount_exceeds_subtotal
ORD00046515,CUST8822258,LOC0022,2025-04-03 22:20:45,Dine-in,Completed,,9160.00,0.00,1374.00,10534.00,Card,orphan_foreign_key
ORD00046524,CUST0004837,LOC0015,2025-04-03 22:33:55,Dine-in,Completed,,9540.00,23084.42,1526.40,11066.40,Card,discount_exceeds_subtotal
ORD00046614,,LOC0017,2025-04-04 11:14:29,Dine-in,Completed,,5770.00,0.00,923.20,6693.20,Cash,missing_value
ORD00046760,CUST0015016,LOC0009,2025-04-04 14:06:31,Dine-in,Completed,,9540.00,19239.93,1526.40,11066.40,Cash,discount_exceeds_subtotal
ORD00046892,CUST0019181,LOC0008,2025-04-04 18:09:43,Dine-in,Completed,,7920.00,0.00,1267.20,9187.20,Card,orphan_foreign_key
ORD00047146,CUST0006175,LOC0007,2099-12-31 18:18:00,Dine-in,Completed,,8995.00,0.00,1439.20,10434.20,Cash,invalid_date
ORD00047149,,LOC0001,2025-04-04 21:50:10,App,Completed,,5770.00,0.00,865.50,6635.50,Online,missing_value
ORD00047592,CUST0053509,LOC0017,,Takeaway,Completed,PROMO005,14210.00,2465.00,1879.20,13624.20,Cash,invalid_date
ORD00047619,,LOC0025,2025-04-05 18:33:25,Takeaway,Completed,,3065.00,0.00,459.75,3524.75,Wallet,missing_value
ORD00047686,,LOC0020,2025-04-05 19:22:54,ThirdPartyDelivery,Completed,,3020.00,0.00,453.00,3473.00,Cash,missing_value
ORD00047891,CUST7866215,LOC0009,2025-04-05 21:34:51,ThirdPartyDelivery,Completed,,7275.00,0.00,1164.00,8439.00,Cash,orphan_foreign_key
ORD00048375,CUST0008412,LOC0018,2025-04-06 19:06:23,Dine-in,Completed,,6345.00,0.00,1015.20,7360.20,Wallet,orphan_foreign_key
ORD00048461,CUST0052786,LOC0009,2025-04-06 20:16:06,App,Completed,,9390.00,13783.02,1502.40,10892.40,Online,discount_exceeds_subtotal
ORD00048504,CUST0038006,LOC0025,2025-04-06 20:38:25,Takeaway,Completed,,14330.00,29112.00,2149.50,16479.50,Cash,discount_exceeds_subtotal
ORD00048511,CUST0033115,LOC0013,2025-04-06 20:42:06,Dine-in,Completed,,11580.00,21889.63,1737.00,13317.00,Wallet,discount_exceeds_subtotal
ORD00048658,CUST0043293,LOC0003,2025-04-06 22:25:57,Takeaway,Completed,,3855.00,0.00,578.25,4433.25,Cash,orphan_foreign_key
ORD00048796,CUST0044901,LOC0008,2025-04-07 12:59:00,ThirdPartyDelivery,Completed,,8345.00,0.00,1335.20,9680.20,Cash,orphan_foreign_key
ORD00049011,,LOC0022,2025-04-07 20:31:36,Dine-in,Cancelled,,5340.00,0.00,801.00,6141.00,Cash,missing_value
ORD00049301,CUST0011962,LOC0008,2025-04-08 18:54:40,Dine-in,Completed,,22000.00,53903.86,3520.00,25520.00,Cash,discount_exceeds_subtotal
ORD00049354,CUST4793833,LOC0003,2025-04-08 20:23:50,Dine-in,Completed,,8835.00,0.00,1325.25,10160.25,Cash,orphan_foreign_key
ORD00049402,CUST0027573,LOC0013,2025-04-08 21:21:59,Takeaway,Completed,,9245.00,0.00,1386.75,10631.75,Card,orphan_foreign_key
ORD00049467,CUST0040233,LOC0015,2025-04-08 23:02:17,ThirdPartyDelivery,Completed,,9460.00,0.00,1513.60,10973.60,Online,orphan_foreign_key
ORD00049543,CUST0027240,LOC0023,2031-07-22 17:22:00,ThirdPartyDelivery,Completed,,6480.00,0.00,972.00,7452.00,Online,invalid_date
ORD00049686,CUST0005716,LOC0004,2025-04-09 18:08:55,Dine-in,Completed,,9670.00,13235.05,1450.50,11120.50,Cash,discount_exceeds_subtotal
ORD00049743,CUST0038539,LOC0010,2025-04-09 19:54:25,App,Completed,,1590.00,2571.70,254.40,1844.40,Card,discount_exceeds_subtotal
ORD00049803,,LOC0001,2025-04-09 21:08:43,ThirdPartyDelivery,Completed,,4840.00,0.00,726.00,5566.00,Cash,missing_value
ORD00049956,,LOC0024,2025-04-10 12:38:04,Dine-in,Completed,,9440.00,0.00,1510.40,10950.40,Card,missing_value
ORD00049959,,LOC0015,2025-04-10 12:41:30,ThirdPartyDelivery,Completed,,5620.00,0.00,899.20,6519.20,Cash,missing_value
ORD00050038,CUST0037465,LOC0009,2099-12-31 11:07:00,ThirdPartyDelivery,Cancelled,,7210.00,0.00,1153.60,8363.60,Cash,invalid_date
ORD00050171,CUST0043510,LOC6034,2025-04-10 20:26:52,Dine-in,Completed,,5870.00,0.00,880.50,6750.50,Wallet,invalid_restaurant_id
ORD00050270,CUST1986410,LOC0001,2025-04-10 23:06:07,App,Completed,,9820.00,0.00,1473.00,11293.00,Online,orphan_foreign_key
ORD00050273,CUST0479283,LOC0016,2025-04-10 23:22:52,Dine-in,Completed,,12680.00,0.00,2028.80,14708.80,Wallet,orphan_foreign_key
ORD00050469,CUST0039634,LOC0020,,ThirdPartyDelivery,Completed,,6920.00,0.00,1038.00,7958.00,Cash,invalid_date
ORD00050579,CUST0029144,LOC0006,,Dine-in,Completed,,5930.00,0.00,889.50,6819.50,Cash,invalid_date
ORD00050645,CUST0024080,LOC0001,2025-04-11 20:16:15,Takeaway,Completed,,5010.00,9962.57,751.50,5761.50,Card,discount_exceeds_subtotal
ORD00050663,CUST2178671,LOC0007,2025-04-11 20:31:56,App,Completed,,4490.00,0.00,718.40,5208.40,Online,orphan_foreign_key
ORD00050668,CUST0008498,LOC7646,2025-04-11 20:34:31,Takeaway,Completed,,1790.00,0.00,268.50,2058.50,Wallet,invalid_restaurant_id
ORD00050692,CUST0023458,LOC0019,2025-04-11 20:47:37,Dine-in,Completed,,7615.00,0.00,1218.40,8833.40,Cash,orphan_foreign_key
ORD00050704,CUST0045856,LOC0004,2025-04-11 20:57:45,ThirdPartyDelivery,Cancelled,,18700.00,0.00,2805.00,21505.00,Online,orphan_foreign_key
ORD00050741,CUST0008150,LOC0016,2025-04-11 21:35:41,ThirdPartyDelivery,Completed,,3810.00,7692.31,609.60,4419.60,Online,discount_exceeds_subtotal
ORD00051106,CUST0043227,LOC0007,2025-04-12 18:45:10,App,Completed,,980.00,0.00,156.80,1136.80,Online,orphan_foreign_key
ORD00051295,CUST0052071,LOC0018,2025-04-12 21:34:21,Dine-in,Completed,,12245.00,0.00,1959.20,14204.20,Cash,orphan_foreign_key
ORD00051414,CUST0045230,LOC0018,2025-04-13 01:06:15,Takeaway,Completed,,5460.00,0.00,873.60,6333.60,Cash,orphan_foreign_key
ORD00051428,CUST0045162,LOC0002,2025-04-13 11:03:36,Dine-in,Completed,,9200.00,15301.65,1380.00,10580.00,Wallet,discount_exceeds_subtotal
ORD00051519,CUST2131407,LOC0007,2025-04-13 13:28:00,Takeaway,Completed,,6480.00,0.00,1036.80,7516.80,Cash,orphan_foreign_key
ORD00051522,CUST0026166,LOC8484,2025-04-13 13:28:49,ThirdPartyDelivery,Completed,,3455.00,0.00,552.80,4007.80,Online,invalid_restaurant_id
ORD00051575,CUST0034019,LOC0001,2025-04-13 15:00:12,Dine-in,Completed,,7970.00,14976.87,1195.50,9165.50,Card,discount_exceeds_subtotal
ORD00051605,CUST0045758,LOC0003,2025-04-13 16:54:05,ThirdPartyDelivery,Completed,,5630.00,0.00,844.50,6474.50,Online,orphan_foreign_key
ORD00051785,CUST1057628,LOC0016,2025-04-13 21:00:00,Dine-in,Completed,,7485.00,0.00,1197.60,8682.60,Card,orphan_foreign_key
ORD00052313,CUST0005300,LOC0010,2025-04-15 11:54:31,App,Completed,,6245.00,0.00,999.20,7244.20,Online,orphan_foreign_key
ORD00052391,CUST0044164,LOC0013,2025-04-15 13:23:02,Website,Completed,,5840.00,0.00,876.00,6716.00,Card,orphan_foreign_key
ORD00052545,CUST0043646,LOC3618,2025-04-15 19:36:12,Dine-in,Completed,PROMO006,8080.00,2070.00,901.50,6911.50,Card,invalid_restaurant_id
ORD00052628,CUST0006945,LOC0020,2025-04-15 20:55:54,ThirdPartyDelivery,Completed,,7730.00,0.00,1159.50,8889.50,Online,orphan_foreign_key
ORD00052740,CUST0007868,LOC0016,2025-04-16 00:33:05,Dine-in,Completed,,3795.00,0.00,607.20,4402.20,Card,orphan_foreign_key
ORD00052925,CUST0051854,LOC3607,2025-04-16 16:42:37,Website,Completed,,4720.00,0.00,755.20,5475.20,Online,invalid_restaurant_id
ORD00053041,CUST0052071,LOC0018,2025-04-16 20:27:01,Dine-in,Completed,,5580.00,0.00,892.80,6472.80,Card,orphan_foreign_key
ORD00053314,,LOC0023,2025-04-17 13:39:25,ThirdPartyDelivery,Completed,,5740.00,0.00,861.00,6601.00,Cash,missing_value
ORD00053344,,LOC0006,2025-04-17 14:06:27,Dine-in,Completed,,9775.00,0.00,1466.25,11241.25,Wallet,missing_value
ORD00053477,,LOC0004,2025-04-17 19:41:49,App,Completed,,7320.00,0.00,1098.00,8418.00,Cash,missing_value
ORD00053733,,LOC0018,2025-04-18 12:12:51,Website,Completed,,3260.00,0.00,521.60,3781.60,Online,missing_value
ORD00053957,CUST0001753,LOC0018,2025-04-18 15:33:42,Takeaway,Completed,,2270.00,0.00,363.20,2633.20,Wallet,orphan_foreign_key
ORD00054192,CUST0010481,LOC0004,2025-04-18 20:41:44,ThirdPartyDelivery,Completed,,8500.00,0.00,1275.00,9775.00,Cash,orphan_foreign_key
ORD00054299,,LOC0025,2025-04-18 22:29:56,Dine-in,Completed,PROMO006,8680.00,1510.00,1075.50,8245.50,Wallet,missing_value
ORD00054411,,LOC0003,2025-04-19 12:13:07,App,Completed,,4390.00,0.00,658.50,5048.50,Wallet,missing_value
ORD00054682,CUST0054977,LOC0006,2025-04-19 18:11:06,Takeaway,Completed,,3030.00,0.00,454.50,3484.50,Cash,orphan_foreign_key
ORD00054771,CUST0028661,LOC0021,2025-04-19 19:55:27,Takeaway,Completed,,8545.00,0.00,1281.75,9826.75,Cash,orphan_foreign_key
ORD00054859,,LOC0005,2025-04-19 20:57:08,Dine-in,Completed,PROMO006,8555.00,1510.00,1056.75,8101.75,Wallet,missing_value
ORD00054960,,LOC0009,2025-04-19 21:52:27,Takeaway,Completed,,7255.00,0.00,1160.80,8415.80,Cash,missing_value
ORD00054974,CUST0031995,LOC0018,2025-04-19 22:03:29,Dine-in,Completed,,9900.00,0.00,1584.00,11484.00,Card,orphan_foreign_key
ORD00055053,CUST0022419,LOC0007,2025-04-19 23:44:22,Takeaway,Completed,,3440.00,0.00,550.40,3990.40,Card,orphan_foreign_key
ORD00055763,CUST0011892,LOC0015,2025-04-21 12:41:34,Website,Completed,,3010.00,0.00,481.60,3491.60,Card,orphan_foreign_key
ORD00055873,CUST4120951,LOC0021,2025-04-21 15:23:50,Dine-in,Completed,,8650.00,0.00,1297.50,9947.50,Card,orphan_foreign_key
ORD00055875,,LOC0004,2025-04-21 15:27:59,ThirdPartyDelivery,Completed,,3220.00,0.00,483.00,3703.00,Cash,missing_value
ORD00055941,CUST0019829,LOC0017,,Dine-in,Completed,,6415.00,0.00,1026.40,7441.40,Cash,invalid_date
ORD00055951,CUST0001936,LOC0016,2031-07-22 21:24:00,Dine-in,Completed,,5670.00,0.00,907.20,6577.20,Cash,invalid_date
ORD00056072,CUST0023654,LOC0020,2025-04-21 21:48:47,App,Completed,,6570.00,8226.80,985.50,7555.50,Cash,discount_exceeds_subtotal
ORD00056158,CUST0012082,LOC0001,2025-04-22 11:56:19,ThirdPartyDelivery,Completed,,1685.00,1856.90,252.75,1937.75,Online,discount_exceeds_subtotal
ORD00056318,,LOC0023,2025-04-22 16:37:15,Dine-in,Completed,,4815.00,0.00,722.25,5537.25,Card,missing_value
ORD00056479,CUST0043348,LOC0008,2025-04-22 21:12:24,Dine-in,Completed,,14620.00,0.00,2339.20,16959.20,Cash,orphan_foreign_key
ORD00056491,CUST0048842,LOC0008,2025-04-22 21:23:09,App,Completed,PROMO006,6250.00,1510.00,758.40,5498.40,Cash,orphan_foreign_key
ORD00056725,CUST0037971,LOC0018,,Dine-in,Completed,,5930.00,0.00,948.80,6878.80,Wallet,invalid_date
ORD00056924,CUST0049846,LOC0023,2025-04-23 21:03:00,Dine-in,Completed,,1945.00,2536.95,291.75,2236.75,Cash,discount_exceeds_subtotal
ORD00056962,CUST0047191,LOC0004,2025-04-23 21:49:39,Dine-in,Completed,PROMO006,13785.00,31677.02,1319.25,10114.25,Card,discount_exceeds_subtotal
ORD00057103,CUST0010545,LOC0010,2025-04-24 12:39:02,Website,Completed,,1870.00,0.00,299.20,2169.20,Online,orphan_foreign_key
ORD00057135,CUST0033508,LOC0004,2025-04-24 13:14:11,Dine-in,Completed,,7240.00,0.00,1086.00,8326.00,Cash,orphan_foreign_key
ORD00057479,CUST1706519,LOC0020,2025-04-24 22:31:46,App,Completed,PROMO006,14140.00,3110.00,1654.50,12684.50,Online,orphan_foreign_key
ORD00057577,CUST0008194,LOC0013,2025-04-25 12:20:46,Dine-in,Completed,,3130.00,5290.29,469.50,3599.50,Card,discount_exceeds_subtotal
ORD00057787,CUST0001753,LOC0018,2025-04-25 17:36:21,Takeaway,Completed,,9960.00,0.00,1593.60,11553.60,Wallet,orphan_foreign_key
ORD00057812,CUST0013148,LOC0015,2025-04-25 18:14:07,Dine-in,Completed,,10510.00,21866.96,1681.60,12191.60,Cash,discount_exceeds_subtotal
ORD00057858,CUST5127513,LOC0020,2025-04-25 19:04:23,Takeaway,Completed,,10225.00,0.00,1533.75,11758.75,Cash,orphan_foreign_key
ORD00058353,CUST0022446,LOC0011,2025-04-26 13:44:26,Dine-in,Completed,,7265.00,0.00,1162.40,8427.40,Wallet,orphan_foreign_key
ORD00058637,CUST0002111,LOC6219,2025-04-26 20:25:14,App,Completed,,2660.00,0.00,399.00,3059.00,Online,invalid_restaurant_id
ORD00058792,CUST0007830,LOC0007,2025-04-26 22:17:11,Takeaway,Completed,,2580.00,0.00,412.80,2992.80,Card,orphan_foreign_key
ORD00059296,,LOC0020,2025-04-27 20:07:11,App,Completed,,5020.00,0.00,753.00,5773.00,Wallet,missing_value
ORD00059301,CUST0005379,LOC0025,2027-11-05 20:38:00,Takeaway,Completed,,6510.00,0.00,976.50,7486.50,Cash,invalid_date
ORD00059328,CUST0047333,LOC0014,2025-04-27 20:30:20,App,Completed,PROMO006,18930.00,5140.00,2068.50,15858.50,Online,orphan_foreign_key
ORD00059496,CUST0045856,LOC0013,2025-04-27 22:51:45,ThirdPartyDelivery,Cancelled,,7750.00,0.00,1162.50,8912.50,Cash,orphan_foreign_key
ORD00059533,CUST0965777,LOC0003,2025-04-27 23:52:52,Dine-in,Completed,,9235.00,0.00,1385.25,10620.25,Wallet,orphan_foreign_key
ORD00059562,CUST0037798,LOC0019,2025-04-28 11:26:20,App,Completed,,2985.00,4454.04,477.60,3462.60,Online,discount_exceeds_subtotal
ORD00059613,,LOC0013,2025-04-28 12:54:27,Takeaway,Completed,PROMO006,4540.00,1380.00,474.00,3634.00,Cash,missing_value
ORD00059666,CUST0024895,LOC0013,2025-04-28 14:08:13,App,Completed,,4970.00,0.00,745.50,5715.50,Online,orphan_foreign_key
ORD00059966,,LOC0013,2025-04-28 23:03:56,Takeaway,Completed,,1995.00,0.00,299.25,2294.25,Card,missing_value
ORD00060007,CUST0049429,LOC0569,2025-04-29 11:03:12,App,Completed,,13155.00,0.00,2104.80,15259.80,Card,invalid_restaurant_id
ORD00060193,CUST0000106,LOC0006,,Dine-in,Completed,,10650.00,0.00,1597.50,12247.50,Cash,invalid_date
ORD00060264,CUST0044164,LOC0003,2025-04-29 20:09:46,Website,Completed,,3100.00,0.00,465.00,3565.00,Card,orphan_foreign_key
ORD00060451,CUST3655567,LOC0018,2025-04-30 12:16:33,Dine-in,Completed,,9755.00,0.00,1560.80,11315.80,Wallet,orphan_foreign_key
ORD00060766,,LOC0017,2025-04-30 21:04:57,App,Completed,,3130.00,0.00,500.80,3630.80,Online,missing_value
ORD00060825,,LOC0018,2025-04-30 22:09:47,Dine-in,Completed,,14400.00,0.00,2304.00,16704.00,Cash,missing_value
ORD00060891,,LOC0018,2025-05-01 01:50:16,Dine-in,Completed,,7725.00,0.00,1236.00,8961.00,Wallet,missing_value
ORD00060949,,LOC0002,2025-05-01 12:57:10,App,Completed,,4340.00,0.00,651.00,4991.00,Cash,missing_value
ORD00061039,CUST6382150,LOC0006,2025-05-01 15:54:11,Dine-in,Completed,,10640.00,0.00,1596.00,12236.00,Card,orphan_foreign_key
ORD00061061,CUST0036946,LOC0017,2025-05-01 17:27:47,ThirdPartyDelivery,Completed,PROMO007,3320.00,120.00,512.00,3712.00,Online,orphan_foreign_key
ORD00061103,CUST0015364,LOC0014,2025-05-01 19:09:34,Dine-in,Completed,,3340.00,0.00,501.00,3841.00,Wallet,orphan_foreign_key
ORD00061195,CUST0028661,LOC0021,2025-05-01 20:58:34,Takeaway,Completed,,3980.00,0.00,597.00,4577.00,Cash,orphan_foreign_key
ORD00061353,,LOC0002,2025-05-02 12:14:10,App,Completed,,2110.00,0.00,316.50,2426.50,Online,missing_value
ORD00061404,CUST0046434,LOC0004,2025-05-02 13:09:57,Dine-in,Completed,,11790.00,14874.26,1768.50,13558.50,Cash,discount_exceeds_subtotal
ORD00061492,CUST8321741,LOC0002,2025-05-02 14:23:44,ThirdPartyDelivery,Completed,,4150.00,0.00,622.50,4772.50,Cash,orphan_foreign_key
ORD00061549,CUST0045856,LOC0013,2025-05-02 16:48:12,ThirdPartyDelivery,Completed,,10960.00,0.00,1644.00,12604.00,Cash,orphan_foreign_key
ORD00061712,CUST0037795,LOC0005,,App,Completed,,2260.00,0.00,339.00,2599.00,Card,invalid_date
ORD00061754,,LOC0003,2025-05-02 21:01:12,App,Completed,,8110.00,0.00,1216.50,9326.50,Wallet,missing_value
ORD00061933,,LOC0012,2025-05-03 11:48:50,Takeaway,Completed,PROMO007,3845.00,296.25,532.31,4081.06,Cash,missing_value
ORD00062020,,LOC0025,2025-05-03 13:12:10,Takeaway,Completed,,11880.00,0.00,1782.00,13662.00,Card,missing_value
ORD00062045,CUST0041892,LOC0008,,Website,Completed,,4350.00,0.00,696.00,5046.00,Online,invalid_date
ORD00062090,CUST0040233,LOC0015,2025-05-03 14:07:54,ThirdPartyDelivery,Completed,,4790.00,0.00,766.40,5556.40,Cash,orphan_foreign_key
ORD00062136,,LOC0020,2025-05-03 15:55:52,App,Completed,,3660.00,0.00,549.00,4209.00,Online,missing_value
ORD00062157,CUST0018920,LOC0006,2025-05-03 17:09:00,Dine-in,Completed,PROMO007,12000.00,785.00,1682.25,12897.25,Cash,orphan_foreign_key
ORD00062422,CUST0029539,LOC0021,1900-01-01 14:31:00,Takeaway,Completed,,3405.00,0.00,510.75,3915.75,Cash,invalid_date
ORD00062815,,LOC0001,2025-05-04 16:51:15,Takeaway,Completed,,3385.00,0.00,507.75,3892.75,Cash,missing_value
ORD00062835,CUST0002910,LOC7170,2025-05-04 17:23:57,Takeaway,Completed,,6870.00,0.00,1030.50,7900.50,Cash,invalid_restaurant_id
ORD00062854,CUST0030068,LOC3276,2025-05-04 18:08:03,Takeaway,Completed,,7040.00,0.00,1056.00,8096.00,Cash,invalid_restaurant_id
ORD00063071,CUST0019030,LOC4199,2025-05-04 21:44:55,Dine-in,Completed,,7675.00,0.00,1228.00,8903.00,Card,invalid_restaurant_id
ORD00063203,CUST8846012,LOC0009,2025-05-05 11:44:45,Website,Completed,PROMO007,3470.00,112.50,537.20,3894.70,Online,orphan_foreign_key
ORD00063412,CUST0051556,LOC0018,2027-11-05 18:11:00,Dine-in,Completed,,5905.00,0.00,944.80,6849.80,Wallet,invalid_date
ORD00063498,CUST0053483,LOC0020,2025-05-05 20:48:45,Takeaway,Completed,,5145.00,0.00,771.75,5916.75,Cash,orphan_foreign_key
ORD00063537,CUST0046454,LOC0012,2025-05-05 21:26:01,Website,Completed,,8150.00,0.00,1222.50,9372.50,Online,orphan_foreign_key
ORD00063573,CUST0024895,LOC0013,2025-05-05 22:25:47,Takeaway,Completed,,7290.00,0.00,1093.50,8383.50,Card,orphan_foreign_key
ORD00063820,CUST0054330,LOC0003,2025-05-06 18:01:34,Dine-in,Completed,,4205.00,7496.73,630.75,4835.75,Cash,discount_exceeds_subtotal
ORD00064021,CUST0009263,LOC0012,2025-05-06 23:27:04,Dine-in,Cancelled,,17290.00,0.00,2593.50,19883.50,Cash,orphan_foreign_key
ORD00064305,,LOC0010,2025-05-07 20:27:14,Dine-in,Completed,PROMO007,6220.00,412.50,929.20,6736.70,Card,missing_value
ORD00064421,CUST0008938,LOC0003,2025-05-08 01:15:47,Dine-in,Completed,,12960.00,17517.41,1944.00,14904.00,Wallet,discount_exceeds_subtotal
ORD00064570,CUST0012888,LOC0018,2025-05-08 14:20:55,ThirdPartyDelivery,Completed,,3085.00,4746.43,493.60,3578.60,Cash,discount_exceeds_subtotal
ORD00064596,CUST0054651,LOC0008,2025-05-08 15:20:26,ThirdPartyDelivery,Completed,,7810.00,9186.55,1249.60,9059.60,Cash,discount_exceeds_subtotal
ORD00064751,CUST0031484,LOC0019,2025-05-08 20:32:27,Takeaway,Completed,,2485.00,5250.99,397.60,2882.60,Cash,discount_exceeds_subtotal
ORD00064793,CUST0030738,LOC0017,,Dine-in,Completed,,6170.00,0.00,987.20,7157.20,Card,invalid_date
ORD00065025,CUST0018221,LOC0004,2025-05-09 13:39:50,Website,Completed,,7730.00,16712.93,1159.50,8889.50,Online,discount_exceeds_subtotal
ORD00065072,CUST0043348,LOC0008,2025-05-09 14:24:59,Dine-in,Completed,,3535.00,0.00,565.60,4100.60,Cash,orphan_foreign_key
ORD00065215,CUST0048367,LOC0013,2025-05-09 19:18:13,Dine-in,Completed,,6870.00,0.00,1030.50,7900.50,Cash,orphan_foreign_key
ORD00065329,CUST0010542,LOC0007,2025-05-09 20:55:23,Website,Completed,,4815.00,5898.02,770.40,5585.40,Online,discount_exceeds_subtotal
ORD00065451,,LOC0002,2025-05-09 22:46:23,App,Completed,,11525.00,0.00,1728.75,13253.75,Card,missing_value
ORD00065474,CUST0010921,LOC0005,2025-05-09 23:27:08,App,Completed,,6480.00,9737.42,972.00,7452.00,Cash,discount_exceeds_subtotal
ORD00065526,CUST0024162,LOC0019,2025-05-10 11:23:52,Dine-in,Completed,,10590.00,0.00,1694.40,12284.40,Wallet,orphan_foreign_key
ORD00065736,CUST4527435,LOC0023,2025-05-10 14:48:42,ThirdPartyDelivery,Completed,,12200.00,0.00,1830.00,14030.00,Online,orphan_foreign_key
ORD00065909,CUST0032629,LOC0004,2025-05-10 19:58:40,Dine-in,Cancelled,,5050.00,10321.44,757.50,5807.50,Card,discount_exceeds_subtotal
ORD00065976,CUST0002383,LOC0019,2025-05-10 20:42:29,ThirdPartyDelivery,Completed,,2180.00,0.00,348.80,2528.80,Cash,orphan_foreign_key
ORD00066143,CUST0035489,LOC0007,2025-05-10 23:44:21,App,Completed,PROMO007,10110.00,735.00,1500.00,10875.00,Card,orphan_foreign_key
ORD00066290,CUST0048858,LOC0018,,ThirdPartyDelivery,Completed,,4810.00,0.00,769.60,5579.60,Online,invalid_date
ORD00066305,,LOC0010,2025-05-11 13:32:34,App,Completed,,7015.00,0.00,1122.40,8137.40,Online,missing_value
ORD00066405,CUST0052071,LOC0018,2025-05-11 16:31:43,Dine-in,Completed,PROMO007,9990.00,172.50,1570.80,11388.30,Cash,orphan_foreign_key
ORD00066464,,LOC0005,2025-05-11 18:53:05,App,Completed,PROMO007,18365.00,757.50,2641.12,20248.62,Wallet,missing_value
ORD00066518,CUST3075393,LOC0004,2025-05-11 19:56:15,Takeaway,Completed,,7370.00,0.00,1105.50,8475.50,Cash,orphan_foreign_key
ORD00066600,,LOC0003,2025-05-11 21:04:42,Dine-in,Completed,,5575.00,0.00,836.25,6411.25,Card,missing_value
ORD00066608,CUST0044645,LOC0016,2025-05-11 21:10:20,App,Completed,,6320.00,0.00,1011.20,7331.20,Cash,orphan_foreign_key
ORD00066884,CUST0020390,LOC0003,2025-05-12 15:01:25,Dine-in,Cancelled,,2830.00,0.00,424.50,3254.50,Card,orphan_foreign_key
ORD00067144,,LOC0001,2025-05-13 00:34:12,Dine-in,Completed,,14050.00,0.00,2107.50,16157.50,Card,missing_value
ORD00067564,,LOC0004,2025-05-14 00:52:32,Website,Completed,,9055.00,0.00,1358.25,10413.25,Wallet,missing_value
ORD00067629,,LOC0006,2025-05-14 12:53:07,Takeaway,Completed,,7550.00,0.00,1132.50,8682.50,Cash,missing_value
ORD00068000,CUST0042424,LOC0017,2025-05-14 22:48:22,ThirdPartyDelivery,Completed,,2360.00,0.00,377.60,2737.60,Cash,orphan_foreign_key
ORD00068049,CUST0005626,LOC0005,,Dine-in,Cancelled,PROMO007,8520.00,147.50,1255.88,9628.38,Card,invalid_date
ORD00068141,CUST0042231,LOC0020,,Dine-in,Completed,,11860.00,0.00,1779.00,13639.00,Cash,invalid_date
ORD00068164,,LOC0010,2025-05-15 13:53:35,Dine-in,Completed,,11030.00,0.00,1764.80,12794.80,Cash,missing_value
ORD00068203,CUST0005274,LOC0003,2025-05-15 14:56:18,Dine-in,Completed,PROMO008,14015.00,1401.50,1892.02,14505.52,Card,orphan_foreign_key
ORD00068288,,LOC0016,2025-05-15 19:00:53,App,Completed,PROMO007,8450.00,390.00,1289.60,9349.60,Cash,missing_value
ORD00068334,CUST0047620,LOC8898,2025-05-15 19:52:25,Dine-in,Completed,,14955.00,0.00,2392.80,17347.80,Wallet,invalid_restaurant_id
ORD00068386,CUST4031916,LOC0018,2025-05-15 20:59:30,Takeaway,Cancelled,,6110.00,0.00,977.60,7087.60,Cash,orphan_foreign_key
ORD00068533,CUST0011470,LOC0020,2025-05-16 11:29:47,Website,Completed,,9310.00,13235.74,1396.50,10706.50,Card,discount_exceeds_subtotal
ORD00068744,,LOC0002,2025-05-16 16:10:29,Dine-in,Completed,PROMO007,15705.00,255.00,2317.50,17767.50,Cash,missing_value
ORD00068817,CUST9154585,LOC0015,2025-05-16 18:31:24,App,Cancelled,,8100.00,0.00,1296.00,9396.00,Cash,orphan_foreign_key
ORD00068830,CUST0038337,LOC0014,2025-05-16 18:53:31,Takeaway,Completed,,3150.00,7692.88,472.50,3622.50,Cash,discount_exceeds_subtotal
ORD00068883,CUST6054742,LOC0011,2025-05-16 19:35:00,ThirdPartyDelivery,Completed,,2400.00,0.00,384.00,2784.00,Cash,orphan_foreign_key
ORD00069386,CUST0029337,LOC0010,2025-05-17 14:43:08,Dine-in,Completed,,7300.00,15132.73,1168.00,8468.00,Cash,discount_exceeds_subtotal
ORD00069636,CUST0015454,LOC6200,2025-05-17 20:54:17,Dine-in,Completed,PROMO007,9790.00,857.50,1339.88,10272.38,Cash,invalid_restaurant_id
ORD00069721,CUST0047387,LOC0020,,App,Completed,,5280.00,0.00,792.00,6072.00,Card,invalid_date
ORD00069794,CUST0040140,LOC0020,2025-05-18 00:16:23,Takeaway,Completed,,8710.00,0.00,1306.50,10016.50,Cash,orphan_foreign_key
ORD00069871,CUST0026953,LOC0005,2025-05-18 12:38:11,App,Completed,,5970.00,0.00,895.50,6865.50,Card,orphan_foreign_key
ORD00069874,CUST0027240,LOC0023,2025-05-18 12:41:48,ThirdPartyDelivery,Completed,PROMO007,6080.00,12497.97,875.25,6710.25,Cash,discount_exceeds_subtotal
ORD00070021,CUST0042784,LOC0021,2025-05-18 15:51:09,Dine-in,Completed,,12270.00,18335.15,1840.50,14110.50,Cash,discount_exceeds_subtotal
ORD00070038,CUST0001753,LOC0018,2025-05-18 16:49:46,Takeaway,Completed,,8285.00,0.00,1325.60,9610.60,Cash,orphan_foreign_key
ORD00070086,,LOC0004,2025-05-18 18:25:45,App,Cancelled,,5310.00,0.00,796.50,6106.50,Online,missing_value
ORD00070313,,LOC0023,2025-05-18 21:46:41,App,Completed,PROMO007,6250.00,202.50,907.12,6954.62,Online,missing_value
ORD00070396,CUST0034787,LOC0018,2025-05-18 23:23:27,App,Completed,,3855.00,8560.10,616.80,4471.80,Cash,discount_exceeds_subtotal
ORD00070399,CUST0006630,LOC0020,2025-05-18 23:25:56,App,Completed,PROMO007,9290.00,67.50,1383.38,10605.88,Online,orphan_foreign_key
ORD00070400,CUST0049983,LOC8797,2025-05-18 23:27:20,Dine-in,Completed,,8850.00,0.00,1416.00,10266.00,Card,invalid_restaurant_id
ORD00070519,,LOC0008,2025-05-19 13:38:51,App,Completed,,3920.00,0.00,627.20,4547.20,Online,missing_value
ORD00070523,,LOC0018,2025-05-19 13:42:43,ThirdPartyDelivery,Completed,,16415.00,0.00,2626.40,19041.40,Online,missing_value
ORD00070651,CUST0426842,LOC0012,2025-05-19 19:14:41,App,Completed,,11730.00,0.00,1759.50,13489.50,Card,orphan_foreign_key
ORD00070823,CUST0020443,LOC0004,2025-05-20 00:30:05,App,Completed,,9830.00,12550.94,1474.50,11304.50,Cash,discount_exceeds_subtotal
ORD00070866,CUST0030789,LOC0005,2025-05-20 12:26:09,App,Completed,,4080.00,10075.08,612.00,4692.00,Online,discount_exceeds_subtotal
ORD00070930,CUST0049751,LOC0004,2025-05-20 13:39:53,Dine-in,Completed,PROMO007,7200.00,700.00,975.00,7475.00,Card,orphan_foreign_key
ORD00071025,CUST0020390,LOC0003,2027-11-05 13:56:00,Dine-in,Completed,,9590.00,0.00,1438.50,11028.50,Wallet,invalid_date
ORD00071069,,LOC0010,2025-05-20 19:26:12,Takeaway,Completed,,3500.00,0.00,560.00,4060.00,Card,missing_value
ORD00071413,,LOC0025,2025-05-21 16:36:29,Dine-in,Completed,,17590.00,0.00,2638.50,20228.50,Card,missing_value
ORD00071589,CUST0017383,LOC0025,2025-05-21 21:35:10,Dine-in,Completed,PROMO007,7970.00,11327.48,1183.12,9070.62,Cash,discount_exceeds_subtotal
ORD00071603,,LOC0020,2025-05-21 21:48:10,App,Completed,,6510.00,0.00,976.50,7486.50,Card,missing_value
ORD00071766,,LOC0022,2025-05-22 13:33:42,App,Completed,,13680.00,0.00,2052.00,15732.00,Card,missing_value
ORD00072099,CUST0009263,LOC0002,2025-05-23 10:04:25,Dine-in,Completed,,5480.00,0.00,822.00,6302.00,Cash,orphan_foreign_key
ORD00072375,CUST0046570,LOC0018,2025-05-23 18:43:16,App,Completed,PROMO007,1620.00,80.00,246.40,1786.40,Online,orphan_foreign_key
ORD00072501,CUST7746041,LOC0020,2025-05-23 20:29:20,Website,Completed,,6910.00,0.00,1036.50,7946.50,Card,orphan_foreign_key
ORD00072605,CUST0018967,LOC0023,2025-05-23 21:52:48,ThirdPartyDelivery,Completed,,12760.00,0.00,1914.00,14674.00,Cash,orphan_foreign_key
ORD00072608,CUST0009913,LOC0014,2025-05-23 21:55:14,Dine-in,Completed,PROMO008,5525.00,10735.83,745.88,5718.38,Cash,discount_exceeds_subtotal
ORD00072669,CUST0023893,LOC7524,2025-05-23 23:59:01,App,Completed,,8475.00,0.00,1356.00,9831.00,Card,invalid_restaurant_id
ORD00072792,CUST0015496,LOC0001,2025-05-24 12:50:50,Dine-in,Completed,,23720.00,0.00,3558.00,27278.00,Wallet,orphan_foreign_key
ORD00072917,CUST0020934,LOC0001,,Dine-in,Completed,PROMO007,5930.00,165.00,864.75,6629.75,Card,invalid_date
ORD00072973,CUST0031995,LOC0007,2025-05-24 16:35:01,Takeaway,Completed,,7700.00,0.00,1232.00,8932.00,Wallet,orphan_foreign_key
ORD00072991,,LOC0001,2025-05-24 17:11:58,App,Completed,,4905.00,0.00,735.75,5640.75,Cash,missing_value
ORD00073030,CUST0050311,LOC0001,,Dine-in,Completed,,9650.00,0.00,1447.50,11097.50,Cash,invalid_date
ORD00073072,CUST0018346,LOC3047,2025-05-24 19:31:14,ThirdPartyDelivery,Completed,,6080.00,0.00,972.80,7052.80,Cash,invalid_restaurant_id
ORD00073154,CUST0013023,LOC0001,2025-05-24 20:29:10,Dine-in,Completed,,4735.00,10980.23,710.25,5445.25,Card,discount_exceeds_subtotal
ORD00073318,CUST0023627,LOC0020,,Dine-in,Completed,,5070.00,0.00,760.50,5830.50,Cash,invalid_date
ORD00073350,,LOC0020,2025-05-24 23:23:01,Dine-in,Completed,,17055.00,0.00,2558.25,19613.25,Card,missing_value
ORD00073404,CUST2158438,LOC0004,2025-05-25 11:52:40,ThirdPartyDelivery,Completed,,3190.00,0.00,478.50,3668.50,Online,orphan_foreign_key
ORD00073503,,LOC0002,2025-05-25 13:30:39,App,Completed,,565.00,0.00,84.75,649.75,Online,missing_value
ORD00074027,CUST8525144,LOC0020,2025-05-26 12:35:31,ThirdPartyDelivery,Completed,,4210.00,0.00,631.50,4841.50,Cash,orphan_foreign_key
ORD00074094,CUST0010362,LOC0017,2025-05-26 14:07:12,Dine-in,Completed,,9370.00,0.00,1499.20,10869.20,Cash,orphan_foreign_key
ORD00074142,CUST1588368,LOC0020,2025-05-26 15:44:22,App,Completed,,12660.00,0.00,1899.00,14559.00,Cash,orphan_foreign_key
ORD00074265,CUST0038719,LOC0018,,App,Completed,,7470.00,0.00,1195.20,8665.20,Card,invalid_date
ORD00074317,CUST0043348,LOC0008,2025-05-26 21:07:57,Dine-in,Completed,,11045.00,0.00,1767.20,12812.20,Cash,orphan_foreign_key
ORD00074356,CUST0027018,LOC0004,,ThirdPartyDelivery,Completed,,3970.00,0.00,595.50,4565.50,Online,invalid_date
ORD00074670,CUST0006630,LOC0003,2025-05-27 19:48:51,Dine-in,Completed,,8960.00,0.00,1344.00,10304.00,Cash,orphan_foreign_key
ORD00074676,,LOC0021,2025-05-27 20:01:31,ThirdPartyDelivery,Completed,,5000.00,0.00,750.00,5750.00,Online,missing_value
ORD00074683,CUST0017220,LOC0015,2025-05-27 20:06:17,Dine-in,Completed,,6410.00,0.00,1025.60,7435.60,Cash,orphan_foreign_key
ORD00075010,,LOC0007,2025-05-28 16:25:24,Website,Cancelled,PROMO007,6100.00,382.50,914.80,6632.30,Online,missing_value
ORD00075030,CUST0003773,LOC0015,2025-05-28 17:37:54,Dine-in,Completed,,5645.00,0.00,903.20,6548.20,Card,orphan_foreign_key
ORD00075074,CUST0001753,LOC0018,2025-05-28 19:15:13,Takeaway,Completed,,7810.00,0.00,1249.60,9059.60,Card,orphan_foreign_key
ORD00075329,,LOC0001,2025-05-29 13:03:58,App,Completed,,9600.00,0.00,1440.00,11040.00,Online,missing_value
ORD00075352,CUST0007010,LOC3965,2025-05-29 13:24:43,App,Completed,PROMO007,5520.00,135.00,861.60,6246.60,Online,invalid_restaurant_id
ORD00075394,CUST0043707,LOC0003,2025-05-29 14:00:59,Dine-in,Completed,PROMO008,7930.00,793.00,1070.55,8207.55,Cash,orphan_foreign_key
ORD00075418,CUST5638411,LOC0008,2025-05-29 14:57:55,App,Completed,,1320.00,0.00,211.20,1531.20,Card,orphan_foreign_key
ORD00075430,,LOC0014,2025-05-29 15:40:13,Dine-in,Completed,,14420.00,0.00,2163.00,16583.00,Card,missing_value
ORD00075761,CUST0038046,LOC0001,2025-05-30 10:32:18,Dine-in,Completed,,16340.00,0.00,2451.00,18791.00,Cash,orphan_foreign_key
ORD00075763,CUST0044612,LOC0016,2025-05-30 10:50:36,Website,Completed,,2950.00,0.00,472.00,3422.00,Online,orphan_foreign_key
ORD00076062,CUST3153706,LOC0020,2025-05-30 19:12:46,App,Completed,,5500.00,0.00,825.00,6325.00,Online,orphan_foreign_key
ORD00076417,CUST0014077,LOC0002,2099-12-31 10:46:00,Dine-in,Completed,PROMO007,14055.00,661.25,2009.06,15402.81,Card,invalid_date
ORD00076548,CUST0002714,LOC0015,2025-05-31 14:48:51,Website,Cancelled,PROMO007,2765.00,6422.86,431.60,3129.10,Card,discount_exceeds_subtotal
ORD00076934,,LOC0017,2025-05-31 22:55:05,ThirdPartyDelivery,Completed,,2335.00,0.00,373.60,2708.60,Online,missing_value
ORD00076975,CUST0048272,LOC0003,2025-06-01 01:51:43,Website,Completed,,7035.00,0.00,1055.25,8090.25,Online,orphan_foreign_key
ORD00077106,CUST0047668,LOC0015,,Takeaway,Completed,,5160.00,0.00,825.60,5985.60,Cash,invalid_date
ORD00077274,CUST0029103,LOC0019,2025-06-01 18:24:25,Dine-in,Completed,,3805.00,7745.94,608.80,4413.80,Card,discount_exceeds_subtotal
ORD00077682,CUST0046151,LOC0008,2025-06-02 13:42:56,App,Completed,,4095.00,5589.07,655.20,4750.20,Online,discount_exceeds_subtotal
ORD00077683,CUST0036104,LOC0015,2025-06-02 13:43:25,Website,Completed,,4360.00,0.00,697.60,5057.60,Card,orphan_foreign_key
ORD00077754,CUST0011365,LOC0001,1970-01-01 16:15:00,App,Completed,,7300.00,0.00,1095.00,8395.00,Online,invalid_date
ORD00077844,CUST0006066,LOC3790,2025-06-02 20:16:09,Takeaway,Completed,,5250.00,0.00,787.50,6037.50,Cash,invalid_restaurant_id
ORD00077882,CUST0008898,LOC0016,2025-06-02 21:02:42,ThirdPartyDelivery,Completed,,3530.00,0.00,564.80,4094.80,Cash,orphan_foreign_key
ORD00077965,CUST0000930,LOC0014,2025-06-03 00:16:07,Dine-in,Completed,,3470.00,6759.30,520.50,3990.50,Card,discount_exceeds_subtotal
ORD00077968,CUST0040793,LOC0025,2027-11-05 21:24:00,Dine-in,Completed,PROMO009,10815.00,300.01,1577.25,12092.24,Card,invalid_date
ORD00078124,CUST0036946,LOC0013,2025-06-03 15:32:34,Takeaway,Cancelled,,4020.00,0.00,603.00,4623.00,Card,orphan_foreign_key
ORD00078278,CUST0036455,LOC0007,,Takeaway,Completed,,2480.00,0.00,396.80,2876.80,Wallet,invalid_date
ORD00078359,,LOC0002,2025-06-04 00:46:18,Website,Completed,,3970.00,0.00,595.50,4565.50,Wallet,missing_value
ORD00078388,CUST0047106,LOC7414,2025-06-04 12:23:44,App,Completed,,6220.00,0.00,933.00,7153.00,Cash,invalid_restaurant_id
ORD00078442,CUST0028428,LOC0004,,Dine-in,Completed,PROMO007,10980.00,308.75,1600.69,12271.94,Card,invalid_date
ORD00078562,CUST0006953,LOC0003,,Website,Completed,,5280.00,0.00,792.00,6072.00,Online,invalid_date
ORD00078577,CUST0034779,LOC0012,2025-06-04 19:10:29,Dine-in,Completed,,9695.00,0.00,1454.25,11149.25,Cash,orphan_foreign_key
ORD00078678,CUST0030254,LOC0022,2031-07-22 19:44:00,ThirdPartyDelivery,Completed,,7750.00,0.00,1162.50,8912.50,Online,invalid_date
ORD00078730,CUST0028661,LOC0021,2025-06-04 22:07:19,Takeaway,Completed,,16490.00,0.00,2473.50,18963.50,Card,orphan_foreign_key
ORD00078812,CUST0022098,LOC0019,2099-12-31 17:03:00,Takeaway,Completed,,9930.00,0.00,1588.80,11518.80,Card,invalid_date
ORD00078855,CUST0046454,LOC0012,2025-06-05 13:05:13,Website,Completed,,8215.00,0.00,1232.25,9447.25,Online,orphan_foreign_key
ORD00078871,,LOC0010,2025-06-05 13:27:31,Dine-in,Completed,PROMO007,4440.00,245.00,671.20,4866.20,Card,missing_value
ORD00078973,CUST0049784,LOC0005,2025-06-05 18:42:52,Takeaway,Completed,,3170.00,5905.71,475.50,3645.50,Cash,discount_exceeds_subtotal
ORD00079002,CUST0042885,LOC0020,2025-06-05 19:33:51,Dine-in,Completed,,11035.00,0.00,1655.25,12690.25,Card,orphan_foreign_key
ORD00079341,CUST0008394,LOC0003,2025-06-06 13:43:42,Dine-in,Completed,,10745.00,18230.82,1611.75,12356.75,Cash,discount_exceeds_subtotal
ORD00079439,CUST0029804,LOC0013,2031-07-22 16:04:00,Takeaway,Completed,,8160.00,0.00,1224.00,9384.00,Card,invalid_date
ORD00079653,CUST0032994,LOC0012,2025-06-06 21:51:31,App,Completed,,700.00,819.38,105.00,805.00,Card,discount_exceeds_subtotal
ORD00079868,CUST0036377,LOC0020,2025-06-07 14:19:01,Dine-in,Completed,PROMO007,4130.00,302.50,574.12,4401.62,Card,orphan_foreign_key
ORD00080032,CUST0011464,LOC0018,2025-06-07 20:41:56,App,Cancelled,,4730.00,0.00,756.80,5486.80,Online,orphan_foreign_key
ORD00080129,CUST0009049,LOC0018,,App,Completed,,3260.00,0.00,521.60,3781.60,Online,invalid_date
ORD00080300,,LOC0017,2025-06-08 13:56:01,Dine-in,Completed,,5970.00,0.00,955.20,6925.20,Cash,missing_value
ORD00080436,CUST0027453,LOC0008,2025-06-08 18:39:47,ThirdPartyDelivery,Completed,,4260.00,7017.62,681.60,4941.60,Cash,discount_exceeds_subtotal
ORD00080486,,LOC0009,2025-06-08 19:37:54,ThirdPartyDelivery,Completed,,9890.00,0.00,1582.40,11472.40,Online,missing_value
ORD00080492,CUST0049861,LOC9679,2025-06-08 19:48:36,App,Completed,,6090.00,0.00,913.50,7003.50,Cash,invalid_restaurant_id
ORD00080632,,LOC0016,2025-06-08 22:02:15,ThirdPartyDelivery,Completed,PROMO007,2580.00,305.00,364.00,2639.00,Cash,missing_value
ORD00080745,CUST0036430,LOC0016,,App,Completed,,4380.00,0.00,700.80,5080.80,Online,invalid_date
ORD00080786,CUST0013476,LOC0003,,Takeaway,Completed,,5655.00,0.00,848.25,6503.25,Cash,invalid_date
ORD00080892,,LOC0022,2025-06-09 16:05:29,Dine-in,Cancelled,,6180.00,0.00,927.00,7107.00,Card,missing_value
ORD00081089,CUST0019289,LOC0012,1900-01-01 13:53:00,ThirdPartyDelivery,Completed,,1560.00,0.00,234.00,1794.00,Cash,invalid_date
ORD00081189,CUST0012582,LOC0006,2025-06-10 01:01:57,Dine-in,Completed,,7750.00,0.00,1162.50,8912.50,Cash,orphan_foreign_key
ORD00081234,,LOC0019,2025-06-10 12:26:36,App,Completed,,4770.00,0.00,763.20,5533.20,Cash,missing_value
ORD00081275,CUST0031633,LOC0023,2025-06-10 13:19:39,ThirdPartyDelivery,Completed,,1995.00,3834.21,299.25,2294.25,Online,discount_exceeds_subtotal
ORD00081322,CUST3787692,LOC0002,2025-06-10 14:21:05,ThirdPartyDelivery,Completed,,5050.00,0.00,757.50,5807.50,Cash,orphan_foreign_key
ORD00081399,CUST0037237,LOC8322,2025-06-10 18:19:58,App,Completed,,7160.00,0.00,1074.00,8234.00,Online,invalid_restaurant_id
ORD00081503,,LOC0020,2025-06-10 21:09:13,Dine-in,Completed,,17730.00,0.00,2659.50,20389.50,Cash,missing_value
ORD00081509,CUST0024162,LOC0008,2025-06-10 21:14:57,Dine-in,Completed,,12035.00,0.00,1925.60,13960.60,Card,orphan_foreign_key
ORD00081554,CUST0035998,LOC0019,2025-06-10 22:13:50,App,Completed,,4885.00,0.00,781.60,5666.60,Online,orphan_foreign_key
ORD00081864,CUST0006945,LOC0020,2025-06-11 19:30:51,ThirdPartyDelivery,Completed,,9090.00,0.00,1363.50,10453.50,Cash,orphan_foreign_key
ORD00082120,CUST3525148,LOC0021,2025-06-12 13:19:50,Takeaway,Completed,,5120.00,0.00,768.00,5888.00,Wallet,orphan_foreign_key
ORD00082138,CUST5259231,LOC0018,2025-06-12 13:40:08,Takeaway,Completed,,2520.00,0.00,403.20,2923.20,Card,orphan_foreign_key
ORD00082214,CUST0042949,LOC0017,1900-01-01 10:40:00,Takeaway,Completed,,3850.00,0.00,616.00,4466.00,Cash,invalid_date
ORD00082370,CUST5418037,LOC0001,2025-06-12 20:57:51,App,Cancelled,PROMO010,17710.00,727.50,2547.38,19529.88,Online,orphan_foreign_key
ORD00082494,CUST0025816,LOC0008,2027-11-05 11:36:00,ThirdPartyDelivery,Completed,,4275.00,0.00,684.00,4959.00,Online,invalid_date
ORD00082651,,LOC0015,2025-06-13 13:45:31,App,Completed,,680.00,0.00,108.80,788.80,Wallet,missing_value
ORD00083286,CUST0049022,LOC0020,2099-12-31 10:36:00,Dine-in,Cancelled,PROMO007,8360.00,910.00,1117.50,8567.50,Card,invalid_date
ORD00083380,CUST0022212,LOC0018,2025-06-14 17:13:19,Dine-in,Completed,PROMO008,20385.00,2038.50,2935.44,21281.94,Cash,orphan_foreign_key
ORD00083421,CUST0026953,LOC0005,2025-06-14 18:12:01,App,Completed,,5180.00,0.00,777.00,5957.00,Cash,orphan_foreign_key
ORD00083531,CUST0007086,LOC0021,2025-06-14 20:05:59,Dine-in,Completed,,7070.00,16850.11,1060.50,8130.50,Card,discount_exceeds_subtotal
ORD00083679,CUST0032915,LOC0011,2025-06-14 21:57:32,Dine-in,Completed,,16640.00,21554.60,2662.40,19302.40,Cash,discount_exceeds_subtotal
ORD00083907,CUST0006857,LOC0017,1970-01-01 20:40:00,Dine-in,Completed,,10410.00,0.00,1665.60,12075.60,Cash,invalid_date
ORD00083976,CUST0023855,LOC0011,2025-06-15 14:53:38,Dine-in,Completed,,5990.00,0.00,958.40,6948.40,Cash,orphan_foreign_key
ORD00084135,,LOC0022,2025-06-15 19:54:37,ThirdPartyDelivery,Completed,,8340.00,0.00,1251.00,9591.00,Online,missing_value
ORD00084136,CUST0041267,LOC0003,2027-11-05 19:44:00,Dine-in,Completed,PROMO008,16840.00,1684.00,2273.40,17429.40,Card,invalid_date
ORD00084155,CUST0052601,LOC5222,2025-06-15 20:04:29,ThirdPartyDelivery,Completed,,4160.00,0.00,624.00,4784.00,Online,invalid_restaurant_id
ORD00084252,CUST0012477,LOC0016,2031-07-22 19:40:00,Dine-in,Completed,,3760.00,0.00,601.60,4361.60,Card,invalid_date
ORD00084286,CUST0034041,LOC0026,2025-06-15 21:46:54,App,Completed,PROMO010,11390.00,117.00,1803.68,13076.68,Online,invalid_restaurant_id
ORD00084293,,LOC0025,2025-06-15 21:51:21,Takeaway,Completed,,4090.00,0.00,613.50,4703.50,Wallet,missing_value
ORD00084316,CUST0008412,LOC0018,2025-06-15 22:13:02,Dine-in,Completed,,11120.00,0.00,1779.20,12899.20,Card,orphan_foreign_key
ORD00084322,CUST0004779,LOC0009,2025-06-15 22:21:48,Takeaway,Completed,PROMO010,2040.00,144.00,303.36,2199.36,Card,orphan_foreign_key
ORD00084424,CUST0706363,LOC0001,2025-06-16 12:32:56,ThirdPartyDelivery,Completed,,7750.00,0.00,1162.50,8912.50,Cash,orphan_foreign_key
ORD00084443,,LOC0007,2025-06-16 13:03:11,Dine-in,Completed,,8415.00,0.00,1346.40,9761.40,Cash,missing_value
ORD00084558,CUST0012858,LOC0002,2025-06-16 17:55:34,Dine-in,Completed,,5440.00,9819.45,816.00,6256.00,Cash,discount_exceeds_subtotal
ORD00084585,CUST0740148,LOC0024,2025-06-16 19:08:55,Dine-in,Completed,PROMO007,3980.00,512.50,554.80,4022.30,Card,orphan_foreign_key
ORD00084636,CUST0031720,LOC0015,,Dine-in,Completed,PROMO007,13610.00,422.50,2110.00,15297.50,Cash,invalid_date
ORD00084802,,LOC0005,2025-06-17 11:31:46,Website,Completed,,3720.00,0.00,558.00,4278.00,Wallet,missing_value
ORD00085129,,LOC0020,2025-06-17 20:52:14,Website,Completed,PROMO007,3510.00,87.50,513.38,3935.88,Online,missing_value
ORD00085171,CUST0020334,LOC0005,2025-06-17 21:48:15,Website,Completed,,6360.00,0.00,954.00,7314.00,Online,orphan_foreign_key
ORD00085252,CUST0054949,LOC0010,2025-06-18 11:04:44,App,Completed,,4740.00,0.00,758.40,5498.40,Online,orphan_foreign_key
ORD00085475,CUST0000867,LOC0023,2025-06-18 18:09:42,Dine-in,Cancelled,PROMO010,13200.00,1395.00,1770.75,13575.75,Cash,orphan_foreign_key
ORD00085524,,LOC0013,2025-06-18 19:42:17,ThirdPartyDelivery,Completed,,5880.00,0.00,882.00,6762.00,Cash,missing_value
ORD00085534,CUST0027948,LOC0008,2025-06-18 19:58:26,ThirdPartyDelivery,Completed,PROMO007,3800.00,345.00,552.80,4007.80,Cash,orphan_foreign_key
ORD00085641,CUST0035060,LOC0003,,Takeaway,Completed,,4760.00,0.00,714.00,5474.00,Cash,invalid_date
ORD00085690,CUST0000497,LOC0024,,Dine-in,Completed,,15125.00,0.00,2420.00,17545.00,Card,invalid_date
ORD00085824,CUST2059507,LOC0007,2025-06-19 15:13:36,Dine-in,Completed,PROMO007,14660.00,82.50,2332.40,16909.90,Wallet,orphan_foreign_key
ORD00085918,CUST0010431,LOC0008,2025-06-19 20:27:06,ThirdPartyDelivery,Completed,PROMO007,3055.00,5436.32,458.20,3321.95,Cash,discount_exceeds_subtotal
ORD00086287,,LOC0003,2025-06-20 18:02:18,Website,Completed,,15170.00,0.00,2275.50,17445.50,Online,missing_value
ORD00086299,CUST0020641,LOC0005,2025-06-20 18:22:35,App,Completed,,3610.00,0.00,541.50,4151.50,Cash,orphan_foreign_key
ORD00086459,CUST0006678,LOC0013,2025-06-20 21:37:48,App,Completed,,3120.00,0.00,468.00,3588.00,Online,orphan_foreign_key
ORD00086491,CUST0027818,LOC1975,2025-06-20 22:21:36,App,Completed,PROMO007,5470.00,277.50,830.80,6023.30,Card,invalid_restaurant_id
ORD00086506,CUST0014941,LOC5347,2025-06-20 22:48:18,App,Cancelled,,920.00,0.00,147.20,1067.20,Cash,invalid_restaurant_id
ORD00086521,CUST4040990,LOC0010,2025-06-20 23:22:08,ThirdPartyDelivery,Completed,PROMO007,1160.00,40.00,179.20,1299.20,Online,orphan_foreign_key
ORD00086625,,LOC0019,2025-06-21 12:57:14,Dine-in,Completed,,10140.00,0.00,1622.40,11762.40,Card,missing_value
ORD00086757,CUST0250373,LOC0015,2025-06-21 16:04:48,ThirdPartyDelivery,Completed,,3670.00,0.00,587.20,4257.20,Cash,orphan_foreign_key
ORD00086806,,LOC0011,2025-06-21 18:06:41,Website,Completed,,18740.00,0.00,2998.40,21738.40,Card,missing_value
ORD00086968,CUST0005232,LOC8909,2025-06-21 21:05:22,Dine-in,Completed,PROMO007,10500.00,420.00,1512.00,11592.00,Wallet,invalid_restaurant_id
ORD00087138,CUST0020764,LOC0021,,App,Completed,PROMO007,1180.00,135.00,156.75,1201.75,Online,invalid_date
ORD00087462,CUST9891496,LOC0014,2025-06-22 19:32:15,App,Completed,,2885.00,0.00,432.75,3317.75,Online,orphan_foreign_key
ORD00087483,CUST0038385,LOC0020,2025-06-22 19:58:04,Dine-in,Completed,,4805.00,10643.38,720.75,5525.75,Cash,discount_exceeds_subtotal
ORD00087577,CUST0030094,LOC0018,2025-06-22 21:18:08,Dine-in,Completed,,4840.00,0.00,774.40,5614.40,Card,orphan_foreign_key
ORD00087682,CUST0026079,LOC0017,2025-06-22 23:17:45,Dine-in,Completed,PROMO007,19335.00,33643.55,3052.60,22131.35,Cash,discount_exceeds_subtotal
ORD00087817,CUST0023855,LOC0008,2025-06-23 14:52:43,Dine-in,Completed,,6150.00,0.00,984.00,7134.00,Card,orphan_foreign_key
ORD00087927,CUST0019230,LOC0023,2025-06-23 19:36:43,ThirdPartyDelivery,Completed,PROMO007,8190.00,80.00,1216.50,9326.50,Cash,orphan_foreign_key
ORD00087954,,LOC0004,2025-06-23 20:21:29,Dine-in,Completed,,14410.00,0.00,2161.50,16571.50,Wallet,missing_value
ORD00088003,,LOC0009,2025-06-23 21:28:44,ThirdPartyDelivery,Completed,,8980.00,0.00,1436.80,10416.80,Online,missing_value
ORD00088021,,LOC0007,2025-06-23 21:58:19,Dine-in,Completed,,5520.00,0.00,883.20,6403.20,Cash,missing_value
ORD00088462,,LOC0015,2025-06-25 12:05:03,Dine-in,Completed,PROMO007,6940.00,165.00,1084.00,7859.00,Card,missing_value
ORD00088514,CUST0027567,LOC0008,2025-06-25 13:39:58,Dine-in,Completed,PROMO007,5215.00,283.75,789.00,5720.25,Wallet,orphan_foreign_key
ORD00088550,CUST0008304,LOC0011,2025-06-25 14:18:33,ThirdPartyDelivery,Completed,PROMO007,4440.00,380.00,649.60,4709.60,Cash,orphan_foreign_key
ORD00088957,CUST0025598,LOC0018,,App,Completed,,5190.00,0.00,830.40,6020.40,Wallet,invalid_date
ORD00089356,CUST0009194,LOC0015,1970-01-01 22:02:00,Dine-in,Completed,,5190.00,0.00,830.40,6020.40,Card,invalid_date
ORD00089738,CUST0004035,LOC0014,2025-06-28 12:10:23,ThirdPartyDelivery,Completed,,520.00,679.45,78.00,598.00,Online,discount_exceeds_subtotal
ORD00089844,,LOC0013,2025-06-28 14:09:48,ThirdPartyDelivery,Completed,,6430.00,0.00,964.50,7394.50,Online,missing_value
ORD00089914,CUST0007347,LOC0016,2025-06-28 16:36:01,ThirdPartyDelivery,Completed,PROMO007,2245.00,200.00,327.20,2372.20,Online,orphan_foreign_key
ORD00090044,CUST0043348,LOC0007,2025-06-28 20:10:21,Dine-in,Completed,,5870.00,0.00,939.20,6809.20,Card,orphan_foreign_key
ORD00090182,CUST0016983,LOC2800,2025-06-28 22:37:06,Dine-in,Completed,PROMO007,10695.00,850.00,1476.75,11321.75,Cash,invalid_restaurant_id
ORD00090214,,LOC0023,2025-06-28 23:41:37,App,Completed,,3740.00,0.00,561.00,4301.00,Online,missing_value
ORD00090259,CUST6296096,LOC0020,2025-06-29 12:06:14,ThirdPartyDelivery,Completed,PROMO007,3825.00,148.75,551.44,4227.69,Cash,orphan_foreign_key
ORD00090272,CUST0029913,LOC0019,,Dine-in,Completed,,10900.00,0.00,1744.00,12644.00,Card,invalid_date
ORD00090295,CUST0021860,LOC0011,2025-06-29 12:43:00,Dine-in,Completed,,6310.00,7730.79,1009.60,7319.60,Card,discount_exceeds_subtotal
ORD00090324,CUST0036538,LOC0021,2025-06-29 13:14:03,Dine-in,Completed,,11120.00,20499.83,1668.00,12788.00,Card,discount_exceeds_subtotal
ORD00090411,CUST0051461,LOC9986,2025-06-29 15:52:03,Dine-in,Completed,,7665.00,0.00,1149.75,8814.75,Cash,invalid_restaurant_id
ORD00090448,CUST0050340,LOC0021,2025-06-29 17:23:08,Dine-in,Completed,PROMO007,2710.00,3447.58,396.38,3038.88,Cash,discount_exceeds_subtotal
ORD00090477,CUST0035614,LOC0023,2025-06-29 18:45:44,Dine-in,Completed,PROMO007,6380.00,202.50,926.62,7104.12,Cash,orphan_foreign_key
ORD00090620,,LOC0013,2025-06-29 21:04:57,App,Completed,,2465.00,0.00,369.75,2834.75,Cash,missing_value
ORD00090713,CUST0024695,LOC7988,2025-06-29 22:39:20,Dine-in,Completed,,6080.00,0.00,912.00,6992.00,Card,invalid_restaurant_id
ORD00090796,CUST0008289,LOC0018,,Dine-in,Completed,,16375.00,0.00,2620.00,18995.00,Cash,invalid_date
ORD00090805,CUST0010236,LOC0015,2025-06-30 12:56:33,Dine-in,Completed,PROMO007,1850.00,3542.14,237.20,1719.70,Wallet,discount_exceeds_subtotal
ORD00090880,CUST0006943,LOC0001,2025-06-30 14:47:36,Dine-in,Completed,,13255.00,0.00,1988.25,15243.25,Card,orphan_foreign_key
ORD00090996,CUST6273695,LOC0005,2025-06-30 19:46:06,ThirdPartyDelivery,Completed,PROMO007,1740.00,52.50,253.12,1940.62,Online,orphan_foreign_key
ORD00091005,CUST4701661,LOC0020,2025-06-30 19:58:40,Takeaway,Completed,,1770.00,0.00,265.50,2035.50,Cash,orphan_foreign_key
ORD00091086,CUST0041670,LOC0003,,App,Completed,PROMO007,4140.00,93.75,606.94,4653.19,Card,invalid_date
ORD00091136,CUST1442620,LOC0008,2025-06-30 22:51:08,App,Completed,,3280.00,0.00,524.80,3804.80,Online,orphan_foreign_key
ORD00091286,CUST9237364,LOC0020,2025-07-01 13:37:27,ThirdPartyDelivery,Completed,PROMO011,3960.00,200.00,564.00,4324.00,Online,orphan_foreign_key
ORD00091288,CUST0009458,LOC4666,2025-07-01 13:39:26,App,Completed,,8870.00,0.00,1419.20,10289.20,Wallet,invalid_restaurant_id
ORD00091353,CUST0039532,LOC0004,2025-07-01 15:15:13,ThirdPartyDelivery,Completed,,1450.00,0.00,217.50,1667.50,Online,orphan_foreign_key
ORD00091384,,LOC0019,2025-07-01 18:01:41,Dine-in,Completed,PROMO011,5570.00,200.00,859.20,6229.20,Wallet,missing_value
ORD00091461,CUST0009124,LOC0017,2025-07-01 20:19:13,Website,Completed,,9270.00,21818.02,1483.20,10753.20,Card,discount_exceeds_subtotal
ORD00091503,CUST0019181,LOC0008,2025-07-01 21:02:09,Dine-in,Completed,,11395.00,0.00,1823.20,13218.20,Card,orphan_foreign_key
ORD00091681,CUST0034992,LOC6241,2025-07-02 13:03:32,App,Completed,,2825.00,0.00,452.00,3277.00,Online,invalid_restaurant_id
ORD00091693,CUST0040711,LOC0011,2025-07-02 13:17:47,Website,Completed,,10020.00,0.00,1603.20,11623.20,Online,orphan_foreign_key
ORD00091703,CUST0013816,LOC0013,1900-01-01 17:20:00,App,Cancelled,,8645.00,0.00,1296.75,9941.75,Card,invalid_date
ORD00091724,CUST0050339,LOC0017,1970-01-01 19:49:00,App,Completed,,4430.00,0.00,708.80,5138.80,Online,invalid_date
ORD00091797,,LOC0008,2025-07-02 18:00:37,ThirdPartyDelivery,Completed,,5660.00,0.00,905.60,6565.60,Cash,missing_value
ORD00091815,CUST0044167,LOC0015,2099-12-31 21:48:00,ThirdPartyDelivery,Completed,,12460.00,0.00,1993.60,14453.60,Online,invalid_date
ORD00091901,CUST0018037,LOC0015,2025-07-02 20:55:18,Dine-in,Completed,PROMO011,6245.00,200.00,967.20,7012.20,Cash,orphan_foreign_key
ORD00091958,CUST0043043,LOC0015,2025-07-02 22:11:36,ThirdPartyDelivery,Completed,,7660.00,0.00,1225.60,8885.60,Online,orphan_foreign_key
ORD00092006,CUST0018037,LOC0015,2025-07-03 00:38:48,Takeaway,Completed,,2480.00,0.00,396.80,2876.80,Cash,orphan_foreign_key
ORD00092059,CUST0051568,LOC0011,2025-07-03 12:40:27,Dine-in,Cancelled,,9380.00,0.00,1500.80,10880.80,Wallet,orphan_foreign_key
ORD00092161,CUST0052815,LOC0010,2025-07-03 15:49:50,Dine-in,Completed,,10790.00,25728.99,1726.40,12516.40,Card,discount_exceeds_subtotal
ORD00092332,,LOC0017,2025-07-03 21:25:02,App,Completed,,5040.00,0.00,806.40,5846.40,Online,missing_value
ORD00092474,CUST0036207,LOC1447,2025-07-04 12:19:32,Dine-in,Completed,,1655.00,0.00,248.25,1903.25,Card,invalid_restaurant_id
ORD00092923,CUST3244019,LOC0019,2025-07-04 21:34:56,Dine-in,Completed,,10130.00,0.00,1620.80,11750.80,Wallet,orphan_foreign_key
ORD00092985,CUST0051568,LOC0017,2025-07-04 22:49:35,Dine-in,Completed,,10190.00,0.00,1630.40,11820.40,Cash,orphan_foreign_key
ORD00093274,CUST9870303,LOC0014,2025-07-05 16:38:09,ThirdPartyDelivery,Completed,PROMO011,1540.00,200.00,201.00,1541.00,Online,orphan_foreign_key
ORD00093500,CUST0037295,LOC0018,2027-11-05 12:26:00,Dine-in,Completed,,6415.00,0.00,1026.40,7441.40,Cash,invalid_date
ORD00093542,CUST0032885,LOC0013,,Website,Completed,,3560.00,0.00,534.00,4094.00,Online,invalid_date
ORD00093919,,LOC0016,2025-07-06 20:04:05,ThirdPartyDelivery,Completed,,6850.00,0.00,1096.00,7946.00,Online,missing_value
ORD00093988,,LOC0011,2025-07-06 21:02:01,Dine-in,Completed,PROMO011,7780.00,200.00,1212.80,8792.80,Cash,missing_value
ORD00094071,CUST0007408,LOC0004,2025-07-06 22:25:00,App,Completed,PROMO011,5050.00,200.00,727.50,5577.50,Cash,orphan_foreign_key
ORD00094175,CUST0014779,LOC0018,2099-12-31 19:28:00,Takeaway,Completed,,3310.00,0.00,529.60,3839.60,Card,invalid_date
ORD00094228,CUST0004652,LOC4039,2025-07-07 13:33:19,Dine-in,Completed,,8680.00,0.00,1302.00,9982.00,Wallet,invalid_restaurant_id
ORD00094319,CUST0003180,LOC7220,2025-07-07 17:16:11,Takeaway,Completed,,4860.00,0.00,777.60,5637.60,Cash,invalid_restaurant_id
ORD00094419,CUST0028574,LOC5604,2025-07-07 20:40:55,Dine-in,Completed,PROMO011,6345.00,200.00,983.20,7128.20,Card,invalid_restaurant_id
ORD00094626,CUST0014191,LOC0004,2025-07-08 13:23:22,Website,Completed,,5515.00,0.00,827.25,6342.25,Online,orphan_foreign_key
ORD00094661,CUST0028661,LOC0021,2025-07-08 14:16:20,Takeaway,Completed,,2410.00,0.00,361.50,2771.50,Cash,orphan_foreign_key
ORD00094675,CUST0026647,LOC0007,2025-07-08 14:39:55,App,Completed,,12380.00,15434.79,1980.80,14360.80,Wallet,discount_exceeds_subtotal
ORD00095001,CUST0054918,LOC0022,2025-07-09 13:21:51,App,Completed,,7110.00,0.00,1066.50,8176.50,Wallet,orphan_foreign_key
ORD00095116,CUST0038773,LOC0011,1900-01-01 10:18:00,Dine-in,Completed,PROMO011,8090.00,200.00,1262.40,9152.40,Card,invalid_date
ORD00095142,CUST0023855,LOC0008,2025-07-09 19:54:20,Dine-in,Completed,,10740.00,0.00,1718.40,12458.40,Card,orphan_foreign_key
ORD00095198,CUST0047886,LOC0015,,App,Completed,,2020.00,0.00,323.20,2343.20,Online,invalid_date
ORD00095226,CUST0003631,LOC0010,2025-07-09 21:44:27,Dine-in,Completed,,6570.00,15274.70,1051.20,7621.20,Card,discount_exceeds_subtotal
ORD00095308,,LOC0008,2025-07-10 10:19:53,ThirdPartyDelivery,Completed,,6650.00,0.00,1064.00,7714.00,Cash,missing_value
ORD00095448,,LOC0023,2025-07-10 14:56:44,Dine-in,Completed,,10940.00,0.00,1641.00,12581.00,Card,missing_value
ORD00095511,,LOC0001,2025-07-10 18:31:00,Dine-in,Completed,,3030.00,0.00,454.50,3484.50,Card,missing_value
ORD00095617,CUST0240852,LOC0008,2025-07-10 20:48:02,ThirdPartyDelivery,Completed,,3970.00,0.00,635.20,4605.20,Cash,orphan_foreign_key
ORD00095753,,LOC0020,2025-07-11 10:15:12,Dine-in,Completed,,2720.00,0.00,408.00,3128.00,Card,missing_value
ORD00095862,,LOC0023,2025-07-11 13:03:10,Website,Completed,PROMO011,7640.00,200.00,1116.00,8556.00,Online,missing_value
ORD00095897,,LOC0023,2025-07-11 13:39:39,Takeaway,Completed,,3640.00,0.00,546.00,4186.00,Cash,missing_value
ORD00095976,CUST0029820,LOC3119,2025-07-11 16:17:58,ThirdPartyDelivery,Completed,,2510.00,0.00,376.50,2886.50,Cash,invalid_restaurant_id
ORD00096152,CUST0007132,LOC0019,2025-07-11 20:43:47,Dine-in,Completed,,10200.00,0.00,1632.00,11832.00,Cash,orphan_foreign_key
ORD00096237,CUST0031486,LOC0019,2025-07-11 21:50:46,ThirdPartyDelivery,Completed,,5220.00,0.00,835.20,6055.20,Online,orphan_foreign_key
ORD00096377,CUST0022259,LOC0007,,ThirdPartyDelivery,Completed,,1610.00,0.00,257.60,1867.60,Cash,invalid_date
ORD00096445,CUST2564930,LOC0008,2025-07-12 13:14:22,Takeaway,Completed,,3700.00,0.00,592.00,4292.00,Wallet,orphan_foreign_key
ORD00096465,CUST0040185,LOC0005,2025-07-12 13:31:38,ThirdPartyDelivery,Cancelled,PROMO011,9980.00,21480.92,1467.00,11247.00,Online,discount_exceeds_subtotal
ORD00096559,CUST0032743,LOC0020,2025-07-12 15:47:26,Dine-in,Completed,,15080.00,0.00,2262.00,17342.00,Card,orphan_foreign_key
ORD00096650,,LOC0002,2025-07-12 18:59:24,Dine-in,Completed,PROMO011,5420.00,200.00,783.00,6003.00,Wallet,missing_value
ORD00096710,CUST0014860,LOC0020,2025-07-12 20:05:56,App,Completed,,5090.00,6052.05,763.50,5853.50,Card,discount_exceeds_subtotal
ORD00096738,CUST0031594,LOC0007,,Takeaway,Completed,,2270.00,0.00,363.20,2633.20,Wallet,invalid_date
ORD00096828,CUST0027843,LOC0017,2025-07-12 21:46:19,Takeaway,Completed,,9020.00,15547.54,1443.20,10463.20,Cash,discount_exceeds_subtotal
ORD00096982,CUST0011643,LOC0021,2025-07-13 12:17:24,Takeaway,Completed,,7430.00,0.00,1114.50,8544.50,Card,orphan_foreign_key
ORD00097034,CUST0036377,LOC0020,2025-07-13 13:11:43,Dine-in,Completed,,6230.00,0.00,934.50,7164.50,Card,orphan_foreign_key
ORD00097048,CUST0007830,LOC0007,2025-07-13 13:22:44,Takeaway,Completed,,8140.00,0.00,1302.40,9442.40,Card,orphan_foreign_key
ORD00097223,CUST0011779,LOC5185,2025-07-13 18:35:41,Takeaway,Completed,,5160.00,0.00,774.00,5934.00,Card,invalid_restaurant_id
ORD00097235,CUST0002153,LOC0001,,Dine-in,Completed,,5970.00,0.00,895.50,6865.50,Cash,invalid_date
ORD00097318,,LOC0006,2025-07-13 20:16:36,Takeaway,Completed,,7040.00,0.00,1056.00,8096.00,Card,missing_value
ORD00097362,CUST0000779,LOC0001,2025-07-13 20:49:53,Dine-in,Completed,,8810.00,9937.66,1321.50,10131.50,Cash,discount_exceeds_subtotal
ORD00097647,CUST7452469,LOC0006,2025-07-14 14:52:19,Dine-in,Completed,,7620.00,0.00,1143.00,8763.00,Cash,orphan_foreign_key
ORD00097665,CUST0018782,LOC0005,2025-07-14 16:04:31,App,Completed,,3090.00,0.00,463.50,3553.50,Online,orphan_foreign_key
ORD00097712,CUST0006816,LOC0015,2025-07-14 18:51:40,Takeaway,Completed,PROMO011,1960.00,3148.26,281.60,2041.60,Cash,discount_exceeds_subtotal
ORD00097816,CUST0047722,LOC8056,2025-07-14 21:15:39,App,Completed,PROMO011,7000.00,200.00,1020.00,7820.00,Online,invalid_restaurant_id
ORD00097843,CUST0028159,LOC0013,2025-07-14 21:51:02,Takeaway,Completed,PROMO011,6510.00,10431.92,946.50,7256.50,Wallet,discount_exceeds_subtotal
ORD00097928,CUST0001096,LOC0025,2025-07-15 10:48:29,Takeaway,Completed,,4635.00,5113.15,695.25,5330.25,Wallet,discount_exceeds_subtotal
ORD00098193,CUST0035401,LOC0001,2025-07-15 20:46:25,App,Completed,,2780.00,4930.15,417.00,3197.00,Card,discount_exceeds_subtotal
ORD00098312,,LOC0004,2025-07-16 11:43:55,Dine-in,Completed,,4080.00,0.00,612.00,4692.00,Card,missing_value
ORD00098596,CUST3221745,LOC0012,2025-07-16 21:53:14,App,Completed,,3960.00,0.00,594.00,4554.00,Online,orphan_foreign_key
ORD00098863,CUST0031486,LOC0019,2025-07-17 18:56:03,ThirdPartyDelivery,Completed,,4100.00,0.00,656.00,4756.00,Online,orphan_foreign_key
ORD00098888,,LOC0015,2025-07-17 19:34:13,Dine-in,Completed,,5930.00,0.00,948.80,6878.80,Cash,missing_value
ORD00099185,CUST0014550,LOC0001,2025-07-18 13:07:46,App,Completed,,1600.00,0.00,240.00,1840.00,Online,orphan_foreign_key
ORD00099210,CUST0002617,LOC0008,2025-07-18 13:31:16,ThirdPartyDelivery,Completed,PROMO011,2050.00,200.00,296.00,2146.00,Cash,orphan_foreign_key
ORD00099263,CUST0023815,LOC0001,,Takeaway,Completed,,5160.00,0.00,774.00,5934.00,Card,invalid_date
ORD00099365,CUST0054596,LOC0001,2025-07-18 18:57:52,Dine-in,Completed,,17310.00,19281.22,2596.50,19906.50,Wallet,discount_exceeds_subtotal
ORD00099483,CUST0030367,LOC0013,2025-07-18 20:59:19,ThirdPartyDelivery,Cancelled,,6460.00,8035.61,969.00,7429.00,Online,discount_exceeds_subtotal
ORD00099599,,LOC0020,2025-07-18 23:45:35,Dine-in,Completed,,11790.00,0.00,1768.50,13558.50,Cash,missing_value
ORD00099767,,LOC0007,2025-07-19 13:50:45,Dine-in,Completed,,9280.00,0.00,1484.80,10764.80,Card,missing_value
ORD00099811,CUST0027573,LOC0013,2025-07-19 14:41:57,Takeaway,Completed,,3980.00,0.00,597.00,4577.00,Card,orphan_foreign_key
ORD00099817,CUST0016031,LOC0014,2025-07-19 14:51:09,App,Completed,,1940.00,3437.86,291.00,2231.00,Online,discount_exceeds_subtotal
ORD00099884,CUST0004019,LOC0016,2099-12-31 17:44:00,App,Completed,,11820.00,0.00,1891.20,13711.20,Card,invalid_date
ORD00100008,CUST0021048,LOC0025,2025-07-19 20:34:59,Dine-in,Completed,,5740.00,8207.46,861.00,6601.00,Cash,discount_exceeds_subtotal
ORD00100016,CUST0018160,LOC0002,2025-07-19 20:42:47,Dine-in,Completed,,1850.00,0.00,277.50,2127.50,Card,orphan_foreign_key
ORD00100154,CUST0033324,LOC0001,2025-07-19 22:43:21,App,Cancelled,PROMO011,5370.00,200.00,775.50,5945.50,Online,orphan_foreign_key
ORD00100195,,LOC0016,2025-07-19 23:52:05,Website,Completed,,1910.00,0.00,305.60,2215.60,Online,missing_value
ORD00100446,CUST0044470,LOC0018,2025-07-20 17:31:06,Dine-in,Completed,PROMO011,9395.00,200.00,1471.20,10666.20,Card,orphan_foreign_key
ORD00100486,CUST0025607,LOC0025,,Dine-in,Completed,,6030.00,0.00,904.50,6934.50,Cash,invalid_date
ORD00100634,CUST8939242,LOC0025,2025-07-20 21:18:45,Takeaway,Completed,,2280.00,0.00,342.00,2622.00,Cash,orphan_foreign_key
ORD00100641,CUST0052071,LOC0018,2025-07-20 21:24:47,Dine-in,Completed,,5440.00,0.00,870.40,6310.40,Card,orphan_foreign_key
ORD00100649,CUST0010853,LOC0020,1900-01-01 18:10:00,App,Completed,,6860.00,0.00,1029.00,7889.00,Online,invalid_date
ORD00100741,,LOC0008,2025-07-20 23:45:23,Website,Completed,,2500.00,0.00,400.00,2900.00,Wallet,missing_value
ORD00100837,CUST0053963,LOC0023,2025-07-21 13:16:09,App,Completed,,8280.00,0.00,1242.00,9522.00,Online,orphan_foreign_key
ORD00100907,,LOC0017,2025-07-21 15:34:14,Dine-in,Completed,PROMO011,12760.00,200.00,2009.60,14569.60,Cash,missing_value
ORD00100926,CUST0020034,LOC0007,2025-07-21 17:24:42,Takeaway,Completed,,8580.00,0.00,1372.80,9952.80,Cash,orphan_foreign_key
ORD00101048,CUST0017845,LOC1931,2025-07-21 20:44:11,ThirdPartyDelivery,Completed,,2360.00,0.00,377.60,2737.60,Online,invalid_restaurant_id
ORD00101082,,LOC0013,2025-07-21 21:31:49,Dine-in,Completed,,7330.00,0.00,1099.50,8429.50,Cash,missing_value
ORD00101188,CUST8464474,LOC0019,2025-07-22 12:20:44,App,Completed,,8360.00,0.00,1337.60,9697.60,Wallet,orphan_foreign_key
ORD00101436,,LOC0005,2025-07-22 20:55:24,Takeaway,Completed,,7500.00,0.00,1125.00,8625.00,Cash,missing_value
ORD00101618,CUST0052755,LOC0015,2025-07-23 13:24:07,ThirdPartyDelivery,Completed,,4960.00,0.00,793.60,5753.60,Online,orphan_foreign_key
ORD00101756,CUST0536935,LOC0001,2025-07-23 19:29:39,ThirdPartyDelivery,Completed,,13130.00,0.00,1969.50,15099.50,Online,orphan_foreign_key
ORD00101806,CUST0007238,LOC0001,1900-01-01 20:01:00,Dine-in,Completed,,8410.00,0.00,1261.50,9671.50,Card,invalid_date
ORD00101891,,LOC0022,2025-07-23 23:07:01,Dine-in,Completed,,9200.00,0.00,1380.00,10580.00,Cash,missing_value
ORD00102051,CUST4376730,LOC0005,2025-07-24 14:25:15,ThirdPartyDelivery,Completed,,5500.00,0.00,825.00,6325.00,Cash,orphan_foreign_key
ORD00102087,,LOC0002,2025-07-24 16:40:01,App,Completed,,4155.00,0.00,623.25,4778.25,Card,missing_value
ORD00102110,CUST4039923,LOC0014,2025-07-24 17:49:49,App,Completed,,6840.00,0.00,1026.00,7866.00,Online,orphan_foreign_key
ORD00102124,,LOC0023,2025-07-24 18:31:43,Takeaway,Completed,,7540.00,0.00,1131.00,8671.00,Cash,missing_value
ORD00102132,,LOC0014,2025-07-24 18:47:02,App,Completed,PROMO011,4665.00,200.00,669.75,5134.75,Wallet,missing_value
ORD00102140,CUST0029351,LOC0001,2025-07-24 19:04:37,App,Completed,,9770.00,0.00,1465.50,11235.50,Wallet,orphan_foreign_key
ORD00102321,,LOC0018,2025-07-25 10:55:15,App,Completed,,4105.00,0.00,656.80,4761.80,Online,missing_value
ORD00102424,CUST0010212,LOC0014,2025-07-25 13:35:26,Dine-in,Completed,PROMO011,7660.00,200.00,1119.00,8579.00,Wallet,orphan_foreign_key
ORD00102492,CUST0009545,LOC0022,2025-07-25 15:15:19,Dine-in,Completed,PROMO011,11040.00,27164.17,1626.00,12466.00,Card,discount_exceeds_subtotal
ORD00102553,CUST0049969,LOC0011,,Takeaway,Completed,,4620.00,0.00,739.20,5359.20,Cash,invalid_date
ORD00102589,CUST0010290,LOC0023,2025-07-25 19:16:50,Dine-in,Completed,,5650.00,0.00,847.50,6497.50,Wallet,orphan_foreign_key
ORD00102786,CUST0040733,LOC0022,2025-07-25 22:36:33,ThirdPartyDelivery,Completed,PROMO011,4440.00,8460.65,636.00,4876.00,Online,discount_exceeds_subtotal
ORD00103000,CUST0015643,LOC0004,,Dine-in,Completed,,2610.00,0.00,391.50,3001.50,Cash,invalid_date
ORD00103110,,LOC0010,2025-07-26 18:48:27,Dine-in,Completed,,9450.00,0.00,1512.00,10962.00,Card,missing_value
ORD00103174,CUST0048946,LOC8963,2025-07-26 20:02:00,Takeaway,Completed,PROMO009,3720.00,300.01,547.20,3967.19,Cash,invalid_restaurant_id
ORD00103265,CUST0036514,LOC0006,2025-07-26 21:23:47,Dine-in,Completed,,8315.00,0.00,1247.25,9562.25,Card,orphan_foreign_key
ORD00103283,CUST0027048,LOC7337,2025-07-26 21:38:17,Website,Completed,,4420.00,0.00,663.00,5083.00,Online,invalid_restaurant_id
ORD00103525,,LOC0020,2025-07-27 13:29:41,ThirdPartyDelivery,Completed,PROMO011,2080.00,200.00,282.00,2162.00,Cash,missing_value
ORD00103600,CUST0020334,LOC0023,2025-07-27 15:30:08,Website,Completed,,4890.00,0.00,733.50,5623.50,Online,orphan_foreign_key
ORD00103618,,LOC0006,2025-07-27 16:47:04,Dine-in,Completed,,10335.00,0.00,1550.25,11885.25,Card,missing_value
ORD00103939,CUST0036964,LOC0005,2025-07-27 23:38:47,App,Completed,,10800.00,0.00,1620.00,12420.00,Card,orphan_foreign_key
ORD00103954,,LOC0003,2025-07-28 01:53:41,ThirdPartyDelivery,Completed,PROMO011,7945.00,200.00,1161.75,8906.75,Online,missing_value
ORD00104002,,LOC0013,2025-07-28 12:33:54,App,Completed,,3695.00,0.00,554.25,4249.25,Card,missing_value
ORD00104023,CUST0039028,LOC0013,2025-07-28 13:12:26,ThirdPartyDelivery,Completed,,1705.00,2449.52,255.75,1960.75,Online,discount_exceeds_subtotal
ORD00104228,CUST3985445,LOC0019,2025-07-28 20:53:19,Takeaway,Completed,,14790.00,0.00,2366.40,17156.40,Wallet,orphan_foreign_key
ORD00104235,CUST0031897,LOC0019,2027-11-05 10:03:00,Takeaway,Completed,,2310.00,0.00,369.60,2679.60,Cash,invalid_date
ORD00104438,,LOC0004,2025-07-29 14:38:09,ThirdPartyDelivery,Completed,,9550.00,0.00,1432.50,10982.50,Cash,missing_value
ORD00104593,CUST0009082,LOC0011,2025-07-29 21:01:20,App,Completed,,1720.00,0.00,275.20,1995.20,Wallet,orphan_foreign_key
ORD00104672,,LOC0010,2025-07-29 22:53:14,Takeaway,Completed,PROMO011,2390.00,200.01,350.40,2540.39,Card,missing_value
ORD00104903,CUST0027513,LOC2071,2025-07-30 19:31:19,Website,Completed,,3195.00,0.00,479.25,3674.25,Card,invalid_restaurant_id
ORD00105043,CUST0048399,LOC5934,2025-07-30 22:55:11,App,Completed,,4510.00,0.00,676.50,5186.50,Online,invalid_restaurant_id
ORD00105077,,LOC0025,2025-07-31 10:10:47,Dine-in,Completed,,10000.00,0.00,1500.00,11500.00,Cash,missing_value
ORD00105093,CUST0004402,LOC0020,2025-07-31 12:09:03,App,Completed,PROMO011,5280.00,8921.71,762.00,5842.00,Wallet,discount_exceeds_subtotal
ORD00105188,CUST0035102,LOC8202,2025-07-31 14:33:10,Dine-in,Completed,,7010.00,0.00,1051.50,8061.50,Cash,invalid_restaurant_id
ORD00105189,CUST0030479,LOC0018,2025-07-31 14:35:57,Dine-in,Completed,PROMO011,5235.00,11921.49,805.60,5840.60,Cash,discount_exceeds_subtotal
ORD00105266,CUST4242795,LOC0025,2025-07-31 19:00:00,Takeaway,Completed,,7160.00,0.00,1074.00,8234.00,Wallet,orphan_foreign_key
ORD00105403,,LOC0018,2025-07-31 22:02:25,Dine-in,Completed,,11630.00,0.00,1860.80,13490.80,Cash,missing_value
ORD00105463,CUST0025831,LOC0009,,ThirdPartyDelivery,Cancelled,PROMO012,13270.00,3390.00,1580.80,11460.80,Cash,invalid_date
ORD00105486,CUST0024705,LOC0002,,ThirdPartyDelivery,Cancelled,PROMO012,4620.00,2000.00,393.00,3013.00,Cash,invalid_date
ORD00105526,CUST0048880,LOC4172,2025-08-01 12:18:42,Dine-in,Completed,,13375.00,0.00,2006.25,15381.25,Card,invalid_restaurant_id
ORD00105612,CUST0043120,LOC0006,2025-08-01 13:16:23,Takeaway,Completed,,8890.00,21385.36,1333.50,10223.50,Card,discount_exceeds_subtotal
ORD00105827,CUST7337449,LOC0015,2025-08-01 17:29:21,Takeaway,Completed,,4990.00,0.00,798.40,5788.40,Cash,orphan_foreign_key
ORD00105918,CUST0038598,LOC9410,2025-08-01 19:17:01,Takeaway,Completed,,10745.00,0.00,1611.75,12356.75,Cash,invalid_restaurant_id
ORD00106014,CUST0038406,LOC0013,2025-08-01 20:28:46,Dine-in,Completed,,17760.00,0.00,2664.00,20424.00,Card,orphan_foreign_key
ORD00106117,CUST0020562,LOC0012,2025-08-01 21:29:26,Dine-in,Completed,,900.00,1273.58,135.00,1035.00,Cash,discount_exceeds_subtotal
ORD00106318,,LOC0021,2025-08-02 11:36:52,App,Completed,,4180.00,0.00,627.00,4807.00,Online,missing_value
ORD00106397,CUST4781368,LOC0004,2025-08-02 12:44:36,Takeaway,Completed,,5655.00,0.00,848.25,6503.25,Cash,orphan_foreign_key
ORD00106543,,LOC0014,2025-08-02 13:59:20,Takeaway,Completed,,6450.00,0.00,967.50,7417.50,Card,missing_value
ORD00106558,CUST0044345,LOC2244,2025-08-02 14:10:25,App,Completed,,9595.00,0.00,1535.20,11130.20,Wallet,invalid_restaurant_id
ORD00106616,CUST0022126,LOC0007,2025-08-02 15:31:07,Dine-in,Completed,PROMO012,8690.00,2750.00,950.40,6890.40,Wallet,orphan_foreign_key
ORD00106626,,LOC0019,2025-08-02 16:00:44,Dine-in,Completed,,5290.00,0.00,846.40,6136.40,Card,missing_value
ORD00106743,CUST6998627,LOC0009,2025-08-02 19:01:29,ThirdPartyDelivery,Cancelled,PROMO012,3080.00,1320.00,281.60,2041.60,Cash,orphan_foreign_key
ORD00106789,CUST0046455,LOC0018,2031-07-22 15:52:00,App,Completed,,4170.00,0.00,667.20,4837.20,Cash,invalid_date
ORD00107024,CUST0030521,LOC0017,2025-08-02 21:47:18,Takeaway,Completed,PROMO012,10420.00,23638.97,1392.00,10092.00,Cash,discount_exceeds_subtotal
ORD00107058,CUST0024897,LOC0010,2025-08-02 22:04:33,App,Completed,,5580.00,0.00,892.80,6472.80,Online,orphan_foreign_key
ORD00107305,CUST0002332,LOC0010,2025-08-03 12:58:39,Dine-in,Completed,PROMO012,10390.00,11945.06,1273.60,9233.60,Cash,discount_exceeds_subtotal
ORD00107379,CUST0018992,LOC0019,,Dine-in,Completed,,4810.00,0.00,769.60,5579.60,Card,invalid_date
ORD00107730,CUST0935605,LOC0018,2025-08-03 20:43:15,Website,Completed,,11620.00,0.00,1859.20,13479.20,Online,orphan_foreign_key
ORD00107858,CUST0024737,LOC0009,2027-11-05 22:57:00,Dine-in,Completed,PROMO012,11820.00,2530.00,1486.40,10776.40,Cash,invalid_date
ORD00107968,CUST0036765,LOC0023,2025-08-04 11:17:07,ThirdPartyDelivery,Completed,,3380.00,0.00,507.00,3887.00,Online,orphan_foreign_key
ORD00108010,,LOC0001,2025-08-04 12:45:20,ThirdPartyDelivery,Cancelled,,15330.00,0.00,2299.50,17629.50,Online,missing_value
ORD00108255,,LOC0011,2025-08-04 19:28:55,ThirdPartyDelivery,Completed,PROMO012,5650.00,1250.00,704.00,5104.00,Cash,missing_value
ORD00108277,CUST0052901,LOC0023,2025-08-04 19:52:31,Dine-in,Completed,,4980.00,0.00,747.00,5727.00,Card,orphan_foreign_key
ORD00108336,,LOC0022,2025-08-04 20:41:53,App,Completed,,8405.00,0.00,1260.75,9665.75,Card,missing_value
ORD00108517,CUST0009334,LOC0013,,Dine-in,Completed,,11885.00,0.00,1782.75,13667.75,Cash,invalid_date
ORD00108636,CUST0014199,LOC0002,2025-08-05 13:41:30,Dine-in,Completed,,4380.00,0.00,657.00,5037.00,Cash,orphan_foreign_key
ORD00108803,CUST0009579,LOC0147,2025-08-05 19:17:36,Dine-in,Completed,,5710.00,0.00,913.60,6623.60,Cash,invalid_restaurant_id
ORD00108906,CUST0050311,LOC0001,2031-07-22 12:41:00,App,Completed,,6890.00,0.00,1033.50,7923.50,Wallet,invalid_date
ORD00108957,,LOC0015,2025-08-05 21:58:00,ThirdPartyDelivery,Completed,,7270.00,0.00,1163.20,8433.20,Cash,missing_value
ORD00109080,CUST7859548,LOC0004,2025-08-06 11:39:07,Website,Completed,,8875.00,0.00,1331.25,10206.25,Wallet,orphan_foreign_key
ORD00109088,CUST0046925,LOC0020,,ThirdPartyDelivery,Completed,,7460.00,0.00,1119.00,8579.00,Cash,invalid_date
ORD00109144,,LOC0020,2025-08-06 13:13:20,App,Completed,,2670.00,0.00,400.50,3070.50,Wallet,missing_value
ORD00109382,CUST0036892,LOC0017,2025-08-06 19:59:30,Dine-in,Completed,,6930.00,12420.15,1108.80,8038.80,Cash,discount_exceeds_subtotal
ORD00109396,CUST0018737,LOC0005,2025-08-06 20:10:28,Dine-in,Completed,PROMO012,15150.00,19383.10,1908.00,14628.00,Cash,discount_exceeds_subtotal
ORD00109466,CUST0022090,LOC0025,2031-07-22 22:21:00,Takeaway,Completed,,5040.00,0.00,756.00,5796.00,Card,invalid_date
ORD00109505,CUST0022419,LOC0007,2025-08-06 21:33:26,Takeaway,Completed,PROMO012,14710.00,5990.00,1395.20,10115.20,Cash,orphan_foreign_key
ORD00109536,CUST0038905,LOC7842,2025-08-06 22:00:18,ThirdPartyDelivery,Completed,,8450.00,0.00,1352.00,9802.00,Cash,invalid_restaurant_id
ORD00109704,CUST7929122,LOC0002,2025-08-07 13:06:23,Dine-in,Completed,,3700.00,0.00,555.00,4255.00,Card,orphan_foreign_key
ORD00109796,CUST0020489,LOC1304,2025-08-07 14:29:42,App,Completed,PROMO012,13710.00,4460.00,1480.00,10730.00,Online,invalid_restaurant_id
ORD00109903,CUST0025389,LOC0010,,Dine-in,Completed,,2940.00,0.00,470.40,3410.40,Cash,invalid_date
ORD00110241,CUST0026606,LOC0644,2025-08-08 12:22:14,ThirdPartyDelivery,Completed,PROMO012,5430.00,1460.00,595.50,4565.50,Cash,invalid_restaurant_id
ORD00110379,,LOC0008,2025-08-08 13:54:47,ThirdPartyDelivery,Completed,PROMO012,15490.00,6500.00,1438.40,10428.40,Online,missing_value
ORD00110448,CUST0049357,LOC0024,2025-08-08 14:56:01,Takeaway,Completed,PROMO012,8950.00,900.00,1288.00,9338.00,Cash,orphan_foreign_key
ORD00110664,CUST0016591,LOC0005,2025-08-08 19:54:38,Dine-in,Completed,,11520.00,27155.41,1728.00,13248.00,Cash,discount_exceeds_subtotal
ORD00110685,CUST0000503,LOC2716,2025-08-08 20:11:59,Dine-in,Completed,,3060.00,0.00,459.00,3519.00,Cash,invalid_restaurant_id
ORD00110731,,LOC0021,2025-08-08 20:38:20,Dine-in,Completed,,7780.00,0.00,1167.00,8947.00,Card,missing_value
ORD00110758,CUST0010465,LOC0024,2025-08-08 20:56:02,Dine-in,Completed,,13105.00,24745.92,2096.80,15201.80,Card,discount_exceeds_subtotal
ORD00110858,,LOC0010,2025-08-08 22:01:35,Dine-in,Completed,,9830.00,0.00,1572.80,11402.80,Wallet,missing_value
ORD00110907,CUST0000187,LOC0008,,Takeaway,Completed,,6390.00,0.00,1022.40,7412.40,Cash,invalid_date
ORD00111039,CUST0021289,LOC0011,,ThirdPartyDelivery,Cancelled,,3060.00,0.00,489.60,3549.60,Online,invalid_date
ORD00111190,CUST7617424,LOC0009,2025-08-09 13:55:58,ThirdPartyDelivery,Cancelled,PROMO012,5155.00,1700.00,552.80,4007.80,Online,orphan_foreign_key
ORD00111353,CUST0034950,LOC4530,2025-08-09 17:50:31,Dine-in,Completed,,2850.00,0.00,427.50,3277.50,Card,invalid_restaurant_id
ORD00111361,,LOC0001,2025-08-09 18:08:56,Takeaway,Completed,,13950.00,0.00,2092.50,16042.50,Card,missing_value
ORD00111392,CUST0018409,LOC0014,2025-08-09 18:35:49,Dine-in,Completed,,4000.00,0.00,600.00,4600.00,Cash,orphan_foreign_key
ORD00111563,CUST0017392,LOC0006,2025-08-09 20:26:50,Dine-in,Completed,,6755.00,12450.72,1013.25,7768.25,Wallet,discount_exceeds_subtotal
ORD00111666,CUST7000600,LOC0022,2025-08-09 21:38:31,ThirdPartyDelivery,Completed,,4065.00,0.00,609.75,4674.75,Cash,orphan_foreign_key
ORD00111693,CUST0032853,LOC9451,2025-08-09 21:58:42,ThirdPartyDelivery,Completed,,3680.00,0.00,588.80,4268.80,Cash,invalid_restaurant_id
ORD00111703,,LOC0015,2025-08-09 22:07:00,ThirdPartyDelivery,Completed,,4370.00,0.00,699.20,5069.20,Online,missing_value
ORD00111716,CUST5346794,LOC0014,2025-08-09 22:17:05,Takeaway,Completed,,2690.00,0.00,403.50,3093.50,Card,orphan_foreign_key
ORD00111727,CUST0049357,LOC0024,2025-08-09 22:20:52,Dine-in,Completed,PROMO012,13410.00,5520.00,1262.40,9152.40,Cash,orphan_foreign_key
ORD00111800,CUST4727646,LOC0007,2025-08-09 23:27:12,Dine-in,Completed,,1840.00,0.00,294.40,2134.40,Wallet,orphan_foreign_key
ORD00111914,CUST0043348,LOC0008,2025-08-10 12:37:13,Dine-in,Completed,,7515.00,0.00,1202.40,8717.40,Cash,orphan_foreign_key
ORD00111933,,LOC0012,2025-08-10 12:50:00,App,Completed,,8245.00,0.00,1236.75,9481.75,Card,missing_value
ORD00112032,CUST7793523,LOC0025,2025-08-10 13:45:41,Dine-in,Completed,,6250.00,0.00,937.50,7187.50,Cash,orphan_foreign_key
ORD00112068,CUST0004746,LOC0002,2025-08-10 14:08:12,ThirdPartyDelivery,Completed,,2300.00,4020.21,345.00,2645.00,Online,discount_exceeds_subtotal
ORD00112077,CUST0023901,LOC0008,2025-08-10 14:16:10,App,Completed,,5550.00,9474.56,888.00,6438.00,Online,discount_exceeds_subtotal
ORD00112139,CUST0029239,LOC0002,2025-08-10 15:28:40,App,Completed,,12060.00,21707.52,1809.00,13869.00,Online,discount_exceeds_subtotal
ORD00112497,CUST1807486,LOC0005,2025-08-10 21:30:15,Dine-in,Completed,PROMO012,6095.00,1530.00,684.75,5249.75,Card,orphan_foreign_key
ORD00112720,CUST0022403,LOC0016,2025-08-11 12:14:28,Takeaway,Completed,,730.00,910.01,116.80,846.80,Card,discount_exceeds_subtotal
ORD00112836,CUST5256960,LOC0004,2025-08-11 14:02:11,Dine-in,Completed,,8850.00,0.00,1327.50,10177.50,Card,orphan_foreign_key
ORD00112854,CUST0003773,LOC0015,2025-08-11 14:27:25,Dine-in,Completed,PROMO012,17440.00,3770.00,2187.20,15857.20,Card,orphan_foreign_key
ORD00112933,CUST6219691,LOC0009,2025-08-11 17:40:18,ThirdPartyDelivery,Completed,,2785.00,0.00,445.60,3230.60,Online,orphan_foreign_key
ORD00113132,CUST0009026,LOC2944,2025-08-11 21:07:09,App,Completed,,8565.00,0.00,1284.75,9849.75,Online,invalid_restaurant_id
ORD00113183,,LOC0010,2025-08-11 21:47:38,Website,Completed,PROMO012,5070.00,1300.00,603.20,4373.20,Card,missing_value
ORD00113204,CUST6872760,LOC0022,2025-08-11 22:19:28,Dine-in,Completed,,8110.00,0.00,1216.50,9326.50,Cash,orphan_foreign_key
ORD00113235,CUST0024895,LOC0013,2025-08-11 23:18:49,Takeaway,Completed,,16360.00,0.00,2454.00,18814.00,Cash,orphan_foreign_key
ORD00113251,CUST0018967,LOC0023,2025-08-11 23:52:41,Website,Completed,,4630.00,0.00,694.50,5324.50,Online,orphan_foreign_key
ORD00113422,CUST0005274,LOC0022,2025-08-12 13:47:09,Dine-in,Completed,,4810.00,0.00,721.50,5531.50,Cash,orphan_foreign_key
ORD00113450,CUST0015204,LOC0022,,ThirdPartyDelivery,Completed,,1600.00,0.00,240.00,1840.00,Cash,invalid_date
ORD00113470,CUST0043348,LOC0008,2025-08-12 14:27:31,Dine-in,Completed,PROMO012,3800.00,1530.00,363.20,2633.20,Card,orphan_foreign_key
ORD00113633,,LOC0017,2025-08-12 19:34:55,App,Completed,PROMO012,15080.00,6630.00,1352.00,9802.00,Card,missing_value
ORD00113722,CUST0035378,LOC1127,2025-08-12 20:36:27,Dine-in,Completed,,8340.00,0.00,1334.40,9674.40,Cash,invalid_restaurant_id
ORD00113725,CUST0042150,LOC2788,2025-08-12 20:38:00,App,Completed,PROMO013,4910.00,687.40,633.39,4855.99,Card,invalid_restaurant_id
ORD00113795,CUST0038847,LOC0018,2025-08-12 21:34:16,App,Completed,,6890.00,0.00,1102.40,7992.40,Online,orphan_foreign_key
ORD00113813,CUST0014294,LOC0007,2025-08-12 21:43:03,ThirdPartyDelivery,Completed,,3840.00,0.00,614.40,4454.40,Online,orphan_foreign_key
ORD00113823,CUST0011125,LOC4327,2025-08-12 21:49:39,App,Completed,PROMO012,8645.00,3250.00,809.25,6204.25,Cash,invalid_restaurant_id
ORD00114054,CUST0020443,LOC0004,2025-08-13 13:05:41,App,Completed,,7580.00,0.00,1137.00,8717.00,Card,orphan_foreign_key
ORD00114064,,LOC0021,2025-08-13 13:10:40,Dine-in,Completed,,12840.00,0.00,1926.00,14766.00,Card,missing_value
ORD00114071,CUST5254842,LOC0002,2025-08-13 13:15:39,App,Completed,,4060.00,0.00,609.00,4669.00,Card,orphan_foreign_key
ORD00114080,CUST0046454,LOC0012,2025-08-13 13:21:41,Website,Completed,,6770.00,0.00,1015.50,7785.50,Online,orphan_foreign_key
ORD00114103,CUST5994442,LOC0021,2025-08-13 13:34:56,Dine-in,Completed,PROMO012,19135.00,2990.00,2421.75,18566.75,Card,orphan_foreign_key
ORD00114176,,LOC0009,2025-08-13 14:30:33,Dine-in,Completed,,4980.00,0.00,796.80,5776.80,Cash,missing_value
ORD00114263,CUST0026993,LOC0020,2025-08-13 17:54:47,Dine-in,Completed,,2350.00,0.00,352.50,2702.50,Card,orphan_foreign_key
ORD00114361,CUST0043666,LOC0010,2025-08-13 19:51:03,Dine-in,Completed,PROMO012,11765.00,27226.38,1242.40,9007.40,Card,discount_exceeds_subtotal
ORD00114417,,LOC0013,2025-08-13 20:47:11,Dine-in,Completed,,5820.00,0.00,873.00,6693.00,Cash,missing_value
ORD00114432,CUST0010007,LOC0003,2025-08-13 20:58:52,App,Completed,,2840.00,3390.74,426.00,3266.00,Wallet,discount_exceeds_subtotal
ORD00114585,,LOC0024,2025-08-13 23:08:39,Dine-in,Completed,,11890.00,0.00,1902.40,13792.40,Card,missing_value
ORD00115132,CUST0042548,LOC2719,2025-08-14 17:53:40,Dine-in,Completed,,6400.00,0.00,960.00,7360.00,Card,invalid_restaurant_id
ORD00115712,CUST0019161,LOC0022,2025-08-14 23:39:43,ThirdPartyDelivery,Completed,,5640.00,10725.31,846.00,6486.00,Online,discount_exceeds_subtotal
ORD00115910,CUST0018409,LOC0005,2025-08-15 13:08:28,Dine-in,Completed,PROMO013,2780.00,389.20,358.62,2749.42,Card,orphan_foreign_key
ORD00116028,,LOC0013,2025-08-15 14:03:02,ThirdPartyDelivery,Completed,,7740.00,0.00,1161.00,8901.00,Cash,missing_value
ORD00116045,,LOC0012,2025-08-15 14:15:33,ThirdPartyDelivery,Completed,,8670.00,0.00,1300.50,9970.50,Cash,missing_value
ORD00116420,,LOC0020,2025-08-15 20:29:59,Takeaway,Completed,,5400.00,0.00,810.00,6210.00,Wallet,missing_value
ORD00116435,CUST0004444,LOC0003,2025-08-15 20:34:57,Dine-in,Completed,,3965.00,0.00,594.75,4559.75,Cash,orphan_foreign_key
ORD00116457,CUST0053546,LOC8691,2025-08-15 20:48:23,App,Completed,,3630.00,0.00,580.80,4210.80,Online,invalid_restaurant_id
ORD00116593,CUST3314082,LOC0019,2025-08-15 21:53:11,Takeaway,Completed,,2090.00,0.00,334.40,2424.40,Wallet,orphan_foreign_key
ORD00116609,CUST0000983,LOC0015,2025-08-15 22:04:05,Takeaway,Completed,,5800.00,11644.01,928.00,6728.00,Cash,discount_exceeds_subtotal
ORD00116780,CUST0031042,LOC0012,2025-08-16 11:11:04,App,Completed,,6810.00,0.00,1021.50,7831.50,Wallet,orphan_foreign_key
ORD00116785,CUST0043990,LOC0018,2025-08-16 11:21:10,ThirdPartyDelivery,Completed,,8250.00,0.00,1320.00,9570.00,Cash,orphan_foreign_key
ORD00116828,,LOC0010,2025-08-16 12:14:12,Takeaway,Completed,,5950.00,0.00,952.00,6902.00,Cash,missing_value
ORD00116975,CUST0027573,LOC0017,2025-08-16 13:27:18,Takeaway,Completed,,7250.00,0.00,1160.00,8410.00,Card,orphan_foreign_key
ORD00116978,,LOC0022,2025-08-16 13:28:45,App,Completed,,4950.00,0.00,742.50,5692.50,Online,missing_value
ORD00117002,CUST0023873,LOC6626,2025-08-16 13:41:56,Dine-in,Completed,PROMO012,10060.00,1530.00,1364.80,9894.80,Cash,invalid_restaurant_id
ORD00117179,,LOC0021,2025-08-16 16:45:05,App,Completed,,3780.00,0.00,567.00,4347.00,Online,missing_value
ORD00117349,CUST0019174,LOC0008,2025-08-16 19:31:02,Dine-in,Completed,,4630.00,0.00,740.80,5370.80,Cash,orphan_foreign_key
ORD00117354,,LOC0005,2025-08-16 19:32:36,Takeaway,Completed,,2310.00,0.00,346.50,2656.50,Cash,missing_value
ORD00117513,CUST0035196,LOC0014,2025-08-16 20:51:35,Dine-in,Completed,PROMO013,5680.00,8753.06,732.72,5617.52,Card,discount_exceeds_subtotal
ORD00117599,CUST0000717,LOC0466,2025-08-16 21:28:17,Dine-in,Completed,,16050.00,0.00,2407.50,18457.50,Cash,invalid_restaurant_id
ORD00117608,CUST0013375,LOC0012,2025-08-16 21:33:38,Takeaway,Completed,,7040.00,0.00,1056.00,8096.00,Wallet,orphan_foreign_key
ORD00117651,,LOC0018,2025-08-16 21:53:41,Takeaway,Completed,,18570.00,0.00,2971.20,21541.20,Wallet,missing_value
ORD00117718,CUST0030278,LOC0024,2025-08-16 22:43:15,Takeaway,Completed,PROMO012,10730.00,16581.30,1033.60,7493.60,Card,discount_exceeds_subtotal
ORD00117763,CUST0004920,LOC7691,2025-08-16 23:33:05,Website,Completed,,6420.00,0.00,1027.20,7447.20,Online,invalid_restaurant_id
ORD00117943,CUST0011966,LOC8779,2025-08-17 13:17:00,Takeaway,Completed,,4120.00,0.00,659.20,4779.20,Cash,invalid_restaurant_id
ORD00117996,CUST0002388,LOC0018,,ThirdPartyDelivery,Completed,,715.00,0.00,114.40,829.40,Cash,invalid_date
ORD00118206,,LOC0025,2025-08-17 19:15:47,Takeaway,Completed,,10050.00,0.00,1507.50,11557.50,Cash,missing_value
ORD00118226,CUST0002591,LOC5100,2025-08-17 19:33:01,ThirdPartyDelivery,Completed,,4660.00,0.00,745.60,5405.60,Online,invalid_restaurant_id
ORD00118229,CUST8640251,LOC0018,2025-08-17 19:37:05,App,Completed,PROMO012,6240.00,2280.00,633.60,4593.60,Wallet,orphan_foreign_key
ORD00118460,CUST0035996,LOC0020,2025-08-17 22:16:41,App,Completed,,6570.00,13310.32,985.50,7555.50,Online,discount_exceeds_subtotal
ORD00118530,CUST0044470,LOC0002,2025-08-18 00:07:07,App,Completed,,9240.00,0.00,1386.00,10626.00,Cash,orphan_foreign_key
ORD00118637,CUST0023110,LOC1865,2025-08-18 13:18:16,App,Completed,,6680.00,0.00,1068.80,7748.80,Wallet,invalid_restaurant_id
ORD00118695,,LOC0015,2025-08-18 14:11:02,Dine-in,Completed,,7765.00,0.00,1242.40,9007.40,Card,missing_value
ORD00118701,CUST6939743,LOC0005,2025-08-18 14:16:39,Dine-in,Completed,PROMO012,5680.00,2680.00,450.00,3450.00,Card,orphan_foreign_key
ORD00118895,CUST7296891,LOC0002,2025-08-18 20:07:56,Dine-in,Completed,,6130.00,0.00,919.50,7049.50,Card,orphan_foreign_key
ORD00118910,,LOC0013,2025-08-18 20:19:29,Takeaway,Completed,,3830.00,0.00,574.50,4404.50,Card,missing_value
ORD00118926,CUST0011743,LOC0024,2025-08-18 20:30:50,Dine-in,Completed,,8970.00,0.00,1435.20,10405.20,Wallet,orphan_foreign_key
ORD00118933,CUST0093635,LOC0020,2025-08-18 20:38:56,App,Completed,,5460.00,0.00,819.00,6279.00,Online,orphan_foreign_key
ORD00119036,,LOC0003,2025-08-18 22:54:37,App,Completed,PROMO012,4685.00,900.00,567.75,4352.75,Wallet,missing_value
ORD00119060,CUST0047618,LOC0002,2025-08-19 00:04:26,ThirdPartyDelivery,Completed,,4580.00,5579.30,687.00,5267.00,Cash,discount_exceeds_subtotal
ORD00119125,,LOC0010,2025-08-19 12:50:17,ThirdPartyDelivery,Completed,PROMO012,3370.00,900.00,395.20,2865.20,Online,missing_value
ORD00119143,CUST5732608,LOC0004,2025-08-19 13:08:20,Dine-in,Completed,PROMO012,15460.00,1460.00,2100.00,16100.00,Cash,orphan_foreign_key
ORD00119345,CUST0028174,LOC0006,2025-08-19 19:13:10,Dine-in,Completed,,5000.00,8229.20,750.00,5750.00,Wallet,discount_exceeds_subtotal
ORD00119408,CUST0009263,LOC0002,2025-08-19 20:01:17,Dine-in,Completed,,8975.00,0.00,1346.25,10321.25,Cash,orphan_foreign_key
ORD00119445,CUST0043373,LOC0011,2025-08-19 20:27:23,ThirdPartyDelivery,Completed,,5290.00,0.00,846.40,6136.40,Online,orphan_foreign_key
ORD00119453,,LOC0018,2025-08-19 20:34:42,Dine-in,Completed,,8330.00,0.00,1332.80,9662.80,Wallet,missing_value
ORD00119594,CUST0605900,LOC0006,2025-08-19 23:15:52,Dine-in,Completed,,7180.00,0.00,1077.00,8257.00,Cash,orphan_foreign_key
ORD00119705,CUST0043348,LOC0008,2025-08-20 13:04:45,Dine-in,Completed,,9050.00,0.00,1448.00,10498.00,Cash,orphan_foreign_key
ORD00119721,CUST0024057,LOC2151,2025-08-20 13:28:47,Dine-in,Completed,,4495.00,0.00,719.20,5214.20,Cash,invalid_restaurant_id
ORD00119753,CUST0015572,LOC0003,2027-11-05 15:14:00,Dine-in,Completed,,7440.00,0.00,1116.00,8556.00,Card,invalid_date
ORD00119762,CUST0030258,LOC0020,2025-08-20 14:13:45,Dine-in,Completed,,12830.00,17504.06,1924.50,14754.50,Card,discount_exceeds_subtotal
ORD00119774,CUST0008865,LOC0002,2025-08-20 14:28:25,App,Completed,PROMO012,5460.00,900.00,684.00,5244.00,Online,orphan_foreign_key
ORD00119828,CUST0022419,LOC0007,2025-08-20 16:43:05,Takeaway,Completed,,7740.00,0.00,1238.40,8978.40,Wallet,orphan_foreign_key
ORD00119965,,LOC0012,2025-08-20 20:21:56,ThirdPartyDelivery,Completed,,12930.00,0.00,1939.50,14869.50,Cash,missing_value
ORD00119984,,LOC0016,2025-08-20 20:43:07,App,Completed,,8400.00,0.00,1344.00,9744.00,Online,missing_value
ORD00120019,CUST0004665,LOC0009,2099-12-31 12:10:00,Dine-in,Completed,PROMO012,17330.00,5130.00,1952.00,14152.00,Card,invalid_date
ORD00120146,CUST0054575,LOC0001,2025-08-21 00:46:35,Dine-in,Completed,PROMO012,13090.00,2990.00,1515.00,11615.00,Cash,orphan_foreign_key
ORD00120159,CUST0050825,LOC0020,2025-08-21 11:03:04,ThirdPartyDelivery,Completed,,1730.00,0.00,259.50,1989.50,Online,orphan_foreign_key
ORD00120354,,LOC0023,2025-08-21 14:51:59,App,Completed,,6420.00,0.00,963.00,7383.00,Online,missing_value
ORD00120475,,LOC0019,2025-08-21 19:03:05,Dine-in,Completed,,7720.00,0.00,1235.20,8955.20,Cash,missing_value
ORD00120752,,LOC0024,2025-08-22 00:08:36,Dine-in,Completed,,2590.00,0.00,414.40,3004.40,Card,missing_value
ORD00120843,,LOC0015,2025-08-22 12:28:10,Takeaway,Completed,,2930.00,0.00,468.80,3398.80,Cash,missing_value
ORD00120854,,LOC0023,2025-08-22 12:36:34,Takeaway,Completed,PROMO012,10395.00,2340.00,1208.25,9263.25,Cash,missing_value
ORD00121084,,LOC0001,2025-08-22 15:35:32,App,Completed,,4110.00,0.00,616.50,4726.50,Online,missing_value
ORD00121240,CUST0007738,LOC0007,2025-08-22 19:39:30,Website,Completed,PROMO012,16070.00,31880.83,1867.20,13537.20,Online,discount_exceeds_subtotal
ORD00121397,CUST0004593,LOC0018,2025-08-22 21:03:58,Dine-in,Completed,,12275.00,0.00,1964.00,14239.00,Cash,orphan_foreign_key
ORD00121586,CUST0002237,LOC0025,2025-08-23 07:52:12,Takeaway,Completed,,7270.00,0.00,1090.50,8360.50,Cash,orphan_foreign_key
ORD00121597,CUST0018916,LOC0006,2025-08-23 10:50:29,Takeaway,Completed,PROMO012,5230.00,2210.00,453.00,3473.00,Card,orphan_foreign_key
ORD00121610,,LOC0018,2025-08-23 11:49:04,Website,Completed,,12720.00,0.00,2035.20,14755.20,Online,missing_value
ORD00121731,CUST5366912,LOC0015,2025-08-23 13:13:35,App,Completed,,6680.00,0.00,1068.80,7748.80,Wallet,orphan_foreign_key
ORD00121773,CUST0025631,LOC0023,2025-08-23 13:33:21,App,Completed,,9285.00,13558.24,1392.75,10677.75,Card,discount_exceeds_subtotal
ORD00122002,,LOC0003,2025-08-23 18:32:18,ThirdPartyDelivery,Completed,,920.00,0.00,138.00,1058.00,Online,missing_value
ORD00122123,,LOC0004,2025-08-23 20:14:37,Dine-in,Completed,PROMO012,5570.00,1460.00,616.50,4726.50,Cash,missing_value
ORD00122217,CUST0010785,LOC0016,,App,Completed,,4330.00,0.00,692.80,5022.80,Wallet,invalid_date
ORD00122292,CUST0006360,LOC0003,2025-08-23 21:54:13,Dine-in,Completed,PROMO012,16780.00,4140.00,1896.00,14536.00,Card,orphan_foreign_key
ORD00122493,CUST0027248,LOC3546,2025-08-24 12:14:25,App,Completed,,4870.00,0.00,730.50,5600.50,Online,invalid_restaurant_id
ORD00122626,CUST0043043,LOC0025,2025-08-24 13:43:59,Dine-in,Completed,,19200.00,0.00,2880.00,22080.00,Cash,orphan_foreign_key
ORD00122628,,LOC0018,2025-08-24 13:46:37,Dine-in,Completed,PROMO012,10440.00,4270.00,987.20,7157.20,Card,missing_value
ORD00122786,CUST5327857,LOC0002,2025-08-24 18:09:49,App,Completed,PROMO012,7700.00,2550.00,772.50,5922.50,Wallet,orphan_foreign_key
ORD00123090,CUST0000223,LOC0013,2025-08-24 21:57:01,App,Completed,,4750.00,0.00,712.50,5462.50,Card,orphan_foreign_key
ORD00123254,CUST0009653,LOC0004,2025-08-25 12:21:26,Takeaway,Completed,PROMO012,9060.00,15967.94,1101.00,8441.00,Wallet,discount_exceeds_subtotal
ORD00123366,CUST0019506,LOC0012,2025-08-25 13:44:55,Dine-in,Completed,,10410.00,25455.70,1561.50,11971.50,Card,discount_exceeds_subtotal
ORD00123571,CUST0004879,LOC0008,2025-08-25 19:54:48,Dine-in,Completed,,8290.00,0.00,1326.40,9616.40,Cash,orphan_foreign_key
ORD00123654,CUST8081493,LOC0009,2025-08-25 21:19:03,Takeaway,Completed,,11460.00,0.00,1833.60,13293.60,Cash,orphan_foreign_key
ORD00123747,,LOC0022,2025-08-25 22:54:11,App,Completed,,5380.00,0.00,807.00,6187.00,Online,missing_value
ORD00123829,,LOC0013,2025-08-26 12:12:28,Dine-in,Completed,,3640.00,0.00,546.00,4186.00,Cash,missing_value
ORD00123877,,LOC0005,2025-08-26 13:06:49,ThirdPartyDelivery,Cancelled,,2225.00,0.00,333.75,2558.75,Cash,missing_value
ORD00124035,CUST0020448,LOC0003,2025-08-26 18:09:58,App,Completed,PROMO012,9820.00,1460.00,1254.00,9614.00,Cash,orphan_foreign_key
ORD00124286,CUST5871225,LOC0008,2025-08-27 10:48:34,App,Completed,,3475.00,0.00,556.00,4031.00,Card,orphan_foreign_key
ORD00124368,CUST0588610,LOC0005,2025-08-27 13:17:57,ThirdPartyDelivery,Completed,,7760.00,0.00,1164.00,8924.00,Cash,orphan_foreign_key
ORD00124471,CUST0039514,LOC0013,2025-08-27 15:44:17,Dine-in,Completed,,4630.00,7489.69,694.50,5324.50,Cash,discount_exceeds_subtotal
ORD00124691,,LOC0018,2025-08-27 21:05:03,Dine-in,Completed,PROMO012,22250.00,6130.00,2579.20,18699.20,Cash,missing_value
ORD00124730,CUST4521189,LOC0009,2025-08-27 21:42:17,Dine-in,Completed,,6830.00,0.00,1092.80,7922.80,Cash,orphan_foreign_key
ORD00124894,CUST0036165,LOC0005,2025-08-28 12:34:25,Dine-in,Completed,,2570.00,0.00,385.50,2955.50,Cash,orphan_foreign_key
ORD00125159,CUST0002531,LOC8551,2025-08-28 19:38:48,Dine-in,Completed,PROMO012,5300.00,1530.00,565.50,4335.50,Cash,invalid_restaurant_id
ORD00125206,CUST0008412,LOC0018,2025-08-28 20:30:32,Dine-in,Completed,,5210.00,0.00,833.60,6043.60,Cash,orphan_foreign_key
ORD00125411,CUST0023687,LOC0020,,Takeaway,Completed,,10565.00,0.00,1584.75,12149.75,Cash,invalid_date
ORD00125475,CUST0025578,LOC0019,,App,Completed,PROMO012,9970.00,2740.00,1156.80,8386.80,Online,invalid_date
ORD00125612,CUST7751295,LOC0013,2025-08-29 13:44:29,App,Completed,,4990.00,0.00,748.50,5738.50,Card,orphan_foreign_key
ORD00125630,CUST0050077,LOC0011,2025-08-29 13:51:47,Dine-in,Completed,,4890.00,7985.62,782.40,5672.40,Cash,discount_exceeds_subtotal
ORD00125698,CUST3098478,LOC0023,2025-08-29 14:45:40,Website,Completed,,5710.00,0.00,856.50,6566.50,Online,orphan_foreign_key
ORD00125715,,LOC0011,2025-08-29 15:06:37,Takeaway,Completed,,5775.00,0.00,924.00,6699.00,Cash,missing_value
ORD00125720,CUST0021599,LOC0004,2025-08-29 15:12:19,Dine-in,Completed,,7900.00,17832.11,1185.00,9085.00,Cash,discount_exceeds_subtotal
ORD00125762,,LOC0019,2025-08-29 16:54:02,Takeaway,Completed,,7500.00,0.00,1200.00,8700.00,Cash,missing_value
ORD00125890,CUST0027317,LOC0009,2027-11-05 12:26:00,Takeaway,Completed,,5030.00,0.00,804.80,5834.80,Cash,invalid_date
ORD00125979,CUST0000937,LOC0010,2025-08-29 20:23:10,Takeaway,Completed,,7570.00,12048.11,1211.20,8781.20,Card,discount_exceeds_subtotal
ORD00126110,CUST0006630,LOC0003,2025-08-29 21:44:25,Takeaway,Completed,PROMO012,16310.00,5840.00,1570.50,12040.50,Cash,orphan_foreign_key
ORD00126115,CUST1038581,LOC0020,2025-08-29 21:49:10,ThirdPartyDelivery,Completed,PROMO012,13980.00,5730.00,1237.50,9487.50,Cash,orphan_foreign_key
ORD00126228,,LOC0004,2025-08-29 23:41:54,Dine-in,Completed,,5340.00,0.00,801.00,6141.00,Cash,missing_value
ORD00126283,CUST2099527,LOC0009,2025-08-30 11:04:18,Dine-in,Completed,PROMO012,5180.00,1530.00,584.00,4234.00,Card,orphan_foreign_key
ORD00126336,CUST0015359,LOC0021,2025-08-30 12:27:52,ThirdPartyDelivery,Completed,,8295.00,0.00,1244.25,9539.25,Cash,orphan_foreign_key
ORD00126511,CUST0014191,LOC0004,2025-08-30 14:23:09,Website,Completed,,6355.00,0.00,953.25,7308.25,Online,orphan_foreign_key
ORD00126617,CUST0031661,LOC0003,1900-01-01 16:18:00,Takeaway,Completed,,10650.00,0.00,1597.50,12247.50,Cash,invalid_date
ORD00126832,CUST0016658,LOC0018,2025-08-30 20:19:29,Dine-in,Completed,,12455.00,20601.22,1992.80,14447.80,Cash,discount_exceeds_subtotal
ORD00126867,CUST0022780,LOC0021,2025-08-30 20:36:51,App,Completed,,8650.00,10309.50,1297.50,9947.50,Online,discount_exceeds_subtotal
ORD00126955,CUST0021628,LOC0009,2025-08-30 21:21:44,Dine-in,Completed,,2300.00,4104.36,368.00,2668.00,Card,discount_exceeds_subtotal
ORD00126989,,LOC0022,2025-08-30 21:37:42,App,Completed,PROMO012,14750.00,5510.00,1386.00,10626.00,Online,missing_value
ORD00127045,CUST0054005,LOC0018,2025-08-30 22:17:41,Dine-in,Completed,,11640.00,14313.70,1862.40,13502.40,Cash,discount_exceeds_subtotal
ORD00127482,,LOC0009,2025-08-31 17:09:36,App,Cancelled,,160.00,0.00,25.60,185.60,Online,missing_value
ORD00127601,,LOC0008,2025-08-31 19:28:03,Dine-in,Completed,,4970.00,0.00,795.20,5765.20,Cash,missing_value
ORD00127804,,LOC0009,2025-08-31 21:52:19,Dine-in,Completed,,2510.00,0.00,401.60,2911.60,Cash,missing_value
ORD00127810,CUST0044164,LOC0003,2025-08-31 21:53:20,Website,Completed,,5280.00,0.00,792.00,6072.00,Online,orphan_foreign_key
ORD00127907,,LOC0006,2025-08-31 23:57:27,Dine-in,Completed,PROMO012,8020.00,2430.00,838.50,6428.50,Card,missing_value
ORD00128114,CUST3366487,LOC0016,2025-09-01 19:23:35,Dine-in,Completed,,17135.00,0.00,2741.60,19876.60,Cash,orphan_foreign_key
ORD00128151,CUST5152173,LOC0022,2025-09-01 20:34:23,Website,Completed,,6050.00,0.00,907.50,6957.50,Online,orphan_foreign_key
ORD00128211,CUST0009327,LOC0005,1900-01-01 18:43:00,Website,Cancelled,,3700.00,0.00,555.00,4255.00,Wallet,invalid_date
ORD00128216,,LOC0013,2025-09-01 22:35:28,Dine-in,Completed,PROMO014,11850.00,250.00,1740.00,13340.00,Card,missing_value
ORD00128217,CUST0025974,LOC0006,2025-09-01 22:36:14,Dine-in,Completed,PROMO009,10980.00,26263.32,1602.00,12281.99,Card,discount_exceeds_subtotal
ORD00128266,CUST0014745,LOC0012,2025-09-02 11:48:52,ThirdPartyDelivery,Completed,PROMO014,4175.00,8587.00,588.75,4513.75,Online,discount_exceeds_subtotal
ORD00128316,CUST0024758,LOC0013,2025-09-02 13:20:53,Takeaway,Completed,,3340.00,5950.91,501.00,3841.00,Cash,discount_exceeds_subtotal
ORD00128324,CUST0053200,LOC0022,2025-09-02 13:33:01,Dine-in,Completed,,1610.00,2712.80,241.50,1851.50,Cash,discount_exceeds_subtotal
ORD00128516,,LOC0018,2025-09-02 20:58:18,Dine-in,Completed,,10360.00,0.00,1657.60,12017.60,Card,missing_value
ORD00128747,CUST0033776,LOC0015,2025-09-03 17:42:46,Takeaway,Completed,,4120.00,0.00,659.20,4779.20,Card,orphan_foreign_key
ORD00128798,CUST0000544,LOC0022,,Takeaway,Completed,,3010.00,0.00,451.50,3461.50,Card,invalid_date
ORD00128899,CUST0051078,LOC0008,,App,Completed,,6940.00,0.00,1110.40,8050.40,Card,invalid_date
ORD00128977,CUST0020559,LOC4681,2025-09-04 12:39:18,Dine-in,Cancelled,PROMO014,4825.00,250.00,686.25,5261.25,Card,invalid_restaurant_id
ORD00129040,CUST4717755,LOC0004,2025-09-04 14:08:24,App,Completed,,3875.00,0.00,581.25,4456.25,Online,orphan_foreign_key
ORD00129042,CUST0020546,LOC0015,2025-09-04 14:22:43,App,Completed,PROMO014,6310.00,250.00,969.60,7029.60,Online,orphan_foreign_key
ORD00129369,CUST0041396,LOC0011,2025-09-05 12:59:30,App,Completed,,5530.00,0.00,884.80,6414.80,Online,orphan_foreign_key
ORD00129413,,LOC0005,2025-09-05 13:41:27,Takeaway,Completed,,5130.00,0.00,769.50,5899.50,Wallet,missing_value
ORD00129544,CUST0024621,LOC0018,1900-01-01 16:22:00,Website,Completed,,2650.00,0.00,424.00,3074.00,Card,invalid_date
ORD00129761,,LOC0004,2025-09-05 23:43:38,Dine-in,Completed,PROMO014,2610.00,250.00,354.00,2714.00,Cash,missing_value
ORD00129873,,LOC0022,2025-09-06 13:18:36,Dine-in,Completed,,11990.00,0.00,1798.50,13788.50,Card,missing_value
ORD00129959,CUST0021144,LOC0001,2025-09-06 16:46:56,App,Completed,,5800.00,0.00,870.00,6670.00,Wallet,orphan_foreign_key
ORD00129969,CUST0015040,LOC0003,2025-09-06 17:12:55,Takeaway,Cancelled,,4190.00,9762.12,628.50,4818.50,Cash,discount_exceeds_subtotal
ORD00130020,CUST0038663,LOC0007,2025-09-06 19:07:11,ThirdPartyDelivery,Completed,,3430.00,0.00,548.80,3978.80,Cash,orphan_foreign_key
ORD00130561,,LOC0007,2025-09-07 20:21:45,Dine-in,Completed,,5175.00,0.00,828.00,6003.00,Cash,missing_value
ORD00130677,CUST0012775,LOC0018,2025-09-07 22:36:35,Takeaway,Completed,,6040.00,0.00,966.40,7006.40,Wallet,orphan_foreign_key
ORD00130810,,LOC0008,2025-09-08 13:50:58,App,Completed,,1310.00,0.00,209.60,1519.60,Wallet,missing_value
ORD00130816,CUST0048189,LOC0014,2025-09-08 14:17:31,Takeaway,Completed,,8100.00,0.00,1215.00,9315.00,Wallet,orphan_foreign_key
ORD00130921,CUST0049397,LOC6860,2025-09-08 19:38:04,App,Completed,,3760.00,0.00,601.60,4361.60,Online,invalid_restaurant_id
ORD00130962,CUST0025770,LOC1562,2025-09-08 20:44:21,ThirdPartyDelivery,Completed,,2570.00,0.00,411.20,2981.20,Online,invalid_restaurant_id
ORD00130996,CUST0013746,LOC0004,,Takeaway,Completed,,11290.00,0.00,1693.50,12983.50,Cash,invalid_date
ORD00131078,,LOC0003,2025-09-09 00:23:01,App,Completed,,7670.00,0.00,1150.50,8820.50,Online,missing_value
ORD00131085,,LOC0019,2025-09-09 01:30:29,Website,Completed,,870.00,0.00,139.20,1009.20,Online,missing_value
ORD00131092,CUST0022446,LOC0006,2025-09-09 10:02:54,Takeaway,Completed,,3870.00,0.00,580.50,4450.50,Cash,orphan_foreign_key
ORD00131171,CUST9599747,LOC0020,2025-09-09 13:50:37,App,Completed,,12025.00,0.00,1803.75,13828.75,Cash,orphan_foreign_key
ORD00131385,,LOC0022,2025-09-09 22:23:22,App,Completed,,7290.00,0.00,1093.50,8383.50,Card,missing_value
ORD00131446,,LOC0023,2025-09-10 11:57:13,Takeaway,Completed,PROMO014,15455.00,250.00,2280.75,17485.75,Cash,missing_value
ORD00131499,CUST5680583,LOC0024,2025-09-10 13:17:14,Dine-in,Completed,,3820.00,0.00,611.20,4431.20,Cash,orphan_foreign_key
ORD00132025,CUST0013375,LOC0002,2025-09-11 21:00:39,ThirdPartyDelivery,Completed,,11020.00,0.00,1653.00,12673.00,Cash,orphan_foreign_key
ORD00132129,CUST1079356,LOC0020,2025-09-12 11:20:47,App,Completed,,5395.00,0.00,809.25,6204.25,Card,orphan_foreign_key
ORD00132186,CUST0029322,LOC0025,,Dine-in,Completed,PROMO009,9585.00,300.00,1392.75,10677.75,Card,invalid_date
ORD00132232,,LOC0017,2025-09-12 13:25:41,Takeaway,Cancelled,PROMO014,2800.00,250.00,408.00,2958.00,Cash,missing_value
ORD00132353,CUST0050917,LOC5870,2025-09-12 18:26:06,Dine-in,Completed,,9750.00,0.00,1560.00,11310.00,Cash,invalid_restaurant_id
ORD00132538,CUST0052543,LOC0008,2025-09-12 21:53:57,Takeaway,Completed,,2470.00,0.00,395.20,2865.20,Cash,orphan_foreign_key
ORD00132785,CUST0018752,LOC8278,2025-09-13 15:04:10,Dine-in,Completed,,6050.00,0.00,968.00,7018.00,Card,invalid_restaurant_id
ORD00132789,CUST0028661,LOC0021,2025-09-13 15:21:04,Takeaway,Completed,,5900.00,0.00,885.00,6785.00,Card,orphan_foreign_key
ORD00132812,,LOC0013,2025-09-13 16:36:28,Takeaway,Completed,,7305.00,0.00,1095.75,8400.75,Cash,missing_value
ORD00132933,,LOC0016,2025-09-13 20:02:05,Dine-in,Completed,,14980.00,0.00,2396.80,17376.80,Wallet,missing_value
ORD00132999,,LOC0017,2025-09-13 20:51:10,Takeaway,Completed,,5980.00,0.00,956.80,6936.80,Cash,missing_value
ORD00133025,CUST0052543,LOC0022,2025-09-13 21:15:42,ThirdPartyDelivery,Completed,,7130.00,0.00,1069.50,8199.50,Online,orphan_foreign_key
ORD00133087,CUST0007830,LOC0007,2025-09-13 22:19:18,Takeaway,Completed,,7090.00,0.00,1134.40,8224.40,Cash,orphan_foreign_key
ORD00133177,CUST0049219,LOC9385,2025-09-14 10:36:51,Dine-in,Completed,,8030.00,0.00,1204.50,9234.50,Cash,invalid_restaurant_id
ORD00133218,CUST0027900,LOC0013,2025-09-14 12:31:55,App,Completed,,17465.00,27858.79,2619.75,20084.75,Online,discount_exceeds_subtotal
ORD00133323,CUST0024895,LOC0013,2025-09-14 14:23:55,Takeaway,Completed,PROMO014,7470.00,250.00,1083.00,8303.00,Cash,orphan_foreign_key
ORD00133388,CUST0033537,LOC0005,,Takeaway,Completed,,3250.00,0.00,487.50,3737.50,Cash,invalid_date
ORD00133460,CUST0054263,LOC0017,,App,Completed,,11070.00,0.00,1771.20,12841.20,Online,invalid_date
ORD00133769,CUST0007936,LOC0012,2025-09-15 13:24:07,Dine-in,Completed,,7225.00,9493.81,1083.75,8308.75,Cash,discount_exceeds_subtotal
ORD00133911,CUST0015292,LOC0007,2027-11-05 15:50:00,App,Completed,,4100.00,0.00,656.00,4756.00,Online,invalid_date
ORD00133926,CUST0045758,LOC0013,2025-09-15 20:20:05,Dine-in,Completed,,9075.00,0.00,1361.25,10436.25,Card,orphan_foreign_key
ORD00134206,CUST5601284,LOC0006,2025-09-16 19:35:06,Takeaway,Completed,,7660.00,0.00,1149.00,8809.00,Cash,orphan_foreign_key
ORD00134409,CUST0040293,LOC4509,2025-09-17 12:39:09,Dine-in,Completed,,11900.00,0.00,1785.00,13685.00,Card,invalid_restaurant_id
ORD00134545,CUST0008412,LOC0018,2025-09-17 18:30:03,Takeaway,Completed,,11100.00,0.00,1776.00,12876.00,Card,orphan_foreign_key
ORD00134599,CUST0016387,LOC5476,2025-09-17 19:54:52,Dine-in,Completed,,7000.00,0.00,1050.00,8050.00,Cash,invalid_restaurant_id
ORD00134752,CUST0020546,LOC0015,2025-09-18 11:18:53,Website,Completed,,5690.00,0.00,910.40,6600.40,Online,orphan_foreign_key
ORD00134786,CUST8424379,LOC0015,2025-09-18 12:15:15,Dine-in,Completed,PROMO014,15440.00,250.00,2430.40,17620.40,Card,orphan_foreign_key
ORD00134889,CUST0022204,LOC0023,,App,Completed,,3340.00,0.00,501.00,3841.00,Wallet,invalid_date
ORD00134916,,LOC0011,2025-09-18 16:45:43,Takeaway,Completed,PROMO015,7210.00,1442.00,922.88,6690.88,Cash,missing_value
ORD00135030,CUST0003259,LOC0019,2025-09-18 20:54:18,ThirdPartyDelivery,Completed,,6960.00,8701.38,1113.60,8073.60,Online,discount_exceeds_subtotal
ORD00135179,CUST0009097,LOC0021,2025-09-19 12:05:48,ThirdPartyDelivery,Completed,,2250.00,4438.03,337.50,2587.50,Cash,discount_exceeds_subtotal
ORD00135471,CUST0006945,LOC0014,2025-09-19 19:59:17,ThirdPartyDelivery,Completed,PROMO015,13880.00,2776.00,1665.60,12769.60,Cash,orphan_foreign_key
ORD00135496,CUST0012266,LOC3069,2025-09-19 20:18:30,Dine-in,Completed,PROMO015,5830.00,1166.00,699.60,5363.60,Card,invalid_restaurant_id
ORD00135774,CUST0024877,LOC0017,2025-09-20 13:03:14,App,Completed,,2960.00,5037.01,473.60,3433.60,Wallet,discount_exceeds_subtotal
ORD00135802,CUST0054373,LOC0006,2025-09-20 13:23:30,Takeaway,Completed,,13835.00,19598.16,2075.25,15910.25,Card,discount_exceeds_subtotal
ORD00135921,CUST0029351,LOC0001,2025-09-20 16:22:21,App,Completed,,1515.00,0.00,227.25,1742.25,Online,orphan_foreign_key
ORD00136095,CUST0021306,LOC0008,2025-09-20 20:25:20,App,Completed,,3970.00,0.00,635.20,4605.20,Online,orphan_foreign_key
ORD00136426,CUST5566132,LOC0006,2025-09-21 14:45:36,Dine-in,Completed,PROMO009,14110.00,300.01,2071.50,15881.49,Cash,orphan_foreign_key
ORD00136491,CUST0018782,LOC0005,2025-09-21 18:03:32,App,Completed,,12350.00,0.00,1852.50,14202.50,Online,orphan_foreign_key
ORD00136503,CUST0048272,LOC0003,2025-09-21 18:31:18,Dine-in,Completed,,10155.00,0.00,1523.25,11678.25,Cash,orphan_foreign_key
ORD00136590,CUST0024782,LOC0014,2025-09-21 20:10:12,App,Completed,PROMO015,7770.00,1554.00,932.40,7148.40,Online,orphan_foreign_key
ORD00136647,CUST0028174,LOC0006,2025-09-21 21:00:21,Takeaway,Completed,PROMO015,4880.00,5632.47,585.60,4489.60,Card,discount_exceeds_subtotal
ORD00136955,CUST0044808,LOC0008,,Dine-in,Completed,,5935.00,0.00,949.60,6884.60,Card,invalid_date
ORD00137060,CUST0032562,LOC0004,2099-12-31 22:23:00,Website,Completed,,6780.00,0.00,1017.00,7797.00,Online,invalid_date
ORD00137124,,LOC0025,2025-09-22 21:39:08,Dine-in,Completed,,1150.00,0.00,172.50,1322.50,Cash,missing_value
ORD00137242,CUST0032054,LOC0017,1900-01-01 11:32:00,Website,Completed,,3865.00,0.00,618.40,4483.40,Online,invalid_date
ORD00137246,CUST4534094,LOC0005,2025-09-23 12:59:12,Takeaway,Completed,,2140.00,0.00,321.00,2461.00,Cash,orphan_foreign_key
ORD00137313,CUST0034123,LOC0021,2025-09-23 14:04:12,Dine-in,Completed,,3880.00,0.00,582.00,4462.00,Card,orphan_foreign_key
ORD00137457,CUST2188172,LOC0008,2025-09-23 20:46:07,App,Completed,,7595.00,0.00,1215.20,8810.20,Cash,orphan_foreign_key
ORD00137466,,LOC0019,2025-09-23 20:53:03,Website,Completed,PROMO014,11280.00,250.00,1764.80,12794.80,Online,missing_value
ORD00137529,CUST6996502,LOC0010,2025-09-23 22:07:18,App,Completed,,1390.00,0.00,222.40,1612.40,Online,orphan_foreign_key
ORD00137693,CUST0021150,LOC0019,2025-09-24 14:08:13,App,Completed,,5700.00,7009.21,912.00,6612.00,Online,discount_exceeds_subtotal
ORD00137728,CUST3368359,LOC0005,2025-09-24 16:06:40,ThirdPartyDelivery,Completed,,3935.00,0.00,590.25,4525.25,Online,orphan_foreign_key
ORD00137929,CUST0037127,LOC0004,1970-01-01 17:09:00,Website,Completed,,10430.00,0.00,1564.50,11994.50,Online,invalid_date
ORD00137990,CUST0014191,LOC0004,2025-09-25 12:08:29,Takeaway,Completed,,5230.00,0.00,784.50,6014.50,Cash,orphan_foreign_key
ORD00138017,CUST0005274,LOC0003,2025-09-25 12:47:44,ThirdPartyDelivery,Completed,,3040.00,0.00,456.00,3496.00,Online,orphan_foreign_key
ORD00138094,CUST0020334,LOC0023,2025-09-25 14:24:38,Website,Completed,,5750.00,0.00,862.50,6612.50,Wallet,orphan_foreign_key
ORD00138122,CUST0039678,LOC9837,2025-09-25 15:54:48,ThirdPartyDelivery,Cancelled,,5920.00,0.00,947.20,6867.20,Online,invalid_restaurant_id
ORD00138176,CUST0012490,LOC8135,2025-09-25 18:42:39,Dine-in,Completed,,10740.00,0.00,1611.00,12351.00,Card,invalid_restaurant_id
ORD00138186,CUST0045936,LOC4741,2025-09-25 19:00:41,ThirdPartyDelivery,Completed,,9340.00,0.00,1401.00,10741.00,Cash,invalid_restaurant_id
ORD00138364,CUST0146291,LOC0012,2025-09-25 22:34:18,Dine-in,Completed,,6020.00,0.00,903.00,6923.00,Wallet,orphan_foreign_key
ORD00138391,CUST0036201,LOC0024,2025-09-25 23:48:43,Dine-in,Completed,,4270.00,6844.21,683.20,4953.20,Card,discount_exceeds_subtotal
ORD00138470,CUST0002237,LOC0018,2025-09-26 12:25:33,ThirdPartyDelivery,Completed,,2520.00,0.00,403.20,2923.20,Cash,orphan_foreign_key
ORD00138690,,LOC0015,2025-09-26 19:14:36,ThirdPartyDelivery,Completed,,17840.00,0.00,2854.40,20694.40,Online,missing_value
ORD00138758,CUST0030800,LOC7098,2025-09-26 20:26:42,Takeaway,Completed,PROMO015,6910.00,1382.00,829.20,6357.20,Card,invalid_restaurant_id
ORD00138966,CUST0006707,LOC0008,2025-09-27 12:14:09,App,Completed,PROMO014,5270.00,250.00,803.20,5823.20,Online,orphan_foreign_key
ORD00139051,CUST0050906,LOC0022,2099-12-31 14:23:00,App,Completed,,1830.00,0.00,274.50,2104.50,Cash,invalid_date
ORD00139205,CUST0048842,LOC0008,2025-09-27 18:33:43,Takeaway,Completed,PROMO015,10325.00,2065.00,1321.60,9581.60,Cash,orphan_foreign_key
ORD00139275,CUST5043485,LOC0022,2025-09-27 19:51:31,Dine-in,Completed,,21075.00,0.00,3161.25,24236.25,Cash,orphan_foreign_key
ORD00139334,CUST2191812,LOC0011,2025-09-27 20:39:31,Dine-in,Completed,,12510.00,0.00,2001.60,14511.60,Cash,orphan_foreign_key
ORD00139442,CUST0053483,LOC0003,2025-09-27 22:10:49,Takeaway,Completed,,6460.00,0.00,969.00,7429.00,Card,orphan_foreign_key
ORD00139520,,LOC0025,2025-09-28 08:47:47,App,Completed,PROMO009,8910.00,300.01,1291.50,9901.49,Online,missing_value
ORD00139683,,LOC0009,2025-09-28 13:55:59,App,Completed,,3285.00,0.00,525.60,3810.60,Card,missing_value
ORD00139724,CUST0034849,LOC0008,1970-01-01 10:49:00,App,Completed,,4240.00,0.00,678.40,4918.40,Card,invalid_date
ORD00139736,,LOC0003,2025-09-28 15:08:07,Dine-in,Completed,,8565.00,0.00,1284.75,9849.75,Card,missing_value
ORD00139746,CUST0043539,LOC0022,2025-09-28 15:29:47,App,Completed,,8915.00,17760.39,1337.25,10252.25,Online,discount_exceeds_subtotal
ORD00139839,CUST1769643,LOC0006,2025-09-28 19:04:49,Dine-in,Completed,,7910.00,0.00,1186.50,9096.50,Wallet,orphan_foreign_key
ORD00139902,,LOC0010,2025-09-28 20:04:32,App,Completed,,12115.00,0.00,1938.40,14053.40,Wallet,missing_value
ORD00139928,CUST0035489,LOC0008,2025-09-28 20:24:01,App,Completed,PROMO015,3290.00,658.00,421.12,3053.12,Wallet,orphan_foreign_key
ORD00139951,CUST1571254,LOC0013,2025-09-28 20:39:56,Takeaway,Completed,,8065.00,0.00,1209.75,9274.75,Card,orphan_foreign_key
ORD00140010,,LOC0025,2025-09-28 21:23:19,Dine-in,Completed,,13335.00,0.00,2000.25,15335.25,Card,missing_value
ORD00140145,CUST0021410,LOC7947,2025-09-29 12:20:00,Dine-in,Completed,PROMO015,9400.00,1880.00,1203.20,8723.20,Cash,invalid_restaurant_id
ORD00140338,,LOC0018,2025-09-29 19:10:44,Takeaway,Completed,,2260.00,0.00,361.60,2621.60,Cash,missing_value
ORD00140644,CUST0033324,LOC0025,2025-09-30 17:25:46,Dine-in,Completed,,7620.00,0.00,1143.00,8763.00,Wallet,orphan_foreign_key
ORD00140708,CUST0041137,LOC0005,2025-09-30 19:46:40,Website,Completed,,3185.00,0.00,477.75,3662.75,Wallet,orphan_foreign_key
ORD00140716,,LOC0002,2025-09-30 20:08:37,Website,Completed,,4275.00,0.00,641.25,4916.25,Online,missing_value
ORD00140901,CUST0025560,LOC0001,2025-10-01 13:06:20,Dine-in,Completed,,4035.00,0.00,605.25,4640.25,Cash,orphan_foreign_key
ORD00140902,CUST0006805,LOC0015,2025-10-01 13:07:24,ThirdPartyDelivery,Completed,,4440.00,7839.00,710.40,5150.40,Cash,discount_exceeds_subtotal
ORD00140977,CUST0024895,LOC0013,2025-10-01 17:17:14,Takeaway,Completed,,3220.00,0.00,483.00,3703.00,Cash,orphan_foreign_key
ORD00141014,CUST0039532,LOC0004,2025-10-01 19:16:42,Dine-in,Completed,,5465.00,0.00,819.75,6284.75,Cash,orphan_foreign_key
ORD00141132,,LOC0005,2025-10-01 22:02:53,ThirdPartyDelivery,Completed,,3770.00,0.00,565.50,4335.50,Online,missing_value
ORD00141162,,LOC0003,2025-10-01 23:22:02,Takeaway,Completed,,8200.00,0.00,1230.00,9430.00,Cash,missing_value
ORD00141240,CUST0052901,LOC0023,2025-10-02 12:59:18,Dine-in,Completed,,11550.00,0.00,1732.50,13282.50,Wallet,orphan_foreign_key
ORD00141476,CUST0014019,LOC0023,2025-10-02 21:21:28,Dine-in,Completed,,8520.00,17415.23,1278.00,9798.00,Wallet,discount_exceeds_subtotal
ORD00141520,,LOC0003,2025-10-02 22:44:43,Dine-in,Completed,,6700.00,0.00,1005.00,7705.00,Card,missing_value
ORD00141611,CUST0045856,LOC0013,2025-10-03 12:30:16,ThirdPartyDelivery,Completed,,6980.00,0.00,1047.00,8027.00,Cash,orphan_foreign_key
ORD00142358,,LOC0019,2025-10-04 18:54:55,Website,Completed,,8165.00,0.00,1306.40,9471.40,Wallet,missing_value
ORD00142383,CUST0044595,LOC0017,1970-01-01 19:47:00,Takeaway,Completed,,3830.00,0.00,612.80,4442.80,Cash,invalid_date
ORD00142577,CUST0032191,LOC0014,2025-10-04 22:47:48,Website,Completed,,6165.00,0.00,924.75,7089.75,Online,orphan_foreign_key
ORD00142865,CUST3620047,LOC0001,2025-10-05 16:23:38,App,Completed,,3990.00,0.00,598.50,4588.50,Card,orphan_foreign_key
ORD00143006,CUST0017734,LOC0024,2025-10-05 20:20:26,Takeaway,Completed,,1770.00,2272.50,283.20,2053.20,Card,discount_exceeds_subtotal
ORD00143178,,LOC0007,2025-10-06 11:57:20,Takeaway,Completed,PROMO015,13855.00,2771.00,1773.44,12857.44,Wallet,missing_value
ORD00143250,CUST0014199,LOC0002,2025-10-06 13:37:08,Dine-in,Completed,,11350.00,0.00,1702.50,13052.50,Cash,orphan_foreign_key
ORD00143254,CUST0042329,LOC0008,2025-10-06 13:41:04,App,Completed,,7980.00,18817.60,1276.80,9256.80,Online,discount_exceeds_subtotal
ORD00143358,,LOC0013,2025-10-06 18:53:15,App,Completed,,5280.00,0.00,792.00,6072.00,Online,missing_value
ORD00143451,CUST0032387,LOC0006,2025-10-06 20:51:13,Dine-in,Completed,,5625.00,0.00,843.75,6468.75,Card,orphan_foreign_key
ORD00143496,,LOC0018,2025-10-06 22:02:11,Dine-in,Completed,,8700.00,0.00,1392.00,10092.00,Card,missing_value
ORD00143616,CUST0018732,LOC0017,2031-07-22 14:23:00,ThirdPartyDelivery,Cancelled,,8695.00,0.00,1391.20,10086.20,Cash,invalid_date
ORD00143659,CUST5036641,LOC0020,2025-10-07 14:05:06,ThirdPartyDelivery,Completed,,4160.00,0.00,624.00,4784.00,Cash,orphan_foreign_key
ORD00143697,,LOC0023,2025-10-07 17:02:40,Dine-in,Completed,,21230.00,0.00,3184.50,24414.50,Cash,missing_value
ORD00143820,CUST0014209,LOC0018,2025-10-07 21:12:23,Dine-in,Completed,,4280.00,5800.32,684.80,4964.80,Wallet,discount_exceeds_subtotal
ORD00143925,CUST0008874,LOC0018,2025-10-08 11:35:00,Dine-in,Completed,,9680.00,23294.62,1548.80,11228.80,Cash,discount_exceeds_subtotal
ORD00143937,CUST0009904,LOC0006,2025-10-08 12:14:44,Dine-in,Completed,PROMO015,14435.00,26150.82,1732.20,13280.20,Card,discount_exceeds_subtotal
ORD00143976,,LOC0021,2025-10-08 13:07:27,Dine-in,Completed,,10980.00,0.00,1647.00,12627.00,Cash,missing_value
ORD00143994,CUST0004318,LOC1122,2025-10-08 13:36:09,App,Completed,,5520.00,0.00,883.20,6403.20,Online,invalid_restaurant_id
ORD00144055,CUST0003275,LOC0017,2025-10-08 16:53:41,App,Completed,,11390.00,0.00,1822.40,13212.40,Cash,orphan_foreign_key
ORD00144260,,LOC0016,2025-10-08 23:38:44,Website,Cancelled,,1480.00,0.00,236.80,1716.80,Card,missing_value
ORD00144367,CUST0051558,LOC0019,2099-12-31 12:03:00,ThirdPartyDelivery,Completed,,7740.00,0.00,1238.40,8978.40,Cash,invalid_date
ORD00144454,CUST0015136,LOC0016,2025-10-09 18:05:58,Dine-in,Completed,,5030.00,0.00,804.80,5834.80,Card,orphan_foreign_key
ORD00144479,CUST0050825,LOC0020,2025-10-09 19:11:03,ThirdPartyDelivery,Completed,,6620.00,0.00,993.00,7613.00,Cash,orphan_foreign_key
ORD00144495,,LOC0023,2025-10-09 19:42:24,Takeaway,Completed,,7180.00,0.00,1077.00,8257.00,Cash,missing_value
ORD00144576,,LOC0015,2025-10-09 21:05:05,Dine-in,Cancelled,,2950.00,0.00,472.00,3422.00,Card,missing_value
ORD00144634,,LOC0010,2025-10-09 22:38:36,Dine-in,Completed,,10080.00,0.00,1612.80,11692.80,Cash,missing_value
ORD00144646,CUST0005749,LOC0020,2025-10-09 22:55:46,App,Completed,,3260.00,0.00,489.00,3749.00,Online,orphan_foreign_key
ORD00144704,CUST0040928,LOC0009,,App,Completed,,4690.00,0.00,750.40,5440.40,Online,invalid_date
ORD00144749,CUST0043432,LOC0008,2099-12-31 21:55:00,ThirdPartyDelivery,Completed,,5515.00,0.00,882.40,6397.40,Cash,invalid_date
ORD00144773,,LOC0009,2025-10-10 13:21:21,ThirdPartyDelivery,Completed,PROMO015,6190.00,1238.00,792.32,5744.32,Cash,missing_value
ORD00145130,CUST0035170,LOC0002,,Dine-in,Completed,PROMO015,9395.00,1879.00,1127.40,8643.40,Card,invalid_date
ORD00145485,CUST0009082,LOC0011,2025-10-11 19:09:21,Takeaway,Completed,,5950.00,0.00,952.00,6902.00,Card,orphan_foreign_key
ORD00145555,,LOC0001,2025-10-11 20:13:49,Takeaway,Completed,,4720.00,0.00,708.00,5428.00,Cash,missing_value
ORD00145564,CUST0018160,LOC0002,2025-10-11 20:24:27,App,Completed,,5415.00,0.00,812.25,6227.25,Online,orphan_foreign_key
ORD00145616,CUST5982729,LOC0025,2025-10-11 21:03:40,Dine-in,Completed,,9285.00,0.00,1392.75,10677.75,Card,orphan_foreign_key
ORD00145653,CUST0022014,LOC0014,,App,Completed,PROMO015,6640.00,1328.00,796.80,6108.80,Online,invalid_date
ORD00145682,,LOC0003,2025-10-11 22:02:34,Dine-in,Completed,PROMO015,13445.00,2689.00,1613.40,12369.40,Card,missing_value
ORD00145929,CUST0006630,LOC0003,2025-10-12 14:44:05,Dine-in,Completed,,6670.00,0.00,1000.50,7670.50,Wallet,orphan_foreign_key
ORD00145961,CUST0035300,LOC0008,,Dine-in,Completed,,4150.00,0.00,664.00,4814.00,Wallet,invalid_date
ORD00146199,,LOC0003,2025-10-12 21:35:06,App,Completed,PROMO015,3525.00,705.00,423.00,3243.00,Online,missing_value
ORD00146463,CUST0020334,LOC0023,2025-10-13 17:57:12,Website,Completed,,3080.00,0.00,462.00,3542.00,Online,orphan_foreign_key
ORD00146506,CUST0010288,LOC0006,2025-10-13 19:34:02,Takeaway,Completed,,8510.00,20007.36,1276.50,9786.50,Card,discount_exceeds_subtotal
ORD00146590,,LOC0022,2025-10-13 21:29:06,Dine-in,Completed,,5880.00,0.00,882.00,6762.00,Card,missing_value
ORD00146598,CUST0014270,LOC0009,2025-10-13 21:40:50,Dine-in,Completed,,11600.00,0.00,1856.00,13456.00,Card,orphan_foreign_key
ORD00146776,CUST0044760,LOC0023,,Dine-in,Completed,,5390.00,0.00,808.50,6198.50,Cash,invalid_date
ORD00146922,CUST0024162,LOC0017,2025-10-14 19:53:39,App,Completed,,10660.00,0.00,1705.60,12365.60,Online,orphan_foreign_key
ORD00147090,CUST0017620,LOC0023,2027-11-05 18:53:00,Dine-in,Completed,,6230.00,0.00,934.50,7164.50,Card,invalid_date
ORD00147178,CUST4209738,LOC0003,2025-10-15 14:12:48,Dine-in,Completed,,8050.00,0.00,1207.50,9257.50,Card,orphan_foreign_key
ORD00147202,CUST0040140,LOC0020,2025-10-15 14:56:01,ThirdPartyDelivery,Completed,,9790.00,0.00,1468.50,11258.50,Cash,orphan_foreign_key
ORD00147396,CUST0024895,LOC0013,2025-10-15 22:22:28,Takeaway,Completed,,13670.00,0.00,2050.50,15720.50,Cash,orphan_foreign_key
ORD00147523,CUST7364017,LOC0017,2025-10-16 13:53:25,App,Completed,,3260.00,0.00,521.60,3781.60,Online,orphan_foreign_key
ORD00147621,CUST0026953,LOC0021,2025-10-16 18:31:27,App,Completed,,7860.00,0.00,1179.00,9039.00,Card,orphan_foreign_key
ORD00147746,CUST0017010,LOC5953,2025-10-16 21:44:16,Dine-in,Completed,,7790.00,0.00,1168.50,8958.50,Card,invalid_restaurant_id
ORD00147939,CUST0052755,LOC0015,2025-10-17 14:25:29,Dine-in,Completed,,4135.00,0.00,661.60,4796.60,Card,orphan_foreign_key
ORD00147957,CUST0054949,LOC0010,2025-10-17 14:58:49,App,Completed,,8610.00,0.00,1377.60,9987.60,Card,orphan_foreign_key
ORD00148083,CUST6670885,LOC0023,2025-10-17 20:26:34,Takeaway,Completed,,4005.00,0.00,600.75,4605.75,Wallet,orphan_foreign_key
ORD00148222,,LOC0022,2025-10-18 00:43:39,Dine-in,Completed,,14610.00,0.00,2191.50,16801.50,Card,missing_value
ORD00148241,CUST5226164,LOC0016,2025-10-18 11:22:34,ThirdPartyDelivery,Completed,,12330.00,0.00,1972.80,14302.80,Cash,orphan_foreign_key
ORD00148280,CUST7076769,LOC0004,2025-10-18 12:45:39,App,Completed,,5450.00,0.00,817.50,6267.50,Wallet,orphan_foreign_key
ORD00148314,CUST0012781,LOC2818,2025-10-18 13:25:00,Dine-in,Completed,,4215.00,0.00,632.25,4847.25,Wallet,invalid_restaurant_id
ORD00148489,CUST0054977,LOC0007,2025-10-18 19:58:01,Website,Completed,,525.00,0.00,84.00,609.00,Card,orphan_foreign_key
ORD00148584,CUST0053873,LOC0003,2025-10-18 21:30:08,Dine-in,Completed,,7750.00,0.00,1162.50,8912.50,Card,orphan_foreign_key
ORD00148641,CUST0044303,LOC5007,2025-10-18 22:45:39,Takeaway,Completed,,2200.00,0.00,352.00,2552.00,Card,invalid_restaurant_id
ORD00148771,CUST7870034,LOC0004,2025-10-19 13:08:39,ThirdPartyDelivery,Completed,,6280.00,0.00,942.00,7222.00,Cash,orphan_foreign_key
ORD00148894,CUST0363225,LOC0014,2025-10-19 16:55:20,App,Completed,,6970.00,0.00,1045.50,8015.50,Online,orphan_foreign_key
ORD00148915,CUST2811591,LOC0022,2025-10-19 17:36:50,App,Completed,,5310.00,0.00,796.50,6106.50,Online,orphan_foreign_key
ORD00149064,CUST0015887,LOC0020,2027-11-05 18:13:00,App,Completed,,5190.00,0.00,778.50,5968.50,Card,invalid_date
ORD00149341,CUST0053473,LOC0004,2025-10-20 14:49:59,App,Completed,,4580.00,0.00,687.00,5267.00,Wallet,orphan_foreign_key
ORD00149456,,LOC0004,2025-10-20 19:56:45,App,Completed,,1925.00,0.00,288.75,2213.75,Wallet,missing_value
ORD00149811,,LOC0017,2025-10-21 18:31:48,Dine-in,Cancelled,,3830.00,0.00,612.80,4442.80,Card,missing_value
ORD00149903,CUST0020883,LOC0010,2025-10-21 20:38:50,Dine-in,Completed,,14580.00,0.00,2332.80,16912.80,Cash,orphan_foreign_key
ORD00150013,,LOC0014,2025-10-21 23:43:05,Dine-in,Completed,,8670.00,0.00,1300.50,9970.50,Cash,missing_value
ORD00150044,CUST0005432,LOC2799,2025-10-22 11:13:46,Takeaway,Completed,,5880.00,0.00,882.00,6762.00,Card,invalid_restaurant_id
ORD00150170,CUST2379164,LOC0017,2025-10-22 14:39:09,App,Completed,,5330.00,0.00,852.80,6182.80,Online,orphan_foreign_key
ORD00150272,CUST3780615,LOC0013,2025-10-22 19:46:46,ThirdPartyDelivery,Completed,PROMO016,5450.00,238.00,781.80,5993.80,Online,orphan_foreign_key
ORD00150420,CUST0004469,LOC0013,,App,Completed,,2370.00,0.00,355.50,2725.50,Online,invalid_date
ORD00150516,,LOC0025,2025-10-23 12:54:08,App,Completed,,2850.00,0.00,427.50,3277.50,Online,missing_value
ORD00150567,CUST0049323,LOC7251,2025-10-23 13:53:25,Dine-in,Completed,,11710.00,0.00,1756.50,13466.50,Card,invalid_restaurant_id
ORD00150742,,LOC0018,2025-10-23 19:38:41,Takeaway,Completed,,7600.00,0.00,1216.00,8816.00,Cash,missing_value
ORD00151097,,LOC0016,2025-10-24 13:57:39,ThirdPartyDelivery,Completed,,14240.00,0.00,2278.40,16518.40,Cash,missing_value
ORD00151124,,LOC0003,2025-10-24 14:29:53,Dine-in,Completed,,6750.00,0.00,1012.50,7762.50,Card,missing_value
ORD00151152,,LOC0011,2025-10-24 15:04:52,ThirdPartyDelivery,Completed,,3720.00,0.00,595.20,4315.20,Online,missing_value
ORD00151261,CUST0006594,LOC0009,2025-10-24 19:03:03,Dine-in,Completed,PROMO016,16780.00,1102.00,2508.48,18186.48,Card,orphan_foreign_key
ORD00151460,,LOC0013,2025-10-24 21:48:29,Takeaway,Completed,,2570.00,0.00,385.50,2955.50,Card,missing_value
ORD00151477,CUST0032073,LOC0020,2025-10-24 22:14:55,App,Cancelled,,13550.00,0.00,2032.50,15582.50,Online,orphan_foreign_key
ORD00151606,CUST0022935,LOC0004,2025-10-25 12:26:11,Dine-in,Completed,,5940.00,0.00,891.00,6831.00,Card,orphan_foreign_key
ORD00151649,CUST0053613,LOC0011,2025-10-25 13:03:15,App,Completed,,10540.00,14762.58,1686.40,12226.40,Online,discount_exceeds_subtotal
ORD00151789,CUST4353839,LOC0018,2025-10-25 16:21:45,ThirdPartyDelivery,Completed,,10680.00,0.00,1708.80,12388.80,Online,orphan_foreign_key
ORD00152136,,LOC0003,2025-10-25 23:58:04,Dine-in,Completed,,5475.00,0.00,821.25,6296.25,Wallet,missing_value
ORD00152181,CUST0045758,LOC0003,2025-10-26 12:16:29,Dine-in,Completed,,6610.00,0.00,991.50,7601.50,Wallet,orphan_foreign_key
ORD00152194,,LOC0023,2025-10-26 12:30:23,ThirdPartyDelivery,Completed,,3915.00,0.00,587.25,4502.25,Cash,missing_value
ORD00152394,CUST8798400,LOC0022,2025-10-26 17:43:43,Dine-in,Completed,,21200.00,0.00,3180.00,24380.00,Cash,orphan_foreign_key
ORD00152563,CUST0039707,LOC0004,2025-10-26 20:35:28,Website,Completed,,3440.00,0.00,516.00,3956.00,Online,orphan_foreign_key
ORD00152617,,LOC0004,2025-10-26 21:23:39,Takeaway,Completed,,9630.00,0.00,1444.50,11074.50,Cash,missing_value
ORD00152619,CUST0013084,LOC0014,2031-07-22 16:59:00,ThirdPartyDelivery,Completed,,7840.00,0.00,1176.00,9016.00,Cash,invalid_date
ORD00152737,CUST0032963,LOC0008,2025-10-27 00:33:42,ThirdPartyDelivery,Completed,,8320.00,0.00,1331.20,9651.20,Online,orphan_foreign_key
ORD00152846,CUST0019148,LOC0009,1900-01-01 10:20:00,App,Completed,,6140.00,0.00,982.40,7122.40,Card,invalid_date
ORD00153000,CUST0852642,LOC0011,2025-10-27 19:31:37,App,Completed,,2840.00,0.00,454.40,3294.40,Card,orphan_foreign_key
ORD00153515,CUST0041073,LOC0011,,App,Completed,,6215.00,0.00,994.40,7209.40,Online,invalid_date
ORD00153520,CUST0015340,LOC0025,2025-10-29 12:35:35,Dine-in,Completed,,4560.00,0.00,684.00,5244.00,Wallet,orphan_foreign_key
ORD00153525,,LOC0013,2025-10-29 12:39:25,App,Completed,,6960.00,0.00,1044.00,8004.00,Cash,missing_value
ORD00153572,CUST0020641,LOC0005,2025-10-29 13:47:36,Dine-in,Completed,,9305.00,0.00,1395.75,10700.75,Cash,orphan_foreign_key
ORD00153589,CUST0009622,LOC0020,,App,Completed,,12125.00,0.00,1818.75,13943.75,Online,invalid_date
ORD00153674,CUST0045039,LOC0004,2025-10-29 19:15:43,App,Completed,,10050.00,0.00,1507.50,11557.50,Online,orphan_foreign_key
ORD00153680,CUST0024162,LOC0017,2025-10-29 19:28:53,Takeaway,Completed,,12550.00,0.00,2008.00,14558.00,Cash,orphan_foreign_key
ORD00153810,CUST0003557,LOC0011,2025-10-29 22:13:42,Website,Completed,,1840.00,2315.25,294.40,2134.40,Online,discount_exceeds_subtotal
ORD00153897,,LOC0022,2025-10-30 12:55:12,Dine-in,Completed,,7370.00,0.00,1105.50,8475.50,Cash,missing_value
ORD00153993,CUST0026242,LOC0012,,Takeaway,Completed,,4870.00,0.00,730.50,5600.50,Cash,invalid_date
ORD00154132,CUST0002645,LOC8474,2025-10-30 21:27:01,App,Completed,,2425.00,0.00,388.00,2813.00,Card,invalid_restaurant_id
ORD00154241,CUST0008769,LOC0018,2025-10-31 12:20:45,App,Completed,,13960.00,34153.41,2233.60,16193.60,Card,discount_exceeds_subtotal
ORD00154287,CUST0031654,LOC2040,2025-10-31 13:14:13,Website,Completed,,2905.00,0.00,435.75,3340.75,Online,invalid_restaurant_id
ORD00154390,CUST0001677,LOC0010,2025-10-31 16:34:06,Dine-in,Completed,,5725.00,10878.10,916.00,6641.00,Cash,discount_exceeds_subtotal
ORD00154437,CUST0043445,LOC0003,2025-10-31 18:49:08,App,Completed,,10940.00,26032.61,1641.00,12581.00,Online,discount_exceeds_subtotal
ORD00154450,,LOC0013,2025-10-31 19:10:39,Website,Completed,,710.00,0.00,106.50,816.50,Card,missing_value
ORD00154505,CUST0036377,LOC0005,2025-10-31 20:12:29,Dine-in,Completed,,8560.00,0.00,1284.00,9844.00,Cash,orphan_foreign_key
ORD00154595,,LOC0011,2025-10-31 21:38:41,App,Completed,,5530.00,0.00,884.80,6414.80,Online,missing_value
ORD00154767,,LOC0009,2025-11-01 12:34:39,Dine-in,Completed,PROMO017,5940.00,384.00,888.96,6444.96,Cash,missing_value
ORD00154904,CUST0032073,LOC0010,2025-11-01 14:31:36,App,Completed,,9910.00,0.00,1585.60,11495.60,Online,orphan_foreign_key
ORD00154908,,LOC0020,2025-11-01 14:36:48,Dine-in,Completed,,7290.00,0.00,1093.50,8383.50,Card,missing_value
ORD00155025,,LOC0003,2025-11-01 18:31:43,Takeaway,Completed,,1295.00,0.00,194.25,1489.25,Cash,missing_value
ORD00155067,CUST0052071,LOC0018,2025-11-01 19:15:41,Dine-in,Completed,,2900.00,0.00,464.00,3364.00,Cash,orphan_foreign_key
ORD00155301,CUST0004123,LOC0021,2025-11-01 22:23:28,Takeaway,Completed,,8280.00,17614.38,1242.00,9522.00,Cash,discount_exceeds_subtotal
ORD00155456,CUST0024895,LOC0019,2025-11-02 12:34:49,Takeaway,Completed,,5440.00,0.00,870.40,6310.40,Card,orphan_foreign_key
ORD00155552,,LOC0015,2025-11-02 13:55:31,Dine-in,Completed,,1520.00,0.00,243.20,1763.20,Card,missing_value
ORD00155584,,LOC0013,2025-11-02 14:32:48,Dine-in,Completed,,1810.00,0.00,271.50,2081.50,Cash,missing_value
ORD00155703,CUST0004063,LOC0012,2099-12-31 12:13:00,App,Completed,,9560.00,0.00,1434.00,10994.00,Wallet,invalid_date
ORD00155767,CUST0004647,LOC0018,2025-11-02 19:53:28,Dine-in,Completed,,18000.00,0.00,2880.00,20880.00,Card,orphan_foreign_key
ORD00155796,CUST0008813,LOC0021,2099-12-31 22:10:00,Website,Completed,,5900.00,0.00,885.00,6785.00,Online,invalid_date
ORD00155833,,LOC0022,2025-11-02 20:45:04,App,Completed,,4310.00,0.00,646.50,4956.50,Card,missing_value
ORD00155919,,LOC0016,2025-11-02 21:53:04,Takeaway,Completed,,2960.00,0.00,473.60,3433.60,Wallet,missing_value
ORD00155951,CUST7906424,LOC0016,2025-11-02 22:23:53,Takeaway,Completed,,4715.00,0.00,754.40,5469.40,Cash,orphan_foreign_key
ORD00155986,CUST0010572,LOC4426,2025-11-02 23:00:23,App,Completed,,4150.00,0.00,664.00,4814.00,Online,invalid_restaurant_id
ORD00156308,CUST0022162,LOC0010,,ThirdPartyDelivery,Completed,,6590.00,0.00,1054.40,7644.40,Online,invalid_date
ORD00156328,CUST0008352,LOC3248,2025-11-03 20:35:49,Takeaway,Completed,,3500.00,0.00,525.00,4025.00,Cash,invalid_restaurant_id
ORD00156363,CUST0019733,LOC0003,2025-11-03 21:23:16,App,Completed,PROMO017,11875.00,1528.50,1551.98,11898.48,Wallet,orphan_foreign_key
ORD00156389,CUST0052130,LOC0017,2025-11-03 22:03:35,ThirdPartyDelivery,Completed,,1890.00,0.00,302.40,2192.40,Cash,orphan_foreign_key
ORD00156407,CUST0039756,LOC0015,2025-11-03 22:43:24,App,Completed,,760.00,1248.64,121.60,881.60,Wallet,discount_exceeds_subtotal
ORD00156469,,LOC0004,2025-11-04 12:00:50,ThirdPartyDelivery,Completed,,4010.00,0.00,601.50,4611.50,Cash,missing_value
ORD00156654,CUST0020334,LOC0023,2025-11-04 18:23:09,ThirdPartyDelivery,Completed,,7290.00,0.00,1093.50,8383.50,Online,orphan_foreign_key
ORD00156682,,LOC0012,2025-11-04 19:23:16,App,Completed,,4410.00,0.00,661.50,5071.50,Online,missing_value
ORD00156691,,LOC0005,2025-11-04 19:31:28,Dine-in,Completed,,5990.00,0.00,898.50,6888.50,Cash,missing_value
ORD00156909,CUST0017153,LOC0024,,Website,Completed,PROMO017,7125.00,1477.50,903.60,6551.10,Online,invalid_date
ORD00157214,,LOC0023,2025-11-05 20:36:42,ThirdPartyDelivery,Completed,PROMO017,8515.00,2146.50,955.28,7323.78,Online,missing_value
ORD00157294,CUST0050837,LOC0008,1970-01-01 20:02:00,ThirdPartyDelivery,Completed,,5035.00,0.00,805.60,5840.60,Cash,invalid_date
ORD00157339,,LOC0004,2025-11-06 10:00:17,Dine-in,Completed,,7600.00,0.00,1140.00,8740.00,Card,missing_value
ORD00157377,CUST0049357,LOC0011,2025-11-06 12:14:10,Dine-in,Completed,PROMO017,15000.00,975.00,2244.00,16269.00,Card,orphan_foreign_key
ORD00157445,CUST0031486,LOC0019,2025-11-06 13:31:42,ThirdPartyDelivery,Completed,,12190.00,0.00,1950.40,14140.40,Online,orphan_foreign_key
ORD00157605,CUST0001753,LOC0018,2025-11-06 19:08:05,Takeaway,Completed,,5030.00,0.00,804.80,5834.80,Cash,orphan_foreign_key
ORD00158151,,LOC0019,2025-11-07 17:30:36,Dine-in,Completed,PROMO017,11320.00,552.00,1722.88,12490.88,Wallet,missing_value
ORD00158211,,LOC0008,2025-11-07 19:08:58,App,Completed,PROMO017,4670.00,1029.00,582.56,4223.56,Card,missing_value
ORD00158273,CUST0029763,LOC1241,2025-11-07 20:04:58,App,Completed,,3160.00,0.00,505.60,3665.60,Card,invalid_restaurant_id
ORD00158305,CUST0046005,LOC0005,,App,Cancelled,,7525.00,0.00,1128.75,8653.75,Online,invalid_date
ORD00158438,,LOC0001,2025-11-07 22:09:07,Dine-in,Completed,,9890.00,0.00,1483.50,11373.50,Cash,missing_value
ORD00158720,CUST0018782,LOC0015,2025-11-08 13:39:33,App,Completed,,11150.00,0.00,1784.00,12934.00,Card,orphan_foreign_key
ORD00159053,CUST0028526,LOC0016,2025-11-08 20:32:42,App,Completed,,4155.00,0.00,664.80,4819.80,Online,orphan_foreign_key
ORD00159081,CUST0017772,LOC0009,,App,Completed,,2180.00,0.00,348.80,2528.80,Online,invalid_date
ORD00159236,CUST1103848,LOC0023,2025-11-08 22:33:03,Dine-in,Completed,,6600.00,0.00,990.00,7590.00,Wallet,orphan_foreign_key
ORD00159361,,LOC0008,2025-11-09 12:22:32,Dine-in,Completed,PROMO017,8015.00,1216.50,1087.76,7886.26,Card,missing_value
ORD00159493,,LOC0004,2025-11-09 14:17:15,Website,Completed,,10160.00,0.00,1524.00,11684.00,Wallet,missing_value
ORD00159506,CUST0054541,LOC9545,2025-11-09 14:34:08,App,Completed,,10810.00,0.00,1729.60,12539.60,Online,invalid_restaurant_id
ORD00159587,CUST0017464,LOC0004,2025-11-09 17:32:01,App,Completed,,8535.00,19556.48,1280.25,9815.25,Cash,discount_exceeds_subtotal
ORD00159783,CUST0031995,LOC0014,,Dine-in,Completed,PROMO017,8050.00,2169.00,882.15,6763.15,Cash,invalid_date
ORD00159990,CUST0015387,LOC0021,2025-11-09 23:32:33,Dine-in,Completed,,2060.00,4984.54,309.00,2369.00,Card,discount_exceeds_subtotal
ORD00160090,,LOC0015,2025-11-10 13:33:30,App,Completed,,2690.00,0.00,430.40,3120.40,Wallet,missing_value
ORD00160161,,LOC0013,2025-11-10 16:16:32,App,Completed,,1820.00,0.00,273.00,2093.00,Online,missing_value
ORD00160198,CUST0045446,LOC4516,2025-11-10 18:21:41,ThirdPartyDelivery,Cancelled,,5490.00,0.00,878.40,6368.40,Online,invalid_restaurant_id
ORD00160253,CUST0025168,LOC0023,2099-12-31 21:37:00,Dine-in,Completed,,7435.00,0.00,1115.25,8550.25,Wallet,invalid_date
ORD00160269,,LOC0002,2025-11-10 20:04:23,Dine-in,Completed,,6655.00,0.00,998.25,7653.25,Wallet,missing_value
ORD00160598,CUST0008621,LOC5876,2025-11-11 15:15:09,ThirdPartyDelivery,Completed,,3940.00,0.00,591.00,4531.00,Online,invalid_restaurant_id
ORD00160626,CUST0041740,LOC0014,2025-11-11 17:08:05,Dine-in,Completed,PROMO017,18760.00,1392.00,2605.20,19973.20,Card,orphan_foreign_key
ORD00160661,,LOC0001,2025-11-11 18:45:12,Dine-in,Completed,PROMO017,11985.00,472.50,1726.88,13239.38,Cash,missing_value
ORD00160725,CUST1942584,LOC0002,2025-11-11 20:08:19,ThirdPartyDelivery,Cancelled,,6180.00,0.00,927.00,7107.00,Cash,orphan_foreign_key
ORD00160777,CUST0042637,LOC0020,2025-11-11 21:05:49,Dine-in,Completed,,2250.00,0.00,337.50,2587.50,Cash,orphan_foreign_key
ORD00160970,CUST0013375,LOC0012,2025-11-12 13:09:15,App,Completed,,4555.00,0.00,683.25,5238.25,Card,orphan_foreign_key
ORD00161155,CUST0003626,LOC0023,2025-11-12 19:05:50,Takeaway,Completed,PROMO017,8835.00,18133.74,1301.18,9975.68,Cash,discount_exceeds_subtotal
ORD00161492,CUST0003561,LOC0001,2025-11-13 13:05:21,App,Completed,,15910.00,38991.06,2386.50,18296.50,Cash,discount_exceeds_subtotal
ORD00161647,,LOC0003,2025-11-13 18:35:26,Dine-in,Completed,PROMO017,5460.00,1071.00,658.35,5047.35,Cash,missing_value
ORD00161681,CUST0025363,LOC0012,2025-11-13 19:25:35,ThirdPartyDelivery,Completed,PROMO017,3500.00,681.00,422.85,3241.85,Online,orphan_foreign_key
ORD00161821,CUST0011464,LOC0018,2025-11-13 21:47:04,Dine-in,Completed,,5240.00,0.00,838.40,6078.40,Cash,orphan_foreign_key
ORD00161842,,LOC0016,2025-11-13 22:04:44,App,Completed,,6570.00,0.00,1051.20,7621.20,Card,missing_value
ORD00162601,CUST0011824,LOC0017,2025-11-15 12:04:53,Website,Completed,,7215.00,10974.90,1154.40,8369.40,Online,discount_exceeds_subtotal
ORD00162708,,LOC0024,2025-11-15 13:17:32,Dine-in,Completed,PROMO017,7375.00,1540.50,933.52,6768.02,Card,missing_value
ORD00162969,CUST0034909,LOC0005,2025-11-15 19:28:01,Dine-in,Completed,PROMO017,16795.00,3574.50,1983.07,15203.57,Card,orphan_foreign_key
ORD00163038,CUST4484622,LOC0016,2025-11-15 20:22:19,App,Completed,,8030.00,0.00,1284.80,9314.80,Card,orphan_foreign_key
ORD00163122,,LOC0013,2025-11-15 21:19:54,App,Completed,,965.00,0.00,144.75,1109.75,Online,missing_value
ORD00163166,CUST0028272,LOC0017,2025-11-15 21:48:31,App,Completed,PROMO017,7170.00,513.00,1065.12,7722.12,Online,orphan_foreign_key
ORD00163168,CUST0005126,LOC0001,2025-11-15 21:50:18,ThirdPartyDelivery,Completed,PROMO017,6375.00,1060.50,797.18,6111.68,Online,orphan_foreign_key
ORD00163274,,LOC0015,2025-11-16 00:22:26,Dine-in,Completed,,4990.00,0.00,798.40,5788.40,Cash,missing_value
ORD00163354,CUST0024268,LOC0021,2099-12-31 22:59:00,ThirdPartyDelivery,Completed,PROMO017,7000.00,552.00,967.20,7415.20,Online,invalid_date
ORD00163416,CUST9410101,LOC0016,2025-11-16 13:31:27,App,Completed,,7525.00,0.00,1204.00,8729.00,Cash,orphan_foreign_key
ORD00163475,CUST0017245,LOC0004,2025-11-16 14:24:38,App,Completed,,3910.00,8784.36,586.50,4496.50,Online,discount_exceeds_subtotal
ORD00163694,,LOC0004,2025-11-16 19:57:36,App,Completed,,1850.00,0.00,277.50,2127.50,Online,missing_value
ORD00163719,CUST0034281,LOC0005,,App,Completed,,3290.00,0.00,493.50,3783.50,Online,invalid_date
ORD00163778,CUST0028456,LOC0018,1970-01-01 14:19:00,ThirdPartyDelivery,Completed,,7580.00,0.00,1212.80,8792.80,Cash,invalid_date
ORD00163919,,LOC0020,2025-11-16 22:49:56,Dine-in,Completed,,13390.00,0.00,2008.50,15398.50,Cash,missing_value
ORD00163954,,LOC0005,2025-11-16 23:50:26,Takeaway,Completed,,4230.00,0.00,634.50,4864.50,Card,missing_value
ORD00163985,CUST0015496,LOC0001,2025-11-17 11:44:15,Takeaway,Completed,,8830.00,0.00,1324.50,10154.50,Card,orphan_foreign_key
ORD00164004,,LOC0020,2025-11-17 12:24:12,Dine-in,Completed,,9970.00,0.00,1495.50,11465.50,Cash,missing_value
ORD00164388,CUST0008613,LOC0004,2025-11-17 22:27:05,Takeaway,Completed,,3740.00,9312.44,561.00,4301.00,Cash,discount_exceeds_subtotal
ORD00164433,CUST0050711,LOC0015,2025-11-17 23:26:08,Takeaway,Completed,PROMO017,7320.00,1185.00,981.60,7116.60,Card,orphan_foreign_key
ORD00164655,CUST0028901,LOC0019,2025-11-18 16:06:34,Takeaway,Completed,,3855.00,5025.91,616.80,4471.80,Card,discount_exceeds_subtotal
ORD00164900,CUST8700308,LOC0004,2025-11-18 22:56:02,App,Completed,,4795.00,0.00,719.25,5514.25,Online,orphan_foreign_key
ORD00164968,CUST0022419,LOC0007,2025-11-19 12:14:58,Takeaway,Completed,,4960.00,0.00,793.60,5753.60,Cash,orphan_foreign_key
ORD00165074,CUST0045758,LOC0003,2025-11-19 13:52:21,Takeaway,Completed,,2240.00,0.00,336.00,2576.00,Cash,orphan_foreign_key
ORD00165079,CUST0033324,LOC0025,2025-11-19 13:56:38,Dine-in,Completed,,12100.00,0.00,1815.00,13915.00,Cash,orphan_foreign_key
ORD00165192,CUST0041396,LOC0014,2025-11-19 19:20:21,Dine-in,Completed,,6275.00,0.00,941.25,7216.25,Cash,orphan_foreign_key
ORD00165254,CUST6197777,LOC0015,2025-11-19 20:29:54,ThirdPartyDelivery,Completed,,6640.00,0.00,1062.40,7702.40,Online,orphan_foreign_key
ORD00165383,,LOC0020,2025-11-19 23:03:53,Dine-in,Completed,,6930.00,0.00,1039.50,7969.50,Wallet,missing_value
ORD00165497,CUST3384849,LOC0006,2025-11-20 13:01:14,Takeaway,Completed,,8100.00,0.00,1215.00,9315.00,Wallet,orphan_foreign_key
ORD00165563,,LOC0016,2025-11-20 14:38:15,Dine-in,Completed,PROMO017,6440.00,759.00,908.96,6589.96,Wallet,missing_value
ORD00165573,,LOC0023,2025-11-20 14:54:34,App,Completed,,4890.00,0.00,733.50,5623.50,Card,missing_value
ORD00165617,CUST0029848,LOC3461,2025-11-20 17:09:47,Dine-in,Completed,PROMO017,14070.00,3618.00,1672.32,12124.32,Card,invalid_restaurant_id
ORD00165834,CUST0041583,LOC5625,2025-11-20 21:37:25,Dine-in,Completed,,11760.00,0.00,1764.00,13524.00,Cash,invalid_restaurant_id
ORD00165864,CUST0031486,LOC0019,2025-11-20 22:09:08,ThirdPartyDelivery,Completed,,7525.00,0.00,1204.00,8729.00,Online,orphan_foreign_key
ORD00166267,CUST0006678,LOC0012,2025-11-21 19:15:20,ThirdPartyDelivery,Completed,,5955.00,0.00,893.25,6848.25,Cash,orphan_foreign_key
ORD00166459,,LOC0005,2025-11-21 22:25:09,Website,Completed,,3030.00,0.00,454.50,3484.50,Wallet,missing_value
ORD00166495,CUST6219435,LOC0001,2025-11-21 23:25:06,Dine-in,Completed,,7420.00,0.00,1113.00,8533.00,Card,orphan_foreign_key
ORD00166501,CUST0010469,LOC0014,2025-11-21 23:51:14,Dine-in,Completed,,14840.00,25285.07,2226.00,17066.00,Card,discount_exceeds_subtotal
ORD00166570,CUST0040233,LOC0015,2025-11-22 12:13:44,ThirdPartyDelivery,Completed,,13715.00,0.00,2194.40,15909.40,Online,orphan_foreign_key
ORD00166612,,LOC0013,2025-11-22 12:48:30,Dine-in,Completed,,10230.00,0.00,1534.50,11764.50,Wallet,missing_value
ORD00166709,,LOC0017,2025-11-22 14:13:58,Dine-in,Completed,,2045.00,0.00,327.20,2372.20,Cash,missing_value
ORD00166920,CUST0040233,LOC0015,2025-11-22 20:26:20,ThirdPartyDelivery,Completed,,3220.00,0.00,515.20,3735.20,Cash,orphan_foreign_key
ORD00167041,,LOC0008,2025-11-22 22:14:39,App,Completed,,10535.00,0.00,1685.60,12220.60,Cash,missing_value
ORD00167134,CUST0027760,LOC0014,2025-11-23 10:15:29,Dine-in,Completed,,13190.00,32109.41,1978.50,15168.50,Wallet,discount_exceeds_subtotal
ORD00167260,,LOC0004,2025-11-23 13:18:46,Dine-in,Completed,,9360.00,0.00,1404.00,10764.00,Wallet,missing_value
ORD00167440,,LOC0002,2025-11-23 19:08:37,ThirdPartyDelivery,Completed,,8830.00,0.00,1324.50,10154.50,Cash,missing_value
ORD00167738,CUST7317000,LOC0004,2025-11-24 12:28:05,Dine-in,Completed,,4525.00,0.00,678.75,5203.75,Card,orphan_foreign_key
ORD00167825,CUST0011086,LOC7053,2025-11-24 14:40:11,Dine-in,Completed,,3875.00,0.00,581.25,4456.25,Card,invalid_restaurant_id
ORD00167855,,LOC0013,2025-11-24 16:33:32,ThirdPartyDelivery,Completed,,3590.00,0.00,538.50,4128.50,Online,missing_value
ORD00167902,CUST6448670,LOC0007,2025-11-24 18:32:03,App,Completed,,4130.00,0.00,660.80,4790.80,Card,orphan_foreign_key
ORD00167919,CUST0671311,LOC0015,2025-11-24 19:01:27,App,Completed,,9630.00,0.00,1540.80,11170.80,Card,orphan_foreign_key
ORD00168524,CUST0041597,LOC0003,2025-11-26 12:53:42,Dine-in,Completed,,4640.00,0.00,696.00,5336.00,Cash,orphan_foreign_key
ORD00168526,,LOC0001,2025-11-26 12:55:18,ThirdPartyDelivery,Completed,,6680.00,0.00,1002.00,7682.00,Cash,missing_value
ORD00168550,CUST0029591,LOC0020,2025-11-26 13:27:59,Website,Completed,,10350.00,0.00,1552.50,11902.50,Online,orphan_foreign_key
ORD00168795,CUST0045039,LOC0015,2025-11-26 21:39:00,App,Completed,,6860.00,0.00,1097.60,7957.60,Online,orphan_foreign_key
ORD00168900,CUST0051410,LOC0015,1970-01-01 21:50:00,Dine-in,Completed,,13890.00,0.00,2222.40,16112.40,Card,invalid_date
ORD00169041,CUST4124005,LOC0009,2025-11-27 13:49:05,Dine-in,Completed,PROMO018,5770.00,1731.00,646.24,4685.24,Card,orphan_foreign_key
ORD00169067,CUST0018838,LOC0025,2025-11-27 14:08:09,Takeaway,Completed,,5680.00,8747.08,852.00,6532.00,Wallet,discount_exceeds_subtotal
ORD00169313,CUST0000079,LOC0007,,Dine-in,Completed,PROMO018,7470.00,2241.00,836.64,6065.64,Cash,invalid_date
ORD00169370,CUST0017763,LOC0009,2025-11-27 21:04:09,Takeaway,Cancelled,PROMO018,9190.00,2757.00,1029.28,7462.28,Card,orphan_foreign_key
ORD00169390,CUST0029134,LOC0020,2025-11-27 21:17:19,Takeaway,Completed,,6240.00,7047.98,936.00,7176.00,Wallet,discount_exceeds_subtotal
ORD00169457,CUST9438071,LOC0008,2025-11-27 21:56:59,ThirdPartyDelivery,Completed,,5505.00,0.00,880.80,6385.80,Cash,orphan_foreign_key
ORD00169463,CUST3448366,LOC0016,2025-11-27 22:02:02,Website,Completed,,6150.00,0.00,984.00,7134.00,Card,orphan_foreign_key
ORD00169506,,LOC0013,2025-11-27 22:57:47,Takeaway,Completed,PROMO018,6930.00,2079.00,727.65,5578.65,Card,missing_value
ORD00169618,CUST0047473,LOC0023,,Dine-in,Completed,,14740.00,0.00,2211.00,16951.00,Cash,invalid_date
ORD00169630,CUST0018409,LOC0004,2025-11-28 12:19:42,Website,Completed,PROMO018,6085.00,1825.50,638.92,4898.42,Card,orphan_foreign_key
ORD00169640,CUST0017683,LOC0012,2025-11-28 12:24:17,App,Completed,,7950.00,0.00,1192.50,9142.50,Online,orphan_foreign_key
ORD00169773,,LOC0023,2025-11-28 13:33:14,Takeaway,Completed,,3190.00,0.00,478.50,3668.50,Cash,missing_value
ORD00169839,CUST0026451,LOC0008,2099-12-31 10:47:00,Dine-in,Completed,PROMO018,7645.00,2293.50,856.24,6207.74,Card,invalid_date
ORD00169863,CUST0004617,LOC0013,2025-11-28 14:32:53,App,Completed,,4620.00,6510.37,693.00,5313.00,Cash,discount_exceeds_subtotal
ORD00169936,,LOC0001,2025-11-28 16:39:22,ThirdPartyDelivery,Completed,PROMO018,5640.00,1692.00,592.20,4540.20,Online,missing_value
ORD00169955,CUST0014849,LOC5406,2025-11-28 17:24:09,App,Completed,,3320.00,0.00,498.00,3818.00,Online,invalid_restaurant_id
ORD00170243,CUST0003293,LOC0013,2025-11-28 20:57:16,Dine-in,Completed,,10000.00,0.00,1500.00,11500.00,Card,orphan_foreign_key
ORD00170422,CUST6873079,LOC0008,2025-11-28 22:34:04,Takeaway,Completed,,3280.00,0.00,524.80,3804.80,Wallet,orphan_foreign_key
ORD00170430,CUST0046454,LOC0012,2025-11-28 22:41:34,Website,Completed,,12860.00,0.00,1929.00,14789.00,Online,orphan_foreign_key
ORD00170437,CUST0023787,LOC0010,2025-11-28 22:53:27,App,Completed,,6870.00,11457.10,1099.20,7969.20,Card,discount_exceeds_subtotal
ORD00170456,CUST0006571,LOC0025,2025-11-28 23:12:40,Takeaway,Completed,PROMO018,9735.00,2920.50,1022.18,7836.68,Wallet,orphan_foreign_key
ORD00170552,CUST0016579,LOC0021,2025-11-29 11:53:12,App,Completed,PROMO018,7310.00,2193.00,767.55,5884.55,Online,orphan_foreign_key
ORD00170553,,LOC0010,2025-11-29 11:55:34,Dine-in,Completed,PROMO018,5950.00,1785.00,666.40,4831.40,Cash,missing_value
ORD00170569,CUST0011126,LOC3499,2025-11-29 12:14:36,App,Completed,,5000.00,0.00,800.00,5800.00,Wallet,invalid_restaurant_id
ORD00170710,CUST0018979,LOC6976,2025-11-29 13:39:55,Website,Completed,,3790.00,0.00,606.40,4396.40,Wallet,invalid_restaurant_id
ORD00170715,,LOC0012,2025-11-29 13:46:00,Dine-in,Completed,,3890.00,0.00,583.50,4473.50,Card,missing_value
ORD00170738,CUST0044642,LOC0013,,App,Completed,,3300.00,0.00,495.00,3795.00,Wallet,invalid_date
ORD00170847,CUST0010380,LOC0003,2025-11-29 15:42:53,ThirdPartyDelivery,Completed,,9280.00,22350.33,1392.00,10672.00,Cash,discount_exceeds_subtotal
ORD00170917,CUST0036039,LOC0004,,Takeaway,Completed,PROMO018,12730.00,3819.00,1336.65,10247.65,Cash,invalid_date
ORD00170995,,LOC0013,2025-11-29 19:02:28,App,Completed,,6600.00,0.00,990.00,7590.00,Online,missing_value
ORD00171688,CUST0010766,LOC0002,2025-11-30 13:18:51,App,Completed,PROMO018,2755.00,826.50,289.27,2217.77,Online,orphan_foreign_key
ORD00171732,CUST8277799,LOC0005,2025-11-30 13:50:01,Takeaway,Completed,,4770.00,0.00,715.50,5485.50,Card,orphan_foreign_key
ORD00171747,CUST0032027,LOC0005,2025-11-30 13:59:25,Dine-in,Completed,PROMO018,7100.00,12251.20,745.50,5715.50,Cash,discount_exceeds_subtotal
ORD00171777,CUST0008412,LOC0018,2025-11-30 14:30:29,Dine-in,Completed,,4610.00,0.00,737.60,5347.60,Wallet,orphan_foreign_key
ORD00172217,CUST0008865,LOC0021,2025-11-30 21:36:10,Dine-in,Completed,PROMO018,10910.00,3273.00,1145.55,8782.55,Card,orphan_foreign_key
ORD00172224,,LOC0002,2025-11-30 21:38:00,Dine-in,Completed,PROMO018,28530.00,8559.00,2995.65,22966.65,Cash,missing_value
ORD00172486,CUST0012690,LOC0004,,Dine-in,Completed,,7685.00,0.00,1152.75,8837.75,Cash,invalid_date
ORD00172615,CUST8172127,LOC0017,2025-12-01 18:07:03,Dine-in,Completed,PROMO019,4090.00,129.00,633.76,4594.76,Wallet,orphan_foreign_key
ORD00172815,CUST0041702,LOC0008,2025-12-01 21:50:56,Takeaway,Completed,PROMO019,1260.00,1772.04,197.28,1430.28,Wallet,discount_exceeds_subtotal
ORD00172821,CUST8556482,LOC0008,2025-12-01 21:58:08,Dine-in,Completed,,23910.00,0.00,3825.60,27735.60,Cash,orphan_foreign_key
ORD00172855,CUST0009014,LOC0017,,ThirdPartyDelivery,Completed,,10090.00,0.00,1614.40,11704.40,Cash,invalid_date
ORD00172860,CUST3334758,LOC0011,2025-12-01 22:55:47,ThirdPartyDelivery,Completed,,8285.00,0.00,1325.60,9610.60,Online,orphan_foreign_key
ORD00173004,CUST0002407,LOC0010,2025-12-02 13:24:37,ThirdPartyDelivery,Completed,,2095.00,0.00,335.20,2430.20,Online,orphan_foreign_key
ORD00173107,,LOC0004,2025-12-02 16:10:16,App,Completed,PROMO019,7400.00,237.00,1074.45,8237.45,Online,missing_value
ORD00173110,CUST0053377,LOC0020,2025-12-02 16:15:18,Dine-in,Completed,,8120.00,0.00,1218.00,9338.00,Card,orphan_foreign_key
ORD00173138,CUST0022452,LOC0016,,Dine-in,Completed,PROMO019,13305.00,28.50,2124.24,15400.74,Cash,invalid_date
ORD00173160,,LOC0005,2025-12-02 18:27:30,ThirdPartyDelivery,Completed,,13665.00,0.00,2049.75,15714.75,Online,missing_value
ORD00173165,CUST0015458,LOC0007,2025-12-02 18:43:45,ThirdPartyDelivery,Completed,,4070.00,5603.16,651.20,4721.20,Online,discount_exceeds_subtotal
ORD00173296,CUST0000965,LOC0018,2025-12-02 21:01:52,App,Completed,,3010.00,7467.60,481.60,3491.60,Online,discount_exceeds_subtotal
ORD00173424,,LOC0016,2025-12-02 23:57:44,ThirdPartyDelivery,Completed,,6320.00,0.00,1011.20,7331.20,Online,missing_value
ORD00173522,CUST0036964,LOC0005,2025-12-03 13:06:54,App,Completed,PROMO019,8055.00,123.00,1189.80,9121.80,Card,orphan_foreign_key
ORD00173655,CUST0019895,LOC0020,2025-12-03 15:36:31,App,Completed,PROMO019,5595.00,330.00,789.75,6054.75,Online,orphan_foreign_key
ORD00173739,CUST4783959,LOC0014,2025-12-03 19:31:06,Dine-in,Completed,,6510.00,0.00,976.50,7486.50,Cash,orphan_foreign_key
ORD00173929,,LOC0014,2025-12-03 22:37:53,Dine-in,Completed,,4170.00,0.00,625.50,4795.50,Card,missing_value
ORD00173944,CUST0006083,LOC0015,2025-12-03 23:06:40,App,Completed,,11250.00,27181.33,1800.00,13050.00,Online,discount_exceeds_subtotal
ORD00173983,,LOC0007,2025-12-04 01:43:51,App,Completed,PROMO019,7520.00,121.50,1183.76,8582.26,Wallet,missing_value
ORD00174174,CUST0029350,LOC0023,,Takeaway,Completed,,8580.00,0.00,1287.00,9867.00,Card,invalid_date
ORD00174473,CUST0029008,LOC0025,1900-01-01 22:45:00,Takeaway,Completed,,7460.00,0.00,1119.00,8579.00,Cash,invalid_date
ORD00174577,,LOC0018,2025-12-05 12:01:21,Takeaway,Completed,,6850.00,0.00,1096.00,7946.00,Card,missing_value
ORD00174710,CUST5148660,LOC0012,2025-12-05 13:37:26,ThirdPartyDelivery,Completed,,8265.00,0.00,1239.75,9504.75,Cash,orphan_foreign_key
ORD00174729,CUST0027655,LOC0016,,Dine-in,Completed,,6490.00,0.00,1038.40,7528.40,Card,invalid_date
ORD00174735,CUST0040233,LOC0015,2025-12-05 13:54:19,ThirdPartyDelivery,Completed,,8620.00,0.00,1379.20,9999.20,Online,orphan_foreign_key
ORD00174880,CUST4501571,LOC0003,2025-12-05 17:41:47,Takeaway,Completed,,4520.00,0.00,678.00,5198.00,Cash,orphan_foreign_key
ORD00174900,CUST0047844,LOC0009,2025-12-05 18:22:49,Takeaway,Completed,,2985.00,6663.23,477.60,3462.60,Wallet,discount_exceeds_subtotal
ORD00174953,,LOC0016,2025-12-05 19:27:08,Dine-in,Completed,,11610.00,0.00,1857.60,13467.60,Card,missing_value
ORD00174974,,LOC0005,2025-12-05 19:44:36,Dine-in,Completed,,9490.00,0.00,1423.50,10913.50,Card,missing_value
ORD00175286,CUST0031153,LOC0020,1900-01-01 14:07:00,Dine-in,Completed,,9045.00,0.00,1356.75,10401.75,Card,invalid_date
ORD00175404,CUST0000836,LOC0021,2025-12-06 12:41:53,Website,Completed,,21065.00,34782.12,3159.75,24224.75,Online,discount_exceeds_subtotal
ORD00175528,CUST0006943,LOC0001,2025-12-06 14:00:44,Dine-in,Completed,,12330.00,27420.75,1849.50,14179.50,Cash,discount_exceeds_subtotal
ORD00175610,,LOC0016,2025-12-06 16:20:51,Dine-in,Completed,,15440.00,0.00,2470.40,17910.40,Cash,missing_value
ORD00175758,CUST0004444,LOC0009,2025-12-06 19:48:36,App,Completed,,3970.00,0.00,635.20,4605.20,Online,orphan_foreign_key
ORD00175938,CUST0024162,LOC0017,2025-12-06 21:43:13,ThirdPartyDelivery,Completed,,11935.00,0.00,1909.60,13844.60,Online,orphan_foreign_key
ORD00176024,CUST0040195,LOC3472,2025-12-06 22:50:03,Dine-in,Completed,,13730.00,0.00,2196.80,15926.80,Cash,invalid_restaurant_id
ORD00176102,CUST0050976,LOC0025,2099-12-31 20:29:00,Dine-in,Completed,,7110.00,0.00,1066.50,8176.50,Cash,invalid_date
ORD00176233,CUST0011232,LOC0004,2025-12-07 13:05:48,ThirdPartyDelivery,Completed,,5250.00,0.00,787.50,6037.50,Cash,orphan_foreign_key
ORD00176281,CUST0047142,LOC0019,2025-12-07 13:43:33,ThirdPartyDelivery,Cancelled,,2410.00,3184.44,385.60,2795.60,Cash,discount_exceeds_subtotal
ORD00176454,,LOC0023,2025-12-07 18:17:10,Dine-in,Completed,,15460.00,0.00,2319.00,17779.00,Cash,missing_value
ORD00176496,,LOC0015,2025-12-07 19:09:53,Dine-in,Completed,PROMO019,8660.00,108.00,1368.32,9920.32,Cash,missing_value
ORD00176653,CUST0021464,LOC0011,,Takeaway,Completed,,8885.00,0.00,1421.60,10306.60,Cash,invalid_date
ORD00176743,CUST2014204,LOC0014,2025-12-07 22:01:23,Dine-in,Completed,,15930.00,0.00,2389.50,18319.50,Cash,orphan_foreign_key
ORD00176778,,LOC0003,2025-12-07 22:32:12,Dine-in,Completed,,6040.00,0.00,906.00,6946.00,Cash,missing_value
ORD00176837,,LOC0022,2025-12-08 00:11:56,Website,Completed,,8840.00,0.00,1326.00,10166.00,Online,missing_value
ORD00176970,,LOC0020,2025-12-08 13:42:59,App,Completed,,18620.00,0.00,2793.00,21413.00,Online,missing_value
ORD00176998,CUST0023337,LOC0015,2099-12-31 20:18:00,App,Cancelled,,7155.00,0.00,1144.80,8299.80,Wallet,invalid_date
ORD00176999,CUST0027564,LOC0015,2025-12-08 14:12:08,Takeaway,Completed,,1980.00,2831.08,316.80,2296.80,Cash,discount_exceeds_subtotal
ORD00177076,CUST1473167,LOC0016,2025-12-08 17:41:40,ThirdPartyDelivery,Completed,,1790.00,0.00,286.40,2076.40,Online,orphan_foreign_key
ORD00177078,CUST0034890,LOC0001,2025-12-08 17:43:04,App,Completed,PROMO019,4830.00,184.50,696.82,5342.32,Online,orphan_foreign_key
ORD00177111,CUST6319677,LOC0023,2025-12-08 19:09:19,Dine-in,Completed,,7510.00,0.00,1126.50,8636.50,Cash,orphan_foreign_key
ORD00177153,,LOC0010,2025-12-08 19:56:55,Dine-in,Completed,,15445.00,0.00,2471.20,17916.20,Card,missing_value
ORD00177333,CUST0024185,LOC0017,2025-12-08 23:24:36,App,Completed,,3930.00,6308.83,628.80,4558.80,Card,discount_exceeds_subtotal
ORD00177460,,LOC0021,2025-12-09 13:12:23,Takeaway,Completed,,4950.00,0.00,742.50,5692.50,Cash,missing_value
ORD00177468,,LOC0004,2025-12-09 13:20:33,Dine-in,Completed,,10665.00,0.00,1599.75,12264.75,Cash,missing_value
ORD00177594,CUST0054598,LOC0017,2031-07-22 22:43:00,Dine-in,Completed,PROMO019,6185.00,24.00,985.76,7146.76,Card,invalid_date
ORD00177605,CUST0042069,LOC3067,2025-12-09 17:05:04,App,Completed,,6770.00,0.00,1083.20,7853.20,Wallet,invalid_restaurant_id
ORD00177798,CUST0011464,LOC0008,2025-12-09 21:21:49,App,Completed,,9375.00,0.00,1500.00,10875.00,Card,orphan_foreign_key
ORD00177851,CUST0051932,LOC1784,2025-12-09 22:03:50,App,Completed,,3555.00,0.00,568.80,4123.80,Card,invalid_restaurant_id
ORD00177889,CUST0007480,LOC0003,2025-12-09 23:22:32,Dine-in,Completed,PROMO019,20610.00,225.00,3057.75,23442.75,Cash,orphan_foreign_key
ORD00177915,,LOC0016,2025-12-10 01:28:30,ThirdPartyDelivery,Completed,,2960.00,0.00,473.60,3433.60,Online,missing_value
ORD00177925,CUST0029351,LOC0009,2025-12-10 10:38:46,App,Completed,,5700.00,0.00,912.00,6612.00,Online,orphan_foreign_key
ORD00177926,CUST0948980,LOC0008,2025-12-10 10:44:36,Dine-in,Completed,,2920.00,0.00,467.20,3387.20,Card,orphan_foreign_key
ORD00178077,,LOC0012,2025-12-10 14:33:41,App,Completed,,3550.00,0.00,532.50,4082.50,Online,missing_value
ORD00178171,,LOC0018,2025-12-10 18:44:26,Dine-in,Completed,,7860.00,0.00,1257.60,9117.60,Cash,missing_value
ORD00178279,CUST0030401,LOC0012,2025-12-10 20:28:42,Dine-in,Completed,,23525.00,37900.96,3528.75,27053.75,Card,discount_exceeds_subtotal
ORD00178331,CUST0025044,LOC0004,2025-12-10 21:15:21,ThirdPartyDelivery,Completed,,2440.00,0.00,366.00,2806.00,Online,orphan_foreign_key
ORD00178348,CUST0017763,LOC0014,2025-12-10 21:30:08,Takeaway,Completed,,3180.00,0.00,477.00,3657.00,Cash,orphan_foreign_key
ORD00178383,CUST0054575,LOC0015,2025-12-10 21:57:59,Takeaway,Completed,,6520.00,0.00,1043.20,7563.20,Cash,orphan_foreign_key
ORD00178390,CUST0022347,LOC0001,2025-12-10 22:07:13,App,Completed,PROMO019,10030.00,48.00,1497.30,11479.30,Online,orphan_foreign_key
ORD00178600,CUST0374722,LOC0008,2025-12-11 13:47:40,Takeaway,Completed,,7270.00,0.00,1163.20,8433.20,Cash,orphan_foreign_key
ORD00178820,,LOC0002,2025-12-11 20:07:53,Dine-in,Completed,PROMO019,6990.00,102.00,1033.20,7921.20,Card,missing_value
ORD00178908,,LOC0002,2025-12-11 21:24:40,App,Completed,,6170.00,0.00,925.50,7095.50,Card,missing_value
ORD00179082,CUST0027202,LOC9590,2025-12-12 12:18:52,App,Completed,,2290.00,0.00,343.50,2633.50,Cash,invalid_restaurant_id
ORD00179095,,LOC0003,2025-12-12 12:29:56,Takeaway,Completed,,7880.00,0.00,1182.00,9062.00,Cash,missing_value
ORD00179136,,LOC0017,2025-12-12 13:01:50,App,Completed,,7840.00,0.00,1254.40,9094.40,Cash,missing_value
ORD00179344,CUST0012472,LOC1254,2025-12-12 18:11:33,Dine-in,Completed,,3010.00,0.00,451.50,3461.50,Card,invalid_restaurant_id
ORD00179353,CUST1323076,LOC0013,2025-12-12 18:19:13,App,Completed,,8360.00,0.00,1254.00,9614.00,Wallet,orphan_foreign_key
ORD00179739,CUST1584158,LOC0009,2025-12-12 23:05:38,Takeaway,Completed,,5950.00,0.00,952.00,6902.00,Cash,orphan_foreign_key
ORD00179789,,LOC0008,2025-12-13 00:36:32,ThirdPartyDelivery,Completed,,955.00,0.00,152.80,1107.80,Cash,missing_value
ORD00179834,CUST0039731,LOC0021,2025-12-13 11:43:41,App,Cancelled,,4630.00,6523.64,694.50,5324.50,Online,discount_exceeds_subtotal
ORD00179896,CUST0043525,LOC0013,2025-12-13 12:47:56,Takeaway,Completed,,3360.00,0.00,504.00,3864.00,Card,orphan_foreign_key
ORD00179906,CUST1779332,LOC0020,2025-12-13 12:55:36,Website,Completed,PROMO019,11380.00,486.00,1634.10,12528.10,Online,orphan_foreign_key
ORD00180087,,LOC0015,2025-12-13 14:48:57,App,Completed,,3775.00,0.00,604.00,4379.00,Online,missing_value
ORD00180124,CUST0014087,LOC0018,2025-12-13 16:11:42,Takeaway,Completed,,4010.00,9323.81,641.60,4651.60,Cash,discount_exceeds_subtotal
ORD00180277,,LOC0004,2025-12-13 19:23:19,Takeaway,Completed,,15495.00,0.00,2324.25,17819.25,Cash,missing_value
ORD00180448,CUST0000223,LOC0013,2025-12-13 21:00:16,App,Cancelled,,4380.00,0.00,657.00,5037.00,Online,orphan_foreign_key
ORD00180548,,LOC0016,2025-12-13 21:55:22,Dine-in,Completed,,7865.00,0.00,1258.40,9123.40,Cash,missing_value
ORD00180794,,LOC0018,2025-12-14 12:37:03,ThirdPartyDelivery,Completed,PROMO019,5895.00,165.00,916.80,6646.80,Online,missing_value
ORD00180809,CUST0052755,LOC0015,2025-12-14 12:54:07,App,Completed,,4075.00,0.00,652.00,4727.00,Cash,orphan_foreign_key
ORD00180861,,LOC0008,2025-12-14 13:30:20,Takeaway,Completed,,2235.00,0.00,357.60,2592.60,Card,missing_value
ORD00180862,CUST1093679,LOC0012,2025-12-14 13:30:33,Takeaway,Completed,,5420.00,0.00,813.00,6233.00,Wallet,orphan_foreign_key
ORD00180875,CUST0000919,LOC0023,2025-12-14 13:36:08,App,Completed,PROMO019,13325.00,18988.77,1972.31,15121.06,Online,discount_exceeds_subtotal
ORD00180895,,LOC0023,2025-12-14 13:43:55,Dine-in,Completed,PROMO019,5060.00,48.00,751.80,5763.80,Cash,missing_value
ORD00181022,CUST0020883,LOC0010,2025-12-14 17:48:44,Dine-in,Completed,,17790.00,0.00,2846.40,20636.40,Wallet,orphan_foreign_key
ORD00181045,CUST0047397,LOC0023,2025-12-14 18:17:09,Takeaway,Completed,,8595.00,16326.14,1289.25,9884.25,Cash,discount_exceeds_subtotal
ORD00181411,CUST0048872,LOC0018,,Takeaway,Completed,,8080.00,0.00,1292.80,9372.80,Wallet,invalid_date
ORD00181459,CUST0019103,LOC0019,,App,Completed,PROMO019,1715.00,180.00,245.60,1780.60,Cash,invalid_date
ORD00181465,CUST0032572,LOC1598,2025-12-15 10:25:47,Dine-in,Completed,,9300.00,0.00,1395.00,10695.00,Card,invalid_restaurant_id
ORD00181697,CUST0020777,LOC3066,2025-12-15 17:32:57,Dine-in,Completed,,8975.00,0.00,1346.25,10321.25,Cash,invalid_restaurant_id
ORD00181915,CUST0033298,LOC0010,2025-12-15 21:41:05,ThirdPartyDelivery,Completed,,12215.00,19272.06,1954.40,14169.40,Cash,discount_exceeds_subtotal
ORD00181946,CUST3617063,LOC0012,2025-12-15 22:06:01,Takeaway,Completed,,4575.00,0.00,686.25,5261.25,Card,orphan_foreign_key
ORD00182000,CUST0029382,LOC0594,2025-12-15 23:30:27,App,Completed,,12870.00,0.00,1930.50,14800.50,Card,invalid_restaurant_id
ORD00182017,,LOC0008,2025-12-16 00:49:58,App,Completed,,6560.00,0.00,1049.60,7609.60,Online,missing_value
ORD00182082,CUST0051148,LOC0023,2025-12-16 12:44:14,ThirdPartyDelivery,Completed,,9550.00,0.00,1432.50,10982.50,Cash,orphan_foreign_key
ORD00182390,CUST8466781,LOC0005,2025-12-16 20:42:43,Takeaway,Completed,,13545.00,0.00,2031.75,15576.75,Card,orphan_foreign_key
ORD00182455,CUST0009159,LOC0011,2025-12-16 21:35:37,Dine-in,Completed,,5390.00,6243.16,862.40,6252.40,Card,discount_exceeds_subtotal
ORD00182477,,LOC0015,2025-12-16 22:02:19,Takeaway,Completed,,5090.00,0.00,814.40,5904.40,Cash,missing_value
ORD00182490,,LOC0011,2025-12-16 22:15:30,Dine-in,Completed,,20820.00,0.00,3331.20,24151.20,Cash,missing_value
ORD00182525,CUST0044651,LOC0023,,ThirdPartyDelivery,Completed,,6040.00,0.00,906.00,6946.00,Cash,invalid_date
ORD00182553,CUST0049427,LOC0020,2025-12-17 01:13:46,Dine-in,Completed,,5170.00,7363.09,775.50,5945.50,Card,discount_exceeds_subtotal
ORD00182617,CUST0013791,LOC0012,2025-12-17 12:31:54,App,Completed,,3900.00,0.00,585.00,4485.00,Card,orphan_foreign_key
ORD00182940,CUST0046454,LOC0012,2025-12-17 20:42:00,ThirdPartyDelivery,Completed,,7345.00,0.00,1101.75,8446.75,Cash,orphan_foreign_key
ORD00182955,,LOC0013,2025-12-17 20:53:54,Dine-in,Completed,,940.00,0.00,141.00,1081.00,Card,missing_value
ORD00183005,CUST0018783,LOC0020,2025-12-17 21:53:21,Takeaway,Completed,,2780.00,5317.97,417.00,3197.00,Card,discount_exceeds_subtotal
ORD00183025,CUST0050304,LOC0011,,ThirdPartyDelivery,Completed,,12970.00,0.00,2075.20,15045.20,Cash,invalid_date
ORD00183089,CUST0035243,LOC0024,,Dine-in,Completed,PROMO019,10190.00,507.00,1549.28,11232.28,Cash,invalid_date
ORD00183098,,LOC0003,2025-12-18 10:25:12,Dine-in,Completed,,4265.00,0.00,639.75,4904.75,Cash,missing_value
ORD00183152,CUST0052901,LOC0023,2025-12-18 12:37:14,Website,Completed,,7400.00,0.00,1110.00,8510.00,Card,orphan_foreign_key
ORD00183154,CUST0040460,LOC0024,2099-12-31 18:05:00,Dine-in,Completed,PROMO019,5460.00,204.00,840.96,6096.96,Cash,invalid_date
ORD00183521,CUST0002162,LOC7632,2025-12-18 20:51:47,Takeaway,Completed,,2410.00,0.00,385.60,2795.60,Wallet,invalid_restaurant_id
ORD00183654,CUST0001700,LOC0003,2025-12-18 22:51:24,App,Completed,PROMO019,2180.00,54.00,318.90,2444.90,Card,orphan_foreign_key
ORD00183789,CUST0007047,LOC9498,2025-12-19 12:42:34,App,Completed,,9210.00,0.00,1381.50,10591.50,Online,invalid_restaurant_id
ORD00183792,CUST0032107,LOC6696,2025-12-19 12:46:41,Dine-in,Completed,,4005.00,0.00,640.80,4645.80,Cash,invalid_restaurant_id
ORD00183869,CUST0018037,LOC0015,2025-12-19 13:32:24,Website,Completed,,4370.00,0.00,699.20,5069.20,Card,orphan_foreign_key
ORD00183884,CUST0012509,LOC0004,2025-12-19 13:42:06,ThirdPartyDelivery,Completed,,9260.00,10261.91,1389.00,10649.00,Cash,discount_exceeds_subtotal
ORD00183956,,LOC0004,2025-12-19 14:50:46,Takeaway,Completed,,6770.00,0.00,1015.50,7785.50,Cash,missing_value
ORD00184090,,LOC0019,2025-12-19 19:06:12,Dine-in,Completed,,25105.00,0.00,4016.80,29121.80,Wallet,missing_value
ORD00184179,CUST0022848,LOC0009,2025-12-19 20:06:57,Dine-in,Completed,,6500.00,0.00,1040.00,7540.00,Cash,orphan_foreign_key
ORD00184252,,LOC0023,2025-12-19 20:57:15,ThirdPartyDelivery,Completed,,4390.00,0.00,658.50,5048.50,Online,missing_value
ORD00184326,,LOC0001,2025-12-19 21:41:34,Dine-in,Completed,,14270.00,0.00,2140.50,16410.50,Card,missing_value
ORD00184424,,LOC0014,2025-12-19 23:20:35,Dine-in,Completed,PROMO019,9615.00,73.50,1431.22,10972.72,Card,missing_value
ORD00184438,,LOC0016,2025-12-19 23:41:47,Takeaway,Completed,,4530.00,0.00,724.80,5254.80,Wallet,missing_value
ORD00184474,CUST0036165,LOC0005,2025-12-20 10:09:36,Dine-in,Completed,PROMO020,22180.00,749.99,3214.50,24644.51,Card,orphan_foreign_key
ORD00184998,,LOC0018,2025-12-20 19:13:06,Dine-in,Completed,PROMO019,8115.00,811.50,1168.56,8472.06,Card,missing_value
ORD00185016,,LOC0008,2025-12-20 19:23:32,App,Completed,,6200.00,0.00,992.00,7192.00,Online,missing_value
ORD00185031,CUST1179065,LOC0005,2025-12-20 19:36:33,Takeaway,Completed,,3145.00,0.00,471.75,3616.75,Wallet,orphan_foreign_key
ORD00185044,CUST1885695,LOC0018,2025-12-20 19:46:25,Dine-in,Completed,,5850.00,0.00,936.00,6786.00,Card,orphan_foreign_key
ORD00185118,CUST0010766,LOC0002,2025-12-20 20:21:28,App,Completed,,5815.00,0.00,872.25,6687.25,Card,orphan_foreign_key
ORD00185529,CUST0024189,LOC0008,,App,Completed,,1000.00,0.00,160.00,1160.00,Wallet,invalid_date
ORD00185698,CUST1929333,LOC0009,2025-12-21 13:59:01,Dine-in,Completed,,15075.00,0.00,2412.00,17487.00,Card,orphan_foreign_key
ORD00185739,CUST0011212,LOC0007,2025-12-21 14:44:49,Dine-in,Completed,,11160.00,0.00,1785.60,12945.60,Card,orphan_foreign_key
ORD00185985,CUST0040140,LOC0020,2025-12-21 19:57:56,ThirdPartyDelivery,Completed,PROMO019,19470.00,121.50,2902.28,22250.78,Online,orphan_foreign_key
ORD00186161,,LOC0003,2025-12-21 21:18:27,Dine-in,Completed,,11370.00,0.00,1705.50,13075.50,Card,missing_value
ORD00186175,CUST0012775,LOC0018,2025-12-21 21:24:27,ThirdPartyDelivery,Completed,,12505.00,0.00,2000.80,14505.80,Online,orphan_foreign_key
ORD00186198,CUST0030206,LOC0016,2025-12-21 21:34:42,Takeaway,Completed,,3910.00,0.00,625.60,4535.60,Cash,orphan_foreign_key
ORD00186312,,LOC0004,2025-12-21 23:00:01,App,Completed,PROMO020,5940.00,750.00,778.50,5968.50,Wallet,missing_value
ORD00186318,CUST0052116,LOC0004,2031-07-22 20:01:00,App,Completed,,320.00,0.00,48.00,368.00,Online,invalid_date
ORD00186324,CUST0004444,LOC0008,2025-12-21 23:17:08,Dine-in,Completed,PROMO019,3975.00,57.00,626.88,4544.88,Card,orphan_foreign_key
ORD00186430,,LOC0023,2025-12-22 12:45:30,Website,Completed,,2090.00,0.00,313.50,2403.50,Online,missing_value
ORD00186449,,LOC0018,2025-12-22 12:57:40,Dine-in,Completed,,18950.00,0.00,3032.00,21982.00,Cash,missing_value
ORD00186537,CUST0036765,LOC0023,2025-12-22 14:03:47,App,Completed,,1245.00,0.00,186.75,1431.75,Online,orphan_foreign_key
ORD00186555,CUST0016113,LOC0022,2099-12-31 12:10:00,ThirdPartyDelivery,Completed,,3520.00,0.00,528.00,4048.00,Online,invalid_date
ORD00186838,CUST0009413,LOC0002,2025-12-22 21:01:45,ThirdPartyDelivery,Cancelled,,2300.00,0.00,345.00,2645.00,Online,orphan_foreign_key
ORD00186911,CUST0006590,LOC0017,,Takeaway,Completed,,5890.00,0.00,942.40,6832.40,Card,invalid_date
ORD00186954,CUST2844485,LOC0023,2025-12-22 23:10:28,Website,Cancelled,PROMO020,10500.00,749.99,1462.50,11212.51,Wallet,orphan_foreign_key
ORD00187010,CUST4051449,LOC0015,2025-12-23 11:44:10,ThirdPartyDelivery,Completed,,6820.00,0.00,1091.20,7911.20,Cash,orphan_foreign_key
ORD00187047,CUST0048675,LOC0007,1900-01-01 15:30:00,ThirdPartyDelivery,Completed,,3940.00,0.00,630.40,4570.40,Cash,invalid_date
ORD00187090,CUST1842182,LOC0008,2025-12-23 13:03:31,Takeaway,Completed,,11060.00,0.00,1769.60,12829.60,Card,orphan_foreign_key
ORD00187266,CUST2783660,LOC0015,2025-12-23 15:48:56,Dine-in,Completed,,6280.00,0.00,1004.80,7284.80,Cash,orphan_foreign_key
ORD00187378,CUST0026632,LOC0004,,Takeaway,Completed,PROMO019,6795.00,48.00,1012.05,7759.05,Cash,invalid_date
ORD00187387,,LOC0014,2025-12-23 19:21:02,Dine-in,Completed,,6030.00,0.00,904.50,6934.50,Cash,missing_value
ORD00187534,CUST0010669,LOC0008,1970-01-01 18:49:00,Website,Completed,,9970.00,0.00,1595.20,11565.20,Wallet,invalid_date
ORD00187565,,LOC0017,2025-12-23 21:47:06,Dine-in,Completed,PROMO020,10205.00,750.00,1512.80,10967.80,Card,missing_value
ORD00187766,CUST0514259,LOC0004,2025-12-24 12:54:56,ThirdPartyDelivery,Completed,,2755.00,0.00,413.25,3168.25,Cash,orphan_foreign_key
ORD00187783,,LOC0007,2025-12-24 13:05:29,Dine-in,Completed,PROMO019,8280.00,237.00,1286.88,9329.88,Cash,missing_value
ORD00187932,CUST0029483,LOC0011,2031-07-22 22:59:00,App,Completed,,9490.00,0.00,1518.40,11008.40,Cash,invalid_date
ORD00187996,,LOC0008,2025-12-24 18:16:21,ThirdPartyDelivery,Completed,,4130.00,0.00,660.80,4790.80,Online,missing_value
ORD00188036,CUST7630325,LOC0015,2025-12-24 19:05:54,App,Completed,,3240.00,0.00,518.40,3758.40,Card,orphan_foreign_key
ORD00188260,CUST0014394,LOC0011,2025-12-24 22:11:28,Website,Completed,,6050.00,12345.49,968.00,7018.00,Online,discount_exceeds_subtotal
ORD00188309,,LOC0012,2025-12-24 23:28:04,Takeaway,Completed,,6200.00,0.00,930.00,7130.00,Card,missing_value
ORD00188558,CUST4018250,LOC0018,2025-12-25 13:28:43,Takeaway,Completed,PROMO019,6400.00,78.00,1011.52,7333.52,Card,orphan_foreign_key
ORD00188600,,LOC0020,2025-12-25 13:49:15,ThirdPartyDelivery,Completed,,5620.00,0.00,843.00,6463.00,Cash,missing_value
ORD00188696,,LOC0020,2025-12-25 14:58:06,Dine-in,Completed,,9010.00,0.00,1351.50,10361.50,Cash,missing_value
ORD00189050,,LOC0023,2025-12-25 20:57:17,Dine-in,Completed,,10210.00,0.00,1531.50,11741.50,Card,missing_value
ORD00189120,,LOC0003,2025-12-25 21:32:28,Dine-in,Completed,,10830.00,0.00,1624.50,12454.50,Cash,missing_value
ORD00189131,CUST0042485,LOC0797,2025-12-25 21:36:45,App,Completed,,3390.00,0.00,508.50,3898.50,Wallet,invalid_restaurant_id
ORD00189159,CUST0046454,LOC0012,2025-12-25 21:51:17,Takeaway,Completed,,4835.00,0.00,725.25,5560.25,Wallet,orphan_foreign_key
ORD00189350,CUST0039284,LOC0015,2025-12-26 11:37:22,Website,Completed,,1140.00,2116.10,182.40,1322.40,Wallet,discount_exceeds_subtotal
ORD00189427,CUST0046505,LOC0010,2025-12-26 12:45:28,Website,Completed,,2905.00,7043.18,464.80,3369.80,Online,discount_exceeds_subtotal
ORD00189578,CUST0054662,LOC0015,2025-12-26 14:00:26,ThirdPartyDelivery,Completed,,7895.00,13962.45,1263.20,9158.20,Cash,discount_exceeds_subtotal
ORD00189792,CUST0039098,LOC0002,2025-12-26 18:55:57,App,Completed,PROMO019,11730.00,426.00,1695.60,12999.60,Online,orphan_foreign_key
ORD00189794,CUST0014354,LOC0003,2025-12-26 19:00:37,App,Cancelled,,8620.00,0.00,1293.00,9913.00,Online,orphan_foreign_key
ORD00189931,,LOC0011,2025-12-26 20:13:10,App,Completed,,5995.00,0.00,959.20,6954.20,Card,missing_value
ORD00190042,CUST0036357,LOC0001,2031-07-22 22:14:00,Takeaway,Completed,,13715.00,0.00,2057.25,15772.25,Cash,invalid_date
ORD00190349,CUST0020334,LOC0023,2025-12-27 12:05:44,Website,Completed,,2930.00,0.00,439.50,3369.50,Card,orphan_foreign_key
ORD00190484,CUST0028787,LOC0016,,ThirdPartyDelivery,Completed,,3355.00,0.00,536.80,3891.80,Online,invalid_date
ORD00190542,CUST0033606,LOC0015,2099-12-31 22:17:00,Website,Completed,,7045.00,0.00,1127.20,8172.20,Online,invalid_date
ORD00190552,,LOC0001,2025-12-27 13:46:59,App,Completed,,9740.00,0.00,1461.00,11201.00,Card,missing_value
ORD00190796,CUST6636893,LOC0005,2025-12-27 18:38:17,ThirdPartyDelivery,Completed,PROMO020,11210.00,749.99,1569.00,12029.01,Online,orphan_foreign_key
ORD00190809,,LOC0019,2025-12-27 18:54:20,Dine-in,Completed,,16330.00,0.00,2612.80,18942.80,Cash,missing_value
ORD00190927,CUST2024295,LOC0020,2025-12-27 20:01:11,Dine-in,Completed,,5440.00,0.00,816.00,6256.00,Card,orphan_foreign_key
ORD00190979,CUST5457865,LOC0016,2025-12-27 20:25:04,Dine-in,Completed,,4690.00,0.00,750.40,5440.40,Wallet,orphan_foreign_key
ORD00191426,,LOC0018,2025-12-28 12:38:00,Dine-in,Completed,,7430.00,0.00,1188.80,8618.80,Card,missing_value
ORD00191672,CUST0042422,LOC0016,2025-12-28 14:59:03,ThirdPartyDelivery,Completed,,9040.00,13613.62,1446.40,10486.40,Online,discount_exceeds_subtotal
ORD00191724,CUST0009207,LOC0014,2025-12-28 16:08:42,Takeaway,Completed,,5080.00,0.00,762.00,5842.00,Card,orphan_foreign_key
ORD00191920,CUST2477791,LOC0020,2025-12-28 19:44:07,Dine-in,Completed,,12425.00,0.00,1863.75,14288.75,Wallet,orphan_foreign_key
ORD00191922,CUST0015627,LOC0002,,ThirdPartyDelivery,Completed,,3610.00,0.00,541.50,4151.50,Cash,invalid_date
ORD00192151,CUST0032741,LOC0015,1970-01-01 17:52:00,ThirdPartyDelivery,Completed,,3100.00,0.00,496.00,3596.00,Online,invalid_date
ORD00192287,,LOC0007,2025-12-28 23:37:42,Dine-in,Completed,,7460.00,0.00,1193.60,8653.60,Cash,missing_value
ORD00192327,CUST0029078,LOC0003,2025-12-29 10:36:17,ThirdPartyDelivery,Completed,PROMO020,5080.00,750.00,649.50,4979.50,Online,orphan_foreign_key
ORD00192418,CUST0044687,LOC0019,2025-12-29 12:41:33,Dine-in,Completed,,3460.00,0.00,553.60,4013.60,Card,orphan_foreign_key
ORD00192471,CUST8099031,LOC0008,2025-12-29 13:27:41,Dine-in,Cancelled,,9875.00,0.00,1580.00,11455.00,Cash,orphan_foreign_key
ORD00192600,CUST0037346,LOC0023,2027-11-05 21:48:00,Website,Completed,,1580.00,0.00,237.00,1817.00,Online,invalid_date
ORD00192648,,LOC0018,2025-12-29 18:21:41,Website,Completed,PROMO019,4845.00,139.50,752.88,5458.38,Card,missing_value
ORD00192652,CUST0011232,LOC0004,2025-12-29 18:23:32,ThirdPartyDelivery,Completed,,8490.00,0.00,1273.50,9763.50,Cash,orphan_foreign_key
ORD00192733,CUST0048842,LOC0008,2025-12-29 19:52:40,Takeaway,Completed,,7450.00,0.00,1192.00,8642.00,Cash,orphan_foreign_key
ORD00192749,CUST0054471,LOC0018,2025-12-29 20:08:23,Dine-in,Completed,,15350.00,25746.26,2456.00,17806.00,Card,discount_exceeds_subtotal
ORD00192759,CUST0015972,LOC0013,1970-01-01 12:30:00,App,Completed,,2975.00,0.00,446.25,3421.25,Online,invalid_date
ORD00192783,CUST0044164,LOC0003,2025-12-29 20:37:20,Takeaway,Completed,,3290.00,0.00,493.50,3783.50,Cash,orphan_foreign_key
ORD00192818,,LOC0009,2025-12-29 21:09:42,App,Completed,PROMO019,7130.00,90.00,1126.40,8166.40,Card,missing_value
ORD00192911,CUST3670657,LOC0025,2025-12-29 22:53:32,Takeaway,Completed,,4280.00,0.00,642.00,4922.00,Wallet,orphan_foreign_key
ORD00193045,CUST0009658,LOC0023,2025-12-30 12:45:56,ThirdPartyDelivery,Completed,PROMO019,2245.00,5303.01,331.46,2541.21,Online,discount_exceeds_subtotal
ORD00193190,CUST0002330,LOC0023,2025-12-30 15:07:05,ThirdPartyDelivery,Completed,,11465.00,19361.17,1719.75,13184.75,Online,discount_exceeds_subtotal
ORD00193203,CUST0047342,LOC0012,2025-12-30 15:50:38,App,Completed,PROMO020,12410.00,26098.91,1749.00,13409.00,Online,discount_exceeds_subtotal
ORD00193262,CUST9148729,LOC0015,2025-12-30 18:38:35,ThirdPartyDelivery,Completed,,2850.00,0.00,456.00,3306.00,Cash,orphan_foreign_key
ORD00193274,CUST0024897,LOC0010,2025-12-30 19:01:35,App,Completed,,6510.00,0.00,1041.60,7551.60,Online,orphan_foreign_key
ORD00193375,,LOC0017,2025-12-30 20:35:12,App,Completed,PROMO019,3570.00,186.00,541.44,3925.44,Online,missing_value
ORD00193378,CUST0034123,LOC0021,2025-12-30 20:37:21,Website,Completed,,5485.00,0.00,822.75,6307.75,Card,orphan_foreign_key
ORD00193443,CUST2949038,LOC0006,2025-12-30 21:23:14,Dine-in,Completed,,5520.00,0.00,828.00,6348.00,Card,orphan_foreign_key
ORD00193469,CUST8838924,LOC0022,2025-12-30 21:45:07,Dine-in,Completed,,13320.00,0.00,1998.00,15318.00,Cash,orphan_foreign_key
ORD00193532,CUST0012943,LOC0020,2025-12-30 22:40:30,Dine-in,Completed,,7365.00,14922.26,1104.75,8469.75,Wallet,discount_exceeds_subtotal
ORD00193662,CUST0052588,LOC3448,2025-12-31 11:41:01,Dine-in,Completed,PROMO020,5900.00,750.00,772.50,5922.50,Cash,invalid_restaurant_id
ORD00193836,CUST0021306,LOC0011,2025-12-31 13:46:45,ThirdPartyDelivery,Completed,,7780.00,0.00,1244.80,9024.80,Online,orphan_foreign_key
ORD00193920,CUST7367933,LOC0017,2025-12-31 14:33:38,App,Completed,PROMO019,6850.00,153.00,1071.52,7768.52,Cash,orphan_foreign_key
ORD00194041,CUST7140371,LOC0009,2025-12-31 17:31:14,Dine-in,Completed,,9525.00,0.00,1524.00,11049.00,Cash,orphan_foreign_key
ORD00194059,CUST0038586,LOC0016,2025-12-31 17:51:20,Dine-in,Completed,,2850.00,4807.51,456.00,3306.00,Wallet,discount_exceeds_subtotal
ORD00194198,CUST0009138,LOC0008,2025-12-31 19:50:19,Website,Completed,PROMO020,15870.00,750.00,2419.20,17539.20,Online,orphan_foreign_key
ORD00194256,CUST0022113,LOC0009,2025-12-31 20:15:32,Takeaway,Completed,,3260.00,5885.82,521.60,3781.60,Cash,discount_exceeds_subtotal
ORD00194320,CUST7181369,LOC0017,2025-12-31 20:45:41,App,Completed,,17210.00,0.00,2753.60,19963.60,Online,orphan_foreign_key
ORD00194381,CUST0001967,LOC0005,2025-12-31 21:14:15,Dine-in,Cancelled,,16300.00,35357.65,2445.00,18745.00,Cash,discount_exceeds_subtotal
ORD00194387,,LOC0018,2025-12-31 21:18:09,ThirdPartyDelivery,Completed,PROMO020,8000.00,750.00,1160.00,8410.00,Online,missing_value
ORD00194479,CUST0014414,LOC0020,2025-12-31 22:09:15,Dine-in,Completed,PROMO019,8795.00,21629.15,1314.98,10081.48,Wallet,discount_exceeds_subtotal
ORD00000073,,LOC0011,2025-01-01 12:47:07,Takeaway,Completed,,4100.00,0.00,656.00,4756.00,Cash,missing_value
ORD00000084,CUST0018409,LOC0014,2025-01-01 12:58:50,Dine-in,Completed,,6970.00,0.00,1045.50,8015.50,Card,orphan_foreign_key
ORD00000312,,LOC0003,2025-01-01 20:51:30,Takeaway,Completed,,6210.00,0.00,931.50,7141.50,Wallet,missing_value
ORD00000491,CUST0007132,LOC0023,2025-01-02 12:33:21,Takeaway,Completed,PROMO001,2800.00,420.00,357.00,2737.00,Wallet,orphan_foreign_key
ORD00000501,CUST0024897,LOC0020,2025-01-02 12:51:54,App,Completed,,12190.00,0.00,1828.50,14018.50,Online,orphan_foreign_key
ORD00000556,CUST0052755,LOC0015,2025-01-02 13:42:10,Dine-in,Completed,,3150.00,0.00,504.00,3654.00,Cash,orphan_foreign_key
ORD00000580,,LOC0007,2025-01-02 14:35:54,Dine-in,Completed,,880.00,0.00,140.80,1020.80,Card,missing_value
ORD00000793,CUST8349573,LOC0014,2025-01-02 21:34:02,ThirdPartyDelivery,Completed,,7180.00,0.00,1077.00,8257.00,Cash,orphan_foreign_key
ORD00000883,CUST0022826,LOC0022,,Dine-in,Completed,,8400.00,0.00,1260.00,9660.00,Cash,invalid_date
ORD00000906,,LOC0016,2025-01-03 11:28:28,ThirdPartyDelivery,Completed,,1160.00,0.00,185.60,1345.60,Online,missing_value
ORD00001060,CUST0024895,LOC0013,2025-01-03 14:13:31,Takeaway,Completed,,12700.00,0.00,1905.00,14605.00,Card,orphan_foreign_key
ORD00001180,CUST0025041,LOC0760,2025-01-03 18:46:27,Website,Completed,PROMO001,7050.00,1057.50,958.80,6951.30,Card,invalid_restaurant_id
ORD00001200,CUST7207809,LOC0007,2025-01-03 19:16:34,Dine-in,Completed,,9600.00,0.00,1536.00,11136.00,Wallet,orphan_foreign_key
ORD00001248,,LOC0018,2025-01-03 19:59:06,Dine-in,Completed,,11780.00,0.00,1884.80,13664.80,Wallet,missing_value
ORD00001263,CUST0034063,LOC0003,2099-12-31 22:31:00,Dine-in,Completed,,14210.00,0.00,2131.50,16341.50,Cash,invalid_date
ORD00001379,CUST0018160,LOC0002,2025-01-03 21:39:43,Dine-in,Completed,,2010.00,0.00,301.50,2311.50,Card,orphan_foreign_key
ORD00001401,,LOC0004,2025-01-03 21:58:39,Takeaway,Completed,,3200.00,0.00,480.00,3680.00,Cash,missing_value
ORD00001619,CUST0023430,LOC7336,2025-01-04 13:26:44,ThirdPartyDelivery,Completed,,3890.00,0.00,583.50,4473.50,Online,invalid_restaurant_id
ORD00001716,,LOC0013,2025-01-04 14:40:56,App,Completed,,7750.00,0.00,1162.50,8912.50,Cash,missing_value
ORD00001885,,LOC0005,2025-01-04 19:34:47,Takeaway,Completed,,4600.00,0.00,690.00,5290.00,Cash,missing_value
ORD00001910,CUST0049576,LOC0005,2025-01-04 20:00:10,Takeaway,Completed,,5240.00,0.00,786.00,6026.00,Cash,orphan_foreign_key
ORD00001922,,LOC0007,2025-01-04 20:12:41,App,Completed,PROMO001,8480.00,1272.00,1153.28,8361.28,Card,missing_value
ORD00001971,CUST0043101,LOC0012,2025-01-04 20:46:50,Dine-in,Completed,,3680.00,8897.98,552.00,4232.00,Cash,discount_exceeds_subtotal
ORD00002076,CUST0037475,LOC0018,2025-01-04 21:52:31,Dine-in,Completed,,5840.00,13818.51,934.40,6774.40,Card,discount_exceeds_subtotal
ORD00002124,CUST0054023,LOC0006,2025-01-04 22:34:31,Dine-in,Completed,,4450.00,11020.64,667.50,5117.50,Card,discount_exceeds_subtotal
ORD00002171,CUST3686086,LOC0019,2025-01-04 23:34:21,Website,Completed,PROMO001,1830.00,274.50,248.88,1804.38,Online,orphan_foreign_key
ORD00002291,,LOC0002,2025-01-05 13:19:31,Takeaway,Completed,PROMO001,8960.00,1344.00,1142.40,8758.40,Card,missing_value
ORD00002406,CUST0045872,LOC0003,,ThirdPartyDelivery,Completed,PROMO001,6230.00,934.50,794.32,6089.82,Online,invalid_date
ORD00002448,,LOC0004,2025-01-05 16:42:46,ThirdPartyDelivery,Completed,,2150.00,0.00,322.50,2472.50,Cash,missing_value
ORD00002458,CUST0033474,LOC0018,2025-01-05 17:08:51,Dine-in,Completed,PROMO001,10300.00,1545.00,1400.80,10155.80,Wallet,orphan_foreign_key
ORD00002614,CUST5616114,LOC0015,2025-01-05 20:19:16,Takeaway,Completed,,3940.00,0.00,630.40,4570.40,Card,orphan_foreign_key
ORD00002717,CUST0002275,LOC0003,2025-01-05 21:36:39,Dine-in,Cancelled,,5710.00,8281.88,856.50,6566.50,Cash,discount_exceeds_subtotal
ORD00002726,CUST0029240,LOC0014,,App,Completed,,7020.00,0.00,1053.00,8073.00,Online,invalid_date
ORD00002769,CUST0050761,LOC0009,2025-01-05 22:21:46,Dine-in,Completed,PROMO001,10860.00,1629.00,1476.96,10707.96,Cash,orphan_foreign_key
ORD00002890,CUST0001484,LOC0013,2027-11-05 11:01:00,Dine-in,Completed,,6260.00,0.00,939.00,7199.00,Cash,invalid_date
ORD00002891,CUST0002617,LOC0008,2025-01-06 13:06:04,Website,Completed,,8530.00,0.00,1364.80,9894.80,Card,orphan_foreign_key
ORD00002905,CUST0035932,LOC0018,2027-11-05 11:29:00,Dine-in,Completed,,1900.00,0.00,304.00,2204.00,Card,invalid_date
ORD00003060,CUST0021017,LOC4109,2025-01-06 18:48:09,ThirdPartyDelivery,Completed,,1150.00,0.00,184.00,1334.00,Online,invalid_restaurant_id
ORD00003082,,LOC0004,2025-01-06 19:29:57,Dine-in,Completed,,7360.00,0.00,1104.00,8464.00,Card,missing_value
ORD00003171,CUST0021665,LOC0004,2025-01-06 21:23:55,App,Completed,,12920.00,0.00,1938.00,14858.00,Wallet,orphan_foreign_key
ORD00003219,CUST0041396,LOC0011,2025-01-06 22:19:28,ThirdPartyDelivery,Completed,PROMO001,5670.00,850.50,771.12,5590.62,Cash,orphan_foreign_key
ORD00003293,,LOC0019,2025-01-07 11:23:12,App,Completed,,2540.00,0.00,406.40,2946.40,Card,missing_value
ORD00003353,CUST0031586,LOC0003,2025-01-07 13:10:59,ThirdPartyDelivery,Completed,,11190.00,25029.52,1678.50,12868.50,Cash,discount_exceeds_subtotal
ORD00003402,CUST0010205,LOC0004,2025-01-07 14:28:04,Dine-in,Completed,,8520.00,20910.22,1278.00,9798.00,Cash,discount_exceeds_subtotal
ORD00003452,CUST0006735,LOC0016,2025-01-07 17:43:30,App,Completed,,4670.00,0.00,747.20,5417.20,Online,orphan_foreign_key
ORD00003467,CUST0042726,LOC7518,2025-01-07 18:13:44,Dine-in,Completed,,16400.00,0.00,2460.00,18860.00,Cash,invalid_restaurant_id
ORD00003520,CUST0014803,LOC8049,2025-01-07 19:57:34,Dine-in,Completed,,4310.00,0.00,646.50,4956.50,Wallet,invalid_restaurant_id
ORD00003631,,LOC0020,2025-01-07 22:13:11,ThirdPartyDelivery,Completed,,3060.00,0.00,459.00,3519.00,Cash,missing_value
ORD00003747,CUST0030598,LOC0008,2025-01-08 13:09:53,Dine-in,Completed,,11620.00,25715.26,1859.20,13479.20,Cash,discount_exceeds_subtotal
ORD00003963,CUST0042596,LOC0021,,Dine-in,Completed,,10125.00,0.00,1518.75,11643.75,Cash,invalid_date
ORD00004030,CUST0019909,LOC0023,2027-11-05 12:18:00,Takeaway,Completed,PROMO001,2000.00,300.00,255.00,1955.00,Card,invalid_date
ORD00004076,,LOC0016,2025-01-08 22:21:34,ThirdPartyDelivery,Cancelled,,3580.00,0.00,572.80,4152.80,Online,missing_value
ORD00004150,CUST0048577,LOC0022,2025-01-09 11:35:40,Dine-in,Completed,PROMO001,5650.00,8580.44,720.38,5522.88,Cash,discount_exceeds_subtotal
ORD00004183,,LOC0015,2025-01-09 12:22:13,Dine-in,Completed,PROMO001,6390.00,958.50,869.04,6300.54,Card,missing_value
ORD00004211,,LOC0010,2025-01-09 12:59:28,Takeaway,Completed,,1700.00,0.00,272.00,1972.00,Cash,missing_value
ORD00004223,CUST0018240,LOC5171,2025-01-09 13:09:02,Dine-in,Completed,,11330.00,0.00,1699.50,13029.50,Card,invalid_restaurant_id
ORD00004334,CUST0048936,LOC0003,,ThirdPartyDelivery,Completed,,1420.00,0.00,213.00,1633.00,Cash,invalid_date
ORD00004405,,LOC0018,2025-01-09 19:38:20,App,Completed,,6545.00,0.00,1047.20,7592.20,Online,missing_value
ORD00004550,,LOC0018,2025-01-09 21:47:49,Dine-in,Completed,,2715.00,0.00,434.40,3149.40,Cash,missing_value
ORD00004579,CUST0033177,LOC0020,2025-01-09 22:34:45,ThirdPartyDelivery,Completed,,1300.00,2947.81,195.00,1495.00,Cash,discount_exceeds_subtotal
ORD00004631,CUST0006622,LOC0006,,Dine-in,Completed,,5300.00,0.00,795.00,6095.00,Wallet,invalid_date
ORD00004728,,LOC0002,2025-01-10 12:59:10,Dine-in,Completed,,3490.00,0.00,523.50,4013.50,Cash,missing_value
ORD00004775,,LOC0003,2025-01-10 13:38:29,App,Completed,PROMO001,2700.00,405.00,344.25,2639.25,Wallet,missing_value
ORD00004796,CUST9879513,LOC0002,2025-01-10 13:53:20,ThirdPartyDelivery,Completed,,4650.00,0.00,697.50,5347.50,Online,orphan_foreign_key
ORD00004806,,LOC0017,2025-01-10 14:05:23,Dine-in,Completed,,8430.00,0.00,1348.80,9778.80,Wallet,missing_value
ORD00004811,,LOC0008,2025-01-10 14:08:54,Takeaway,Completed,,3500.00,0.00,560.00,4060.00,Card,missing_value
ORD00004857,,LOC0021,2025-01-10 15:15:49,Website,Completed,,3580.00,0.00,537.00,4117.00,Online,missing_value
ORD00004899,CUST0004442,LOC0018,2025-01-10 17:09:25,Takeaway,Completed,,5310.00,0.00,849.60,6159.60,Cash,orphan_foreign_key
ORD00005179,CUST0018160,LOC0002,2025-01-10 21:39:25,App,Completed,,5080.00,0.00,762.00,5842.00,Card,orphan_foreign_key
ORD00005250,CUST2228674,LOC0018,2025-01-10 22:52:33,Dine-in,Completed,,16320.00,0.00,2611.20,18931.20,Cash,orphan_foreign_key
ORD00005390,,LOC0008,2025-01-11 12:48:34,App,Completed,PROMO002,3470.00,360.00,497.60,3607.60,Wallet,missing_value
ORD00005430,CUST2684426,LOC0005,2025-01-11 13:23:39,Dine-in,Completed,,13350.00,0.00,2002.50,15352.50,Card,orphan_foreign_key
ORD00005510,,LOC0015,2025-01-11 14:36:16,ThirdPartyDelivery,Completed,,4860.00,0.00,777.60,5637.60,Online,missing_value
ORD00005716,CUST0025125,LOC0003,1970-01-01 11:26:00,ThirdPartyDelivery,Completed,PROMO002,10970.00,210.00,1614.00,12374.00,Online,invalid_date
ORD00005806,,LOC0021,2025-01-11 21:07:10,App,Completed,,3910.00,0.00,586.50,4496.50,Wallet,missing_value
ORD00005817,,LOC0009,2025-01-11 21:15:55,Dine-in,Completed,,5850.00,0.00,936.00,6786.00,Card,missing_value
ORD00005842,CUST3059310,LOC0008,2025-01-11 21:40:11,App,Completed,,23830.00,0.00,3812.80,27642.80,Wallet,orphan_foreign_key
ORD00005867,CUST1278040,LOC0004,2025-01-11 22:01:56,Takeaway,Completed,,1300.00,0.00,195.00,1495.00,Wallet,orphan_foreign_key
ORD00006029,CUST0024897,LOC0010,2025-01-12 12:47:02,App,Completed,,8080.00,0.00,1292.80,9372.80,Card,orphan_foreign_key
ORD00006053,CUST2427756,LOC0019,2025-01-12 13:06:30,App,Completed,,6000.00,0.00,960.00,6960.00,Online,orphan_foreign_key
ORD00006128,CUST0031995,LOC0002,2025-01-12 14:11:24,App,Completed,,6300.00,0.00,945.00,7245.00,Online,orphan_foreign_key
ORD00006514,CUST0048075,LOC0022,,ThirdPartyDelivery,Completed,,6330.00,0.00,949.50,7279.50,Online,invalid_date
ORD00006538,CUST0051886,LOC0005,2025-01-13 10:23:34,Dine-in,Completed,,10120.00,0.00,1518.00,11638.00,Cash,orphan_foreign_key
ORD00006565,,LOC0020,2025-01-13 12:18:54,Website,Completed,,5450.00,0.00,817.50,6267.50,Online,missing_value
ORD00006605,CUST0043558,LOC0013,1900-01-01 20:30:00,ThirdPartyDelivery,Completed,,3490.00,0.00,523.50,4013.50,Online,invalid_date
ORD00006726,,LOC0011,2025-01-13 18:14:17,App,Completed,,2800.00,0.00,448.00,3248.00,Wallet,missing_value
ORD00006758,,LOC0003,2025-01-13 19:14:25,Dine-in,Completed,,8620.00,0.00,1293.00,9913.00,Card,missing_value
ORD00006830,,LOC0003,2025-01-13 20:47:46,Dine-in,Completed,,4580.00,0.00,687.00,5267.00,Cash,missing_value
ORD00007117,CUST1563125,LOC0013,2025-01-14 17:48:19,Dine-in,Completed,,1940.00,0.00,291.00,2231.00,Wallet,orphan_foreign_key
ORD00007121,CUST7667879,LOC0005,2025-01-14 18:03:47,Dine-in,Completed,,6880.00,0.00,1032.00,7912.00,Cash,orphan_foreign_key
ORD00007153,CUST0025835,LOC0021,2025-01-14 19:08:17,App,Completed,PROMO002,6560.00,8510.76,964.80,7396.80,Online,discount_exceeds_subtotal
ORD00007310,CUST6003883,LOC0017,2025-01-14 22:38:05,Dine-in,Completed,,8550.00,0.00,1368.00,9918.00,Card,orphan_foreign_key
ORD00007380,CUST0049543,LOC0025,2025-01-15 12:24:02,Takeaway,Completed,,7050.00,0.00,1057.50,8107.50,Cash,orphan_foreign_key
ORD00007508,CUST0000957,LOC0006,2025-01-15 15:56:58,Takeaway,Completed,,5270.00,10337.88,790.50,6060.50,Card,discount_exceeds_subtotal
ORD00007843,CUST0011232,LOC0015,2025-01-16 13:34:38,ThirdPartyDelivery,Completed,,2265.00,0.00,362.40,2627.40,Online,orphan_foreign_key
ORD00008087,CUST0043043,LOC0020,2025-01-16 21:35:19,ThirdPartyDelivery,Completed,,7030.00,0.00,1054.50,8084.50,Online,orphan_foreign_key
ORD00008627,CUST6370433,LOC0005,2025-01-17 21:15:12,App,Completed,,4260.00,0.00,639.00,4899.00,Online,orphan_foreign_key
ORD00008801,CUST0032311,LOC4204,2025-01-18 11:24:54,Takeaway,Cancelled,,4680.00,0.00,702.00,5382.00,Card,invalid_restaurant_id
ORD00008809,CUST4677170,LOC0023,2025-01-18 11:35:32,Takeaway,Completed,,1100.00,0.00,165.00,1265.00,Cash,orphan_foreign_key
ORD00008834,CUST0039328,LOC4117,2025-01-18 12:23:30,App,Completed,,2400.00,0.00,360.00,2760.00,Online,invalid_restaurant_id
ORD00009086,CUST0000067,LOC1658,2025-01-18 17:58:47,Dine-in,Completed,,4490.00,0.00,673.50,5163.50,Cash,invalid_restaurant_id
ORD00009610,CUST0031960,LOC0003,,App,Completed,,4230.00,0.00,634.50,4864.50,Card,invalid_date
ORD00009975,CUST0035133,LOC0016,,Dine-in,Completed,PROMO002,4010.00,60.00,632.00,4582.00,Card,invalid_date
ORD00010326,CUST0019547,LOC0012,2025-01-20 21:02:05,Takeaway,Completed,,4130.00,0.00,619.50,4749.50,Card,orphan_foreign_key
ORD00010407,CUST0023261,LOC7355,2025-01-20 22:30:01,Dine-in,Completed,,6770.00,0.00,1015.50,7785.50,Cash,invalid_restaurant_id
ORD00010531,CUST0028814,LOC4805,2025-01-21 13:14:47,Dine-in,Completed,,7220.00,0.00,1083.00,8303.00,Cash,invalid_restaurant_id
ORD00010628,,LOC0008,2025-01-21 17:36:42,Dine-in,Completed,,5080.00,0.00,812.80,5892.80,Cash,missing_value
ORD00010720,CUST0024065,LOC0004,2025-01-21 20:22:17,Dine-in,Completed,,10960.00,14798.28,1644.00,12604.00,Card,discount_exceeds_subtotal
ORD00010745,CUST0019307,LOC0016,2025-01-21 20:54:41,App,Completed,PROMO002,6400.00,114.00,1005.76,7291.76,Online,orphan_foreign_key
ORD00010896,CUST0029351,LOC0001,2025-01-22 12:09:36,ThirdPartyDelivery,Completed,,8200.00,0.00,1230.00,9430.00,Cash,orphan_foreign_key
ORD00011153,,LOC0019,2025-01-22 20:52:39,Dine-in,Completed,,4480.00,0.00,716.80,5196.80,Cash,missing_value
ORD00011263,,LOC0016,2025-01-23 00:48:22,ThirdPartyDelivery,Completed,PROMO002,9900.00,152.00,1559.68,11307.68,Online,missing_value
ORD00011310,CUST5735962,LOC0002,2025-01-23 12:18:56,Dine-in,Completed,,14700.00,0.00,2205.00,16905.00,Card,orphan_foreign_key
ORD00011326,,LOC0023,2025-01-23 12:37:01,Dine-in,Completed,,7740.00,0.00,1161.00,8901.00,Wallet,missing_value
ORD00011390,,LOC0013,2025-01-23 13:42:58,Website,Completed,,6160.00,0.00,924.00,7084.00,Online,missing_value
ORD00011401,CUST9907999,LOC0019,2025-01-23 13:49:44,ThirdPartyDelivery,Cancelled,,8820.00,0.00,1411.20,10231.20,Cash,orphan_foreign_key
ORD00011577,CUST4220150,LOC0007,2025-01-23 20:03:55,ThirdPartyDelivery,Completed,,2410.00,0.00,385.60,2795.60,Online,orphan_foreign_key
ORD00011619,,LOC0010,2025-01-23 20:50:16,Dine-in,Completed,PROMO002,15010.00,396.00,2338.24,16952.24,Wallet,missing_value
ORD00011791,CUST0024873,LOC0004,2025-01-24 12:20:24,Dine-in,Completed,,12760.00,0.00,1914.00,14674.00,Cash,orphan_foreign_key
ORD00011871,,LOC0012,2025-01-24 13:21:58,App,Completed,,5030.00,0.00,754.50,5784.50,Online,missing_value
ORD00011879,,LOC0016,2025-01-24 13:28:23,App,Completed,,8810.00,0.00,1409.60,10219.60,Wallet,missing_value
ORD00011942,CUST7790231,LOC0001,2025-01-24 14:35:03,App,Completed,,3440.00,0.00,516.00,3956.00,Online,orphan_foreign_key
ORD00011978,,LOC0015,2025-01-24 15:54:07,Takeaway,Completed,,4910.00,0.00,785.60,5695.60,Cash,missing_value
ORD00012150,CUST0054918,LOC0022,2025-01-24 20:20:03,App,Completed,,4990.00,0.00,748.50,5738.50,Card,orphan_foreign_key
ORD00012231,CUST0053467,LOC6824,2025-01-24 21:36:22,Takeaway,Completed,,2570.00,0.00,385.50,2955.50,Cash,invalid_restaurant_id
ORD00012240,,LOC0006,2025-01-24 21:41:41,Dine-in,Completed,,3005.00,0.00,450.75,3455.75,Cash,missing_value
ORD00012274,CUST0050825,LOC0020,2025-01-24 22:16:00,Dine-in,Completed,,3200.00,0.00,480.00,3680.00,Card,orphan_foreign_key
ORD00012583,CUST0002523,LOC0012,2025-01-25 15:53:34,Dine-in,Completed,,3590.00,0.00,538.50,4128.50,Cash,orphan_foreign_key
ORD00012616,CUST0043846,LOC0002,2025-01-25 17:28:33,ThirdPartyDelivery,Completed,,6310.00,11056.81,946.50,7256.50,Online,discount_exceeds_subtotal
ORD00012729,CUST0008412,LOC0018,2025-01-25 19:53:36,Dine-in,Completed,,22270.00,0.00,3563.20,25833.20,Cash,orphan_foreign_key
ORD00012791,CUST0052372,LOC0015,2025-01-25 20:35:15,App,Completed,PROMO002,6730.00,44.00,1069.76,7755.76,Card,orphan_foreign_key
ORD00012860,CUST0048272,LOC0003,2025-01-25 21:19:10,Dine-in,Completed,,3600.00,0.00,540.00,4140.00,Wallet,orphan_foreign_key
ORD00012951,,LOC0020,2025-01-25 22:57:32,Takeaway,Completed,,5680.00,0.00,852.00,6532.00,Card,missing_value
ORD00012980,CUST5702013,LOC0006,2025-01-25 23:46:23,Dine-in,Completed,,3620.00,0.00,543.00,4163.00,Cash,orphan_foreign_key
ORD00013133,CUST3974839,LOC0013,2025-01-26 13:16:31,Dine-in,Completed,,10620.00,0.00,1593.00,12213.00,Cash,orphan_foreign_key
ORD00013145,CUST0018008,LOC8047,2025-01-26 13:25:11,ThirdPartyDelivery,Completed,,420.00,0.00,63.00,483.00,Online,invalid_restaurant_id
ORD00013221,CUST6119718,LOC0002,2025-01-26 14:34:09,ThirdPartyDelivery,Completed,,1910.00,0.00,286.50,2196.50,Cash,orphan_foreign_key
ORD00013264,CUST3649759,LOC0021,2025-01-26 16:19:31,Dine-in,Completed,,6450.00,0.00,967.50,7417.50,Cash,orphan_foreign_key
ORD00013550,CUST0022879,LOC0005,2027-11-05 16:23:00,Takeaway,Completed,,5350.00,0.00,802.50,6152.50,Cash,invalid_date
ORD00013686,,LOC0005,2025-01-27 12:49:53,App,Completed,,3265.00,0.00,489.75,3754.75,Online,missing_value
ORD00013738,CUST0002237,LOC0025,2025-01-27 13:45:55,Dine-in,Completed,,4270.00,0.00,640.50,4910.50,Cash,orphan_foreign_key
ORD00014116,,LOC0019,2025-01-28 12:51:38,ThirdPartyDelivery,Completed,,300.00,0.00,48.00,348.00,Cash,missing_value
ORD00014202,CUST0045248,LOC0023,1970-01-01 20:09:00,App,Completed,PROMO002,7740.00,96.00,1146.60,8790.60,Online,invalid_date
ORD00014211,CUST0020641,LOC0005,2025-01-28 15:17:11,Dine-in,Completed,,8190.00,0.00,1228.50,9418.50,Wallet,orphan_foreign_key
ORD00014311,CUST0018726,LOC0004,2025-01-28 20:03:50,Takeaway,Completed,,4250.00,0.00,637.50,4887.50,Cash,orphan_foreign_key
ORD00014389,CUST0039532,LOC0004,2025-01-28 21:27:22,ThirdPartyDelivery,Completed,PROMO002,1985.00,177.00,271.20,2079.20,Online,orphan_foreign_key
ORD00014507,CUST6582647,LOC0003,2025-01-29 12:32:16,App,Completed,,1740.00,0.00,261.00,2001.00,Cash,orphan_foreign_key
ORD00014582,CUST0045243,LOC0003,2025-01-29 14:29:30,Dine-in,Completed,,13290.00,0.00,1993.50,15283.50,Cash,orphan_foreign_key
ORD00014798,,LOC0013,2025-01-29 21:32:45,Takeaway,Completed,,5310.00,0.00,796.50,6106.50,Cash,missing_value
ORD00014845,CUST0043183,LOC0018,2025-01-29 22:49:53,Takeaway,Completed,,2450.00,0.00,392.00,2842.00,Card,orphan_foreign_key
ORD00015080,,LOC0025,2025-01-30 18:03:10,Takeaway,Completed,PROMO002,6340.00,226.00,917.10,7031.10,Cash,missing_value
ORD00015131,CUST0054865,LOC0006,2025-01-30 19:26:26,Dine-in,Completed,,4830.00,5607.18,724.50,5554.50,Cash,discount_exceeds_subtotal
ORD00015158,CUST0009664,LOC0013,2027-11-05 20:15:00,Takeaway,Completed,,8330.00,0.00,1249.50,9579.50,Wallet,invalid_date
ORD00015315,CUST0043816,LOC0004,2025-01-30 23:24:23,Dine-in,Completed,,12870.00,17337.52,1930.50,14800.50,Card,discount_exceeds_subtotal
ORD00015415,CUST0026644,LOC0003,2025-01-31 12:40:13,Website,Completed,,9890.00,19791.18,1483.50,11373.50,Wallet,discount_exceeds_subtotal
ORD00015432,CUST1108554,LOC0005,2025-01-31 12:50:13,Takeaway,Completed,,3820.00,0.00,573.00,4393.00,Cash,orphan_foreign_key
ORD00015436,CUST0043842,LOC0018,2025-01-31 12:59:00,ThirdPartyDelivery,Completed,,4050.00,6922.88,648.00,4698.00,Cash,discount_exceeds_subtotal
ORD00015511,CUST0033156,LOC0024,2025-01-31 13:55:57,Dine-in,Completed,PROMO002,5820.00,76.00,919.04,6663.04,Cash,orphan_foreign_key
ORD00015601,CUST0010746,LOC0015,,ThirdPartyDelivery,Completed,,3720.00,0.00,595.20,4315.20,Online,invalid_date
ORD00015713,CUST0000867,LOC0004,2025-01-31 19:52:29,Dine-in,Completed,,1200.00,0.00,180.00,1380.00,Card,orphan_foreign_key
ORD00015778,,LOC0007,2025-01-31 20:44:59,ThirdPartyDelivery,Completed,,6670.00,0.00,1067.20,7737.20,Online,missing_value
ORD00015923,,LOC0005,2025-02-01 00:43:24,Dine-in,Cancelled,,9370.00,0.00,1405.50,10775.50,Cash,missing_value
ORD00016085,,LOC0007,2025-02-01 13:47:27,ThirdPartyDelivery,Completed,,5830.00,0.00,932.80,6762.80,Online,missing_value
ORD00016135,,LOC0022,2025-02-01 14:52:54,Takeaway,Completed,,4100.00,0.00,615.00,4715.00,Cash,missing_value
ORD00016443,,LOC0023,2025-02-01 21:49:15,App,Completed,PROMO002,7220.00,120.00,1065.00,8165.00,Online,missing_value
ORD00016490,,LOC0021,2025-02-01 22:41:38,App,Completed,PROMO002,8345.00,517.00,1174.20,9002.20,Wallet,missing_value
ORD00016661,CUST0037834,LOC0023,1900-01-01 17:21:00,Takeaway,Completed,,8760.00,0.00,1314.00,10074.00,Cash,invalid_date
ORD00016709,CUST4966209,LOC0016,2025-02-02 14:20:02,Takeaway,Completed,,3370.00,0.00,539.20,3909.20,Cash,orphan_foreign_key
ORD00016969,,LOC0014,2025-02-02 20:20:17,Dine-in,Completed,PROMO002,4380.00,140.00,636.00,4876.00,Card,missing_value
ORD00016977,CUST0018382,LOC0013,2025-02-02 20:25:31,Website,Completed,,9530.00,0.00,1429.50,10959.50,Card,orphan_foreign_key
ORD00017104,,LOC0021,2025-02-02 22:35:59,Takeaway,Completed,,6970.00,0.00,1045.50,8015.50,Cash,missing_value
ORD00017276,CUST0046570,LOC0018,2025-02-03 13:47:21,App,Completed,PROMO002,4430.00,90.00,694.40,5034.40,Wallet,orphan_foreign_key
ORD00017380,CUST0013766,LOC0025,,Dine-in,Completed,,7190.00,0.00,1078.50,8268.50,Card,invalid_date
ORD00017391,,LOC0010,2025-02-03 19:03:38,Dine-in,Completed,,5480.00,0.00,876.80,6356.80,Cash,missing_value
ORD00017395,CUST0014464,LOC0002,2025-02-03 19:07:39,Website,Completed,,2130.00,4711.90,319.50,2449.50,Online,discount_exceeds_subtotal
ORD00017440,,LOC0022,2025-02-03 20:13:38,Dine-in,Completed,PROMO002,7890.00,890.00,1050.00,8050.00,Card,missing_value
ORD00017441,CUST0040275,LOC2041,2025-02-03 20:14:03,Dine-in,Completed,,7040.00,0.00,1126.40,8166.40,Card,invalid_restaurant_id
ORD00017606,,LOC0017,2025-02-04 11:34:17,Takeaway,Completed,PROMO002,5480.00,68.00,865.92,6277.92,Cash,missing_value
ORD00017885,CUST5537385,LOC0019,2025-02-04 20:56:21,Takeaway,Completed,,3280.00,0.00,524.80,3804.80,Cash,orphan_foreign_key
ORD00018062,CUST0046291,LOC0008,2025-02-05 13:03:04,App,Completed,,4910.00,0.00,785.60,5695.60,Online,orphan_foreign_key
ORD00018145,CUST0392174,LOC0023,2025-02-05 14:47:58,App,Completed,,1550.00,0.00,232.50,1782.50,Wallet,orphan_foreign_key
ORD00018183,CUST0019184,LOC0007,1970-01-01 18:21:00,Dine-in,Completed,,8250.00,0.00,1320.00,9570.00,Wallet,invalid_date
ORD00018324,,LOC0003,2025-02-05 21:07:46,ThirdPartyDelivery,Completed,PROMO002,7830.00,72.00,1163.70,8921.70,Cash,missing_value
ORD00018891,,LOC0016,2025-02-07 11:25:38,Dine-in,Completed,,10280.00,0.00,1644.80,11924.80,Card,missing_value
ORD00018982,CUST0035735,LOC4362,2025-02-07 13:11:24,Takeaway,Completed,,5980.00,0.00,897.00,6877.00,Cash,invalid_restaurant_id
ORD00019059,CUST0049564,LOC0023,2025-02-07 14:28:20,App,Cancelled,,11290.00,13234.92,1693.50,12983.50,Cash,discount_exceeds_subtotal
ORD00019400,CUST0008453,LOC3474,2025-02-07 21:46:22,Dine-in,Completed,,11680.00,0.00,1752.00,13432.00,Cash,invalid_restaurant_id
ORD00019483,CUST0035998,LOC0012,2025-02-07 23:23:00,Dine-in,Completed,,5380.00,0.00,807.00,6187.00,Wallet,orphan_foreign_key
ORD00019535,CUST0010212,LOC0014,2025-02-08 11:18:51,ThirdPartyDelivery,Completed,,2880.00,0.00,432.00,3312.00,Cash,orphan_foreign_key
ORD00019571,CUST0029351,LOC0001,2025-02-08 12:18:12,App,Completed,,8510.00,0.00,1276.50,9786.50,Card,orphan_foreign_key
ORD00019575,,LOC0025,2025-02-08 12:23:11,Dine-in,Completed,,7950.00,0.00,1192.50,9142.50,Card,missing_value
ORD00019603,,LOC0015,2025-02-08 12:45:03,Dine-in,Completed,PROMO002,3380.00,110.00,523.20,3793.20,Card,missing_value
ORD00019777,CUST0032973,LOC0019,,Website,Completed,,4880.00,0.00,780.80,5660.80,Card,invalid_date
ORD00019832,CUST0031092,LOC0012,,Takeaway,Completed,PROMO002,7465.00,59.00,1110.90,8516.90,Cash,invalid_date
ORD00019834,,LOC0018,2025-02-08 18:29:39,App,Completed,,8150.00,0.00,1304.00,9454.00,Online,missing_value
ORD00019866,CUST0015655,LOC0470,2025-02-08 19:19:22,Takeaway,Completed,,5270.00,0.00,790.50,6060.50,Card,invalid_restaurant_id
ORD00019987,,LOC0002,2025-02-08 20:52:59,App,Completed,,3260.00,0.00,489.00,3749.00,Cash,missing_value
ORD00020050,CUST0043475,LOC0020,2025-02-08 21:51:54,Dine-in,Completed,,12710.00,0.00,1906.50,14616.50,Cash,orphan_foreign_key
ORD00020167,CUST7719043,LOC0007,2025-02-09 12:02:46,Dine-in,Completed,,13240.00,0.00,2118.40,15358.40,Card,orphan_foreign_key
ORD00020257,,LOC0023,2025-02-09 13:26:04,Website,Completed,,9260.00,0.00,1389.00,10649.00,Online,missing_value
ORD00020269,CUST0958499,LOC0013,2025-02-09 13:33:12,Dine-in,Completed,,7670.00,0.00,1150.50,8820.50,Card,orphan_foreign_key
ORD00020271,CUST0044448,LOC0014,2025-02-09 13:35:21,Dine-in,Completed,,9840.00,0.00,1476.00,11316.00,Card,orphan_foreign_key
ORD00020435,CUST0019174,LOC0007,2025-02-09 19:13:48,Dine-in,Completed,,7970.00,0.00,1275.20,9245.20,Card,orphan_foreign_key
ORD00020484,CUST0034379,LOC0016,,Dine-in,Completed,,3850.00,0.00,616.00,4466.00,Card,invalid_date
ORD00020585,CUST0041740,LOC0014,2025-02-09 21:20:39,Dine-in,Completed,,17420.00,0.00,2613.00,20033.00,Card,orphan_foreign_key
ORD00020588,CUST0026953,LOC0017,2025-02-09 21:21:06,ThirdPartyDelivery,Completed,,5100.00,0.00,816.00,5916.00,Online,orphan_foreign_key
ORD00020843,CUST5541118,LOC0008,2025-02-10 13:58:09,Dine-in,Completed,,7400.00,0.00,1184.00,8584.00,Wallet,orphan_foreign_key
ORD00020913,,LOC0018,2025-02-10 17:26:03,Dine-in,Completed,PROMO003,10635.00,1570.00,1450.40,10515.40,Cash,missing_value
ORD00021000,CUST0005089,LOC0023,,ThirdPartyDelivery,Completed,,3730.00,0.00,559.50,4289.50,Cash,invalid_date
ORD00021197,CUST0026953,LOC0005,2025-02-11 11:11:55,Takeaway,Completed,,12100.00,0.00,1815.00,13915.00,Cash,orphan_foreign_key
ORD00021199,,LOC0015,2025-02-11 11:19:47,Dine-in,Completed,,3600.00,0.00,576.00,4176.00,Cash,missing_value
ORD00021350,CUST0012557,LOC0025,1900-01-01 18:46:00,Dine-in,Completed,PROMO002,9640.00,250.00,1408.50,10798.50,Wallet,invalid_date
ORD00021392,CUST0052568,LOC0005,2025-02-11 18:28:07,Takeaway,Completed,,10660.00,23586.85,1599.00,12259.00,Card,discount_exceeds_subtotal
ORD00021422,CUST0020883,LOC0010,2025-02-11 19:24:47,Dine-in,Completed,,12180.00,0.00,1948.80,14128.80,Card,orphan_foreign_key
ORD00021496,CUST0047855,LOC0876,2025-02-11 20:48:06,Dine-in,Completed,PROMO003,8480.00,1446.00,1125.44,8159.44,Wallet,invalid_restaurant_id
ORD00021533,CUST4679538,LOC0007,2025-02-11 21:19:34,Dine-in,Completed,PROMO002,8730.00,190.00,1366.40,9906.40,Cash,orphan_foreign_key
ORD00021587,CUST0031157,LOC0013,2025-02-11 22:30:27,Website,Completed,,6920.00,16508.06,1038.00,7958.00,Online,discount_exceeds_subtotal
ORD00021646,CUST0023855,LOC0008,2025-02-12 00:47:21,Dine-in,Completed,,8345.00,0.00,1335.20,9680.20,Cash,orphan_foreign_key
ORD00021793,,LOC0007,2025-02-12 14:58:08,Dine-in,Completed,,6260.00,0.00,1001.60,7261.60,Wallet,missing_value
ORD00021929,CUST0039096,LOC0022,2025-02-12 20:07:44,Website,Completed,PROMO002,3805.00,60.00,561.75,4306.75,Online,orphan_foreign_key
ORD00021959,,LOC0008,2025-02-12 20:31:47,Dine-in,Completed,,2550.00,0.00,408.00,2958.00,Cash,missing_value
ORD00022067,CUST0041318,LOC0017,2025-02-12 22:58:53,Website,Cancelled,,2060.00,0.00,329.60,2389.60,Online,orphan_foreign_key
ORD00022441,CUST0036151,LOC7808,2025-02-13 20:10:38,App,Cancelled,,5605.00,0.00,840.75,6445.75,Online,invalid_restaurant_id
ORD00022498,CUST0053516,LOC7073,2025-02-13 21:09:51,Dine-in,Completed,,10055.00,0.00,1508.25,11563.25,Card,invalid_restaurant_id
ORD00022519,CUST0001673,LOC0002,2025-02-13 21:31:26,Dine-in,Completed,PROMO002,4100.00,8481.12,599.10,4593.10,Card,discount_exceeds_subtotal
ORD00022603,CUST0044164,LOC0003,2025-02-13 22:48:10,Website,Completed,,20930.00,0.00,3139.50,24069.50,Online,orphan_foreign_key
ORD00022860,CUST2838846,LOC0003,2025-02-14 13:26:14,Website,Completed,,9710.00,0.00,1456.50,11166.50,Online,orphan_foreign_key
ORD00022938,,LOC0014,2025-02-14 14:07:52,Takeaway,Completed,,3940.00,0.00,591.00,4531.00,Card,missing_value
ORD00023372,CUST0050825,LOC0020,2025-02-14 21:10:46,ThirdPartyDelivery,Completed,,6600.00,0.00,990.00,7590.00,Cash,orphan_foreign_key
ORD00023412,CUST0043043,LOC0013,2025-02-14 21:32:47,ThirdPartyDelivery,Completed,,15620.00,0.00,2343.00,17963.00,Cash,orphan_foreign_key
ORD00023482,,LOC0019,2025-02-14 22:13:16,Dine-in,Completed,,17720.00,0.00,2835.20,20555.20,Cash,missing_value
ORD00023512,CUST1297612,LOC0003,2025-02-14 22:34:28,Takeaway,Completed,,4510.00,0.00,676.50,5186.50,Cash,orphan_foreign_key
ORD00023516,CUST9123693,LOC0003,2025-02-14 22:37:45,Website,Completed,,4540.00,0.00,681.00,5221.00,Card,orphan_foreign_key
ORD00023684,,LOC0023,2025-02-15 12:23:03,Dine-in,Completed,,4570.00,0.00,685.50,5255.50,Card,missing_value
ORD00023721,,LOC0023,2025-02-15 12:50:45,Dine-in,Completed,,4540.00,0.00,681.00,5221.00,Wallet,missing_value
ORD00023723,,LOC0014,2025-02-15 12:51:02,App,Completed,,1260.00,0.00,189.00,1449.00,Online,missing_value
ORD00023792,,LOC0018,2025-02-15 13:49:04,Website,Completed,,7830.00,0.00,1252.80,9082.80,Online,missing_value
ORD00024079,,LOC0025,2025-02-15 20:42:01,Takeaway,Completed,,550.00,0.00,82.50,632.50,Card,missing_value
ORD00024259,CUST0005274,LOC0003,2025-02-15 23:26:03,Website,Completed,,4680.00,0.00,702.00,5382.00,Online,orphan_foreign_key
ORD00024304,CUST0022429,LOC0015,2025-02-16 10:59:36,Dine-in,Completed,PROMO003,14340.00,17713.27,2132.48,15460.48,Cash,discount_exceeds_subtotal
ORD00024389,,LOC0003,2025-02-16 13:04:43,App,Completed,,3950.00,0.00,592.50,4542.50,Online,missing_value
ORD00024391,CUST0053473,LOC0013,2025-02-16 13:06:48,ThirdPartyDelivery,Completed,,3370.00,0.00,505.50,3875.50,Online,orphan_foreign_key
ORD00024492,CUST0018382,LOC0024,2025-02-16 14:38:09,Dine-in,Completed,,9610.00,0.00,1537.60,11147.60,Cash,orphan_foreign_key
ORD00024548,CUST0002731,LOC0003,1900-01-01 14:59:00,Website,Completed,,6370.00,0.00,955.50,7325.50,Wallet,invalid_date
ORD00024679,CUST0004879,LOC0008,2025-02-16 20:07:57,Dine-in,Completed,,3070.00,0.00,491.20,3561.20,Card,orphan_foreign_key
ORD00024988,CUST0023721,LOC7993,2025-02-17 13:16:13,Website,Completed,,4615.00,0.00,692.25,5307.25,Online,invalid_restaurant_id
ORD00025006,CUST0027046,LOC0019,2025-02-17 13:39:29,App,Completed,,10800.00,0.00,1728.00,12528.00,Online,orphan_foreign_key
ORD00025027,,LOC0015,2025-02-17 14:16:13,ThirdPartyDelivery,Completed,,3415.00,0.00,546.40,3961.40,Online,missing_value
ORD00025042,CUST0048367,LOC0005,2025-02-17 15:06:34,Takeaway,Completed,,3180.00,0.00,477.00,3657.00,Card,orphan_foreign_key
ORD00025113,,LOC0022,2025-02-17 19:08:00,Dine-in,Completed,,13220.00,0.00,1983.00,15203.00,Cash,missing_value
ORD00025156,,LOC0007,2025-02-17 20:37:25,Takeaway,Completed,,2580.00,0.00,412.80,2992.80,Cash,missing_value
ORD00025246,CUST0028661,LOC0021,2025-02-17 23:14:58,Takeaway,Completed,,800.00,1763.33,120.00,920.00,Cash,discount_exceeds_subtotal
ORD00025253,,LOC0011,2025-02-17 23:38:27,App,Completed,,2500.00,0.00,400.00,2900.00,Wallet,missing_value
ORD00025532,CUST5579150,LOC0020,2025-02-18 21:05:24,Dine-in,Completed,,2790.00,0.00,418.50,3208.50,Cash,orphan_foreign_key
ORD00025657,CUST0026227,LOC4764,2025-02-19 13:01:49,Dine-in,Completed,,5350.00,0.00,802.50,6152.50,Card,invalid_restaurant_id
ORD00025756,CUST0031995,LOC0014,2025-02-19 18:11:42,App,Completed,,4920.00,0.00,738.00,5658.00,Card,orphan_foreign_key
ORD00025874,CUST0046842,LOC0004,2025-02-19 21:27:58,Website,Completed,,3730.00,8133.04,559.50,4289.50,Online,discount_exceeds_subtotal
ORD00026013,,LOC0023,2025-02-20 13:08:04,ThirdPartyDelivery,Cancelled,,4640.00,0.00,696.00,5336.00,Cash,missing_value
ORD00026056,CUST0037229,LOC0020,2099-12-31 17:44:00,App,Completed,,9720.00,0.00,1458.00,11178.00,Wallet,invalid_date
ORD00026057,CUST0049129,LOC0013,,Dine-in,Completed,,10110.00,0.00,1516.50,11626.50,Cash,invalid_date
ORD00026183,,LOC0007,2025-02-20 19:09:55,Takeaway,Completed,,8670.00,0.00,1387.20,10057.20,Cash,missing_value
ORD00026350,,LOC0020,2025-02-21 01:45:00,Takeaway,Completed,,9050.00,0.00,1357.50,10407.50,Cash,missing_value
ORD00026399,CUST0050659,LOC0015,2025-02-21 12:26:47,Dine-in,Completed,,2555.00,4338.40,408.80,2963.80,Card,discount_exceeds_subtotal
ORD00026418,CUST0049515,LOC0004,2025-02-21 12:36:26,ThirdPartyDelivery,Completed,,650.00,0.00,97.50,747.50,Online,orphan_foreign_key
ORD00026487,CUST0028661,LOC0021,2025-02-21 13:36:14,Takeaway,Completed,,820.00,0.00,123.00,943.00,Wallet,orphan_foreign_key
ORD00026575,,LOC0023,2025-02-21 15:21:40,Dine-in,Completed,,14240.00,0.00,2136.00,16376.00,Cash,missing_value
ORD00026577,CUST0016946,LOC0003,2025-02-21 15:26:36,Dine-in,Completed,,10635.00,21808.09,1595.25,12230.25,Wallet,discount_exceeds_subtotal
ORD00026632,,LOC0018,2025-02-21 18:30:51,App,Completed,,4580.00,0.00,732.80,5312.80,Online,missing_value
ORD00026703,CUST0020334,LOC0023,2025-02-21 20:00:37,Website,Completed,,4080.00,0.00,612.00,4692.00,Online,orphan_foreign_key
ORD00026885,,LOC0001,2025-02-21 23:27:51,Dine-in,Completed,,10435.00,0.00,1565.25,12000.25,Cash,missing_value
ORD00027088,,LOC0004,2025-02-22 14:48:24,Website,Completed,,11660.00,0.00,1749.00,13409.00,Wallet,missing_value
ORD00027300,,LOC0013,2025-02-22 20:48:53,App,Completed,,6970.00,0.00,1045.50,8015.50,Online,missing_value
ORD00027426,CUST0051195,LOC0021,1900-01-01 10:40:00,App,Completed,,2425.00,0.00,363.75,2788.75,Online,invalid_date
ORD00027742,CUST0044148,LOC1867,2025-02-23 18:49:42,Dine-in,Completed,,2840.00,0.00,426.00,3266.00,Wallet,invalid_restaurant_id
ORD00027858,,LOC0003,2025-02-23 20:47:00,Dine-in,Completed,,11240.00,0.00,1686.00,12926.00,Wallet,missing_value
ORD00027877,CUST0036297,LOC0009,2025-02-23 21:06:17,Dine-in,Completed,,10800.00,16249.93,1728.00,12528.00,Wallet,discount_exceeds_subtotal
ORD00027942,CUST0039275,LOC0003,2025-02-23 22:23:39,ThirdPartyDelivery,Completed,,3480.00,7537.65,522.00,4002.00,Cash,discount_exceeds_subtotal
ORD00027991,CUST4897677,LOC0001,2025-02-23 23:44:57,Takeaway,Completed,,2750.00,0.00,412.50,3162.50,Card,orphan_foreign_key
ORD00028338,,LOC0018,2025-02-24 22:15:52,Dine-in,Completed,,3050.00,0.00,488.00,3538.00,Card,missing_value
ORD00028355,CUST4805116,LOC0012,2025-02-24 23:16:37,Takeaway,Completed,,2550.00,0.00,382.50,2932.50,Cash,orphan_foreign_key
ORD00028372,CUST0007117,LOC0004,2025-02-25 01:48:05,App,Completed,,1510.00,1955.69,226.50,1736.50,Online,discount_exceeds_subtotal
ORD00028540,CUST0030538,LOC0020,2025-02-25 17:41:16,App,Completed,,1970.00,3282.69,295.50,2265.50,Online,discount_exceeds_subtotal
ORD00028568,,LOC0016,2025-02-25 18:48:39,Dine-in,Completed,,9410.00,0.00,1505.60,10915.60,Card,missing_value
ORD00028679,CUST0003615,LOC0002,2025-02-25 21:43:08,Takeaway,Completed,,4620.00,6955.93,693.00,5313.00,Card,discount_exceeds_subtotal
ORD00028717,CUST0048914,LOC0003,1970-01-01 12:38:00,App,Completed,,3190.00,0.00,478.50,3668.50,Online,invalid_date
ORD00028851,CUST0003342,LOC0018,2025-02-26 13:33:36,App,Completed,,7380.00,10185.78,1180.80,8560.80,Online,discount_exceeds_subtotal
ORD00028955,CUST0041396,LOC0003,2025-02-26 18:57:33,ThirdPartyDelivery,Completed,,4760.00,0.00,714.00,5474.00,Cash,orphan_foreign_key
ORD00029334,CUST0002843,LOC0006,,Takeaway,Completed,,14100.00,0.00,2115.00,16215.00,Cash,invalid_date
ORD00029375,CUST0043990,LOC0007,2025-02-27 19:32:05,ThirdPartyDelivery,Completed,,2870.00,0.00,459.20,3329.20,Cash,orphan_foreign_key
ORD00029506,CUST0043348,LOC0008,2025-02-27 22:25:18,Dine-in,Completed,,10150.00,0.00,1624.00,11774.00,Cash,orphan_foreign_key
ORD00029640,CUST0000094,LOC0007,2027-11-05 19:52:00,Dine-in,Completed,,7980.00,0.00,1276.80,9256.80,Card,invalid_date
ORD00029663,,LOC0018,2025-02-28 13:19:40,Dine-in,Completed,,17470.00,0.00,2795.20,20265.20,Cash,missing_value
ORD00030120,CUST0023802,LOC0023,,ThirdPartyDelivery,Completed,,7670.00,0.00,1150.50,8820.50,Cash,invalid_date
ORD00030150,CUST2760932,LOC0005,2025-03-01 03:00:36,App,Completed,,6890.00,0.00,1033.50,7923.50,Card,orphan_foreign_key
ORD00030170,,LOC0017,2025-03-01 03:49:58,Takeaway,Completed,,6210.00,0.00,993.60,7203.60,Cash,missing_value
ORD00030172,CUST0004444,LOC0007,2025-03-01 03:57:17,App,Completed,,2930.00,0.00,468.80,3398.80,Wallet,orphan_foreign_key
ORD00030194,CUST0000785,LOC0014,1900-01-01 21:06:00,Dine-in,Completed,,7450.00,0.00,1117.50,8567.50,Cash,invalid_date
ORD00030507,CUST0017294,LOC0016,2025-03-01 21:04:17,Dine-in,Completed,,3840.00,6312.04,614.40,4454.40,Wallet,discount_exceeds_subtotal
ORD00030754,,LOC0009,2025-03-02 13:41:37,ThirdPartyDelivery,Cancelled,,4450.00,0.00,712.00,5162.00,Online,missing_value
ORD00030828,CUST0020390,LOC0005,2025-03-02 18:29:03,Dine-in,Completed,,4070.00,0.00,610.50,4680.50,Cash,orphan_foreign_key
ORD00030910,CUST0038251,LOC0011,2025-03-02 19:18:32,ThirdPartyDelivery,Completed,,5780.00,0.00,924.80,6704.80,Cash,orphan_foreign_key
ORD00030939,CUST0017056,LOC0024,2025-03-02 19:34:59,Dine-in,Completed,PROMO004,13740.00,17902.40,2118.40,15358.40,Card,discount_exceeds_subtotal
ORD00030991,CUST0009966,LOC0010,2025-03-02 20:14:49,Dine-in,Completed,,10510.00,17797.46,1681.60,12191.60,Card,discount_exceeds_subtotal
ORD00031263,CUST0036899,LOC0806,2025-03-03 17:03:59,Dine-in,Completed,,7255.00,0.00,1088.25,8343.25,Wallet,invalid_restaurant_id
ORD00031313,,LOC0015,2025-03-03 18:36:30,ThirdPartyDelivery,Completed,,6150.00,0.00,984.00,7134.00,Cash,missing_value
ORD00031542,CUST4931644,LOC0008,2025-03-03 23:28:04,Dine-in,Completed,,7320.00,0.00,1171.20,8491.20,Wallet,orphan_foreign_key
ORD00031718,,LOC0005,2025-03-04 19:21:47,Dine-in,Completed,,7065.00,0.00,1059.75,8124.75,Card,missing_value
ORD00031721,,LOC0013,2025-03-04 19:26:41,Dine-in,Completed,,2400.00,0.00,360.00,2760.00,Cash,missing_value
ORD00031733,CUST0035425,LOC0004,2031-07-22 22:47:00,Dine-in,Completed,PROMO004,6660.00,500.00,924.00,7084.00,Card,invalid_date
ORD00031736,CUST0052442,LOC0018,2025-03-04 19:36:17,ThirdPartyDelivery,Completed,,7705.00,9017.21,1232.80,8937.80,Cash,discount_exceeds_subtotal
ORD00031978,CUST0038698,LOC0007,2025-03-05 03:39:30,App,Completed,,1660.00,1975.71,265.60,1925.60,Online,discount_exceeds_subtotal
ORD00032057,,LOC0004,2025-03-05 18:32:56,Website,Completed,PROMO004,5180.00,500.00,702.00,5382.00,Online,missing_value
ORD00032653,CUST8095685,LOC0002,2025-03-06 21:34:02,Website,Completed,,7680.00,0.00,1152.00,8832.00,Online,orphan_foreign_key
ORD00032676,CUST0006735,LOC0007,2025-03-06 21:56:07,App,Completed,,6320.00,0.00,1011.20,7331.20,Online,orphan_foreign_key
ORD00032769,CUST0007923,LOC0009,,Dine-in,Completed,,5480.00,0.00,876.80,6356.80,Card,invalid_date
ORD00032770,,LOC0014,2025-03-07 00:22:53,Dine-in,Completed,,1850.00,0.00,277.50,2127.50,Cash,missing_value
ORD00032940,,LOC0004,2025-03-07 18:28:12,Website,Completed,,4920.00,0.00,738.00,5658.00,Online,missing_value
ORD00033056,CUST0034248,LOC0020,2025-03-07 19:31:11,App,Completed,,2560.00,0.00,384.00,2944.00,Wallet,orphan_foreign_key
ORD00033061,,LOC0001,2025-03-07 19:33:33,Website,Completed,,7220.00,0.00,1083.00,8303.00,Online,missing_value
ORD00033127,CUST0042743,LOC7777,2025-03-07 20:22:47,Dine-in,Completed,,12650.00,0.00,1897.50,14547.50,Wallet,invalid_restaurant_id
ORD00033180,CUST0046336,LOC0010,2031-07-22 13:56:00,Dine-in,Completed,PROMO004,6790.00,499.99,1006.40,7296.41,Wallet,invalid_date
ORD00033188,CUST0045815,LOC0014,2025-03-07 21:15:06,ThirdPartyDelivery,Completed,,9780.00,19718.15,1467.00,11247.00,Cash,discount_exceeds_subtotal
ORD00033404,CUST8366536,LOC0001,2025-03-08 03:55:12,App,Completed,,5300.00,0.00,795.00,6095.00,Online,orphan_foreign_key
ORD00033418,CUST1672436,LOC0018,2025-03-08 12:44:17,Dine-in,Completed,,10040.00,0.00,1606.40,11646.40,Card,orphan_foreign_key
ORD00033460,,LOC0010,2025-03-08 18:04:14,Takeaway,Cancelled,,3560.00,0.00,569.60,4129.60,Card,missing_value
ORD00033481,CUST0019014,LOC0013,2025-03-08 18:16:38,Website,Completed,PROMO004,16580.00,19790.47,2412.00,18491.99,Online,discount_exceeds_subtotal
ORD00033666,CUST0050144,LOC0015,2099-12-31 22:42:00,App,Completed,,6760.00,0.00,1081.60,7841.60,Online,invalid_date
ORD00033718,,LOC0001,2025-03-08 20:09:36,ThirdPartyDelivery,Completed,,2160.00,0.00,324.00,2484.00,Online,missing_value
ORD00033731,CUST0018160,LOC0006,2025-03-08 20:19:17,ThirdPartyDelivery,Cancelled,,3155.00,0.00,473.25,3628.25,Cash,orphan_foreign_key
ORD00033781,,LOC0018,2025-03-08 20:59:46,Takeaway,Completed,,8900.00,0.00,1424.00,10324.00,Cash,missing_value
ORD00033826,CUST7725855,LOC0009,2025-03-08 21:45:23,App,Completed,,1910.00,0.00,305.60,2215.60,Card,orphan_foreign_key
ORD00033872,CUST0048272,LOC0003,2025-03-08 22:43:38,Dine-in,Completed,,5485.00,0.00,822.75,6307.75,Card,orphan_foreign_key
ORD00033978,CUST0006678,LOC0003,2025-03-09 01:39:04,Dine-in,Completed,,11190.00,0.00,1678.50,12868.50,Cash,orphan_foreign_key
ORD00034103,,LOC0014,2025-03-09 18:18:28,Dine-in,Completed,,8950.00,0.00,1342.50,10292.50,Wallet,missing_value
ORD00034274,CUST0049283,LOC0001,2025-03-09 20:16:32,Dine-in,Completed,,9230.00,0.00,1384.50,10614.50,Card,orphan_foreign_key
ORD00034405,CUST0019889,LOC2056,2025-03-09 22:21:56,Takeaway,Completed,,4900.00,0.00,735.00,5635.00,Cash,invalid_restaurant_id
ORD00034613,,LOC0025,2025-03-10 18:34:07,Takeaway,Completed,,11530.00,0.00,1729.50,13259.50,Cash,missing_value
ORD00034706,,LOC0002,2025-03-10 19:40:35,Dine-in,Completed,,3930.00,0.00,589.50,4519.50,Wallet,missing_value
ORD00034833,CUST0046714,LOC0022,2027-11-05 21:10:00,ThirdPartyDelivery,Completed,PROMO004,8960.00,499.99,1269.00,9729.01,Online,invalid_date
ORD00034842,CUST0018337,LOC0004,1970-01-01 18:30:00,Takeaway,Completed,PROMO004,8435.00,500.01,1190.25,9125.24,Card,invalid_date
ORD00035179,CUST0019797,LOC0015,2025-03-11 21:53:40,ThirdPartyDelivery,Cancelled,,8350.00,9686.18,1336.00,9686.00,Online,discount_exceeds_subtotal
ORD00035270,CUST0050389,LOC0012,2025-03-12 01:01:09,Dine-in,Completed,,7250.00,9199.09,1087.50,8337.50,Cash,discount_exceeds_subtotal
ORD00035332,CUST0023837,LOC0001,2025-03-12 17:15:43,Dine-in,Completed,,9050.00,0.00,1357.50,10407.50,Card,orphan_foreign_key
ORD00035555,CUST0021840,LOC5412,2025-03-12 21:25:45,Takeaway,Completed,PROMO004,3700.00,500.00,480.00,3680.00,Cash,invalid_restaurant_id
ORD00035572,CUST0044024,LOC0012,2025-03-12 21:54:59,Dine-in,Completed,,2410.00,5691.59,361.50,2771.50,Card,discount_exceeds_subtotal
ORD00035581,CUST0036637,LOC0012,2025-03-12 22:13:39,Takeaway,Completed,,960.00,1839.80,144.00,1104.00,Card,discount_exceeds_subtotal
ORD00035713,CUST0277372,LOC0007,2025-03-13 17:37:55,Dine-in,Completed,,13520.00,0.00,2163.20,15683.20,Cash,orphan_foreign_key
ORD00035736,CUST0029114,LOC0020,2025-03-13 18:18:14,ThirdPartyDelivery,Completed,,870.00,1816.05,130.50,1000.50,Online,discount_exceeds_subtotal
ORD00035749,CUST0020650,LOC0016,2025-03-13 18:22:05,Dine-in,Completed,,10820.00,0.00,1731.20,12551.20,Card,orphan_foreign_key
ORD00035803,CUST0019178,LOC0003,2025-03-13 19:06:30,Dine-in,Completed,,11680.00,23984.11,1752.00,13432.00,Card,discount_exceeds_subtotal
ORD00035819,,LOC0020,2025-03-13 19:23:37,ThirdPartyDelivery,Completed,,8790.00,0.00,1318.50,10108.50,Online,missing_value
ORD00035834,CUST0023111,LOC1701,2025-03-13 19:39:48,Dine-in,Completed,PROMO004,16680.00,500.00,2427.00,18607.00,Card,invalid_restaurant_id
ORD00035964,,LOC0022,2025-03-13 22:10:21,Dine-in,Completed,,2780.00,0.00,417.00,3197.00,Card,missing_value
ORD00036040,CUST9099153,LOC0008,2025-03-14 00:41:16,App,Completed,,2400.00,0.00,384.00,2784.00,Online,orphan_foreign_key
ORD00036464,,LOC0013,2025-03-14 22:07:37,Dine-in,Completed,,5320.00,0.00,798.00,6118.00,Cash,missing_value
ORD00036475,CUST0048272,LOC0003,2025-03-14 22:25:20,Takeaway,Completed,,5935.00,0.00,890.25,6825.25,Cash,orphan_foreign_key
ORD00036599,,LOC0008,2025-03-15 03:31:16,App,Completed,,7200.00,0.00,1152.00,8352.00,Cash,missing_value
ORD00036704,CUST0025888,LOC1275,2025-03-15 18:22:34,Takeaway,Completed,,2920.00,0.00,438.00,3358.00,Cash,invalid_restaurant_id
ORD00036734,CUST6642570,LOC0008,2025-03-15 18:42:02,App,Completed,,5740.00,0.00,918.40,6658.40,Online,orphan_foreign_key
ORD00036791,CUST8539546,LOC0018,2025-03-15 19:10:01,Dine-in,Completed,PROMO004,15720.00,500.00,2435.20,17655.20,Cash,orphan_foreign_key
ORD00037072,CUST0044645,LOC0016,2025-03-15 23:16:55,App,Completed,PROMO004,10810.00,500.00,1649.60,11959.60,Cash,orphan_foreign_key
ORD00037092,CUST0007169,LOC0014,,Takeaway,Completed,,1530.00,0.00,229.50,1759.50,Wallet,invalid_date
ORD00037107,CUST0018793,LOC0011,2025-03-15 23:58:33,Website,Completed,PROMO004,4060.00,500.00,569.60,4129.60,Online,orphan_foreign_key
ORD00037311,CUST0004858,LOC0012,,App,Completed,,9150.00,0.00,1372.50,10522.50,Online,invalid_date
ORD00037348,,LOC0007,2025-03-16 18:57:55,Dine-in,Completed,PROMO004,16930.00,500.00,2628.80,19058.80,Card,missing_value
ORD00037443,CUST0053873,LOC0003,2025-03-16 19:50:58,Dine-in,Completed,,7890.00,0.00,1183.50,9073.50,Cash,orphan_foreign_key
ORD00037477,CUST1595252,LOC0016,2025-03-16 20:25:20,ThirdPartyDelivery,Completed,,4910.00,0.00,785.60,5695.60,Online,orphan_foreign_key
ORD00037600,CUST0026559,LOC0003,2025-03-16 22:23:52,Dine-in,Completed,,4470.00,8145.58,670.50,5140.50,Card,discount_exceeds_subtotal
ORD00037601,CUST0024897,LOC0010,2025-03-16 22:24:19,Dine-in,Completed,PROMO004,12740.00,500.00,1958.40,14198.40,Cash,orphan_foreign_key
ORD00037807,,LOC0003,2025-03-17 18:32:31,Dine-in,Completed,PROMO004,8990.00,500.00,1273.50,9763.50,Card,missing_value
ORD00037891,CUST2916407,LOC0012,2025-03-17 19:49:37,Dine-in,Completed,,6320.00,0.00,948.00,7268.00,Card,orphan_foreign_key
ORD00038230,CUST0039551,LOC0008,1900-01-01 13:02:00,App,Completed,,4400.00,0.00,704.00,5104.00,Online,invalid_date
ORD00038256,CUST7091425,LOC0003,2025-03-18 20:03:21,Dine-in,Completed,,6790.00,0.00,1018.50,7808.50,Cash,orphan_foreign_key
ORD00038428,CUST6934929,LOC0016,2025-03-19 02:17:41,Website,Completed,,2555.00,0.00,408.80,2963.80,Online,orphan_foreign_key
ORD00038687,CUST0024824,LOC0024,1970-01-01 10:02:00,Dine-in,Completed,,1695.00,0.00,271.20,1966.20,Card,invalid_date
ORD00038736,CUST0044645,LOC0016,2025-03-19 22:46:29,App,Completed,PROMO004,10805.00,500.00,1648.80,11953.80,Cash,orphan_foreign_key
ORD00038833,CUST0043432,LOC0008,,Takeaway,Completed,,7790.00,0.00,1246.40,9036.40,Cash,invalid_date
ORD00038838,CUST0025144,LOC0003,2025-03-20 12:11:49,Dine-in,Completed,,11540.00,0.00,1731.00,13271.00,Wallet,orphan_foreign_key
ORD00038978,,LOC0017,2025-03-20 19:41:13,App,Completed,,3140.00,0.00,502.40,3642.40,Online,missing_value
ORD00039194,CUST5718431,LOC0023,2025-03-21 00:27:34,Dine-in,Completed,,11630.00,0.00,1744.50,13374.50,Wallet,orphan_foreign_key
ORD00039217,,LOC0018,2025-03-21 01:17:58,Takeaway,Completed,PROMO004,9680.00,500.00,1468.80,10648.80,Card,missing_value
ORD00039446,CUST0011547,LOC0020,2099-12-31 19:19:00,Dine-in,Completed,,4415.00,0.00,662.25,5077.25,Cash,invalid_date
ORD00039480,,LOC0007,2025-03-21 19:47:57,App,Completed,,5450.00,0.00,872.00,6322.00,Online,missing_value
ORD00039746,CUST0019174,LOC0022,2025-03-22 00:32:48,App,Completed,,5330.00,0.00,799.50,6129.50,Online,orphan_foreign_key
ORD00039831,CUST0054918,LOC0022,2025-03-22 12:46:03,App,Completed,,7110.00,0.00,1066.50,8176.50,Online,orphan_foreign_key
ORD00039909,CUST0020641,LOC0005,2025-03-22 18:18:43,Dine-in,Completed,,3460.00,0.00,519.00,3979.00,Cash,orphan_foreign_key
ORD00040152,CUST0047368,LOC0002,2025-03-22 20:47:19,Dine-in,Completed,,10490.00,0.00,1573.50,12063.50,Cash,orphan_foreign_key
ORD00040207,CUST0047784,LOC0001,2025-03-22 21:36:18,ThirdPartyDelivery,Completed,,3830.00,9498.42,574.50,4404.50,Cash,discount_exceeds_subtotal
ORD00040238,CUST0050015,LOC4463,2025-03-22 22:07:01,Dine-in,Completed,,2570.00,0.00,385.50,2955.50,Cash,invalid_restaurant_id
ORD00040468,,LOC0006,2025-03-23 18:10:38,Website,Completed,PROMO004,9530.00,500.00,1354.50,10384.50,Online,missing_value
ORD00040918,,LOC0001,2025-03-24 01:46:59,Dine-in,Completed,,15420.00,0.00,2313.00,17733.00,Cash,missing_value
ORD00041049,,LOC0004,2025-03-24 19:18:04,Dine-in,Completed,,5890.00,0.00,883.50,6773.50,Card,missing_value
ORD00041076,CUST0043530,LOC8426,2025-03-24 19:35:06,Dine-in,Completed,,2960.00,0.00,473.60,3433.60,Wallet,invalid_restaurant_id
ORD00041175,CUST0038155,LOC0018,1900-01-01 14:03:00,Dine-in,Completed,,6470.00,0.00,1035.20,7505.20,Cash,invalid_date
ORD00041472,CUST0011409,LOC0013,2025-03-25 21:16:29,App,Completed,,940.00,0.00,141.00,1081.00,Online,orphan_foreign_key
ORD00041608,CUST0039707,LOC0004,2025-03-26 01:07:14,Website,Completed,,1940.00,0.00,291.00,2231.00,Card,orphan_foreign_key
ORD00041619,CUST0042657,LOC0025,2025-03-26 01:43:55,Takeaway,Completed,,5100.00,0.00,765.00,5865.00,Cash,orphan_foreign_key
ORD00041622,CUST0007189,LOC0016,,App,Completed,,6430.00,0.00,1028.80,7458.80,Cash,invalid_date
ORD00041633,CUST0037667,LOC0016,2025-03-26 02:59:39,Website,Completed,,9730.00,19162.60,1556.80,11286.80,Card,discount_exceeds_subtotal
ORD00041701,CUST0052543,LOC0009,2025-03-26 18:24:58,Dine-in,Completed,,7180.00,0.00,1148.80,8328.80,Cash,orphan_foreign_key
ORD00041900,CUST0010212,LOC0014,2025-03-26 22:05:53,Dine-in,Completed,,2205.00,0.00,330.75,2535.75,Cash,orphan_foreign_key
ORD00041917,CUST0026856,LOC0001,2025-03-26 22:32:15,Dine-in,Completed,,12410.00,25907.64,1861.50,14271.50,Wallet,discount_exceeds_subtotal
ORD00042131,,LOC0016,2025-03-27 18:35:07,Dine-in,Completed,,6635.00,0.00,1061.60,7696.60,Card,missing_value
ORD00042262,CUST0039532,LOC0004,2025-03-27 20:27:10,ThirdPartyDelivery,Completed,,6540.00,0.00,981.00,7521.00,Online,orphan_foreign_key
ORD00042411,CUST0024895,LOC0013,2025-03-28 00:33:09,Takeaway,Completed,,10780.00,0.00,1617.00,12397.00,Cash,orphan_foreign_key
ORD00042451,CUST0028280,LOC0005,2025-03-28 02:58:24,Dine-in,Completed,,645.00,1180.06,96.75,741.75,Card,discount_exceeds_subtotal
ORD00042546,CUST0042922,LOC0025,1900-01-01 22:59:00,Takeaway,Completed,,1430.00,0.00,214.50,1644.50,Card,invalid_date
ORD00042761,CUST0045893,LOC2022,2025-03-28 21:16:31,App,Completed,PROMO004,8885.00,500.00,1257.75,9642.75,Card,invalid_restaurant_id
ORD00043044,CUST4859679,LOC0013,2025-03-29 17:24:14,App,Completed,,5210.00,0.00,781.50,5991.50,Online,orphan_foreign_key
ORD00043099,CUST0024895,LOC0013,2025-03-29 18:24:39,Takeaway,Completed,PROMO004,3935.00,500.00,515.25,3950.25,Cash,orphan_foreign_key
ORD00043204,CUST4979913,LOC0014,2025-03-29 19:12:07,Website,Completed,PROMO004,14840.00,500.01,2151.00,16490.99,Card,orphan_foreign_key
ORD00043229,CUST0054106,LOC0003,2025-03-29 19:26:07,Takeaway,Completed,,7600.00,9360.43,1140.00,8740.00,Wallet,discount_exceeds_subtotal
ORD00043231,CUST0000604,LOC0003,2025-03-29 19:28:17,Takeaway,Completed,,8360.00,14289.02,1254.00,9614.00,Card,discount_exceeds_subtotal
ORD00043517,,LOC0020,2025-03-29 23:39:51,App,Completed,,2780.00,0.00,417.00,3197.00,Online,missing_value
ORD00043560,CUST0031318,LOC0012,,ThirdPartyDelivery,Completed,,6170.00,0.00,925.50,7095.50,Cash,invalid_date
ORD00043728,CUST0048473,LOC0014,2025-03-30 18:50:32,Takeaway,Completed,,5580.00,11304.43,837.00,6417.00,Cash,discount_exceeds_subtotal
ORD00043758,,LOC0001,2025-03-30 19:21:06,App,Completed,,5510.00,0.00,826.50,6336.50,Online,missing_value
ORD00043773,CUST0023855,LOC0008,2025-03-30 19:32:24,Dine-in,Completed,,5990.00,0.00,958.40,6948.40,Cash,orphan_foreign_key
ORD00043854,,LOC0025,2025-03-30 20:44:18,Takeaway,Completed,,3220.00,0.00,483.00,3703.00,Wallet,missing_value
ORD00043899,CUST0024546,LOC0005,2025-03-30 21:33:32,ThirdPartyDelivery,Completed,,2810.00,6175.54,421.50,3231.50,Cash,discount_exceeds_subtotal
ORD00044307,CUST6184153,LOC0008,2025-03-31 17:04:43,Takeaway,Completed,,8300.00,0.00,1328.00,9628.00,Cash,orphan_foreign_key
ORD00044645,CUST0042427,LOC0007,,Takeaway,Completed,,1700.00,0.00,272.00,1972.00,Card,invalid_date
ORD00044729,CUST0039439,LOC0016,2025-04-01 00:14:27,Takeaway,Completed,,6865.00,8511.17,1098.40,7963.40,Cash,discount_exceeds_subtotal
ORD00044780,CUST0011464,LOC0012,2025-04-01 12:01:12,App,Completed,,6060.00,0.00,909.00,6969.00,Online,orphan_foreign_key
ORD00044800,,LOC0010,2025-04-01 12:15:18,Takeaway,Cancelled,,6200.00,0.00,992.00,7192.00,Cash,missing_value
ORD00044900,,LOC0016,2025-04-01 13:28:51,Takeaway,Cancelled,,3555.00,0.00,568.80,4123.80,Cash,missing_value
ORD00044965,CUST0011520,LOC5440,2025-04-01 14:31:15,Website,Completed,,4495.00,0.00,719.20,5214.20,Online,invalid_restaurant_id
ORD00045130,CUST0045090,LOC1724,2025-04-01 19:30:41,Dine-in,Completed,,8130.00,0.00,1219.50,9349.50,Card,invalid_restaurant_id
ORD00045193,,LOC0003,2025-04-01 20:19:19,Dine-in,Completed,,11695.00,0.00,1754.25,13449.25,Cash,missing_value
ORD00045205,CUST9732056,LOC0022,2025-04-01 20:29:56,Dine-in,Completed,,10410.00,0.00,1561.50,11971.50,Wallet,orphan_foreign_key
ORD00045492,CUST0285616,LOC0019,2025-04-02 12:32:34,Dine-in,Completed,,9620.00,0.00,1539.20,11159.20,Cash,orphan_foreign_key
ORD00045589,CUST0006634,LOC0008,2031-07-22 22:40:00,App,Completed,,5970.00,0.00,955.20,6925.20,Online,invalid_date
ORD00045612,CUST0046638,LOC0016,2025-04-02 14:18:13,Dine-in,Completed,,1645.00,0.00,263.20,1908.20,Card,orphan_foreign_key
ORD00045886,,LOC0014,2025-04-02 20:46:39,App,Completed,,6500.00,0.00,975.00,7475.00,Cash,missing_value
ORD00045944,,LOC0004,2025-04-02 21:38:41,ThirdPartyDelivery,Completed,,5180.00,0.00,777.00,5957.00,Cash,missing_value
ORD00045950,CUST0045000,LOC0014,,Takeaway,Completed,,3420.00,0.00,513.00,3933.00,Card,invalid_date
ORD00046115,CUST0644339,LOC0013,2025-04-03 12:19:04,App,Completed,,7280.00,0.00,1092.00,8372.00,Online,orphan_foreign_key
ORD00046318,CUST3222933,LOC0003,2025-04-03 18:51:57,Takeaway,Completed,,3340.00,0.00,501.00,3841.00,Wallet,orphan_foreign_key
ORD00046428,CUST0021105,LOC0018,,Dine-in,Completed,,9540.00,0.00,1526.40,11066.40,Cash,invalid_date
ORD00046495,CUST2170610,LOC0010,2025-04-03 21:51:26,ThirdPartyDelivery,Completed,,6460.00,0.00,1033.60,7493.60,Cash,orphan_foreign_key
ORD00046549,CUST0024630,LOC8133,2025-04-03 23:10:42,ThirdPartyDelivery,Completed,,9900.00,0.00,1485.00,11385.00,Online,invalid_restaurant_id
ORD00046553,CUST0044612,LOC0017,2025-04-03 23:19:17,App,Completed,,5520.00,0.00,883.20,6403.20,Wallet,orphan_foreign_key
ORD00046686,CUST0014191,LOC0004,2025-04-04 13:04:18,Dine-in,Completed,,11130.00,0.00,1669.50,12799.50,Cash,orphan_foreign_key
ORD00046910,CUST0001753,LOC0018,2025-04-04 18:44:49,App,Completed,,7530.00,0.00,1204.80,8734.80,Wallet,orphan_foreign_key
ORD00046995,,LOC0014,2025-04-04 20:12:55,App,Completed,,5360.00,0.00,804.00,6164.00,Online,missing_value
ORD00047120,,LOC0005,2025-04-04 21:32:17,Takeaway,Completed,PROMO005,11590.00,2410.00,1377.00,10557.00,Cash,missing_value
ORD00047144,CUST0028813,LOC6721,2025-04-04 21:46:02,Takeaway,Completed,,4380.00,0.00,657.00,5037.00,Card,invalid_restaurant_id
ORD00047169,CUST0011618,LOC0011,2025-04-04 22:18:13,ThirdPartyDelivery,Completed,,5730.00,0.00,916.80,6646.80,Online,orphan_foreign_key
ORD00047448,,LOC0006,2025-04-05 13:47:48,Takeaway,Completed,,6210.00,0.00,931.50,7141.50,Cash,missing_value
ORD00047755,CUST9868062,LOC0007,2025-04-05 20:12:43,Takeaway,Completed,,8720.00,0.00,1395.20,10115.20,Wallet,orphan_foreign_key
ORD00047758,,LOC0009,2025-04-05 20:14:35,App,Completed,,3495.00,0.00,559.20,4054.20,Card,missing_value
ORD00047898,CUST0032294,LOC2011,2025-04-05 21:40:28,App,Completed,,5070.00,0.00,760.50,5830.50,Online,invalid_restaurant_id
ORD00047916,,LOC0003,2025-04-05 21:49:35,Takeaway,Completed,,1850.00,0.00,277.50,2127.50,Wallet,missing_value
ORD00047965,CUST0039881,LOC0020,2025-04-05 22:46:50,Website,Completed,,6170.00,8135.78,925.50,7095.50,Online,discount_exceeds_subtotal
ORD00048032,,LOC0024,2025-04-06 10:09:39,Takeaway,Completed,,4295.00,0.00,687.20,4982.20,Card,missing_value
ORD00048181,,LOC0007,2025-04-06 13:37:37,Takeaway,Completed,PROMO005,12380.00,2365.00,1602.40,11617.40,Card,missing_value
ORD00048290,CUST0042985,LOC8664,2025-04-06 16:05:04,Dine-in,Completed,,8595.00,0.00,1289.25,9884.25,Card,invalid_restaurant_id
ORD00048294,CUST0354895,LOC0018,2025-04-06 16:09:17,Dine-in,Completed,,9170.00,0.00,1467.20,10637.20,Wallet,orphan_foreign_key
ORD00048370,,LOC0002,2025-04-06 19:01:40,Takeaway,Completed,,4965.00,0.00,744.75,5709.75,Card,missing_value
ORD00048377,,LOC0023,2025-04-06 19:09:01,Dine-in,Completed,,18145.00,0.00,2721.75,20866.75,Card,missing_value
ORD00048452,,LOC0020,2025-04-06 20:10:24,Dine-in,Completed,,6140.00,0.00,921.00,7061.00,Card,missing_value
ORD00048466,CUST0024202,LOC0008,,ThirdPartyDelivery,Completed,,3470.00,0.00,555.20,4025.20,Cash,invalid_date
ORD00048705,CUST0010466,LOC0016,1900-01-01 17:41:00,Dine-in,Completed,,3920.00,0.00,627.20,4547.20,Cash,invalid_date
ORD00048876,CUST0036112,LOC7778,2025-04-07 14:57:46,Takeaway,Completed,,2670.00,0.00,400.50,3070.50,Card,invalid_restaurant_id
ORD00048958,CUST0026953,LOC0005,2025-04-07 19:09:50,App,Completed,,3260.00,0.00,489.00,3749.00,Online,orphan_foreign_key
ORD00048963,CUST0038375,LOC0005,,Takeaway,Completed,,6530.00,0.00,979.50,7509.50,Cash,invalid_date
ORD00048981,,LOC0010,2025-04-07 19:45:56,Dine-in,Completed,,5960.00,0.00,953.60,6913.60,Card,missing_value
ORD00048984,,LOC0004,2025-04-07 19:50:55,ThirdPartyDelivery,Completed,,4000.00,0.00,600.00,4600.00,Cash,missing_value
ORD00049215,CUST0037680,LOC0004,2025-04-08 13:35:38,Dine-in,Completed,,8640.00,10105.40,1296.00,9936.00,Card,discount_exceeds_subtotal
ORD00049233,,LOC0002,2025-04-08 14:21:03,Dine-in,Completed,,5610.00,0.00,841.50,6451.50,Card,missing_value
ORD00049416,CUST0007347,LOC0020,2025-04-08 21:41:53,ThirdPartyDelivery,Completed,,5260.00,0.00,789.00,6049.00,Online,orphan_foreign_key
ORD00049418,CUST0051894,LOC0005,2027-11-05 13:27:00,App,Completed,,7040.00,0.00,1056.00,8096.00,Card,invalid_date
ORD00049437,CUST0023242,LOC0003,2025-04-08 22:10:36,Takeaway,Completed,,7585.00,0.00,1137.75,8722.75,Cash,orphan_foreign_key
ORD00049639,CUST0036196,LOC0017,2025-04-09 14:50:07,Takeaway,Completed,,6470.00,0.00,1035.20,7505.20,Cash,orphan_foreign_key
ORD00049656,CUST0040508,LOC0003,2025-04-09 16:08:25,Dine-in,Completed,,17180.00,32369.04,2577.00,19757.00,Wallet,discount_exceeds_subtotal
ORD00049744,CUST0054802,LOC0016,1900-01-01 11:55:00,Dine-in,Completed,,11190.00,0.00,1790.40,12980.40,Cash,invalid_date
ORD00049922,,LOC0008,2025-04-10 11:51:46,ThirdPartyDelivery,Completed,,2010.00,0.00,321.60,2331.60,Cash,missing_value
ORD00050033,CUST0052755,LOC0015,2025-04-10 14:45:32,Dine-in,Completed,,10850.00,0.00,1736.00,12586.00,Cash,orphan_foreign_key
ORD00050404,CUST0020334,LOC0011,2025-04-11 13:16:33,Website,Completed,,4550.00,0.00,728.00,5278.00,Card,orphan_foreign_key
ORD00050485,,LOC0008,2025-04-11 14:49:10,Dine-in,Completed,,14085.00,0.00,2253.60,16338.60,Card,missing_value
ORD00050500,,LOC0003,2025-04-11 15:16:07,App,Completed,,8650.00,0.00,1297.50,9947.50,Online,missing_value
ORD00050619,CUST0030773,LOC0001,2025-04-11 19:50:19,Dine-in,Completed,,9310.00,22522.23,1396.50,10706.50,Cash,discount_exceeds_subtotal
ORD00050651,CUST0042424,LOC0017,2025-04-11 20:21:09,ThirdPartyDelivery,Completed,,3580.00,0.00,572.80,4152.80,Online,orphan_foreign_key
ORD00050664,CUST0008412,LOC0018,2025-04-11 20:31:57,Dine-in,Completed,,17860.00,0.00,2857.60,20717.60,Card,orphan_foreign_key
ORD00050908,CUST1730013,LOC0014,2025-04-12 12:38:56,App,Completed,,2970.00,0.00,445.50,3415.50,Online,orphan_foreign_key
ORD00050961,,LOC0016,2025-04-12 13:22:41,Dine-in,Completed,,6220.00,0.00,995.20,7215.20,Card,missing_value
ORD00051287,,LOC0005,2025-04-12 21:29:56,ThirdPartyDelivery,Completed,,4130.00,0.00,619.50,4749.50,Online,missing_value
ORD00051390,CUST0029770,LOC0009,2025-04-12 23:38:32,Dine-in,Completed,,6490.00,7352.57,1038.40,7528.40,Card,discount_exceeds_subtotal
ORD00051526,CUST7510558,LOC0013,2025-04-13 13:33:57,ThirdPartyDelivery,Completed,,5200.00,0.00,780.00,5980.00,Cash,orphan_foreign_key
ORD00051569,CUST0031648,LOC3922,2025-04-13 14:45:05,Dine-in,Completed,,23950.00,0.00,3832.00,27782.00,Card,invalid_restaurant_id
ORD00051590,CUST0018118,LOC0016,,Takeaway,Completed,,12540.00,0.00,2006.40,14546.40,Cash,invalid_date
ORD00051614,,LOC0003,2025-04-13 17:14:03,Dine-in,Completed,,7280.00,0.00,1092.00,8372.00,Card,missing_value
ORD00052003,CUST0048776,LOC0015,2025-04-14 13:21:53,Dine-in,Completed,,3090.00,7159.29,494.40,3584.40,Cash,discount_exceeds_subtotal
ORD00052054,,LOC0008,2025-04-14 14:48:20,ThirdPartyDelivery,Completed,,4140.00,0.00,662.40,4802.40,Online,missing_value
ORD00052082,CUST0027573,LOC0013,2025-04-14 16:32:25,Takeaway,Completed,,9820.00,0.00,1473.00,11293.00,Wallet,orphan_foreign_key
ORD00052102,CUST0015406,LOC2806,2025-04-14 18:17:10,ThirdPartyDelivery,Completed,,3770.00,0.00,565.50,4335.50,Online,invalid_restaurant_id
ORD00052279,CUST2955676,LOC0009,2025-04-14 23:38:36,Takeaway,Completed,,7430.00,0.00,1188.80,8618.80,Cash,orphan_foreign_key
ORD00052296,CUST0010063,LOC0018,2027-11-05 14:43:00,Takeaway,Completed,,2915.00,0.00,466.40,3381.40,Wallet,invalid_date
ORD00052303,CUST0043578,LOC0012,2025-04-15 10:47:42,Website,Completed,,2290.00,0.00,343.50,2633.50,Online,orphan_foreign_key
ORD00052694,,LOC0001,2025-04-15 22:17:46,Takeaway,Completed,,1150.00,0.00,172.50,1322.50,Wallet,missing_value
ORD00052737,CUST0054918,LOC0022,2025-04-16 00:08:31,Dine-in,Completed,,5970.00,0.00,895.50,6865.50,Cash,orphan_foreign_key
ORD00052766,CUST0014405,LOC0007,2025-04-16 12:10:50,App,Completed,,5290.00,9061.53,846.40,6136.40,Wallet,discount_exceeds_subtotal
ORD00052785,,LOC0021,2025-04-16 12:36:39,ThirdPartyDelivery,Cancelled,,6675.00,0.00,1001.25,7676.25,Online,missing_value
ORD00052979,CUST0029191,LOC0020,,Takeaway,Completed,,6100.00,0.00,915.00,7015.00,Cash,invalid_date
ORD00052981,,LOC0003,2025-04-16 19:10:30,Dine-in,Completed,PROMO006,13480.00,3630.00,1477.50,11327.50,Wallet,missing_value
ORD00052992,CUST0045813,LOC4581,2025-04-16 19:24:42,ThirdPartyDelivery,Completed,,5265.00,0.00,789.75,6054.75,Cash,invalid_restaurant_id
ORD00053013,CUST0046603,LOC0008,,Takeaway,Completed,,4210.00,0.00,673.60,4883.60,Cash,invalid_date
ORD00053052,CUST0043707,LOC0003,2025-04-16 20:40:22,Dine-in,Completed,,4630.00,0.00,694.50,5324.50,Cash,orphan_foreign_key
ORD00053062,CUST0045230,LOC0020,2025-04-16 20:52:21,Takeaway,Completed,,4270.00,0.00,640.50,4910.50,Card,orphan_foreign_key
ORD00053102,,LOC0003,2025-04-16 21:39:47,App,Completed,,13235.00,0.00,1985.25,15220.25,Wallet,missing_value
ORD00053220,CUST0048590,LOC0015,,Dine-in,Completed,,5235.00,0.00,837.60,6072.60,Wallet,invalid_date
ORD00053366,CUST0027341,LOC0021,1970-01-01 10:04:00,Dine-in,Completed,,3970.00,0.00,595.50,4565.50,Card,invalid_date
ORD00053376,CUST0033854,LOC2260,2025-04-17 15:17:47,Takeaway,Completed,,4710.00,0.00,706.50,5416.50,Card,invalid_restaurant_id
ORD00053392,CUST0015663,LOC2670,2025-04-17 16:07:48,Dine-in,Completed,,14375.00,0.00,2156.25,16531.25,Cash,invalid_restaurant_id
ORD00053452,CUST0007986,LOC0020,2025-04-17 19:04:23,Dine-in,Completed,PROMO006,18190.00,1710.00,2472.00,18952.00,Wallet,orphan_foreign_key
ORD00053487,,LOC0011,2025-04-17 19:52:57,ThirdPartyDelivery,Completed,,2200.00,0.00,352.00,2552.00,Cash,missing_value
ORD00053674,CUST0041072,LOC0005,2025-04-17 23:59:11,Website,Completed,PROMO006,14500.00,22649.84,1444.50,11074.50,Wallet,discount_exceeds_subtotal
ORD00053815,CUST0052755,LOC0015,2025-04-18 13:17:39,Dine-in,Cancelled,,9320.00,0.00,1491.20,10811.20,Card,orphan_foreign_key
ORD00053928,CUST0045852,LOC0012,1970-01-01 20:12:00,Website,Completed,,2470.00,0.00,370.50,2840.50,Wallet,invalid_date
ORD00054094,,LOC0020,2025-04-18 19:31:48,App,Completed,,2070.00,0.00,310.50,2380.50,Online,missing_value
ORD00054110,CUST0004103,LOC0001,2025-04-18 19:50:25,App,Completed,,2370.00,3039.17,355.50,2725.50,Online,discount_exceeds_subtotal
ORD00054257,CUST0032259,LOC0002,2025-04-18 21:41:58,Dine-in,Completed,PROMO006,12360.00,30607.82,1357.50,10407.50,Cash,discount_exceeds_subtotal
ORD00054394,CUST0028661,LOC0021,2025-04-19 12:01:19,App,Completed,,9560.00,0.00,1434.00,10994.00,Card,orphan_foreign_key
ORD00054495,CUST0018373,LOC0025,2025-04-19 13:17:11,Dine-in,Completed,PROMO006,18700.00,1510.00,2578.50,19768.50,Card,orphan_foreign_key
ORD00054801,CUST0038685,LOC0015,2025-04-19 20:21:28,Dine-in,Completed,,9770.00,22729.24,1563.20,11333.20,Cash,discount_exceeds_subtotal
ORD00054813,CUST0020443,LOC0004,2025-04-19 20:26:15,App,Completed,,3740.00,0.00,561.00,4301.00,Card,orphan_foreign_key
ORD00054829,CUST0034663,LOC0015,2025-04-19 20:39:40,Dine-in,Completed,,5050.00,10852.20,808.00,5858.00,Cash,discount_exceeds_subtotal
ORD00054848,CUST0039842,LOC0009,2025-04-19 20:52:45,App,Completed,,5210.00,0.00,833.60,6043.60,Online,orphan_foreign_key
ORD00054874,CUST0049576,LOC0005,2025-04-19 21:03:17,Takeaway,Completed,,5680.00,0.00,852.00,6532.00,Card,orphan_foreign_key
ORD00054890,CUST2113583,LOC0001,2025-04-19 21:11:52,App,Completed,PROMO006,5710.00,1710.00,600.00,4600.00,Wallet,orphan_foreign_key
ORD00054952,CUST0039018,LOC3497,2025-04-19 21:48:22,Dine-in,Cancelled,,9410.00,0.00,1411.50,10821.50,Cash,invalid_restaurant_id
ORD00054954,CUST0022212,LOC0018,2025-04-19 21:49:05,Website,Completed,PROMO006,5790.00,1510.00,684.80,4964.80,Wallet,orphan_foreign_key
ORD00055019,,LOC0005,2025-04-19 22:51:17,Website,Completed,,10380.00,0.00,1557.00,11937.00,Online,missing_value
ORD00055183,CUST0054528,LOC0005,2025-04-20 13:14:35,App,Completed,,8430.00,16388.81,1264.50,9694.50,Cash,discount_exceeds_subtotal
ORD00055188,CUST0008842,LOC6976,2025-04-20 13:17:52,Dine-in,Completed,,7045.00,0.00,1127.20,8172.20,Cash,invalid_restaurant_id
ORD00055268,CUST0012593,LOC0022,2025-04-20 14:35:15,Dine-in,Completed,,4030.00,0.00,604.50,4634.50,Cash,orphan_foreign_key
ORD00055338,,LOC0020,2025-04-20 17:05:56,ThirdPartyDelivery,Cancelled,PROMO006,9215.00,1630.00,1137.75,8722.75,Online,missing_value
ORD00055346,CUST0834652,LOC0001,2025-04-20 17:26:57,Dine-in,Completed,,1525.00,0.00,228.75,1753.75,Wallet,orphan_foreign_key
ORD00055530,CUST3680704,LOC0002,2025-04-20 20:57:40,Takeaway,Completed,,7420.00,0.00,1113.00,8533.00,Cash,orphan_foreign_key
ORD00055584,,LOC0020,2025-04-20 21:35:34,Takeaway,Completed,,5390.00,0.00,808.50,6198.50,Cash,missing_value
ORD00055716,,LOC0007,2025-04-21 11:33:04,App,Completed,,6320.00,0.00,1011.20,7331.20,Online,missing_value
ORD00055758,CUST0003773,LOC0015,2025-04-21 12:35:35,Dine-in,Completed,,9540.00,0.00,1526.40,11066.40,Card,orphan_foreign_key
ORD00055760,CUST0050312,LOC4471,2025-04-21 12:36:52,App,Completed,,3820.00,0.00,611.20,4431.20,Card,invalid_restaurant_id
ORD00055886,CUST0014187,LOC0002,2025-04-21 16:37:58,Takeaway,Completed,,2980.00,3417.45,447.00,3427.00,Card,discount_exceeds_subtotal
ORD00056108,CUST0051568,LOC0017,2025-04-21 22:50:05,App,Completed,,9090.00,0.00,1454.40,10544.40,Wallet,orphan_foreign_key
ORD00056292,CUST7810366,LOC0002,2025-04-22 14:41:59,Website,Completed,,8985.00,0.00,1347.75,10332.75,Online,orphan_foreign_key
ORD00056394,,LOC0017,2025-04-22 19:32:13,ThirdPartyDelivery,Completed,,3920.00,0.00,627.20,4547.20,Online,missing_value
ORD00056722,CUST0042876,LOC0017,2099-12-31 17:53:00,Dine-in,Completed,,4970.00,0.00,795.20,5765.20,Cash,invalid_date
ORD00056760,,LOC0017,2025-04-23 16:07:09,Dine-in,Completed,,3265.00,0.00,522.40,3787.40,Card,missing_value
ORD00056914,,LOC0022,2025-04-23 20:51:06,Dine-in,Completed,,4165.00,0.00,624.75,4789.75,Wallet,missing_value
ORD00057109,,LOC0004,2025-04-24 12:47:28,Dine-in,Completed,,4165.00,0.00,624.75,4789.75,Card,missing_value
ORD00057249,,LOC0015,2025-04-24 17:19:50,Dine-in,Completed,,4995.00,0.00,799.20,5794.20,Card,missing_value
ORD00057280,CUST0038355,LOC0018,2099-12-31 19:48:00,ThirdPartyDelivery,Completed,,3290.00,0.00,526.40,3816.40,Cash,invalid_date
ORD00057314,,LOC0019,2025-04-24 19:32:34,Dine-in,Completed,PROMO006,15110.00,1600.00,2161.60,15671.60,Card,missing_value
ORD00057368,,LOC0021,2025-04-24 20:32:49,Dine-in,Completed,,16510.00,0.00,2476.50,18986.50,Wallet,missing_value
ORD00057382,CUST0014191,LOC0004,2025-04-24 20:43:07,Takeaway,Completed,,7105.00,0.00,1065.75,8170.75,Cash,orphan_foreign_key
ORD00057409,CUST8087772,LOC0004,2025-04-24 21:10:01,Website,Completed,,1160.00,0.00,174.00,1334.00,Online,orphan_foreign_key
ORD00057490,CUST0039896,LOC7351,2025-04-24 22:50:27,ThirdPartyDelivery,Completed,,3085.00,0.00,493.60,3578.60,Cash,invalid_restaurant_id
ORD00057598,CUST7825372,LOC0001,2025-04-25 12:39:23,Dine-in,Completed,,3640.00,0.00,546.00,4186.00,Cash,orphan_foreign_key
ORD00057671,CUST1994181,LOC0001,2025-04-25 13:41:14,App,Completed,,1720.00,0.00,258.00,1978.00,Cash,orphan_foreign_key
ORD00057759,,LOC0025,2025-04-25 16:21:08,Website,Completed,,3800.00,0.00,570.00,4370.00,Card,missing_value
ORD00057851,CUST0041604,LOC0021,2025-04-25 18:59:55,ThirdPartyDelivery,Completed,,6820.00,0.00,1023.00,7843.00,Cash,orphan_foreign_key
ORD00057945,CUST0010860,LOC0009,2025-04-25 20:19:00,App,Completed,,5660.00,0.00,905.60,6565.60,Card,orphan_foreign_key
ORD00058065,,LOC0005,2025-04-25 21:41:31,Dine-in,Completed,,7890.00,0.00,1183.50,9073.50,Wallet,missing_value
ORD00058106,CUST3655805,LOC0021,2025-04-25 22:25:28,ThirdPartyDelivery,Completed,,4690.00,0.00,703.50,5393.50,Cash,orphan_foreign_key
ORD00058129,CUST0002237,LOC0025,2025-04-25 22:48:43,Takeaway,Completed,,5660.00,0.00,849.00,6509.00,Wallet,orphan_foreign_key
ORD00058336,CUST0031995,LOC0014,2025-04-26 13:30:32,App,Completed,,5620.00,0.00,843.00,6463.00,Card,orphan_foreign_key
ORD00058430,,LOC0018,2025-04-26 15:49:44,Takeaway,Completed,,4240.00,0.00,678.40,4918.40,Cash,missing_value
ORD00058528,CUST0890010,LOC0023,2025-04-26 19:06:45,Dine-in,Completed,,4925.00,0.00,738.75,5663.75,Wallet,orphan_foreign_key
ORD00058623,CUST0003389,LOC8237,2025-04-26 20:15:02,Dine-in,Completed,,5550.00,0.00,832.50,6382.50,Card,invalid_restaurant_id
ORD00058630,CUST1573200,LOC0022,2025-04-26 20:18:58,App,Completed,,8360.00,0.00,1254.00,9614.00,Wallet,orphan_foreign_key
ORD00058657,CUST0001043,LOC5833,2025-04-26 20:34:03,Dine-in,Completed,,9730.00,0.00,1459.50,11189.50,Wallet,invalid_restaurant_id
ORD00058779,CUST0004518,LOC0012,2025-04-26 21:59:36,Dine-in,Completed,,8095.00,10100.54,1214.25,9309.25,Card,discount_exceeds_subtotal
ORD00058832,CUST0015364,LOC0014,2025-04-26 22:50:17,App,Completed,,2475.00,0.00,371.25,2846.25,Wallet,orphan_foreign_key
ORD00058885,,LOC0024,2025-04-26 23:52:12,Dine-in,Completed,,2890.00,0.00,462.40,3352.40,Cash,missing_value
ORD00058888,,LOC0008,2025-04-26 23:58:49,App,Completed,,5080.00,0.00,812.80,5892.80,Online,missing_value
ORD00058996,CUST0027739,LOC0003,,ThirdPartyDelivery,Completed,,14060.00,0.00,2109.00,16169.00,Online,invalid_date
ORD00059045,,LOC0005,2025-04-27 13:27:32,Dine-in,Completed,,5360.00,0.00,804.00,6164.00,Wallet,missing_value
ORD00059097,CUST0036425,LOC0020,1900-01-01 18:11:00,Takeaway,Completed,,4250.00,0.00,637.50,4887.50,Cash,invalid_date
ORD00059143,CUST0037902,LOC0019,1970-01-01 12:19:00,Dine-in,Completed,,4830.00,0.00,772.80,5602.80,Wallet,invalid_date
ORD00059309,CUST0027046,LOC0019,2025-04-27 20:17:30,App,Completed,PROMO006,7230.00,1710.00,883.20,6403.20,Cash,orphan_foreign_key
ORD00059368,CUST0019865,LOC0207,2025-04-27 21:02:14,ThirdPartyDelivery,Completed,,10690.00,0.00,1603.50,12293.50,Online,invalid_restaurant_id
ORD00059392,CUST0046291,LOC0020,2025-04-27 21:15:18,App,Completed,,8990.00,0.00,1348.50,10338.50,Cash,orphan_foreign_key
ORD00059393,CUST0050711,LOC0001,2025-04-27 21:16:28,Takeaway,Completed,,6670.00,0.00,1000.50,7670.50,Card,orphan_foreign_key
ORD00059616,CUST0018038,LOC0008,2025-04-28 13:00:04,Website,Completed,,9660.00,13505.39,1545.60,11205.60,Card,discount_exceeds_subtotal
ORD00059730,CUST5999374,LOC0010,2025-04-28 17:43:57,App,Completed,PROMO006,8750.00,1710.00,1126.40,8166.40,Card,orphan_foreign_key
ORD00059765,CUST0023978,LOC0012,2031-07-22 11:37:00,Website,Completed,,7155.00,0.00,1073.25,8228.25,Card,invalid_date
ORD00059784,CUST7737093,LOC0007,2025-04-28 19:35:35,Website,Completed,,8110.00,0.00,1297.60,9407.60,Online,orphan_foreign_key
ORD00060108,CUST0005300,LOC0010,2025-04-29 14:01:37,Website,Completed,,3110.00,0.00,497.60,3607.60,Online,orphan_foreign_key
ORD00060114,,LOC0023,2025-04-29 14:09:31,Dine-in,Completed,,21600.00,0.00,3240.00,24840.00,Card,missing_value
ORD00060134,CUST0004444,LOC0008,2025-04-29 14:31:00,App,Completed,,5880.00,0.00,940.80,6820.80,Online,orphan_foreign_key
ORD00060364,CUST0031938,LOC0008,2025-04-29 21:53:41,App,Completed,,5345.00,11196.08,855.20,6200.20,Online,discount_exceeds_subtotal
ORD00060367,,LOC0023,2025-04-29 21:55:17,Dine-in,Completed,PROMO006,14400.00,3450.00,1642.50,12592.50,Card,missing_value
ORD00060379,,LOC0012,2025-04-29 22:21:49,ThirdPartyDelivery,Completed,,1900.00,0.00,285.00,2185.00,Online,missing_value
ORD00060406,CUST0020382,LOC2678,2025-04-29 23:41:20,Dine-in,Completed,PROMO006,26050.00,4350.00,3472.00,25172.00,Cash,invalid_restaurant_id
ORD00060407,CUST0025447,LOC0020,2025-04-29 23:45:17,App,Completed,,6190.00,10702.89,928.50,7118.50,Card,discount_exceeds_subtotal
ORD00060479,CUST0053873,LOC0003,2025-04-30 12:42:14,Dine-in,Completed,,9355.00,0.00,1403.25,10758.25,Card,orphan_foreign_key
ORD00060537,CUST3937803,LOC0018,2025-04-30 13:46:03,Takeaway,Completed,PROMO006,3430.00,1380.00,328.00,2378.00,Cash,orphan_foreign_key
ORD00060592,CUST9135229,LOC0005,2025-04-30 15:56:28,App,Completed,,9365.00,0.00,1404.75,10769.75,Wallet,orphan_foreign_key
ORD00060833,CUST0024853,LOC0022,2025-04-30 22:18:55,Dine-in,Completed,PROMO006,14130.00,19170.15,1617.00,12397.00,Cash,discount_exceeds_subtotal
ORD00060851,,LOC0004,2025-04-30 22:37:30,ThirdPartyDelivery,Completed,,6480.00,0.00,972.00,7452.00,Online,missing_value
ORD00061043,CUST2606525,LOC0014,2025-05-01 16:08:22,Dine-in,Completed,PROMO007,1400.00,67.50,199.88,1532.38,Cash,orphan_foreign_key
ORD00061260,CUST0029078,LOC0003,2025-05-01 22:25:39,ThirdPartyDelivery,Completed,PROMO007,3760.00,52.50,556.12,4263.62,Cash,orphan_foreign_key
ORD00061452,CUST0030835,LOC0016,2025-05-02 13:42:08,ThirdPartyDelivery,Completed,,3875.00,7901.33,620.00,4495.00,Online,discount_exceeds_subtotal
ORD00061663,CUST0009263,LOC0002,2025-05-02 19:50:34,Dine-in,Completed,,13245.00,0.00,1986.75,15231.75,Card,orphan_foreign_key
ORD00061991,CUST0024162,LOC0017,2025-05-03 12:43:46,Takeaway,Completed,,8060.00,0.00,1289.60,9349.60,Card,orphan_foreign_key
ORD00062028,CUST0010853,LOC0021,2025-05-03 13:17:01,App,Completed,,2560.00,3418.71,384.00,2944.00,Wallet,discount_exceeds_subtotal
ORD00062239,CUST0024162,LOC0017,2025-05-03 19:03:22,Dine-in,Completed,,15230.00,0.00,2436.80,17666.80,Card,orphan_foreign_key
ORD00062308,,LOC0020,2025-05-03 20:04:42,Takeaway,Completed,,9990.00,0.00,1498.50,11488.50,Cash,missing_value
ORD00062353,,LOC0013,2025-05-03 20:34:09,App,Completed,PROMO007,1980.00,270.00,256.50,1966.50,Wallet,missing_value
ORD00062498,CUST0028641,LOC0013,2025-05-03 22:35:15,Dine-in,Completed,,4850.00,0.00,727.50,5577.50,Card,orphan_foreign_key
ORD00062589,,LOC0024,2025-05-04 11:47:35,App,Completed,,12590.00,0.00,2014.40,14604.40,Online,missing_value
ORD00062638,,LOC0002,2025-05-04 12:42:17,Dine-in,Completed,,8330.00,0.00,1249.50,9579.50,Cash,missing_value
ORD00062698,CUST0042136,LOC0009,2025-05-04 13:21:36,ThirdPartyDelivery,Completed,,8215.00,18313.78,1314.40,9529.40,Cash,discount_exceeds_subtotal
ORD00062717,CUST0002237,LOC0013,2025-05-04 13:41:49,Dine-in,Completed,,7300.00,0.00,1095.00,8395.00,Wallet,orphan_foreign_key
ORD00062774,,LOC0020,2025-05-04 14:50:42,Website,Completed,,5900.00,0.00,885.00,6785.00,Online,missing_value
ORD00062872,,LOC0020,2025-05-04 18:30:57,Takeaway,Completed,,5230.00,0.00,784.50,6014.50,Cash,missing_value
ORD00063473,CUST0019230,LOC0023,2025-05-05 20:23:39,ThirdPartyDelivery,Completed,PROMO007,10080.00,235.00,1476.75,11321.75,Online,orphan_foreign_key
ORD00063722,CUST0041762,LOC0023,1970-01-01 11:27:00,Dine-in,Completed,,4040.00,0.00,606.00,4646.00,Cash,invalid_date
ORD00063797,CUST0010471,LOC0004,2025-05-06 17:00:34,App,Cancelled,,2800.00,3723.05,420.00,3220.00,Card,discount_exceeds_subtotal
ORD00063842,CUST0054949,LOC0010,2025-05-06 18:55:27,Website,Completed,,11000.00,0.00,1760.00,12760.00,Card,orphan_foreign_key
ORD00064016,CUST0048197,LOC0005,2027-11-05 13:38:00,App,Completed,PROMO007,4385.00,67.50,647.62,4965.12,Card,invalid_date
ORD00064128,CUST0040076,LOC0015,2099-12-31 19:51:00,Website,Completed,PROMO007,4190.00,445.00,599.20,4344.20,Online,invalid_date
ORD00064185,CUST0021460,LOC0012,2025-05-07 15:40:00,Dine-in,Completed,,8540.00,12044.09,1281.00,9821.00,Cash,discount_exceeds_subtotal
ORD00064271,CUST7590161,LOC0024,2025-05-07 19:50:13,Takeaway,Completed,,5840.00,0.00,934.40,6774.40,Card,orphan_foreign_key
ORD00064470,,LOC0017,2025-05-08 12:23:01,Dine-in,Completed,,9600.00,0.00,1536.00,11136.00,Card,missing_value
ORD00064721,CUST9606091,LOC0013,2025-05-08 20:14:18,Website,Completed,,2560.00,0.00,384.00,2944.00,Card,orphan_foreign_key
ORD00064768,CUST0044612,LOC0005,2025-05-08 20:53:40,Dine-in,Completed,,3180.00,0.00,477.00,3657.00,Cash,orphan_foreign_key
ORD00064771,CUST4843894,LOC0017,2025-05-08 20:55:46,App,Completed,,8970.00,0.00,1435.20,10405.20,Online,orphan_foreign_key
ORD00064787,CUST9497729,LOC0008,2025-05-08 21:17:25,Takeaway,Completed,,7050.00,0.00,1128.00,8178.00,Cash,orphan_foreign_key
ORD00064802,CUST0011132,LOC0019,2025-05-08 21:35:47,Website,Completed,PROMO007,4990.00,380.00,737.60,5347.60,Online,orphan_foreign_key
ORD00064822,CUST7749868,LOC0010,2025-05-08 22:02:00,App,Completed,,6810.00,0.00,1089.60,7899.60,Online,orphan_foreign_key
ORD00065018,CUST0044612,LOC0015,2025-05-09 13:33:10,Dine-in,Completed,,15020.00,0.00,2403.20,17423.20,Wallet,orphan_foreign_key
ORD00065035,CUST0027161,LOC7294,2025-05-09 13:47:44,Dine-in,Completed,,10890.00,0.00,1742.40,12632.40,Wallet,invalid_restaurant_id
ORD00065208,CUST0033508,LOC0024,2025-05-09 19:11:13,Dine-in,Completed,,16100.00,0.00,2576.00,18676.00,Cash,orphan_foreign_key
ORD00065219,,LOC0023,2025-05-09 19:20:12,Dine-in,Completed,PROMO007,3860.00,390.00,520.50,3990.50,Wallet,missing_value
ORD00065489,CUST2419565,LOC0012,2025-05-10 00:29:50,ThirdPartyDelivery,Completed,,4010.00,0.00,601.50,4611.50,Cash,orphan_foreign_key
ORD00065512,CUST6697644,LOC0019,2025-05-10 11:04:21,ThirdPartyDelivery,Completed,,13350.00,0.00,2136.00,15486.00,Online,orphan_foreign_key
ORD00065557,CUST0004734,LOC0019,2025-05-10 12:12:05,Dine-in,Completed,,7420.00,12473.63,1187.20,8607.20,Card,discount_exceeds_subtotal
ORD00065741,CUST0027783,LOC0025,2025-05-10 14:56:06,Dine-in,Completed,,12800.00,24812.47,1920.00,14720.00,Cash,discount_exceeds_subtotal
ORD00065799,CUST0035730,LOC0011,2025-05-10 17:34:26,Dine-in,Completed,,11870.00,24730.02,1899.20,13769.20,Wallet,discount_exceeds_subtotal
ORD00066055,CUST0000349,LOC0005,2099-12-31 10:14:00,ThirdPartyDelivery,Completed,,4960.00,0.00,744.00,5704.00,Cash,invalid_date
ORD00066446,CUST0042424,LOC0017,2025-05-11 18:14:06,ThirdPartyDelivery,Completed,,9640.00,0.00,1542.40,11182.40,Online,orphan_foreign_key
ORD00066462,CUST0039707,LOC0014,2025-05-11 18:48:01,Website,Completed,,860.00,0.00,129.00,989.00,Online,orphan_foreign_key
ORD00066718,CUST0054990,LOC0007,2025-05-11 23:33:43,Takeaway,Completed,,935.00,0.00,149.60,1084.60,Card,orphan_foreign_key
ORD00066880,,LOC0017,2025-05-12 14:52:38,Dine-in,Completed,,14210.00,0.00,2273.60,16483.60,Card,missing_value
ORD00066921,,LOC0022,2025-05-12 18:03:43,Takeaway,Completed,,2260.00,0.00,339.00,2599.00,Wallet,missing_value
ORD00067028,CUST0029607,LOC0013,2027-11-05 22:42:00,Takeaway,Completed,,7045.00,0.00,1056.75,8101.75,Cash,invalid_date
ORD00067104,,LOC0022,2025-05-12 22:30:32,App,Completed,,11200.00,0.00,1680.00,12880.00,Wallet,missing_value
ORD00067195,CUST0045856,LOC0013,2025-05-13 12:50:19,ThirdPartyDelivery,Completed,,9770.00,0.00,1465.50,11235.50,Online,orphan_foreign_key
ORD00067340,CUST0014612,LOC9445,2025-05-13 18:31:34,Dine-in,Completed,,12020.00,0.00,1803.00,13823.00,Cash,invalid_restaurant_id
ORD00067348,CUST0052543,LOC0008,2025-05-13 19:01:16,Dine-in,Completed,,5970.00,0.00,955.20,6925.20,Cash,orphan_foreign_key
ORD00067540,CUST0036201,LOC0008,,Dine-in,Completed,PROMO007,5190.00,447.50,758.80,5501.30,Card,invalid_date
ORD00067559,CUST0052755,LOC0015,2025-05-14 00:31:30,Takeaway,Completed,,8100.00,0.00,1296.00,9396.00,Cash,orphan_foreign_key
ORD00067573,,LOC0021,2025-05-14 10:10:18,Dine-in,Completed,,11340.00,0.00,1701.00,13041.00,Cash,missing_value
ORD00067760,CUST0035972,LOC0020,2025-05-14 17:27:34,App,Completed,PROMO007,6690.00,11168.36,983.25,7538.25,Card,discount_exceeds_subtotal
ORD00067968,CUST0044612,LOC0005,2025-05-14 22:11:13,Website,Completed,,1780.00,0.00,267.00,2047.00,Card,orphan_foreign_key
ORD00068102,CUST0014531,LOC0008,,Takeaway,Completed,,250.00,0.00,40.00,290.00,Cash,invalid_date
ORD00068134,CUST0016949,LOC0003,2025-05-15 13:28:36,Takeaway,Cancelled,PROMO007,4530.00,8918.15,643.12,4930.62,Cash,discount_exceeds_subtotal
ORD00068305,CUST0043707,LOC0003,2025-05-15 19:18:26,Dine-in,Completed,,7350.00,0.00,1102.50,8452.50,Card,orphan_foreign_key
ORD00068324,CUST0014270,LOC0009,2025-05-15 19:34:40,Dine-in,Completed,,2190.00,0.00,350.40,2540.40,Card,orphan_foreign_key
ORD00068539,CUST0001377,LOC0011,2025-05-16 11:41:51,Dine-in,Completed,,13780.00,31257.15,2204.80,15984.80,Card,discount_exceeds_subtotal
ORD00068614,CUST0032510,LOC7577,2025-05-16 12:57:47,Takeaway,Completed,PROMO007,7630.00,232.50,1109.62,8507.12,Cash,invalid_restaurant_id
ORD00068622,CUST0042762,LOC0008,,App,Completed,,2570.00,0.00,411.20,2981.20,Online,invalid_date
ORD00068623,,LOC0008,2025-05-16 13:07:33,Dine-in,Completed,,9840.00,0.00,1574.40,11414.40,Card,missing_value
ORD00068626,CUST0014191,LOC0005,2025-05-16 13:08:45,Website,Completed,,4360.00,0.00,654.00,5014.00,Online,orphan_foreign_key
ORD00068669,,LOC0019,2025-05-16 13:52:13,ThirdPartyDelivery,Completed,PROMO007,5720.00,40.00,908.80,6588.80,Cash,missing_value
ORD00068710,CUST0033753,LOC0006,2025-05-16 14:52:08,Dine-in,Completed,,3355.00,8078.62,503.25,3858.25,Cash,discount_exceeds_subtotal
ORD00068956,CUST0043473,LOC0017,2025-05-16 20:43:04,ThirdPartyDelivery,Completed,,5540.00,7688.84,886.40,6426.40,Cash,discount_exceeds_subtotal
ORD00069006,CUST0036196,LOC0011,2025-05-16 21:17:44,ThirdPartyDelivery,Completed,,3610.00,0.00,577.60,4187.60,Online,orphan_foreign_key
ORD00069092,CUST0015364,LOC0014,2025-05-16 22:42:27,App,Completed,,4500.00,0.00,675.00,5175.00,Cash,orphan_foreign_key
ORD00069169,,LOC0018,2025-05-17 11:06:08,App,Completed,,12355.00,0.00,1976.80,14331.80,Online,missing_value
ORD00069218,CUST0008412,LOC0018,2025-05-17 12:23:57,Dine-in,Completed,PROMO007,6930.00,270.00,1065.60,7725.60,Wallet,orphan_foreign_key
ORD00069220,,LOC0021,2025-05-17 12:25:07,Takeaway,Completed,,4070.00,0.00,610.50,4680.50,Wallet,missing_value
ORD00069327,,LOC0008,2025-05-17 13:45:37,Dine-in,Completed,PROMO007,3270.00,40.00,516.80,3746.80,Card,missing_value
ORD00069408,CUST0039593,LOC0001,2099-12-31 21:46:00,ThirdPartyDelivery,Completed,,8760.00,0.00,1314.00,10074.00,Online,invalid_date
ORD00069425,,LOC0018,2025-05-17 16:29:04,App,Completed,,9350.00,0.00,1496.00,10846.00,Online,missing_value
ORD00069535,,LOC0018,2025-05-17 19:33:56,Dine-in,Completed,,7660.00,0.00,1225.60,8885.60,Cash,missing_value
ORD00069545,CUST0039707,LOC0004,2025-05-17 19:41:55,Website,Completed,,2880.00,0.00,432.00,3312.00,Card,orphan_foreign_key
ORD00069551,,LOC0009,2025-05-17 19:49:28,App,Cancelled,,2540.00,0.00,406.40,2946.40,Card,missing_value
ORD00069700,CUST0003802,LOC0004,2025-05-17 21:48:22,ThirdPartyDelivery,Completed,,6700.00,15064.82,1005.00,7705.00,Cash,discount_exceeds_subtotal
ORD00069742,,LOC0011,2025-05-17 22:25:45,Website,Completed,,3050.00,0.00,488.00,3538.00,Online,missing_value
ORD00069755,,LOC0021,2025-05-17 22:37:02,Takeaway,Completed,PROMO007,6750.00,737.50,901.88,6914.38,Cash,missing_value
ORD00069809,CUST0041250,LOC0011,1900-01-01 22:40:00,Dine-in,Completed,PROMO007,6940.00,147.50,1086.80,7879.30,Card,invalid_date
ORD00069841,CUST0004212,LOC0004,,Dine-in,Completed,PROMO007,9590.00,165.00,1413.75,10838.75,Cash,invalid_date
ORD00069851,CUST6067019,LOC0022,2025-05-18 12:15:08,App,Completed,,3570.00,0.00,535.50,4105.50,Online,orphan_foreign_key
ORD00069961,CUST0023994,LOC0013,2025-05-18 13:57:31,Dine-in,Completed,,8430.00,16188.40,1264.50,9694.50,Card,discount_exceeds_subtotal
ORD00069991,CUST0028347,LOC0020,2031-07-22 10:58:00,Takeaway,Completed,,4310.00,0.00,646.50,4956.50,Cash,invalid_date
ORD00070009,CUST0025135,LOC0018,2025-05-18 14:57:35,Website,Completed,PROMO008,9335.00,15325.24,1344.24,9745.74,Online,discount_exceeds_subtotal
ORD00070048,,LOC0004,2025-05-18 17:21:41,App,Completed,,4920.00,0.00,738.00,5658.00,Wallet,missing_value
ORD00070067,CUST5758666,LOC0006,2025-05-18 17:57:18,App,Completed,,6300.00,0.00,945.00,7245.00,Online,orphan_foreign_key
ORD00070068,,LOC0002,2025-05-18 17:58:31,ThirdPartyDelivery,Completed,,2785.00,0.00,417.75,3202.75,Cash,missing_value
ORD00070076,CUST0015496,LOC0001,2025-05-18 18:15:10,Dine-in,Completed,,6905.00,0.00,1035.75,7940.75,Card,orphan_foreign_key
ORD00070216,CUST9413122,LOC0017,2025-05-18 20:32:01,App,Completed,PROMO007,6370.00,305.00,970.40,7035.40,Online,orphan_foreign_key
ORD00070295,CUST0032362,LOC0018,,Dine-in,Completed,,14020.00,0.00,2243.20,16263.20,Cash,invalid_date
ORD00070336,CUST0050176,LOC0018,2027-11-05 13:15:00,Dine-in,Completed,,5610.00,0.00,897.60,6507.60,Card,invalid_date
ORD00070444,CUST0031333,LOC3178,2025-05-19 11:53:10,Website,Completed,PROMO007,2360.00,225.00,320.25,2455.25,Online,invalid_restaurant_id
ORD00070542,CUST0005025,LOC6887,2025-05-19 14:31:03,Dine-in,Completed,,5710.00,0.00,856.50,6566.50,Cash,invalid_restaurant_id
ORD00070549,CUST0047810,LOC9195,2025-05-19 14:48:12,Dine-in,Completed,,5010.00,0.00,751.50,5761.50,Cash,invalid_restaurant_id
ORD00070892,CUST0001094,LOC0024,2025-05-20 13:05:34,Dine-in,Completed,PROMO007,12270.00,26.25,1959.00,14202.75,Card,orphan_foreign_key
ORD00071029,CUST0040642,LOC3309,2025-05-20 18:18:42,Website,Completed,PROMO008,9650.00,965.00,1302.75,9987.75,Wallet,invalid_restaurant_id
ORD00071467,CUST0002591,LOC0019,,ThirdPartyDelivery,Completed,,4280.00,0.00,684.80,4964.80,Cash,invalid_date
ORD00071609,CUST5253130,LOC0003,2025-05-21 21:54:27,Website,Completed,,5445.00,0.00,816.75,6261.75,Online,orphan_foreign_key
ORD00071819,CUST0026057,LOC8912,2025-05-22 15:00:47,App,Completed,,7750.00,0.00,1240.00,8990.00,Online,invalid_restaurant_id
ORD00072062,CUST2900207,LOC0014,2025-05-22 22:41:34,Dine-in,Completed,,6370.00,0.00,955.50,7325.50,Cash,orphan_foreign_key
ORD00072424,CUST0021434,LOC9104,2025-05-23 19:37:27,ThirdPartyDelivery,Completed,,4160.00,0.00,665.60,4825.60,Cash,invalid_restaurant_id
ORD00072466,CUST0030989,LOC0011,2025-05-23 20:08:11,Takeaway,Completed,,4450.00,0.00,712.00,5162.00,Cash,orphan_foreign_key
ORD00072580,,LOC0009,2025-05-23 21:32:08,Website,Completed,,730.00,0.00,116.80,846.80,Card,missing_value
ORD00072727,CUST0033809,LOC0001,2025-05-24 12:02:50,App,Cancelled,,5500.00,11896.46,825.00,6325.00,Cash,discount_exceeds_subtotal
ORD00072807,CUST0044164,LOC0003,2025-05-24 12:59:09,Dine-in,Completed,,8180.00,0.00,1227.00,9407.00,Cash,orphan_foreign_key
ORD00072838,CUST0027893,LOC1905,2025-05-24 13:22:18,App,Completed,PROMO007,10930.00,140.00,1618.50,12408.50,Online,invalid_restaurant_id
ORD00072943,CUST0019094,LOC0008,2027-11-05 12:39:00,Dine-in,Completed,PROMO007,9070.00,262.50,1409.20,10216.70,Cash,invalid_date
ORD00073298,CUST0029915,LOC0001,2025-05-24 22:06:42,Dine-in,Completed,,7040.00,12607.84,1056.00,8096.00,Card,discount_exceeds_subtotal
ORD00073343,CUST0006360,LOC6194,2025-05-24 22:57:28,App,Completed,,7580.00,0.00,1212.80,8792.80,Online,orphan_foreign_key
ORD00073383,CUST0015691,LOC0015,2031-07-22 22:17:00,Dine-in,Completed,,11720.00,0.00,1875.20,13595.20,Wallet,invalid_date
ORD00073507,,LOC0005,2025-05-25 13:35:26,App,Completed,,7460.00,0.00,1119.00,8579.00,Wallet,missing_value
ORD00073627,,LOC0018,2025-05-25 17:06:39,Takeaway,Completed,,5030.00,0.00,804.80,5834.80,Cash,missing_value
ORD00073658,CUST0041045,LOC0014,2027-11-05 15:35:00,Takeaway,Completed,,2525.00,0.00,378.75,2903.75,Wallet,invalid_date
ORD00073698,,LOC0019,2025-05-25 19:21:37,App,Cancelled,,5250.00,0.00,840.00,6090.00,Wallet,missing_value
ORD00073930,CUST0048406,LOC0018,,App,Completed,PROMO007,7875.00,387.50,1198.00,8685.50,Wallet,invalid_date
ORD00074411,CUST0010007,LOC0003,2025-05-26 23:14:53,Dine-in,Completed,PROMO007,3585.00,7242.43,515.81,3954.56,Wallet,discount_exceeds_subtotal
ORD00074423,,LOC0007,2025-05-26 23:40:20,Takeaway,Completed,,2740.00,0.00,438.40,3178.40,Card,missing_value
ORD00074491,CUST0014974,LOC0004,1900-01-01 14:03:00,Dine-in,Completed,,4750.00,0.00,712.50,5462.50,Cash,invalid_date
ORD00074779,CUST0040073,LOC0016,2025-05-27 21:58:15,Takeaway,Completed,,14180.00,18530.90,2268.80,16448.80,Cash,discount_exceeds_subtotal
ORD00074819,CUST0014199,LOC0002,2025-05-27 23:13:50,Dine-in,Completed,,1950.00,0.00,292.50,2242.50,Cash,orphan_foreign_key
ORD00075705,,LOC0002,2025-05-29 22:47:04,Dine-in,Completed,,2695.00,0.00,404.25,3099.25,Card,missing_value
ORD00075769,,LOC0003,2025-05-30 11:05:57,App,Completed,,1670.00,0.00,250.50,1920.50,Cash,missing_value
ORD00076155,CUST0006630,LOC0003,2025-05-30 20:38:50,Dine-in,Completed,,3685.00,0.00,552.75,4237.75,Cash,orphan_foreign_key
ORD00076275,CUST0051431,LOC0016,2025-05-30 22:14:51,ThirdPartyDelivery,Completed,,3490.00,8589.02,558.40,4048.40,Cash,discount_exceeds_subtotal
ORD00076276,,LOC0017,2025-05-30 22:15:59,Dine-in,Completed,PROMO007,4240.00,352.50,622.00,4509.50,Card,missing_value
ORD00076605,CUST0010016,LOC0019,2031-07-22 11:17:00,App,Completed,,8450.00,0.00,1352.00,9802.00,Wallet,invalid_date
ORD00076685,CUST0031486,LOC0019,2025-05-31 19:02:59,ThirdPartyDelivery,Completed,,12500.00,0.00,2000.00,14500.00,Cash,orphan_foreign_key
ORD00076688,CUST0027903,LOC0011,,Dine-in,Completed,PROMO007,10540.00,785.00,1560.80,11315.80,Cash,invalid_date
ORD00076827,CUST7598093,LOC0006,2025-05-31 21:07:33,Dine-in,Completed,,5910.00,0.00,886.50,6796.50,Cash,orphan_foreign_key
ORD00077013,CUST0024897,LOC0010,2025-06-01 12:01:41,App,Completed,,10630.00,0.00,1700.80,12330.80,Wallet,orphan_foreign_key
ORD00077209,CUST0040140,LOC0020,2025-06-01 15:45:10,App,Completed,,4280.00,0.00,642.00,4922.00,Online,orphan_foreign_key
ORD00077289,CUST0024162,LOC0017,2025-06-01 18:47:09,Website,Completed,,5240.00,0.00,838.40,6078.40,Wallet,orphan_foreign_key
ORD00077385,,LOC0022,2025-06-01 20:11:29,Website,Completed,,8660.00,0.00,1299.00,9959.00,Card,missing_value
ORD00077396,,LOC0010,2025-06-01 20:19:50,App,Completed,,3140.00,0.00,502.40,3642.40,Online,missing_value
ORD00077493,CUST0015620,LOC0004,1970-01-01 11:12:00,Dine-in,Completed,,5670.00,0.00,850.50,6520.50,Wallet,invalid_date
ORD00077525,CUST0027196,LOC0010,2031-07-22 15:48:00,App,Completed,,7610.00,0.00,1217.60,8827.60,Online,invalid_date
ORD00077535,CUST0004444,LOC0004,2025-06-01 22:25:47,Website,Completed,,540.00,0.00,81.00,621.00,Online,orphan_foreign_key
ORD00077623,CUST0049233,LOC0001,2025-06-02 12:16:18,App,Completed,PROMO007,2805.00,6914.69,401.06,3074.81,Wallet,discount_exceeds_subtotal
ORD00077855,CUST0023770,LOC0017,2031-07-22 22:55:00,Dine-in,Completed,,3170.00,0.00,507.20,3677.20,Card,invalid_date
ORD00077967,CUST0011409,LOC0004,2025-06-03 00:22:56,App,Completed,PROMO007,1700.00,282.50,212.62,1630.12,Wallet,orphan_foreign_key
ORD00078125,,LOC0004,2025-06-03 15:36:06,Takeaway,Completed,,7510.00,0.00,1126.50,8636.50,Cash,missing_value
ORD00078140,CUST0015340,LOC0024,2025-06-03 16:44:04,Takeaway,Completed,,12300.00,0.00,1968.00,14268.00,Cash,orphan_foreign_key
ORD00078200,CUST6475319,LOC0004,2025-06-03 19:28:35,Dine-in,Completed,,6560.00,0.00,984.00,7544.00,Card,orphan_foreign_key
ORD00078263,CUST0044448,LOC0003,2025-06-03 21:08:21,Takeaway,Completed,,7510.00,0.00,1126.50,8636.50,Card,orphan_foreign_key
ORD00078453,CUST0009904,LOC0012,1900-01-01 11:08:00,Dine-in,Completed,,5120.00,0.00,768.00,5888.00,Card,invalid_date
ORD00078465,CUST0049241,LOC0015,2025-06-04 14:04:38,App,Completed,,5270.00,8948.59,843.20,6113.20,Card,discount_exceeds_subtotal
ORD00078589,CUST2998514,LOC0003,2025-06-04 19:21:10,Dine-in,Completed,,10500.00,0.00,1575.00,12075.00,Cash,orphan_foreign_key
ORD00078768,,LOC0003,2025-06-04 23:38:49,Dine-in,Completed,,8630.00,0.00,1294.50,9924.50,Card,missing_value
ORD00078952,,LOC0006,2025-06-05 17:42:07,Takeaway,Completed,,10155.00,0.00,1523.25,11678.25,Cash,missing_value
ORD00078957,CUST0043348,LOC0008,2025-06-05 17:55:39,Dine-in,Completed,,9170.00,0.00,1467.20,10637.20,Card,orphan_foreign_key
ORD00079402,CUST0033732,LOC9843,2025-06-06 14:56:20,Dine-in,Completed,PROMO007,13580.00,835.00,1911.75,14656.75,Cash,invalid_restaurant_id
ORD00079409,CUST0034779,LOC0013,2025-06-06 15:13:04,ThirdPartyDelivery,Completed,,4500.00,0.00,675.00,5175.00,Cash,orphan_foreign_key
ORD00079624,CUST0006115,LOC0007,2025-06-06 21:23:21,App,Completed,,7880.00,15214.36,1260.80,9140.80,Card,discount_exceeds_subtotal
ORD00079711,CUST0023411,LOC0023,1900-01-01 17:59:00,Website,Completed,,8610.00,0.00,1291.50,9901.50,Card,invalid_date
ORD00079893,,LOC0001,2025-06-07 15:12:25,Website,Completed,,5170.00,0.00,775.50,5945.50,Online,missing_value
ORD00080059,,LOC0004,2025-06-07 21:16:52,ThirdPartyDelivery,Completed,,7610.00,0.00,1141.50,8751.50,Online,missing_value
ORD00080061,CUST0053556,LOC0009,2031-07-22 20:09:00,Dine-in,Completed,,7340.00,0.00,1174.40,8514.40,Cash,invalid_date
ORD00080134,CUST0012212,LOC0014,2025-06-07 23:11:48,App,Completed,,1970.00,4546.39,295.50,2265.50,Online,discount_exceeds_subtotal
ORD00080198,CUST0015760,LOC0007,2025-06-08 12:08:01,Dine-in,Completed,PROMO007,2365.00,148.75,354.60,2570.85,Cash,orphan_foreign_key
ORD00080234,CUST0034752,LOC0008,2025-06-08 12:46:54,Dine-in,Completed,,4220.00,0.00,675.20,4895.20,Card,orphan_foreign_key
ORD00080245,CUST0002845,LOC0007,,ThirdPartyDelivery,Completed,,6290.00,0.00,1006.40,7296.40,Cash,invalid_date
ORD00080268,CUST7266959,LOC0004,2025-06-08 13:20:58,Dine-in,Completed,,11355.00,0.00,1703.25,13058.25,Card,orphan_foreign_key
ORD00080341,CUST0003268,LOC0019,,Website,Completed,,8035.00,0.00,1285.60,9320.60,Online,invalid_date
ORD00080568,CUST0031486,LOC0019,2025-06-08 21:02:37,Takeaway,Completed,,8460.00,0.00,1353.60,9813.60,Cash,orphan_foreign_key
ORD00080630,CUST2188250,LOC0016,2025-06-08 22:00:48,ThirdPartyDelivery,Completed,,6590.00,0.00,1054.40,7644.40,Cash,orphan_foreign_key
ORD00080737,CUST0016792,LOC4528,2025-06-09 12:14:43,ThirdPartyDelivery,Completed,,12920.00,0.00,2067.20,14987.20,Online,invalid_restaurant_id
ORD00080760,,LOC0023,2025-06-09 12:42:33,Dine-in,Completed,PROMO007,5070.00,310.00,714.00,5474.00,Card,missing_value
ORD00080841,CUST0046454,LOC0012,2025-06-09 14:08:58,Website,Completed,PROMO007,7445.00,26.25,1112.81,8531.56,Online,orphan_foreign_key
ORD00080960,CUST0001753,LOC0018,2025-06-09 19:18:32,Takeaway,Completed,,6040.00,0.00,966.40,7006.40,Cash,orphan_foreign_key
ORD00081116,CUST0014209,LOC0018,2025-06-09 22:11:16,Dine-in,Completed,,4015.00,7036.75,642.40,4657.40,Wallet,discount_exceeds_subtotal
ORD00081217,CUST0015241,LOC0004,2025-06-10 12:01:44,App,Completed,,4590.00,0.00,688.50,5278.50,Online,orphan_foreign_key
ORD00081306,CUST0009263,LOC0002,2025-06-10 13:55:56,App,Completed,,3535.00,0.00,530.25,4065.25,Wallet,orphan_foreign_key
ORD00081636,,LOC0008,2025-06-11 12:10:52,Takeaway,Completed,,3470.00,0.00,555.20,4025.20,Wallet,missing_value
ORD00081697,,LOC0023,2025-06-11 13:16:36,Dine-in,Completed,PROMO010,3450.00,306.00,471.60,3615.60,Card,missing_value
ORD00081706,CUST0031486,LOC0012,2025-06-11 13:28:13,App,Completed,PROMO010,9730.00,796.50,1340.02,10273.52,Card,orphan_foreign_key
ORD00081807,,LOC0021,2025-06-11 18:06:47,ThirdPartyDelivery,Completed,,2030.00,0.00,304.50,2334.50,Cash,missing_value
ORD00081895,CUST0024162,LOC0017,2025-06-11 20:18:04,Dine-in,Completed,,16830.00,0.00,2692.80,19522.80,Card,orphan_foreign_key
ORD00081916,CUST0010026,LOC4632,2025-06-11 20:39:11,Dine-in,Completed,,10570.00,0.00,1691.20,12261.20,Wallet,invalid_restaurant_id
ORD00082045,CUST0051105,LOC0015,2025-06-12 10:49:33,Website,Completed,,2770.00,0.00,443.20,3213.20,Online,orphan_foreign_key
ORD00082162,,LOC0016,2025-06-12 14:06:54,Takeaway,Completed,,6670.00,0.00,1067.20,7737.20,Card,missing_value
ORD00082170,CUST0041396,LOC0011,2025-06-12 14:15:55,App,Completed,,2580.00,0.00,412.80,2992.80,Cash,orphan_foreign_key
ORD00082296,,LOC0015,2025-06-12 19:33:25,Dine-in,Completed,,6400.00,0.00,1024.00,7424.00,Card,missing_value
ORD00082316,,LOC0003,2025-06-12 20:00:39,Dine-in,Completed,PROMO008,15600.00,1560.00,2106.00,16146.00,Cash,missing_value
ORD00082326,,LOC0015,2025-06-12 20:11:55,Takeaway,Completed,,3930.00,0.00,628.80,4558.80,Cash,missing_value
ORD00082336,CUST0023242,LOC0003,2025-06-12 20:19:37,ThirdPartyDelivery,Completed,,2770.00,0.00,415.50,3185.50,Online,orphan_foreign_key
ORD00082431,CUST0006678,LOC0012,2025-06-12 21:50:56,ThirdPartyDelivery,Completed,,1815.00,0.00,272.25,2087.25,Cash,orphan_foreign_key
ORD00082477,CUST3515724,LOC0025,2025-06-12 23:07:39,Dine-in,Completed,,6280.00,0.00,942.00,7222.00,Cash,orphan_foreign_key
ORD00082642,,LOC0012,2025-06-13 13:42:28,Website,Completed,,8100.00,0.00,1215.00,9315.00,Wallet,missing_value
ORD00082725,,LOC0002,2025-06-13 15:22:50,Dine-in,Completed,,6775.00,0.00,1016.25,7791.25,Card,missing_value
ORD00082928,,LOC0022,2025-06-13 20:56:28,Dine-in,Completed,,12220.00,0.00,1833.00,14053.00,Cash,missing_value
ORD00083214,CUST0027573,LOC0013,2025-06-14 13:04:08,Dine-in,Completed,,10950.00,0.00,1642.50,12592.50,Cash,orphan_foreign_key
ORD00083242,CUST7374845,LOC0007,2025-06-14 13:25:45,App,Completed,,7970.00,0.00,1275.20,9245.20,Online,orphan_foreign_key
ORD00083257,CUST0028654,LOC0013,,Takeaway,Completed,PROMO010,5100.00,405.00,704.25,5399.25,Card,invalid_date
ORD00083262,,LOC0022,2025-06-14 13:47:01,ThirdPartyDelivery,Completed,,4130.00,0.00,619.50,4749.50,Online,missing_value
ORD00083310,,LOC0025,2025-06-14 14:33:49,Takeaway,Completed,PROMO010,6990.00,522.00,970.20,7438.20,Cash,missing_value
ORD00083415,CUST0044650,LOC0012,1970-01-01 12:44:00,App,Completed,,4330.00,0.00,649.50,4979.50,Cash,invalid_date
ORD00083613,CUST0005701,LOC0004,2025-06-14 21:08:56,Takeaway,Completed,,4250.00,7952.85,637.50,4887.50,Cash,discount_exceeds_subtotal
ORD00083881,CUST0003773,LOC0015,2025-06-15 13:08:18,Dine-in,Cancelled,PROMO007,11070.00,252.50,1730.80,12548.30,Cash,orphan_foreign_key
ORD00083904,CUST4789355,LOC0001,2025-06-15 13:30:21,Takeaway,Completed,,1250.00,0.00,187.50,1437.50,Cash,orphan_foreign_key
ORD00083949,,LOC0022,2025-06-15 14:15:06,App,Completed,,3990.00,0.00,598.50,4588.50,Online,missing_value
ORD00084069,CUST0015359,LOC0019,2025-06-15 18:45:22,Takeaway,Completed,,6920.00,0.00,1107.20,8027.20,Cash,orphan_foreign_key
ORD00084088,,LOC0003,2025-06-15 19:06:11,App,Completed,,7980.00,0.00,1197.00,9177.00,Card,missing_value
ORD00084176,CUST0018782,LOC0010,2025-06-15 20:19:32,App,Completed,,6475.00,0.00,1036.00,7511.00,Cash,orphan_foreign_key
ORD00084274,,LOC0023,2025-06-15 21:38:54,Takeaway,Completed,,1720.00,0.00,258.00,1978.00,Cash,missing_value
ORD00084549,CUST0030450,LOC0014,2031-07-22 20:43:00,Dine-in,Completed,,8555.00,0.00,1283.25,9838.25,Cash,invalid_date
ORD00084605,,LOC0008,2025-06-16 19:38:29,Dine-in,Completed,,8970.00,0.00,1435.20,10405.20,Card,missing_value
ORD00084620,CUST0050761,LOC0004,2025-06-16 19:54:33,Takeaway,Completed,,1300.00,0.00,195.00,1495.00,Card,orphan_foreign_key
ORD00084628,CUST0014504,LOC0007,2099-12-31 11:31:00,ThirdPartyDelivery,Completed,,3220.00,0.00,515.20,3735.20,Cash,invalid_date
ORD00084667,,LOC0020,2025-06-16 20:55:22,App,Completed,,3950.00,0.00,592.50,4542.50,Online,missing_value
ORD00084680,CUST0018765,LOC0008,,ThirdPartyDelivery,Completed,,6950.00,0.00,1112.00,8062.00,Cash,invalid_date
ORD00084717,,LOC0005,2025-06-16 21:51:41,App,Completed,,8690.00,0.00,1303.50,9993.50,Online,missing_value
ORD00084770,CUST0010339,LOC0011,2025-06-16 23:41:24,ThirdPartyDelivery,Completed,PROMO007,4820.00,11158.88,674.00,4886.50,Cash,discount_exceeds_subtotal
ORD00084986,CUST0050374,LOC0014,1970-01-01 15:43:00,Dine-in,Completed,,5350.00,0.00,802.50,6152.50,Cash,invalid_date
ORD00085010,,LOC0007,2025-06-17 17:48:37,ThirdPartyDelivery,Completed,,3170.00,0.00,507.20,3677.20,Online,missing_value
ORD00085056,,LOC0019,2025-06-17 19:11:35,ThirdPartyDelivery,Completed,,8000.00,0.00,1280.00,9280.00,Online,missing_value
ORD00085277,CUST0038598,LOC0023,2025-06-18 12:25:50,Takeaway,Completed,,2200.00,4296.40,330.00,2530.00,Cash,discount_exceeds_subtotal
ORD00085410,CUST0038943,LOC0023,2025-06-18 15:06:58,Website,Completed,PROMO007,6840.00,310.00,979.50,7509.50,Wallet,orphan_foreign_key
ORD00085469,CUST0008145,LOC0009,2025-06-18 18:00:46,Dine-in,Completed,,7790.00,18556.77,1246.40,9036.40,Card,discount_exceeds_subtotal
ORD00085545,CUST0015228,LOC0200,2025-06-18 20:09:08,Takeaway,Completed,,790.00,0.00,126.40,916.40,Card,invalid_restaurant_id
ORD00085564,,LOC0003,2025-06-18 20:39:04,Dine-in,Completed,PROMO007,4160.00,760.00,510.00,3910.00,Cash,missing_value
ORD00085632,CUST9224109,LOC0009,2025-06-18 22:06:22,Website,Completed,,4940.00,0.00,790.40,5730.40,Online,orphan_foreign_key
ORD00085646,CUST0031486,LOC0019,2025-06-18 22:31:30,Dine-in,Completed,,5400.00,0.00,864.00,6264.00,Card,orphan_foreign_key
ORD00085675,,LOC0017,2025-06-19 00:01:32,Dine-in,Completed,,8885.00,0.00,1421.60,10306.60,Card,missing_value
ORD00085713,,LOC0007,2025-06-19 12:07:19,Takeaway,Completed,,4205.00,0.00,672.80,4877.80,Cash,missing_value
ORD00085771,CUST0011232,LOC0004,2025-06-19 13:37:20,ThirdPartyDelivery,Completed,,1890.00,0.00,283.50,2173.50,Online,orphan_foreign_key
ORD00085786,,LOC0005,2025-06-19 13:55:54,Dine-in,Completed,PROMO007,6700.00,515.00,927.75,7112.75,Cash,missing_value
ORD00086120,CUST0030280,LOC0007,2025-06-20 12:44:50,App,Completed,,2800.00,6407.47,448.00,3248.00,Online,discount_exceeds_subtotal
ORD00086258,CUST0043707,LOC0003,2025-06-20 16:36:36,Dine-in,Completed,,6350.00,0.00,952.50,7302.50,Card,orphan_foreign_key
ORD00086260,,LOC0016,2025-06-20 16:42:10,Website,Completed,,5930.00,0.00,948.80,6878.80,Online,missing_value
ORD00086328,CUST3458230,LOC0014,2025-06-20 19:17:09,App,Completed,,3130.00,0.00,469.50,3599.50,Wallet,orphan_foreign_key
ORD00086390,CUST7252431,LOC0019,2025-06-20 20:34:33,App,Completed,,4810.00,0.00,769.60,5579.60,Wallet,orphan_foreign_key
ORD00086766,CUST6683211,LOC0005,2025-06-21 16:37:16,ThirdPartyDelivery,Completed,PROMO007,6210.00,262.50,892.12,6839.62,Online,orphan_foreign_key
ORD00086923,CUST0035996,LOC0020,2031-07-22 16:38:00,App,Completed,,3220.00,0.00,483.00,3703.00,Online,invalid_date
ORD00086936,CUST6049630,LOC0022,2025-06-21 20:40:25,Dine-in,Completed,PROMO007,10510.00,727.50,1467.38,11249.88,Card,orphan_foreign_key
ORD00087300,,LOC0001,2025-06-22 14:24:54,Dine-in,Completed,,1500.00,0.00,225.00,1725.00,Card,missing_value
ORD00087350,CUST0015359,LOC0014,2025-06-22 16:13:26,Dine-in,Completed,,6190.00,0.00,928.50,7118.50,Cash,orphan_foreign_key
ORD00087400,CUST0031486,LOC0019,2025-06-22 18:21:33,ThirdPartyDelivery,Completed,,6730.00,0.00,1076.80,7806.80,Cash,orphan_foreign_key
ORD00087450,,LOC0025,2025-06-22 19:21:22,Dine-in,Completed,,9040.00,0.00,1356.00,10396.00,Wallet,missing_value
ORD00087468,,LOC0006,2025-06-22 19:35:22,Takeaway,Completed,,3880.00,0.00,582.00,4462.00,Card,missing_value
ORD00087492,,LOC0005,2025-06-22 20:06:52,Dine-in,Completed,,11460.00,0.00,1719.00,13179.00,Card,missing_value
ORD00087546,CUST0017967,LOC0010,2027-11-05 16:50:00,Takeaway,Completed,,7125.00,0.00,1140.00,8265.00,Wallet,invalid_date
ORD00087647,CUST0043686,LOC0008,2025-06-22 22:26:36,Takeaway,Completed,,4730.00,11062.91,756.80,5486.80,Card,discount_exceeds_subtotal
ORD00087742,CUST0006943,LOC0001,2025-06-23 12:47:30,ThirdPartyDelivery,Completed,PROMO007,985.00,40.00,141.75,1086.75,Cash,orphan_foreign_key
ORD00087894,,LOC0009,2025-06-23 19:07:48,App,Completed,,11450.00,0.00,1832.00,13282.00,Card,missing_value
ORD00088089,CUST0010545,LOC0010,2025-06-24 11:01:28,Website,Completed,,6875.00,0.00,1100.00,7975.00,Card,orphan_foreign_key
ORD00088167,,LOC0025,2025-06-24 14:16:00,Takeaway,Completed,,1390.00,0.00,208.50,1598.50,Cash,missing_value
ORD00088263,CUST7454068,LOC0001,2025-06-24 19:29:12,ThirdPartyDelivery,Completed,PROMO007,5100.00,200.00,735.00,5635.00,Online,orphan_foreign_key
ORD00088284,CUST3538746,LOC0008,2025-06-24 19:59:16,Takeaway,Completed,,6140.00,0.00,982.40,7122.40,Cash,orphan_foreign_key
ORD00088342,,LOC0008,2025-06-24 21:10:59,Takeaway,Completed,,2950.00,0.00,472.00,3422.00,Cash,missing_value
ORD00088393,CUST0026953,LOC0005,2025-06-24 22:27:00,App,Completed,PROMO007,9230.00,100.00,1369.50,10499.50,Card,orphan_foreign_key
ORD00088491,CUST0022377,LOC0003,1900-01-01 19:16:00,ThirdPartyDelivery,Completed,,2800.00,0.00,420.00,3220.00,Cash,invalid_date
ORD00088530,CUST0015364,LOC0014,2025-06-25 13:54:16,App,Completed,,3860.00,0.00,579.00,4439.00,Wallet,orphan_foreign_key
ORD00088641,CUST0005904,LOC0003,2025-06-25 19:10:48,Takeaway,Completed,,6080.00,0.00,912.00,6992.00,Card,orphan_foreign_key
ORD00088649,CUST0030365,LOC0009,2025-06-25 19:25:40,Takeaway,Completed,,2070.00,0.00,331.20,2401.20,Cash,orphan_foreign_key
ORD00088979,,LOC0007,2025-06-26 17:18:54,Dine-in,Completed,PROMO007,6880.00,955.00,948.00,6873.00,Card,missing_value
ORD00089045,CUST0054977,LOC0022,2025-06-26 19:29:20,Website,Completed,,4500.00,0.00,675.00,5175.00,Wallet,orphan_foreign_key
ORD00089083,CUST0021044,LOC0003,1970-01-01 15:25:00,Dine-in,Cancelled,PROMO007,8430.00,425.00,1200.75,9205.75,Wallet,invalid_date
ORD00089092,CUST0016145,LOC0003,2025-06-26 20:20:48,Dine-in,Completed,,5460.00,7041.35,819.00,6279.00,Wallet,discount_exceeds_subtotal
ORD00089158,CUST0035690,LOC0008,,Dine-in,Completed,,2690.00,0.00,430.40,3120.40,Card,invalid_date
ORD00089201,CUST6323450,LOC0004,2025-06-26 23:31:27,Dine-in,Completed,PROMO007,9620.00,612.50,1351.12,10358.62,Card,orphan_foreign_key
ORD00089210,,LOC0013,2025-06-27 00:28:00,Dine-in,Completed,,550.00,0.00,82.50,632.50,Wallet,missing_value
ORD00089218,CUST9669789,LOC0022,2025-06-27 01:00:26,ThirdPartyDelivery,Completed,,6150.00,0.00,922.50,7072.50,Online,orphan_foreign_key
ORD00089233,CUST0008473,LOC0001,2025-06-27 11:43:10,Dine-in,Completed,,12405.00,0.00,1860.75,14265.75,Card,orphan_foreign_key
ORD00089428,CUST0004879,LOC0007,2025-06-27 17:57:57,Dine-in,Completed,,8515.00,0.00,1362.40,9877.40,Cash,orphan_foreign_key
ORD00089529,,LOC0018,2025-06-27 20:27:42,ThirdPartyDelivery,Completed,,2245.00,0.00,359.20,2604.20,Online,missing_value
ORD00089784,,LOC0016,2025-06-28 13:17:12,App,Completed,,4480.00,0.00,716.80,5196.80,Wallet,missing_value
ORD00089829,CUST0024149,LOC0008,,App,Completed,,14585.00,0.00,2333.60,16918.60,Card,invalid_date
ORD00089926,CUST0006630,LOC0003,2025-06-28 17:15:29,Dine-in,Completed,,11125.00,0.00,1668.75,12793.75,Card,orphan_foreign_key
ORD00089946,CUST0048478,LOC0023,2027-11-05 15:43:00,Dine-in,Completed,,10690.00,0.00,1603.50,12293.50,Wallet,invalid_date
ORD00090006,CUST0785674,LOC0008,2025-06-28 19:28:33,Dine-in,Completed,,13995.00,0.00,2239.20,16234.20,Cash,orphan_foreign_key
ORD00090011,CUST0052901,LOC0025,2025-06-28 19:31:28,App,Completed,,6410.00,0.00,961.50,7371.50,Online,orphan_foreign_key
ORD00090375,CUST5250005,LOC0004,2025-06-29 14:27:30,App,Completed,,5700.00,0.00,855.00,6555.00,Cash,orphan_foreign_key
ORD00090579,CUST0036168,LOC0008,,Dine-in,Completed,,8960.00,0.00,1433.60,10393.60,Cash,invalid_date
ORD00090592,,LOC0025,2025-06-29 20:45:23,Dine-in,Completed,PROMO009,5120.00,300.00,723.00,5543.00,Card,missing_value
ORD00090677,,LOC0021,2025-06-29 21:59:34,Dine-in,Completed,,8600.00,0.00,1290.00,9890.00,Card,missing_value
ORD00090901,CUST0016511,LOC0003,2025-06-30 16:56:49,Takeaway,Completed,,9375.00,18394.33,1406.25,10781.25,Cash,discount_exceeds_subtotal
ORD00091203,CUST0001663,LOC0015,2025-07-01 11:30:01,Dine-in,Cancelled,,5600.00,13126.19,896.00,6496.00,Cash,discount_exceeds_subtotal
ORD00091677,,LOC0010,2025-07-02 13:00:18,App,Completed,,5040.00,0.00,806.40,5846.40,Wallet,missing_value
ORD00091806,CUST0030070,LOC0017,2025-07-02 18:26:32,Dine-in,Completed,,9695.00,16981.39,1551.20,11246.20,Cash,discount_exceeds_subtotal
ORD00091822,CUST0033499,LOC0018,2025-07-02 19:15:12,Dine-in,Completed,,5715.00,6301.14,914.40,6629.40,Cash,discount_exceeds_subtotal
ORD00091997,,LOC0023,2025-07-02 23:44:59,App,Completed,,4020.00,0.00,603.00,4623.00,Card,missing_value
ORD00092002,CUST0041396,LOC0011,2025-07-03 00:04:11,ThirdPartyDelivery,Completed,,7380.00,0.00,1180.80,8560.80,Online,orphan_foreign_key
ORD00092026,CUST0030565,LOC0003,2025-07-03 11:23:51,Dine-in,Completed,PROMO011,8150.00,11667.97,1192.50,9142.50,Cash,discount_exceeds_subtotal
ORD00092250,,LOC0012,2025-07-03 19:38:00,Dine-in,Completed,PROMO011,7610.00,200.00,1111.50,8521.50,Cash,missing_value
ORD00092556,,LOC0012,2025-07-04 13:37:18,App,Completed,,4560.00,0.00,684.00,5244.00,Online,missing_value
ORD00092940,CUST8471552,LOC0002,2025-07-04 21:50:58,ThirdPartyDelivery,Completed,PROMO011,4240.00,200.00,606.00,4646.00,Cash,orphan_foreign_key
ORD00093147,CUST2419975,LOC0004,2025-07-05 13:19:32,Website,Completed,,10630.00,0.00,1594.50,12224.50,Online,orphan_foreign_key
ORD00093169,CUST0023745,LOC0015,,Dine-in,Completed,PROMO011,10600.00,200.00,1664.00,12064.00,Card,invalid_date
ORD00093242,CUST0011140,LOC0003,2025-07-05 15:10:18,ThirdPartyDelivery,Completed,,2125.00,5220.51,318.75,2443.75,Cash,discount_exceeds_subtotal
ORD00093550,CUST6994872,LOC0005,2025-07-05 22:13:41,Website,Completed,,2915.00,0.00,437.25,3352.25,Card,orphan_foreign_key
ORD00093656,CUST0009915,LOC0004,2025-07-06 12:21:16,App,Completed,PROMO011,3350.00,200.01,472.50,3622.49,Card,orphan_foreign_key
ORD00094011,CUST0050640,LOC0013,2025-07-06 21:15:34,App,Completed,PROMO011,7290.00,200.00,1063.50,8153.50,Online,orphan_foreign_key
ORD00094153,,LOC0004,2025-07-07 10:57:19,Dine-in,Completed,,3660.00,0.00,549.00,4209.00,Cash,missing_value
ORD00094283,CUST0050711,LOC0015,2025-07-07 14:49:22,Takeaway,Completed,PROMO011,14520.00,200.00,2291.20,16611.20,Cash,orphan_foreign_key
ORD00094300,CUST0048923,LOC0017,2025-07-07 15:46:07,Dine-in,Completed,,7430.00,0.00,1188.80,8618.80,Cash,orphan_foreign_key
ORD00094331,,LOC0009,2025-07-07 17:59:47,ThirdPartyDelivery,Completed,,1300.00,0.00,208.00,1508.00,Cash,missing_value
ORD00094353,CUST8707833,LOC0003,2025-07-07 19:07:12,ThirdPartyDelivery,Completed,,5265.00,0.00,789.75,6054.75,Online,orphan_foreign_key
ORD00094396,CUST0020448,LOC0003,2025-07-07 20:11:20,Dine-in,Completed,,5195.00,0.00,779.25,5974.25,Card,orphan_foreign_key
ORD00094421,CUST1461493,LOC0023,2025-07-07 20:41:52,Dine-in,Completed,,4960.00,0.00,744.00,5704.00,Cash,orphan_foreign_key
ORD00094557,CUST0033324,LOC0025,2025-07-08 11:53:23,Dine-in,Completed,,6760.00,0.00,1014.00,7774.00,Cash,orphan_foreign_key
ORD00094583,CUST0049625,LOC0016,,Dine-in,Completed,,13620.00,0.00,2179.20,15799.20,Card,invalid_date
ORD00094599,CUST0035079,LOC0002,2025-07-08 13:03:26,Dine-in,Completed,,11380.00,13448.62,1707.00,13087.00,Card,discount_exceeds_subtotal
ORD00094876,,LOC0020,2025-07-08 22:07:45,ThirdPartyDelivery,Completed,PROMO011,3140.00,200.00,441.00,3381.00,Online,missing_value
ORD00094886,,LOC0007,2025-07-08 22:34:10,App,Cancelled,,6890.00,0.00,1102.40,7992.40,Card,missing_value
ORD00094925,CUST0005123,LOC0008,2025-07-09 00:54:10,Website,Completed,PROMO011,1945.00,4564.30,279.20,2024.20,Online,discount_exceeds_subtotal
ORD00095068,CUST0011232,LOC0004,2025-07-09 15:58:35,ThirdPartyDelivery,Completed,,4060.00,0.00,609.00,4669.00,Cash,orphan_foreign_key
ORD00095100,CUST0040501,LOC0005,,Takeaway,Completed,,6115.00,0.00,917.25,7032.25,Cash,invalid_date
ORD00095189,CUST0047823,LOC0001,2025-07-09 20:53:24,Dine-in,Completed,PROMO011,5010.00,11739.47,721.50,5531.50,Wallet,discount_exceeds_subtotal
ORD00095229,CUST0054682,LOC0013,2025-07-09 21:47:16,Website,Completed,PROMO011,3430.00,7608.33,484.50,3714.50,Card,discount_exceeds_subtotal
ORD00095312,CUST0044448,LOC0003,2025-07-10 11:03:03,Takeaway,Completed,,3320.00,0.00,498.00,3818.00,Card,orphan_foreign_key
ORD00095451,CUST0017886,LOC0011,2099-12-31 18:11:00,App,Completed,,1760.00,0.00,281.60,2041.60,Online,invalid_date
ORD00095530,CUST0029113,LOC5521,2025-07-10 19:05:35,App,Completed,PROMO011,3800.00,200.00,576.00,4176.00,Wallet,invalid_restaurant_id
ORD00095592,CUST0052543,LOC0008,2025-07-10 20:12:24,ThirdPartyDelivery,Cancelled,,1520.00,0.00,243.20,1763.20,Online,orphan_foreign_key
ORD00095652,,LOC0017,2025-07-10 21:27:18,Dine-in,Completed,,2640.00,0.00,422.40,3062.40,Card,missing_value
ORD00095663,CUST0010435,LOC0014,2025-07-10 21:36:28,App,Completed,,6130.00,6938.27,919.50,7049.50,Online,discount_exceeds_subtotal
ORD00095926,CUST0029370,LOC0009,,Takeaway,Completed,,2140.00,0.00,342.40,2482.40,Cash,invalid_date
ORD00096051,CUST0012951,LOC0019,2027-11-05 12:10:00,App,Completed,PROMO011,6500.00,200.00,1008.00,7308.00,Online,invalid_date
ORD00096091,CUST6339419,LOC0005,2025-07-11 19:56:35,ThirdPartyDelivery,Cancelled,PROMO011,2940.00,200.00,411.00,3151.00,Cash,orphan_foreign_key
ORD00096140,CUST2413754,LOC0012,2025-07-11 20:35:28,Dine-in,Completed,,5260.00,0.00,789.00,6049.00,Card,orphan_foreign_key
ORD00096197,CUST0051548,LOC0001,2025-07-11 21:14:08,Takeaway,Completed,,6420.00,12149.99,963.00,7383.00,Card,discount_exceeds_subtotal
ORD00096360,,LOC0013,2025-07-12 11:40:19,App,Completed,,5200.00,0.00,780.00,5980.00,Online,missing_value
ORD00096361,CUST0011743,LOC0010,2025-07-12 11:40:53,ThirdPartyDelivery,Completed,,1805.00,0.00,288.80,2093.80,Online,orphan_foreign_key
ORD00096378,,LOC0003,2025-07-12 12:15:21,ThirdPartyDelivery,Completed,PROMO011,7940.00,200.00,1161.00,8901.00,Online,missing_value
ORD00096393,,LOC0004,2025-07-12 12:25:28,App,Completed,,6620.00,0.00,993.00,7613.00,Card,missing_value
ORD00096645,CUST0039801,LOC0016,2099-12-31 19:43:00,Takeaway,Completed,,10750.00,0.00,1720.00,12470.00,Cash,invalid_date
ORD00096653,CUST0007132,LOC0007,2025-07-12 19:02:50,Dine-in,Completed,PROMO011,5570.00,200.00,859.20,6229.20,Card,orphan_foreign_key
ORD00096870,,LOC0001,2025-07-12 22:20:24,Website,Completed,,8940.00,0.00,1341.00,10281.00,Online,missing_value
ORD00096926,CUST0009769,LOC9708,2025-07-13 00:42:07,Takeaway,Completed,,10210.00,0.00,1633.60,11843.60,Cash,invalid_restaurant_id
ORD00096952,CUST0038347,LOC0024,2031-07-22 18:24:00,Takeaway,Completed,,3035.00,0.00,485.60,3520.60,Cash,invalid_date
ORD00097098,CUST0037036,LOC0015,,Dine-in,Completed,,8420.00,0.00,1347.20,9767.20,Card,invalid_date
ORD00097161,CUST0028661,LOC0021,2025-07-13 16:43:05,Takeaway,Completed,,6560.00,0.00,984.00,7544.00,Card,orphan_foreign_key
ORD00097186,CUST0016589,LOC0019,2025-07-13 17:39:19,Takeaway,Completed,PROMO011,2070.00,5091.59,299.20,2169.20,Cash,discount_exceeds_subtotal
ORD00097220,CUST3457413,LOC0018,2025-07-13 18:29:47,ThirdPartyDelivery,Cancelled,,4770.00,0.00,763.20,5533.20,Online,orphan_foreign_key
ORD00097336,CUST0014199,LOC0002,2025-07-13 20:31:20,Dine-in,Completed,,4330.00,0.00,649.50,4979.50,Cash,orphan_foreign_key
ORD00097400,CUST0032400,LOC0001,2031-07-22 14:48:00,Dine-in,Completed,,4560.00,0.00,684.00,5244.00,Card,invalid_date
ORD00097699,CUST3305572,LOC0018,2025-07-14 18:28:08,Dine-in,Completed,,10140.00,0.00,1622.40,11762.40,Cash,orphan_foreign_key
ORD00097702,CUST0002237,LOC0025,2025-07-14 18:33:50,Dine-in,Completed,,7420.00,0.00,1113.00,8533.00,Wallet,orphan_foreign_key
ORD00097718,,LOC0006,2025-07-14 19:02:39,Takeaway,Completed,,710.00,0.00,106.50,816.50,Card,missing_value
ORD00097748,CUST0040007,LOC5217,2025-07-14 19:59:57,ThirdPartyDelivery,Completed,,8530.00,0.00,1364.80,9894.80,Cash,invalid_restaurant_id
ORD00097770,CUST9537287,LOC0009,2025-07-14 20:27:22,Dine-in,Completed,PROMO011,16720.00,200.00,2643.20,19163.20,Cash,orphan_foreign_key
ORD00097974,CUST8846486,LOC0008,2025-07-15 12:44:03,Dine-in,Completed,,6590.00,0.00,1054.40,7644.40,Card,orphan_foreign_key
ORD00098067,CUST0019073,LOC0004,2031-07-22 20:28:00,Dine-in,Completed,PROMO011,7160.00,200.00,1044.00,8004.00,Cash,invalid_date
ORD00098120,,LOC0006,2025-07-15 18:56:54,Dine-in,Completed,,7160.00,0.00,1074.00,8234.00,Cash,missing_value
ORD00098213,CUST5222697,LOC0003,2025-07-15 21:16:15,Dine-in,Completed,,3915.00,0.00,587.25,4502.25,Wallet,orphan_foreign_key
ORD00098292,CUST0011596,LOC0016,1970-01-01 22:50:00,Dine-in,Completed,PROMO011,10950.00,200.00,1720.00,12470.00,Cash,invalid_date
ORD00098350,CUST0030981,LOC8312,2025-07-16 13:03:35,Takeaway,Completed,PROMO011,3710.00,200.00,526.50,4036.50,Card,invalid_restaurant_id
ORD00098538,CUST0053516,LOC0429,2025-07-16 20:28:25,App,Completed,,3390.00,0.00,508.50,3898.50,Cash,invalid_restaurant_id
ORD00098554,CUST0022656,LOC9197,2025-07-16 21:07:14,Dine-in,Completed,,12990.00,0.00,1948.50,14938.50,Wallet,invalid_restaurant_id
ORD00098706,,LOC0003,2025-07-17 12:54:45,App,Completed,,4520.00,0.00,678.00,5198.00,Wallet,missing_value
ORD00098777,CUST0001152,LOC0015,,Dine-in,Completed,,7460.00,0.00,1193.60,8653.60,Cash,invalid_date
ORD00098855,CUST0033655,LOC0023,,App,Completed,PROMO011,7950.00,200.00,1162.50,8912.50,Online,invalid_date
ORD00098942,CUST6969208,LOC0020,2025-07-17 20:32:02,App,Completed,,2150.00,0.00,322.50,2472.50,Card,orphan_foreign_key
ORD00098965,CUST0038406,LOC0006,2025-07-17 20:54:52,Takeaway,Completed,,2930.00,0.00,439.50,3369.50,Card,orphan_foreign_key
ORD00098987,,LOC0023,2025-07-17 21:19:33,Takeaway,Completed,,5490.00,0.00,823.50,6313.50,Card,missing_value
ORD00099141,,LOC0010,2025-07-18 12:17:13,Dine-in,Completed,PROMO011,6880.00,200.00,1068.80,7748.80,Wallet,missing_value
ORD00099199,CUST0000978,LOC0002,2025-07-18 13:18:23,Dine-in,Completed,,4550.00,7761.74,682.50,5232.50,Card,discount_exceeds_subtotal
ORD00099218,CUST0020390,LOC0003,2025-07-18 13:39:00,Dine-in,Completed,,3450.00,0.00,517.50,3967.50,Cash,orphan_foreign_key
ORD00099314,CUST0025840,LOC0328,2025-07-18 16:56:04,Dine-in,Completed,PROMO011,8930.00,200.00,1396.80,10126.80,Wallet,invalid_restaurant_id
ORD00099319,CUST0050730,LOC0007,1900-01-01 12:55:00,Dine-in,Completed,,6080.00,0.00,972.80,7052.80,Card,invalid_date
ORD00099563,CUST0005126,LOC0001,2025-07-18 22:38:14,Dine-in,Completed,PROMO011,6635.00,200.00,965.25,7400.25,Cash,orphan_foreign_key
ORD00099650,CUST0031995,LOC0014,2025-07-19 11:53:37,App,Completed,PROMO011,4510.00,200.00,646.50,4956.50,Online,orphan_foreign_key
ORD00099801,CUST0030252,LOC0024,1970-01-01 21:51:00,Dine-in,Completed,,18115.00,0.00,2898.40,21013.40,Card,invalid_date
ORD00099980,CUST2996724,LOC0016,2025-07-19 20:11:28,Dine-in,Completed,,3810.00,0.00,609.60,4419.60,Cash,orphan_foreign_key
ORD00100129,CUST0006945,LOC0020,2025-07-19 22:23:42,Dine-in,Completed,,9380.00,0.00,1407.00,10787.00,Cash,orphan_foreign_key
ORD00100144,CUST0006541,LOC0003,,Dine-in,Completed,PROMO011,1890.00,200.00,253.50,1943.50,Cash,invalid_date
ORD00100171,,LOC0010,2025-07-19 22:59:42,Dine-in,Completed,,2895.00,0.00,463.20,3358.20,Cash,missing_value
ORD00100810,CUST0025560,LOC0016,2025-07-21 12:48:18,Dine-in,Completed,,5910.00,0.00,945.60,6855.60,Cash,orphan_foreign_key
ORD00100924,CUST8837941,LOC0010,2025-07-21 17:13:40,App,Completed,,8810.00,0.00,1409.60,10219.60,Online,orphan_foreign_key
ORD00101033,CUST0032963,LOC0008,2025-07-21 20:26:18,Dine-in,Completed,,4930.00,0.00,788.80,5718.80,Card,orphan_foreign_key
ORD00101080,CUST0043348,LOC0008,2025-07-21 21:19:25,Dine-in,Completed,,15970.00,0.00,2555.20,18525.20,Card,orphan_foreign_key
ORD00101149,,LOC0023,2025-07-22 00:32:50,Dine-in,Completed,,9520.00,0.00,1428.00,10948.00,Cash,missing_value
ORD00101252,,LOC0013,2025-07-22 13:36:32,Dine-in,Completed,PROMO011,7450.00,200.00,1087.50,8337.50,Wallet,missing_value
ORD00101345,CUST0029351,LOC0001,2025-07-22 18:05:50,Takeaway,Completed,,4000.00,0.00,600.00,4600.00,Card,orphan_foreign_key
ORD00101386,CUST0031995,LOC0014,2025-07-22 19:51:41,App,Completed,PROMO011,2795.00,200.00,389.25,2984.25,Online,orphan_foreign_key
ORD00101458,,LOC0025,2025-07-22 21:21:23,Dine-in,Completed,PROMO009,5750.00,299.99,817.50,6267.51,Cash,missing_value
ORD00101635,,LOC0004,2025-07-23 13:43:01,Takeaway,Completed,,2160.00,0.00,324.00,2484.00,Card,missing_value
ORD00101986,CUST0006480,LOC0004,1900-01-01 18:37:00,Dine-in,Completed,,19350.00,0.00,2902.50,22252.50,Cash,invalid_date
ORD00102004,CUST0045009,LOC0021,2025-07-24 13:20:49,Takeaway,Completed,,7410.00,13628.05,1111.50,8521.50,Cash,discount_exceeds_subtotal
ORD00102144,,LOC0001,2025-07-24 19:12:32,ThirdPartyDelivery,Completed,,3770.00,0.00,565.50,4335.50,Online,missing_value
ORD00102156,,LOC0014,2025-07-24 19:32:58,ThirdPartyDelivery,Completed,,4320.00,0.00,648.00,4968.00,Online,missing_value
ORD00102159,CUST0031565,LOC0015,2025-07-24 19:38:04,Dine-in,Completed,PROMO011,6620.00,200.00,1027.20,7447.20,Card,orphan_foreign_key
ORD00102276,,LOC0020,2025-07-24 22:09:46,ThirdPartyDelivery,Completed,,4990.00,0.00,748.50,5738.50,Online,missing_value
ORD00102314,,LOC0005,2025-07-25 01:54:25,ThirdPartyDelivery,Completed,,2590.00,0.00,388.50,2978.50,Cash,missing_value
ORD00102344,,LOC0001,2025-07-25 12:11:14,Website,Completed,,5780.00,0.00,867.00,6647.00,Card,missing_value
ORD00102386,CUST0044138,LOC0521,2025-07-25 12:52:59,Dine-in,Completed,PROMO011,4890.00,200.01,703.50,5393.49,Card,invalid_restaurant_id
ORD00102419,CUST9649653,LOC0014,2025-07-25 13:30:53,ThirdPartyDelivery,Completed,PROMO011,3045.00,200.00,426.75,3271.75,Online,orphan_foreign_key
ORD00102485,,LOC0009,2025-07-25 14:55:46,Dine-in,Completed,,6740.00,0.00,1078.40,7818.40,Cash,missing_value
ORD00102806,CUST0036088,LOC0023,,Dine-in,Completed,,6105.00,0.00,915.75,7020.75,Cash,invalid_date
ORD00102877,CUST4655299,LOC0018,2025-07-26 12:23:55,App,Completed,,5060.00,0.00,809.60,5869.60,Wallet,orphan_foreign_key
ORD00102957,CUST0014199,LOC0023,2025-07-26 13:40:32,Dine-in,Completed,,7650.00,0.00,1147.50,8797.50,Card,orphan_foreign_key
ORD00102998,CUST0033227,LOC0011,2025-07-26 14:19:50,ThirdPartyDelivery,Completed,PROMO011,12485.00,18615.03,1965.60,14250.60,Online,discount_exceeds_subtotal
ORD00103074,CUST2357788,LOC0012,2025-07-26 17:34:10,App,Completed,,4560.00,0.00,684.00,5244.00,Cash,orphan_foreign_key
ORD00103254,,LOC0015,2025-07-26 21:09:45,Dine-in,Completed,PROMO011,10400.00,199.99,1632.00,11832.01,Cash,missing_value
ORD00103509,CUST0003171,LOC5938,2025-07-27 13:15:33,Takeaway,Completed,,3265.00,0.00,522.40,3787.40,Cash,invalid_restaurant_id
ORD00103535,CUST0048186,LOC0014,2025-07-27 13:43:32,Dine-in,Completed,,8575.00,0.00,1286.25,9861.25,Cash,orphan_foreign_key
ORD00103866,CUST0033809,LOC0001,,App,Completed,,2340.00,0.00,351.00,2691.00,Online,invalid_date
ORD00104036,CUST0026179,LOC0008,2031-07-22 22:26:00,Dine-in,Completed,,1970.00,0.00,315.20,2285.20,Card,invalid_date
ORD00104311,CUST4415220,LOC0013,2025-07-28 23:01:08,Takeaway,Completed,,3640.00,0.00,546.00,4186.00,Cash,orphan_foreign_key
ORD00104412,CUST0043707,LOC0003,2025-07-29 13:42:57,Dine-in,Completed,,9215.00,0.00,1382.25,10597.25,Cash,orphan_foreign_key
ORD00104437,,LOC0005,2025-07-29 14:34:30,App,Completed,,9870.00,0.00,1480.50,11350.50,Wallet,missing_value
ORD00104442,,LOC0008,2025-07-29 14:48:58,ThirdPartyDelivery,Completed,,3760.00,0.00,601.60,4361.60,Cash,missing_value
ORD00104516,CUST0011343,LOC0005,1970-01-01 12:36:00,App,Completed,,5020.00,0.00,753.00,5773.00,Online,invalid_date
ORD00104555,CUST0027453,LOC0008,2025-07-29 20:18:54,ThirdPartyDelivery,Completed,,4820.00,10066.60,771.20,5591.20,Online,discount_exceeds_subtotal
ORD00104822,CUST0048004,LOC0004,2025-07-30 14:56:07,Takeaway,Completed,PROMO011,5265.00,6853.72,759.75,5824.75,Wallet,discount_exceeds_subtotal
ORD00104834,CUST0019174,LOC0002,2025-07-30 15:42:51,Website,Completed,,3985.00,0.00,597.75,4582.75,Online,orphan_foreign_key
ORD00105136,CUST0006221,LOC0016,1900-01-01 19:36:00,Dine-in,Completed,,8630.00,0.00,1380.80,10010.80,Cash,invalid_date
ORD00105166,CUST7587971,LOC0013,2025-07-31 13:50:15,ThirdPartyDelivery,Completed,,1620.00,0.00,243.00,1863.00,Cash,orphan_foreign_key
ORD00105180,CUST0054144,LOC0015,2027-11-05 11:19:00,App,Completed,PROMO011,4400.00,199.99,672.00,4872.01,Cash,invalid_date
ORD00105211,CUST0003801,LOC0017,,App,Completed,,14020.00,0.00,2243.20,16263.20,Cash,invalid_date
ORD00105242,CUST0054906,LOC0012,1900-01-01 21:59:00,App,Completed,,4340.00,0.00,651.00,4991.00,Card,invalid_date
ORD00105305,CUST0009690,LOC0003,2027-11-05 19:52:00,App,Completed,,4530.00,0.00,679.50,5209.50,Online,invalid_date
ORD00105310,CUST0049349,LOC0019,2025-07-31 20:13:37,Dine-in,Completed,PROMO011,12780.00,23924.54,2012.80,14592.80,Cash,discount_exceeds_subtotal
ORD00105493,CUST0039885,LOC0018,,Dine-in,Completed,,14270.00,0.00,2283.20,16553.20,Wallet,invalid_date
ORD00105812,,LOC0013,2025-08-01 16:43:29,Dine-in,Completed,,7350.00,0.00,1102.50,8452.50,Wallet,missing_value
ORD00105893,CUST0009263,LOC0002,2025-08-01 19:04:00,Dine-in,Completed,,3080.00,0.00,462.00,3542.00,Cash,orphan_foreign_key
ORD00105970,CUST0011327,LOC0019,2025-08-01 19:57:01,ThirdPartyDelivery,Completed,,1500.00,3434.72,240.00,1740.00,Online,discount_exceeds_subtotal
ORD00106118,CUST6599479,LOC0018,2025-08-01 21:29:30,Dine-in,Completed,PROMO012,10840.00,3390.00,1192.00,8642.00,Wallet,orphan_foreign_key
ORD00106156,CUST0019181,LOC0008,2025-08-01 21:46:26,Dine-in,Completed,,6770.00,0.00,1083.20,7853.20,Cash,orphan_foreign_key
ORD00106204,,LOC0021,2025-08-01 22:31:44,ThirdPartyDelivery,Completed,,6720.00,0.00,1008.00,7728.00,Online,missing_value
ORD00106234,CUST6512551,LOC0001,2025-08-01 23:04:43,App,Completed,,15140.00,0.00,2271.00,17411.00,Card,orphan_foreign_key
ORD00106395,CUST0052543,LOC0008,2025-08-02 12:43:57,App,Completed,,8060.00,0.00,1289.60,9349.60,Card,orphan_foreign_key
ORD00106530,,LOC0012,2025-08-02 13:51:03,Dine-in,Completed,PROMO012,7020.00,2740.00,642.00,4922.00,Cash,missing_value
ORD00106644,CUST0009082,LOC0007,2025-08-02 16:42:20,App,Completed,,5000.00,0.00,800.00,5800.00,Online,orphan_foreign_key
ORD00106726,CUST0040233,LOC0015,2025-08-02 18:41:27,ThirdPartyDelivery,Completed,,4110.00,0.00,657.60,4767.60,Cash,orphan_foreign_key
ORD00106808,CUST0041396,LOC0011,2025-08-02 19:52:39,ThirdPartyDelivery,Completed,,2060.00,0.00,329.60,2389.60,Online,orphan_foreign_key
ORD00107060,CUST8800869,LOC0003,2025-08-02 22:08:19,App,Cancelled,,5180.00,0.00,777.00,5957.00,Card,orphan_foreign_key
ORD00107097,,LOC0021,2025-08-02 22:36:35,Takeaway,Completed,PROMO012,5510.00,1530.00,597.00,4577.00,Cash,missing_value
ORD00107149,,LOC0009,2025-08-02 23:25:59,ThirdPartyDelivery,Completed,PROMO012,6610.00,2360.00,680.00,4930.00,Cash,missing_value
ORD00107259,,LOC0011,2025-08-03 12:25:08,ThirdPartyDelivery,Completed,,1250.00,0.00,200.00,1450.00,Cash,missing_value
ORD00107490,,LOC0023,2025-08-03 16:18:26,ThirdPartyDelivery,Completed,,5110.00,0.00,766.50,5876.50,Cash,missing_value
ORD00107527,,LOC0024,2025-08-03 17:38:47,Dine-in,Completed,,6820.00,0.00,1091.20,7911.20,Card,missing_value
ORD00107830,CUST0036104,LOC0020,2025-08-03 21:47:40,Takeaway,Completed,,3100.00,0.00,465.00,3565.00,Card,orphan_foreign_key
ORD00107878,,LOC0010,2025-08-03 22:36:01,App,Completed,PROMO012,10810.00,2990.00,1251.20,9071.20,Online,missing_value
ORD00107984,CUST1404519,LOC0017,2025-08-04 12:07:33,Dine-in,Completed,,16100.00,0.00,2576.00,18676.00,Card,orphan_foreign_key
ORD00108052,,LOC0001,2025-08-04 13:24:57,Dine-in,Completed,,10680.00,0.00,1602.00,12282.00,Wallet,missing_value
ORD00108198,,LOC0014,2025-08-04 17:56:21,Website,Completed,,2240.00,0.00,336.00,2576.00,Online,missing_value
ORD00108235,CUST0019452,LOC0014,2025-08-04 19:02:55,Dine-in,Completed,,5275.00,9200.35,791.25,6066.25,Wallet,discount_exceeds_subtotal
ORD00108365,CUST8136282,LOC0006,2025-08-04 21:08:16,Takeaway,Completed,,7750.00,0.00,1162.50,8912.50,Card,orphan_foreign_key
ORD00108412,CUST0042885,LOC0020,2025-08-04 21:55:02,App,Completed,,9750.00,0.00,1462.50,11212.50,Online,orphan_foreign_key
ORD00108446,CUST8233516,LOC0004,2025-08-04 22:37:48,Dine-in,Completed,PROMO012,12285.00,4070.00,1232.25,9447.25,Wallet,orphan_foreign_key
ORD00108468,CUST0036104,LOC0020,2025-08-04 23:13:57,Website,Completed,,5990.00,0.00,898.50,6888.50,Online,orphan_foreign_key
ORD00108678,CUST0036514,LOC0006,2025-08-05 14:37:41,Dine-in,Completed,,2180.00,0.00,327.00,2507.00,Card,orphan_foreign_key
ORD00108953,CUST0950664,LOC0008,2025-08-05 21:54:31,Dine-in,Completed,,6570.00,0.00,1051.20,7621.20,Card,orphan_foreign_key
ORD00109273,CUST0003773,LOC0015,2025-08-06 16:38:42,Dine-in,Completed,,9510.00,0.00,1521.60,11031.60,Card,orphan_foreign_key
ORD00109288,,LOC0021,2025-08-06 17:51:38,App,Completed,,2810.00,0.00,421.50,3231.50,Card,missing_value
ORD00109397,CUST0004525,LOC0011,,App,Completed,,4060.00,0.00,649.60,4709.60,Cash,invalid_date
ORD00109434,,LOC0013,2025-08-06 20:41:04,Dine-in,Completed,,7480.00,0.00,1122.00,8602.00,Cash,missing_value
ORD00109499,CUST0000654,LOC0852,2025-08-06 21:30:08,Dine-in,Completed,,3260.00,0.00,489.00,3749.00,Cash,invalid_restaurant_id
ORD00109546,,LOC0013,2025-08-06 22:18:26,ThirdPartyDelivery,Completed,,3400.00,0.00,510.00,3910.00,Online,missing_value
ORD00109547,,LOC0018,2025-08-06 22:20:01,App,Completed,,5870.00,0.00,939.20,6809.20,Card,missing_value
ORD00109665,CUST0052461,LOC7891,2025-08-07 12:26:12,Dine-in,Completed,,10310.00,0.00,1546.50,11856.50,Card,invalid_restaurant_id
ORD00109675,CUST0022419,LOC0007,2025-08-07 12:34:43,Takeaway,Completed,,2390.00,0.00,382.40,2772.40,Card,orphan_foreign_key
ORD00109699,CUST0018539,LOC3129,2025-08-07 13:01:09,Takeaway,Completed,,4460.00,0.00,669.00,5129.00,Card,invalid_restaurant_id
ORD00110047,CUST0053873,LOC0003,2025-08-07 21:08:01,Dine-in,Completed,,5670.00,0.00,850.50,6520.50,Wallet,orphan_foreign_key
ORD00110244,CUST0031149,LOC0019,2025-08-08 12:24:45,Takeaway,Completed,PROMO012,6920.00,2740.00,668.80,4848.80,Card,orphan_foreign_key
ORD00110342,,LOC0022,2025-08-08 13:31:12,Takeaway,Completed,PROMO012,19940.00,2990.00,2542.50,19492.50,Cash,missing_value
ORD00110364,CUST0041288,LOC0007,2025-08-08 13:40:27,ThirdPartyDelivery,Completed,,3140.00,6753.98,502.40,3642.40,Online,discount_exceeds_subtotal
ORD00110377,CUST0000432,LOC0004,2027-11-05 16:12:00,Dine-in,Completed,,12740.00,0.00,1911.00,14651.00,Card,invalid_date
ORD00110496,CUST0014191,LOC0004,2025-08-08 16:51:49,Dine-in,Completed,PROMO012,10760.00,780.00,1497.00,11477.00,Cash,orphan_foreign_key
ORD00110525,CUST0023539,LOC2796,2025-08-08 17:33:50,Dine-in,Completed,,13140.00,0.00,1971.00,15111.00,Card,invalid_restaurant_id
ORD00110530,,LOC0003,2025-08-08 17:36:50,Dine-in,Completed,,9150.00,0.00,1372.50,10522.50,Wallet,missing_value
ORD00110720,,LOC0003,2025-08-08 20:30:12,Takeaway,Completed,,6475.00,0.00,971.25,7446.25,Card,missing_value
ORD00111071,CUST8712215,LOC0018,2025-08-09 12:36:19,ThirdPartyDelivery,Completed,,5780.00,0.00,924.80,6704.80,Online,orphan_foreign_key
ORD00111174,CUST0020140,LOC0005,2025-08-09 13:45:01,Website,Completed,,5550.00,12048.57,832.50,6382.50,Online,discount_exceeds_subtotal
ORD00111248,,LOC0016,2025-08-09 14:39:32,Website,Completed,,6885.00,0.00,1101.60,7986.60,Wallet,missing_value
ORD00111327,CUST0043348,LOC0008,2025-08-09 17:16:58,Dine-in,Completed,,5250.00,0.00,840.00,6090.00,Cash,orphan_foreign_key
ORD00111566,CUST0033872,LOC0018,2025-08-09 20:27:54,Dine-in,Completed,,9210.00,21001.40,1473.60,10683.60,Cash,discount_exceeds_subtotal
ORD00111617,CUST0031486,LOC0008,2025-08-09 21:04:21,ThirdPartyDelivery,Completed,PROMO012,9280.00,470.00,1409.60,10219.60,Cash,orphan_foreign_key
ORD00111635,CUST4820921,LOC0004,2025-08-09 21:14:50,App,Completed,,6320.00,0.00,948.00,7268.00,Card,orphan_foreign_key
ORD00111966,CUST0032468,LOC8597,2025-08-10 13:04:17,App,Completed,PROMO012,9480.00,1530.00,1272.00,9222.00,Online,invalid_restaurant_id
ORD00112047,CUST0044006,LOC1288,2025-08-10 13:49:39,Dine-in,Completed,,13710.00,0.00,2056.50,15766.50,Cash,invalid_restaurant_id
ORD00112297,,LOC0025,2025-08-10 19:27:40,Dine-in,Completed,,3965.00,0.00,594.75,4559.75,Cash,missing_value
ORD00112490,,LOC0013,2025-08-10 21:27:32,Website,Completed,PROMO012,10190.00,2740.00,1117.50,8567.50,Wallet,missing_value
ORD00112656,,LOC0015,2025-08-10 23:53:15,Dine-in,Completed,,11900.00,0.00,1904.00,13804.00,Cash,missing_value
ORD00112701,CUST0044709,LOC0005,2025-08-11 11:34:44,Dine-in,Completed,,14220.00,0.00,2133.00,16353.00,Card,orphan_foreign_key
ORD00113129,CUST0048263,LOC0022,2099-12-31 16:34:00,App,Completed,PROMO012,6790.00,1460.00,799.50,6129.50,Online,invalid_date
ORD00113193,CUST0027378,LOC0010,2027-11-05 12:30:00,App,Completed,PROMO012,9275.00,4000.00,844.00,6119.00,Cash,invalid_date
ORD00113197,CUST3606211,LOC0016,2025-08-11 22:07:14,Dine-in,Completed,,3165.00,0.00,506.40,3671.40,Cash,orphan_foreign_key
ORD00113246,CUST0022446,LOC0012,2025-08-11 23:35:52,Dine-in,Completed,,2620.00,0.00,393.00,3013.00,Card,orphan_foreign_key
ORD00113340,CUST0054416,LOC0010,2025-08-12 12:34:38,App,Cancelled,,5190.00,8451.95,830.40,6020.40,Wallet,discount_exceeds_subtotal
ORD00113478,CUST0031486,LOC0019,2025-08-12 14:40:23,ThirdPartyDelivery,Completed,,6390.00,0.00,1022.40,7412.40,Cash,orphan_foreign_key
ORD00113646,CUST0033324,LOC0013,2025-08-12 19:42:47,App,Completed,,4505.00,0.00,675.75,5180.75,Online,orphan_foreign_key
ORD00113701,CUST0009138,LOC0008,2025-08-12 20:24:09,Website,Completed,,11125.00,0.00,1780.00,12905.00,Card,orphan_foreign_key
ORD00113740,,LOC0010,2025-08-12 20:48:37,Dine-in,Completed,,6200.00,0.00,992.00,7192.00,Cash,missing_value
ORD00113826,CUST0878274,LOC0019,2025-08-12 21:51:56,Website,Cancelled,,4930.00,0.00,788.80,5718.80,Online,orphan_foreign_key
ORD00113905,,LOC0020,2025-08-12 23:33:28,App,Completed,,1810.00,0.00,271.50,2081.50,Online,missing_value
ORD00113916,CUST0039707,LOC0004,2025-08-12 23:50:39,Website,Completed,,10590.00,0.00,1588.50,12178.50,Online,orphan_foreign_key
ORD00114323,CUST0003082,LOC0013,1970-01-01 21:37:00,ThirdPartyDelivery,Completed,,4050.00,0.00,607.50,4657.50,Online,invalid_date
ORD00114393,CUST3499846,LOC0013,2025-08-13 20:21:08,ThirdPartyDelivery,Completed,PROMO012,4430.00,1460.00,445.50,3415.50,Cash,orphan_foreign_key
ORD00114421,CUST6390560,LOC0010,2025-08-13 20:50:01,ThirdPartyDelivery,Completed,,5710.00,0.00,913.60,6623.60,Online,orphan_foreign_key
ORD00114558,,LOC0025,2025-08-13 22:29:19,Dine-in,Completed,,3470.00,0.00,520.50,3990.50,Cash,missing_value
ORD00114601,CUST0014199,LOC0002,2025-08-13 23:34:35,ThirdPartyDelivery,Completed,,2700.00,0.00,405.00,3105.00,Online,orphan_foreign_key
ORD00114650,CUST5208951,LOC0003,2025-08-14 11:08:14,ThirdPartyDelivery,Completed,,4330.00,0.00,649.50,4979.50,Online,orphan_foreign_key
ORD00114655,CUST4804987,LOC0001,2025-08-14 11:11:58,Takeaway,Completed,,4480.00,0.00,672.00,5152.00,Card,orphan_foreign_key
ORD00114708,CUST0038250,LOC0015,2025-08-14 12:14:45,Dine-in,Completed,,5060.00,7299.58,809.60,5869.60,Card,discount_exceeds_subtotal
ORD00114810,CUST0052791,LOC7355,2025-08-14 13:16:08,Dine-in,Completed,,3840.00,0.00,614.40,4454.40,Card,invalid_restaurant_id
ORD00114864,,LOC0016,2025-08-14 13:38:00,Dine-in,Completed,,11920.00,0.00,1907.20,13827.20,Cash,missing_value
ORD00114922,,LOC0008,2025-08-14 14:02:10,App,Completed,,4580.00,0.00,732.80,5312.80,Wallet,missing_value
ORD00114965,CUST0015359,LOC0023,2025-08-14 14:32:44,Dine-in,Completed,,10420.00,0.00,1563.00,11983.00,Cash,orphan_foreign_key
ORD00115035,CUST0012582,LOC0006,2025-08-14 15:40:27,Dine-in,Completed,PROMO012,2590.00,470.00,318.00,2438.00,Cash,orphan_foreign_key
ORD00115047,CUST0038371,LOC6522,2025-08-14 16:00:28,Takeaway,Completed,,5310.00,0.00,796.50,6106.50,Card,invalid_restaurant_id
ORD00115063,CUST5776463,LOC0009,2025-08-14 16:28:27,Takeaway,Completed,PROMO012,9370.00,3580.00,926.40,6716.40,Cash,orphan_foreign_key
ORD00115075,,LOC0015,2025-08-14 16:46:27,Website,Completed,PROMO012,6450.00,2660.00,606.40,4396.40,Online,missing_value
ORD00115208,CUST0022602,LOC0017,,Dine-in,Completed,PROMO012,8570.00,1300.00,1163.20,8433.20,Cash,invalid_date
ORD00115210,CUST0021976,LOC0009,2025-08-14 18:56:37,Dine-in,Completed,,6000.00,12933.09,960.00,6960.00,Card,discount_exceeds_subtotal
ORD00115491,,LOC0008,2025-08-14 21:09:37,ThirdPartyDelivery,Completed,,5220.00,0.00,835.20,6055.20,Cash,missing_value
ORD00115492,CUST0021607,LOC0002,2025-08-14 21:09:53,ThirdPartyDelivery,Completed,,3130.00,5310.83,469.50,3599.50,Cash,discount_exceeds_subtotal
ORD00115506,CUST0204940,LOC0002,2025-08-14 21:16:12,Dine-in,Completed,,14260.00,0.00,2139.00,16399.00,Card,orphan_foreign_key
ORD00115510,CUST0005126,LOC0001,2025-08-14 21:18:23,App,Completed,,5320.00,0.00,798.00,6118.00,Online,orphan_foreign_key
ORD00115544,,LOC0014,2025-08-14 21:33:52,Dine-in,Completed,,5500.00,0.00,825.00,6325.00,Cash,missing_value
ORD00115884,CUST8694439,LOC0022,2025-08-15 12:58:08,ThirdPartyDelivery,Completed,,12870.00,0.00,1930.50,14800.50,Cash,orphan_foreign_key
ORD00116004,,LOC0006,2025-08-15 13:51:42,Takeaway,Completed,,4030.00,0.00,604.50,4634.50,Cash,missing_value
ORD00116161,CUST7368544,LOC0015,2025-08-15 16:38:25,Dine-in,Completed,,6260.00,0.00,1001.60,7261.60,Wallet,orphan_foreign_key
ORD00116196,CUST0032636,LOC0005,1900-01-01 13:22:00,Dine-in,Completed,,6250.00,0.00,937.50,7187.50,Card,invalid_date
ORD00116265,CUST0012128,LOC0014,2025-08-15 19:01:03,Dine-in,Completed,PROMO012,14275.00,35042.48,1302.75,9987.75,Cash,discount_exceeds_subtotal
ORD00116392,,LOC0018,2025-08-15 20:14:14,App,Completed,,6550.00,0.00,1048.00,7598.00,Card,missing_value
ORD00116431,CUST3222788,LOC0022,2025-08-15 20:33:40,App,Completed,PROMO012,7190.00,1580.00,841.50,6451.50,Card,orphan_foreign_key
ORD00116650,CUST0039532,LOC0004,2025-08-15 22:31:57,ThirdPartyDelivery,Cancelled,,5825.00,0.00,873.75,6698.75,Online,orphan_foreign_key
ORD00116818,CUST0003494,LOC0017,2025-08-16 12:09:01,App,Completed,,1370.00,0.00,219.20,1589.20,Online,orphan_foreign_key
ORD00117077,,LOC0016,2025-08-16 14:27:45,App,Completed,,5260.00,0.00,841.60,6101.60,Card,missing_value
ORD00117108,,LOC0025,2025-08-16 14:47:13,Takeaway,Completed,,7380.00,0.00,1107.00,8487.00,Card,missing_value
ORD00117136,CUST0014191,LOC0004,2025-08-16 15:27:57,ThirdPartyDelivery,Completed,,16935.00,0.00,2540.25,19475.25,Cash,orphan_foreign_key
ORD00117353,CUST0010693,LOC0015,2031-07-22 17:06:00,ThirdPartyDelivery,Completed,,2220.00,0.00,355.20,2575.20,Cash,invalid_date
ORD00117496,CUST0015164,LOC0025,2025-08-16 20:45:33,Website,Completed,PROMO012,9280.00,840.00,1266.00,9706.00,Online,orphan_foreign_key
ORD00117692,,LOC0003,2025-08-16 22:26:01,Dine-in,Completed,,25520.00,0.00,3828.00,29348.00,Card,missing_value
ORD00117770,CUST0035412,LOC8360,2025-08-16 23:53:56,App,Completed,,8290.00,0.00,1243.50,9533.50,Card,invalid_restaurant_id
ORD00118318,,LOC0015,2025-08-17 20:36:47,Dine-in,Completed,,4670.00,0.00,747.20,5417.20,Card,missing_value
ORD00118338,CUST0012775,LOC0022,2025-08-17 20:49:00,ThirdPartyDelivery,Completed,,16440.00,0.00,2466.00,18906.00,Online,orphan_foreign_key
ORD00118378,CUST0000223,LOC0005,2025-08-17 21:13:15,App,Completed,,3860.00,0.00,579.00,4439.00,Wallet,orphan_foreign_key
ORD00118466,CUST4587420,LOC0003,2025-08-17 22:25:35,Dine-in,Completed,,18610.00,0.00,2791.50,21401.50,Card,orphan_foreign_key
ORD00118492,,LOC0022,2025-08-17 22:53:28,Website,Completed,,540.00,0.00,81.00,621.00,Online,missing_value
ORD00118770,CUST0051887,LOC0024,2025-08-18 17:05:20,Takeaway,Completed,,2025.00,4030.68,324.00,2349.00,Cash,discount_exceeds_subtotal
ORD00118920,CUST7768694,LOC0023,2025-08-18 20:28:11,Website,Completed,,7100.00,0.00,1065.00,8165.00,Online,orphan_foreign_key
ORD00119093,CUST0029328,LOC0014,,Dine-in,Completed,,12940.00,0.00,1941.00,14881.00,Card,invalid_date
ORD00119104,CUST8451146,LOC0006,2025-08-19 12:29:03,Dine-in,Completed,,3560.00,0.00,534.00,4094.00,Card,orphan_foreign_key
ORD00119185,CUST0002689,LOC1743,2025-08-19 13:46:29,Website,Completed,,2790.00,0.00,446.40,3236.40,Online,invalid_restaurant_id
ORD00119459,CUST0022265,LOC8302,2025-08-19 20:43:45,Takeaway,Completed,PROMO012,9650.00,3250.00,1024.00,7424.00,Cash,invalid_restaurant_id
ORD00119700,CUST0052755,LOC0015,2025-08-20 13:02:23,Dine-in,Completed,,10550.00,0.00,1688.00,12238.00,Card,orphan_foreign_key
ORD00119724,,LOC0018,2025-08-20 13:35:27,Dine-in,Completed,,9030.00,0.00,1444.80,10474.80,Card,missing_value
ORD00119908,CUST0011232,LOC0024,2025-08-20 19:22:21,Dine-in,Completed,,14535.00,0.00,2325.60,16860.60,Card,orphan_foreign_key
ORD00119961,CUST0052394,LOC0006,2025-08-20 20:20:33,Takeaway,Completed,,2310.00,0.00,346.50,2656.50,Cash,orphan_foreign_key
ORD00120139,CUST0017477,LOC9658,2025-08-20 23:57:33,Takeaway,Completed,,8650.00,0.00,1297.50,9947.50,Cash,invalid_restaurant_id
ORD00120145,CUST0004716,LOC0002,2025-08-21 00:34:24,ThirdPartyDelivery,Completed,,2610.00,3925.71,391.50,3001.50,Cash,discount_exceeds_subtotal
ORD00120305,CUST0007900,LOC0016,2025-08-21 13:56:18,Dine-in,Completed,,9080.00,10614.54,1452.80,10532.80,Cash,discount_exceeds_subtotal
ORD00120357,,LOC0009,2025-08-21 14:54:07,Dine-in,Completed,,6620.00,0.00,1059.20,7679.20,Card,missing_value
ORD00120462,CUST0053873,LOC0003,2025-08-21 18:42:17,Dine-in,Completed,PROMO012,9785.00,730.00,1358.25,10413.25,Cash,orphan_foreign_key
ORD00120534,CUST0018373,LOC0017,2025-08-21 20:00:50,Takeaway,Completed,PROMO012,7820.00,2740.00,812.80,5892.80,Cash,orphan_foreign_key
ORD00120695,CUST0027196,LOC1259,2025-08-21 22:23:41,App,Completed,,6360.00,0.00,1017.60,7377.60,Card,invalid_restaurant_id
ORD00120777,CUST0048574,LOC0018,2025-08-22 10:23:59,Website,Completed,,9170.00,14274.13,1467.20,10637.20,Online,discount_exceeds_subtotal
ORD00120995,CUST0042892,LOC0021,2025-08-22 14:02:25,ThirdPartyDelivery,Completed,,17890.00,23773.38,2683.50,20573.50,Online,discount_exceeds_subtotal
ORD00121083,CUST0042424,LOC0017,2025-08-22 15:35:09,ThirdPartyDelivery,Completed,,10430.00,0.00,1668.80,12098.80,Cash,orphan_foreign_key
ORD00121427,CUST8173615,LOC0006,2025-08-22 21:25:19,Takeaway,Completed,,2480.00,0.00,372.00,2852.00,Cash,orphan_foreign_key
ORD00121443,,LOC0014,2025-08-22 21:36:28,Dine-in,Completed,,10680.00,0.00,1602.00,12282.00,Cash,missing_value
ORD00121461,CUST0028312,LOC0023,1900-01-01 14:23:00,Website,Completed,,8480.00,0.00,1272.00,9752.00,Card,invalid_date
ORD00121477,CUST0052652,LOC1182,2025-08-22 21:57:24,Dine-in,Completed,,3370.00,0.00,539.20,3909.20,Cash,invalid_restaurant_id
ORD00121480,,LOC0023,2025-08-22 22:02:48,Dine-in,Completed,,10260.00,0.00,1539.00,11799.00,Card,missing_value
ORD00121618,CUST0052071,LOC0018,2025-08-23 12:01:10,Dine-in,Completed,,7580.00,0.00,1212.80,8792.80,Cash,orphan_foreign_key
ORD00121649,CUST0006945,LOC0020,2025-08-23 12:22:48,Dine-in,Completed,,7100.00,0.00,1065.00,8165.00,Card,orphan_foreign_key
ORD00121934,CUST0054136,LOC0023,2027-11-05 21:48:00,Dine-in,Completed,,9660.00,0.00,1449.00,11109.00,Cash,invalid_date
ORD00122046,CUST0020373,LOC0020,2025-08-23 19:19:26,App,Completed,,7150.00,16332.99,1072.50,8222.50,Card,discount_exceeds_subtotal
ORD00122085,CUST0034093,LOC0017,,Takeaway,Completed,,9675.00,0.00,1548.00,11223.00,Cash,invalid_date
ORD00122474,,LOC0011,2025-08-24 11:58:55,Website,Completed,PROMO012,4660.00,780.00,620.80,4500.80,Card,missing_value
ORD00122617,CUST0006673,LOC0005,2025-08-24 13:35:09,Dine-in,Completed,,5355.00,0.00,803.25,6158.25,Card,orphan_foreign_key
ORD00122698,CUST0009263,LOC0002,2025-08-24 14:57:02,Dine-in,Completed,,920.00,0.00,138.00,1058.00,Card,orphan_foreign_key
ORD00122801,CUST5537122,LOC0010,2025-08-24 18:26:28,Dine-in,Completed,,3205.00,0.00,512.80,3717.80,Cash,orphan_foreign_key
ORD00122894,CUST0002007,LOC9726,2025-08-24 19:52:16,Dine-in,Completed,,16560.00,0.00,2649.60,19209.60,Cash,invalid_restaurant_id
ORD00122936,,LOC0021,2025-08-24 20:16:09,ThirdPartyDelivery,Completed,PROMO012,1755.00,470.00,192.75,1477.75,Cash,missing_value
ORD00122946,CUST0038237,LOC0003,2025-08-24 20:21:20,App,Completed,PROMO012,14450.00,23645.96,1326.00,10166.00,Wallet,discount_exceeds_subtotal
ORD00123104,CUST0054670,LOC0005,2025-08-24 22:12:00,ThirdPartyDelivery,Completed,,3405.00,7099.51,510.75,3915.75,Online,discount_exceeds_subtotal
ORD00123385,CUST0000504,LOC0007,1970-01-01 12:45:00,ThirdPartyDelivery,Completed,,4850.00,0.00,776.00,5626.00,Online,invalid_date
ORD00123534,CUST0020443,LOC0007,2025-08-25 19:21:55,App,Completed,,2860.00,0.00,457.60,3317.60,Online,orphan_foreign_key
ORD00123572,,LOC0016,2025-08-25 19:55:34,ThirdPartyDelivery,Completed,PROMO012,14460.00,2740.00,1875.20,13595.20,Cash,missing_value
ORD00123765,CUST0002900,LOC2127,2025-08-25 23:36:11,Takeaway,Completed,,2880.00,0.00,460.80,3340.80,Card,invalid_restaurant_id
ORD00123779,,LOC0011,2025-08-26 00:16:04,Website,Completed,,10295.00,0.00,1647.20,11942.20,Card,missing_value
ORD00123784,CUST0020955,LOC0009,2025-08-26 00:46:14,Dine-in,Completed,,5570.00,9603.32,891.20,6461.20,Cash,discount_exceeds_subtotal
ORD00123864,CUST0007702,LOC0013,2025-08-26 12:52:57,Dine-in,Cancelled,PROMO012,31630.00,53335.83,3111.00,23851.00,Wallet,discount_exceeds_subtotal
ORD00123976,CUST0038164,LOC0023,2025-08-26 14:39:26,ThirdPartyDelivery,Completed,,925.00,0.00,138.75,1063.75,Online,orphan_foreign_key
ORD00124018,CUST0003773,LOC0015,2025-08-26 17:11:12,Takeaway,Completed,PROMO012,11420.00,3650.00,1243.20,9013.20,Wallet,orphan_foreign_key
ORD00124148,CUST0012269,LOC6514,2025-08-26 20:36:48,Website,Completed,,3600.00,0.00,540.00,4140.00,Card,invalid_restaurant_id
ORD00124296,,LOC0020,2025-08-27 11:45:01,Dine-in,Completed,,5250.00,0.00,787.50,6037.50,Cash,missing_value
ORD00124343,CUST0012187,LOC0012,2025-08-27 12:53:03,App,Completed,,3990.00,5439.06,598.50,4588.50,Online,discount_exceeds_subtotal
ORD00124466,CUST0027488,LOC0007,2025-08-27 15:22:12,App,Completed,,6360.00,15517.87,1017.60,7377.60,Online,discount_exceeds_subtotal
ORD00124547,CUST0035489,LOC0005,2025-08-27 19:03:46,Dine-in,Completed,PROMO012,12385.00,4710.00,1151.25,8826.25,Card,orphan_foreign_key
ORD00124561,CUST9899578,LOC0016,2025-08-27 19:13:58,Dine-in,Completed,,10830.00,0.00,1732.80,12562.80,Cash,orphan_foreign_key
ORD00124654,CUST0043043,LOC0022,2025-08-27 20:36:14,Dine-in,Completed,,10130.00,0.00,1519.50,11649.50,Wallet,orphan_foreign_key
ORD00124676,,LOC0013,2025-08-27 20:55:26,Dine-in,Completed,PROMO012,16530.00,4450.00,1812.00,13892.00,Cash,missing_value
ORD00125220,CUST0033411,LOC0004,,ThirdPartyDelivery,Completed,,5970.00,0.00,895.50,6865.50,Cash,invalid_date
ORD00125297,,LOC0002,2025-08-28 21:43:37,Dine-in,Completed,,6560.00,0.00,984.00,7544.00,Wallet,missing_value
ORD00125334,,LOC0015,2025-08-28 21:59:40,Website,Completed,,7890.00,0.00,1262.40,9152.40,Online,missing_value
ORD00125523,CUST0044333,LOC0012,2025-08-29 12:37:42,Dine-in,Completed,,5560.00,0.00,834.00,6394.00,Card,orphan_foreign_key
ORD00125895,CUST0046770,LOC0020,2025-08-29 19:34:59,Takeaway,Completed,,2140.00,4907.76,321.00,2461.00,Wallet,discount_exceeds_subtotal
ORD00126047,CUST0046316,LOC0003,2031-07-22 16:32:00,ThirdPartyDelivery,Completed,,8170.00,0.00,1225.50,9395.50,Online,invalid_date
ORD00126218,CUST0003773,LOC0015,2025-08-29 23:24:23,Dine-in,Completed,,4390.00,0.00,702.40,5092.40,Cash,orphan_foreign_key
ORD00126255,CUST0023448,LOC0003,,Dine-in,Completed,,6435.00,0.00,965.25,7400.25,Cash,invalid_date
ORD00126298,CUST0052711,LOC0018,2025-08-30 11:44:30,Dine-in,Completed,,13695.00,15862.40,2191.20,15886.20,Card,discount_exceeds_subtotal
ORD00126449,CUST0010776,LOC0023,1970-01-01 22:55:00,Takeaway,Completed,PROMO012,11880.00,800.00,1662.00,12742.00,Cash,invalid_date
ORD00126477,CUST0002383,LOC0019,2025-08-30 13:52:23,Takeaway,Completed,PROMO012,5470.00,1220.00,680.00,4930.00,Cash,orphan_foreign_key
ORD00126484,,LOC0003,2025-08-30 14:00:28,Dine-in,Completed,PROMO012,10845.00,2470.00,1256.25,9631.25,Cash,missing_value
ORD00126507,CUST0031354,LOC0022,2025-08-30 14:17:57,App,Completed,PROMO012,8110.00,11121.84,823.50,6313.50,Card,discount_exceeds_subtotal
ORD00126966,CUST0035042,LOC5721,2025-08-30 21:27:34,Dine-in,Completed,PROMO012,17190.00,1460.00,2359.50,18089.50,Cash,invalid_restaurant_id
ORD00127258,CUST0033292,LOC0023,2025-08-31 12:51:46,Dine-in,Cancelled,,17400.00,0.00,2610.00,20010.00,Card,orphan_foreign_key
ORD00127519,CUST0052539,LOC0019,,Dine-in,Completed,,6890.00,0.00,1102.40,7992.40,Card,invalid_date
ORD00127614,CUST0029803,LOC0013,,Takeaway,Completed,,8785.00,0.00,1317.75,10102.75,Cash,invalid_date
ORD00127672,CUST0017251,LOC0009,2025-08-31 20:20:51,ThirdPartyDelivery,Completed,,6600.00,8141.60,1056.00,7656.00,Online,discount_exceeds_subtotal
ORD00127690,CUST0018496,LOC3111,2025-08-31 20:30:28,App,Cancelled,PROMO012,20480.00,8270.00,1953.60,14163.60,Online,invalid_restaurant_id
ORD00127778,,LOC0023,2025-08-31 21:35:28,App,Completed,,9030.00,0.00,1354.50,10384.50,Online,missing_value
ORD00127849,,LOC0020,2025-08-31 22:28:01,ThirdPartyDelivery,Completed,,5140.00,0.00,771.00,5911.00,Online,missing_value
ORD00127871,CUST4317147,LOC0014,2025-08-31 22:52:02,Dine-in,Completed,,6750.00,0.00,1012.50,7762.50,Cash,orphan_foreign_key
ORD00127982,CUST0054918,LOC0022,2025-09-01 13:09:26,App,Completed,,8360.00,0.00,1254.00,9614.00,Online,orphan_foreign_key
ORD00128011,CUST0001060,LOC0001,2025-09-01 13:45:16,Dine-in,Completed,PROMO014,6845.00,250.00,989.25,7584.25,Card,orphan_foreign_key
ORD00128167,CUST3665438,LOC0025,2025-09-01 20:54:38,Takeaway,Completed,,3370.00,0.00,505.50,3875.50,Cash,orphan_foreign_key
ORD00128208,CUST0021161,LOC0020,1900-01-01 11:34:00,Dine-in,Completed,,5435.00,0.00,815.25,6250.25,Cash,invalid_date
ORD00128353,CUST0009207,LOC0001,2025-09-02 14:19:49,App,Completed,,7180.00,0.00,1077.00,8257.00,Online,orphan_foreign_key
ORD00128443,CUST0013375,LOC0012,2025-09-02 19:15:53,ThirdPartyDelivery,Completed,,12165.00,0.00,1824.75,13989.75,Cash,orphan_foreign_key
ORD00128644,,LOC0003,2025-09-03 13:04:19,ThirdPartyDelivery,Completed,,8970.00,0.00,1345.50,10315.50,Online,missing_value
ORD00128759,,LOC0014,2025-09-03 18:23:27,Dine-in,Completed,,2500.00,0.00,375.00,2875.00,Cash,missing_value
ORD00128777,CUST0031042,LOC0012,2025-09-03 19:10:11,App,Completed,,4630.00,0.00,694.50,5324.50,Wallet,orphan_foreign_key
ORD00128788,,LOC0005,2025-09-03 19:27:39,Website,Completed,,4755.00,0.00,713.25,5468.25,Online,missing_value
ORD00128839,CUST0024895,LOC0013,2025-09-03 20:44:56,Website,Completed,,7500.00,0.00,1125.00,8625.00,Online,orphan_foreign_key
ORD00128911,CUST0034012,LOC0023,2027-11-05 17:56:00,Website,Completed,,2125.00,0.00,318.75,2443.75,Card,invalid_date
ORD00128969,,LOC0004,2025-09-04 12:23:39,Dine-in,Completed,,5000.00,0.00,750.00,5750.00,Card,missing_value
ORD00129092,,LOC0005,2025-09-04 17:29:47,Dine-in,Completed,,12420.00,0.00,1863.00,14283.00,Card,missing_value
ORD00129131,CUST0049357,LOC0024,2025-09-04 19:18:47,Takeaway,Completed,PROMO009,3430.00,299.99,500.80,3630.81,Wallet,orphan_foreign_key
ORD00129291,CUST0052901,LOC0023,2025-09-04 23:36:06,ThirdPartyDelivery,Completed,,7720.00,0.00,1158.00,8878.00,Online,orphan_foreign_key
ORD00129295,CUST0042823,LOC0006,1970-01-01 17:15:00,App,Completed,PROMO009,6220.00,300.00,888.00,6808.00,Cash,invalid_date
ORD00129633,,LOC0021,2025-09-05 20:50:08,App,Completed,,3390.00,0.00,508.50,3898.50,Online,missing_value
ORD00129662,,LOC0023,2025-09-05 21:13:51,Dine-in,Completed,,6855.00,0.00,1028.25,7883.25,Card,missing_value
ORD00129963,CUST0037931,LOC0021,,Dine-in,Completed,,15890.00,0.00,2383.50,18273.50,Wallet,invalid_date
ORD00129986,CUST0004272,LOC0014,,App,Completed,,3830.00,0.00,574.50,4404.50,Cash,invalid_date
ORD00130008,,LOC0009,2025-09-06 18:43:11,Dine-in,Completed,,9100.00,0.00,1456.00,10556.00,Card,missing_value
ORD00130048,CUST0039007,LOC0017,,Takeaway,Completed,,7350.00,0.00,1176.00,8526.00,Card,invalid_date
ORD00130160,,LOC0001,2025-09-06 21:32:06,Dine-in,Completed,,4075.00,0.00,611.25,4686.25,Cash,missing_value
ORD00130505,CUST0003773,LOC0018,2025-09-07 19:12:10,Takeaway,Completed,,4880.00,0.00,780.80,5660.80,Cash,orphan_foreign_key
ORD00130522,,LOC0017,2025-09-07 19:34:16,Website,Completed,,8705.00,0.00,1392.80,10097.80,Online,missing_value
ORD00130701,,LOC0018,2025-09-07 23:32:17,Website,Completed,,2070.00,0.00,331.20,2401.20,Online,missing_value
ORD00130745,CUST0018373,LOC0017,2025-09-08 12:08:59,App,Completed,PROMO014,6280.00,250.00,964.80,6994.80,Online,orphan_foreign_key
ORD00131014,CUST0052878,LOC0013,2027-11-05 16:15:00,Dine-in,Completed,,11480.00,0.00,1722.00,13202.00,Card,invalid_date
ORD00131049,CUST5467926,LOC0007,2025-09-08 22:49:52,Dine-in,Completed,,7780.00,0.00,1244.80,9024.80,Cash,orphan_foreign_key
ORD00131344,CUST0035489,LOC0020,2025-09-09 21:08:37,App,Cancelled,,6415.00,0.00,962.25,7377.25,Online,orphan_foreign_key
ORD00131391,CUST6899320,LOC0001,2025-09-09 22:34:54,Takeaway,Completed,,10880.00,0.00,1632.00,12512.00,Card,orphan_foreign_key
ORD00131427,,LOC0024,2025-09-10 07:57:27,Takeaway,Completed,PROMO009,11670.00,300.00,1819.20,13189.20,Cash,missing_value
ORD00131611,CUST0042424,LOC0015,2025-09-10 19:01:59,App,Completed,,5665.00,0.00,906.40,6571.40,Wallet,orphan_foreign_key
ORD00131749,CUST0034009,LOC0022,1900-01-01 17:48:00,ThirdPartyDelivery,Completed,,620.00,0.00,93.00,713.00,Online,invalid_date
ORD00131789,CUST0053175,LOC0021,2025-09-11 11:21:02,Takeaway,Completed,,2420.00,4904.77,363.00,2783.00,Card,discount_exceeds_subtotal
ORD00132045,CUST0040233,LOC0015,2025-09-11 21:40:36,ThirdPartyDelivery,Cancelled,,10910.00,0.00,1745.60,12655.60,Online,orphan_foreign_key
ORD00132061,CUST0032571,LOC5848,2025-09-11 22:02:50,Dine-in,Completed,,11830.00,0.00,1774.50,13604.50,Cash,invalid_restaurant_id
ORD00132105,CUST0049485,LOC2991,2025-09-12 00:09:54,Dine-in,Completed,,17230.00,0.00,2756.80,19986.80,Card,invalid_restaurant_id
ORD00132153,CUST0024897,LOC0010,2025-09-12 12:08:02,App,Completed,,1185.00,0.00,189.60,1374.60,Online,orphan_foreign_key
ORD00132220,CUST0016837,LOC0008,2027-11-05 12:42:00,Dine-in,Completed,,4020.00,0.00,643.20,4663.20,Cash,invalid_date
ORD00132341,CUST5332817,LOC0003,2025-09-12 18:05:02,Takeaway,Completed,,5410.00,0.00,811.50,6221.50,Card,orphan_foreign_key
ORD00132506,CUST5695684,LOC0007,2025-09-12 21:24:48,Dine-in,Completed,,5650.00,0.00,904.00,6554.00,Cash,orphan_foreign_key
ORD00132520,CUST0002710,LOC0008,2025-09-12 21:38:49,App,Completed,PROMO014,7030.00,250.00,1084.80,7864.80,Online,orphan_foreign_key
ORD00132541,CUST0022980,LOC0001,2025-09-12 21:59:56,ThirdPartyDelivery,Completed,,2860.00,0.00,429.00,3289.00,Online,orphan_foreign_key
ORD00132887,,LOC0020,2025-09-13 19:22:55,Dine-in,Completed,PROMO014,9700.00,250.00,1417.50,10867.50,Cash,missing_value
ORD00132891,CUST0024897,LOC0010,2025-09-13 19:24:56,App,Completed,,6110.00,0.00,977.60,7087.60,Cash,orphan_foreign_key
ORD00132908,,LOC0025,2025-09-13 19:44:30,Dine-in,Completed,,16720.00,0.00,2508.00,19228.00,Card,missing_value
ORD00132983,,LOC0016,2025-09-13 20:41:00,Website,Completed,,17115.00,0.00,2738.40,19853.40,Card,missing_value
ORD00133031,CUST0037421,LOC0016,2025-09-13 21:24:55,Dine-in,Completed,,5995.00,14875.57,959.20,6954.20,Card,discount_exceeds_subtotal
ORD00133105,,LOC0003,2025-09-13 22:35:37,ThirdPartyDelivery,Completed,,4890.00,0.00,733.50,5623.50,Online,missing_value
ORD00133257,CUST0224742,LOC0023,2025-09-14 13:10:46,Takeaway,Completed,,8480.00,0.00,1272.00,9752.00,Card,orphan_foreign_key
ORD00133293,CUST0036377,LOC0006,2025-09-14 13:46:01,Takeaway,Completed,,4720.00,0.00,708.00,5428.00,Card,orphan_foreign_key
ORD00133417,CUST0003773,LOC0015,2025-09-14 18:51:27,Dine-in,Completed,,5790.00,0.00,926.40,6716.40,Cash,orphan_foreign_key
ORD00133435,,LOC0021,2025-09-14 19:09:35,Takeaway,Completed,,6730.00,0.00,1009.50,7739.50,Wallet,missing_value
ORD00133481,,LOC0001,2025-09-14 20:06:13,Dine-in,Completed,,9625.00,0.00,1443.75,11068.75,Card,missing_value
ORD00133500,CUST0043990,LOC0018,2025-09-14 20:19:31,ThirdPartyDelivery,Cancelled,,6760.00,0.00,1081.60,7841.60,Cash,orphan_foreign_key
ORD00133574,CUST0040363,LOC6697,2025-09-14 21:21:57,Dine-in,Completed,,4180.00,0.00,627.00,4807.00,Cash,invalid_restaurant_id
ORD00133752,CUST0013373,LOC0003,,ThirdPartyDelivery,Completed,PROMO015,3170.00,634.00,380.40,2916.40,Online,invalid_date
ORD00133826,CUST0005274,LOC0003,2025-09-15 15:34:08,ThirdPartyDelivery,Completed,,7740.00,0.00,1161.00,8901.00,Online,orphan_foreign_key
ORD00133840,CUST0052406,LOC0004,2025-09-15 17:02:46,Dine-in,Completed,,9895.00,0.00,1484.25,11379.25,Card,orphan_foreign_key
ORD00134105,CUST6256756,LOC0005,2025-09-16 13:50:49,ThirdPartyDelivery,Completed,,11150.00,0.00,1672.50,12822.50,Cash,orphan_foreign_key
ORD00134123,CUST0027686,LOC0017,2025-09-16 14:20:42,Takeaway,Completed,,7105.00,11031.28,1136.80,8241.80,Card,discount_exceeds_subtotal
ORD00134134,CUST0035631,LOC0001,2025-09-16 14:45:26,App,Completed,PROMO015,3710.00,6088.76,445.20,3413.20,Online,discount_exceeds_subtotal
ORD00134135,,LOC0020,2025-09-16 14:46:12,Dine-in,Completed,,3540.00,0.00,531.00,4071.00,Cash,missing_value
ORD00134145,CUST0009138,LOC0008,2025-09-16 15:36:56,Website,Completed,,17045.00,0.00,2727.20,19772.20,Online,orphan_foreign_key
ORD00134250,CUST0031666,LOC0011,,App,Completed,,5670.00,0.00,907.20,6577.20,Online,invalid_date
ORD00134313,CUST0028932,LOC0004,2031-07-22 12:46:00,Takeaway,Completed,,3380.00,0.00,507.00,3887.00,Cash,invalid_date
ORD00134341,CUST0021574,LOC0001,2025-09-16 23:07:41,ThirdPartyDelivery,Cancelled,,6065.00,12344.57,909.75,6974.75,Online,discount_exceeds_subtotal
ORD00134343,CUST0043348,LOC0008,2025-09-16 23:11:45,Dine-in,Completed,PROMO014,9510.00,250.00,1481.60,10741.60,Cash,orphan_foreign_key
ORD00134377,CUST0015359,LOC0006,2025-09-17 11:26:43,Takeaway,Completed,,3000.00,0.00,450.00,3450.00,Wallet,orphan_foreign_key
ORD00134901,CUST0051413,LOC0016,,Dine-in,Completed,,6050.00,0.00,968.00,7018.00,Wallet,invalid_date
ORD00135011,CUST0042446,LOC0019,1970-01-01 18:59:00,Website,Completed,,6265.00,0.00,1002.40,7267.40,Online,invalid_date
ORD00135055,CUST2912476,LOC0023,2025-09-18 21:24:21,Takeaway,Completed,PROMO014,6970.00,250.00,1008.00,7728.00,Card,orphan_foreign_key
ORD00135171,CUST0014304,LOC0015,,Dine-in,Completed,,3710.00,0.00,593.60,4303.60,Card,invalid_date
ORD00135232,,LOC0012,2025-09-19 13:05:58,App,Completed,PROMO014,5150.00,250.00,735.00,5635.00,Online,missing_value
ORD00135347,CUST3371915,LOC0009,2025-09-19 15:48:10,ThirdPartyDelivery,Completed,,6015.00,0.00,962.40,6977.40,Cash,orphan_foreign_key
ORD00135349,CUST0010234,LOC0023,,App,Completed,,3520.00,0.00,528.00,4048.00,Online,invalid_date
ORD00135382,CUST0022419,LOC0021,2025-09-19 17:39:12,Takeaway,Completed,,3320.00,0.00,498.00,3818.00,Wallet,orphan_foreign_key
ORD00135408,CUST0010876,LOC0005,2025-09-19 18:37:55,App,Completed,,12145.00,24104.89,1821.75,13966.75,Online,discount_exceeds_subtotal
ORD00135444,CUST0018841,LOC3951,2025-09-19 19:29:30,App,Completed,,13320.00,0.00,1998.00,15318.00,Online,invalid_restaurant_id
ORD00135812,CUST0049679,LOC0005,2099-12-31 10:42:00,ThirdPartyDelivery,Completed,,15690.00,0.00,2353.50,18043.50,Cash,invalid_date
ORD00135854,CUST0033324,LOC0025,2025-09-20 14:05:48,App,Completed,PROMO009,3590.00,300.00,493.50,3783.50,Online,orphan_foreign_key
ORD00136223,CUST5982449,LOC0017,2025-09-20 22:31:17,Website,Cancelled,PROMO014,7765.00,250.00,1202.40,8717.40,Online,orphan_foreign_key
ORD00136243,CUST2149631,LOC0016,2025-09-20 23:03:10,Dine-in,Completed,,6170.00,0.00,987.20,7157.20,Cash,orphan_foreign_key
ORD00136419,,LOC0011,2025-09-21 14:29:45,ThirdPartyDelivery,Completed,PROMO015,2260.00,452.00,289.28,2097.28,Online,missing_value
ORD00136479,CUST0003181,LOC0005,2025-09-21 17:39:43,App,Completed,,3455.00,5997.77,518.25,3973.25,Online,discount_exceeds_subtotal
ORD00136504,CUST0000284,LOC6092,2025-09-21 18:31:55,Dine-in,Completed,PROMO015,4590.00,918.00,587.52,4259.52,Card,invalid_restaurant_id
ORD00136651,CUST0050090,LOC0012,,App,Completed,,5190.00,0.00,778.50,5968.50,Card,invalid_date
ORD00136666,CUST0002360,LOC0010,2099-12-31 20:59:00,App,Completed,,10600.00,0.00,1696.00,12296.00,Wallet,invalid_date
ORD00136686,CUST0044709,LOC0018,2025-09-21 21:35:53,Dine-in,Completed,,2730.00,0.00,436.80,3166.80,Card,orphan_foreign_key
ORD00136703,CUST0014199,LOC0002,2025-09-21 21:47:16,Dine-in,Completed,,6400.00,0.00,960.00,7360.00,Cash,orphan_foreign_key
ORD00136823,CUST0015090,LOC0010,2025-09-22 12:17:13,ThirdPartyDelivery,Completed,,4630.00,9906.34,740.80,5370.80,Cash,discount_exceeds_subtotal
ORD00137468,CUST0015585,LOC0022,2025-09-23 20:56:21,ThirdPartyDelivery,Completed,PROMO014,7950.00,250.00,1155.00,8855.00,Online,orphan_foreign_key
ORD00137626,CUST0003773,LOC0015,2025-09-24 12:19:23,Dine-in,Completed,PROMO014,10275.00,250.00,1604.00,11629.00,Cash,orphan_foreign_key
ORD00137681,CUST0029351,LOC0001,2025-09-24 13:50:36,ThirdPartyDelivery,Completed,,4810.00,0.00,721.50,5531.50,Online,orphan_foreign_key
ORD00137716,CUST0046454,LOC0012,2025-09-24 15:13:16,Website,Completed,,7105.00,0.00,1065.75,8170.75,Online,orphan_foreign_key
ORD00137761,CUST0014199,LOC0002,2025-09-24 18:06:42,ThirdPartyDelivery,Completed,,5885.00,0.00,882.75,6767.75,Cash,orphan_foreign_key
ORD00137765,,LOC0004,2025-09-24 18:18:27,Dine-in,Completed,,13270.00,0.00,1990.50,15260.50,Card,missing_value
ORD00137813,CUST0016579,LOC0025,2025-09-24 19:47:41,Dine-in,Completed,,4590.00,0.00,688.50,5278.50,Card,orphan_foreign_key
ORD00137838,CUST3316032,LOC0019,2025-09-24 20:28:20,Dine-in,Completed,,6980.00,0.00,1116.80,8096.80,Cash,orphan_foreign_key
ORD00137922,CUST0053377,LOC0007,2025-09-24 22:36:44,Dine-in,Completed,,8255.00,0.00,1320.80,9575.80,Card,orphan_foreign_key
ORD00137946,,LOC0013,2025-09-24 23:21:43,App,Completed,PROMO014,3570.00,250.00,498.00,3818.00,Wallet,missing_value
ORD00137987,CUST0021937,LOC0009,2025-09-25 12:06:13,ThirdPartyDelivery,Cancelled,,8990.00,18539.93,1438.40,10428.40,Online,discount_exceeds_subtotal
ORD00138107,CUST0014191,LOC0012,2025-09-25 14:51:08,Takeaway,Completed,,10300.00,0.00,1545.00,11845.00,Card,orphan_foreign_key
ORD00138161,CUST0033059,LOC0023,2025-09-25 18:09:55,Takeaway,Completed,PROMO014,3160.00,4848.92,436.50,3346.50,Cash,discount_exceeds_subtotal
ORD00138175,,LOC0003,2025-09-25 18:41:02,Dine-in,Completed,,8010.00,0.00,1201.50,9211.50,Cash,missing_value
ORD00138437,CUST0046096,LOC0017,2025-09-26 11:48:54,Dine-in,Completed,,6780.00,14479.60,1084.80,7864.80,Card,discount_exceeds_subtotal
ORD00138514,CUST0046307,LOC0018,2025-09-26 13:17:26,Takeaway,Completed,,440.00,0.00,70.40,510.40,Cash,orphan_foreign_key
ORD00138826,CUST6810302,LOC0003,2025-09-26 21:35:47,Dine-in,Completed,,9515.00,0.00,1427.25,10942.25,Card,orphan_foreign_key
ORD00138896,,LOC0008,2025-09-26 22:55:35,Takeaway,Completed,,4130.00,0.00,660.80,4790.80,Cash,missing_value
ORD00139189,,LOC0008,2025-09-27 18:07:45,App,Completed,,2675.00,0.00,428.00,3103.00,Wallet,missing_value
ORD00139586,CUST0027325,LOC0975,2025-09-28 12:30:49,ThirdPartyDelivery,Completed,,1530.00,0.00,244.80,1774.80,Cash,invalid_restaurant_id
ORD00139617,CUST0021144,LOC0020,2025-09-28 13:01:46,App,Completed,,4915.00,0.00,737.25,5652.25,Wallet,orphan_foreign_key
ORD00139681,CUST5862814,LOC0023,2025-09-28 13:52:09,ThirdPartyDelivery,Completed,,4680.00,0.00,702.00,5382.00,Online,orphan_foreign_key
ORD00139914,,LOC0023,2025-09-28 20:12:50,App,Completed,,6955.00,0.00,1043.25,7998.25,Wallet,missing_value
ORD00140092,,LOC0017,2025-09-28 22:45:26,Dine-in,Completed,,11400.00,0.00,1824.00,13224.00,Card,missing_value
ORD00140158,,LOC0016,2025-09-29 12:43:24,Takeaway,Completed,,2920.00,0.00,467.20,3387.20,Cash,missing_value
ORD00140236,CUST0021034,LOC9014,2025-09-29 14:19:18,App,Completed,,14700.00,0.00,2352.00,17052.00,Card,invalid_restaurant_id
ORD00140250,,LOC0001,2025-09-29 14:50:19,Takeaway,Completed,,2830.00,0.00,424.50,3254.50,Cash,missing_value
ORD00140574,,LOC0010,2025-09-30 13:37:23,ThirdPartyDelivery,Completed,PROMO015,11400.00,2280.00,1459.20,10579.20,Cash,missing_value
ORD00140784,CUST0022347,LOC0015,2025-09-30 21:59:00,App,Completed,,4330.00,0.00,692.80,5022.80,Cash,orphan_foreign_key
ORD00140829,CUST0000127,LOC0007,2025-09-30 23:46:52,ThirdPartyDelivery,Completed,PROMO014,2190.00,4199.48,310.40,2250.40,Online,discount_exceeds_subtotal
ORD00141120,CUST0046770,LOC2349,2025-10-01 21:43:39,Takeaway,Completed,,6845.00,0.00,1026.75,7871.75,Cash,invalid_restaurant_id
ORD00141143,,LOC0008,2025-10-01 22:22:00,Dine-in,Completed,,8270.00,0.00,1323.20,9593.20,Cash,missing_value
ORD00141179,,LOC0004,2025-10-02 01:15:51,Takeaway,Completed,,1820.00,0.00,273.00,2093.00,Cash,missing_value
ORD00141220,CUST0017300,LOC0003,2025-10-02 12:42:52,Takeaway,Completed,PROMO015,3320.00,6482.73,398.40,3054.40,Wallet,discount_exceeds_subtotal
ORD00141470,CUST0029659,LOC0008,2025-10-02 21:13:30,Takeaway,Completed,,5200.00,5791.47,832.00,6032.00,Cash,discount_exceeds_subtotal
ORD00141741,,LOC0016,2025-10-03 15:19:30,App,Completed,,10625.00,0.00,1700.00,12325.00,Cash,missing_value
ORD00141823,CUST0025475,LOC2961,2025-10-03 19:04:23,App,Completed,,2250.00,0.00,360.00,2610.00,Online,invalid_restaurant_id
ORD00141829,CUST0009138,LOC0008,2025-10-03 19:09:29,Website,Completed,,10310.00,0.00,1649.60,11959.60,Online,orphan_foreign_key
ORD00142052,,LOC0023,2025-10-03 23:14:42,Takeaway,Completed,,11775.00,0.00,1766.25,13541.25,Card,missing_value
ORD00142132,CUST0003009,LOC0007,2025-10-04 12:34:57,Takeaway,Completed,,6355.00,11962.54,1016.80,7371.80,Card,discount_exceeds_subtotal
ORD00142222,CUST0032795,LOC0001,2025-10-04 13:49:12,App,Completed,,7430.00,9300.10,1114.50,8544.50,Cash,discount_exceeds_subtotal
ORD00142276,CUST0018967,LOC0023,2025-10-04 15:11:08,Website,Completed,,3390.00,0.00,508.50,3898.50,Card,orphan_foreign_key
ORD00142544,,LOC0019,2025-10-04 22:00:17,ThirdPartyDelivery,Completed,,6750.00,0.00,1080.00,7830.00,Cash,missing_value
ORD00142719,CUST5805005,LOC0018,2025-10-05 13:00:00,Dine-in,Completed,,4930.00,0.00,788.80,5718.80,Cash,orphan_foreign_key
ORD00142786,CUST0015666,LOC0019,1970-01-01 16:18:00,App,Completed,,3260.00,0.00,521.60,3781.60,Cash,invalid_date
ORD00142992,CUST0052262,LOC0017,2025-10-05 20:05:50,Dine-in,Cancelled,,15125.00,0.00,2420.00,17545.00,Card,orphan_foreign_key
ORD00143216,CUST1872454,LOC0008,2025-10-06 13:02:55,App,Completed,,9660.00,0.00,1545.60,11205.60,Online,orphan_foreign_key
ORD00143316,CUST0022347,LOC0012,2025-10-06 16:47:32,App,Completed,,3170.00,0.00,475.50,3645.50,Card,orphan_foreign_key
ORD00143373,CUST0018782,LOC0005,2025-10-06 19:15:31,App,Completed,PROMO015,2720.00,544.00,326.40,2502.40,Online,orphan_foreign_key
ORD00143530,CUST7299120,LOC0014,2025-10-06 23:14:23,ThirdPartyDelivery,Completed,,7870.00,0.00,1180.50,9050.50,Online,orphan_foreign_key
ORD00143761,CUST1698260,LOC0011,2025-10-07 20:03:10,App,Completed,,8635.00,0.00,1381.60,10016.60,Card,orphan_foreign_key
ORD00143794,,LOC0022,2025-10-07 20:41:25,App,Completed,,2740.00,0.00,411.00,3151.00,Online,missing_value
ORD00144126,CUST0004444,LOC0014,2025-10-08 19:49:49,ThirdPartyDelivery,Cancelled,,6160.00,0.00,924.00,7084.00,Online,orphan_foreign_key
ORD00144145,CUST6890430,LOC0004,2025-10-08 20:11:16,ThirdPartyDelivery,Completed,,10990.00,0.00,1648.50,12638.50,Cash,orphan_foreign_key
ORD00144283,,LOC0009,2025-10-09 10:58:51,App,Completed,,5710.00,0.00,913.60,6623.60,Online,missing_value
ORD00144344,,LOC0023,2025-10-09 13:12:47,Website,Completed,,3315.00,0.00,497.25,3812.25,Card,missing_value
ORD00144426,CUST0040019,LOC0018,1900-01-01 20:57:00,Takeaway,Completed,,3490.00,0.00,558.40,4048.40,Cash,invalid_date
ORD00144441,CUST0013077,LOC0002,2025-10-09 17:25:58,App,Completed,,9480.00,17128.96,1422.00,10902.00,Online,discount_exceeds_subtotal
ORD00144515,CUST0018793,LOC0011,2025-10-09 20:04:13,Dine-in,Completed,PROMO015,18600.00,3720.00,2380.80,17260.80,Card,orphan_foreign_key
ORD00144625,,LOC0004,2025-10-09 22:21:17,App,Completed,,7025.00,0.00,1053.75,8078.75,Cash,missing_value
ORD00144669,CUST0001905,LOC0002,2025-10-10 00:26:27,ThirdPartyDelivery,Completed,PROMO015,2590.00,5026.66,310.80,2382.80,Online,discount_exceeds_subtotal
ORD00144715,CUST0046667,LOC4168,2025-10-10 12:12:25,ThirdPartyDelivery,Completed,,8140.00,0.00,1221.00,9361.00,Cash,invalid_restaurant_id
ORD00144858,CUST0057335,LOC0001,2025-10-10 15:20:37,Takeaway,Completed,,7500.00,0.00,1125.00,8625.00,Cash,orphan_foreign_key
ORD00144869,CUST0033384,LOC0013,,Dine-in,Completed,,4435.00,0.00,665.25,5100.25,Card,invalid_date
ORD00144932,,LOC0018,2025-10-10 18:51:24,Dine-in,Completed,,6845.00,0.00,1095.20,7940.20,Cash,missing_value
ORD00144943,CUST1441207,LOC0002,2025-10-10 19:13:14,ThirdPartyDelivery,Completed,,5810.00,0.00,871.50,6681.50,Online,orphan_foreign_key
ORD00145038,CUST0023271,LOC0015,2025-10-10 20:58:01,ThirdPartyDelivery,Completed,,3400.00,3888.03,544.00,3944.00,Cash,discount_exceeds_subtotal
ORD00145042,CUST0023242,LOC0003,2025-10-10 20:58:27,Dine-in,Completed,,7090.00,0.00,1063.50,8153.50,Cash,orphan_foreign_key
ORD00145067,,LOC0014,2025-10-10 21:23:27,ThirdPartyDelivery,Completed,PROMO015,2105.00,421.00,252.60,1936.60,Online,missing_value
ORD00145156,,LOC0023,2025-10-10 23:58:54,Dine-in,Completed,,2410.00,0.00,361.50,2771.50,Cash,missing_value
ORD00145264,CUST0023146,LOC0007,2031-07-22 11:26:00,ThirdPartyDelivery,Completed,,8480.00,0.00,1356.80,9836.80,Cash,invalid_date
ORD00145571,CUST0015496,LOC0001,2025-10-11 20:27:07,Dine-in,Completed,PROMO015,13240.00,2648.00,1588.80,12180.80,Cash,orphan_foreign_key
ORD00145600,CUST0006945,LOC0020,2025-10-11 20:53:06,Takeaway,Completed,,5130.00,0.00,769.50,5899.50,Card,orphan_foreign_key
ORD00145644,CUST0045856,LOC0013,2025-10-11 21:25:04,ThirdPartyDelivery,Completed,,7600.00,0.00,1140.00,8740.00,Online,orphan_foreign_key
ORD00145670,CUST0000397,LOC0015,2025-10-11 21:47:40,Dine-in,Completed,,6925.00,0.00,1108.00,8033.00,Card,orphan_foreign_key
ORD00145900,CUST0045856,LOC0013,2025-10-12 13:56:13,Dine-in,Completed,,29790.00,0.00,4468.50,34258.50,Wallet,orphan_foreign_key
ORD00145923,,LOC0008,2025-10-12 14:38:34,App,Completed,,19390.00,0.00,3102.40,22492.40,Online,missing_value
ORD00146010,CUST0041715,LOC0015,2025-10-12 18:09:24,App,Completed,,2240.00,3824.83,358.40,2598.40,Online,discount_exceeds_subtotal
ORD00146231,CUST0007087,LOC1254,2025-10-12 22:14:56,App,Completed,,4590.00,0.00,734.40,5324.40,Wallet,invalid_restaurant_id
ORD00146275,CUST8773756,LOC0020,2025-10-12 23:20:11,Takeaway,Completed,,1920.00,0.00,288.00,2208.00,Cash,orphan_foreign_key
ORD00146454,CUST4668068,LOC0007,2025-10-13 17:44:26,Takeaway,Completed,,5060.00,0.00,809.60,5869.60,Cash,orphan_foreign_key
ORD00146640,,LOC0020,2025-10-13 22:42:55,Dine-in,Completed,,13215.00,0.00,1982.25,15197.25,Card,missing_value
ORD00146710,CUST7293701,LOC0020,2025-10-14 12:18:12,Dine-in,Completed,,13700.00,0.00,2055.00,15755.00,Wallet,orphan_foreign_key
ORD00146880,CUST0027526,LOC0009,2025-10-14 18:39:32,Dine-in,Completed,,17810.00,24090.54,2849.60,20659.60,Wallet,discount_exceeds_subtotal
ORD00146929,,LOC0005,2025-10-14 20:03:48,ThirdPartyDelivery,Completed,,14975.00,0.00,2246.25,17221.25,Online,missing_value
ORD00146939,CUST0002714,LOC3850,2025-10-14 20:11:18,App,Completed,PROMO015,2815.00,563.00,360.32,2612.32,Online,invalid_restaurant_id
ORD00146941,,LOC0009,2025-10-14 20:12:59,Dine-in,Completed,,12920.00,0.00,2067.20,14987.20,Card,missing_value
ORD00147029,,LOC0004,2025-10-14 22:54:40,App,Completed,PROMO015,13940.00,2788.00,1672.80,12824.80,Online,missing_value
ORD00147060,CUST0009138,LOC0008,2025-10-15 11:08:02,Website,Completed,,4990.00,0.00,798.40,5788.40,Wallet,orphan_foreign_key
ORD00147336,,LOC0006,2025-10-15 20:43:02,Dine-in,Completed,,2190.00,0.00,328.50,2518.50,Cash,missing_value
ORD00147512,CUST0052848,LOC0017,,Dine-in,Completed,,6740.00,0.00,1078.40,7818.40,Wallet,invalid_date
ORD00147700,CUST3203479,LOC0016,2025-10-16 20:42:53,ThirdPartyDelivery,Cancelled,,6220.00,0.00,995.20,7215.20,Cash,orphan_foreign_key
ORD00147994,,LOC0016,2025-10-17 18:01:49,Dine-in,Cancelled,,4670.00,0.00,747.20,5417.20,Card,missing_value
ORD00148111,CUST0036250,LOC0015,2025-10-17 20:52:49,App,Completed,,11410.00,24464.70,1825.60,13235.60,Wallet,discount_exceeds_subtotal
ORD00148253,CUST0029002,LOC4939,2025-10-18 11:55:31,App,Completed,,7920.00,0.00,1188.00,9108.00,Cash,invalid_restaurant_id
ORD00148590,CUST0004149,LOC0007,2025-10-18 21:32:44,Dine-in,Completed,,6995.00,0.00,1119.20,8114.20,Cash,orphan_foreign_key
ORD00148687,CUST0043043,LOC0016,2025-10-19 10:22:43,ThirdPartyDelivery,Completed,,8580.00,0.00,1372.80,9952.80,Cash,orphan_foreign_key
ORD00148689,,LOC0021,2025-10-19 10:32:44,App,Completed,,7925.00,0.00,1188.75,9113.75,Wallet,missing_value
ORD00148740,CUST0028571,LOC0016,,App,Completed,,3260.00,0.00,521.60,3781.60,Wallet,invalid_date
ORD00148744,CUST0031042,LOC0019,2025-10-19 12:45:03,Takeaway,Completed,,4810.00,0.00,769.60,5579.60,Cash,orphan_foreign_key
ORD00148804,CUST0048272,LOC0003,2025-10-19 13:40:22,Dine-in,Completed,,5530.00,0.00,829.50,6359.50,Cash,orphan_foreign_key
ORD00148806,CUST0010727,LOC0025,2025-10-19 13:41:51,Takeaway,Completed,,2470.00,5154.11,370.50,2840.50,Cash,discount_exceeds_subtotal
ORD00149158,,LOC0012,2025-10-19 22:44:48,App,Completed,,4245.00,0.00,636.75,4881.75,Online,missing_value
ORD00149224,CUST0014496,LOC0013,2031-07-22 19:27:00,Takeaway,Completed,,40.00,0.00,6.00,46.00,Cash,invalid_date
ORD00149536,CUST0000647,LOC0012,2025-10-20 21:38:41,App,Cancelled,,8010.00,19478.83,1201.50,9211.50,Card,discount_exceeds_subtotal
ORD00149605,,LOC0023,2025-10-21 00:12:44,App,Completed,,4435.00,0.00,665.25,5100.25,Online,missing_value
ORD00149648,CUST1311199,LOC0018,2025-10-21 12:20:18,Dine-in,Completed,PROMO016,8450.00,456.00,1279.04,9273.04,Wallet,orphan_foreign_key
ORD00149761,CUST0014049,LOC0014,2025-10-21 15:39:15,App,Completed,,4340.00,4993.74,651.00,4991.00,Online,discount_exceeds_subtotal
ORD00149780,CUST0051985,LOC0002,2025-10-21 16:57:36,Dine-in,Completed,,5180.00,0.00,777.00,5957.00,Cash,orphan_foreign_key
ORD00149791,,LOC0005,2025-10-21 17:35:34,Dine-in,Completed,,2360.00,0.00,354.00,2714.00,Cash,missing_value
ORD00149959,CUST0005525,LOC0015,2025-10-21 22:05:54,ThirdPartyDelivery,Completed,PROMO016,15215.00,228.00,2397.92,17384.92,Cash,orphan_foreign_key
ORD00150271,CUST0019181,LOC0008,2025-10-22 19:45:19,ThirdPartyDelivery,Completed,,7630.00,0.00,1220.80,8850.80,Online,orphan_foreign_key
ORD00150670,CUST0052288,LOC0020,2025-10-23 17:37:38,Takeaway,Completed,,7870.00,0.00,1180.50,9050.50,Card,orphan_foreign_key
ORD00150688,CUST0002237,LOC0019,2025-10-23 18:29:54,Dine-in,Completed,,6030.00,0.00,964.80,6994.80,Cash,orphan_foreign_key
ORD00150693,,LOC0007,2025-10-23 18:33:39,Dine-in,Completed,,13010.00,0.00,2081.60,15091.60,Cash,missing_value
ORD00150763,CUST0034991,LOC0005,2025-10-23 20:06:40,Takeaway,Completed,,8920.00,0.00,1338.00,10258.00,Cash,orphan_foreign_key
ORD00150780,CUST0083005,LOC0007,2025-10-23 20:24:45,App,Completed,,6930.00,0.00,1108.80,8038.80,Cash,orphan_foreign_key
ORD00150865,CUST0004790,LOC0020,,App,Completed,,14245.00,0.00,2136.75,16381.75,Cash,invalid_date
ORD00150916,CUST4688574,LOC0020,2025-10-23 23:52:21,Takeaway,Completed,,3510.00,0.00,526.50,4036.50,Card,orphan_foreign_key
ORD00150947,CUST0017627,LOC0022,2025-10-24 11:07:51,Takeaway,Completed,,2860.00,6464.89,429.00,3289.00,Cash,discount_exceeds_subtotal
ORD00151043,,LOC0014,2025-10-24 13:15:54,Website,Completed,,4280.00,0.00,642.00,4922.00,Online,missing_value
ORD00151127,CUST0042552,LOC0007,,ThirdPartyDelivery,Completed,,4855.00,0.00,776.80,5631.80,Online,invalid_date
ORD00151213,CUST0718958,LOC0013,2025-10-24 17:30:12,Takeaway,Completed,,6940.00,0.00,1041.00,7981.00,Card,orphan_foreign_key
ORD00151228,CUST0037026,LOC0019,2025-10-24 18:04:45,Dine-in,Completed,,6580.00,11130.58,1052.80,7632.80,Cash,discount_exceeds_subtotal
ORD00151444,CUST0052855,LOC0011,2025-10-24 21:33:26,App,Cancelled,,9200.00,19335.02,1472.00,10672.00,Wallet,discount_exceeds_subtotal
ORD00151688,CUST0009397,LOC0009,1900-01-01 20:53:00,Dine-in,Completed,,10950.00,0.00,1752.00,12702.00,Cash,invalid_date
ORD00151736,,LOC0004,2025-10-25 14:20:21,Dine-in,Completed,,13345.00,0.00,2001.75,15346.75,Card,missing_value
ORD00151818,CUST0002913,LOC0005,2031-07-22 17:56:00,Dine-in,Completed,,17570.00,0.00,2635.50,20205.50,Card,invalid_date
ORD00151893,,LOC0004,2025-10-25 19:24:17,ThirdPartyDelivery,Completed,,2530.00,0.00,379.50,2909.50,Online,missing_value
ORD00151995,,LOC0017,2025-10-25 21:00:35,Takeaway,Completed,,3710.00,0.00,593.60,4303.60,Card,missing_value
ORD00152021,,LOC0002,2025-10-25 21:20:20,Dine-in,Completed,,8050.00,0.00,1207.50,9257.50,Card,missing_value
ORD00152197,CUST0002682,LOC0018,2027-11-05 10:36:00,Dine-in,Completed,,12940.00,0.00,2070.40,15010.40,Wallet,invalid_date
ORD00152209,CUST0033324,LOC0008,2025-10-26 12:52:57,Dine-in,Completed,,11380.00,0.00,1820.80,13200.80,Card,orphan_foreign_key
ORD00152277,CUST0006992,LOC0012,2025-10-26 13:52:32,ThirdPartyDelivery,Completed,,1775.00,0.00,266.25,2041.25,Cash,orphan_foreign_key
ORD00152328,CUST0015894,LOC0009,2031-07-22 13:21:00,ThirdPartyDelivery,Completed,,7795.00,0.00,1247.20,9042.20,Online,invalid_date
ORD00152440,CUST0014530,LOC0013,,Dine-in,Completed,,5630.00,0.00,844.50,6474.50,Wallet,invalid_date
ORD00152468,CUST0027709,LOC0026,2025-10-26 19:25:17,Takeaway,Completed,,6605.00,0.00,990.75,7595.75,Wallet,invalid_restaurant_id
ORD00152743,,LOC0017,2025-10-27 01:08:46,Dine-in,Completed,,9905.00,0.00,1584.80,11489.80,Card,missing_value
ORD00152759,CUST5832286,LOC0004,2025-10-27 11:08:47,Website,Completed,,3915.00,0.00,587.25,4502.25,Wallet,orphan_foreign_key
ORD00153008,CUST4656975,LOC0008,2025-10-27 19:40:40,Dine-in,Completed,,8170.00,0.00,1307.20,9477.20,Card,orphan_foreign_key
ORD00153033,CUST0044501,LOC0018,1970-01-01 14:46:00,ThirdPartyDelivery,Completed,,6310.00,0.00,1009.60,7319.60,Cash,invalid_date
ORD00153130,CUST0011328,LOC0016,,App,Completed,,3060.00,0.00,489.60,3549.60,Wallet,invalid_date
ORD00153244,CUST9805726,LOC0002,2025-10-28 13:50:24,Takeaway,Completed,,5860.00,0.00,879.00,6739.00,Cash,orphan_foreign_key
ORD00153423,CUST0009883,LOC0004,2025-10-28 21:35:04,Dine-in,Completed,,7470.00,0.00,1120.50,8590.50,Cash,orphan_foreign_key
ORD00153519,CUST0043808,LOC0011,2025-10-29 12:33:57,Dine-in,Completed,,6740.00,14958.42,1078.40,7818.40,Card,discount_exceeds_subtotal
ORD00153605,CUST0029402,LOC0018,2025-10-29 14:55:05,Dine-in,Completed,,5585.00,0.00,893.60,6478.60,Wallet,orphan_foreign_key
ORD00153756,CUST0004680,LOC0005,,ThirdPartyDelivery,Completed,,2810.00,0.00,421.50,3231.50,Cash,invalid_date
ORD00153895,CUST0026953,LOC0005,2025-10-30 12:53:30,ThirdPartyDelivery,Completed,,13390.00,0.00,2008.50,15398.50,Cash,orphan_foreign_key
ORD00153967,CUST8957739,LOC0016,2025-10-30 14:44:44,App,Completed,,7175.00,0.00,1148.00,8323.00,Cash,orphan_foreign_key
ORD00154201,CUST0698678,LOC0018,2025-10-31 00:47:44,Dine-in,Completed,,4760.00,0.00,761.60,5521.60,Card,orphan_foreign_key
ORD00154286,,LOC0025,2025-10-31 13:10:55,Takeaway,Completed,,5920.00,0.00,888.00,6808.00,Cash,missing_value
ORD00154415,CUST0011069,LOC0014,1900-01-01 20:21:00,App,Completed,,6280.00,0.00,942.00,7222.00,Online,invalid_date
ORD00154483,CUST0027400,LOC0021,2025-10-31 19:47:08,ThirdPartyDelivery,Completed,,5170.00,8917.89,775.50,5945.50,Cash,discount_exceeds_subtotal
ORD00154631,CUST0046994,LOC0002,,Dine-in,Completed,,10140.00,0.00,1521.00,11661.00,Card,invalid_date
ORD00154906,CUST0024895,LOC0013,2025-11-01 14:36:09,Takeaway,Completed,,10795.00,0.00,1619.25,12414.25,Cash,orphan_foreign_key
ORD00155034,,LOC0011,2025-11-01 18:44:21,App,Completed,,5260.00,0.00,841.60,6101.60,Online,missing_value
ORD00155189,,LOC0023,2025-11-01 20:55:31,App,Completed,,4710.00,0.00,706.50,5416.50,Wallet,missing_value
ORD00155380,CUST0002353,LOC0018,2025-11-02 00:48:04,Dine-in,Completed,PROMO017,9600.00,17793.03,1144.80,8299.80,Cash,discount_exceeds_subtotal
ORD00155863,,LOC0022,2025-11-02 21:02:21,Takeaway,Completed,,2330.00,0.00,349.50,2679.50,Wallet,missing_value
ORD00155976,CUST0033289,LOC4810,2025-11-02 22:52:15,Takeaway,Completed,,5380.00,0.00,860.80,6240.80,Cash,invalid_restaurant_id
ORD00156262,CUST0009138,LOC0008,2025-11-03 19:15:36,Website,Completed,,9120.00,0.00,1459.20,10579.20,Card,orphan_foreign_key
ORD00156350,,LOC0008,2025-11-03 21:09:31,Website,Completed,,7950.00,0.00,1272.00,9222.00,Online,missing_value
ORD00156364,,LOC0009,2025-11-03 21:23:19,Website,Completed,,12895.00,0.00,2063.20,14958.20,Online,missing_value
ORD00156391,CUST0050008,LOC0011,2025-11-03 22:06:58,Website,Completed,PROMO017,5875.00,11761.36,797.20,5779.70,Online,discount_exceeds_subtotal
ORD00156396,CUST0035614,LOC0023,2025-11-03 22:14:50,Dine-in,Completed,,9280.00,0.00,1392.00,10672.00,Cash,orphan_foreign_key
ORD00156440,CUST0049586,LOC4971,2025-11-04 00:35:54,ThirdPartyDelivery,Completed,,1330.00,0.00,212.80,1542.80,Cash,invalid_restaurant_id
ORD00156485,CUST0011132,LOC0019,2025-11-04 12:28:35,ThirdPartyDelivery,Completed,PROMO017,16865.00,4075.50,2046.32,14835.82,Online,orphan_foreign_key
ORD00156597,CUST0054747,LOC0015,2025-11-04 14:36:51,ThirdPartyDelivery,Completed,,12380.00,30144.43,1980.80,14360.80,Cash,discount_exceeds_subtotal
ORD00156672,CUST0022419,LOC0007,2025-11-04 19:05:16,App,Completed,,4215.00,0.00,674.40,4889.40,Card,orphan_foreign_key
ORD00156679,CUST0043348,LOC0008,2025-11-04 19:12:12,Dine-in,Completed,,8390.00,0.00,1342.40,9732.40,Cash,orphan_foreign_key
ORD00156680,CUST8400526,LOC0023,2025-11-04 19:17:05,Dine-in,Completed,,11960.00,0.00,1794.00,13754.00,Wallet,orphan_foreign_key
ORD00156685,CUST3881511,LOC0020,2025-11-04 19:27:45,Dine-in,Completed,,10180.00,0.00,1527.00,11707.00,Cash,orphan_foreign_key
ORD00156746,CUST0030957,LOC0016,2025-11-04 20:26:31,App,Completed,,19830.00,0.00,3172.80,23002.80,Card,orphan_foreign_key
ORD00156982,CUST1603331,LOC0018,2025-11-05 13:17:10,Dine-in,Completed,,8340.00,0.00,1334.40,9674.40,Wallet,orphan_foreign_key
ORD00156994,,LOC0012,2025-11-05 13:29:55,ThirdPartyDelivery,Completed,,6910.00,0.00,1036.50,7946.50,Online,missing_value
ORD00157027,CUST0048842,LOC0013,2025-11-05 14:06:52,Takeaway,Completed,PROMO017,4180.00,846.00,500.10,3834.10,Wallet,orphan_foreign_key
ORD00157094,CUST0037981,LOC5190,2025-11-05 17:28:04,Dine-in,Completed,,6430.00,0.00,964.50,7394.50,Wallet,invalid_restaurant_id
ORD00157146,CUST0028661,LOC0021,2025-11-05 19:21:39,Takeaway,Completed,,5990.00,0.00,898.50,6888.50,Card,orphan_foreign_key
ORD00157189,,LOC0013,2025-11-05 20:05:50,Takeaway,Completed,,6110.00,0.00,916.50,7026.50,Cash,missing_value
ORD00157219,CUST0020424,LOC0002,2025-11-05 20:46:27,Dine-in,Completed,,4345.00,0.00,651.75,4996.75,Cash,orphan_foreign_key
ORD00157319,,LOC0007,2025-11-05 23:49:32,Dine-in,Completed,,10310.00,0.00,1649.60,11959.60,Card,missing_value
ORD00157851,CUST0051979,LOC0007,2025-11-06 23:40:48,Website,Completed,,3100.00,0.00,496.00,3596.00,Card,orphan_foreign_key
ORD00157855,CUST0045621,LOC0006,,Takeaway,Completed,,6390.00,0.00,958.50,7348.50,Card,invalid_date
ORD00157857,CUST0029820,LOC0007,2025-11-06 23:51:17,Dine-in,Completed,PROMO017,21000.00,32464.14,2969.28,21527.28,Wallet,discount_exceeds_subtotal
ORD00157929,,LOC0004,2025-11-07 12:24:36,Website,Completed,,7400.00,0.00,1110.00,8510.00,Wallet,missing_value
ORD00158014,CUST5227344,LOC0003,2025-11-07 13:36:21,Takeaway,Completed,,5810.00,0.00,871.50,6681.50,Wallet,orphan_foreign_key
ORD00158144,CUST8659608,LOC0004,2025-11-07 17:14:56,Dine-in,Completed,,10700.00,0.00,1605.00,12305.00,Wallet,orphan_foreign_key
ORD00158220,,LOC0005,2025-11-07 19:16:35,Takeaway,Completed,PROMO017,4155.00,285.00,580.50,4450.50,Cash,missing_value
ORD00158244,,LOC0020,2025-11-07 19:32:43,App,Completed,PROMO017,9730.00,2208.00,1128.30,8650.30,Online,missing_value
ORD00158255,CUST0030227,LOC6401,2025-11-07 19:43:10,Dine-in,Completed,,13135.00,0.00,2101.60,15236.60,Card,invalid_restaurant_id
ORD00158300,CUST0000028,LOC0018,2025-11-07 20:20:12,App,Completed,,12040.00,15150.00,1926.40,13966.40,Cash,discount_exceeds_subtotal
ORD00158444,CUST6253934,LOC0012,2025-11-07 22:17:59,ThirdPartyDelivery,Completed,,5270.00,0.00,790.50,6060.50,Online,orphan_foreign_key
ORD00158457,,LOC0011,2025-11-07 22:25:33,Dine-in,Completed,,6365.00,0.00,1018.40,7383.40,Card,missing_value
ORD00158514,CUST0004891,LOC0022,2025-11-07 23:30:55,App,Completed,,6020.00,6668.76,903.00,6923.00,Online,discount_exceeds_subtotal
ORD00158765,CUST0045967,LOC0018,2025-11-08 14:16:22,Dine-in,Completed,,10080.00,0.00,1612.80,11692.80,Card,orphan_foreign_key
ORD00158807,,LOC0020,2025-11-08 14:56:11,Takeaway,Completed,,4500.00,0.00,675.00,5175.00,Card,missing_value
ORD00158883,CUST0020567,LOC0014,,Takeaway,Completed,,3640.00,0.00,546.00,4186.00,Cash,invalid_date
ORD00158886,CUST0006845,LOC4801,2025-11-08 17:51:19,Dine-in,Completed,,17740.00,0.00,2838.40,20578.40,Cash,invalid_restaurant_id
ORD00158888,CUST0017549,LOC0008,,App,Completed,,13405.00,0.00,2144.80,15549.80,Card,invalid_date
ORD00159023,CUST3126703,LOC0017,2025-11-08 20:19:36,ThirdPartyDelivery,Completed,,7115.00,0.00,1138.40,8253.40,Cash,orphan_foreign_key
ORD00159027,,LOC0017,2025-11-08 20:20:38,App,Completed,PROMO017,6335.00,1099.50,837.68,6073.18,Online,missing_value
ORD00159062,CUST0047722,LOC0016,2025-11-08 20:37:07,App,Completed,PROMO017,9820.00,19153.54,1549.12,11231.12,Online,discount_exceeds_subtotal
ORD00159109,CUST0007127,LOC0015,2031-07-22 14:47:00,Takeaway,Completed,,11640.00,0.00,1862.40,13502.40,Card,invalid_date
ORD00159125,CUST0026369,LOC0017,2025-11-08 21:10:41,Dine-in,Completed,,7315.00,15353.55,1170.40,8485.40,Wallet,discount_exceeds_subtotal
ORD00159241,CUST0011464,LOC0018,2025-11-08 22:41:57,Dine-in,Completed,,10240.00,0.00,1638.40,11878.40,Wallet,orphan_foreign_key
ORD00159390,CUST0002221,LOC0005,2025-11-09 12:53:31,ThirdPartyDelivery,Completed,PROMO017,5950.00,13804.22,735.00,5635.00,Cash,discount_exceeds_subtotal
ORD00159414,CUST0019777,LOC6882,2025-11-09 13:15:17,App,Completed,,6355.00,0.00,953.25,7308.25,Wallet,invalid_restaurant_id
ORD00159725,CUST0035625,LOC0005,2025-11-09 20:02:35,ThirdPartyDelivery,Completed,,4350.00,10353.07,652.50,5002.50,Cash,discount_exceeds_subtotal
ORD00159786,CUST2315193,LOC0005,2025-11-09 20:43:20,Takeaway,Cancelled,,2935.00,0.00,440.25,3375.25,Card,orphan_foreign_key
ORD00159802,CUST0002933,LOC0002,2025-11-09 20:50:04,Dine-in,Completed,,8330.00,15552.00,1249.50,9579.50,Wallet,discount_exceeds_subtotal
ORD00160261,CUST0011893,LOC0019,2025-11-10 19:54:20,Dine-in,Completed,PROMO017,10605.00,21164.19,1388.88,10069.38,Wallet,discount_exceeds_subtotal
ORD00160281,,LOC0019,2025-11-10 20:22:20,ThirdPartyDelivery,Completed,,1715.00,0.00,274.40,1989.40,Cash,missing_value
ORD00160656,,LOC0020,2025-11-11 18:33:05,Dine-in,Completed,,8640.00,0.00,1296.00,9936.00,Cash,missing_value
ORD00160673,,LOC0002,2025-11-11 19:08:46,App,Completed,,9755.00,0.00,1463.25,11218.25,Card,missing_value
ORD00160753,CUST0034310,LOC0010,2099-12-31 14:07:00,Dine-in,Completed,,4230.00,0.00,676.80,4906.80,Cash,invalid_date
ORD00160796,CUST0016394,LOC0020,2025-11-11 21:25:18,App,Completed,,7575.00,18546.54,1136.25,8711.25,Wallet,discount_exceeds_subtotal
ORD00160806,CUST0047718,LOC3518,2025-11-11 21:41:54,ThirdPartyDelivery,Completed,,4560.00,0.00,729.60,5289.60,Cash,invalid_restaurant_id
ORD00160870,CUST0031995,LOC0014,2025-11-11 23:41:18,App,Completed,,3620.00,0.00,543.00,4163.00,Cash,orphan_foreign_key
ORD00160974,CUST0019506,LOC0012,2025-11-12 13:11:20,Dine-in,Completed,,2830.00,5050.43,424.50,3254.50,Cash,discount_exceeds_subtotal
ORD00161001,,LOC0017,2025-11-12 13:44:08,App,Cancelled,,6040.00,0.00,966.40,7006.40,Online,missing_value
ORD00161095,CUST0015428,LOC0015,2025-11-12 16:54:37,App,Completed,,11700.00,18320.07,1872.00,13572.00,Online,discount_exceeds_subtotal
ORD00161114,CUST0011341,LOC0018,2025-11-12 17:43:16,App,Completed,,6290.00,0.00,1006.40,7296.40,Card,orphan_foreign_key
ORD00161115,CUST0054949,LOC0010,2025-11-12 17:45:59,App,Completed,,6410.00,0.00,1025.60,7435.60,Online,orphan_foreign_key
ORD00161254,,LOC0014,2025-11-12 20:46:10,Dine-in,Completed,,4390.00,0.00,658.50,5048.50,Card,missing_value
ORD00161491,CUST0048620,LOC5208,2025-11-13 13:04:21,Dine-in,Completed,,4485.00,0.00,672.75,5157.75,Card,invalid_restaurant_id
ORD00161682,CUST0017348,LOC0023,2025-11-13 19:29:28,Takeaway,Completed,,8030.00,0.00,1204.50,9234.50,Card,orphan_foreign_key
ORD00161863,CUST7544598,LOC0016,2025-11-13 22:30:33,Dine-in,Completed,,8065.00,0.00,1290.40,9355.40,Cash,orphan_foreign_key
ORD00161928,,LOC0021,2025-11-14 11:22:31,Dine-in,Completed,,7000.00,0.00,1050.00,8050.00,Cash,missing_value
ORD00162034,CUST0048195,LOC0005,2025-11-14 13:18:03,ThirdPartyDelivery,Cancelled,,2620.00,4663.23,393.00,3013.00,Online,discount_exceeds_subtotal
ORD00162204,,LOC0005,2025-11-14 17:28:31,Dine-in,Completed,,12000.00,0.00,1800.00,13800.00,Cash,missing_value
ORD00162215,CUST0046570,LOC0018,2025-11-14 18:01:48,App,Completed,PROMO017,11995.00,853.50,1782.64,12924.14,Card,orphan_foreign_key
ORD00162293,CUST0023304,LOC0001,,Website,Cancelled,,4935.00,0.00,740.25,5675.25,Card,invalid_date
ORD00162626,CUST0052566,LOC0007,2025-11-15 12:26:25,App,Completed,,5270.00,0.00,843.20,6113.20,Card,orphan_foreign_key
ORD00162666,CUST0052901,LOC0016,2025-11-15 12:52:02,ThirdPartyDelivery,Completed,,4980.00,0.00,796.80,5776.80,Online,orphan_foreign_key
ORD00162679,CUST0022446,LOC0015,2025-11-15 13:02:16,Dine-in,Completed,,8690.00,0.00,1390.40,10080.40,Card,orphan_foreign_key
ORD00162734,,LOC0014,2025-11-15 13:31:08,Takeaway,Cancelled,,5340.00,0.00,801.00,6141.00,Card,missing_value
ORD00162899,CUST0049816,LOC0002,1970-01-01 20:06:00,App,Completed,,4630.00,0.00,694.50,5324.50,Online,invalid_date
ORD00162908,CUST0010876,LOC0005,1970-01-01 17:11:00,ThirdPartyDelivery,Completed,,7635.00,0.00,1145.25,8780.25,Cash,invalid_date
ORD00163114,CUST0042224,LOC0005,,ThirdPartyDelivery,Completed,,3320.00,0.00,498.00,3818.00,Cash,invalid_date
ORD00163285,,LOC0015,2025-11-16 01:44:06,Dine-in,Completed,,20325.00,0.00,3252.00,23577.00,Cash,missing_value
ORD00163521,,LOC0025,2025-11-16 16:02:48,Takeaway,Completed,,4780.00,0.00,717.00,5497.00,Cash,missing_value
ORD00163556,,LOC0008,2025-11-16 17:42:03,Website,Completed,,4540.00,0.00,726.40,5266.40,Online,missing_value
ORD00163878,CUST0052605,LOC0020,2025-11-16 22:02:37,Dine-in,Completed,,19355.00,32184.94,2903.25,22258.25,Cash,discount_exceeds_subtotal
ORD00163952,,LOC0007,2025-11-16 23:43:54,Takeaway,Completed,,4570.00,0.00,731.20,5301.20,Cash,missing_value
ORD00164193,,LOC0022,2025-11-17 19:01:14,Dine-in,Completed,PROMO017,9240.00,1362.00,1181.70,9059.70,Card,missing_value
ORD00164226,CUST0046454,LOC0012,2025-11-17 19:40:16,Dine-in,Completed,,2730.00,0.00,409.50,3139.50,Cash,orphan_foreign_key
ORD00164232,CUST3098116,LOC0020,2025-11-17 19:43:43,Website,Completed,,3660.00,0.00,549.00,4209.00,Wallet,orphan_foreign_key
ORD00164283,,LOC0024,2025-11-17 20:35:35,Dine-in,Completed,,7220.00,0.00,1155.20,8375.20,Cash,missing_value
ORD00164331,CUST0045856,LOC0013,2025-11-17 21:22:39,Takeaway,Completed,,13690.00,0.00,2053.50,15743.50,Cash,orphan_foreign_key
ORD00164494,CUST0050507,LOC0015,2031-07-22 19:30:00,Website,Completed,,6580.00,0.00,1052.80,7632.80,Online,invalid_date
ORD00164720,CUST0040233,LOC0015,2025-11-18 19:06:54,ThirdPartyDelivery,Completed,,960.00,0.00,153.60,1113.60,Cash,orphan_foreign_key
ORD00164743,CUST0034732,LOC0002,2025-11-18 19:37:12,ThirdPartyDelivery,Completed,,3770.00,0.00,565.50,4335.50,Cash,orphan_foreign_key
ORD00164833,CUST0054482,LOC0016,2027-11-05 12:25:00,App,Completed,,2920.00,0.00,467.20,3387.20,Online,invalid_date
ORD00164853,CUST7249397,LOC0001,2025-11-18 21:44:35,Takeaway,Completed,,1430.00,0.00,214.50,1644.50,Cash,orphan_foreign_key
ORD00164939,CUST0037166,LOC0011,2031-07-22 12:48:00,Takeaway,Completed,,3780.00,0.00,604.80,4384.80,Wallet,invalid_date
ORD00165212,CUST0048842,LOC0012,2025-11-19 19:49:27,Takeaway,Completed,PROMO017,7595.00,1092.00,975.45,7478.45,Card,orphan_foreign_key
ORD00165699,,LOC0009,2025-11-20 19:28:52,Dine-in,Completed,,4485.00,0.00,717.60,5202.60,Wallet,missing_value
ORD00165953,CUST9088419,LOC0007,2025-11-21 11:39:55,ThirdPartyDelivery,Completed,,5130.00,0.00,820.80,5950.80,Online,orphan_foreign_key
ORD00165999,,LOC0019,2025-11-21 12:39:41,Website,Completed,,13950.00,0.00,2232.00,16182.00,Online,missing_value
ORD00166180,CUST0009263,LOC0002,2025-11-21 17:28:15,Dine-in,Completed,,15380.00,0.00,2307.00,17687.00,Card,orphan_foreign_key
ORD00166449,CUST0012775,LOC0018,2025-11-21 22:06:30,ThirdPartyDelivery,Completed,,8050.00,0.00,1288.00,9338.00,Cash,orphan_foreign_key
ORD00166710,CUST0049619,LOC0003,2025-11-22 14:15:06,Takeaway,Completed,,8060.00,13913.96,1209.00,9269.00,Card,discount_exceeds_subtotal
ORD00166750,CUST6449202,LOC0002,2025-11-22 15:19:16,Dine-in,Completed,,12200.00,0.00,1830.00,14030.00,Cash,orphan_foreign_key
ORD00167010,CUST0043043,LOC0017,2025-11-22 21:43:58,ThirdPartyDelivery,Completed,,10780.00,0.00,1724.80,12504.80,Online,orphan_foreign_key
ORD00167016,CUST0040233,LOC0015,2025-11-22 21:50:38,ThirdPartyDelivery,Completed,,4950.00,0.00,792.00,5742.00,Cash,orphan_foreign_key
ORD00167270,CUST0010640,LOC7226,2025-11-23 13:31:47,App,Completed,,2535.00,0.00,380.25,2915.25,Wallet,invalid_restaurant_id
ORD00167305,CUST0026953,LOC0005,2025-11-23 14:03:37,App,Completed,,10115.00,0.00,1517.25,11632.25,Online,orphan_foreign_key
ORD00167392,,LOC0015,2025-11-23 17:41:26,Website,Completed,,10505.00,0.00,1680.80,12185.80,Card,missing_value
ORD00167470,CUST0009263,LOC0002,2025-11-23 19:37:52,App,Completed,,20590.00,0.00,3088.50,23678.50,Online,orphan_foreign_key
ORD00167543,CUST0050825,LOC0016,2027-11-05 13:09:00,ThirdPartyDelivery,Completed,,2220.00,0.00,355.20,2575.20,Cash,invalid_date
ORD00167700,CUST0023486,LOC0006,,Dine-in,Cancelled,,630.00,0.00,94.50,724.50,Cash,invalid_date
ORD00167799,CUST0003778,LOC0008,2025-11-24 13:50:42,App,Completed,,4280.00,5496.15,684.80,4964.80,Online,discount_exceeds_subtotal
ORD00167834,CUST0013823,LOC0008,,Takeaway,Completed,,3650.00,0.00,584.00,4234.00,Cash,invalid_date
ORD00167904,,LOC0013,2025-11-24 18:38:29,Dine-in,Completed,,4360.00,0.00,654.00,5014.00,Wallet,missing_value
ORD00168015,CUST0049023,LOC0003,2025-11-24 21:10:45,App,Completed,,3405.00,0.00,510.75,3915.75,Wallet,orphan_foreign_key
ORD00168153,,LOC0009,2025-11-25 13:01:48,Dine-in,Completed,,3540.00,0.00,566.40,4106.40,Card,missing_value
ORD00168447,CUST1776866,LOC0003,2025-11-25 23:05:13,ThirdPartyDelivery,Completed,,6560.00,0.00,984.00,7544.00,Cash,orphan_foreign_key
ORD00168452,CUST0010762,LOC0016,2025-11-25 23:14:36,Dine-in,Completed,,6380.00,0.00,1020.80,7400.80,Cash,orphan_foreign_key
ORD00168657,CUST4946023,LOC0005,2025-11-26 18:40:28,App,Completed,,7550.00,0.00,1132.50,8682.50,Card,orphan_foreign_key
ORD00168788,CUST0005274,LOC0003,2025-11-26 21:28:27,ThirdPartyDelivery,Completed,,4410.00,0.00,661.50,5071.50,Cash,orphan_foreign_key
ORD00168877,CUST6461541,LOC0020,2025-11-27 12:01:18,App,Completed,,12350.00,0.00,1852.50,14202.50,Wallet,orphan_foreign_key
ORD00169094,CUST0012928,LOC9615,2025-11-27 14:27:54,Dine-in,Completed,,5585.00,0.00,893.60,6478.60,Card,invalid_restaurant_id
ORD00169167,CUST2368856,LOC0025,2025-11-27 17:34:52,Dine-in,Completed,,11355.00,0.00,1703.25,13058.25,Cash,orphan_foreign_key
ORD00169229,CUST0013113,LOC0484,2025-11-27 19:16:56,Dine-in,Completed,,10565.00,0.00,1584.75,12149.75,Cash,invalid_restaurant_id
ORD00169262,,LOC0008,2025-11-27 19:44:18,Takeaway,Completed,,7240.00,0.00,1158.40,8398.40,Cash,missing_value
ORD00169381,CUST0053900,LOC0003,,Dine-in,Completed,,9940.00,0.00,1491.00,11431.00,Wallet,invalid_date
ORD00169540,,LOC0003,2025-11-28 00:31:26,Dine-in,Completed,,15540.00,0.00,2331.00,17871.00,Card,missing_value
ORD00169603,CUST9656446,LOC0017,2025-11-28 12:04:38,Takeaway,Completed,PROMO018,7220.00,2166.00,808.64,5862.64,Cash,orphan_foreign_key
ORD00169690,CUST4016543,LOC0019,2025-11-28 12:48:16,Dine-in,Completed,PROMO018,12830.00,3849.00,1436.96,10417.96,Cash,orphan_foreign_key
ORD00169736,CUST0044151,LOC9002,2025-11-28 13:12:10,ThirdPartyDelivery,Completed,,6480.00,0.00,972.00,7452.00,Cash,invalid_restaurant_id
ORD00169791,,LOC0005,2025-11-28 13:40:01,ThirdPartyDelivery,Completed,,3080.00,0.00,462.00,3542.00,Online,missing_value
ORD00170067,CUST0020998,LOC0015,,App,Completed,PROMO018,3110.00,933.00,348.32,2525.32,Online,invalid_date
ORD00170181,CUST0031268,LOC3589,2025-11-28 20:19:38,Website,Completed,,1495.00,0.00,239.20,1734.20,Card,invalid_restaurant_id
ORD00170182,CUST0023209,LOC0016,2025-11-28 20:19:51,ThirdPartyDelivery,Completed,PROMO018,5420.00,7790.89,607.04,4401.04,Online,discount_exceeds_subtotal
ORD00170351,CUST0053873,LOC0003,2025-11-28 21:51:01,Dine-in,Completed,PROMO018,5510.00,1653.00,578.55,4435.55,Cash,orphan_foreign_key
ORD00170487,CUST0034774,LOC0004,,App,Completed,,7525.00,0.00,1128.75,8653.75,Wallet,invalid_date
ORD00170488,CUST0019315,LOC0018,2025-11-29 00:28:19,Dine-in,Completed,,10205.00,21948.02,1632.80,11837.80,Cash,discount_exceeds_subtotal
ORD00170616,,LOC0017,2025-11-29 12:45:53,App,Completed,,6435.00,0.00,1029.60,7464.60,Card,missing_value
ORD00170705,CUST0045758,LOC0003,2025-11-29 13:36:47,ThirdPartyDelivery,Completed,,5350.00,0.00,802.50,6152.50,Cash,orphan_foreign_key
ORD00170898,CUST4566542,LOC0016,2025-11-29 16:58:14,Dine-in,Completed,,7345.00,0.00,1175.20,8520.20,Card,orphan_foreign_key
ORD00170960,CUST0000223,LOC0013,2025-11-29 18:25:30,App,Completed,PROMO018,9680.00,2904.00,1016.40,7792.40,Online,orphan_foreign_key
ORD00171014,CUST0006636,LOC0017,,Takeaway,Completed,,2060.00,0.00,329.60,2389.60,Cash,invalid_date
ORD00171071,CUST7555117,LOC0006,2025-11-29 19:47:37,Dine-in,Completed,PROMO018,12270.00,3681.00,1288.35,9877.35,Card,orphan_foreign_key
ORD00171102,CUST0053473,LOC0013,,ThirdPartyDelivery,Completed,,10060.00,0.00,1509.00,11569.00,Cash,invalid_date
ORD00171164,CUST7402163,LOC0012,2025-11-29 20:26:12,ThirdPartyDelivery,Completed,,10360.00,0.00,1554.00,11914.00,Cash,orphan_foreign_key
ORD00171198,CUST0033420,LOC0019,2025-11-29 20:42:00,App,Completed,PROMO018,7710.00,14098.61,863.52,6260.52,Card,discount_exceeds_subtotal
ORD00171548,CUST0024683,LOC0002,,App,Cancelled,PROMO018,12050.00,3615.00,1265.25,9700.25,Online,invalid_date
ORD00171679,CUST0021784,LOC0014,1900-01-01 13:02:00,App,Completed,,7945.00,0.00,1191.75,9136.75,Wallet,invalid_date
ORD00172113,CUST5224094,LOC0014,2025-11-30 20:39:59,Dine-in,Cancelled,,6490.00,0.00,973.50,7463.50,Cash,orphan_foreign_key
ORD00172138,,LOC0020,2025-11-30 20:50:05,ThirdPartyDelivery,Completed,PROMO018,11815.00,3544.50,1240.58,9511.08,Cash,missing_value
ORD00172283,CUST0037524,LOC1672,2025-11-30 22:15:54,App,Completed,,4920.00,0.00,787.20,5707.20,Card,invalid_restaurant_id
ORD00172377,CUST0002383,LOC0019,2025-11-30 23:44:15,Takeaway,Completed,,8990.00,0.00,1438.40,10428.40,Cash,orphan_foreign_key
ORD00172472,CUST0046306,LOC0023,2099-12-31 18:01:00,ThirdPartyDelivery,Completed,PROMO019,2370.00,123.00,337.05,2584.05,Cash,invalid_date
ORD00172512,CUST8316525,LOC0012,2025-12-01 13:46:26,App,Completed,,9310.00,0.00,1396.50,10706.50,Online,orphan_foreign_key
ORD00172551,CUST6247635,LOC0023,2025-12-01 14:39:26,Dine-in,Completed,,5930.00,0.00,889.50,6819.50,Cash,orphan_foreign_key
ORD00172642,,LOC0004,2025-12-01 19:00:51,ThirdPartyDelivery,Completed,,3490.00,0.00,523.50,4013.50,Online,missing_value
ORD00172706,CUST0053873,LOC0003,2025-12-01 20:01:13,App,Completed,,3820.00,0.00,573.00,4393.00,Wallet,orphan_foreign_key
ORD00172759,CUST0031557,LOC0016,,Website,Completed,,2785.00,0.00,445.60,3230.60,Wallet,invalid_date
ORD00172803,CUST0034326,LOC0001,2099-12-31 12:31:00,Dine-in,Completed,,9990.00,0.00,1498.50,11488.50,Cash,invalid_date
ORD00172989,,LOC0017,2025-12-02 13:11:02,App,Completed,,3940.00,0.00,630.40,4570.40,Online,missing_value
ORD00173277,CUST0043725,LOC0015,2025-12-02 20:47:12,Takeaway,Completed,,6715.00,0.00,1074.40,7789.40,Cash,orphan_foreign_key
ORD00173311,,LOC0015,2025-12-02 21:11:38,App,Completed,,6135.00,0.00,981.60,7116.60,Online,missing_value
ORD00173422,,LOC0009,2025-12-02 23:48:58,Takeaway,Completed,,1360.00,0.00,217.60,1577.60,Wallet,missing_value
ORD00173423,CUST0025763,LOC0002,2025-12-02 23:57:32,App,Completed,,9440.00,0.00,1416.00,10856.00,Wallet,orphan_foreign_key
ORD00173523,CUST8324541,LOC0004,2025-12-03 13:07:30,Takeaway,Completed,,9890.00,0.00,1483.50,11373.50,Wallet,orphan_foreign_key
ORD00173613,CUST0006353,LOC0004,2025-12-03 14:29:56,Dine-in,Completed,,10240.00,12656.23,1536.00,11776.00,Card,discount_exceeds_subtotal
ORD00173723,CUST0022446,LOC0015,2025-12-03 19:06:49,Dine-in,Completed,,13940.00,0.00,2230.40,16170.40,Cash,orphan_foreign_key
ORD00173881,CUST0034752,LOC0008,2025-12-03 21:37:02,ThirdPartyDelivery,Completed,,5030.00,0.00,804.80,5834.80,Cash,orphan_foreign_key
ORD00173958,,LOC0024,2025-12-03 23:34:51,Takeaway,Completed,,5450.00,0.00,872.00,6322.00,Cash,missing_value
ORD00174180,,LOC0004,2025-12-04 15:13:52,App,Completed,PROMO019,7485.00,129.00,1103.40,8459.40,Wallet,missing_value
ORD00174232,CUST0039532,LOC0004,2025-12-04 17:39:40,ThirdPartyDelivery,Completed,,13335.00,0.00,2000.25,15335.25,Cash,orphan_foreign_key
ORD00174392,,LOC0022,2025-12-04 20:52:55,Takeaway,Completed,PROMO019,1860.00,279.00,237.15,1818.15,Card,missing_value
ORD00174469,CUST0019204,LOC4140,2025-12-04 22:21:07,Dine-in,Completed,,14145.00,0.00,2121.75,16266.75,Cash,invalid_restaurant_id
ORD00174640,CUST0017009,LOC0018,2025-12-05 12:46:39,Dine-in,Completed,,4205.00,5542.84,672.80,4877.80,Cash,discount_exceeds_subtotal
ORD00174788,CUST0054435,LOC0018,2025-12-05 14:47:56,Takeaway,Completed,,1520.00,0.00,243.20,1763.20,Cash,orphan_foreign_key
ORD00174886,CUST9226805,LOC0014,2025-12-05 17:49:44,Dine-in,Completed,PROMO019,5360.00,346.50,752.02,5765.52,Card,orphan_foreign_key
ORD00175023,CUST0010321,LOC0006,2031-07-22 14:31:00,Dine-in,Completed,,6480.00,0.00,972.00,7452.00,Card,invalid_date
ORD00175025,CUST8672985,LOC0013,2025-12-05 20:17:51,Takeaway,Completed,,5830.00,0.00,874.50,6704.50,Cash,orphan_foreign_key
ORD00175044,CUST0011743,LOC0002,2025-12-05 20:30:50,Website,Completed,,2375.00,0.00,356.25,2731.25,Online,orphan_foreign_key
ORD00175088,,LOC0011,2025-12-05 20:59:37,ThirdPartyDelivery,Completed,,5040.00,0.00,806.40,5846.40,Cash,missing_value
ORD00175134,CUST0006630,LOC0003,2025-12-05 21:32:15,App,Completed,,4770.00,0.00,715.50,5485.50,Cash,orphan_foreign_key
ORD00175145,CUST0014199,LOC0002,2025-12-05 21:38:33,App,Completed,,4640.00,0.00,696.00,5336.00,Online,orphan_foreign_key
ORD00175217,CUST3681085,LOC0010,2025-12-05 22:30:14,Dine-in,Completed,,6460.00,0.00,1033.60,7493.60,Cash,orphan_foreign_key
ORD00175363,CUST0020546,LOC0015,2025-12-06 12:11:48,App,Completed,,5320.00,0.00,851.20,6171.20,Online,orphan_foreign_key
ORD00175490,,LOC0023,2025-12-06 13:36:25,Dine-in,Completed,,4725.00,0.00,708.75,5433.75,Cash,missing_value
ORD00175616,CUST5557691,LOC0003,2025-12-06 16:39:56,App,Completed,,3790.00,0.00,568.50,4358.50,Card,orphan_foreign_key
ORD00175671,,LOC0025,2025-12-06 18:33:34,Dine-in,Completed,,12925.00,0.00,1938.75,14863.75,Card,missing_value
ORD00175823,CUST0052251,LOC0015,2025-12-06 20:26:13,Dine-in,Completed,PROMO019,1600.00,174.00,228.16,1654.16,Cash,orphan_foreign_key
ORD00175907,CUST0048365,LOC0023,2027-11-05 17:40:00,Dine-in,Completed,PROMO019,13535.00,315.00,1983.00,15203.00,Wallet,invalid_date
ORD00176178,,LOC0023,2025-12-07 12:30:23,Takeaway,Completed,,10390.00,0.00,1558.50,11948.50,Cash,missing_value
ORD00176198,CUST4795386,LOC0006,2025-12-07 12:43:17,App,Completed,,5335.00,0.00,800.25,6135.25,Card,orphan_foreign_key
ORD00176213,,LOC0004,2025-12-07 12:53:54,ThirdPartyDelivery,Completed,,8030.00,0.00,1204.50,9234.50,Online,missing_value
ORD00176227,CUST6753621,LOC0020,2025-12-07 13:01:06,Dine-in,Completed,,6200.00,0.00,930.00,7130.00,Cash,orphan_foreign_key
ORD00176415,CUST0030336,LOC0002,2099-12-31 13:32:00,App,Completed,,3860.00,0.00,579.00,4439.00,Card,invalid_date
ORD00176437,CUST0010944,LOC0022,2025-12-07 17:58:34,Dine-in,Completed,,8950.00,0.00,1342.50,10292.50,Card,orphan_foreign_key
ORD00176545,CUST2135281,LOC0009,2025-12-07 19:49:16,Dine-in,Completed,PROMO019,7100.00,90.00,1121.60,8131.60,Wallet,orphan_foreign_key
ORD00176570,CUST0048932,LOC0023,2025-12-07 20:07:43,Dine-in,Completed,,5455.00,0.00,818.25,6273.25,Wallet,orphan_foreign_key
ORD00176591,CUST5976231,LOC0008,2025-12-07 20:24:39,App,Completed,PROMO019,6260.00,117.00,982.88,7125.88,Card,orphan_foreign_key
ORD00176674,CUST0003773,LOC0015,2025-12-07 21:12:06,Dine-in,Completed,,8410.00,0.00,1345.60,9755.60,Card,orphan_foreign_key
ORD00176680,CUST0005653,LOC0046,2025-12-07 21:15:33,Takeaway,Completed,,5850.00,0.00,936.00,6786.00,Wallet,invalid_restaurant_id
ORD00176753,CUST0044954,LOC5409,2025-12-07 22:08:22,App,Cancelled,,1220.00,0.00,195.20,1415.20,Cash,invalid_restaurant_id
ORD00176847,CUST1346647,LOC0014,2025-12-08 01:12:44,ThirdPartyDelivery,Completed,,2060.00,0.00,309.00,2369.00,Cash,orphan_foreign_key
ORD00177075,CUST0024162,LOC0017,2025-12-08 17:39:34,App,Completed,PROMO019,5125.00,61.50,810.16,5873.66,Online,orphan_foreign_key
ORD00177217,CUST0017202,LOC0020,,Dine-in,Completed,,2570.00,0.00,385.50,2955.50,Cash,invalid_date
ORD00177652,,LOC0018,2025-12-09 18:57:39,Dine-in,Completed,,9825.00,0.00,1572.00,11397.00,Cash,missing_value
ORD00177680,,LOC0020,2025-12-09 19:20:34,ThirdPartyDelivery,Completed,,8550.00,0.00,1282.50,9832.50,Online,missing_value
ORD00177780,CUST0001676,LOC0001,2025-12-09 21:05:20,Dine-in,Completed,,6620.00,13789.63,993.00,7613.00,Cash,discount_exceeds_subtotal
ORD00177842,CUST0051568,LOC0017,2025-12-09 21:58:49,Dine-in,Completed,,9680.00,0.00,1548.80,11228.80,Card,orphan_foreign_key
ORD00177848,CUST3281190,LOC0025,2025-12-09 22:01:46,Takeaway,Completed,,330.00,0.00,49.50,379.50,Cash,orphan_foreign_key
ORD00178138,,LOC0013,2025-12-10 17:17:41,Takeaway,Completed,,6150.00,0.00,922.50,7072.50,Cash,missing_value
ORD00178489,CUST0032836,LOC0004,2025-12-11 11:16:50,App,Completed,,7840.00,18435.47,1176.00,9016.00,Online,discount_exceeds_subtotal
ORD00178522,,LOC0001,2025-12-11 12:31:56,Dine-in,Completed,PROMO019,10090.00,207.00,1482.45,11365.45,Cash,missing_value
ORD00178538,,LOC0018,2025-12-11 12:51:53,Dine-in,Completed,,11030.00,0.00,1764.80,12794.80,Card,missing_value
ORD00178731,CUST0004647,LOC0023,2025-12-11 18:30:26,Dine-in,Completed,,12630.00,0.00,1894.50,14524.50,Cash,orphan_foreign_key
ORD00178811,CUST7301092,LOC0020,2025-12-11 19:59:18,Takeaway,Completed,,5200.00,0.00,780.00,5980.00,Card,orphan_foreign_key
ORD00178839,CUST0040140,LOC0020,2025-12-11 20:25:37,Takeaway,Completed,PROMO019,8180.00,93.00,1213.05,9300.05,Cash,orphan_foreign_key
ORD00178957,,LOC0021,2025-12-11 22:12:33,ThirdPartyDelivery,Completed,PROMO019,5020.00,217.50,720.38,5522.88,Online,missing_value
ORD00178970,CUST0034774,LOC0004,2025-12-11 22:36:14,Dine-in,Completed,,5870.00,11368.29,880.50,6750.50,Wallet,discount_exceeds_subtotal
ORD00179067,,LOC0011,2025-12-12 12:03:31,Dine-in,Completed,PROMO019,13360.00,391.50,2074.96,15043.46,Cash,missing_value
ORD00179169,CUST0045405,LOC5481,2025-12-12 13:23:58,Dine-in,Completed,,15430.00,0.00,2314.50,17744.50,Cash,invalid_restaurant_id
ORD00179456,CUST4085834,LOC0007,2025-12-12 19:39:53,ThirdPartyDelivery,Cancelled,,2090.00,0.00,334.40,2424.40,Cash,orphan_foreign_key
ORD00179546,,LOC0007,2025-12-12 20:29:07,Takeaway,Completed,,10795.00,0.00,1727.20,12522.20,Cash,missing_value
ORD00179603,CUST2282431,LOC0007,2025-12-12 21:11:17,ThirdPartyDelivery,Completed,,680.00,0.00,108.80,788.80,Online,orphan_foreign_key
ORD00179649,CUST0018851,LOC0014,2025-12-12 21:42:55,Website,Completed,,5710.00,11746.34,856.50,6566.50,Card,discount_exceeds_subtotal
ORD00179755,CUST0039321,LOC0015,2025-12-12 23:38:31,Dine-in,Completed,,4490.00,7995.12,718.40,5208.40,Card,discount_exceeds_subtotal
ORD00179932,CUST0052848,LOC3418,2025-12-13 13:14:51,Dine-in,Completed,,5160.00,0.00,774.00,5934.00,Cash,invalid_restaurant_id
ORD00179960,CUST0043707,LOC0003,2025-12-13 13:38:10,Dine-in,Completed,,4160.00,0.00,624.00,4784.00,Card,orphan_foreign_key
ORD00180106,CUST0044449,LOC0016,2025-12-13 15:21:55,Dine-in,Completed,,12080.00,0.00,1932.80,14012.80,Card,orphan_foreign_key
ORD00180220,,LOC0003,2025-12-13 18:38:20,Takeaway,Completed,,3480.00,0.00,522.00,4002.00,Card,missing_value
ORD00180258,CUST0039352,LOC0003,2025-12-13 19:11:23,Dine-in,Completed,,16800.00,22165.92,2520.00,19320.00,Card,discount_exceeds_subtotal
ORD00180470,CUST0040140,LOC0020,2025-12-13 21:10:21,ThirdPartyDelivery,Completed,,7380.00,0.00,1107.00,8487.00,Online,orphan_foreign_key
ORD00180489,,LOC0016,2025-12-13 21:22:02,ThirdPartyDelivery,Completed,,3950.00,0.00,632.00,4582.00,Online,missing_value
ORD00180674,CUST1072357,LOC0014,2025-12-13 23:43:29,Dine-in,Completed,,3665.00,0.00,549.75,4214.75,Cash,orphan_foreign_key
ORD00180960,,LOC0009,2025-12-14 14:48:49,Dine-in,Completed,,12990.00,0.00,2078.40,15068.40,Card,missing_value
ORD00181118,CUST0024750,LOC7204,2025-12-14 19:29:37,Dine-in,Completed,,7650.00,0.00,1147.50,8797.50,Card,invalid_restaurant_id
ORD00181187,CUST0054186,LOC0018,2025-12-14 20:13:12,Dine-in,Completed,,7500.00,0.00,1200.00,8700.00,Wallet,orphan_foreign_key
ORD00181190,,LOC0014,2025-12-14 20:14:07,Takeaway,Completed,,5770.00,0.00,865.50,6635.50,Cash,missing_value
ORD00181320,CUST0045110,LOC0021,,App,Completed,,2710.00,0.00,406.50,3116.50,Online,invalid_date
ORD00181387,CUST0018409,LOC0014,2025-12-14 22:30:08,Website,Completed,,9635.00,0.00,1445.25,11080.25,Wallet,orphan_foreign_key
ORD00181526,,LOC0002,2025-12-15 12:40:58,Takeaway,Completed,,7320.00,0.00,1098.00,8418.00,Wallet,missing_value
ORD00181544,CUST0014087,LOC8566,2025-12-15 12:55:49,Takeaway,Completed,,4650.00,0.00,744.00,5394.00,Cash,invalid_restaurant_id
ORD00181579,,LOC0002,2025-12-15 13:28:01,ThirdPartyDelivery,Completed,,13060.00,0.00,1959.00,15019.00,Online,missing_value
ORD00181926,,LOC0015,2025-12-15 21:51:52,Takeaway,Completed,,6220.00,0.00,995.20,7215.20,Cash,missing_value
ORD00181947,CUST9801311,LOC0007,2025-12-15 22:10:08,App,Completed,,2550.00,0.00,408.00,2958.00,Wallet,orphan_foreign_key
ORD00181957,CUST0024895,LOC0013,2025-12-15 22:25:04,Takeaway,Completed,,3070.00,0.00,460.50,3530.50,Wallet,orphan_foreign_key
ORD00181961,,LOC0008,2025-12-15 22:31:49,Dine-in,Completed,,13130.00,0.00,2100.80,15230.80,Card,missing_value
ORD00182174,,LOC0025,2025-12-16 14:33:05,Dine-in,Completed,,12490.00,0.00,1873.50,14363.50,Cash,missing_value
ORD00182179,CUST0054610,LOC4804,2025-12-16 14:40:52,Dine-in,Completed,,5745.00,0.00,919.20,6664.20,Card,invalid_restaurant_id
ORD00182410,,LOC0008,2025-12-16 20:56:21,Dine-in,Completed,PROMO019,5330.00,102.00,836.48,6064.48,Card,missing_value
ORD00182433,CUST0027127,LOC0017,2025-12-16 21:13:59,App,Completed,,7465.00,0.00,1194.40,8659.40,Online,orphan_foreign_key
ORD00182683,CUST0014904,LOC0006,2025-12-17 13:35:02,Dine-in,Completed,,2750.00,0.00,412.50,3162.50,Cash,orphan_foreign_key
ORD00182872,CUST0031486,LOC0019,2025-12-17 19:26:21,ThirdPartyDelivery,Completed,,3165.00,0.00,506.40,3671.40,Cash,orphan_foreign_key
ORD00182987,CUST0013375,LOC0012,2025-12-17 21:29:23,App,Completed,,10920.00,0.00,1638.00,12558.00,Card,orphan_foreign_key
ORD00183060,CUST0024811,LOC0004,1970-01-01 21:55:00,Takeaway,Completed,,4475.00,0.00,671.25,5146.25,Cash,invalid_date
ORD00183080,CUST0003390,LOC0013,,Takeaway,Completed,,2130.00,0.00,319.50,2449.50,Cash,invalid_date
ORD00183157,,LOC0016,2025-12-18 12:41:11,App,Completed,,12175.00,0.00,1948.00,14123.00,Wallet,missing_value
ORD00183158,CUST0039349,LOC0019,2025-12-18 12:41:27,ThirdPartyDelivery,Completed,,3340.00,0.00,534.40,3874.40,Online,orphan_foreign_key
ORD00183183,CUST0958150,LOC0017,2025-12-18 13:04:28,Takeaway,Completed,,2005.00,0.00,320.80,2325.80,Cash,orphan_foreign_key
ORD00183193,,LOC0023,2025-12-18 13:13:44,Takeaway,Completed,,3545.00,0.00,531.75,4076.75,Cash,missing_value
ORD00183215,,LOC0008,2025-12-18 13:28:56,Dine-in,Completed,,8590.00,0.00,1374.40,9964.40,Cash,missing_value
ORD00183273,CUST0015359,LOC0001,2025-12-18 14:24:10,ThirdPartyDelivery,Completed,,9645.00,0.00,1446.75,11091.75,Cash,orphan_foreign_key
ORD00183290,CUST0031387,LOC0004,1970-01-01 20:43:00,App,Completed,,9140.00,0.00,1371.00,10511.00,Online,invalid_date
ORD00183313,CUST0054575,LOC0015,2025-12-18 15:40:32,Dine-in,Completed,PROMO019,6550.00,276.00,1003.84,7277.84,Card,orphan_foreign_key
ORD00183322,,LOC0016,2025-12-18 16:06:35,Dine-in,Completed,,1665.00,0.00,266.40,1931.40,Card,missing_value
ORD00183336,,LOC0018,2025-12-18 16:51:06,Takeaway,Completed,PROMO019,7730.00,48.00,1229.12,8911.12,Cash,missing_value
ORD00183344,CUST0015653,LOC0009,2025-12-18 17:18:00,Dine-in,Completed,PROMO019,9910.00,48.00,1577.92,11439.92,Cash,orphan_foreign_key
ORD00183346,CUST0002237,LOC0025,2025-12-18 17:21:22,Dine-in,Completed,,5370.00,0.00,805.50,6175.50,Wallet,orphan_foreign_key
ORD00183435,CUST0031286,LOC0018,2025-12-18 19:32:49,Dine-in,Completed,,3830.00,8652.45,612.80,4442.80,Cash,discount_exceeds_subtotal
ORD00183505,CUST0048386,LOC0023,2025-12-18 20:42:43,App,Completed,,6640.00,14231.95,996.00,7636.00,Wallet,discount_exceeds_subtotal
ORD00183547,CUST0042774,LOC0005,2025-12-18 21:08:32,ThirdPartyDelivery,Completed,,1280.00,1414.47,192.00,1472.00,Online,discount_exceeds_subtotal
ORD00183551,CUST0022976,LOC0016,2025-12-18 21:11:06,App,Completed,,8940.00,0.00,1430.40,10370.40,Online,orphan_foreign_key
ORD00183566,CUST2061529,LOC0016,2025-12-18 21:25:25,App,Completed,,2850.00,0.00,456.00,3306.00,Online,orphan_foreign_key
ORD00183600,CUST0034939,LOC3496,2025-12-18 21:50:32,App,Completed,,8555.00,0.00,1368.80,9923.80,Online,invalid_restaurant_id
ORD00183726,CUST0041363,LOC0011,2025-12-19 11:00:06,Dine-in,Completed,,1890.00,4513.76,302.40,2192.40,Wallet,discount_exceeds_subtotal
ORD00183737,,LOC0005,2025-12-19 11:38:30,App,Completed,,5650.00,0.00,847.50,6497.50,Cash,missing_value
ORD00183897,CUST0035410,LOC0003,2025-12-19 13:49:50,Dine-in,Completed,,14960.00,33681.75,2244.00,17204.00,Cash,discount_exceeds_subtotal
ORD00183964,CUST0047553,LOC0002,2025-12-19 15:01:55,App,Completed,,7930.00,0.00,1189.50,9119.50,Online,orphan_foreign_key
ORD00183998,CUST0021781,LOC0003,2025-12-19 16:39:56,ThirdPartyDelivery,Completed,PROMO019,11180.00,229.50,1642.58,12593.08,Online,orphan_foreign_key
ORD00184020,CUST0032987,LOC4565,2025-12-19 17:23:34,App,Completed,,8110.00,0.00,1216.50,9326.50,Card,invalid_restaurant_id
ORD00184027,,LOC0020,2025-12-19 17:37:15,Takeaway,Completed,PROMO019,7910.00,48.00,1179.30,9041.30,Card,missing_value
ORD00184121,CUST0012061,LOC5442,2025-12-19 19:29:30,Takeaway,Completed,,7520.00,0.00,1203.20,8723.20,Cash,invalid_restaurant_id
ORD00184124,CUST0001409,LOC0003,2031-07-22 22:39:00,ThirdPartyDelivery,Completed,,1850.00,0.00,277.50,2127.50,Cash,invalid_date
ORD00184472,CUST0625890,LOC0006,2025-12-20 08:38:32,App,Completed,,10270.00,0.00,1540.50,11810.50,Wallet,orphan_foreign_key
ORD00184551,CUST8961599,LOC0003,2025-12-20 12:20:56,ThirdPartyDelivery,Completed,,5245.00,0.00,786.75,6031.75,Cash,orphan_foreign_key
ORD00184789,CUST9301798,LOC0009,2025-12-20 14:30:38,Takeaway,Completed,,7020.00,0.00,1123.20,8143.20,Card,orphan_foreign_key
ORD00185270,CUST0015359,LOC0018,2025-12-20 21:49:13,ThirdPartyDelivery,Completed,,5990.00,0.00,958.40,6948.40,Online,orphan_foreign_key
ORD00185273,CUST0020883,LOC0010,2025-12-20 21:51:29,Takeaway,Completed,,10465.00,0.00,1674.40,12139.40,Cash,orphan_foreign_key
ORD00185302,,LOC0013,2025-12-20 22:12:07,Website,Cancelled,,4080.00,0.00,612.00,4692.00,Online,missing_value
ORD00185352,CUST0048983,LOC0020,,Dine-in,Completed,,7930.00,0.00,1189.50,9119.50,Cash,invalid_date
ORD00185527,CUST0011409,LOC0016,2025-12-21 12:25:43,App,Completed,,9000.00,0.00,1440.00,10440.00,Wallet,orphan_foreign_key
ORD00185587,CUST0024321,LOC0021,,Website,Completed,,11750.00,0.00,1762.50,13512.50,Online,invalid_date
ORD00185661,CUST0047408,LOC0023,2025-12-21 13:41:52,App,Completed,,14490.00,17950.78,2173.50,16663.50,Online,discount_exceeds_subtotal
ORD00185924,CUST5983756,LOC0019,2025-12-21 19:16:25,Dine-in,Completed,PROMO020,5230.00,749.99,716.80,5196.81,Cash,orphan_foreign_key
ORD00186043,CUST0002137,LOC0004,1970-01-01 18:38:00,Website,Completed,,2500.00,0.00,375.00,2875.00,Card,invalid_date
ORD00186208,CUST0039532,LOC0004,2025-12-21 21:37:18,ThirdPartyDelivery,Completed,,2970.00,0.00,445.50,3415.50,Online,orphan_foreign_key
ORD00186212,,LOC0003,2025-12-21 21:41:12,App,Completed,,4085.00,0.00,612.75,4697.75,Online,missing_value
ORD00186253,,LOC0005,2025-12-21 22:09:18,App,Completed,,1825.00,0.00,273.75,2098.75,Online,missing_value
ORD00186691,CUST0712367,LOC0006,2025-12-22 19:09:28,Takeaway,Completed,PROMO019,5840.00,93.00,862.05,6609.05,Card,orphan_foreign_key
ORD00186698,CUST0048448,LOC0004,2025-12-22 19:18:16,Dine-in,Completed,,6360.00,13102.26,954.00,7314.00,Wallet,discount_exceeds_subtotal
ORD00186939,,LOC0005,2025-12-22 22:48:56,Takeaway,Completed,,9990.00,0.00,1498.50,11488.50,Card,missing_value
ORD00187100,CUST4166038,LOC0016,2025-12-23 13:08:02,Dine-in,Completed,,3770.00,0.00,603.20,4373.20,Cash,orphan_foreign_key
ORD00187183,CUST3103729,LOC0009,2025-12-23 14:09:47,App,Completed,,11955.00,0.00,1912.80,13867.80,Cash,orphan_foreign_key
ORD00187298,CUST0039907,LOC0012,,ThirdPartyDelivery,Completed,,6625.00,0.00,993.75,7618.75,Cash,invalid_date
ORD00187675,CUST0004065,LOC0007,2031-07-22 11:33:00,ThirdPartyDelivery,Completed,,4850.00,0.00,776.00,5626.00,Online,invalid_date
ORD00187683,CUST0010231,LOC0005,2025-12-24 11:26:29,App,Completed,,6330.00,0.00,949.50,7279.50,Card,orphan_foreign_key
ORD00187966,CUST0045973,LOC8108,2025-12-24 17:16:11,Dine-in,Completed,PROMO020,14665.00,750.01,2226.40,16141.39,Cash,invalid_restaurant_id
ORD00188139,CUST0041165,LOC0017,2025-12-24 20:32:03,App,Completed,PROMO019,2280.00,270.00,321.60,2331.60,Card,orphan_foreign_key
ORD00188158,CUST0043295,LOC0002,2025-12-24 20:46:22,App,Completed,PROMO020,5150.00,9028.90,660.00,5060.00,Wallet,discount_exceeds_subtotal
ORD00188413,CUST0021569,LOC0011,2025-12-25 12:09:58,Dine-in,Completed,,9540.00,18262.79,1526.40,11066.40,Cash,discount_exceeds_subtotal
ORD00188509,CUST0005134,LOC0008,2025-12-25 13:09:14,Dine-in,Completed,,8330.00,0.00,1332.80,9662.80,Cash,orphan_foreign_key
ORD00188625,CUST0048483,LOC0006,2025-12-25 13:59:02,Dine-in,Completed,PROMO020,6870.00,750.01,918.00,7037.99,Card,orphan_foreign_key
ORD00188704,CUST0040233,LOC0004,2025-12-25 15:14:21,Website,Completed,,16490.00,0.00,2473.50,18963.50,Online,orphan_foreign_key
ORD00189070,CUST0019135,LOC0006,2025-12-25 21:04:25,Dine-in,Completed,,5880.00,11945.21,882.00,6762.00,Card,discount_exceeds_subtotal
ORD00189142,CUST0033229,LOC0019,2025-12-25 21:41:38,Takeaway,Completed,,7170.00,0.00,1147.20,8317.20,Cash,orphan_foreign_key
ORD00189361,CUST0028651,LOC0014,2025-12-26 12:00:25,Dine-in,Completed,PROMO019,5240.00,7223.43,738.08,5658.58,Cash,discount_exceeds_subtotal
ORD00189437,CUST0014133,LOC8864,2025-12-26 12:50:26,Takeaway,Completed,,7550.00,0.00,1132.50,8682.50,Cash,invalid_restaurant_id
ORD00189483,CUST2511488,LOC0020,2025-12-26 13:11:48,App,Completed,,4470.00,0.00,670.50,5140.50,Online,orphan_foreign_key
ORD00189670,CUST0043348,LOC0008,2025-12-26 16:14:03,App,Cancelled,,5140.00,0.00,822.40,5962.40,Cash,orphan_foreign_key
ORD00189808,,LOC0019,2025-12-26 19:09:02,Dine-in,Completed,,4155.00,0.00,664.80,4819.80,Card,missing_value
ORD00189863,CUST0034732,LOC0002,2025-12-26 19:40:27,Dine-in,Completed,,7120.00,0.00,1068.00,8188.00,Card,orphan_foreign_key
ORD00190218,CUST0034702,LOC0004,,Website,Completed,PROMO020,8795.00,750.00,1206.75,9251.75,Wallet,invalid_date
ORD00190271,,LOC0003,2025-12-27 00:21:17,Dine-in,Completed,,4445.00,0.00,666.75,5111.75,Card,missing_value
ORD00190669,,LOC0012,2025-12-27 15:28:38,Dine-in,Completed,PROMO019,12930.00,241.50,1903.28,14591.78,Card,missing_value
ORD00190697,CUST0051979,LOC0018,2025-12-27 16:21:52,Dine-in,Completed,,3665.00,0.00,586.40,4251.40,Cash,orphan_foreign_key
ORD00190828,,LOC0017,2025-12-27 19:07:15,App,Completed,,5925.00,0.00,948.00,6873.00,Card,missing_value
ORD00190834,,LOC0014,2025-12-27 19:10:18,Dine-in,Completed,,14850.00,0.00,2227.50,17077.50,Wallet,missing_value
ORD00190839,,LOC0005,2025-12-27 19:12:45,ThirdPartyDelivery,Completed,PROMO019,4590.00,204.00,657.90,5043.90,Online,missing_value
ORD00190888,CUST0002813,LOC3158,2025-12-27 19:43:42,Website,Completed,,3680.00,0.00,552.00,4232.00,Card,invalid_restaurant_id
ORD00190939,,LOC0003,2025-12-27 20:08:11,Dine-in,Completed,PROMO019,3110.00,96.00,452.10,3466.10,Wallet,missing_value
ORD00190940,,LOC0012,2025-12-27 20:08:55,Dine-in,Completed,,5355.00,0.00,803.25,6158.25,Wallet,missing_value
ORD00190955,CUST1127786,LOC0016,2025-12-27 20:16:37,Dine-in,Completed,,7190.00,0.00,1150.40,8340.40,Card,orphan_foreign_key
ORD00191062,,LOC0010,2025-12-27 21:05:09,ThirdPartyDelivery,Cancelled,,1770.00,0.00,283.20,2053.20,Online,missing_value
ORD00191288,CUST0024544,LOC0005,2025-12-28 00:05:10,Takeaway,Completed,,7085.00,15974.73,1062.75,8147.75,Cash,discount_exceeds_subtotal
ORD00191552,CUST6161246,LOC0002,2025-12-28 13:35:31,ThirdPartyDelivery,Completed,,3295.00,0.00,494.25,3789.25,Cash,orphan_foreign_key
ORD00191758,CUST8766388,LOC0005,2025-12-28 17:14:42,Dine-in,Completed,,2100.00,0.00,315.00,2415.00,Card,orphan_foreign_key
ORD00191801,,LOC0013,2025-12-28 18:01:15,Takeaway,Completed,,3700.00,0.00,555.00,4255.00,Cash,missing_value
ORD00191814,CUST0052579,LOC9279,2025-12-28 18:17:25,Dine-in,Completed,PROMO019,17140.00,189.00,2712.16,19663.16,Cash,invalid_restaurant_id
ORD00191816,,LOC0007,2025-12-28 18:18:25,Dine-in,Completed,,7455.00,0.00,1192.80,8647.80,Cash,missing_value
ORD00191945,,LOC0015,2025-12-28 19:53:46,Website,Completed,PROMO020,7730.00,749.99,1116.80,8096.81,Wallet,missing_value
ORD00191996,CUST4197146,LOC0003,2025-12-28 20:20:16,Takeaway,Completed,PROMO019,3200.00,135.00,459.75,3524.75,Cash,orphan_foreign_key
ORD00192054,CUST0027206,LOC0016,2027-11-05 14:26:00,App,Completed,,6000.00,0.00,960.00,6960.00,Online,invalid_date
ORD00192150,CUST0020546,LOC0015,2025-12-28 21:43:51,App,Completed,,1800.00,0.00,288.00,2088.00,Online,orphan_foreign_key
ORD00192170,,LOC0007,2025-12-28 21:52:07,Dine-in,Completed,PROMO020,6300.00,750.00,888.00,6438.00,Card,missing_value
ORD00192201,CUST0007830,LOC0007,2025-12-28 22:19:08,Takeaway,Completed,,7200.00,0.00,1152.00,8352.00,Cash,orphan_foreign_key
ORD00192367,CUST0038769,LOC0017,2025-12-29 12:13:05,App,Completed,,630.00,0.00,100.80,730.80,Online,orphan_foreign_key
ORD00192519,CUST0034678,LOC0025,2025-12-29 14:08:54,Takeaway,Completed,PROMO020,6180.00,750.00,814.50,6244.50,Card,orphan_foreign_key
ORD00192574,CUST4807178,LOC0003,2025-12-29 15:52:06,ThirdPartyDelivery,Completed,PROMO019,3875.00,54.00,573.15,4394.15,Cash,orphan_foreign_key
ORD00192926,CUST0001207,LOC0009,2025-12-29 23:23:32,ThirdPartyDelivery,Completed,PROMO020,6100.00,12413.17,856.00,6206.00,Cash,discount_exceeds_subtotal
ORD00193047,CUST0004504,LOC0735,2025-12-30 12:48:31,Dine-in,Completed,PROMO020,6655.00,750.00,944.80,6849.80,Card,invalid_restaurant_id
ORD00193094,CUST0017856,LOC0018,2025-12-30 13:24:05,Website,Completed,,10090.00,0.00,1614.40,11704.40,Card,orphan_foreign_key
ORD00193284,CUST0007132,LOC0003,2025-12-30 19:13:27,Dine-in,Completed,PROMO020,7700.00,749.99,1042.50,7992.51,Cash,orphan_foreign_key
ORD00193449,CUST0037477,LOC0005,2025-12-30 21:28:34,Takeaway,Cancelled,,1400.00,1759.57,210.00,1610.00,Cash,discount_exceeds_subtotal
ORD00193519,CUST0022340,LOC0002,2025-12-30 22:24:40,App,Completed,,4970.00,0.00,745.50,5715.50,Online,orphan_foreign_key
ORD00193879,,LOC0012,2025-12-31 14:12:42,App,Completed,,6610.00,0.00,991.50,7601.50,Wallet,missing_value
ORD00193888,CUST0044994,LOC0005,2027-11-05 14:55:00,Takeaway,Completed,PROMO019,1505.00,35.25,220.46,1690.21,Cash,invalid_date
ORD00193946,CUST1738811,LOC0020,2025-12-31 14:54:13,Dine-in,Completed,PROMO020,13310.00,750.00,1884.00,14444.00,Wallet,orphan_foreign_key
ORD00194014,CUST0051886,LOC0023,2025-12-31 16:51:46,Dine-in,Completed,,12020.00,0.00,1803.00,13823.00,Cash,orphan_foreign_key
ORD00194032,CUST0002931,LOC0017,,Website,Completed,PROMO019,4145.00,28.50,658.64,4775.14,Wallet,invalid_date
ORD00194191,CUST0052071,LOC0018,2025-12-31 19:46:46,Dine-in,Completed,,5070.00,0.00,811.20,5881.20,Cash,orphan_foreign_key
ORD00194213,,LOC0015,2025-12-31 19:58:44,Dine-in,Completed,,3080.00,0.00,492.80,3572.80,Cash,missing_value
ORD00194333,CUST0052755,LOC0020,2025-12-31 20:51:37,Dine-in,Completed,,2125.00,0.00,318.75,2443.75,Cash,orphan_foreign_key
ORD00194364,CUST0014028,LOC0008,2025-12-31 21:02:24,App,Completed,PROMO019,4725.00,8342.05,748.32,5425.32,Card,discount_exceeds_subtotal
ORD00194457,CUST5745287,LOC0012,2025-12-31 21:52:46,Website,Cancelled,PROMO019,2500.00,174.00,348.90,2674.90,Card,orphan_foreign_key
ORD00194489,CUST6671355,LOC0012,2025-12-31 22:15:17,Dine-in,Completed,,11490.00,0.00,1723.50,13213.50,Cash,orphan_foreign_key
ORD00194592,CUST0012582,LOC0006,2025-12-31 23:49:48,Dine-in,Completed,,6270.00,0.00,940.50,7210.50,Card,orphan_foreign_key
ORD00000015,CUST0015359,LOC0013,2025-01-01 10:32:07,Dine-in,Completed,,7550.00,0.00,1132.50,8682.50,Wallet,orphan_foreign_key
ORD00000167,CUST0032073,LOC0020,2025-01-01 15:58:44,App,Completed,,2050.00,0.00,307.50,2357.50,Online,orphan_foreign_key
ORD00000258,,LOC0017,2025-01-01 19:48:58,Dine-in,Completed,,18060.00,0.00,2889.60,20949.60,Cash,missing_value
ORD00000549,CUST0050825,LOC0020,2025-01-02 13:34:21,ThirdPartyDelivery,Completed,,6090.00,0.00,913.50,7003.50,Cash,orphan_foreign_key
ORD00000869,CUST0027573,LOC0013,2025-01-03 00:21:54,App,Completed,,6860.00,0.00,1029.00,7889.00,Online,orphan_foreign_key
ORD00001319,,LOC0013,2025-01-03 20:48:49,Dine-in,Completed,,11370.00,0.00,1705.50,13075.50,Cash,missing_value
ORD00001332,,LOC0016,2025-01-03 20:58:54,Takeaway,Completed,,4960.00,0.00,793.60,5753.60,Cash,missing_value
ORD00001481,CUST0053473,LOC0013,2025-01-04 00:25:13,App,Completed,,1470.00,0.00,220.50,1690.50,Online,orphan_foreign_key
ORD00001514,,LOC0009,2025-01-04 11:28:24,Takeaway,Completed,,6590.00,0.00,1054.40,7644.40,Card,missing_value
ORD00001762,CUST0036215,LOC0017,2025-01-04 15:56:38,Takeaway,Completed,,2080.00,4942.13,332.80,2412.80,Wallet,discount_exceeds_subtotal
ORD00002236,CUST0008412,LOC0018,2025-01-05 12:19:56,Dine-in,Completed,PROMO001,18650.00,2797.50,2536.40,18388.90,Card,orphan_foreign_key
ORD00002279,CUST0044164,LOC0003,2025-01-05 13:09:36,Website,Completed,,3180.00,0.00,477.00,3657.00,Card,orphan_foreign_key
ORD00002446,CUST0018320,LOC1752,2025-01-05 16:40:45,Dine-in,Completed,PROMO001,4560.00,684.00,620.16,4496.16,Card,invalid_restaurant_id
ORD00002447,,LOC0013,2025-01-05 16:41:24,Dine-in,Completed,,6800.00,0.00,1020.00,7820.00,Cash,missing_value
ORD00002495,CUST0020883,LOC0010,2025-01-05 18:17:46,Dine-in,Completed,,11360.00,22166.06,1817.60,13177.60,Card,discount_exceeds_subtotal
ORD00002806,CUST0010086,LOC2647,2025-01-05 23:21:25,Takeaway,Completed,,1880.00,0.00,300.80,2180.80,Card,invalid_restaurant_id
ORD00003035,,LOC0023,2025-01-06 18:18:14,Takeaway,Completed,,2720.00,0.00,408.00,3128.00,Wallet,missing_value
ORD00003285,CUST0002237,LOC0025,2025-01-07 08:56:16,Dine-in,Completed,,10890.00,0.00,1633.50,12523.50,Card,orphan_foreign_key
ORD00003398,CUST0037609,LOC0012,1970-01-01 11:15:00,Takeaway,Completed,,4620.00,0.00,693.00,5313.00,Cash,invalid_date
ORD00003418,CUST0034625,LOC5639,2025-01-07 15:30:52,Dine-in,Completed,PROMO001,7430.00,1114.50,947.32,7262.82,Card,invalid_restaurant_id
ORD00003974,CUST0048911,LOC0025,2025-01-08 20:25:26,Dine-in,Completed,,6570.00,0.00,985.50,7555.50,Card,orphan_foreign_key
ORD00004016,,LOC0002,2025-01-08 21:09:30,App,Completed,,2420.00,0.00,363.00,2783.00,Wallet,missing_value
ORD00004348,CUST0021781,LOC0025,2025-01-09 18:11:58,Takeaway,Completed,PROMO001,2530.00,379.50,322.58,2473.08,Card,orphan_foreign_key
ORD00004472,CUST0011464,LOC0015,2025-01-09 20:44:52,App,Completed,,5570.00,0.00,891.20,6461.20,Wallet,orphan_foreign_key
ORD00004524,CUST0052542,LOC0001,,ThirdPartyDelivery,Completed,,1250.00,0.00,187.50,1437.50,Cash,invalid_date
ORD00004844,,LOC0023,2025-01-10 14:51:55,Dine-in,Completed,PROMO001,8250.00,1237.50,1051.88,8064.38,Card,missing_value
ORD00004855,,LOC0009,2025-01-10 15:06:18,Takeaway,Completed,,1430.00,0.00,228.80,1658.80,Cash,missing_value
ORD00004927,,LOC0022,2025-01-10 18:09:00,App,Completed,,5640.00,0.00,846.00,6486.00,Cash,missing_value
ORD00005296,CUST7697094,LOC0003,2025-01-11 01:35:51,ThirdPartyDelivery,Completed,,1360.00,0.00,204.00,1564.00,Online,orphan_foreign_key
ORD00005460,CUST0046838,LOC0014,,Dine-in,Completed,,7430.00,0.00,1114.50,8544.50,Cash,invalid_date
ORD00005496,,LOC0009,2025-01-11 14:20:39,App,Completed,,3550.00,0.00,568.00,4118.00,Online,missing_value
ORD00005503,CUST0041815,LOC3488,2025-01-11 14:31:52,Takeaway,Completed,,4210.00,0.00,673.60,4883.60,Card,invalid_restaurant_id
ORD00005540,CUST0046200,LOC0005,2025-01-11 15:48:28,ThirdPartyDelivery,Completed,,1250.00,1655.26,187.50,1437.50,Online,discount_exceeds_subtotal
ORD00005763,CUST2790145,LOC0018,2025-01-11 20:41:13,App,Completed,PROMO002,2470.00,68.00,384.32,2786.32,Online,orphan_foreign_key
ORD00005871,CUST0009366,LOC0023,,App,Completed,,4640.00,0.00,696.00,5336.00,Online,invalid_date
ORD00005961,,LOC0015,2025-01-12 01:27:02,Takeaway,Completed,,2050.00,0.00,328.00,2378.00,Card,missing_value
ORD00006928,,LOC0011,2025-01-13 23:23:36,Website,Completed,,2880.00,0.00,460.80,3340.80,Online,missing_value
ORD00007486,CUST0028913,LOC0008,,Takeaway,Completed,,6930.00,0.00,1108.80,8038.80,Card,invalid_date
ORD00007966,CUST0019590,LOC0018,2025-01-16 18:50:39,Dine-in,Completed,,12100.00,0.00,1936.00,14036.00,Cash,orphan_foreign_key
ORD00008235,CUST0019590,LOC0002,2025-01-17 12:19:42,Dine-in,Completed,,5550.00,0.00,832.50,6382.50,Card,orphan_foreign_key
ORD00008279,CUST3165695,LOC0002,2025-01-17 13:08:22,App,Completed,,5170.00,0.00,775.50,5945.50,Online,orphan_foreign_key
ORD00008754,CUST0031825,LOC0008,,App,Completed,,6100.00,0.00,976.00,7076.00,Online,invalid_date
ORD00009035,,LOC0014,2025-01-18 16:22:52,ThirdPartyDelivery,Completed,PROMO002,13420.00,168.00,1987.80,15239.80,Online,missing_value
ORD00009773,CUST2611890,LOC0004,2025-01-19 19:18:32,App,Completed,,3820.00,0.00,573.00,4393.00,Wallet,orphan_foreign_key
ORD00009928,,LOC0007,2025-01-19 21:39:11,App,Completed,,10690.00,0.00,1710.40,12400.40,Online,missing_value
ORD00010067,,LOC0018,2025-01-20 12:30:07,Dine-in,Completed,,9770.00,0.00,1563.20,11333.20,Cash,missing_value
ORD00010115,,LOC0014,2025-01-20 13:41:30,Takeaway,Completed,,2940.00,0.00,441.00,3381.00,Card,missing_value
ORD00010387,,LOC0024,2025-01-20 22:00:29,Dine-in,Completed,,4350.00,0.00,696.00,5046.00,Wallet,missing_value
ORD00010599,CUST0001746,LOC0012,1900-01-01 20:03:00,App,Completed,,4960.00,0.00,744.00,5704.00,Online,invalid_date
ORD00011655,CUST0044426,LOC0022,2025-01-23 21:26:54,ThirdPartyDelivery,Completed,PROMO002,5820.00,10612.29,856.50,6566.50,Cash,discount_exceeds_subtotal
ORD00012209,CUST0011232,LOC0025,2025-01-24 21:12:30,Takeaway,Completed,,1200.00,0.00,180.00,1380.00,Cash,orphan_foreign_key
ORD00012215,,LOC0022,2025-01-24 21:19:24,Dine-in,Completed,,5400.00,0.00,810.00,6210.00,Cash,missing_value
ORD00012228,CUST0022212,LOC0018,2025-01-24 21:32:17,Website,Completed,PROMO002,9320.00,110.00,1473.60,10683.60,Online,orphan_foreign_key
ORD00012285,CUST0036946,LOC0018,2025-01-24 22:27:19,App,Completed,,6230.00,0.00,996.80,7226.80,Wallet,orphan_foreign_key
ORD00012602,CUST1164084,LOC0019,2025-01-25 17:01:10,App,Completed,,3520.00,0.00,563.20,4083.20,Online,orphan_foreign_key
ORD00012859,,LOC0020,2025-01-25 21:18:18,ThirdPartyDelivery,Cancelled,,4160.00,0.00,624.00,4784.00,Online,missing_value
ORD00012877,CUST5678184,LOC0017,2025-01-25 21:31:39,Dine-in,Completed,,8310.00,0.00,1329.60,9639.60,Cash,orphan_foreign_key
ORD00012891,,LOC0011,2025-01-25 21:42:34,Dine-in,Completed,,7140.00,0.00,1142.40,8282.40,Cash,missing_value
ORD00013184,,LOC0007,2025-01-26 13:55:32,Dine-in,Completed,,7630.00,0.00,1220.80,8850.80,Card,missing_value
ORD00013201,CUST0039989,LOC0004,1970-01-01 22:06:00,App,Completed,,6270.00,0.00,940.50,7210.50,Online,invalid_date
ORD00013567,CUST3676570,LOC0002,2025-01-26 22:33:43,Dine-in,Completed,,8985.00,0.00,1347.75,10332.75,Cash,orphan_foreign_key
ORD00013573,CUST0031329,LOC0010,,Website,Completed,,5490.00,0.00,878.40,6368.40,Online,invalid_date
ORD00014036,,LOC0016,2025-01-27 23:52:06,Dine-in,Completed,,4770.00,0.00,763.20,5533.20,Wallet,missing_value
ORD00014372,CUST0006945,LOC0020,2025-01-28 21:10:08,ThirdPartyDelivery,Completed,PROMO002,7885.00,59.00,1173.90,8999.90,Online,orphan_foreign_key
ORD00014418,CUST0001081,LOC0018,2025-01-28 22:11:46,Takeaway,Completed,,4890.00,6538.86,782.40,5672.40,Wallet,discount_exceeds_subtotal
ORD00014476,CUST0010545,LOC0010,2025-01-29 10:47:56,Website,Completed,,9570.00,0.00,1531.20,11101.20,Card,orphan_foreign_key
ORD00014581,CUST0035031,LOC0001,2025-01-29 14:19:37,App,Completed,,7930.00,15614.51,1189.50,9119.50,Online,discount_exceeds_subtotal
ORD00014608,CUST0019764,LOC0018,2025-01-29 15:10:45,ThirdPartyDelivery,Completed,,2900.00,0.00,464.00,3364.00,Online,orphan_foreign_key
ORD00014953,,LOC0003,2025-01-30 13:14:45,ThirdPartyDelivery,Completed,,1800.00,0.00,270.00,2070.00,Cash,missing_value
ORD00014990,CUST0024160,LOC0007,2025-01-30 14:18:26,Dine-in,Completed,,8865.00,0.00,1418.40,10283.40,Cash,orphan_foreign_key
ORD00015980,,LOC0013,2025-02-01 12:16:07,ThirdPartyDelivery,Completed,,3730.00,0.00,559.50,4289.50,Online,missing_value
ORD00016212,CUST0014177,LOC0013,,Dine-in,Completed,PROMO002,4780.00,304.00,671.40,5147.40,Card,invalid_date
ORD00016227,CUST6983246,LOC0022,2025-02-01 18:50:36,Takeaway,Completed,PROMO002,2630.00,146.00,372.60,2856.60,Cash,orphan_foreign_key
ORD00016721,CUST0015585,LOC0018,2025-02-02 14:34:46,App,Completed,,6885.00,0.00,1101.60,7986.60,Online,orphan_foreign_key
ORD00016919,CUST0036619,LOC0009,2025-02-02 19:43:07,ThirdPartyDelivery,Completed,,7960.00,9066.84,1273.60,9233.60,Cash,discount_exceeds_subtotal
ORD00017123,CUST0049669,LOC0024,2025-02-02 22:51:05,Dine-in,Completed,,3460.00,0.00,553.60,4013.60,Card,orphan_foreign_key
ORD00017615,CUST0019307,LOC0023,2025-02-04 12:05:45,Takeaway,Completed,,2210.00,0.00,331.50,2541.50,Wallet,orphan_foreign_key
ORD00017649,CUST0440183,LOC0005,2025-02-04 12:48:33,App,Completed,PROMO002,6780.00,116.00,999.60,7663.60,Wallet,orphan_foreign_key
ORD00018188,CUST0001467,LOC0021,2025-02-05 17:52:55,Takeaway,Completed,,6650.00,8645.53,997.50,7647.50,Cash,discount_exceeds_subtotal
ORD00018294,CUST0024162,LOC0017,2025-02-05 20:43:34,Dine-in,Completed,PROMO002,6300.00,154.00,983.36,7129.36,Cash,orphan_foreign_key
ORD00018662,CUST0004149,LOC0007,2025-02-06 18:39:59,ThirdPartyDelivery,Completed,,4025.00,0.00,644.00,4669.00,Cash,orphan_foreign_key
ORD00018705,,LOC0004,2025-02-06 19:47:33,Dine-in,Completed,,7660.00,0.00,1149.00,8809.00,Wallet,missing_value
ORD00019035,CUST0021293,LOC0345,2025-02-07 13:58:00,Dine-in,Completed,,16300.00,0.00,2608.00,18908.00,Card,invalid_restaurant_id
ORD00019437,CUST0030539,LOC0019,1900-01-01 21:00:00,Dine-in,Completed,,8830.00,0.00,1412.80,10242.80,Cash,invalid_date
ORD00019614,CUST0032494,LOC0021,,Dine-in,Completed,,7430.00,0.00,1114.50,8544.50,Card,invalid_date
ORD00019842,,LOC0004,2025-02-08 18:47:22,Takeaway,Completed,,7940.00,0.00,1191.00,9131.00,Wallet,missing_value
ORD00019894,CUST0009585,LOC0009,2025-02-08 19:41:31,Dine-in,Completed,,4920.00,0.00,787.20,5707.20,Card,orphan_foreign_key
ORD00020035,CUST0034465,LOC0004,2025-02-08 21:41:00,Takeaway,Completed,,5500.00,7827.09,825.00,6325.00,Cash,discount_exceeds_subtotal
ORD00020241,CUST0054575,LOC0015,2025-02-09 13:14:33,Takeaway,Completed,,6860.00,0.00,1097.60,7957.60,Cash,orphan_foreign_key
ORD00020584,CUST0029915,LOC4206,2025-02-09 21:20:02,Takeaway,Completed,,6700.00,0.00,1005.00,7705.00,Cash,invalid_restaurant_id
ORD00021045,,LOC0007,2025-02-10 20:43:12,ThirdPartyDelivery,Completed,,6330.00,0.00,1012.80,7342.80,Cash,missing_value
ORD00021244,CUST0038251,LOC0025,2025-02-11 12:51:06,Dine-in,Completed,PROMO002,7140.00,96.00,1056.60,8100.60,Card,orphan_foreign_key
ORD00021508,CUST0006945,LOC0020,2025-02-11 20:59:31,Takeaway,Completed,,3460.00,0.00,519.00,3979.00,Wallet,orphan_foreign_key
ORD00022035,,LOC0025,2025-02-12 22:00:53,Dine-in,Completed,,6900.00,0.00,1035.00,7935.00,Card,missing_value
ORD00022196,,LOC0012,2025-02-13 13:08:46,Dine-in,Completed,,6685.00,0.00,1002.75,7687.75,Cash,missing_value
ORD00022309,CUST0003773,LOC0013,2025-02-13 15:44:17,Dine-in,Completed,,14880.00,0.00,2232.00,17112.00,Cash,orphan_foreign_key
ORD00022666,CUST0051714,LOC0012,2025-02-14 01:53:30,Dine-in,Completed,,9870.00,16357.91,1480.50,11350.50,Wallet,discount_exceeds_subtotal
ORD00023147,CUST0035933,LOC0017,2025-02-14 18:57:50,Takeaway,Completed,,3945.00,6915.87,631.20,4576.20,Wallet,discount_exceeds_subtotal
ORD00023519,CUST0024873,LOC0004,2025-02-14 22:42:40,Dine-in,Completed,,12240.00,0.00,1836.00,14076.00,Card,orphan_foreign_key
ORD00023731,,LOC0004,2025-02-15 12:58:21,Dine-in,Completed,,7230.00,0.00,1084.50,8314.50,Cash,missing_value
ORD00023876,CUST4088390,LOC0010,2025-02-15 15:54:10,App,Completed,,2920.00,0.00,467.20,3387.20,Online,orphan_foreign_key
ORD00024241,,LOC0021,2025-02-15 22:48:22,Dine-in,Completed,PROMO002,12210.00,492.00,1757.70,13475.70,Card,missing_value
ORD00024311,,LOC0004,2025-02-16 11:23:23,Takeaway,Completed,,4550.00,0.00,682.50,5232.50,Cash,missing_value
ORD00024738,,LOC0019,2025-02-16 20:53:23,App,Completed,PROMO003,3060.00,338.00,435.52,3157.52,Online,missing_value
ORD00025044,CUST0019657,LOC0001,,Dine-in,Completed,,3640.00,0.00,546.00,4186.00,Card,invalid_date
ORD00025320,CUST0652907,LOC0008,2025-02-18 13:01:01,App,Completed,,7130.00,0.00,1140.80,8270.80,Online,orphan_foreign_key
ORD00025814,CUST0026895,LOC0018,2025-02-19 20:16:03,ThirdPartyDelivery,Completed,,2160.00,0.00,345.60,2505.60,Online,orphan_foreign_key
ORD00025846,CUST0004364,LOC0002,2025-02-19 20:53:47,Dine-in,Cancelled,,3650.00,5228.91,547.50,4197.50,Card,discount_exceeds_subtotal
ORD00026009,CUST0051394,LOC0018,,Dine-in,Completed,,4280.00,0.00,684.80,4964.80,Card,invalid_date
ORD00026249,CUST1252142,LOC0015,2025-02-20 20:54:21,Dine-in,Completed,,3920.00,0.00,627.20,4547.20,Card,orphan_foreign_key
ORD00026483,CUST0025200,LOC0001,2027-11-05 13:53:00,ThirdPartyDelivery,Completed,,8050.00,0.00,1207.50,9257.50,Cash,invalid_date
ORD00026509,,LOC0003,2025-02-21 13:55:04,Dine-in,Completed,,2060.00,0.00,309.00,2369.00,Cash,missing_value
ORD00026747,CUST0045539,LOC2319,2025-02-21 20:41:04,Website,Completed,,7690.00,0.00,1153.50,8843.50,Wallet,invalid_restaurant_id
ORD00026863,CUST0027776,LOC4426,2025-02-21 22:38:23,Dine-in,Completed,,10420.00,0.00,1563.00,11983.00,Card,invalid_restaurant_id
ORD00027232,CUST0017889,LOC0022,2025-02-22 19:51:12,Takeaway,Completed,,1585.00,3396.73,237.75,1822.75,Cash,discount_exceeds_subtotal
ORD00028328,CUST0022419,LOC5749,2025-02-24 22:04:22,Dine-in,Completed,,8730.00,0.00,1396.80,10126.80,Card,orphan_foreign_key
ORD00028474,CUST0020334,LOC0023,2025-02-25 14:04:34,Website,Completed,,11420.00,0.00,1713.00,13133.00,Wallet,orphan_foreign_key
ORD00028719,CUST0026470,LOC0209,2025-02-25 22:39:39,App,Completed,,6220.00,0.00,995.20,7215.20,Online,invalid_restaurant_id
ORD00028951,,LOC0001,2025-02-26 18:43:37,Dine-in,Completed,,10170.00,0.00,1525.50,11695.50,Cash,missing_value
ORD00029115,CUST0001451,LOC9734,2025-02-26 22:32:45,App,Completed,,3670.00,0.00,550.50,4220.50,Cash,invalid_restaurant_id
ORD00029632,CUST0045160,LOC9598,2025-02-28 12:54:39,App,Completed,,3990.00,0.00,598.50,4588.50,Online,invalid_restaurant_id
ORD00029724,CUST0043043,LOC0019,2025-02-28 14:03:17,ThirdPartyDelivery,Completed,,2180.00,0.00,348.80,2528.80,Online,orphan_foreign_key
ORD00029811,CUST0051496,LOC0001,2025-02-28 18:27:08,Website,Completed,,1920.00,3544.74,288.00,2208.00,Online,discount_exceeds_subtotal
ORD00029830,CUST9570882,LOC0016,2025-02-28 18:55:48,Website,Completed,,6530.00,0.00,1044.80,7574.80,Card,orphan_foreign_key
ORD00029952,CUST1008638,LOC0014,2025-02-28 21:01:25,Takeaway,Completed,,930.00,0.00,139.50,1069.50,Cash,orphan_foreign_key
ORD00029983,,LOC0012,2025-02-28 21:34:11,Website,Completed,,3910.00,0.00,586.50,4496.50,Card,missing_value
ORD00030100,CUST8769291,LOC0005,2025-03-01 00:46:38,Dine-in,Completed,,16540.00,0.00,2481.00,19021.00,Wallet,orphan_foreign_key
ORD00030360,,LOC0013,2025-03-01 19:30:48,App,Completed,,4410.00,0.00,661.50,5071.50,Cash,missing_value
ORD00030545,CUST0020448,LOC0014,2025-03-01 21:47:51,Dine-in,Completed,,5990.00,0.00,898.50,6888.50,Cash,orphan_foreign_key
ORD00030583,CUST0005930,LOC0017,2025-03-01 22:25:56,ThirdPartyDelivery,Completed,,350.00,699.62,56.00,406.00,Cash,discount_exceeds_subtotal
ORD00030714,,LOC0010,2025-03-02 02:40:30,Dine-in,Completed,,4390.00,0.00,702.40,5092.40,Cash,missing_value
ORD00030725,,LOC0008,2025-03-02 03:17:11,Dine-in,Cancelled,PROMO004,11350.00,500.00,1736.00,12586.00,Cash,missing_value
ORD00030917,CUST0014191,LOC0005,2025-03-02 19:23:34,Website,Completed,,3870.00,0.00,580.50,4450.50,Card,orphan_foreign_key
ORD00031131,CUST0025317,LOC0005,2025-03-02 22:04:36,Website,Completed,,7070.00,10163.49,1060.50,8130.50,Card,discount_exceeds_subtotal
ORD00031137,CUST0044951,LOC0003,2025-03-02 22:11:16,ThirdPartyDelivery,Completed,,7960.00,12902.63,1194.00,9154.00,Cash,discount_exceeds_subtotal
ORD00031406,,LOC0019,2025-03-03 19:59:50,App,Completed,,6330.00,0.00,1012.80,7342.80,Online,missing_value
ORD00031963,,LOC0008,2025-03-05 02:57:26,ThirdPartyDelivery,Completed,,4500.00,0.00,720.00,5220.00,Online,missing_value
ORD00031990,CUST0040711,LOC0011,2025-03-05 12:32:13,Website,Completed,,2190.00,0.00,350.40,2540.40,Online,orphan_foreign_key
ORD00032214,CUST0011650,LOC0021,2025-03-05 21:10:50,Dine-in,Completed,PROMO004,13320.00,500.00,1923.00,14743.00,Card,orphan_foreign_key
ORD00032344,CUST0015340,LOC0024,2025-03-06 01:25:56,Dine-in,Completed,,11650.00,0.00,1864.00,13514.00,Cash,orphan_foreign_key
ORD00032359,,LOC0018,2025-03-06 02:07:53,App,Completed,,9940.00,0.00,1590.40,11530.40,Card,missing_value
ORD00032692,,LOC0003,2025-03-06 22:18:53,Takeaway,Completed,,4535.00,0.00,680.25,5215.25,Card,missing_value
ORD00033035,CUST0036275,LOC0003,2025-03-07 19:22:20,Dine-in,Completed,,5790.00,8424.98,868.50,6658.50,Card,discount_exceeds_subtotal
ORD00033599,CUST0036377,LOC0009,2025-03-08 19:11:32,Dine-in,Completed,,5500.00,0.00,880.00,6380.00,Cash,orphan_foreign_key
ORD00033657,CUST0024555,LOC0006,1970-01-01 10:19:00,App,Completed,,5740.00,0.00,861.00,6601.00,Online,invalid_date
ORD00033715,CUST0014456,LOC0005,2025-03-08 20:08:11,Dine-in,Completed,PROMO004,13270.00,26310.91,1915.50,14685.50,Cash,discount_exceeds_subtotal
ORD00033820,,LOC0006,2025-03-08 21:40:30,Takeaway,Completed,,5470.00,0.00,820.50,6290.50,Cash,missing_value
ORD00033891,CUST0036536,LOC0004,,App,Completed,,6060.00,0.00,909.00,6969.00,Online,invalid_date
ORD00034539,CUST0026840,LOC0004,,Dine-in,Completed,,6000.00,0.00,900.00,6900.00,Cash,invalid_date
ORD00034746,CUST0038943,LOC0023,2025-03-10 20:24:57,Website,Completed,PROMO004,5505.00,500.00,750.75,5755.75,Online,orphan_foreign_key
ORD00034852,,LOC0002,2025-03-10 23:18:35,ThirdPartyDelivery,Completed,,3510.00,0.00,526.50,4036.50,Cash,missing_value
ORD00035552,CUST5120153,LOC0022,2025-03-12 21:22:57,App,Completed,,1690.00,0.00,253.50,1943.50,Online,orphan_foreign_key
ORD00035694,CUST0042580,LOC0016,2025-03-13 04:35:39,Dine-in,Completed,PROMO004,12930.00,25095.71,1988.80,14418.80,Cash,discount_exceeds_subtotal
ORD00035790,CUST0458979,LOC0023,2025-03-13 18:51:24,Takeaway,Completed,,470.00,0.00,70.50,540.50,Card,orphan_foreign_key
ORD00035809,CUST0025907,LOC2304,2025-03-13 19:15:31,Dine-in,Completed,,7835.00,0.00,1175.25,9010.25,Card,invalid_restaurant_id
ORD00036093,CUST0006854,LOC0013,2025-03-14 03:30:37,Website,Completed,,6170.00,0.00,925.50,7095.50,Online,orphan_foreign_key
ORD00036131,CUST0023884,LOC0024,2025-03-14 18:01:02,Takeaway,Completed,,8050.00,12687.35,1288.00,9338.00,Cash,discount_exceeds_subtotal
ORD00036282,CUST0041441,LOC0001,2025-03-14 19:30:37,ThirdPartyDelivery,Cancelled,,2835.00,5008.87,425.25,3260.25,Online,discount_exceeds_subtotal
ORD00037228,CUST0046907,LOC0017,2025-03-16 13:40:47,Website,Completed,PROMO004,7530.00,500.00,1124.80,8154.80,Online,orphan_foreign_key
ORD00037273,CUST0026689,LOC8114,2025-03-16 18:11:27,Takeaway,Completed,,8670.00,0.00,1300.50,9970.50,Card,invalid_restaurant_id
ORD00037499,CUST0017759,LOC0011,1970-01-01 10:36:00,App,Completed,,1560.00,0.00,249.60,1809.60,Wallet,invalid_date
ORD00037515,CUST4825722,LOC0005,2025-03-16 20:54:40,App,Completed,,7290.00,0.00,1093.50,8383.50,Cash,orphan_foreign_key
ORD00037528,CUST0041318,LOC0017,2025-03-16 21:06:12,Dine-in,Completed,,5740.00,0.00,918.40,6658.40,Cash,orphan_foreign_key
ORD00037934,CUST0007830,LOC0007,2025-03-17 20:58:03,Takeaway,Completed,,2100.00,0.00,336.00,2436.00,Cash,orphan_foreign_key
ORD00037964,,LOC0021,2025-03-17 21:33:05,Dine-in,Completed,PROMO004,9440.00,500.00,1341.00,10281.00,Card,missing_value
ORD00038268,CUST0041852,LOC0013,2025-03-18 20:16:26,Takeaway,Completed,,4260.00,0.00,639.00,4899.00,Card,orphan_foreign_key
ORD00038970,CUST0006707,LOC0004,2025-03-20 19:32:46,Dine-in,Completed,PROMO004,10010.00,500.00,1426.50,10936.50,Card,orphan_foreign_key
ORD00039263,CUST0035682,LOC0001,2025-03-21 03:17:11,Takeaway,Completed,,3190.00,5192.61,478.50,3668.50,Wallet,discount_exceeds_subtotal
ORD00039283,CUST6804368,LOC0018,2025-03-21 13:43:30,Dine-in,Completed,,5520.00,0.00,883.20,6403.20,Card,orphan_foreign_key
ORD00039387,CUST0035594,LOC0015,2025-03-21 18:46:00,Dine-in,Completed,,15550.00,22816.59,2488.00,18038.00,Wallet,discount_exceeds_subtotal
ORD00039451,CUST8281863,LOC0019,2025-03-21 19:30:02,Website,Completed,,6180.00,0.00,988.80,7168.80,Card,orphan_foreign_key
ORD00039518,CUST0000521,LOC0019,,App,Completed,,8665.00,0.00,1386.40,10051.40,Cash,invalid_date
ORD00039613,CUST0051041,LOC0025,2025-03-21 21:39:12,Dine-in,Completed,,4140.00,0.00,621.00,4761.00,Cash,orphan_foreign_key
ORD00040263,CUST0019174,LOC0011,2025-03-22 22:40:00,Dine-in,Completed,,2190.00,0.00,350.40,2540.40,Cash,orphan_foreign_key
ORD00040304,CUST3434014,LOC0016,2025-03-22 23:37:08,Dine-in,Completed,PROMO004,8415.00,500.00,1266.40,9181.40,Card,orphan_foreign_key
ORD00040705,CUST0033848,LOC0011,2025-03-23 20:43:45,Dine-in,Completed,,11540.00,0.00,1846.40,13386.40,Card,orphan_foreign_key
ORD00040860,CUST0025161,LOC3735,2025-03-23 23:21:11,ThirdPartyDelivery,Completed,PROMO004,4770.00,500.00,683.20,4953.20,Cash,invalid_restaurant_id
ORD00041197,CUST3924437,LOC0015,2025-03-24 22:57:14,Takeaway,Completed,PROMO004,10720.00,499.99,1635.20,11855.21,Cash,orphan_foreign_key
ORD00041410,,LOC0005,2025-03-25 19:53:32,App,Completed,,2850.00,0.00,427.50,3277.50,Card,missing_value
ORD00041526,,LOC0005,2025-03-25 22:36:50,App,Completed,,2100.00,0.00,315.00,2415.00,Online,missing_value
ORD00041553,CUST8569020,LOC0005,2025-03-25 23:16:08,Dine-in,Completed,,9040.00,0.00,1356.00,10396.00,Wallet,orphan_foreign_key
ORD00041562,CUST0019962,LOC1657,2025-03-25 23:29:02,Dine-in,Completed,,5495.00,0.00,824.25,6319.25,Wallet,invalid_restaurant_id
ORD00041730,CUST0011743,LOC0023,2025-03-26 18:48:39,ThirdPartyDelivery,Completed,,3530.00,0.00,529.50,4059.50,Online,orphan_foreign_key
ORD00042077,,LOC0022,2025-03-27 17:35:19,App,Completed,,2285.00,0.00,342.75,2627.75,Wallet,missing_value
ORD00042399,CUST0019728,LOC0008,2025-03-27 23:58:34,ThirdPartyDelivery,Completed,,3440.00,6630.42,550.40,3990.40,Cash,discount_exceeds_subtotal
ORD00042666,,LOC0011,2025-03-28 19:43:35,ThirdPartyDelivery,Cancelled,PROMO004,14600.00,500.00,2256.00,16356.00,Online,missing_value
ORD00042784,CUST0010787,LOC0005,2025-03-28 21:33:07,App,Completed,,4320.00,5914.60,648.00,4968.00,Card,discount_exceeds_subtotal
ORD00042863,,LOC0018,2025-03-28 23:13:22,Takeaway,Completed,,2790.00,0.00,446.40,3236.40,Cash,missing_value
ORD00043039,CUST0022295,LOC0017,2031-07-22 21:16:00,Takeaway,Completed,PROMO004,16500.00,500.00,2560.00,18560.00,Card,invalid_date
ORD00043277,CUST0051568,LOC0017,2025-03-29 19:52:15,Dine-in,Completed,,6870.00,0.00,1099.20,7969.20,Cash,orphan_foreign_key
ORD00043314,CUST0025727,LOC0012,,Takeaway,Completed,,6190.00,0.00,928.50,7118.50,Wallet,invalid_date
ORD00043398,,LOC0004,2025-03-29 21:46:40,App,Completed,,8860.00,0.00,1329.00,10189.00,Online,missing_value
ORD00043923,CUST8576422,LOC0008,2025-03-30 22:06:31,Takeaway,Completed,,3750.00,0.00,600.00,4350.00,Cash,orphan_foreign_key
ORD00043950,,LOC0007,2025-03-30 22:44:21,ThirdPartyDelivery,Completed,,800.00,0.00,128.00,928.00,Online,missing_value
ORD00044055,,LOC0025,2025-03-31 12:06:31,App,Cancelled,,3280.00,0.00,492.00,3772.00,Online,missing_value
ORD00044113,CUST0018160,LOC0020,2025-03-31 12:59:29,App,Completed,,3845.00,0.00,576.75,4421.75,Wallet,orphan_foreign_key
ORD00044136,CUST0134593,LOC0018,2025-03-31 13:11:24,App,Completed,,4560.00,0.00,729.60,5289.60,Online,orphan_foreign_key
ORD00044521,,LOC0008,2025-03-31 20:35:00,Dine-in,Completed,PROMO005,17110.00,3725.00,2141.60,15526.60,Card,missing_value
ORD00044756,CUST0011229,LOC0025,2099-12-31 10:16:00,Dine-in,Completed,,10930.00,0.00,1639.50,12569.50,Cash,invalid_date
ORD00045176,,LOC0017,2025-04-01 20:09:46,ThirdPartyDelivery,Completed,,4580.00,0.00,732.80,5312.80,Online,missing_value
ORD00045526,CUST0012082,LOC7444,2025-04-02 13:07:34,Dine-in,Completed,,4760.00,0.00,714.00,5474.00,Card,invalid_restaurant_id
ORD00045969,CUST4383731,LOC0018,2025-04-02 21:58:05,Takeaway,Completed,,1180.00,0.00,188.80,1368.80,Wallet,orphan_foreign_key
ORD00046046,CUST0034832,LOC0004,2025-04-02 23:41:11,Takeaway,Completed,,6495.00,12591.14,974.25,7469.25,Card,discount_exceeds_subtotal
ORD00046283,CUST0023278,LOC4780,2025-04-03 17:12:36,ThirdPartyDelivery,Completed,,4800.00,0.00,768.00,5568.00,Cash,invalid_restaurant_id
ORD00046702,,LOC0002,2025-04-04 13:16:52,App,Completed,,1115.00,0.00,167.25,1282.25,Online,missing_value
ORD00047008,CUST0051207,LOC2819,2025-04-04 20:19:16,Website,Completed,,5130.00,0.00,769.50,5899.50,Online,invalid_restaurant_id
ORD00047364,CUST0009830,LOC0024,,Dine-in,Completed,,6480.00,0.00,1036.80,7516.80,Card,invalid_date
ORD00047920,,LOC0009,2025-04-05 21:55:51,App,Completed,,7220.00,0.00,1155.20,8375.20,Online,missing_value
ORD00048217,,LOC0003,2025-04-06 13:59:10,Dine-in,Completed,,5185.00,0.00,777.75,5962.75,Card,missing_value
ORD00048356,CUST0004748,LOC0015,1970-01-01 16:48:00,Takeaway,Completed,,5120.00,0.00,819.20,5939.20,Card,invalid_date
ORD00048415,CUST0018726,LOC0016,2025-04-06 19:43:11,Dine-in,Completed,,6190.00,0.00,990.40,7180.40,Card,orphan_foreign_key
ORD00048877,CUST0030212,LOC0008,2025-04-07 15:01:57,Takeaway,Completed,,4540.00,5213.50,726.40,5266.40,Card,discount_exceeds_subtotal
ORD00049190,CUST0014899,LOC0021,2025-04-08 12:58:52,App,Completed,,5100.00,10071.32,765.00,5865.00,Online,discount_exceeds_subtotal
ORD00049217,CUST0008412,LOC0018,2025-04-08 13:39:54,Dine-in,Completed,,11455.00,0.00,1832.80,13287.80,Wallet,orphan_foreign_key
ORD00049374,,LOC0014,2025-04-08 20:45:22,App,Completed,,12225.00,0.00,1833.75,14058.75,Online,missing_value
ORD00049608,CUST0049154,LOC0013,1970-01-01 22:58:00,App,Completed,,2760.00,0.00,414.00,3174.00,Cash,invalid_date
ORD00050006,CUST0020781,LOC0004,2099-12-31 12:50:00,Dine-in,Completed,,8450.00,0.00,1267.50,9717.50,Wallet,invalid_date
ORD00050243,CUST0007132,LOC0023,2025-04-10 22:13:36,Dine-in,Completed,,4070.00,0.00,610.50,4680.50,Cash,orphan_foreign_key
ORD00050286,CUST0015496,LOC0001,2025-04-11 00:11:50,Dine-in,Completed,,13990.00,0.00,2098.50,16088.50,Cash,orphan_foreign_key
ORD00050612,CUST0024897,LOC0010,2025-04-11 19:44:22,App,Completed,,7315.00,0.00,1170.40,8485.40,Online,orphan_foreign_key
ORD00050997,,LOC0012,2025-04-12 13:51:28,Dine-in,Completed,,8820.00,0.00,1323.00,10143.00,Card,missing_value
ORD00051032,,LOC0009,2025-04-12 14:37:10,Dine-in,Completed,,3670.00,0.00,587.20,4257.20,Cash,missing_value
ORD00051181,CUST1027858,LOC0007,2025-04-12 20:02:16,Dine-in,Completed,,15210.00,0.00,2433.60,17643.60,Cash,orphan_foreign_key
ORD00051327,CUST0039653,LOC0010,,App,Completed,,2745.00,0.00,439.20,3184.20,Online,invalid_date
ORD00051610,CUST9604682,LOC0003,2025-04-13 17:03:27,Dine-in,Completed,,13795.00,0.00,2069.25,15864.25,Cash,orphan_foreign_key
ORD00052105,CUST0005300,LOC0010,2025-04-14 18:21:45,App,Completed,,7305.00,0.00,1168.80,8473.80,Cash,orphan_foreign_key
ORD00052700,CUST0029188,LOC0017,2031-07-22 21:03:00,Dine-in,Completed,,5360.00,0.00,857.60,6217.60,Card,invalid_date
ORD00052736,CUST0017220,LOC0013,2025-04-16 00:05:39,Dine-in,Completed,PROMO006,16530.00,7190.00,1401.00,10741.00,Card,orphan_foreign_key
ORD00053000,CUST0003773,LOC0015,2025-04-16 19:32:20,Dine-in,Cancelled,,8780.00,0.00,1404.80,10184.80,Cash,orphan_foreign_key
ORD00053208,,LOC0012,2025-04-17 11:00:57,App,Completed,,5540.00,0.00,831.00,6371.00,Cash,missing_value
ORD00053222,CUST0036295,LOC0023,2027-11-05 11:39:00,Website,Completed,PROMO006,14640.00,4870.00,1465.50,11235.50,Card,invalid_date
ORD00053377,CUST0023522,LOC0020,,Dine-in,Completed,,21405.00,0.00,3210.75,24615.75,Cash,invalid_date
ORD00053959,CUST0020426,LOC1812,2025-04-18 15:35:18,Dine-in,Completed,,16995.00,0.00,2719.20,19714.20,Cash,invalid_restaurant_id
ORD00054334,,LOC0022,2025-04-18 23:38:13,App,Completed,,4540.00,0.00,681.00,5221.00,Card,missing_value
ORD00054476,,LOC0004,2025-04-19 13:03:32,App,Completed,,6260.00,0.00,939.00,7199.00,Wallet,missing_value
ORD00054617,CUST0012775,LOC0018,2025-04-19 15:48:05,ThirdPartyDelivery,Completed,,5410.00,0.00,865.60,6275.60,Online,orphan_foreign_key
ORD00054916,CUST1559053,LOC0019,2025-04-19 21:25:23,App,Completed,,6280.00,0.00,1004.80,7284.80,Wallet,orphan_foreign_key
ORD00055542,CUST0006321,LOC2198,2025-04-20 21:06:30,Website,Completed,,2815.00,0.00,422.25,3237.25,Online,invalid_restaurant_id
ORD00055622,CUST0028328,LOC0006,2025-04-20 22:05:49,Dine-in,Completed,,9600.00,0.00,1440.00,11040.00,Card,orphan_foreign_key
ORD00055632,CUST6243361,LOC0022,2025-04-20 22:13:23,Dine-in,Completed,,13725.00,0.00,2058.75,15783.75,Card,orphan_foreign_key
ORD00055837,,LOC0005,2025-04-21 14:06:59,ThirdPartyDelivery,Completed,,5255.00,0.00,788.25,6043.25,Cash,missing_value
ORD00055903,CUST0027368,LOC0013,2025-04-21 17:52:34,App,Completed,,1370.00,0.00,205.50,1575.50,Wallet,orphan_foreign_key
ORD00056059,,LOC0023,2025-04-21 21:25:20,App,Completed,PROMO006,8370.00,3780.00,688.50,5278.50,Wallet,missing_value
ORD00056930,CUST0005859,LOC0009,2027-11-05 22:21:00,Dine-in,Completed,,7660.00,0.00,1225.60,8885.60,Cash,invalid_date
ORD00057075,CUST0017220,LOC0015,2025-04-24 12:18:37,App,Completed,,7830.00,0.00,1252.80,9082.80,Card,orphan_foreign_key
ORD00057167,CUST0052634,LOC0016,2025-04-24 13:52:12,App,Completed,,7460.00,9664.84,1193.60,8653.60,Cash,discount_exceeds_subtotal
ORD00057298,CUST5841343,LOC0011,2025-04-24 19:16:38,App,Cancelled,,4430.00,0.00,708.80,5138.80,Wallet,orphan_foreign_key
ORD00057522,CUST0022446,LOC0015,2025-04-25 00:39:50,Dine-in,Completed,,12020.00,0.00,1923.20,13943.20,Cash,orphan_foreign_key
ORD00057624,CUST0035998,LOC0008,2025-04-25 13:06:32,ThirdPartyDelivery,Completed,,6850.00,0.00,1096.00,7946.00,Cash,orphan_foreign_key
ORD00057749,CUST0036104,LOC0021,2025-04-25 15:44:52,Website,Cancelled,PROMO006,10120.00,3350.00,1015.50,7785.50,Card,orphan_foreign_key
ORD00057916,CUST0020821,LOC0009,2025-04-25 19:57:12,Dine-in,Completed,,8600.00,18431.23,1376.00,9976.00,Cash,discount_exceeds_subtotal
ORD00057967,,LOC0024,2025-04-25 20:32:35,ThirdPartyDelivery,Completed,,7630.00,0.00,1220.80,8850.80,Online,missing_value
ORD00058304,,LOC0012,2025-04-26 13:10:50,ThirdPartyDelivery,Completed,,7400.00,0.00,1110.00,8510.00,Online,missing_value
ORD00058651,CUST6532065,LOC0005,2025-04-26 20:31:06,Website,Completed,PROMO006,15225.00,3350.00,1781.25,13656.25,Card,orphan_foreign_key
ORD00058708,CUST3382025,LOC0021,2025-04-26 21:08:27,Dine-in,Completed,,9480.00,0.00,1422.00,10902.00,Wallet,orphan_foreign_key
ORD00058709,CUST0050266,LOC0014,2025-04-26 21:09:25,ThirdPartyDelivery,Completed,,5220.00,8985.79,783.00,6003.00,Cash,discount_exceeds_subtotal
ORD00058788,CUST0043707,LOC0006,2025-04-26 22:10:04,Dine-in,Completed,,6440.00,0.00,966.00,7406.00,Card,orphan_foreign_key
ORD00059006,,LOC0003,2025-04-27 12:49:56,Website,Completed,,3335.00,0.00,500.25,3835.25,Wallet,missing_value
ORD00059060,CUST7684667,LOC0014,2025-04-27 13:38:50,Takeaway,Completed,,6310.00,0.00,946.50,7256.50,Wallet,orphan_foreign_key
ORD00059207,,LOC0018,2025-04-27 18:29:55,Takeaway,Completed,,5100.00,0.00,816.00,5916.00,Cash,missing_value
ORD00059379,CUST0050711,LOC0017,2025-04-27 21:08:23,Takeaway,Completed,PROMO006,12590.00,3360.00,1476.80,10706.80,Card,orphan_foreign_key
ORD00059431,,LOC0014,2025-04-27 21:48:27,Takeaway,Completed,,4495.00,0.00,674.25,5169.25,Cash,missing_value
ORD00059457,,LOC0003,2025-04-27 22:15:01,Dine-in,Completed,,8050.00,0.00,1207.50,9257.50,Card,missing_value
ORD00059483,CUST0036377,LOC0020,2025-04-27 22:45:21,Dine-in,Cancelled,,8910.00,0.00,1336.50,10246.50,Cash,orphan_foreign_key
ORD00059499,CUST0040878,LOC0017,2025-04-27 22:55:52,Dine-in,Completed,,4900.00,8430.97,784.00,5684.00,Cash,discount_exceeds_subtotal
ORD00059790,CUST0037570,LOC2576,2025-04-28 19:43:08,Takeaway,Completed,,15270.00,0.00,2443.20,17713.20,Card,invalid_restaurant_id
ORD00059931,CUST0033708,LOC3051,2025-04-28 22:03:56,Dine-in,Completed,PROMO006,9940.00,1510.00,1264.50,9694.50,Cash,invalid_restaurant_id
ORD00060008,,LOC0018,2025-04-29 11:03:42,Dine-in,Completed,PROMO006,14705.00,3360.00,1815.20,13160.20,Card,missing_value
ORD00060041,CUST0016571,LOC0014,2025-04-29 12:29:18,Dine-in,Completed,,6040.00,12267.65,906.00,6946.00,Cash,discount_exceeds_subtotal
ORD00060248,,LOC0009,2025-04-29 19:58:57,App,Completed,,6795.00,0.00,1087.20,7882.20,Card,missing_value
ORD00060377,CUST0015359,LOC0013,2025-04-29 22:10:34,ThirdPartyDelivery,Completed,,4250.00,0.00,637.50,4887.50,Online,orphan_foreign_key
ORD00060732,CUST0040140,LOC0020,2025-04-30 20:20:55,ThirdPartyDelivery,Completed,,2840.00,0.00,426.00,3266.00,Online,orphan_foreign_key
ORD00060807,CUST0035129,LOC5664,2025-04-30 21:55:36,Dine-in,Completed,,2960.00,0.00,444.00,3404.00,Card,invalid_restaurant_id
ORD00060871,CUST0006648,LOC0001,2025-04-30 23:09:20,Takeaway,Completed,,1480.00,3425.50,222.00,1702.00,Cash,discount_exceeds_subtotal
ORD00060944,CUST0052543,LOC0008,2025-05-01 12:48:44,App,Cancelled,,7790.00,0.00,1246.40,9036.40,Online,orphan_foreign_key
ORD00060983,,LOC0023,2025-05-01 13:53:24,App,Completed,,5775.00,0.00,866.25,6641.25,Online,missing_value
ORD00061151,CUST0027525,LOC0008,2025-05-01 20:09:26,ThirdPartyDelivery,Completed,PROMO007,600.00,784.59,85.20,617.70,Online,discount_exceeds_subtotal
ORD00061536,CUST0022060,LOC0011,1970-01-01 14:08:00,App,Completed,,6220.00,0.00,995.20,7215.20,Wallet,invalid_date
ORD00061850,CUST0047624,LOC0023,2025-05-02 22:42:04,App,Completed,,9520.00,21935.48,1428.00,10948.00,Cash,discount_exceeds_subtotal
ORD00062014,CUST0035939,LOC0001,2099-12-31 18:56:00,ThirdPartyDelivery,Completed,,580.00,0.00,87.00,667.00,Online,invalid_date
ORD00062215,,LOC0022,2025-05-03 18:31:49,Dine-in,Completed,,13250.00,0.00,1987.50,15237.50,Cash,missing_value
ORD00062310,CUST0019927,LOC0015,2025-05-03 20:05:07,ThirdPartyDelivery,Completed,PROMO007,8210.00,16059.31,1241.60,9001.60,Cash,discount_exceeds_subtotal
ORD00062738,,LOC0005,2025-05-04 13:57:16,App,Completed,,2300.00,0.00,345.00,2645.00,Wallet,missing_value
ORD00062952,,LOC0007,2025-05-04 20:04:07,Dine-in,Completed,,5900.00,0.00,944.00,6844.00,Wallet,missing_value
ORD00063150,CUST5136171,LOC0009,2025-05-04 23:07:38,Dine-in,Completed,PROMO007,10800.00,80.00,1715.20,12435.20,Cash,orphan_foreign_key
ORD00063388,CUST0017860,LOC0009,2025-05-05 18:28:39,Dine-in,Completed,,4820.00,6150.87,771.20,5591.20,Wallet,discount_exceeds_subtotal
ORD00063496,CUST0045594,LOC2858,2025-05-05 20:47:32,Dine-in,Completed,,3120.00,0.00,468.00,3588.00,Card,invalid_restaurant_id
ORD00063501,CUST0033776,LOC0022,2025-05-05 20:52:05,ThirdPartyDelivery,Completed,,5110.00,0.00,766.50,5876.50,Cash,orphan_foreign_key
ORD00064634,,LOC0014,2025-05-08 17:40:39,Dine-in,Completed,PROMO007,5900.00,67.50,874.88,6707.38,Cash,missing_value
ORD00064669,CUST0028203,LOC0008,2025-05-08 19:08:04,Dine-in,Completed,,10020.00,15751.06,1603.20,11623.20,Cash,discount_exceeds_subtotal
ORD00065699,CUST0034586,LOC0005,1900-01-01 19:09:00,Takeaway,Completed,PROMO007,5230.00,322.50,736.12,5643.62,Wallet,invalid_date
ORD00065771,CUST0000805,LOC0011,2025-05-10 16:27:23,Website,Completed,,1265.00,1702.25,202.40,1467.40,Card,discount_exceeds_subtotal
ORD00065829,CUST0038234,LOC0020,,Takeaway,Completed,,2085.00,0.00,312.75,2397.75,Card,invalid_date
ORD00066067,CUST0039491,LOC0003,,Dine-in,Completed,,11390.00,0.00,1708.50,13098.50,Cash,invalid_date
ORD00066174,CUST0029351,LOC0001,2025-05-11 10:05:03,Takeaway,Completed,,4990.00,0.00,748.50,5738.50,Cash,orphan_foreign_key
ORD00066346,,LOC0018,2025-05-11 14:10:09,ThirdPartyDelivery,Cancelled,,3465.00,0.00,554.40,4019.40,Cash,missing_value
ORD00066366,,LOC0002,2025-05-11 14:40:28,Dine-in,Cancelled,,7020.00,0.00,1053.00,8073.00,Card,missing_value
ORD00066903,,LOC0007,2025-05-12 16:43:56,App,Completed,,9080.00,0.00,1452.80,10532.80,Online,missing_value
ORD00067176,,LOC0007,2025-05-13 12:15:16,Dine-in,Completed,,5550.00,0.00,888.00,6438.00,Card,missing_value
ORD00067378,CUST0049283,LOC0001,2025-05-13 19:31:37,App,Completed,,1845.00,0.00,276.75,2121.75,Online,orphan_foreign_key
ORD00067410,CUST0023591,LOC0016,1970-01-01 18:05:00,App,Completed,,3780.00,0.00,604.80,4384.80,Cash,invalid_date
ORD00067685,CUST0053928,LOC0004,,Website,Completed,PROMO007,5670.00,662.50,751.12,5758.62,Card,invalid_date
ORD00067802,CUST0013664,LOC0024,2025-05-14 18:48:54,Dine-in,Completed,,14470.00,19851.91,2315.20,16785.20,Cash,discount_exceeds_subtotal
ORD00068280,CUST0017220,LOC0015,2025-05-15 18:43:46,Dine-in,Completed,,2740.00,0.00,438.40,3178.40,Cash,orphan_foreign_key
ORD00068646,,LOC0018,2025-05-16 13:29:32,Takeaway,Completed,,6880.00,0.00,1100.80,7980.80,Wallet,missing_value
ORD00068852,CUST5926429,LOC0015,2025-05-16 19:11:44,Dine-in,Completed,,6060.00,0.00,969.60,7029.60,Cash,orphan_foreign_key
ORD00068893,CUST0021634,LOC0016,2099-12-31 12:58:00,App,Completed,PROMO007,3210.00,67.50,502.80,3645.30,Cash,invalid_date
ORD00068930,,LOC0014,2025-05-16 20:24:03,ThirdPartyDelivery,Completed,,3220.00,0.00,483.00,3703.00,Online,missing_value
ORD00069000,CUST6222128,LOC0002,2025-05-16 21:12:24,ThirdPartyDelivery,Completed,PROMO007,4570.00,540.00,604.50,4634.50,Cash,orphan_foreign_key
ORD00069309,,LOC0019,2025-05-17 13:37:31,Takeaway,Completed,,5470.00,0.00,875.20,6345.20,Cash,missing_value
ORD00069556,CUST0052425,LOC0025,,Dine-in,Completed,,3100.00,0.00,465.00,3565.00,Card,invalid_date
ORD00069708,,LOC0010,2025-05-17 21:56:28,Dine-in,Completed,,5880.00,0.00,940.80,6820.80,Wallet,missing_value
ORD00069724,CUST0006630,LOC0003,2025-05-17 22:08:52,App,Completed,,6380.00,0.00,957.00,7337.00,Online,orphan_foreign_key
ORD00070004,,LOC0007,2025-05-18 14:51:58,ThirdPartyDelivery,Completed,,4970.00,0.00,795.20,5765.20,Cash,missing_value
ORD00070030,CUST0005274,LOC0003,2025-05-18 16:20:31,Takeaway,Completed,,2600.00,0.00,390.00,2990.00,Card,orphan_foreign_key
ORD00070132,CUST0046291,LOC0020,2025-05-18 19:29:10,Dine-in,Completed,,8080.00,0.00,1212.00,9292.00,Card,orphan_foreign_key
ORD00070257,CUST0003773,LOC0015,2025-05-18 21:01:13,Dine-in,Completed,,7660.00,0.00,1225.60,8885.60,Cash,orphan_foreign_key
ORD00070272,,LOC0018,2025-05-18 21:10:18,Dine-in,Completed,,11720.00,0.00,1875.20,13595.20,Card,missing_value
ORD00070997,,LOC0023,2025-05-20 16:29:01,Website,Completed,,3590.00,0.00,538.50,4128.50,Card,missing_value
ORD00071066,CUST0008282,LOC0011,2025-05-20 19:20:26,App,Completed,,1660.00,2490.33,265.60,1925.60,Online,discount_exceeds_subtotal
ORD00071121,CUST6005096,LOC0003,2025-05-20 20:31:40,App,Completed,,5045.00,0.00,756.75,5801.75,Online,orphan_foreign_key
ORD00071218,,LOC0001,2025-05-20 22:48:35,Takeaway,Completed,,2670.00,0.00,400.50,3070.50,Cash,missing_value
ORD00071621,CUST0033959,LOC0015,2099-12-31 22:56:00,ThirdPartyDelivery,Completed,,4780.00,0.00,764.80,5544.80,Online,invalid_date
ORD00071707,CUST0053814,LOC0015,2025-05-22 12:22:52,Takeaway,Completed,PROMO007,10230.00,24553.97,1604.40,11631.90,Card,discount_exceeds_subtotal
ORD00071960,CUST0042424,LOC0017,2025-05-22 20:11:27,ThirdPartyDelivery,Completed,,4610.00,0.00,737.60,5347.60,Online,orphan_foreign_key
ORD00072031,CUST0040140,LOC0001,2025-05-22 21:30:38,ThirdPartyDelivery,Completed,,4070.00,0.00,610.50,4680.50,Cash,orphan_foreign_key
ORD00072208,CUST0040275,LOC8892,2025-05-23 13:18:57,App,Completed,,5215.00,0.00,834.40,6049.40,Online,invalid_restaurant_id
ORD00072589,CUST0024895,LOC0013,2025-05-23 21:38:09,Takeaway,Completed,,3090.00,0.00,463.50,3553.50,Wallet,orphan_foreign_key
ORD00073002,CUST0014191,LOC0004,2025-05-24 17:37:25,ThirdPartyDelivery,Completed,,4210.00,0.00,631.50,4841.50,Cash,orphan_foreign_key
ORD00073054,CUST9649272,LOC0014,2025-05-24 19:14:47,Takeaway,Completed,,7530.00,0.00,1129.50,8659.50,Cash,orphan_foreign_key
ORD00073119,,LOC0014,2025-05-24 20:02:25,Dine-in,Completed,,5640.00,0.00,846.00,6486.00,Cash,missing_value
ORD00073321,CUST0029685,LOC0022,2025-05-24 22:30:42,App,Completed,,2360.00,3073.22,354.00,2714.00,Online,discount_exceeds_subtotal
ORD00073550,CUST0022714,LOC0009,,Dine-in,Completed,,8495.00,0.00,1359.20,9854.20,Card,invalid_date
ORD00073862,CUST6376196,LOC0020,2025-05-25 21:39:50,ThirdPartyDelivery,Completed,,3450.00,0.00,517.50,3967.50,Cash,orphan_foreign_key
ORD00073935,CUST0014253,LOC0019,2025-05-25 23:05:13,Dine-in,Completed,,13850.00,0.00,2216.00,16066.00,Card,orphan_foreign_key
ORD00074074,CUST0000713,LOC0004,2025-05-26 13:43:55,App,Completed,,1220.00,1891.91,183.00,1403.00,Card,discount_exceeds_subtotal
ORD00074236,CUST0046638,LOC0003,2025-05-26 19:28:33,Dine-in,Completed,,11200.00,0.00,1680.00,12880.00,Cash,orphan_foreign_key
ORD00074286,CUST3499679,LOC0023,2025-05-26 20:43:06,App,Cancelled,,3945.00,0.00,591.75,4536.75,Online,orphan_foreign_key
ORD00074300,CUST0930160,LOC0006,2025-05-26 20:56:12,Takeaway,Completed,,5220.00,0.00,783.00,6003.00,Cash,orphan_foreign_key
ORD00074364,CUST0009622,LOC0016,2025-05-26 21:47:49,App,Completed,,9620.00,16237.34,1539.20,11159.20,Wallet,discount_exceeds_subtotal
ORD00074534,CUST0051601,LOC0013,2031-07-22 17:19:00,Dine-in,Completed,,6750.00,0.00,1012.50,7762.50,Card,invalid_date
ORD00074703,CUST0001753,LOC0018,,Takeaway,Completed,,4930.00,0.00,788.80,5718.80,Cash,invalid_date
ORD00075041,CUST0014240,LOC0018,2025-05-28 18:09:01,Dine-in,Completed,,5830.00,14208.21,932.80,6762.80,Cash,discount_exceeds_subtotal
ORD00075683,CUST0048911,LOC0019,2025-05-29 22:00:18,App,Completed,,7280.00,0.00,1164.80,8444.80,Wallet,orphan_foreign_key
ORD00076169,,LOC0001,2025-05-30 20:46:57,Takeaway,Completed,,6540.00,0.00,981.00,7521.00,Cash,missing_value
ORD00076214,CUST0002007,LOC0011,2025-05-30 21:26:35,App,Completed,PROMO007,8860.00,13992.99,1356.40,9833.90,Wallet,discount_exceeds_subtotal
ORD00076225,,LOC0020,2025-05-30 21:34:27,Dine-in,Completed,,11780.00,0.00,1767.00,13547.00,Card,missing_value
ORD00076293,CUST2502212,LOC0010,2025-05-30 22:42:58,Website,Completed,,3740.00,0.00,598.40,4338.40,Online,orphan_foreign_key
ORD00076321,CUST0009083,LOC7746,2025-05-30 23:20:10,Dine-in,Completed,,6490.00,0.00,973.50,7463.50,Card,invalid_restaurant_id
ORD00077366,CUST0020334,LOC0023,2025-06-01 19:56:59,Website,Completed,,3890.00,0.00,583.50,4473.50,Online,orphan_foreign_key
ORD00077489,CUST0020390,LOC0003,2025-06-01 21:39:25,Dine-in,Completed,,9245.00,0.00,1386.75,10631.75,Card,orphan_foreign_key
ORD00077632,,LOC0015,2025-06-02 12:28:29,Dine-in,Completed,,9000.00,0.00,1440.00,10440.00,Card,missing_value
ORD00077678,CUST0030298,LOC0012,,Dine-in,Completed,PROMO007,6955.00,26.25,1039.31,7968.06,Cash,invalid_date
ORD00077969,CUST0003659,LOC0004,2027-11-05 13:12:00,Dine-in,Completed,,11510.00,0.00,1726.50,13236.50,Cash,invalid_date
ORD00078206,CUST0051340,LOC0004,2025-06-03 19:36:53,Dine-in,Completed,,6250.00,14375.25,937.50,7187.50,Card,discount_exceeds_subtotal
ORD00078250,CUST0032781,LOC0004,,App,Completed,,3770.00,0.00,565.50,4335.50,Online,invalid_date
ORD00078296,CUST0045130,LOC0023,2025-06-03 21:51:31,Website,Completed,,9980.00,0.00,1497.00,11477.00,Card,orphan_foreign_key
ORD00078344,CUST0038524,LOC0005,,ThirdPartyDelivery,Cancelled,PROMO007,6400.00,292.50,916.12,7023.62,Online,invalid_date
ORD00079612,CUST0025081,LOC0013,2031-07-22 13:57:00,Takeaway,Completed,,3710.00,0.00,556.50,4266.50,Wallet,invalid_date
ORD00079779,,LOC0023,2025-06-07 12:38:28,App,Completed,,4300.00,0.00,645.00,4945.00,Online,missing_value
ORD00079939,CUST0049896,LOC0020,,Website,Completed,,5560.00,0.00,834.00,6394.00,Wallet,invalid_date
ORD00080122,CUST0032407,LOC0010,2025-06-07 22:40:27,Dine-in,Completed,PROMO007,10970.00,705.00,1642.40,11907.40,Card,orphan_foreign_key
ORD00080201,,LOC0007,2025-06-08 12:11:40,App,Completed,,5790.00,0.00,926.40,6716.40,Card,missing_value
ORD00080465,,LOC0002,2025-06-08 19:10:10,App,Completed,,6350.00,0.00,952.50,7302.50,Cash,missing_value
ORD00080673,CUST0022419,LOC0025,2025-06-08 23:01:08,Takeaway,Completed,,7830.00,0.00,1174.50,9004.50,Cash,orphan_foreign_key
ORD00080727,CUST0050761,LOC0015,2025-06-09 12:00:52,Takeaway,Completed,,6110.00,0.00,977.60,7087.60,Card,orphan_foreign_key
ORD00081522,CUST0010662,LOC5889,2025-06-10 21:23:56,Takeaway,Completed,,6940.00,0.00,1110.40,8050.40,Cash,invalid_restaurant_id
ORD00081613,CUST0048369,LOC0008,,Dine-in,Completed,,11970.00,0.00,1915.20,13885.20,Card,invalid_date
ORD00081738,,LOC0015,2025-06-11 14:09:59,Dine-in,Completed,,7160.00,0.00,1145.60,8305.60,Card,missing_value
ORD00081962,CUST0033324,LOC0025,2025-06-11 21:34:53,Dine-in,Completed,,12605.00,0.00,1890.75,14495.75,Card,orphan_foreign_key
ORD00082109,CUST8428341,LOC0015,2025-06-12 13:11:20,App,Completed,PROMO010,7530.00,117.00,1186.08,8599.08,Online,orphan_foreign_key
ORD00082588,CUST3487477,LOC0004,2025-06-13 13:01:38,App,Completed,,10720.00,0.00,1608.00,12328.00,Online,orphan_foreign_key
ORD00082709,,LOC0001,2025-06-13 14:50:56,Website,Completed,,5035.00,0.00,755.25,5790.25,Card,missing_value
ORD00082881,CUST0046994,LOC0002,2025-06-13 20:21:23,Takeaway,Completed,,7360.00,12957.43,1104.00,8464.00,Cash,discount_exceeds_subtotal
ORD00082924,CUST0042424,LOC0017,2025-06-13 20:51:59,Dine-in,Completed,,3570.00,0.00,571.20,4141.20,Card,orphan_foreign_key
ORD00082974,CUST0010669,LOC0007,2025-06-13 21:36:37,Website,Completed,,5990.00,13984.98,958.40,6948.40,Online,discount_exceeds_subtotal
ORD00083023,,LOC0005,2025-06-13 22:15:12,ThirdPartyDelivery,Completed,,4030.00,0.00,604.50,4634.50,Cash,missing_value
ORD00083274,,LOC0001,2025-06-14 13:57:05,Takeaway,Completed,PROMO007,7370.00,152.50,1082.62,8300.12,Card,missing_value
ORD00083435,,LOC0014,2025-06-14 18:36:15,Website,Completed,,2050.00,0.00,307.50,2357.50,Online,missing_value
ORD00083685,CUST7061787,LOC0023,2025-06-14 22:03:03,App,Completed,,4015.00,0.00,602.25,4617.25,Online,orphan_foreign_key
ORD00083760,,LOC0013,2025-06-15 00:05:18,Dine-in,Completed,,9060.00,0.00,1359.00,10419.00,Cash,missing_value
ORD00084020,CUST0046615,LOC0005,2031-07-22 17:02:00,Dine-in,Completed,,2840.00,0.00,426.00,3266.00,Card,invalid_date
ORD00084118,,LOC0025,2025-06-15 19:36:04,Takeaway,Completed,,1875.00,0.00,281.25,2156.25,Cash,missing_value
ORD00084510,,LOC0019,2025-06-16 14:31:27,Takeaway,Completed,,4610.00,0.00,737.60,5347.60,Card,missing_value
ORD00084971,CUST0053934,LOC0021,2025-06-17 15:31:11,Dine-in,Completed,,2300.00,3630.03,345.00,2645.00,Cash,discount_exceeds_subtotal
ORD00085054,CUST6223628,LOC0004,2025-06-17 19:10:27,App,Completed,PROMO010,1905.00,126.00,266.85,2045.85,Online,orphan_foreign_key
ORD00085060,CUST0028360,LOC0016,2025-06-17 19:17:49,App,Completed,,645.00,0.00,103.20,748.20,Online,orphan_foreign_key
ORD00085136,CUST0011232,LOC0023,2025-06-17 20:57:59,ThirdPartyDelivery,Completed,,2300.00,0.00,345.00,2645.00,Online,orphan_foreign_key
ORD00085278,,LOC0013,2025-06-18 12:30:39,Takeaway,Cancelled,,5040.00,0.00,756.00,5796.00,Wallet,missing_value
ORD00085354,,LOC0008,2025-06-18 13:50:38,Website,Cancelled,,2510.00,0.00,401.60,2911.60,Wallet,missing_value
ORD00085395,CUST0051041,LOC0005,2025-06-18 14:41:50,App,Completed,,7040.00,0.00,1056.00,8096.00,Wallet,orphan_foreign_key
ORD00085526,CUST0037196,LOC0017,2025-06-18 19:46:38,Dine-in,Completed,PROMO007,5605.00,10678.49,892.60,6471.35,Card,discount_exceeds_subtotal
ORD00086247,CUST0046454,LOC0012,2025-06-20 16:02:18,Website,Completed,PROMO007,4840.00,127.50,706.88,5419.38,Card,orphan_foreign_key
ORD00086257,CUST0425687,LOC0018,2025-06-20 16:35:31,Takeaway,Completed,,2100.00,0.00,336.00,2436.00,Card,orphan_foreign_key
ORD00086846,,LOC0007,2025-06-21 19:13:16,Website,Completed,PROMO007,6490.00,240.00,1000.00,7250.00,Card,missing_value
ORD00086991,CUST0002817,LOC2309,2025-06-21 21:19:44,App,Completed,,5005.00,0.00,750.75,5755.75,Card,invalid_restaurant_id
ORD00087061,,LOC0005,2025-06-21 22:38:17,App,Completed,PROMO007,2600.00,112.50,373.12,2860.62,Online,missing_value
ORD00087154,CUST0048538,LOC0140,2025-06-22 12:04:26,ThirdPartyDelivery,Completed,,10690.00,0.00,1603.50,12293.50,Online,invalid_restaurant_id
ORD00087793,CUST0001313,LOC0007,2025-06-23 14:04:11,ThirdPartyDelivery,Completed,PROMO007,1410.00,2904.81,212.40,1539.90,Online,discount_exceeds_subtotal
ORD00088223,CUST5349225,LOC0024,2025-06-24 18:23:29,ThirdPartyDelivery,Completed,,8290.00,0.00,1326.40,9616.40,Cash,orphan_foreign_key
ORD00088324,,LOC0008,2025-06-24 20:44:22,Dine-in,Completed,,6465.00,0.00,1034.40,7499.40,Card,missing_value
ORD00088523,,LOC0005,2025-06-25 13:51:06,Takeaway,Completed,,6880.00,0.00,1032.00,7912.00,Cash,missing_value
ORD00088637,CUST0006630,LOC0003,2025-06-25 19:04:29,App,Completed,PROMO007,12675.00,601.25,1811.06,13884.81,Online,orphan_foreign_key
ORD00088778,CUST0043348,LOC0024,2025-06-25 22:35:17,Takeaway,Completed,,6055.00,0.00,968.80,7023.80,Cash,orphan_foreign_key
ORD00089431,,LOC0009,2025-06-27 18:06:13,Dine-in,Completed,,5850.00,0.00,936.00,6786.00,Cash,missing_value
ORD00089678,CUST2844735,LOC0007,2025-06-27 23:18:43,ThirdPartyDelivery,Completed,PROMO007,2030.00,40.00,318.40,2308.40,Online,orphan_foreign_key
ORD00089728,,LOC0014,2025-06-28 11:32:46,Dine-in,Completed,,6330.00,0.00,949.50,7279.50,Wallet,missing_value
ORD00090280,,LOC0008,2025-06-29 12:32:08,Dine-in,Completed,PROMO007,10380.00,397.50,1597.20,11579.70,Card,missing_value
ORD00090479,,LOC0022,2025-06-29 18:50:45,Takeaway,Completed,PROMO007,5365.00,963.75,660.19,5061.44,Cash,missing_value
ORD00090769,CUST0006607,LOC0016,2025-06-30 11:32:43,Dine-in,Completed,,10830.00,0.00,1732.80,12562.80,Cash,orphan_foreign_key
ORD00090787,CUST0007408,LOC0018,2025-06-30 12:20:45,Website,Completed,,3455.00,0.00,552.80,4007.80,Online,orphan_foreign_key
ORD00090790,,LOC0012,2025-06-30 12:29:22,Dine-in,Completed,,8640.00,0.00,1296.00,9936.00,Card,missing_value
ORD00091246,,LOC0013,2025-07-01 12:48:48,Dine-in,Completed,,7600.00,0.00,1140.00,8740.00,Cash,missing_value
ORD00091433,CUST0130605,LOC0012,2025-07-01 19:41:27,Dine-in,Completed,,8650.00,0.00,1297.50,9947.50,Card,orphan_foreign_key
ORD00091576,CUST0047596,LOC0008,2025-07-01 23:03:10,App,Completed,,5340.00,6775.23,854.40,6194.40,Online,discount_exceeds_subtotal
ORD00091700,CUST9508918,LOC0007,2025-07-02 13:19:21,Takeaway,Completed,,6085.00,0.00,973.60,7058.60,Cash,orphan_foreign_key
ORD00091759,CUST0036425,LOC0020,,ThirdPartyDelivery,Completed,,4070.00,0.00,610.50,4680.50,Online,invalid_date
ORD00091926,CUST0007132,LOC0003,2025-07-02 21:26:13,Dine-in,Completed,,11920.00,0.00,1788.00,13708.00,Card,orphan_foreign_key
ORD00091946,CUST0042337,LOC0021,2025-07-02 21:55:46,Dine-in,Completed,PROMO011,9620.00,17520.48,1413.00,10833.00,Cash,discount_exceeds_subtotal
ORD00092093,CUST0019696,LOC0023,2025-07-03 13:19:29,App,Completed,,10370.00,23909.56,1555.50,11925.50,Online,discount_exceeds_subtotal
ORD00092216,CUST2909015,LOC0010,2025-07-03 18:44:12,ThirdPartyDelivery,Completed,,6040.00,0.00,966.40,7006.40,Cash,orphan_foreign_key
ORD00092511,CUST0040140,LOC0020,2025-07-04 12:59:39,App,Completed,,6100.00,0.00,915.00,7015.00,Online,orphan_foreign_key
ORD00092849,CUST5221807,LOC0024,2025-07-04 20:43:41,Takeaway,Completed,PROMO011,5990.00,200.00,926.40,6716.40,Card,orphan_foreign_key
ORD00093135,CUST9355771,LOC0008,2025-07-05 13:07:39,App,Completed,,5280.00,0.00,844.80,6124.80,Online,orphan_foreign_key
ORD00093166,CUST0031885,LOC0014,,Dine-in,Completed,,5630.00,0.00,844.50,6474.50,Cash,invalid_date
ORD00093200,CUST0052755,LOC0015,2025-07-05 14:02:48,Dine-in,Completed,,6750.00,0.00,1080.00,7830.00,Card,orphan_foreign_key
ORD00093233,CUST0043990,LOC0018,2025-07-05 14:58:23,ThirdPartyDelivery,Completed,,12980.00,0.00,2076.80,15056.80,Online,orphan_foreign_key
ORD00093245,CUST0017142,LOC0001,2025-07-05 15:38:57,Website,Cancelled,PROMO011,11750.00,22575.27,1732.50,13282.50,Online,discount_exceeds_subtotal
ORD00093312,CUST0012582,LOC0006,2025-07-05 18:12:31,Dine-in,Completed,,4790.00,0.00,718.50,5508.50,Cash,orphan_foreign_key
ORD00093381,,LOC0008,2025-07-05 19:27:02,Takeaway,Completed,PROMO011,7380.00,200.00,1148.80,8328.80,Cash,missing_value
ORD00093562,CUST0033324,LOC0025,2025-07-05 22:28:23,Takeaway,Completed,,10810.00,0.00,1621.50,12431.50,Cash,orphan_foreign_key
ORD00093810,,LOC0024,2025-07-06 16:36:19,Takeaway,Completed,,17460.00,0.00,2793.60,20253.60,Cash,missing_value
ORD00094164,CUST0036377,LOC0020,2025-07-07 11:28:06,Dine-in,Completed,,4740.00,0.00,711.00,5451.00,Wallet,orphan_foreign_key
ORD00094379,CUST0006707,LOC0011,2025-07-07 19:47:21,App,Completed,PROMO011,3235.00,200.00,485.60,3520.60,Online,orphan_foreign_key
ORD00094487,CUST0030792,LOC0016,2025-07-07 22:11:24,Website,Completed,PROMO011,1930.00,200.00,276.80,2006.80,Card,orphan_foreign_key
ORD00094674,CUST1955225,LOC0011,2025-07-08 14:38:13,Dine-in,Completed,PROMO011,7550.00,200.00,1176.00,8526.00,Wallet,orphan_foreign_key
ORD00094917,,LOC0005,2025-07-08 23:51:43,Dine-in,Completed,PROMO011,11020.00,200.00,1623.00,12443.00,Cash,missing_value
ORD00095018,CUST0034879,LOC0011,2025-07-09 13:44:13,Website,Completed,,4790.00,11306.65,766.40,5556.40,Card,discount_exceeds_subtotal
ORD00095160,CUST0000690,LOC0015,2025-07-09 20:07:40,Dine-in,Completed,,5380.00,0.00,860.80,6240.80,Card,orphan_foreign_key
ORD00095518,CUST8388878,LOC0003,2025-07-10 18:53:16,Dine-in,Completed,,2755.00,0.00,413.25,3168.25,Card,orphan_foreign_key
ORD00095577,CUST9476429,LOC0018,2025-07-10 19:58:08,App,Completed,,4340.00,0.00,694.40,5034.40,Card,orphan_foreign_key
ORD00095584,CUST0015001,LOC0014,2025-07-10 20:04:39,Takeaway,Completed,PROMO011,2160.00,5360.10,294.00,2254.00,Wallet,discount_exceeds_subtotal
ORD00096183,CUST8243102,LOC0023,2025-07-11 21:07:27,Dine-in,Completed,,2580.00,0.00,387.00,2967.00,Wallet,orphan_foreign_key
ORD00096844,CUST0014322,LOC0021,2025-07-12 21:55:31,Dine-in,Completed,,3410.00,7898.14,511.50,3921.50,Cash,discount_exceeds_subtotal
ORD00097014,CUST0004444,LOC0020,2025-07-13 12:48:45,App,Completed,,2520.00,0.00,378.00,2898.00,Wallet,orphan_foreign_key
ORD00097037,,LOC0019,2025-07-13 13:15:10,Website,Completed,,9650.00,0.00,1544.00,11194.00,Online,missing_value
ORD00097115,CUST4463367,LOC0016,2025-07-13 14:31:29,App,Completed,,9210.00,0.00,1473.60,10683.60,Online,orphan_foreign_key
ORD00097199,,LOC0002,2025-07-13 18:03:23,Dine-in,Completed,,8760.00,0.00,1314.00,10074.00,Cash,missing_value
ORD00097479,CUST0030152,LOC0016,2025-07-13 22:57:52,Dine-in,Completed,,6695.00,0.00,1071.20,7766.20,Wallet,orphan_foreign_key
ORD00097719,CUST0013394,LOC0016,2025-07-14 19:02:59,Takeaway,Completed,,2855.00,0.00,456.80,3311.80,Cash,orphan_foreign_key
ORD00097904,,LOC0019,2025-07-14 23:50:44,ThirdPartyDelivery,Cancelled,PROMO011,8630.00,200.00,1348.80,9778.80,Online,missing_value
ORD00097924,CUST0022023,LOC0025,,Dine-in,Completed,,7850.00,0.00,1177.50,9027.50,Wallet,invalid_date
ORD00097999,CUST0019382,LOC0017,,App,Cancelled,,590.00,0.00,94.40,684.40,Online,invalid_date
ORD00098093,CUST0026364,LOC0003,2025-07-15 17:37:06,Dine-in,Completed,PROMO011,7160.00,12605.52,1044.00,8004.00,Card,discount_exceeds_subtotal
ORD00098399,,LOC0020,2025-07-16 14:08:13,Dine-in,Completed,,2285.00,0.00,342.75,2627.75,Card,missing_value
ORD00098724,CUST4772981,LOC0019,2025-07-17 13:17:58,Dine-in,Completed,,5870.00,0.00,939.20,6809.20,Cash,orphan_foreign_key
ORD00098822,CUST0009295,LOC0023,,Website,Completed,,5940.00,0.00,891.00,6831.00,Wallet,invalid_date
ORD00099137,CUST0016030,LOC5589,2025-07-18 12:12:05,Takeaway,Completed,,4430.00,0.00,708.80,5138.80,Cash,invalid_restaurant_id
ORD00099174,CUST0027811,LOC0008,2025-07-18 12:52:18,Dine-in,Completed,,8770.00,14421.20,1403.20,10173.20,Card,discount_exceeds_subtotal
ORD00099448,CUST0011341,LOC0017,2025-07-18 20:22:27,App,Completed,,7770.00,0.00,1243.20,9013.20,Online,orphan_foreign_key
ORD00099474,CUST0048272,LOC0003,2025-07-18 20:48:46,Dine-in,Completed,,10460.00,0.00,1569.00,12029.00,Wallet,orphan_foreign_key
ORD00099524,,LOC0013,2025-07-18 21:57:57,Takeaway,Completed,,10440.00,0.00,1566.00,12006.00,Cash,missing_value
ORD00099577,CUST3860468,LOC0008,2025-07-18 22:57:10,App,Completed,PROMO011,6140.00,200.00,950.40,6890.40,Card,orphan_foreign_key
ORD00099845,,LOC0020,2025-07-19 16:30:53,App,Completed,PROMO011,3620.00,199.99,513.00,3933.01,Online,missing_value
ORD00100227,CUST0019150,LOC2465,2025-07-20 10:42:13,App,Completed,,7300.00,0.00,1168.00,8468.00,Cash,invalid_restaurant_id
ORD00100443,CUST0050314,LOC3846,2025-07-20 17:20:37,App,Completed,PROMO011,2170.00,200.00,315.20,2285.20,Wallet,invalid_restaurant_id
ORD00100475,CUST8115483,LOC0018,2025-07-20 18:43:48,Takeaway,Completed,,4435.00,0.00,709.60,5144.60,Card,orphan_foreign_key
ORD00100548,CUST0039895,LOC0009,2025-07-20 20:04:28,Takeaway,Completed,,2480.00,0.00,396.80,2876.80,Cash,orphan_foreign_key
ORD00100561,CUST0030881,LOC0014,2027-11-05 10:32:00,Dine-in,Completed,PROMO011,9210.00,200.00,1351.50,10361.50,Cash,invalid_date
ORD00100753,,LOC0004,2025-07-21 00:40:41,Takeaway,Completed,PROMO011,2320.00,200.00,318.00,2438.00,Wallet,missing_value
ORD00101025,,LOC0003,2025-07-21 20:13:55,Dine-in,Completed,,3515.00,0.00,527.25,4042.25,Cash,missing_value
ORD00101045,CUST0047676,LOC0018,2025-07-21 20:42:15,Takeaway,Completed,,1645.00,0.00,263.20,1908.20,Card,orphan_foreign_key
ORD00101140,,LOC0014,2025-07-21 23:30:54,Dine-in,Completed,,3980.00,0.00,597.00,4577.00,Card,missing_value
ORD00101296,,LOC0004,2025-07-22 14:36:15,Dine-in,Completed,,5530.00,0.00,829.50,6359.50,Cash,missing_value
ORD00101364,CUST0000631,LOC0022,2031-07-22 11:59:00,Website,Completed,PROMO011,4520.00,200.00,648.00,4968.00,Online,invalid_date
ORD00101553,CUST0034849,LOC0008,2025-07-23 12:01:14,Website,Cancelled,,4330.00,7525.38,692.80,5022.80,Card,discount_exceeds_subtotal
ORD00101771,CUST0006687,LOC0014,2025-07-23 19:49:48,Dine-in,Completed,,4285.00,9202.03,642.75,4927.75,Card,discount_exceeds_subtotal
ORD00102026,CUST0023497,LOC0003,2025-07-24 13:45:48,ThirdPartyDelivery,Completed,,4670.00,9905.31,700.50,5370.50,Cash,discount_exceeds_subtotal
ORD00102277,,LOC0003,2025-07-24 22:10:28,Takeaway,Completed,,1990.00,0.00,298.50,2288.50,Card,missing_value
ORD00102318,CUST0038406,LOC0025,2025-07-25 08:58:12,Dine-in,Completed,PROMO011,3995.00,200.00,569.25,4364.25,Cash,orphan_foreign_key
ORD00102699,CUST0018071,LOC0621,2025-07-25 20:58:20,App,Completed,PROMO011,3460.00,200.00,521.60,3781.60,Online,invalid_restaurant_id
ORD00102730,CUST0008918,LOC0013,2025-07-25 21:29:43,Dine-in,Completed,,5945.00,9704.49,891.75,6836.75,Card,discount_exceeds_subtotal
ORD00102746,CUST0001666,LOC0003,2025-07-25 21:45:01,App,Completed,,6140.00,11018.21,921.00,7061.00,Online,discount_exceeds_subtotal
ORD00102802,CUST0017194,LOC0004,2025-07-25 23:06:17,App,Completed,,4020.00,0.00,603.00,4623.00,Online,orphan_foreign_key
ORD00103091,CUST0003148,LOC5691,2025-07-26 18:12:42,Dine-in,Completed,PROMO011,3630.00,200.00,514.50,3944.50,Wallet,invalid_restaurant_id
ORD00103128,CUST0032813,LOC7212,2025-07-26 19:11:50,Dine-in,Completed,PROMO011,3860.00,200.00,549.00,4209.00,Wallet,invalid_restaurant_id
ORD00103180,CUST0043889,LOC0021,2025-07-26 20:06:08,Dine-in,Completed,,8880.00,15735.60,1332.00,10212.00,Cash,discount_exceeds_subtotal
ORD00103198,CUST5981693,LOC0022,2025-07-26 20:19:46,App,Completed,PROMO011,2860.00,200.00,399.00,3059.00,Online,orphan_foreign_key
ORD00103424,,LOC0003,2025-07-27 11:29:24,Dine-in,Completed,,7330.00,0.00,1099.50,8429.50,Cash,missing_value
ORD00103877,CUST0020641,LOC0005,2025-07-27 21:59:00,Website,Completed,,1970.00,0.00,295.50,2265.50,Online,orphan_foreign_key
ORD00104080,,LOC0006,2025-07-28 14:40:51,Dine-in,Completed,,8665.00,0.00,1299.75,9964.75,Cash,missing_value
ORD00104304,CUST0053483,LOC0003,2025-07-28 22:43:28,Takeaway,Completed,,2605.00,0.00,390.75,2995.75,Wallet,orphan_foreign_key
ORD00104354,CUST0000945,LOC0023,1970-01-01 15:13:00,Takeaway,Completed,,8140.00,0.00,1221.00,9361.00,Cash,invalid_date
ORD00105336,,LOC0024,2025-07-31 20:40:00,Dine-in,Completed,PROMO011,8140.00,200.00,1270.40,9210.40,Cash,missing_value
ORD00105366,CUST0011114,LOC8512,2025-07-31 21:17:41,Dine-in,Completed,,7090.00,0.00,1134.40,8224.40,Card,invalid_restaurant_id
ORD00105429,CUST0013459,LOC0004,,Dine-in,Completed,,6750.00,0.00,1012.50,7762.50,Card,invalid_date
ORD00105815,CUST0034113,LOC0019,2027-11-05 12:36:00,ThirdPartyDelivery,Completed,PROMO012,8140.00,4070.00,651.20,4721.20,Cash,invalid_date
ORD00106122,CUST2050410,LOC0016,2025-08-01 21:33:05,ThirdPartyDelivery,Completed,,6855.00,0.00,1096.80,7951.80,Online,orphan_foreign_key
ORD00106299,,LOC0012,2025-08-02 11:03:17,ThirdPartyDelivery,Completed,,2250.00,0.00,337.50,2587.50,Cash,missing_value
ORD00106346,CUST0022419,LOC0007,2025-08-02 12:14:10,Takeaway,Completed,,2310.00,0.00,369.60,2679.60,Cash,orphan_foreign_key
ORD00106544,CUST0004444,LOC0011,2025-08-02 13:59:32,App,Completed,,5190.00,0.00,830.40,6020.40,Cash,orphan_foreign_key
ORD00106589,CUST0028711,LOC3487,2025-08-02 14:45:34,Website,Completed,,9880.00,0.00,1482.00,11362.00,Online,invalid_restaurant_id
ORD00106669,,LOC0017,2025-08-02 17:25:06,Dine-in,Completed,,6055.00,0.00,968.80,7023.80,Card,missing_value
ORD00106971,CUST0028879,LOC0011,2025-08-02 21:20:19,Dine-in,Completed,,5970.00,7599.18,955.20,6925.20,Cash,discount_exceeds_subtotal
ORD00107082,CUST8744855,LOC0016,2025-08-02 22:24:51,App,Completed,,7520.00,0.00,1203.20,8723.20,Online,orphan_foreign_key
ORD00107115,CUST0000852,LOC0008,2025-08-02 22:48:27,Website,Completed,PROMO012,4300.00,780.00,563.20,4083.20,Online,orphan_foreign_key
ORD00107222,CUST0020760,LOC0019,2031-07-22 17:35:00,Dine-in,Completed,PROMO012,8400.00,1220.00,1148.80,8328.80,Cash,invalid_date
ORD00107335,CUST0018595,LOC1821,2025-08-03 13:16:48,Dine-in,Completed,,7990.00,0.00,1278.40,9268.40,Cash,invalid_restaurant_id
ORD00107422,CUST0039743,LOC0013,1900-01-01 21:02:00,ThirdPartyDelivery,Completed,,6540.00,0.00,981.00,7521.00,Cash,invalid_date
ORD00107423,CUST0032748,LOC0012,2025-08-03 14:27:59,Dine-in,Completed,PROMO012,15870.00,22898.04,1326.00,10166.00,Cash,discount_exceeds_subtotal
ORD00107985,CUST0052901,LOC0023,2025-08-04 12:16:46,ThirdPartyDelivery,Completed,PROMO012,13970.00,4450.00,1428.00,10948.00,Online,orphan_foreign_key
ORD00108397,CUST0041478,LOC2353,2025-08-04 21:38:33,App,Completed,,5895.00,0.00,943.20,6838.20,Cash,invalid_restaurant_id
ORD00108434,,LOC0010,2025-08-04 22:17:57,Dine-in,Completed,PROMO012,6960.00,2540.00,707.20,5127.20,Cash,missing_value
ORD00108600,CUST0023844,LOC0011,2025-08-05 13:09:41,Dine-in,Completed,,3780.00,8372.98,604.80,4384.80,Card,discount_exceeds_subtotal
ORD00108794,CUST0016087,LOC0009,2099-12-31 16:01:00,App,Completed,,8220.00,0.00,1315.20,9535.20,Online,invalid_date
ORD00109123,CUST0052543,LOC0008,2025-08-06 12:46:00,Dine-in,Completed,,6865.00,0.00,1098.40,7963.40,Cash,orphan_foreign_key
ORD00109165,CUST0024897,LOC0010,2025-08-06 13:29:20,App,Completed,,8520.00,0.00,1363.20,9883.20,Online,orphan_foreign_key
ORD00109185,CUST0024892,LOC0006,2025-08-06 13:47:24,Dine-in,Completed,,8540.00,11854.58,1281.00,9821.00,Card,discount_exceeds_subtotal
ORD00109391,CUST0045852,LOC0005,2027-11-05 19:14:00,ThirdPartyDelivery,Completed,,6120.00,0.00,918.00,7038.00,Cash,invalid_date
ORD00109477,,LOC0018,2025-08-06 21:11:35,App,Completed,PROMO012,14850.00,6440.00,1345.60,9755.60,Online,missing_value
ORD00109761,,LOC0007,2025-08-07 13:54:37,Dine-in,Completed,,8180.00,0.00,1308.80,9488.80,Cash,missing_value
ORD00109818,CUST0049357,LOC0024,2025-08-07 14:58:44,Dine-in,Completed,PROMO012,11310.00,730.00,1692.80,12272.80,Wallet,orphan_foreign_key
ORD00110559,,LOC0010,2025-08-08 18:28:03,App,Completed,PROMO012,5730.00,1530.00,672.00,4872.00,Card,missing_value
ORD00110955,CUST0024162,LOC0017,2025-08-09 00:08:53,Dine-in,Completed,,4000.00,0.00,640.00,4640.00,Cash,orphan_foreign_key
ORD00111331,,LOC0013,2025-08-09 17:21:27,App,Completed,,6840.00,0.00,1026.00,7866.00,Online,missing_value
ORD00111390,CUST8540552,LOC0019,2025-08-09 18:35:32,ThirdPartyDelivery,Cancelled,,5690.00,0.00,910.40,6600.40,Online,orphan_foreign_key
ORD00111442,CUST2669151,LOC0003,2025-08-09 19:14:30,ThirdPartyDelivery,Completed,,3625.00,0.00,543.75,4168.75,Online,orphan_foreign_key
ORD00111543,CUST0053853,LOC0014,2025-08-09 20:13:41,Dine-in,Completed,PROMO012,13930.00,4790.00,1371.00,10511.00,Card,orphan_foreign_key
ORD00111623,CUST8285000,LOC0010,2025-08-09 21:07:55,Takeaway,Completed,,7710.00,0.00,1233.60,8943.60,Cash,orphan_foreign_key
ORD00111702,CUST5533533,LOC0005,2025-08-09 22:06:09,App,Completed,,8260.00,0.00,1239.00,9499.00,Cash,orphan_foreign_key
ORD00111724,CUST0019864,LOC0018,2025-08-09 22:20:03,App,Completed,PROMO012,6840.00,10533.92,705.60,5115.60,Card,discount_exceeds_subtotal
ORD00111954,CUST0006673,LOC0015,2025-08-10 12:55:42,App,Completed,PROMO012,11780.00,3180.00,1376.00,9976.00,Online,orphan_foreign_key
ORD00112195,,LOC0013,2025-08-10 17:22:30,ThirdPartyDelivery,Completed,,1630.00,0.00,244.50,1874.50,Online,missing_value
ORD00112262,CUST5924213,LOC0016,2025-08-10 19:03:50,Dine-in,Completed,,9915.00,0.00,1586.40,11501.40,Cash,orphan_foreign_key
ORD00112281,,LOC0007,2025-08-10 19:16:56,ThirdPartyDelivery,Completed,,8220.00,0.00,1315.20,9535.20,Online,missing_value
ORD00112313,CUST0046121,LOC2215,2025-08-10 19:38:41,Dine-in,Completed,,12680.00,0.00,2028.80,14708.80,Wallet,invalid_restaurant_id
ORD00112563,CUST0048272,LOC0012,2025-08-10 22:08:52,Dine-in,Completed,,7590.00,0.00,1138.50,8728.50,Card,orphan_foreign_key
ORD00113028,CUST0050538,LOC4272,2025-08-11 19:43:48,Dine-in,Completed,PROMO012,5340.00,1460.00,582.00,4462.00,Card,invalid_restaurant_id
ORD00113222,,LOC0008,2025-08-11 22:41:45,ThirdPartyDelivery,Cancelled,PROMO012,4550.00,1530.00,483.20,3503.20,Cash,missing_value
ORD00113801,CUST0022419,LOC0007,2025-08-12 21:36:56,Takeaway,Completed,,5610.00,0.00,897.60,6507.60,Wallet,orphan_foreign_key
ORD00113937,CUST0001575,LOC0010,,ThirdPartyDelivery,Completed,,6750.00,0.00,1080.00,7830.00,Online,invalid_date
ORD00113946,,LOC0025,2025-08-13 11:10:27,Dine-in,Completed,,9550.00,0.00,1432.50,10982.50,Card,missing_value
ORD00113965,CUST0045120,LOC0010,2025-08-13 11:57:52,Website,Completed,,8300.00,14422.03,1328.00,9628.00,Online,discount_exceeds_subtotal
ORD00114045,CUST4926496,LOC0018,2025-08-13 13:03:03,Takeaway,Completed,PROMO012,10590.00,2240.00,1336.00,9686.00,Card,orphan_foreign_key
ORD00114342,CUST0040233,LOC0015,2025-08-13 19:26:47,Takeaway,Completed,PROMO012,7570.00,2900.00,747.20,5417.20,Cash,orphan_foreign_key
ORD00114376,CUST0046454,LOC0012,2025-08-13 20:05:39,ThirdPartyDelivery,Completed,,1545.00,0.00,231.75,1776.75,Cash,orphan_foreign_key
ORD00114461,,LOC0016,2025-08-13 21:20:19,ThirdPartyDelivery,Completed,,16810.00,0.00,2689.60,19499.60,Cash,missing_value
ORD00114566,CUST0032963,LOC0008,2025-08-13 22:38:56,ThirdPartyDelivery,Completed,,2000.00,0.00,320.00,2320.00,Online,orphan_foreign_key
ORD00114611,CUST0045025,LOC9567,2025-08-14 00:04:51,Dine-in,Completed,PROMO012,15340.00,4690.00,1597.50,12247.50,Card,invalid_restaurant_id
ORD00115252,,LOC0011,2025-08-14 19:21:47,Dine-in,Completed,,9300.00,0.00,1488.00,10788.00,Cash,missing_value
ORD00115263,,LOC0012,2025-08-14 19:29:28,Dine-in,Completed,,1920.00,0.00,288.00,2208.00,Card,missing_value
ORD00115586,CUST0007624,LOC0009,2025-08-14 21:52:15,Website,Completed,,3615.00,8172.42,578.40,4193.40,Online,discount_exceeds_subtotal
ORD00115822,,LOC0009,2025-08-15 12:26:01,Website,Completed,,2340.00,0.00,374.40,2714.40,Online,missing_value
ORD00115902,CUST0007033,LOC0018,2025-08-15 13:03:44,App,Completed,,1060.00,0.00,169.60,1229.60,Wallet,orphan_foreign_key
ORD00116047,CUST0026035,LOC0004,,App,Completed,PROMO012,7180.00,1530.00,847.50,6497.50,Card,invalid_date
ORD00116090,CUST0019174,LOC0008,2025-08-15 14:49:29,Website,Completed,,4650.00,0.00,744.00,5394.00,Online,orphan_foreign_key
ORD00116584,CUST0044164,LOC0003,2025-08-15 21:48:08,Website,Completed,,6050.00,0.00,907.50,6957.50,Online,orphan_foreign_key
ORD00117153,CUST0036256,LOC7274,2025-08-16 15:51:10,Website,Completed,,4785.00,0.00,717.75,5502.75,Online,invalid_restaurant_id
ORD00117274,CUST0036104,LOC0020,2025-08-16 18:41:33,Dine-in,Completed,PROMO012,8850.00,680.00,1225.50,9395.50,Card,orphan_foreign_key
ORD00117607,CUST0054150,LOC0018,2025-08-16 21:32:48,Dine-in,Completed,,16145.00,36976.22,2583.20,18728.20,Cash,discount_exceeds_subtotal
ORD00118006,CUST0018160,LOC0002,,Dine-in,Completed,,5580.00,0.00,837.00,6417.00,Cash,invalid_date
ORD00118273,,LOC0013,2025-08-17 20:12:08,ThirdPartyDelivery,Completed,,7210.00,0.00,1081.50,8291.50,Online,missing_value
ORD00118328,CUST5580217,LOC0016,2025-08-17 20:40:47,ThirdPartyDelivery,Completed,,240.00,0.00,38.40,278.40,Online,orphan_foreign_key
ORD00118341,,LOC0022,2025-08-17 20:50:16,Dine-in,Completed,,8370.00,0.00,1255.50,9625.50,Cash,missing_value
ORD00118481,,LOC0014,2025-08-17 22:46:07,Takeaway,Completed,,9390.00,0.00,1408.50,10798.50,Wallet,missing_value
ORD00118556,,LOC0010,2025-08-18 11:03:08,Takeaway,Completed,,3410.00,0.00,545.60,3955.60,Cash,missing_value
ORD00119243,,LOC0012,2025-08-19 15:01:11,ThirdPartyDelivery,Completed,,2630.00,0.00,394.50,3024.50,Online,missing_value
ORD00119599,CUST9946776,LOC0018,2025-08-19 23:27:14,Website,Completed,,1520.00,0.00,243.20,1763.20,Online,orphan_foreign_key
ORD00120110,CUST0002617,LOC0008,2025-08-20 22:57:31,ThirdPartyDelivery,Completed,PROMO012,12130.00,5140.00,1118.40,8108.40,Cash,orphan_foreign_key
ORD00120286,CUST0044645,LOC0003,2025-08-21 13:44:06,App,Completed,PROMO012,10010.00,1320.00,1303.50,9993.50,Online,orphan_foreign_key
ORD00120566,,LOC0018,2025-08-21 20:24:14,Dine-in,Completed,,12485.00,0.00,1997.60,14482.60,Cash,missing_value
ORD00120641,CUST0034890,LOC0018,2025-08-21 21:35:57,Website,Completed,PROMO012,6955.00,1530.00,868.00,6293.00,Online,orphan_foreign_key
ORD00121074,,LOC0011,2025-08-22 15:16:32,ThirdPartyDelivery,Completed,PROMO012,9050.00,3640.00,865.60,6275.60,Cash,missing_value
ORD00121131,,LOC0023,2025-08-22 17:35:32,Takeaway,Completed,PROMO012,9350.00,2540.00,1021.50,7831.50,Cash,missing_value
ORD00121235,CUST7631934,LOC0018,2025-08-22 19:36:35,App,Completed,,11490.00,0.00,1838.40,13328.40,Online,orphan_foreign_key
ORD00121482,CUST5139316,LOC0011,2025-08-22 22:03:37,Takeaway,Completed,,4140.00,0.00,662.40,4802.40,Card,orphan_foreign_key
ORD00121887,,LOC0020,2025-08-23 15:14:42,Dine-in,Completed,,8940.00,0.00,1341.00,10281.00,Cash,missing_value
ORD00122033,CUST0043273,LOC0017,2025-08-23 19:10:30,App,Completed,,5290.00,0.00,846.40,6136.40,Online,orphan_foreign_key
ORD00122036,CUST0008412,LOC0018,2025-08-23 19:13:42,Dine-in,Completed,,17475.00,0.00,2796.00,20271.00,Wallet,orphan_foreign_key
ORD00122239,CUST0009222,LOC0006,2025-08-23 21:13:37,Takeaway,Completed,PROMO012,14695.00,6050.00,1296.75,9941.75,Card,orphan_foreign_key
ORD00122450,CUST0020443,LOC0004,2025-08-24 10:57:14,App,Completed,,5800.00,0.00,870.00,6670.00,Wallet,orphan_foreign_key
ORD00122533,CUST0027573,LOC0013,2025-08-24 12:40:40,Takeaway,Completed,,7100.00,0.00,1065.00,8165.00,Wallet,orphan_foreign_key
ORD00123113,CUST0011090,LOC0019,2099-12-31 19:24:00,Takeaway,Completed,,2170.00,0.00,347.20,2517.20,Wallet,invalid_date
ORD00123252,,LOC0021,2025-08-25 12:19:17,ThirdPartyDelivery,Completed,,6290.00,0.00,943.50,7233.50,Online,missing_value
ORD00123361,,LOC0001,2025-08-25 13:43:05,ThirdPartyDelivery,Completed,PROMO012,6360.00,470.00,883.50,6773.50,Online,missing_value
ORD00123582,CUST1027355,LOC0004,2025-08-25 20:07:54,ThirdPartyDelivery,Completed,,14940.00,0.00,2241.00,17181.00,Cash,orphan_foreign_key
ORD00123814,,LOC0012,2025-08-26 11:56:33,Takeaway,Completed,,3470.00,0.00,520.50,3990.50,Cash,missing_value
ORD00124359,CUST0038900,LOC0023,2099-12-31 13:12:00,Takeaway,Completed,PROMO012,9520.00,4440.00,762.00,5842.00,Card,invalid_date
ORD00124422,,LOC0010,2025-08-27 14:09:27,Takeaway,Completed,,3210.00,0.00,513.60,3723.60,Cash,missing_value
ORD00124569,CUST7268096,LOC0005,2025-08-27 19:18:14,App,Completed,,10270.00,0.00,1540.50,11810.50,Online,orphan_foreign_key
ORD00124693,,LOC0025,2025-08-27 21:06:35,ThirdPartyDelivery,Completed,PROMO012,8280.00,2730.00,832.50,6382.50,Cash,missing_value
ORD00124869,CUST2146281,LOC0012,2025-08-28 12:11:08,ThirdPartyDelivery,Completed,PROMO012,5885.00,2430.00,518.25,3973.25,Cash,orphan_foreign_key
ORD00124971,CUST0003727,LOC0004,2025-08-28 13:42:58,Dine-in,Completed,,16065.00,33235.77,2409.75,18474.75,Card,discount_exceeds_subtotal
ORD00125088,CUST0004490,LOC0011,,Dine-in,Completed,,6040.00,0.00,966.40,7006.40,Card,invalid_date
ORD00125089,CUST0013950,LOC0016,,ThirdPartyDelivery,Completed,,13150.00,0.00,2104.00,15254.00,Cash,invalid_date
ORD00125375,CUST9270702,LOC0008,2025-08-28 22:41:25,Takeaway,Completed,,2800.00,0.00,448.00,3248.00,Cash,orphan_foreign_key
ORD00125697,CUST3309403,LOC0014,2025-08-29 14:45:35,Dine-in,Completed,PROMO012,21120.00,7820.00,1995.00,15295.00,Wallet,orphan_foreign_key
ORD00125816,,LOC0002,2025-08-29 18:20:38,App,Completed,,10660.00,0.00,1599.00,12259.00,Card,missing_value
ORD00126056,CUST0049548,LOC0016,2025-08-29 21:12:43,Takeaway,Completed,,3190.00,6256.17,510.40,3700.40,Cash,discount_exceeds_subtotal
ORD00126526,CUST0001032,LOC0013,2025-08-30 14:33:00,ThirdPartyDelivery,Completed,,12450.00,0.00,1867.50,14317.50,Online,orphan_foreign_key
ORD00127241,CUST5357488,LOC0005,2025-08-31 12:38:17,Dine-in,Completed,,2135.00,0.00,320.25,2455.25,Wallet,orphan_foreign_key
ORD00127329,CUST3163867,LOC0012,2025-08-31 13:33:16,Dine-in,Completed,,9420.00,0.00,1413.00,10833.00,Card,orphan_foreign_key
ORD00127387,CUST0004167,LOC0022,1900-01-01 10:16:00,Takeaway,Cancelled,,5220.00,0.00,783.00,6003.00,Cash,invalid_date
ORD00127447,CUST0053483,LOC0003,2025-08-31 15:51:29,Dine-in,Completed,,6625.00,0.00,993.75,7618.75,Wallet,orphan_foreign_key
ORD00127563,,LOC0014,2025-08-31 19:01:13,ThirdPartyDelivery,Completed,,5125.00,0.00,768.75,5893.75,Online,missing_value
ORD00127738,CUST0043043,LOC0020,2025-08-31 21:07:07,Website,Cancelled,PROMO012,13300.00,5640.00,1149.00,8809.00,Online,orphan_foreign_key
ORD00127919,CUST0004809,LOC0023,2027-11-05 13:11:00,Takeaway,Cancelled,,2155.00,0.00,323.25,2478.25,Card,invalid_date
ORD00127925,,LOC0018,2025-09-01 01:36:46,Dine-in,Completed,,4395.00,0.00,703.20,5098.20,Card,missing_value
ORD00128018,CUST0036128,LOC0008,2025-09-01 13:55:48,App,Completed,,5855.00,9160.07,936.80,6791.80,Online,discount_exceeds_subtotal
ORD00128441,CUST7312770,LOC0004,2025-09-02 19:15:11,ThirdPartyDelivery,Completed,,10710.00,0.00,1606.50,12316.50,Online,orphan_foreign_key
ORD00128758,CUST0044158,LOC0012,2025-09-03 18:21:19,Takeaway,Completed,PROMO014,2580.00,250.00,349.50,2679.50,Card,orphan_foreign_key
ORD00128997,CUST0027993,LOC0012,2025-09-04 13:11:40,Dine-in,Completed,,4240.00,0.00,636.00,4876.00,Wallet,orphan_foreign_key
ORD00129020,CUST0035064,LOC0013,,Dine-in,Completed,,13735.00,0.00,2060.25,15795.25,Card,invalid_date
ORD00129296,,LOC0010,2025-09-04 23:51:30,Dine-in,Completed,,5095.00,0.00,815.20,5910.20,Cash,missing_value
ORD00129570,,LOC0007,2025-09-05 19:39:40,App,Completed,,4110.00,0.00,657.60,4767.60,Card,missing_value
ORD00129582,CUST0017502,LOC0025,2099-12-31 19:28:00,Dine-in,Completed,,9280.00,0.00,1392.00,10672.00,Card,invalid_date
ORD00130014,CUST0011329,LOC0014,2025-09-06 19:00:02,Dine-in,Completed,,16950.00,32496.75,2542.50,19492.50,Card,discount_exceeds_subtotal
ORD00130107,CUST0008896,LOC0004,2025-09-06 20:46:03,Takeaway,Completed,,5210.00,0.00,781.50,5991.50,Card,orphan_foreign_key
ORD00130256,CUST0026916,LOC0003,2025-09-07 00:49:01,Dine-in,Completed,,3340.00,7604.55,501.00,3841.00,Wallet,discount_exceeds_subtotal
ORD00130353,CUST0005274,LOC0003,2025-09-07 13:36:32,ThirdPartyDelivery,Completed,,12340.00,0.00,1851.00,14191.00,Online,orphan_foreign_key
ORD00130399,CUST0000867,LOC0021,2025-09-07 14:37:09,Dine-in,Completed,,3195.00,0.00,479.25,3674.25,Cash,orphan_foreign_key
ORD00130875,CUST0049829,LOC0001,2031-07-22 20:41:00,Dine-in,Completed,,3175.00,0.00,476.25,3651.25,Cash,invalid_date
ORD00131275,,LOC0022,2025-09-09 19:38:35,Website,Completed,,2560.00,0.00,384.00,2944.00,Card,missing_value
ORD00131754,CUST6480078,LOC0024,2025-09-10 22:46:38,Takeaway,Completed,,9590.00,0.00,1534.40,11124.40,Card,orphan_foreign_key
ORD00131885,CUST7133121,LOC0004,2025-09-11 14:35:57,Dine-in,Completed,,16910.00,0.00,2536.50,19446.50,Card,orphan_foreign_key
ORD00132046,,LOC0017,2025-09-11 21:43:25,ThirdPartyDelivery,Cancelled,,4610.00,0.00,737.60,5347.60,Online,missing_value
ORD00132199,,LOC0015,2025-09-12 12:55:35,Dine-in,Completed,PROMO014,8850.00,250.00,1376.00,9976.00,Wallet,missing_value
ORD00132428,CUST9755769,LOC0003,2025-09-12 20:04:25,Takeaway,Completed,,2530.00,0.00,379.50,2909.50,Cash,orphan_foreign_key
ORD00133269,CUST0048947,LOC0003,,Dine-in,Completed,,2090.00,0.00,313.50,2403.50,Wallet,invalid_date
ORD00133407,,LOC0001,2025-09-14 18:18:49,Dine-in,Completed,,9655.00,0.00,1448.25,11103.25,Cash,missing_value
ORD00133408,,LOC0005,2025-09-14 18:22:06,Dine-in,Completed,,11085.00,0.00,1662.75,12747.75,Wallet,missing_value
ORD00133411,CUST0037143,LOC0013,2025-09-14 18:36:21,Dine-in,Completed,,7690.00,12753.13,1153.50,8843.50,Wallet,discount_exceeds_subtotal
ORD00133422,CUST0035478,LOC6790,2025-09-14 19:00:25,App,Completed,,4710.00,0.00,706.50,5416.50,Online,invalid_restaurant_id
ORD00134121,CUST2743460,LOC0003,2025-09-16 14:15:40,Website,Completed,PROMO015,3905.00,781.00,468.60,3592.60,Online,orphan_foreign_key
ORD00134150,,LOC0025,2025-09-16 15:50:29,Dine-in,Completed,PROMO009,11130.00,299.99,1624.50,12454.51,Card,missing_value
ORD00134586,CUST0043344,LOC0004,2027-11-05 15:10:00,Takeaway,Completed,,5290.00,0.00,793.50,6083.50,Cash,invalid_date
ORD00134751,,LOC0008,2025-09-18 11:17:41,Takeaway,Completed,,8595.00,0.00,1375.20,9970.20,Card,missing_value
ORD00135090,CUST0026870,LOC0015,2025-09-18 22:03:35,ThirdPartyDelivery,Completed,,5540.00,13195.04,886.40,6426.40,Online,discount_exceeds_subtotal
ORD00135426,CUST0018916,LOC0005,2025-09-19 19:08:33,Dine-in,Completed,PROMO015,11660.00,2332.00,1399.20,10727.20,Cash,orphan_foreign_key
ORD00135591,CUST0048368,LOC0014,2025-09-19 21:32:33,ThirdPartyDelivery,Completed,,3190.00,7238.88,478.50,3668.50,Cash,discount_exceeds_subtotal
ORD00135848,CUST9492852,LOC0017,2025-09-20 13:59:46,Takeaway,Completed,,8700.00,0.00,1392.00,10092.00,Card,orphan_foreign_key
ORD00136209,,LOC0008,2025-09-20 22:15:19,Dine-in,Completed,,2940.00,0.00,470.40,3410.40,Card,missing_value
ORD00136416,,LOC0008,2025-09-21 14:27:41,App,Completed,,6260.00,0.00,1001.60,7261.60,Online,missing_value
ORD00136528,CUST7807554,LOC0005,2025-09-21 19:11:38,App,Completed,PROMO015,4420.00,884.00,530.40,4066.40,Card,orphan_foreign_key
ORD00136775,CUST7947065,LOC0005,2025-09-21 23:58:48,Dine-in,Completed,,5980.00,0.00,897.00,6877.00,Cash,orphan_foreign_key
ORD00136900,CUST0019181,LOC0008,2025-09-22 13:56:07,ThirdPartyDelivery,Completed,PROMO015,4240.00,848.00,542.72,3934.72,Cash,orphan_foreign_key
ORD00136933,,LOC0001,2025-09-22 14:54:40,App,Completed,,5800.00,0.00,870.00,6670.00,Online,missing_value
ORD00137384,CUST0052755,LOC0015,2025-09-23 18:30:46,Dine-in,Completed,,9755.00,0.00,1560.80,11315.80,Cash,orphan_foreign_key
ORD00137396,CUST0043874,LOC0014,,Takeaway,Completed,,1910.00,0.00,286.50,2196.50,Cash,invalid_date
ORD00137634,CUST0006513,LOC0012,2025-09-24 12:46:01,Takeaway,Completed,,3390.00,6541.85,508.50,3898.50,Cash,discount_exceeds_subtotal
ORD00137743,,LOC0006,2025-09-24 16:43:53,Takeaway,Completed,,3110.00,0.00,466.50,3576.50,Card,missing_value
ORD00137933,CUST0016586,LOC0007,1970-01-01 20:23:00,Dine-in,Completed,,11820.00,0.00,1891.20,13711.20,Wallet,invalid_date
ORD00138154,CUST0000827,LOC0011,,Takeaway,Completed,PROMO015,9310.00,1862.00,1191.68,8639.68,Card,invalid_date
ORD00138238,CUST0014191,LOC0004,2025-09-25 20:11:34,Dine-in,Completed,,29315.00,0.00,4397.25,33712.25,Cash,orphan_foreign_key
ORD00138291,,LOC0013,2025-09-25 21:01:57,Dine-in,Completed,,9630.00,0.00,1444.50,11074.50,Card,missing_value
ORD00138304,,LOC0005,2025-09-25 21:20:05,Dine-in,Completed,,3420.00,0.00,513.00,3933.00,Card,missing_value
ORD00138528,CUST0005853,LOC0008,2025-09-26 13:30:54,Takeaway,Completed,,4560.00,9993.55,729.60,5289.60,Cash,discount_exceeds_subtotal
ORD00139605,CUST0020868,LOC0022,2025-09-28 12:52:15,ThirdPartyDelivery,Cancelled,PROMO014,4050.00,4727.96,570.00,4370.00,Cash,discount_exceeds_subtotal
ORD00139974,,LOC0022,2025-09-28 20:52:55,App,Completed,PROMO014,6965.00,250.00,1007.25,7722.25,Card,missing_value
ORD00140014,CUST7905266,LOC0009,2025-09-28 21:24:17,Takeaway,Completed,PROMO015,3900.00,780.00,499.20,3619.20,Wallet,orphan_foreign_key
ORD00140090,CUST0008668,LOC0020,2025-09-28 22:44:17,App,Completed,PROMO014,4860.00,7946.36,691.50,5301.50,Card,discount_exceeds_subtotal
ORD00140097,CUST0028475,LOC0010,,Dine-in,Completed,,14470.00,0.00,2315.20,16785.20,Cash,invalid_date
ORD00140161,CUST0036558,LOC0008,2025-09-29 12:48:31,App,Completed,,7640.00,0.00,1222.40,8862.40,Wallet,orphan_foreign_key
ORD00140175,CUST0025489,LOC0015,2025-09-29 13:06:16,App,Completed,,870.00,0.00,139.20,1009.20,Wallet,orphan_foreign_key
ORD00140609,,LOC0008,2025-09-30 14:48:20,Takeaway,Completed,,8770.00,0.00,1403.20,10173.20,Wallet,missing_value
ORD00140623,CUST0029351,LOC0016,2025-09-30 15:22:34,App,Completed,,7240.00,0.00,1158.40,8398.40,Card,orphan_foreign_key
ORD00140855,CUST0008929,LOC0005,2099-12-31 13:52:00,Dine-in,Completed,,9860.00,0.00,1479.00,11339.00,Wallet,invalid_date
ORD00140872,CUST0018037,LOC0015,2025-10-01 12:11:58,Website,Completed,,5195.00,0.00,831.20,6026.20,Online,orphan_foreign_key
ORD00141293,CUST0024897,LOC0010,2025-10-02 13:59:08,ThirdPartyDelivery,Cancelled,,8800.00,0.00,1408.00,10208.00,Online,orphan_foreign_key
ORD00141457,CUST0002237,LOC0008,2025-10-02 20:54:22,Dine-in,Completed,,11860.00,0.00,1897.60,13757.60,Wallet,orphan_foreign_key
ORD00141493,CUST0011232,LOC0004,2025-10-02 21:40:07,ThirdPartyDelivery,Completed,PROMO015,4060.00,812.00,487.20,3735.20,Cash,orphan_foreign_key
ORD00141502,CUST3533876,LOC0014,2025-10-02 21:54:54,Takeaway,Completed,,6205.00,0.00,930.75,7135.75,Card,orphan_foreign_key
ORD00141558,CUST0049761,LOC0006,2025-10-03 01:22:56,Dine-in,Completed,,10135.00,0.00,1520.25,11655.25,Card,orphan_foreign_key
ORD00142113,,LOC0008,2025-10-04 12:05:08,Website,Completed,,5650.00,0.00,904.00,6554.00,Card,missing_value
ORD00142131,,LOC0009,2025-10-04 12:34:25,App,Completed,,3670.00,0.00,587.20,4257.20,Online,missing_value
ORD00143286,CUST0032357,LOC0001,2025-10-06 14:31:02,ThirdPartyDelivery,Completed,,8560.00,15345.30,1284.00,9844.00,Cash,discount_exceeds_subtotal
ORD00143298,,LOC0008,2025-10-06 14:59:26,Dine-in,Completed,,3665.00,0.00,586.40,4251.40,Wallet,missing_value
ORD00143309,,LOC0007,2025-10-06 16:28:29,Dine-in,Completed,,21370.00,0.00,3419.20,24789.20,Cash,missing_value
ORD00143314,CUST0024772,LOC0012,2025-10-06 16:44:01,App,Completed,,4530.00,9543.89,679.50,5209.50,Card,discount_exceeds_subtotal
ORD00143436,CUST0017889,LOC0022,,Dine-in,Completed,,5780.00,0.00,867.00,6647.00,Wallet,invalid_date
ORD00143449,CUST0037239,LOC0007,2025-10-06 20:46:53,ThirdPartyDelivery,Completed,,8740.00,0.00,1398.40,10138.40,Online,orphan_foreign_key
ORD00144132,CUST0008413,LOC8332,2025-10-08 19:58:57,Takeaway,Completed,,2225.00,0.00,333.75,2558.75,Cash,invalid_restaurant_id
ORD00144299,CUST0038155,LOC0018,,App,Completed,,6595.00,0.00,1055.20,7650.20,Wallet,invalid_date
ORD00144670,,LOC0011,2025-10-10 00:27:19,Takeaway,Completed,,5540.00,0.00,886.40,6426.40,Cash,missing_value
ORD00145058,CUST0006707,LOC0006,2025-10-10 21:09:39,Dine-in,Completed,PROMO015,10980.00,2196.00,1317.60,10101.60,Wallet,orphan_foreign_key
ORD00145500,CUST0024897,LOC0010,2025-10-11 19:28:18,App,Completed,,9210.00,0.00,1473.60,10683.60,Card,orphan_foreign_key
ORD00145749,,LOC0016,2025-10-12 00:01:12,Takeaway,Completed,,3690.00,0.00,590.40,4280.40,Card,missing_value
ORD00145822,CUST0005336,LOC0004,2025-10-12 12:36:08,Dine-in,Completed,,6225.00,12754.84,933.75,7158.75,Card,discount_exceeds_subtotal
ORD00145848,CUST0031486,LOC9505,2025-10-12 13:08:09,ThirdPartyDelivery,Cancelled,,5180.00,0.00,828.80,6008.80,Online,orphan_foreign_key
ORD00145920,CUST5076150,LOC0006,2025-10-12 14:30:19,Takeaway,Completed,,1600.00,0.00,240.00,1840.00,Cash,orphan_foreign_key
ORD00145972,CUST0027573,LOC0013,2025-10-12 16:44:07,Website,Completed,,13175.00,0.00,1976.25,15151.25,Online,orphan_foreign_key
ORD00146090,CUST0024897,LOC0010,2025-10-12 20:09:52,App,Completed,PROMO015,14005.00,2801.00,1792.64,12996.64,Online,orphan_foreign_key
ORD00146439,CUST0017063,LOC0010,2025-10-13 16:25:33,Dine-in,Completed,,10820.00,15050.29,1731.20,12551.20,Cash,discount_exceeds_subtotal
ORD00146701,CUST0054949,LOC0001,2025-10-14 11:55:32,App,Completed,,5965.00,0.00,894.75,6859.75,Online,orphan_foreign_key
ORD00147149,CUST0011524,LOC0019,2025-10-15 13:36:51,App,Completed,,8110.00,12865.80,1297.60,9407.60,Online,discount_exceeds_subtotal
ORD00147240,CUST0014191,LOC0004,2025-10-15 17:21:31,ThirdPartyDelivery,Cancelled,,3935.00,0.00,590.25,4525.25,Cash,orphan_foreign_key
ORD00147339,,LOC0003,2025-10-15 20:44:40,App,Completed,,8785.00,0.00,1317.75,10102.75,Wallet,missing_value
ORD00147605,CUST0001753,LOC0018,2025-10-16 17:45:59,Takeaway,Completed,,1980.00,0.00,316.80,2296.80,Card,orphan_foreign_key
ORD00147610,,LOC0019,2025-10-16 18:06:13,App,Completed,,14510.00,0.00,2321.60,16831.60,Online,missing_value
ORD00147731,,LOC0016,2025-10-16 21:30:01,Dine-in,Completed,,9300.00,0.00,1488.00,10788.00,Cash,missing_value
ORD00147787,,LOC0009,2025-10-16 23:50:33,Takeaway,Completed,,4745.00,0.00,759.20,5504.20,Card,missing_value
ORD00147963,CUST0054918,LOC0007,2025-10-17 15:39:55,Dine-in,Completed,,16120.00,0.00,2579.20,18699.20,Cash,orphan_foreign_key
ORD00148018,CUST0039707,LOC0004,2025-10-17 19:06:17,Takeaway,Completed,,2695.00,0.00,404.25,3099.25,Card,orphan_foreign_key
ORD00148305,CUST0001418,LOC2197,2025-10-18 13:17:59,App,Completed,,10425.00,0.00,1563.75,11988.75,Card,invalid_restaurant_id
ORD00148423,,LOC0014,2025-10-18 17:57:14,Dine-in,Completed,,5610.00,0.00,841.50,6451.50,Cash,missing_value
ORD00148626,CUST0054015,LOC0014,2099-12-31 20:21:00,ThirdPartyDelivery,Completed,,3795.00,0.00,569.25,4364.25,Online,invalid_date
ORD00148696,CUST0001360,LOC0018,,App,Completed,,3460.00,0.00,553.60,4013.60,Wallet,invalid_date
ORD00148924,CUST0038664,LOC0010,2031-07-22 11:27:00,Dine-in,Completed,,12010.00,0.00,1921.60,13931.60,Cash,invalid_date
ORD00149386,CUST0004469,LOC0013,1900-01-01 21:51:00,App,Completed,,2130.00,0.00,319.50,2449.50,Cash,invalid_date
ORD00149401,CUST0023852,LOC0013,2099-12-31 10:40:00,App,Completed,,7300.00,0.00,1095.00,8395.00,Online,invalid_date
ORD00149600,CUST7977433,LOC0024,2025-10-20 23:48:40,Dine-in,Completed,PROMO016,8850.00,736.00,1298.24,9412.24,Cash,orphan_foreign_key
ORD00149768,CUST0032740,LOC0007,2025-10-21 16:24:36,ThirdPartyDelivery,Completed,,2815.00,4551.99,450.40,3265.40,Cash,discount_exceeds_subtotal
ORD00150036,CUST0013987,LOC8942,2025-10-22 10:02:37,ThirdPartyDelivery,Completed,,7340.00,0.00,1174.40,8514.40,Online,invalid_restaurant_id
ORD00150167,CUST0044470,LOC0003,2025-10-22 14:33:24,App,Completed,PROMO016,18735.00,1302.00,2614.95,20047.95,Online,orphan_foreign_key
ORD00150209,CUST0026132,LOC0025,2031-07-22 20:07:00,Takeaway,Completed,,6275.00,0.00,941.25,7216.25,Cash,invalid_date
ORD00150224,CUST0036184,LOC0014,2025-10-22 18:25:01,Dine-in,Completed,,7320.00,10995.96,1098.00,8418.00,Cash,discount_exceeds_subtotal
ORD00150455,CUST0040037,LOC0014,2025-10-23 11:02:38,Takeaway,Completed,,2800.00,6350.56,420.00,3220.00,Cash,discount_exceeds_subtotal
ORD00150463,CUST7945142,LOC0011,2025-10-23 11:26:08,Dine-in,Cancelled,,10705.00,0.00,1712.80,12417.80,Cash,orphan_foreign_key
ORD00150524,CUST0051568,LOC0018,2025-10-23 13:02:35,Dine-in,Completed,,19330.00,0.00,3092.80,22422.80,Cash,orphan_foreign_key
ORD00150987,CUST0028774,LOC0008,,ThirdPartyDelivery,Completed,,11210.00,0.00,1793.60,13003.60,Cash,invalid_date
ORD00151031,CUST0004386,LOC0008,2025-10-24 13:06:06,ThirdPartyDelivery,Completed,,3060.00,0.00,489.60,3549.60,Online,orphan_foreign_key
ORD00151287,CUST7383997,LOC0003,2025-10-24 19:21:18,Dine-in,Completed,,16420.00,0.00,2463.00,18883.00,Card,orphan_foreign_key
ORD00151356,CUST0053280,LOC0001,2025-10-24 20:24:07,Takeaway,Completed,,3150.00,4611.62,472.50,3622.50,Card,discount_exceeds_subtotal
ORD00151930,,LOC0002,2025-10-25 19:56:56,App,Completed,,6390.00,0.00,958.50,7348.50,Wallet,missing_value
ORD00152036,CUST0013394,LOC0003,2025-10-25 21:29:43,Dine-in,Completed,,5810.00,0.00,871.50,6681.50,Card,orphan_foreign_key
ORD00152740,CUST0025154,LOC0018,2027-11-05 21:13:00,Dine-in,Completed,,2470.00,0.00,395.20,2865.20,Wallet,invalid_date
ORD00152928,CUST6787550,LOC0017,2025-10-27 17:07:03,ThirdPartyDelivery,Completed,,6620.00,0.00,1059.20,7679.20,Cash,orphan_foreign_key
ORD00153177,CUST0004419,LOC0014,1970-01-01 10:56:00,App,Completed,,7350.00,0.00,1102.50,8452.50,Wallet,invalid_date
ORD00153553,CUST0033654,LOC0001,2025-10-29 13:28:37,App,Completed,,6640.00,0.00,996.00,7636.00,Card,orphan_foreign_key
ORD00154198,,LOC0006,2025-10-31 00:28:31,App,Completed,,6580.00,0.00,987.00,7567.00,Online,missing_value
ORD00154310,CUST0000626,LOC0004,2031-07-22 17:48:00,App,Completed,,12620.00,0.00,1893.00,14513.00,Online,invalid_date
ORD00154488,CUST0005274,LOC0003,2025-10-31 19:52:23,ThirdPartyDelivery,Completed,,5940.00,0.00,891.00,6831.00,Online,orphan_foreign_key
ORD00154670,CUST0054624,LOC0013,,Takeaway,Completed,,8850.00,0.00,1327.50,10177.50,Card,invalid_date
ORD00155334,CUST6424616,LOC0004,2025-11-01 22:49:19,Dine-in,Completed,PROMO017,12630.00,336.00,1844.10,14138.10,Cash,orphan_foreign_key
ORD00155457,,LOC0023,2025-11-02 12:38:37,App,Completed,,5680.00,0.00,852.00,6532.00,Wallet,missing_value
ORD00155556,CUST8391542,LOC0005,2025-11-02 13:57:29,Takeaway,Completed,,6530.00,0.00,979.50,7509.50,Wallet,orphan_foreign_key
ORD00155671,CUST6084148,LOC0001,2025-11-02 18:00:08,Dine-in,Completed,,7840.00,0.00,1176.00,9016.00,Cash,orphan_foreign_key
ORD00155839,,LOC0025,2025-11-02 20:46:32,Dine-in,Completed,,17320.00,0.00,2598.00,19918.00,Card,missing_value
ORD00155888,,LOC0009,2025-11-02 21:21:05,Dine-in,Completed,,5485.00,0.00,877.60,6362.60,Card,missing_value
ORD00156282,CUST0022419,LOC0007,2025-11-03 19:42:08,Takeaway,Completed,,12440.00,0.00,1990.40,14430.40,Cash,orphan_foreign_key
ORD00156354,,LOC0024,2025-11-03 21:16:10,Dine-in,Completed,,12280.00,0.00,1964.80,14244.80,Cash,missing_value
ORD00156378,,LOC0021,2025-11-03 21:46:14,Website,Completed,,4720.00,0.00,708.00,5428.00,Wallet,missing_value
ORD00157125,CUST0009207,LOC0001,2025-11-05 18:35:42,Website,Completed,,7070.00,0.00,1060.50,8130.50,Online,orphan_foreign_key
ORD00157289,CUST0009207,LOC0001,2025-11-05 22:37:14,App,Completed,,13040.00,0.00,1956.00,14996.00,Online,orphan_foreign_key
ORD00157298,,LOC0020,2025-11-05 22:53:17,App,Completed,,6960.00,0.00,1044.00,8004.00,Online,missing_value
ORD00157564,CUST0036964,LOC0005,2025-11-06 17:32:39,App,Completed,,4775.00,0.00,716.25,5491.25,Wallet,orphan_foreign_key
ORD00157584,CUST0016826,LOC0022,1970-01-01 22:48:00,App,Completed,,3405.00,0.00,510.75,3915.75,Online,invalid_date
ORD00158048,CUST0042424,LOC0017,2025-11-07 14:10:12,Takeaway,Completed,,6760.00,0.00,1081.60,7841.60,Wallet,orphan_foreign_key
ORD00158099,CUST0013394,LOC0015,2025-11-07 15:20:26,Takeaway,Completed,,9810.00,0.00,1569.60,11379.60,Cash,orphan_foreign_key
ORD00158132,CUST0018793,LOC0011,2025-11-07 16:57:55,Dine-in,Completed,,8710.00,0.00,1393.60,10103.60,Card,orphan_foreign_key
ORD00158199,CUST0025512,LOC0015,2031-07-22 11:42:00,Dine-in,Completed,PROMO017,8345.00,322.50,1283.60,9306.10,Cash,invalid_date
ORD00158293,CUST0006399,LOC0008,,App,Completed,,5050.00,0.00,808.00,5858.00,Online,invalid_date
ORD00158342,,LOC0008,2025-11-07 20:51:16,App,Completed,,4920.00,0.00,787.20,5707.20,Wallet,missing_value
ORD00158348,CUST1029191,LOC0013,2025-11-07 20:57:06,Website,Completed,PROMO017,8085.00,943.50,1071.22,8212.72,Online,orphan_foreign_key
ORD00158397,,LOC0021,2025-11-07 21:38:57,Takeaway,Completed,,5770.00,0.00,865.50,6635.50,Cash,missing_value
ORD00158410,,LOC0007,2025-11-07 21:50:29,Dine-in,Completed,PROMO017,3760.00,777.00,477.28,3460.28,Wallet,missing_value
ORD00158917,CUST0020334,LOC0023,2025-11-08 18:42:51,Takeaway,Completed,,6605.00,0.00,990.75,7595.75,Cash,orphan_foreign_key
ORD00159119,CUST0045585,LOC0007,,Takeaway,Completed,,4370.00,0.00,699.20,5069.20,Cash,invalid_date
ORD00159252,CUST0009915,LOC0008,2025-11-08 22:52:26,Dine-in,Completed,PROMO017,7265.00,550.50,1074.32,7788.82,Cash,orphan_foreign_key
ORD00159308,CUST0024703,LOC0024,1970-01-01 14:09:00,Dine-in,Completed,,7660.00,0.00,1225.60,8885.60,Cash,invalid_date
ORD00159426,CUST0028209,LOC0005,2025-11-09 13:25:47,Dine-in,Completed,PROMO017,5000.00,7959.43,561.45,4304.45,Card,discount_exceeds_subtotal
ORD00159519,CUST0012582,LOC0018,2025-11-09 14:44:45,Dine-in,Completed,,6765.00,0.00,1082.40,7847.40,Cash,orphan_foreign_key
ORD00159782,CUST0007945,LOC0011,2031-07-22 21:16:00,Dine-in,Cancelled,,7930.00,0.00,1268.80,9198.80,Wallet,invalid_date
ORD00160119,,LOC0020,2025-11-10 14:15:35,Dine-in,Completed,,6415.00,0.00,962.25,7377.25,Card,missing_value
ORD00160229,CUST3469357,LOC0011,2025-11-10 19:14:50,App,Completed,,3400.00,0.00,544.00,3944.00,Online,orphan_foreign_key
ORD00160441,CUST0016173,LOC0017,2025-11-11 11:59:29,Takeaway,Completed,,2900.00,5315.66,464.00,3364.00,Cash,discount_exceeds_subtotal
ORD00160447,,LOC0009,2025-11-11 12:04:59,Dine-in,Completed,PROMO017,7230.00,924.00,1008.96,7314.96,Card,missing_value
ORD00161022,CUST0024162,LOC0017,2025-11-12 13:59:00,ThirdPartyDelivery,Completed,,5000.00,0.00,800.00,5800.00,Cash,orphan_foreign_key
ORD00161101,CUST0027573,LOC0013,2025-11-12 17:14:28,App,Completed,,5300.00,0.00,795.00,6095.00,Wallet,orphan_foreign_key
ORD00161198,CUST0007826,LOC0021,2025-11-12 19:56:50,Dine-in,Completed,,2380.00,2619.20,357.00,2737.00,Card,discount_exceeds_subtotal
ORD00161222,CUST6970261,LOC0004,2025-11-12 20:21:47,Dine-in,Completed,,4350.00,0.00,652.50,5002.50,Card,orphan_foreign_key
ORD00161270,,LOC0010,2025-11-12 21:05:39,App,Completed,,7290.00,0.00,1166.40,8456.40,Cash,missing_value
ORD00161822,CUST2201780,LOC0023,2025-11-13 21:47:51,App,Completed,,4255.00,0.00,638.25,4893.25,Card,orphan_foreign_key
ORD00162175,,LOC0012,2025-11-14 16:07:21,App,Completed,,5945.00,0.00,891.75,6836.75,Wallet,missing_value
ORD00162270,CUST0001753,LOC0018,2025-11-14 19:14:35,Takeaway,Completed,,7990.00,0.00,1278.40,9268.40,Card,orphan_foreign_key
ORD00162824,CUST0048272,LOC0003,2025-11-15 15:15:55,Dine-in,Completed,,11235.00,0.00,1685.25,12920.25,Cash,orphan_foreign_key
ORD00163367,CUST0006945,LOC0020,2025-11-16 12:54:44,ThirdPartyDelivery,Completed,,7990.00,0.00,1198.50,9188.50,Online,orphan_foreign_key
ORD00163562,CUST3473244,LOC0013,2025-11-16 17:50:37,Takeaway,Completed,,5210.00,0.00,781.50,5991.50,Cash,orphan_foreign_key
ORD00163721,,LOC0020,2025-11-16 20:14:40,Dine-in,Completed,PROMO017,5980.00,558.00,813.30,6235.30,Cash,missing_value
ORD00164075,CUST0036894,LOC0004,2025-11-17 13:47:51,Dine-in,Completed,,5895.00,0.00,884.25,6779.25,Card,orphan_foreign_key
ORD00164448,CUST0028614,LOC0002,,Takeaway,Completed,PROMO017,4635.00,307.50,649.12,4976.62,Cash,invalid_date
ORD00164852,,LOC0009,2025-11-18 21:43:52,Takeaway,Completed,,2850.00,0.00,456.00,3306.00,Card,missing_value
ORD00164938,,LOC0007,2025-11-19 10:05:50,Dine-in,Completed,PROMO017,6590.00,528.00,969.92,7031.92,Card,missing_value
ORD00165019,CUST0054629,LOC0018,2025-11-19 13:02:54,Takeaway,Completed,,13560.00,21608.23,2169.60,15729.60,Cash,discount_exceeds_subtotal
ORD00165452,CUST0023629,LOC0003,2025-11-20 12:08:17,Dine-in,Completed,,17120.00,0.00,2568.00,19688.00,Wallet,orphan_foreign_key
ORD00165776,CUST0054977,LOC0007,2025-11-20 20:51:55,Website,Completed,,5730.00,0.00,916.80,6646.80,Online,orphan_foreign_key
ORD00165969,,LOC0016,2025-11-21 12:10:43,ThirdPartyDelivery,Completed,,14450.00,0.00,2312.00,16762.00,Online,missing_value
ORD00166227,CUST0001283,LOC8408,2025-11-21 18:38:14,Dine-in,Completed,,11525.00,0.00,1844.00,13369.00,Card,invalid_restaurant_id
ORD00166714,CUST0052669,LOC0024,2025-11-22 14:25:06,Takeaway,Completed,,7080.00,15476.00,1132.80,8212.80,Cash,discount_exceeds_subtotal
ORD00166770,CUST0030720,LOC0023,,ThirdPartyDelivery,Completed,,11800.00,0.00,1770.00,13570.00,Online,invalid_date
ORD00167139,CUST0034678,LOC0009,2025-11-23 10:44:35,Dine-in,Completed,,8910.00,0.00,1425.60,10335.60,Cash,orphan_foreign_key
ORD00167160,,LOC0020,2025-11-23 11:40:08,Takeaway,Completed,,7210.00,0.00,1081.50,8291.50,Card,missing_value
ORD00167168,CUST1763622,LOC0005,2025-11-23 11:54:08,App,Completed,,5970.00,0.00,895.50,6865.50,Online,orphan_foreign_key
ORD00167194,,LOC0007,2025-11-23 12:13:46,App,Completed,,3135.00,0.00,501.60,3636.60,Online,missing_value
ORD00167610,,LOC0009,2025-11-23 21:56:33,Takeaway,Completed,,2890.00,0.00,462.40,3352.40,Card,missing_value
ORD00167675,,LOC0013,2025-11-23 23:45:19,Takeaway,Completed,,13760.00,0.00,2064.00,15824.00,Cash,missing_value
ORD00167688,CUST0022419,LOC0007,2025-11-23 23:53:58,Takeaway,Completed,,8120.00,0.00,1299.20,9419.20,Cash,orphan_foreign_key
ORD00167998,CUST0011232,LOC0011,2025-11-24 20:52:00,ThirdPartyDelivery,Cancelled,,1880.00,0.00,300.80,2180.80,Cash,orphan_foreign_key
ORD00169065,CUST0022212,LOC0018,2025-11-27 14:06:50,Dine-in,Completed,PROMO018,30270.00,9081.00,3390.24,24579.24,Cash,orphan_foreign_key
ORD00169177,,LOC0002,2025-11-27 17:52:39,Takeaway,Completed,,3795.00,0.00,569.25,4364.25,Cash,missing_value
ORD00169185,CUST0002407,LOC0018,2025-11-27 18:07:41,Takeaway,Completed,,2270.00,0.00,363.20,2633.20,Cash,orphan_foreign_key
ORD00169585,CUST0040733,LOC0022,1970-01-01 15:43:00,ThirdPartyDelivery,Completed,,2790.00,0.00,418.50,3208.50,Online,invalid_date
ORD00169769,CUST0051568,LOC0017,2025-11-28 13:27:53,Website,Completed,,2810.00,0.00,449.60,3259.60,Online,orphan_foreign_key
ORD00169801,CUST0015496,LOC0001,2025-11-28 13:46:27,Takeaway,Completed,PROMO018,12220.00,3666.00,1283.10,9837.10,Card,orphan_foreign_key
ORD00169806,CUST0017194,LOC0004,2025-11-28 13:49:32,Dine-in,Completed,,7720.00,0.00,1158.00,8878.00,Cash,orphan_foreign_key
ORD00169941,CUST0041223,LOC0011,1900-01-01 13:40:00,Dine-in,Completed,,10770.00,0.00,1723.20,12493.20,Card,invalid_date
ORD00170029,,LOC0003,2025-11-28 18:43:05,ThirdPartyDelivery,Completed,,2230.00,0.00,334.50,2564.50,Online,missing_value
ORD00170179,CUST0049579,LOC2866,2025-11-28 20:19:22,Website,Completed,PROMO018,9970.00,2991.00,1046.85,8025.85,Card,invalid_restaurant_id
ORD00170262,,LOC0023,2025-11-28 21:07:30,App,Completed,,9190.00,0.00,1378.50,10568.50,Card,missing_value
ORD00170321,,LOC0007,2025-11-28 21:37:16,App,Completed,PROMO018,11340.00,3402.00,1270.08,9208.08,Online,missing_value
ORD00170465,CUST0020549,LOC0024,2031-07-22 18:55:00,Dine-in,Completed,,10890.00,0.00,1742.40,12632.40,Cash,invalid_date
ORD00171127,CUST0037464,LOC0023,2025-11-29 20:09:54,Dine-in,Completed,,14840.00,0.00,2226.00,17066.00,Wallet,orphan_foreign_key
ORD00171174,,LOC0012,2025-11-29 20:29:17,App,Completed,,7250.00,0.00,1087.50,8337.50,Online,missing_value
ORD00171567,CUST0029351,LOC0001,2025-11-30 12:08:56,App,Completed,,6130.00,0.00,919.50,7049.50,Wallet,orphan_foreign_key
ORD00171677,CUST0029687,LOC0005,2025-11-30 13:13:08,App,Cancelled,,5715.00,10821.05,857.25,6572.25,Card,discount_exceeds_subtotal
ORD00171720,CUST0004444,LOC0013,2025-11-30 13:39:45,App,Completed,,8370.00,0.00,1255.50,9625.50,Card,orphan_foreign_key
ORD00172713,CUST0048157,LOC0012,1970-01-01 21:12:00,Dine-in,Completed,,2740.00,0.00,411.00,3151.00,Cash,invalid_date
ORD00172871,CUST0022959,LOC0024,2025-12-01 23:24:08,Dine-in,Completed,,9255.00,12895.46,1480.80,10735.80,Cash,discount_exceeds_subtotal
ORD00173063,CUST0036964,LOC0023,2025-12-02 14:25:31,App,Completed,,3095.00,0.00,464.25,3559.25,Online,orphan_foreign_key
ORD00173239,CUST0022618,LOC0020,,App,Completed,,4090.00,0.00,613.50,4703.50,Online,invalid_date
ORD00173342,,LOC0012,2025-12-02 21:38:32,ThirdPartyDelivery,Cancelled,,2010.00,0.00,301.50,2311.50,Online,missing_value
ORD00173503,,LOC0021,2025-12-03 12:42:37,Dine-in,Completed,,6120.00,0.00,918.00,7038.00,Cash,missing_value
ORD00173607,CUST0003231,LOC8575,2025-12-03 14:24:49,App,Completed,,6495.00,0.00,974.25,7469.25,Online,invalid_restaurant_id
ORD00174082,CUST0026953,LOC0005,2025-12-04 13:06:39,App,Completed,,7870.00,0.00,1180.50,9050.50,Wallet,orphan_foreign_key
ORD00174700,CUST0049576,LOC0005,2025-12-05 13:29:23,Takeaway,Completed,PROMO019,7425.00,90.00,1100.25,8435.25,Card,orphan_foreign_key
ORD00174804,CUST0017472,LOC0021,2025-12-05 15:16:37,App,Completed,PROMO019,6305.00,12940.17,914.70,7012.70,Online,discount_exceeds_subtotal
ORD00175372,CUST0050076,LOC0007,2025-12-06 12:16:50,ThirdPartyDelivery,Completed,,7320.00,0.00,1171.20,8491.20,Online,orphan_foreign_key
ORD00175658,,LOC0008,2025-12-06 18:22:10,App,Completed,,7535.00,0.00,1205.60,8740.60,Online,missing_value
ORD00175878,CUST0030752,LOC6239,2025-12-06 21:03:32,Takeaway,Completed,,13090.00,0.00,1963.50,15053.50,Cash,invalid_restaurant_id
ORD00176333,CUST0017455,LOC0013,,Takeaway,Completed,,1520.00,0.00,228.00,1748.00,Wallet,invalid_date
ORD00176427,CUST0011858,LOC0007,2025-12-07 17:39:28,Dine-in,Completed,PROMO019,5130.00,8594.37,773.52,5608.02,Card,discount_exceeds_subtotal
ORD00176664,CUST0040196,LOC0002,,Dine-in,Completed,,14330.00,0.00,2149.50,16479.50,Card,invalid_date
ORD00177435,CUST0048272,LOC0003,2025-12-09 12:49:40,Dine-in,Completed,,7200.00,0.00,1080.00,8280.00,Cash,orphan_foreign_key
ORD00177689,CUST0050076,LOC0007,2025-12-09 19:34:31,ThirdPartyDelivery,Completed,,5865.00,0.00,938.40,6803.40,Cash,orphan_foreign_key
ORD00178099,CUST0037231,LOC0826,2025-12-10 15:10:42,ThirdPartyDelivery,Completed,,1200.00,0.00,180.00,1380.00,Cash,invalid_restaurant_id
ORD00178709,CUST5002446,LOC0003,2025-12-11 17:42:56,Dine-in,Completed,,7420.00,0.00,1113.00,8533.00,Cash,orphan_foreign_key
ORD00179170,,LOC0011,2025-12-12 13:24:51,ThirdPartyDelivery,Completed,,5590.00,0.00,894.40,6484.40,Online,missing_value
ORD00179263,CUST0042885,LOC0020,2025-12-12 14:53:30,App,Completed,,2530.00,0.00,379.50,2909.50,Card,orphan_foreign_key
ORD00179684,CUST0012756,LOC0009,2025-12-12 22:04:42,Takeaway,Completed,,4430.00,0.00,708.80,5138.80,Card,orphan_foreign_key
ORD00179829,CUST0008369,LOC0003,2025-12-13 11:33:29,Takeaway,Completed,,5810.00,0.00,871.50,6681.50,Cash,orphan_foreign_key
ORD00179924,,LOC0016,2025-12-13 13:10:56,ThirdPartyDelivery,Cancelled,,4210.00,0.00,673.60,4883.60,Cash,missing_value
ORD00180155,CUST0002778,LOC0011,2027-11-05 19:34:00,Dine-in,Completed,,22780.00,0.00,3644.80,26424.80,Wallet,invalid_date
ORD00180226,CUST1116338,LOC0019,2025-12-13 18:43:30,Website,Completed,,9860.00,0.00,1577.60,11437.60,Online,orphan_foreign_key
ORD00180304,CUST1766198,LOC0014,2025-12-13 19:45:19,Dine-in,Completed,,9875.00,0.00,1481.25,11356.25,Cash,orphan_foreign_key
ORD00180392,CUST0010227,LOC0009,,App,Completed,,4980.00,0.00,796.80,5776.80,Online,invalid_date
ORD00180590,CUST0054815,LOC0512,2025-12-13 22:31:02,ThirdPartyDelivery,Completed,,4990.00,0.00,748.50,5738.50,Online,invalid_restaurant_id
ORD00180877,CUST1204590,LOC0014,2025-12-14 13:37:33,Dine-in,Completed,,11900.00,0.00,1785.00,13685.00,Cash,orphan_foreign_key
ORD00181034,,LOC0004,2025-12-14 18:06:29,ThirdPartyDelivery,Completed,PROMO019,2130.00,108.00,303.30,2325.30,Cash,missing_value
ORD00181093,CUST8051507,LOC0002,2025-12-14 19:09:14,Takeaway,Completed,,6295.00,0.00,944.25,7239.25,Cash,orphan_foreign_key
ORD00181592,,LOC0015,2025-12-15 13:41:34,ThirdPartyDelivery,Cancelled,,6995.00,0.00,1119.20,8114.20,Online,missing_value
ORD00181721,CUST0036104,LOC0020,2025-12-15 18:21:59,Website,Completed,,4770.00,0.00,715.50,5485.50,Wallet,orphan_foreign_key
ORD00181803,CUST1743866,LOC0001,2025-12-15 20:00:58,Website,Completed,PROMO019,6385.00,211.50,926.02,7099.52,Card,orphan_foreign_key
ORD00182729,CUST0035730,LOC0011,2025-12-17 14:17:38,Dine-in,Completed,,10550.00,23959.08,1688.00,12238.00,Card,discount_exceeds_subtotal
ORD00182780,,LOC0001,2025-12-17 16:40:05,Website,Completed,,7580.00,0.00,1137.00,8717.00,Online,missing_value
ORD00182974,CUST0052755,LOC0015,2025-12-17 21:09:38,Dine-in,Completed,,3335.00,0.00,533.60,3868.60,Wallet,orphan_foreign_key
ORD00183729,CUST0002698,LOC0019,,Dine-in,Completed,,6640.00,0.00,1062.40,7702.40,Card,invalid_date
ORD00183749,CUST2407998,LOC0002,2025-12-19 12:09:41,Takeaway,Completed,,4770.00,0.00,715.50,5485.50,Wallet,orphan_foreign_key
ORD00183752,,LOC0001,2025-12-19 12:12:45,Dine-in,Completed,,5025.00,0.00,753.75,5778.75,Cash,missing_value
ORD00183799,,LOC0023,2025-12-19 12:50:35,Dine-in,Completed,,8690.00,0.00,1303.50,9993.50,Card,missing_value
ORD00183968,CUST0032146,LOC0020,2025-12-19 15:24:40,App,Completed,PROMO019,18850.00,76.50,2816.02,21589.52,Online,orphan_foreign_key
ORD00184077,,LOC0002,2025-12-19 18:56:04,Dine-in,Completed,PROMO019,8560.00,186.00,1256.10,9630.10,Card,missing_value
ORD00184270,CUST0024781,LOC0021,2027-11-05 17:46:00,ThirdPartyDelivery,Completed,,4225.00,0.00,633.75,4858.75,Online,invalid_date
ORD00184613,CUST0027440,LOC8319,2025-12-20 12:55:54,Dine-in,Completed,PROMO020,5930.00,750.01,777.00,5956.99,Card,invalid_restaurant_id
ORD00184825,CUST0006920,LOC8314,2025-12-20 15:16:24,Dine-in,Completed,PROMO020,8990.00,750.01,1236.00,9475.99,Cash,invalid_restaurant_id
ORD00185030,CUST1022002,LOC0023,2025-12-20 19:35:59,App,Completed,,7205.00,0.00,1080.75,8285.75,Online,orphan_foreign_key
ORD00185284,CUST0019181,LOC0008,2025-12-20 21:58:00,Dine-in,Completed,,13535.00,0.00,2165.60,15700.60,Cash,orphan_foreign_key
ORD00185356,CUST0044896,LOC0007,2025-12-20 22:47:38,App,Completed,,3450.00,6725.05,552.00,4002.00,Online,discount_exceeds_subtotal
ORD00185377,CUST1234335,LOC0018,2025-12-20 23:06:25,Dine-in,Completed,PROMO019,11490.00,549.00,1750.56,12691.56,Cash,orphan_foreign_key
ORD00185394,,LOC0023,2025-12-20 23:27:28,ThirdPartyDelivery,Completed,,6075.00,0.00,911.25,6986.25,Online,missing_value
ORD00185540,CUST0006667,LOC0023,2025-12-21 12:34:22,Dine-in,Completed,PROMO019,6760.00,10790.83,984.97,7551.47,Card,discount_exceeds_subtotal
ORD00185912,CUST0041445,LOC6707,2025-12-21 19:10:46,Dine-in,Completed,,14180.00,0.00,2127.00,16307.00,Card,invalid_restaurant_id
ORD00185937,,LOC0004,2025-12-21 19:27:26,Takeaway,Completed,,3330.00,0.00,499.50,3829.50,Cash,missing_value
ORD00186131,CUST0043432,LOC0008,2025-12-21 21:02:49,ThirdPartyDelivery,Completed,,4650.00,11508.47,744.00,5394.00,Online,discount_exceeds_subtotal
ORD00186711,CUST1461551,LOC0016,2025-12-22 19:27:29,App,Completed,,6720.00,0.00,1075.20,7795.20,Wallet,orphan_foreign_key
ORD00186745,CUST0044470,LOC0004,2025-12-22 19:57:28,App,Completed,PROMO020,7040.00,750.00,943.50,7233.50,Cash,orphan_foreign_key
ORD00186989,CUST0029351,LOC0012,2025-12-23 01:51:05,App,Completed,,3680.00,0.00,552.00,4232.00,Online,orphan_foreign_key
ORD00187865,CUST0023381,LOC0007,2025-12-24 14:01:40,Takeaway,Completed,,5980.00,0.00,956.80,6936.80,Cash,orphan_foreign_key
ORD00188456,CUST0013864,LOC0018,,Dine-in,Completed,,5955.00,0.00,952.80,6907.80,Wallet,invalid_date
ORD00188528,,LOC0005,2025-12-25 13:15:51,App,Completed,,9140.00,0.00,1371.00,10511.00,Online,missing_value
ORD00188940,CUST0011115,LOC2776,2025-12-25 20:10:02,ThirdPartyDelivery,Completed,,2390.00,0.00,382.40,2772.40,Cash,invalid_restaurant_id
ORD00189469,CUST0038054,LOC0017,2025-12-26 13:07:07,App,Completed,,4135.00,4612.64,661.60,4796.60,Card,discount_exceeds_subtotal
ORD00189806,CUST0048744,LOC0009,1970-01-01 22:42:00,Dine-in,Completed,,7870.00,0.00,1259.20,9129.20,Cash,invalid_date
ORD00189827,CUST0054213,LOC0022,2025-12-26 19:21:29,Dine-in,Completed,,17180.00,24132.17,2577.00,19757.00,Card,discount_exceeds_subtotal
ORD00189921,CUST0682748,LOC0001,2025-12-26 20:08:42,Takeaway,Completed,,9635.00,0.00,1445.25,11080.25,Card,orphan_foreign_key
ORD00190173,,LOC0013,2025-12-26 22:10:10,Website,Completed,,3035.00,0.00,455.25,3490.25,Card,missing_value
ORD00190300,CUST0005714,LOC8126,2025-12-27 10:40:49,Dine-in,Completed,,3620.00,0.00,579.20,4199.20,Wallet,invalid_restaurant_id
ORD00190674,,LOC0007,2025-12-27 15:33:30,App,Completed,,10510.00,0.00,1681.60,12191.60,Wallet,missing_value
ORD00190835,,LOC0002,2025-12-27 19:10:39,Website,Completed,,4360.00,0.00,654.00,5014.00,Card,missing_value
ORD00191249,,LOC0023,2025-12-27 23:08:27,Takeaway,Completed,,6840.00,0.00,1026.00,7866.00,Cash,missing_value
ORD00191926,CUST2402764,LOC0017,2025-12-28 19:46:29,Dine-in,Completed,PROMO019,4100.00,27.00,651.68,4724.68,Card,orphan_foreign_key
ORD00192422,CUST3390969,LOC0016,2025-12-29 12:43:52,App,Completed,,10985.00,0.00,1757.60,12742.60,Wallet,orphan_foreign_key
ORD00192424,CUST0052755,LOC0015,2025-12-29 12:45:13,Dine-in,Completed,PROMO020,16510.00,749.99,2521.60,18281.61,Cash,orphan_foreign_key
ORD00192490,CUST0020009,LOC0018,2025-12-29 13:42:15,Takeaway,Completed,,3720.00,0.00,595.20,4315.20,Cash,orphan_foreign_key
ORD00192578,CUST0016992,LOC0019,2025-12-29 15:55:24,App,Completed,,7120.00,13305.44,1139.20,8259.20,Online,discount_exceeds_subtotal
ORD00192726,CUST0015496,LOC0001,2025-12-29 19:48:12,Dine-in,Completed,,15140.00,0.00,2271.00,17411.00,Cash,orphan_foreign_key
ORD00193243,CUST0053399,LOC0013,2099-12-31 21:21:00,Website,Completed,,3810.00,0.00,571.50,4381.50,Online,invalid_date
ORD00193276,CUST0001060,LOC0001,2025-12-30 19:03:08,Dine-in,Completed,PROMO020,13395.00,750.01,1896.75,14541.74,Cash,orphan_foreign_key
ORD00193546,CUST0013789,LOC0020,1900-01-01 13:08:00,Takeaway,Completed,,7190.00,0.00,1078.50,8268.50,Cash,invalid_date
ORD00193679,CUST0022643,LOC1469,2025-12-31 12:08:43,Website,Completed,,390.00,0.00,58.50,448.50,Card,invalid_restaurant_id
ORD00193834,CUST0040890,LOC0008,2025-12-31 13:45:56,Dine-in,Completed,PROMO020,16865.00,23370.12,2578.40,18693.40,Card,discount_exceeds_subtotal
ORD00193885,CUST0023208,LOC2530,2025-12-31 14:15:06,App,Completed,,5710.00,0.00,913.60,6623.60,Online,invalid_restaurant_id
ORD00194094,CUST0000714,LOC8083,2025-12-31 18:37:56,ThirdPartyDelivery,Completed,,3390.00,0.00,508.50,3898.50,Cash,invalid_restaurant_id
ORD00194247,CUST3805939,LOC0012,2025-12-31 20:11:25,Takeaway,Completed,,7810.00,0.00,1171.50,8981.50,Card,orphan_foreign_key
ORD00194402,CUST0020473,LOC4850,2025-12-31 21:25:06,Takeaway,Completed,PROMO020,12995.00,750.01,1836.75,14081.74,Cash,invalid_restaurant_id
