rating_id,customer_id,item_id,location_id,order_id,rating_value,rating_date,review_text,quarantine_reason
RAT0000010,CUST0050300,,LOC0020,ORD00000366,5,2025-01-01,Highly recommended.,orphan_foreign_key
RAT0000016,CUST0042500,ITEM0073,LOC0004,ORD00000301,2,2025-01-01,,orphan_foreign_key
RAT0000018,CUST0032977,ITEM0138,LOC0018,ORD00000111,7,2025-01-01,,invalid_rating
RAT0000025,CUST0042500,ITEM0147,LOC0004,ORD00000301,3,2025-01-01,,orphan_foreign_key
RAT0000035,CUST0001598,ITEM0081,LOC0017,ORD00000106,,2025-01-01,"Good food, will order again.",missing_value
RAT0000067,CUST0042500,,LOC0004,ORD00000301,5,2025-01-01,Highly recommended.,orphan_foreign_key
RAT0000068,CUST3772266,ITEM0005,LOC0005,ORD00000228,4,2025-01-01,Tasty and fresh.,orphan_foreign_key
RAT0000070,CUST0044691,ITEM0055,LOC0020,ORD00000326,3,2025-01-01,,orphan_foreign_key
RAT0000110,CUST0003368,ITEM0098,LOC0003,ORD00000312,3,2025-01-01,,orphan_foreign_key
RAT0000118,CUST0024897,ITEM0061,LOC0020,ORD00000501,2,2025-01-02,,orphan_foreign_key
RAT0000130,CUST0010203,,LOC0011,ORD00000073,,2025-01-02,Decent but overpriced.,missing_value
RAT0000141,CUST0032963,ITEM0024,LOC0004,ORD00000627,3,2025-01-02,,orphan_foreign_key
RAT0000152,CUST0028400,ITEM0056,LOC0017,ORD00000258,3,2025-01-02,,orphan_foreign_key
RAT0000156,CUST0013314,ITEM0081,LOC0006,ORD00000610,3,2025-01-02,It was okay.,orphan_foreign_key
RAT0000173,CUST0007132,ITEM0129,LOC0023,ORD00000491,4,2025-01-02,,orphan_foreign_key
RAT0000177,CUST0042424,ITEM0148,LOC0017,ORD00000505,3,2025-01-02,,orphan_foreign_key
RAT0000181,CUST0022667,ITEM0134,LOC0013,ORD00000789,6,2025-01-02,,invalid_rating
RAT0000194,CUST0021831,ITEM0064,LOC0007,ORD00000580,4,2025-01-02,Tasty and fresh.,orphan_foreign_key
RAT0000212,CUST0001903,ITEM0148,LOC0013,ORD00000552,,2025-01-02,,missing_value
RAT0000216,CUST0011452,ITEM0054,LOC0013,ORD00000064,,2025-01-02,Highly recommended.,missing_value
RAT0000233,CUST0052741,ITEM0040,LOC0014,ORD00000423,3,2025-01-02,It was okay.,orphan_foreign_key
RAT0000235,CUST0010092,ITEM0042,LOC0012,ORD00000622,4,2025-01-02,"Good food, will order again.",orphan_foreign_key
RAT0000242,CUST0012654,ITEM0069,LOC0003,ORD00000289,0,2025-01-02,,invalid_rating
RAT0000252,CUST0021831,ITEM0133,LOC0007,ORD00000580,5,2025-01-02,,orphan_foreign_key
RAT0000269,CUST0052183,ITEM0026,LOC0017,ORD00000350,,2025-01-02,It was okay.,missing_value
RAT0000288,CUST0007132,ITEM0015,LOC0023,ORD00000491,4,2025-01-02,,orphan_foreign_key
RAT0000307,CUST0048280,ITEM0035,LOC0014,ORD00000793,3,2025-01-03,It was okay.,orphan_foreign_key
RAT0000309,CUST0019057,ITEM0148,LOC0008,ORD00000946,,2025-01-03,Nice ambience and good service.,missing_value
RAT0000312,CUST0006965,ITEM0134,LOC0019,ORD00001209,3,,,invalid_date
RAT0000316,CUST0041360,ITEM0023,LOC6289,ORD00001127,4,2025-01-03,,invalid_restaurant_id
RAT0000335,CUST0009406,,LOC0019,ORD00000931,4,,,invalid_date
RAT0000337,CUST0010092,ITEM0148,LOC0012,ORD00000622,4,2025-01-03,Good value for money.,orphan_foreign_key
RAT0000345,CUST0052273,ITEM0154,LOC6768,ORD00001172,4,2025-01-03,,invalid_restaurant_id
RAT0000352,CUST0025889,,LOC0014,ORD00000618,4,2025-01-03,,orphan_foreign_key
RAT0000398,CUST0000609,,LOC0016,ORD00000332,5,2025-01-03,Highly recommended.,orphan_foreign_key
RAT0000403,CUST0042424,ITEM0151,LOC0017,ORD00000505,3,2025-01-03,,orphan_foreign_key
RAT0000411,CUST0002123,ITEM0044,LOC0020,ORD00001157,0,2025-01-03,,invalid_rating
RAT0000425,CUST0018409,ITEM0081,LOC0014,ORD00000084,3,2025-01-03,,orphan_foreign_key
RAT0000444,CUST0018983,ITEM0148,LOC0009,ORD00000548,5,,Highly recommended.,invalid_date
RAT0000446,CUST0017713,,LOC0003,ORD00001156,,2025-01-03,,missing_value
RAT0000450,CUST0042190,ITEM0131,LOC0016,ORD00001332,5,2025-01-03,,orphan_foreign_key
RAT0000455,CUST0014156,,LOC0016,ORD00000973,,2025-01-03,,missing_value
RAT0000466,CUST0044468,,LOC0025,ORD00000888,10,2025-01-03,,invalid_rating
RAT0000469,CUST0015630,ITEM0054,LOC0003,ORD00001259,3,1900-01-01,Decent but overpriced.,invalid_date
RAT0000483,CUST0039298,ITEM0148,LOC0003,ORD00001188,7,2025-01-03,,invalid_rating
RAT0000491,CUST0048156,ITEM0081,LOC0012,ORD00001243,4,,,invalid_date
RAT0000503,CUST0035462,ITEM0033,LOC0002,ORD00001264,3,2025-01-03,,orphan_foreign_key
RAT0000509,CUST0001903,ITEM0113,LOC0013,ORD00000744,5,1900-01-01,,invalid_date
RAT0000510,CUST0000989,ITEM0113,LOC0025,ORD00000879,3,2025-01-03,,orphan_foreign_key
RAT0000516,CUST0034072,ITEM0151,LOC9255,ORD00000439,3,2025-01-03,Good taste but late delivery.,invalid_restaurant_id
RAT0000573,CUST0044759,ITEM0129,LOC0002,ORD00002134,,2025-01-04,,missing_value
RAT0000609,CUST0000989,ITEM0077,LOC0025,ORD00000879,5,2025-01-04,,orphan_foreign_key
RAT0000611,CUST0013971,ITEM0100,LOC0010,ORD00000980,,2025-01-04,Decent but overpriced.,missing_value
RAT0000612,CUST4599135,ITEM0006,LOC0015,ORD00001704,3,2025-01-04,,orphan_foreign_key
RAT0000669,CUST9957863,ITEM0151,LOC0009,ORD00001906,4,2025-01-04,Tasty and fresh.,orphan_foreign_key
RAT0000688,CUST0023305,ITEM0027,LOC0015,ORD00000741,,2025-01-04,"Taste was fine, packaging poor.",missing_value
RAT0000689,CUST0011232,ITEM0057,LOC0020,ORD00002132,4,2025-01-04,,orphan_foreign_key
RAT0000697,CUST0030462,ITEM0143,LOC0013,ORD00001417,5,2025-01-04,Amazing food and friendly staff.,orphan_foreign_key
RAT0000708,CUST0024945,ITEM0050,LOC0007,ORD00001200,4,2025-01-04,,orphan_foreign_key
RAT0000715,CUST0008833,ITEM0160,LOC0013,ORD00000279,,2025-01-04,,missing_value
RAT0000717,CUST0005097,ITEM0148,LOC3335,ORD00002023,4,2025-01-04,,invalid_restaurant_id
RAT0000724,CUST0015204,ITEM0140,LOC8332,ORD00001346,4,2025-01-04,,invalid_restaurant_id
RAT0000748,CUST0028501,ITEM0131,LOC0018,ORD00001980,4,2025-01-04,,orphan_foreign_key
RAT0000764,CUST0032659,,LOC0014,ORD00001545,3,2025-01-04,"Average, nothing special.",orphan_foreign_key
RAT0000803,CUST0042267,ITEM0134,LOC0024,ORD00001033,3,2025-01-04,"Taste was fine, packaging poor.",orphan_foreign_key
RAT0000811,CUST0012449,ITEM0136,LOC0014,ORD00001948,,2025-01-04,"Taste was fine, packaging poor.",missing_value
RAT0000816,CUST0037990,ITEM0149,LOC0007,ORD00001922,3,2025-01-04,"Taste was fine, packaging poor.",orphan_foreign_key
RAT0000817,CUST0015496,,LOC0001,ORD00002006,3,2025-01-04,"Average, nothing special.",orphan_foreign_key
RAT0000823,CUST0024895,ITEM0109,LOC0013,ORD00001060,4,2025-01-04,,orphan_foreign_key
RAT0000825,CUST0023900,,LOC0009,ORD00001514,4,2025-01-04,,orphan_foreign_key
RAT0000849,CUST0052747,ITEM0148,LOC0004,ORD00000742,7,2025-01-04,,invalid_rating
RAT0000866,CUST0027735,,LOC0003,ORD00001869,4,1900-01-01,,invalid_date
RAT0000874,CUST0054807,ITEM0151,LOC0016,ORD00000906,4,2025-01-05,,orphan_foreign_key
RAT0000876,CUST0017220,ITEM0129,LOC0005,ORD00002729,4,2025-01-05,,orphan_foreign_key
RAT0000878,CUST0043344,ITEM0073,LOC0009,ORD00001604,55,2025-01-05,,invalid_rating
RAT0000886,CUST0043232,ITEM0135,LOC0001,ORD00002678,6,2025-01-05,,invalid_rating
RAT0000895,CUST0025041,ITEM0160,LOC0008,ORD00001180,5,2025-01-05,,orphan_foreign_key
RAT0000897,CUST0050761,ITEM0005,LOC0009,ORD00002769,3,2025-01-05,,orphan_foreign_key
RAT0000901,CUST0005583,ITEM0143,LOC0009,ORD00002339,6,2025-01-05,,invalid_rating
RAT0000913,CUST0692776,ITEM0022,LOC0002,ORD00002234,5,2025-01-05,,orphan_foreign_key
RAT0000932,CUST0006569,ITEM0134,LOC0016,ORD00001705,3,2031-07-22,,invalid_date
RAT0000944,CUST0012980,ITEM0068,LOC0007,ORD00002383,,2025-01-05,,missing_value
RAT0000962,CUST0024945,ITEM0146,LOC0007,ORD00001200,4,2025-01-05,,orphan_foreign_key
RAT0000974,CUST0029240,ITEM0148,LOC0014,ORD00002726,5,2025-01-05,,orphan_foreign_key
RAT0000981,CUST0004057,ITEM0066,LOC0008,ORD00002253,55,2025-01-05,,invalid_rating
RAT0000991,CUST0002281,ITEM0138,LOC0004,ORD00002149,4,2025-01-05,,orphan_foreign_key
RAT0000993,CUST3039656,ITEM0135,LOC0025,ORD00000795,4,2025-01-05,"Good food, will order again.",orphan_foreign_key
RAT0001013,CUST0024740,ITEM0046,LOC0024,ORD00001799,2,2025-01-05,,orphan_foreign_key
RAT0001030,CUST0021434,ITEM0034,LOC0008,ORD00000471,4,2031-07-22,,invalid_date
RAT0001032,CUST0002127,,LOC9302,ORD00001735,4,2025-01-05,,invalid_restaurant_id
RAT0001037,CUST0024897,ITEM0112,LOC0020,ORD00000501,4,2025-01-05,,orphan_foreign_key
RAT0001039,CUST0052996,ITEM0048,LOC4800,ORD00000594,5,2025-01-05,,invalid_restaurant_id
RAT0001058,CUST0051962,ITEM0041,LOC0009,ORD00001409,,2025-01-05,Tasty and fresh.,missing_value
RAT0001068,CUST0008813,ITEM0061,LOC0006,ORD00002471,2,2025-01-05,Portion was too small.,orphan_foreign_key
RAT0001072,CUST0020634,ITEM0014,LOC0009,ORD00002619,10,2025-01-05,,invalid_rating
RAT0001079,CUST0052867,ITEM0037,LOC0019,ORD00002139,5,2027-11-05,,invalid_date
RAT0001083,CUST0011232,,LOC0020,ORD00002132,3,2025-01-05,,orphan_foreign_key
RAT0001085,CUST0006151,ITEM0061,LOC0002,ORD00000873,,2025-01-05,,missing_value
RAT0001092,CUST0029827,ITEM0086,LOC1980,ORD00002632,3,2025-01-05,It was okay.,invalid_restaurant_id
RAT0001098,CUST0036430,ITEM0135,LOC0016,ORD00002415,5,2025-01-05,Amazing food and friendly staff.,orphan_foreign_key
RAT0001126,CUST0006428,,LOC0004,ORD00002448,,2025-01-05,,missing_value
RAT0001133,CUST0032659,ITEM0045,LOC0014,ORD00001545,4,2025-01-05,Nice ambience and good service.,orphan_foreign_key
RAT0001143,CUST0024897,ITEM0125,LOC0010,ORD00002423,3,2025-01-05,,orphan_foreign_key
RAT0001146,CUST0020505,ITEM0042,LOC0005,ORD00002759,,2025-01-05,,missing_value
RAT0001166,CUST0019517,ITEM0021,LOC0018,ORD00002620,,2025-01-05,It was okay.,missing_value
RAT0001174,CUST0042295,ITEM0068,LOC0022,ORD00002815,0,2025-01-05,,invalid_rating
RAT0001182,CUST0053473,ITEM0160,LOC0013,ORD00001481,5,2025-01-05,Best in town.,orphan_foreign_key
RAT0001183,CUST0008412,ITEM0046,LOC0018,ORD00002236,3,2025-01-05,,orphan_foreign_key
RAT0001192,CUST0050495,ITEM0048,LOC0012,ORD00002160,5,2025-01-05,Amazing food and friendly staff.,orphan_foreign_key
RAT0001194,CUST0005097,ITEM0129,LOC0005,ORD00002023,4,,"Good food, will order again.",invalid_date
RAT0001210,CUST0034063,ITEM0129,LOC0003,ORD00001263,4,2025-01-06,,orphan_foreign_key
RAT0001217,CUST2735495,ITEM0098,LOC0003,ORD00003165,3,2025-01-06,"Taste was fine, packaging poor.",orphan_foreign_key
RAT0001225,CUST0053613,ITEM0016,LOC0011,ORD00002903,,2025-01-06,"Average, nothing special.",missing_value
RAT0001236,CUST0000989,ITEM0057,LOC0025,ORD00000879,4,2025-01-06,,orphan_foreign_key
RAT0001239,CUST2345975,ITEM0154,LOC0025,ORD00001557,3,2025-01-06,,orphan_foreign_key
RAT0001240,CUST0039441,ITEM0147,LOC0017,ORD00002356,3,2025-01-06,Decent but overpriced.,orphan_foreign_key
RAT0001252,CUST0031286,ITEM0112,LOC0001,ORD00002595,4,2025-01-06,,orphan_foreign_key
RAT0001253,CUST0007897,ITEM0148,LOC7382,ORD00002882,4,2025-01-06,Enjoyed the meal.,invalid_restaurant_id
RAT0001264,CUST0042676,ITEM0086,LOC0018,ORD00002696,2,2025-01-06,,orphan_foreign_key
RAT0001274,CUST0041396,ITEM0018,LOC0011,ORD00003219,,2025-01-06,,missing_value
RAT0001297,CUST0021984,ITEM0153,LOC0022,ORD00002952,2,2025-01-06,Portion was too small.,orphan_foreign_key
RAT0001299,CUST0023627,ITEM0125,LOC0020,ORD00002728,5,1900-01-01,,invalid_date
RAT0001300,CUST0046273,ITEM0057,LOC0013,ORD00002853,,2025-01-06,,missing_value
RAT0001320,CUST0003701,ITEM0005,LOC0019,ORD00002631,4,2025-01-06,,orphan_foreign_key
RAT0001323,CUST0041983,,LOC0016,ORD00002548,4,2025-01-06,"Good food, will order again.",orphan_foreign_key
RAT0001324,CUST0013462,ITEM0062,LOC0009,ORD00003214,6,2025-01-06,,invalid_rating
RAT0001333,CUST0002237,ITEM0148,LOC0025,ORD00003196,4,2025-01-06,,orphan_foreign_key
RAT0001336,CUST0022750,ITEM0088,LOC0018,ORD00002681,3,2025-01-06,,orphan_foreign_key
RAT0001355,CUST0020895,ITEM0141,LOC0002,ORD00000661,2,2025-01-06,,orphan_foreign_key
RAT0001395,CUST0027838,ITEM0054,LOC0005,ORD00003098,5,,,invalid_date
RAT0001396,CUST0021334,ITEM0055,LOC0015,ORD00003167,,2025-01-06,,missing_value
RAT0001397,CUST0054575,ITEM0070,LOC0008,ORD00002898,4,2025-01-06,,orphan_foreign_key
RAT0001404,CUST0014863,ITEM0154,LOC0019,ORD00001283,4,2025-01-06,,orphan_foreign_key
RAT0001410,CUST1303189,ITEM0113,LOC0022,ORD00001346,5,2025-01-06,,orphan_foreign_key
RAT0001414,CUST0008412,ITEM0155,LOC0018,ORD00002236,3,2025-01-06,It was okay.,orphan_foreign_key
RAT0001419,CUST0035735,,LOC0883,ORD00000475,5,2025-01-06,,invalid_restaurant_id
RAT0001422,CUST0039441,ITEM0148,LOC0017,ORD00002356,4,2025-01-06,,orphan_foreign_key
RAT0001424,CUST0018244,ITEM0048,LOC0018,ORD00003105,,2025-01-06,Portion was too small.,missing_value
RAT0001428,CUST0027505,ITEM0134,LOC0004,ORD00003082,5,2025-01-06,Amazing food and friendly staff.,orphan_foreign_key
RAT0001434,CUST0042676,ITEM0044,LOC0018,ORD00002696,4,2025-01-06,,orphan_foreign_key
RAT0001442,CUST0036430,ITEM0018,LOC0016,ORD00002415,5,2025-01-06,,orphan_foreign_key
RAT0001477,CUST0031357,,LOC0005,ORD00003620,,2025-01-07,,missing_value
RAT0001490,CUST0016805,ITEM0002,LOC8441,ORD00003282,4,2025-01-07,,invalid_restaurant_id
RAT0001491,CUST0019303,ITEM0094,LOC0003,ORD00003486,1,,Order was wrong and tasted stale.,invalid_date
RAT0001510,CUST0037609,,LOC0012,ORD00003398,5,2025-01-07,,orphan_foreign_key
RAT0001516,CUST0052543,ITEM0113,LOC0023,ORD00003341,3,2025-01-07,,orphan_foreign_key
RAT0001525,CUST0029216,ITEM0058,LOC0014,ORD00002330,,2025-01-07,Tasty and fresh.,missing_value
RAT0001549,CUST4840844,ITEM0134,LOC0004,ORD00002966,3,2025-01-07,,orphan_foreign_key
RAT0001594,CUST0019155,ITEM0066,LOC0016,ORD00003327,4,2025-01-07,,orphan_foreign_key
RAT0001622,CUST0008357,,LOC0002,ORD00002268,,2025-01-07,,missing_value
RAT0001636,CUST0012286,ITEM0022,LOC0008,ORD00001352,4,2025-01-07,"Good food, will order again.",orphan_foreign_key
RAT0001643,CUST0023060,ITEM0034,LOC0023,ORD00002931,3,2025-01-07,"Taste was fine, packaging poor.",orphan_foreign_key
RAT0001645,CUST0053828,ITEM0147,LOC0014,ORD00003364,-1,2025-01-07,,invalid_rating
RAT0001658,CUST0020368,ITEM0148,LOC0004,ORD00000065,3,2025-01-07,Good taste but late delivery.,orphan_foreign_key
RAT0001674,CUST0034625,ITEM0073,LOC0003,ORD00003418,2,2025-01-07,,orphan_foreign_key
RAT0001678,CUST0001484,ITEM0033,LOC0013,ORD00002890,3,2025-01-07,It was okay.,orphan_foreign_key
RAT0001689,CUST0034405,ITEM0063,LOC2406,ORD00003512,4,2025-01-07,,invalid_restaurant_id
RAT0001690,CUST0046441,ITEM0046,LOC0005,ORD00002854,,2025-01-07,"Good food, will order again.",missing_value
RAT0001700,CUST0006151,,LOC0002,ORD00000873,4,1970-01-01,,invalid_date
RAT0001705,CUST0012671,ITEM0068,LOC0014,ORD00003388,4,2025-01-08,,orphan_foreign_key
RAT0001706,CUST0035561,ITEM0061,LOC0005,ORD00004032,2,2025-01-08,,orphan_foreign_key
RAT0001759,CUST0045153,ITEM0137,LOC0017,ORD00000901,10,2025-01-08,"Taste was fine, packaging poor.",invalid_rating
RAT0001770,CUST0018320,ITEM0040,LOC0016,ORD00002446,4,2025-01-08,,orphan_foreign_key
RAT0001789,CUST0012804,ITEM0134,LOC0020,ORD00003631,4,2025-01-08,,orphan_foreign_key
RAT0001795,CUST0002237,,LOC0025,ORD00003285,3,2025-01-08,,orphan_foreign_key
RAT0001796,CUST0015359,,LOC0013,ORD00000015,5,2025-01-08,,orphan_foreign_key
RAT0001802,CUST0013800,ITEM0090,LOC0018,ORD00003038,-1,2025-01-08,,invalid_rating
RAT0001805,CUST0042596,ITEM0058,LOC0021,ORD00003963,4,2025-01-08,Tasty and fresh.,orphan_foreign_key
RAT0001834,CUST0036781,ITEM0046,LOC0025,ORD00004024,2,2025-01-08,Below average taste.,orphan_foreign_key
RAT0001854,CUST0052809,ITEM0122,LOC0020,ORD00003190,6,2025-01-08,,invalid_rating
RAT0001863,CUST0029803,ITEM0134,LOC0013,ORD00003644,5,2025-01-08,,orphan_foreign_key
RAT0001879,CUST0008319,ITEM0050,LOC0009,ORD00002657,,2025-01-08,,missing_value
RAT0001880,CUST0048664,,LOC0017,ORD00004010,4,,,invalid_date
RAT0001900,CUST0040086,ITEM0045,LOC0018,ORD00003531,4,2025-01-08,"Good food, will order again.",orphan_foreign_key
RAT0001902,CUST0051069,ITEM0134,LOC6223,ORD00000672,4,2025-01-08,,invalid_restaurant_id
RAT0001903,CUST0019043,ITEM0134,LOC0023,ORD00003774,,2025-01-08,Nice ambience and good service.,missing_value
RAT0001917,CUST0038421,ITEM0045,LOC0015,ORD00004183,3,2025-01-09,,orphan_foreign_key
RAT0001935,CUST0028501,ITEM0071,LOC0018,ORD00001980,4,2025-01-09,,orphan_foreign_key
RAT0001988,CUST0021521,ITEM0061,LOC0021,ORD00003948,2,2025-01-09,,orphan_foreign_key
RAT0001998,CUST0029057,,LOC0001,ORD00004568,6,2025-01-09,,invalid_rating
RAT0002004,CUST0014803,ITEM0021,LOC0023,ORD00003520,3,2025-01-09,,orphan_foreign_key
RAT0002030,CUST0042726,ITEM0015,LOC0020,ORD00003467,4,2025-01-09,Good value for money.,orphan_foreign_key
RAT0002032,CUST0049576,ITEM0151,LOC0005,ORD00001910,6,2025-01-09,"Good food, will order again.",invalid_rating
RAT0002060,CUST0034880,ITEM0124,LOC0010,ORD00004211,4,2025-01-09,Enjoyed the meal.,orphan_foreign_key
RAT0002068,CUST0042637,ITEM0109,LOC0020,ORD00004373,3,2025-01-09,,orphan_foreign_key
RAT0002113,CUST0021082,ITEM0067,LOC0007,ORD00004570,3,2025-01-09,,orphan_foreign_key
RAT0002130,CUST0052272,ITEM0068,LOC0020,ORD00004330,4,2025-01-09,Tasty and fresh.,orphan_foreign_key
RAT0002180,CUST0030755,ITEM0048,LOC0003,ORD00004775,3,2025-01-10,Good taste but late delivery.,orphan_foreign_key
RAT0002201,CUST0021082,ITEM0040,LOC0007,ORD00004570,4,2025-01-10,,orphan_foreign_key
RAT0002215,CUST0031236,ITEM0134,LOC5601,ORD00004637,5,2025-01-10,Best in town.,invalid_restaurant_id
RAT0002228,CUST8233304,ITEM0151,LOC0023,ORD00004158,3,2025-01-10,,orphan_foreign_key
RAT0002231,CUST0005306,ITEM0061,LOC0002,ORD00004834,1,2025-01-10,,orphan_foreign_key
RAT0002253,CUST0015359,ITEM0040,LOC0003,ORD00004955,4,2025-01-10,,orphan_foreign_key
RAT0002254,CUST0047041,ITEM0121,LOC4634,ORD00004724,5,2025-01-10,,invalid_restaurant_id
RAT0002277,CUST0041270,ITEM0139,LOC0005,ORD00002411,4,,,invalid_date
RAT0002291,CUST0044006,ITEM0035,LOC0010,ORD00004756,,2025-01-10,,missing_value
RAT0002295,CUST0019155,ITEM0068,LOC0016,ORD00003327,3,2025-01-10,It was okay.,orphan_foreign_key
RAT0002306,CUST0049833,ITEM0055,LOC0003,ORD00005246,4,2025-01-10,,orphan_foreign_key
RAT0002314,CUST0027709,ITEM0060,LOC0004,ORD00004247,4,2025-01-10,,orphan_foreign_key
RAT0002316,CUST0004788,,LOC0003,ORD00005154,5,1900-01-01,"Excellent, loved it!",invalid_date
RAT0002319,CUST0030423,ITEM0121,LOC0001,ORD00004866,,2025-01-10,It was okay.,missing_value
RAT0002321,CUST3461756,ITEM0025,LOC0015,ORD00004542,4,2025-01-10,,orphan_foreign_key
RAT0002338,CUST0015359,ITEM0061,LOC0003,ORD00004955,1,2025-01-10,,orphan_foreign_key
RAT0002341,CUST0030773,,LOC0001,ORD00004288,-1,2025-01-10,,invalid_rating
RAT0002343,CUST0040249,ITEM0083,LOC0022,ORD00004216,5,,Amazing food and friendly staff.,invalid_date
RAT0002346,CUST0038684,ITEM0016,LOC0018,ORD00002672,,2025-01-10,,missing_value
RAT0002348,CUST0021082,ITEM0081,LOC0007,ORD00004570,,2025-01-10,,missing_value
RAT0002362,CUST0012691,ITEM0033,LOC0014,ORD00004982,7,2025-01-10,,invalid_rating
RAT0002367,CUST0049165,ITEM0160,LOC6454,ORD00005082,4,2025-01-10,"Good food, will order again.",invalid_restaurant_id
RAT0002377,CUST0023979,ITEM0155,LOC0012,ORD00004963,55,2025-01-10,,invalid_rating
RAT0002393,CUST9128852,ITEM0089,LOC0018,ORD00004671,4,2025-01-10,,orphan_foreign_key
RAT0002406,CUST0002617,ITEM0046,LOC0008,ORD00002891,3,2025-01-10,,orphan_foreign_key
RAT0002439,CUST0027709,ITEM0133,LOC0004,ORD00004247,3,2025-01-10,,orphan_foreign_key
RAT0002469,CUST0053671,ITEM0088,LOC0011,ORD00004567,4,2025-01-10,,orphan_foreign_key
RAT0002481,CUST0006622,ITEM0061,LOC0006,ORD00004631,2,2025-01-10,Not fresh.,orphan_foreign_key
RAT0002592,CUST0036295,ITEM0016,LOC1217,ORD00005556,2,2025-01-11,Portion was too small.,invalid_restaurant_id
RAT0002593,CUST2076948,ITEM0058,LOC0005,ORD00005758,3,2025-01-11,Decent but overpriced.,orphan_foreign_key
RAT0002594,CUST0040325,ITEM0112,LOC0011,ORD00004841,4,2025-01-11,,orphan_foreign_key
RAT0002599,CUST0030130,ITEM0143,LOC0008,ORD00005141,6,2025-01-11,,invalid_rating
RAT0002600,CUST0052901,ITEM0036,LOC0023,ORD00005819,4,2025-01-11,,orphan_foreign_key
RAT0002619,CUST7185116,ITEM0054,LOC0007,ORD00004510,3,2025-01-11,,orphan_foreign_key
RAT0002635,CUST0023839,,LOC0004,ORD00005867,3,2025-01-11,"Average, nothing special.",orphan_foreign_key
RAT0002636,CUST0026078,ITEM0126,LOC0007,ORD00005662,,2025-01-11,,missing_value
RAT0002648,CUST0047085,,LOC0003,ORD00003780,3,2025-01-11,,orphan_foreign_key
RAT0002652,CUST0047132,ITEM0081,LOC5330,ORD00003571,5,2025-01-11,,invalid_restaurant_id
RAT0002660,CUST0017349,,LOC0008,ORD00005842,5,2025-01-11,"Excellent, loved it!",orphan_foreign_key
RAT0002661,CUST0038866,ITEM0051,LOC0012,ORD00005559,5,2025-01-11,,orphan_foreign_key
RAT0002668,CUST0046838,ITEM0058,LOC0014,ORD00005460,4,2025-01-11,,orphan_foreign_key
RAT0002677,CUST0008837,ITEM0141,LOC0004,ORD00005416,2,2025-01-11,Took too long to arrive.,orphan_foreign_key
RAT0002681,CUST0023369,ITEM0113,LOC0020,ORD00005561,-1,2025-01-11,Enjoyed the meal.,invalid_rating
RAT0002684,CUST0016008,ITEM0148,LOC8864,ORD00005591,3,2025-01-11,,invalid_restaurant_id
RAT0002696,CUST0052901,ITEM0134,LOC0023,ORD00005819,5,2025-01-11,Perfect taste and quick service.,orphan_foreign_key
RAT0002698,CUST0032128,ITEM0157,LOC0005,ORD00004766,3,2025-01-11,,orphan_foreign_key
RAT0002706,CUST0024535,ITEM0073,LOC0009,ORD00003193,2,2025-01-11,,orphan_foreign_key
RAT0002708,CUST0032224,ITEM0040,LOC0017,ORD00005307,3,2025-01-11,It was okay.,orphan_foreign_key
RAT0002710,CUST0031553,ITEM0059,LOC0008,ORD00005390,5,2025-01-11,Perfect taste and quick service.,orphan_foreign_key
RAT0002716,CUST0054718,ITEM0071,LOC0009,ORD00005817,3,2025-01-11,,orphan_foreign_key
RAT0002726,CUST0053473,ITEM0090,LOC0013,ORD00005451,3,2025-01-11,Good taste but late delivery.,orphan_foreign_key
RAT0002729,CUST0003905,ITEM0034,LOC0004,ORD00005652,4,2025-01-11,,orphan_foreign_key
RAT0002761,CUST0015663,ITEM0130,LOC0006,ORD00005802,,2025-01-11,,missing_value
RAT0002780,CUST0008837,ITEM0151,LOC0004,ORD00005416,3,2025-01-11,,orphan_foreign_key
RAT0002791,CUST0052901,ITEM0022,LOC0023,ORD00005819,4,2025-01-11,,orphan_foreign_key
RAT0002793,CUST0017349,ITEM0042,LOC0008,ORD00005842,5,2025-01-11,,orphan_foreign_key
RAT0002805,CUST0015639,ITEM0151,LOC0010,ORD00005519,3,2025-01-11,,orphan_foreign_key
RAT0002823,CUST7095714,,LOC0008,ORD00005372,5,2025-01-12,Perfect taste and quick service.,orphan_foreign_key
RAT0002833,CUST0024897,ITEM0068,LOC0010,ORD00006029,3,2025-01-12,,orphan_foreign_key
RAT0002838,CUST0007311,ITEM0151,LOC0020,ORD00004848,6,2025-01-12,,invalid_rating
RAT0002861,CUST0004957,ITEM0011,LOC0015,ORD00005365,4,2025-01-12,,orphan_foreign_key
RAT0002862,CUST0009206,ITEM0157,LOC0007,ORD00003044,,2025-01-12,,missing_value
RAT0002867,CUST0049618,ITEM0102,LOC0005,ORD00006162,2,2025-01-12,,orphan_foreign_key
RAT0002892,CUST0031251,ITEM0081,LOC0004,ORD00006219,,2025-01-12,,missing_value
RAT0002902,CUST0018240,,LOC0022,ORD00004223,4,2025-01-12,,orphan_foreign_key
RAT0002926,CUST0031642,,LOC0013,ORD00004689,5,2025-01-12,Best in town.,orphan_foreign_key
RAT0002929,CUST0008837,ITEM0045,LOC0004,ORD00005416,2,2025-01-12,,orphan_foreign_key
RAT0002933,CUST0042339,ITEM0124,LOC0002,ORD00006418,,2025-01-12,,missing_value
RAT0002943,CUST0016884,ITEM0052,LOC0013,ORD00006347,0,2025-01-12,,invalid_rating
RAT0002952,CUST0006622,ITEM0148,LOC0006,ORD00004631,4,2025-01-12,,orphan_foreign_key
RAT0002973,CUST0048662,,LOC0009,ORD00006042,4,2025-01-12,,orphan_foreign_key
RAT0002979,CUST0004567,ITEM0070,LOC0018,ORD00006455,,2025-01-12,,missing_value
RAT0002994,CUST0008791,ITEM0035,LOC0023,ORD00004683,4,2025-01-12,,orphan_foreign_key
RAT0003004,CUST0040195,ITEM0135,LOC0018,ORD00005991,-1,2025-01-12,,invalid_rating
RAT0003010,CUST0043101,ITEM0155,LOC0012,ORD00001971,5,2025-01-12,Amazing food and friendly staff.,orphan_foreign_key
RAT0003015,CUST0025125,ITEM0131,LOC0003,ORD00005716,4,2025-01-12,Nice ambience and good service.,orphan_foreign_key
RAT0003026,CUST0034880,ITEM0155,LOC0010,ORD00004211,3,2025-01-12,Good taste but late delivery.,orphan_foreign_key
RAT0003035,CUST0022342,ITEM0050,LOC0023,ORD00006293,,2025-01-12,Good taste but late delivery.,missing_value
RAT0003041,CUST0038421,ITEM0151,LOC0015,ORD00004183,4,2025-01-12,,orphan_foreign_key
RAT0003042,CUST5540190,ITEM0006,LOC0024,ORD00005565,3,2025-01-12,Decent but overpriced.,orphan_foreign_key
RAT0003043,CUST0048577,,LOC0022,ORD00004150,5,2025-01-12,,orphan_foreign_key
RAT0003054,CUST0004611,ITEM0068,LOC0025,ORD00006021,3,2025-01-12,,orphan_foreign_key
RAT0003076,CUST0043863,ITEM0068,LOC0021,ORD00005877,4,,,invalid_date
RAT0003086,CUST0054560,ITEM0047,LOC0018,ORD00005250,3,2025-01-13,Decent but overpriced.,orphan_foreign_key
RAT0003103,CUST0012722,ITEM0128,LOC0003,ORD00006258,,2025-01-13,,missing_value
RAT0003115,CUST0051438,ITEM0134,LOC1104,ORD00006575,4,2025-01-13,Nice ambience and good service.,invalid_restaurant_id
RAT0003119,CUST0026479,ITEM0055,LOC0001,ORD00006622,6,2025-01-13,,invalid_rating
RAT0003120,CUST3329394,,LOC0019,ORD00006340,2,2025-01-13,,orphan_foreign_key
RAT0003128,CUST0031059,ITEM0057,LOC0022,ORD00006504,,2025-01-13,,missing_value
RAT0003131,CUST0015280,ITEM0058,LOC0022,ORD00005397,55,2025-01-13,Enjoyed the meal.,invalid_rating
RAT0003133,CUST0009792,ITEM0109,LOC0007,ORD00006190,,2025-01-13,,missing_value
RAT0003137,CUST0034522,,LOC0001,ORD00006562,5,2099-12-31,"Excellent, loved it!",invalid_date
RAT0003160,CUST0032317,ITEM0094,LOC0004,ORD00006536,,2025-01-13,It was okay.,missing_value
RAT0003197,CUST0015862,ITEM0148,LOC0012,ORD00006433,,2025-01-13,,missing_value
RAT0003198,CUST0036025,ITEM0034,LOC8157,ORD00006519,4,2025-01-13,,invalid_restaurant_id
RAT0003203,CUST0018240,ITEM0124,LOC0022,ORD00004223,4,2025-01-13,"Good food, will order again.",orphan_foreign_key
RAT0003211,CUST0049125,ITEM0089,LOC0018,ORD00004701,4,2025-01-13,,orphan_foreign_key
RAT0003233,CUST0010128,ITEM0094,LOC0002,ORD00005006,-1,2025-01-13,,invalid_rating
RAT0003259,CUST0025685,ITEM0057,LOC0018,ORD00005864,3,,,invalid_date
RAT0003265,CUST0037823,,LOC0009,ORD00005496,2,2025-01-13,Not fresh.,orphan_foreign_key
RAT0003268,CUST0002098,ITEM0124,LOC0018,ORD00006822,5,2025-01-13,Highly recommended.,orphan_foreign_key
RAT0003278,CUST0052595,ITEM0132,LOC0019,ORD00006844,55,2025-01-13,,invalid_rating
RAT0003312,CUST0011795,ITEM0071,LOC0019,ORD00006613,,2025-01-13,It was okay.,missing_value
RAT0003317,CUST0042252,ITEM0063,LOC0014,ORD00006414,3,2025-01-13,,orphan_foreign_key
RAT0003326,CUST0041888,ITEM0045,LOC0017,ORD00006092,,2025-01-13,It was okay.,missing_value
RAT0003343,CUST0006622,,LOC0006,ORD00004631,3,2025-01-13,Decent but overpriced.,orphan_foreign_key
RAT0003346,CUST0018733,ITEM0135,LOC0008,ORD00005062,,2025-01-14,Perfect taste and quick service.,missing_value
RAT0003368,CUST0046058,ITEM0067,LOC0006,ORD00007119,4,2025-01-14,,orphan_foreign_key
RAT0003376,CUST0019043,ITEM0129,LOC0023,ORD00003774,3,2025-01-14,,orphan_foreign_key
RAT0003380,CUST0008212,ITEM0113,LOC0007,ORD00006034,,2025-01-14,,missing_value
RAT0003388,CUST0024897,ITEM0048,LOC0010,ORD00006029,4,2025-01-14,,orphan_foreign_key
RAT0003396,CUST0024153,ITEM0149,LOC0014,ORD00007069,,2025-01-14,,missing_value
RAT0003400,CUST0039532,ITEM0066,LOC0004,ORD00007202,4,2025-01-14,,orphan_foreign_key
RAT0003415,CUST0011369,,LOC0004,ORD00007039,,2025-01-14,,missing_value
RAT0003426,CUST0016659,,LOC0009,ORD00007234,4,2025-01-14,,orphan_foreign_key
RAT0003434,CUST0025835,ITEM0112,LOC0021,ORD00007153,2,2025-01-14,,orphan_foreign_key
RAT0003435,CUST0009904,ITEM0111,LOC0018,ORD00004974,10,2025-01-14,,invalid_rating
RAT0003437,CUST0042973,ITEM0151,LOC0021,ORD00003432,4,2025-01-14,,orphan_foreign_key
RAT0003448,CUST0054718,ITEM0036,LOC0009,ORD00005817,2,2025-01-14,Took too long to arrive.,orphan_foreign_key
RAT0003452,CUST0025835,ITEM0130,LOC0021,ORD00007153,2,2025-01-14,,orphan_foreign_key
RAT0003472,CUST0045611,,LOC0002,ORD00006850,,2025-01-14,,missing_value
RAT0003514,CUST0024897,ITEM0058,LOC0010,ORD00006029,3,2025-01-14,Good taste but late delivery.,orphan_foreign_key
RAT0003519,CUST0038716,,LOC0002,ORD00007070,,2025-01-14,,missing_value
RAT0003520,CUST0054814,ITEM0131,LOC0012,ORD00006738,5,2025-01-14,,orphan_foreign_key
RAT0003527,CUST0010469,,LOC0014,ORD00006699,3,1900-01-01,Good taste but late delivery.,invalid_date
RAT0003534,CUST0054814,ITEM0088,LOC0012,ORD00006738,4,2025-01-14,Tasty and fresh.,orphan_foreign_key
RAT0003539,CUST0008110,ITEM0061,LOC0001,ORD00005731,10,2025-01-14,,invalid_rating
RAT0003547,CUST0013354,ITEM0158,LOC0001,ORD00006946,,2025-01-14,Enjoyed the meal.,missing_value
RAT0003548,CUST0015617,ITEM0045,LOC0014,ORD00003731,,2025-01-14,,missing_value
RAT0003559,CUST0021172,ITEM0076,LOC0023,ORD00006163,4,2025-01-14,,orphan_foreign_key
RAT0003565,CUST0002098,ITEM0048,LOC0018,ORD00006822,3,2025-01-14,,orphan_foreign_key
RAT0003580,CUST0019216,ITEM0069,LOC0004,ORD00007332,,2025-01-14,It was okay.,missing_value
RAT0003615,CUST0001456,ITEM0102,LOC0005,ORD00007437,4,2025-01-15,,orphan_foreign_key
RAT0003616,CUST0000725,,LOC0002,ORD00007625,2,2025-01-15,Took too long to arrive.,orphan_foreign_key
RAT0003617,CUST0046058,ITEM0046,LOC0006,ORD00007119,4,2025-01-15,Tasty and fresh.,orphan_foreign_key
RAT0003648,CUST0050339,,LOC0004,ORD00007599,,2025-01-15,,missing_value
RAT0003657,CUST0050537,ITEM0153,LOC2448,ORD00007385,3,2025-01-15,,invalid_restaurant_id
RAT0003666,CUST0024406,ITEM0067,LOC0007,ORD00006265,,2025-01-15,,missing_value
RAT0003686,CUST0016319,ITEM0050,LOC4139,ORD00007525,4,2025-01-15,,invalid_restaurant_id
RAT0003704,CUST0000957,,LOC0006,ORD00007508,6,2025-01-15,Tasty and fresh.,invalid_rating
RAT0003709,CUST0017497,ITEM0125,LOC6271,ORD00007386,5,2025-01-15,,invalid_restaurant_id
RAT0003725,CUST0000725,ITEM0002,LOC0002,ORD00007625,5,2025-01-15,,orphan_foreign_key
RAT0003736,CUST0023541,ITEM0148,LOC0012,ORD00007449,6,2025-01-15,,invalid_rating
RAT0003746,CUST0009309,,LOC0001,ORD00007645,0,2025-01-15,,invalid_rating
RAT0003748,CUST0039532,,LOC0004,ORD00007202,5,2025-01-15,Best in town.,orphan_foreign_key
RAT0003751,CUST0020448,,LOC0005,ORD00007616,2,2025-01-15,,orphan_foreign_key
RAT0003800,CUST0021603,ITEM0057,LOC0015,ORD00006167,,2025-01-15,,missing_value
RAT0003803,CUST0033488,ITEM0045,LOC0007,ORD00007556,3,2025-01-15,,orphan_foreign_key
RAT0003813,CUST0043558,ITEM0074,LOC0013,ORD00006605,5,2025-01-15,,orphan_foreign_key
RAT0003820,CUST0020399,ITEM0034,LOC0012,ORD00007647,0,2025-01-15,,invalid_rating
RAT0003829,CUST0024696,ITEM0124,LOC0983,ORD00007894,3,2025-01-16,"Taste was fine, packaging poor.",invalid_restaurant_id
RAT0003847,CUST0048713,ITEM0150,LOC0018,ORD00008091,,2025-01-16,,missing_value
RAT0003867,CUST0016773,ITEM0054,LOC0020,ORD00007922,3,2025-01-16,,orphan_foreign_key
RAT0003868,CUST0024335,ITEM0045,LOC0009,ORD00007983,,2025-01-16,,missing_value
RAT0003896,CUST0016659,ITEM0048,LOC0009,ORD00007234,3,2025-01-16,Decent but overpriced.,orphan_foreign_key
RAT0003905,CUST0039946,ITEM0064,LOC7838,ORD00007181,4,2025-01-16,,invalid_restaurant_id
RAT0003909,CUST0043590,ITEM0054,LOC0013,ORD00007279,5,2025-01-16,,orphan_foreign_key
RAT0003912,CUST0004444,ITEM0036,LOC0020,ORD00007930,,2025-01-16,Tasty and fresh.,missing_value
RAT0003939,CUST0044445,,LOC0005,ORD00007081,4,,,invalid_date
RAT0003989,CUST0046454,ITEM0148,LOC0012,ORD00007031,4,2025-01-16,,orphan_foreign_key
RAT0003994,CUST0044887,ITEM0068,LOC0005,ORD00007826,7,2025-01-16,Good taste but late delivery.,invalid_rating
RAT0004003,CUST0021033,ITEM0025,LOC0011,ORD00007598,4,2025-01-16,Tasty and fresh.,orphan_foreign_key
RAT0004004,CUST0049543,ITEM0045,LOC0025,ORD00007380,5,2025-01-16,,orphan_foreign_key
RAT0004031,CUST0016773,ITEM0066,LOC0020,ORD00007922,5,2025-01-16,,orphan_foreign_key
RAT0004040,CUST0011232,ITEM0060,LOC0015,ORD00007843,4,2025-01-16,,orphan_foreign_key
RAT0004047,CUST0014024,ITEM0118,LOC0013,ORD00007487,,2025-01-17,,missing_value
RAT0004074,CUST0040634,ITEM0113,LOC0023,ORD00003808,3,2025-01-17,"Average, nothing special.",orphan_foreign_key
RAT0004087,CUST0002022,ITEM0159,LOC0003,ORD00008361,3,2025-01-17,"Average, nothing special.",orphan_foreign_key
RAT0004090,CUST0023505,ITEM0134,LOC0019,ORD00007136,,2025-01-17,,missing_value
RAT0004095,CUST0054369,ITEM0074,LOC0012,ORD00008310,3,2025-01-17,"Taste was fine, packaging poor.",orphan_foreign_key
RAT0004105,CUST0019888,ITEM0084,LOC0005,ORD00007835,4,2025-01-17,Enjoyed the meal.,orphan_foreign_key
RAT0004127,CUST0034235,ITEM0113,LOC0013,ORD00008335,4,2025-01-17,,orphan_foreign_key
RAT0004140,CUST0047278,,LOC0010,ORD00007538,3,,,invalid_date
RAT0004164,CUST0054575,ITEM0132,LOC0018,ORD00008382,3,2025-01-17,,orphan_foreign_key
RAT0004165,CUST0047952,ITEM0132,LOC0003,ORD00008516,,2025-01-17,,missing_value
RAT0004188,CUST0031825,ITEM0037,LOC0008,ORD00008754,3,2025-01-17,,orphan_foreign_key
RAT0004211,CUST0026953,ITEM0082,LOC0005,ORD00008694,4,2025-01-17,Nice ambience and good service.,orphan_foreign_key
RAT0004215,CUST0008692,ITEM0149,LOC0015,ORD00008494,1,,Order was wrong and tasted stale.,invalid_date
RAT0004216,CUST4071357,ITEM0055,LOC0025,ORD00008390,3,2025-01-17,"Average, nothing special.",orphan_foreign_key
RAT0004225,CUST0049566,,LOC0010,ORD00007790,0,2025-01-17,,invalid_rating
RAT0004229,CUST0039820,ITEM0133,LOC0005,ORD00008204,,2025-01-17,Perfect taste and quick service.,missing_value
RAT0004236,CUST0030188,ITEM0054,LOC0011,ORD00008396,4,2025-01-17,Good value for money.,orphan_foreign_key
RAT0004254,CUST0704241,ITEM0055,LOC0025,ORD00007726,5,2025-01-17,,orphan_foreign_key
RAT0004268,CUST0003497,ITEM0124,LOC0004,ORD00007728,,2025-01-17,Good value for money.,missing_value
RAT0004273,CUST0031825,ITEM0152,LOC0008,ORD00008754,5,2025-01-17,,orphan_foreign_key
RAT0004293,CUST0019590,ITEM0054,LOC0002,ORD00008235,4,2025-01-17,,orphan_foreign_key
RAT0004301,CUST0002187,ITEM0138,LOC0015,ORD00007241,,2025-01-17,Enjoyed the meal.,missing_value
RAT0004306,CUST0026739,ITEM0138,LOC0018,ORD00007957,6,2025-01-17,It was okay.,invalid_rating
RAT0004318,CUST0003773,ITEM0066,LOC0015,ORD00009383,3,2025-01-18,Good taste but late delivery.,orphan_foreign_key
RAT0004321,CUST0029255,ITEM0132,LOC0023,ORD00007481,4,2025-01-18,,orphan_foreign_key
RAT0004330,CUST0002738,ITEM0050,LOC0008,ORD00009136,5,2099-12-31,Amazing food and friendly staff.,invalid_date
RAT0004339,CUST0007740,ITEM0113,LOC0025,ORD00009442,,2025-01-18,"Good food, will order again.",missing_value
RAT0004358,CUST0015132,ITEM0147,LOC0005,ORD00008326,0,2025-01-18,,invalid_rating
RAT0004364,CUST0000067,ITEM0112,LOC0022,ORD00009086,4,2025-01-18,,orphan_foreign_key
RAT0004386,CUST0011248,ITEM0046,LOC6160,ORD00008575,4,2025-01-18,,invalid_restaurant_id
RAT0004389,CUST9675091,ITEM0086,LOC0016,ORD00008640,3,2025-01-18,It was okay.,orphan_foreign_key
RAT0004400,CUST0039972,ITEM0135,LOC0016,ORD00008098,5,,,invalid_date
RAT0004435,CUST0043751,,LOC0004,ORD00008414,5,2025-01-18,,orphan_foreign_key
RAT0004445,CUST0019590,ITEM0046,LOC0018,ORD00007966,4,2025-01-18,,orphan_foreign_key
RAT0004449,CUST0045023,ITEM0088,LOC0004,ORD00008378,-1,2025-01-18,,invalid_rating
RAT0004453,CUST0000067,,LOC0022,ORD00009086,5,2025-01-18,"Excellent, loved it!",orphan_foreign_key
RAT0004459,CUST0039532,ITEM0125,LOC0004,ORD00007202,3,2025-01-18,,orphan_foreign_key
RAT0004494,CUST0008836,ITEM0022,LOC0002,ORD00009153,4,2025-01-18,Nice ambience and good service.,orphan_foreign_key
RAT0004500,CUST0026813,,LOC0015,ORD00008260,3,2025-01-18,,orphan_foreign_key
RAT0004512,CUST0008421,ITEM0134,LOC0023,ORD00008309,,2025-01-18,,missing_value
RAT0004579,CUST0033131,ITEM0151,LOC0014,ORD00007977,,2025-01-18,It was okay.,missing_value
RAT0004631,CUST0027537,ITEM0159,LOC0019,ORD00008866,55,2025-01-18,,invalid_rating
RAT0004632,CUST0021531,ITEM0016,LOC8487,ORD00010018,4,2025-01-19,,invalid_restaurant_id
RAT0004637,CUST0013681,ITEM0132,LOC6158,ORD00009488,5,2025-01-19,,invalid_restaurant_id
RAT0004669,CUST0008836,ITEM0092,LOC0002,ORD00009153,3,2025-01-19,,orphan_foreign_key
RAT0004678,CUST0053838,ITEM0130,LOC0009,ORD00008559,55,2025-01-19,,invalid_rating
RAT0004686,CUST0018210,ITEM0035,LOC0003,ORD00009099,6,2025-01-19,Service was slow.,invalid_rating
RAT0004695,CUST0039406,ITEM0108,LOC4988,ORD00008282,4,2025-01-19,,invalid_restaurant_id
RAT0004697,CUST0004259,ITEM0023,LOC0001,ORD00009949,-1,2025-01-19,,invalid_rating
RAT0004700,CUST0010053,ITEM0129,LOC0007,ORD00009603,5,2025-01-19,,orphan_foreign_key
RAT0004726,CUST0043043,ITEM0116,LOC0020,ORD00008087,3,2025-01-19,,orphan_foreign_key
RAT0004735,CUST0048032,ITEM0124,LOC0024,ORD00009649,4,2025-01-19,"Good food, will order again.",orphan_foreign_key
RAT0004736,CUST0023328,,LOC0011,ORD00009876,,2025-01-19,,missing_value
RAT0004756,CUST0031960,ITEM0059,LOC0003,ORD00009610,4,2025-01-19,Tasty and fresh.,orphan_foreign_key
RAT0004769,CUST0051392,ITEM0121,LOC0007,ORD00008481,,2025-01-19,,missing_value
RAT0004782,CUST0036810,ITEM0102,LOC0011,ORD00009028,0,2025-01-19,Good value for money.,invalid_rating
RAT0004793,CUST0028522,ITEM0054,LOC0019,ORD00009566,,2025-01-19,,missing_value
RAT0004797,CUST0011393,ITEM0048,LOC0010,ORD00009452,,2025-01-19,,missing_value
RAT0004798,CUST0028369,ITEM0081,LOC0025,ORD00009453,55,2025-01-19,,invalid_rating
RAT0004801,CUST0020073,ITEM0114,LOC0024,ORD00009472,3,2025-01-19,,orphan_foreign_key
RAT0004810,CUST0052789,ITEM0023,LOC0018,ORD00009007,10,2025-01-19,"Good food, will order again.",invalid_rating
RAT0004871,CUST0054407,ITEM0018,LOC0003,ORD00006336,10,2025-01-19,"Taste was fine, packaging poor.",invalid_rating
RAT0004875,CUST0015420,ITEM0065,LOC0022,ORD00009893,,2025-01-19,,missing_value
RAT0004879,CUST0000067,ITEM0135,LOC0022,ORD00009086,5,2025-01-19,Highly recommended.,orphan_foreign_key
RAT0004893,CUST0004668,ITEM0040,LOC0016,ORD00007724,4,2025-01-19,,orphan_foreign_key
RAT0004895,CUST0032101,ITEM0015,LOC0002,ORD00007289,,2025-01-19,,missing_value
RAT0004921,CUST0019184,ITEM0157,LOC0007,ORD00009928,3,2025-01-20,,orphan_foreign_key
RAT0004932,CUST0044211,ITEM0114,LOC0018,ORD00010067,5,2025-01-20,,orphan_foreign_key
RAT0004953,CUST0027573,ITEM0054,LOC0013,ORD00000869,3,2025-01-20,,orphan_foreign_key
RAT0004971,CUST0027783,,LOC0003,ORD00007818,,2025-01-20,,missing_value
RAT0004976,CUST0035988,ITEM0099,LOC0003,ORD00007948,0,2025-01-20,Nice ambience and good service.,invalid_rating
RAT0005013,CUST0054385,ITEM0128,LOC0005,ORD00009733,,2025-01-20,,missing_value
RAT0005016,CUST0028847,,LOC0001,ORD00008553,5,2025-01-20,,orphan_foreign_key
RAT0005031,CUST0046638,ITEM0147,LOC0003,ORD00009805,2,2025-01-20,,orphan_foreign_key
RAT0005046,CUST0011771,ITEM0119,LOC0023,ORD00009229,,2025-01-20,,missing_value
RAT0005056,CUST0024773,ITEM0012,LOC0004,ORD00010178,5,2025-01-20,,orphan_foreign_key
RAT0005067,CUST0029489,ITEM0157,LOC5535,ORD00010219,3,2025-01-20,,invalid_restaurant_id
RAT0005078,CUST0016027,ITEM0034,LOC0018,ORD00010409,,2025-01-20,,missing_value
RAT0005124,CUST0042685,ITEM0045,LOC0021,ORD00010381,3,2025-01-20,"Taste was fine, packaging poor.",orphan_foreign_key
RAT0005125,CUST0034752,ITEM0069,LOC0003,ORD00009760,4,2025-01-20,,orphan_foreign_key
RAT0005128,CUST0038003,ITEM0048,LOC0023,ORD00010124,55,2025-01-20,"Good food, will order again.",invalid_rating
RAT0005129,CUST0027783,,LOC0025,ORD00010817,10,2025-01-21,Good taste but late delivery.,invalid_rating
RAT0005135,CUST0023261,ITEM0068,LOC0025,ORD00010407,3,2031-07-22,,invalid_date
RAT0005169,CUST0007924,,LOC0008,ORD00010628,5,2025-01-21,,orphan_foreign_key
RAT0005173,CUST0044952,ITEM0134,LOC0003,ORD00010047,,2025-01-21,Enjoyed the meal.,missing_value
RAT0005175,CUST0044211,ITEM0050,LOC0018,ORD00010067,4,2025-01-21,"Good food, will order again.",orphan_foreign_key
RAT0005202,CUST0031718,ITEM0125,LOC0002,ORD00009659,3,2025-01-21,,orphan_foreign_key
RAT0005204,CUST0028814,,LOC0001,ORD00010531,4,2025-01-21,Good value for money.,orphan_foreign_key
RAT0005232,CUST0035151,ITEM0148,LOC1242,ORD00010612,5,2025-01-21,"Excellent, loved it!",invalid_restaurant_id
RAT0005257,CUST0019307,ITEM0013,LOC0016,ORD00010745,4,2025-01-21,,orphan_foreign_key
RAT0005272,CUST9624553,ITEM0135,LOC0008,ORD00010057,5,2025-01-21,,orphan_foreign_key
RAT0005303,CUST0024065,ITEM0041,LOC0004,ORD00010720,3,2025-01-21,,orphan_foreign_key
RAT0005369,CUST0019547,,LOC0012,ORD00010326,5,2025-01-21,Amazing food and friendly staff.,orphan_foreign_key
RAT0005370,CUST0005672,ITEM0154,LOC0004,ORD00010150,4,2025-01-21,Good value for money.,orphan_foreign_key
RAT0005385,CUST0036185,ITEM0055,LOC0021,ORD00010773,,2025-01-22,,missing_value
RAT0005415,CUST0037127,ITEM0022,LOC0004,ORD00011108,4,2025-01-22,Good value for money.,orphan_foreign_key
RAT0005417,CUST0044926,ITEM0048,LOC0023,ORD00010325,55,2025-01-22,,invalid_rating
RAT0005472,CUST0045132,,LOC0012,ORD00010295,6,2025-01-22,Good value for money.,invalid_rating
RAT0005483,CUST0035511,ITEM0045,LOC0021,ORD00011091,4,2025-01-22,,orphan_foreign_key
RAT0005486,CUST0032301,ITEM0041,LOC0002,ORD00010274,,2025-01-22,,missing_value
RAT0005487,CUST0042685,ITEM0057,LOC0021,ORD00010381,3,2025-01-22,"Taste was fine, packaging poor.",orphan_foreign_key
RAT0005496,CUST3565930,ITEM0004,LOC0011,ORD00010893,3,2025-01-22,,orphan_foreign_key
RAT0005500,CUST0007924,ITEM0058,LOC0008,ORD00010628,5,2025-01-22,"Excellent, loved it!",orphan_foreign_key
RAT0005504,CUST0018210,ITEM0023,LOC0020,ORD00010788,3,1970-01-01,,invalid_date
RAT0005518,CUST0051211,,LOC0001,ORD00010134,3,2025-01-22,,orphan_foreign_key
RAT0005543,CUST0037794,ITEM0066,LOC1866,ORD00010872,4,2025-01-22,,invalid_restaurant_id
RAT0005547,CUST2821702,ITEM0093,LOC0012,ORD00010859,4,2025-01-22,,orphan_foreign_key
RAT0005553,CUST0041921,ITEM0057,LOC0006,ORD00010226,5,2025-01-22,,orphan_foreign_key
RAT0005554,CUST0010970,ITEM0045,LOC0019,ORD00011205,3,2025-01-22,,orphan_foreign_key
RAT0005589,CUST0021434,ITEM0034,LOC0008,ORD00011669,,2025-01-23,,missing_value
RAT0005604,CUST0013510,ITEM0050,LOC0023,ORD00010367,5,2025-01-23,,orphan_foreign_key
RAT0005611,CUST0029351,ITEM0113,LOC0003,ORD00010793,3,2025-01-23,,orphan_foreign_key
RAT0005635,CUST0043048,ITEM0134,LOC0004,ORD00010947,4,,,invalid_date
RAT0005672,CUST0048031,ITEM0127,LOC0007,ORD00011577,5,2025-01-23,Highly recommended.,orphan_foreign_key
RAT0005680,CUST0004120,ITEM0049,LOC0291,ORD00009962,5,2025-01-23,,invalid_restaurant_id
RAT0005686,CUST0052355,,LOC0007,ORD00011353,,2025-01-23,"Taste was fine, packaging poor.",missing_value
RAT0005695,CUST0019351,ITEM0101,LOC0003,ORD00011733,4,,,invalid_date
RAT0005696,CUST0010053,ITEM0013,LOC0007,ORD00009603,5,2025-01-23,,orphan_foreign_key
RAT0005705,CUST0012106,,LOC0023,ORD00008781,,2025-01-23,,missing_value
RAT0005708,CUST0042446,ITEM0151,LOC0023,ORD00011348,,2025-01-23,,missing_value
RAT0005721,CUST0023261,ITEM0135,LOC0025,ORD00010407,4,2025-01-23,,orphan_foreign_key
RAT0005725,CUST0052476,ITEM0148,LOC0002,ORD00011310,4,2025-01-23,Enjoyed the meal.,orphan_foreign_key
RAT0005735,CUST0018837,ITEM0026,LOC0014,ORD00011448,10,2025-01-23,"Taste was fine, packaging poor.",invalid_rating
RAT0005767,CUST0029099,ITEM0027,LOC0007,ORD00009008,7,2025-01-23,Nice ambience and good service.,invalid_rating
RAT0005773,CUST0014659,ITEM0143,LOC0025,ORD00008983,2,2025-01-23,,orphan_foreign_key
RAT0005774,CUST0026640,ITEM0147,LOC0002,ORD00011630,-1,2025-01-23,Best in town.,invalid_rating
RAT0005805,CUST0035048,ITEM0039,LOC7569,ORD00010471,4,2025-01-24,Nice ambience and good service.,invalid_restaurant_id
RAT0005808,CUST0035409,ITEM0143,LOC0023,ORD00011326,2,2025-01-24,,orphan_foreign_key
RAT0005816,CUST0041804,ITEM0058,LOC0008,ORD00012287,4,1970-01-01,Good value for money.,invalid_date
RAT0005820,CUST0041656,ITEM0081,LOC0016,ORD00012051,-1,2025-01-24,,invalid_rating
RAT0005824,CUST0011232,ITEM0141,LOC0025,ORD00012209,2,2025-01-24,Took too long to arrive.,orphan_foreign_key
RAT0005832,CUST0040233,ITEM0044,LOC0015,ORD00011978,4,2025-01-24,,orphan_foreign_key
RAT0005846,CUST0035645,ITEM0048,LOC0002,ORD00012077,10,2025-01-24,"Taste was fine, packaging poor.",invalid_rating
RAT0005855,CUST0002294,,LOC6454,ORD00012109,3,2025-01-24,,invalid_restaurant_id
RAT0005859,CUST0022072,ITEM0099,LOC0022,ORD00012215,4,2025-01-24,,orphan_foreign_key
RAT0005872,CUST0020599,ITEM0056,LOC0015,ORD00011444,7,2025-01-24,,invalid_rating
RAT0005890,CUST0020187,ITEM0151,LOC0016,ORD00011879,3,2025-01-24,,orphan_foreign_key
RAT0005915,CUST0004802,ITEM0151,LOC0020,ORD00012032,4,2025-01-24,Enjoyed the meal.,orphan_foreign_key
RAT0005938,CUST0006630,ITEM0135,LOC0019,ORD00012321,4,2025-01-24,,orphan_foreign_key
RAT0005941,CUST0048154,,LOC0012,ORD00011871,4,2025-01-24,,orphan_foreign_key
RAT0005948,CUST0028049,ITEM0069,LOC0004,ORD00012193,7,2025-01-24,Perfect taste and quick service.,invalid_rating
RAT0005985,CUST0046224,ITEM0115,LOC0025,ORD00012081,6,2025-01-24,,invalid_rating
RAT0005987,CUST0036946,ITEM0102,LOC0018,ORD00012285,4,2025-01-24,,orphan_foreign_key
RAT0005996,CUST0042157,ITEM0015,LOC0010,ORD00011820,4,2025-01-24,,orphan_foreign_key
RAT0006007,CUST0007470,ITEM0147,LOC0010,ORD00011619,3,2025-01-24,It was okay.,orphan_foreign_key
RAT0006016,CUST0000537,ITEM0046,LOC0006,ORD00011281,4,2027-11-05,,invalid_date
RAT0006019,CUST0011232,,LOC0025,ORD00012209,3,2025-01-24,Good taste but late delivery.,orphan_foreign_key
RAT0006020,CUST0042157,ITEM0046,LOC0010,ORD00011820,4,2025-01-24,Nice ambience and good service.,orphan_foreign_key
RAT0006024,CUST0033532,ITEM0082,LOC0006,ORD00011407,3,2025-01-24,It was okay.,orphan_foreign_key
RAT0006075,CUST0051563,ITEM0125,LOC0006,ORD00012240,4,2025-01-24,,orphan_foreign_key
RAT0006085,CUST0008412,ITEM0011,LOC0018,ORD00012729,3,2025-01-25,Decent but overpriced.,orphan_foreign_key
RAT0006099,CUST0007470,ITEM0057,LOC0010,ORD00011619,3,2025-01-25,,orphan_foreign_key
RAT0006100,CUST0023432,ITEM0022,LOC0003,ORD00012295,3,1970-01-01,Good taste but late delivery.,invalid_date
RAT0006105,CUST0021161,ITEM0055,LOC0020,ORD00012923,4,2025-01-25,,orphan_foreign_key
RAT0006114,CUST0040478,ITEM0153,LOC0008,ORD00012270,55,2025-01-25,,invalid_rating
RAT0006129,CUST0041976,,LOC0005,ORD00012535,5,2025-01-25,,orphan_foreign_key
RAT0006135,CUST0001323,ITEM0045,LOC0009,ORD00012512,,2025-01-25,"Excellent, loved it!",missing_value
RAT0006166,CUST0048077,ITEM0151,LOC0005,ORD00012338,4,2025-01-25,Enjoyed the meal.,orphan_foreign_key
RAT0006168,CUST0029611,ITEM0047,LOC0017,ORD00012877,3,2025-01-25,Good taste but late delivery.,orphan_foreign_key
RAT0006170,CUST0042130,ITEM0134,LOC0002,ORD00010393,,2025-01-25,,missing_value
RAT0006175,CUST0023912,ITEM0020,LOC0022,ORD00012949,-1,2025-01-25,,invalid_rating
RAT0006182,CUST0035409,ITEM0041,LOC0023,ORD00011326,5,2025-01-25,,orphan_foreign_key
RAT0006210,CUST0042738,ITEM0018,LOC0013,ORD00012610,,2025-01-25,,missing_value
RAT0006223,CUST0048077,ITEM0005,LOC0005,ORD00012338,5,2025-01-25,,orphan_foreign_key
RAT0006225,CUST0043846,,LOC0002,ORD00012616,3,2025-01-25,,orphan_foreign_key
RAT0006230,CUST0043483,ITEM0034,LOC0018,ORD00012698,3,2025-01-25,,orphan_foreign_key
RAT0006251,CUST6052853,,LOC0008,ORD00011861,4,2025-01-25,,orphan_foreign_key
RAT0006280,CUST0028417,ITEM0071,LOC0010,ORD00012452,,2025-01-25,It was okay.,missing_value
RAT0006298,CUST0039286,,LOC0019,ORD00012602,2,2025-01-25,,orphan_foreign_key
RAT0006327,CUST0007470,ITEM0035,LOC0010,ORD00011619,4,2025-01-25,,orphan_foreign_key
RAT0006328,CUST0016863,ITEM0022,LOC0015,ORD00012870,4,2025-01-25,Enjoyed the meal.,orphan_foreign_key
RAT0006338,CUST0046770,ITEM0127,LOC0020,ORD00012771,-1,2025-01-25,"Good food, will order again.",invalid_rating
RAT0006353,CUST0019664,ITEM0132,LOC0007,ORD00012875,,2025-01-25,Perfect taste and quick service.,missing_value
RAT0006390,CUST0033298,ITEM0147,LOC0010,ORD00012904,,2025-01-26,Decent but overpriced.,missing_value
RAT0006397,CUST0047586,ITEM0147,LOC0021,ORD00013264,3,2025-01-26,Decent but overpriced.,orphan_foreign_key
RAT0006406,CUST7083015,ITEM0149,LOC0016,ORD00011088,3,2025-01-26,Good taste but late delivery.,orphan_foreign_key
RAT0006410,CUST0053583,ITEM0151,LOC0636,ORD00012436,4,2025-01-26,,invalid_restaurant_id
RAT0006437,CUST0041976,ITEM0081,LOC0005,ORD00012535,4,2025-01-26,Good value for money.,orphan_foreign_key
RAT0006443,CUST0054750,ITEM0048,LOC0018,ORD00012573,6,2025-01-26,"Average, nothing special.",invalid_rating
RAT0006456,CUST0047586,ITEM0143,LOC0021,ORD00013264,3,2025-01-26,,orphan_foreign_key
RAT0006458,CUST0034107,ITEM0081,LOC0002,ORD00012557,,2025-01-26,,missing_value
RAT0006477,CUST0043348,ITEM0012,LOC0012,ORD00012476,5,2025-01-26,,orphan_foreign_key
RAT0006487,CUST0011232,ITEM0021,LOC0025,ORD00012209,4,2025-01-26,,orphan_foreign_key
RAT0006497,CUST0018726,ITEM0050,LOC0022,ORD00011787,4,2025-01-26,,orphan_foreign_key
RAT0006513,CUST0031329,ITEM0081,LOC0010,ORD00013573,,2025-01-26,,missing_value
RAT0006519,CUST0010522,ITEM0147,LOC0013,ORD00012525,,2025-01-26,Decent but overpriced.,missing_value
RAT0006534,CUST0044158,ITEM0015,LOC0008,ORD00012423,4,2025-01-26,,orphan_foreign_key
RAT0006552,CUST0013426,ITEM0073,LOC0002,ORD00013567,3,2025-01-26,,orphan_foreign_key
RAT0006567,CUST0011790,ITEM0022,LOC0014,ORD00013236,4,2027-11-05,,invalid_date
RAT0006587,CUST0040856,ITEM0089,LOC8318,ORD00013015,5,2025-01-26,"Excellent, loved it!",invalid_restaurant_id
RAT0006588,CUST0031995,ITEM0073,LOC0014,ORD00013074,3,2025-01-26,Good taste but late delivery.,orphan_foreign_key
RAT0006599,CUST0015014,ITEM0146,LOC0002,ORD00013352,3,2025-01-26,"Taste was fine, packaging poor.",orphan_foreign_key
RAT0006602,CUST0012815,ITEM0125,LOC0005,ORD00013332,,2025-01-26,,missing_value
RAT0006624,CUST0011206,ITEM0124,LOC0003,ORD00013341,3,,,invalid_date
RAT0006625,CUST0032188,ITEM0148,LOC0004,ORD00013343,7,2025-01-26,,invalid_rating
RAT0006658,CUST0001816,ITEM0065,LOC3463,ORD00013289,4,2025-01-26,Nice ambience and good service.,invalid_restaurant_id
RAT0006664,CUST8332494,ITEM0048,LOC0018,ORD00012918,3,2025-01-26,,orphan_foreign_key
RAT0006669,CUST0028630,ITEM0088,LOC0013,ORD00013133,5,2025-01-26,,orphan_foreign_key
RAT0006679,CUST0037325,ITEM0033,LOC0019,ORD00013167,7,2025-01-26,,invalid_rating
RAT0006712,CUST0009989,ITEM0092,LOC0016,ORD00013955,,2025-01-27,,missing_value
RAT0006720,CUST0044939,ITEM0136,LOC0018,ORD00013654,,2025-01-27,,missing_value
RAT0006745,CUST0029611,ITEM0124,LOC0017,ORD00012877,4,2025-01-27,,orphan_foreign_key
RAT0006765,CUST0048937,ITEM0020,LOC8344,ORD00013441,3,2025-01-27,,invalid_restaurant_id
RAT0006793,CUST0001891,ITEM0147,LOC0006,ORD00012596,,2025-01-27,Good value for money.,missing_value
RAT0006799,CUST0017489,ITEM0135,LOC0009,ORD00013431,,2025-01-27,,missing_value
RAT0006802,CUST0051568,,LOC0002,ORD00012160,5,2025-01-27,Highly recommended.,orphan_foreign_key
RAT0006806,CUST0028343,ITEM0133,LOC0011,ORD00013297,5,2025-01-27,Perfect taste and quick service.,orphan_foreign_key
RAT0006813,CUST0019912,ITEM0055,LOC0001,ORD00013799,-1,2025-01-27,,invalid_rating
RAT0006814,CUST0043350,ITEM0086,LOC0022,ORD00013882,4,,Enjoyed the meal.,invalid_date
RAT0006828,CUST0004838,ITEM0004,LOC0002,ORD00013013,7,2025-01-27,Decent but overpriced.,invalid_rating
RAT0006842,CUST0002237,ITEM0160,LOC0025,ORD00013738,4,2025-01-27,Good value for money.,orphan_foreign_key
RAT0006851,CUST0041396,ITEM0154,LOC0011,ORD00013982,3,2025-01-27,"Average, nothing special.",orphan_foreign_key
RAT0006872,CUST0028974,ITEM0045,LOC0014,ORD00013267,4,2025-01-27,,orphan_foreign_key
RAT0006881,CUST0044487,ITEM0058,LOC0005,ORD00013897,,2025-01-27,,missing_value
RAT0006889,CUST0010414,ITEM0098,LOC0019,ORD00013940,4,2025-01-27,,orphan_foreign_key
RAT0006902,CUST0015014,ITEM0148,LOC0002,ORD00013352,3,2025-01-27,,orphan_foreign_key
RAT0006914,CUST0002237,,LOC0025,ORD00013738,3,2025-01-27,,orphan_foreign_key
RAT0006950,CUST0052476,ITEM0033,LOC0002,ORD00011310,4,2025-01-27,,orphan_foreign_key
RAT0006963,CUST0018514,ITEM0068,LOC0001,ORD00011942,2,2025-01-28,,orphan_foreign_key
RAT0006978,CUST0049167,ITEM0160,LOC0008,ORD00014224,5,2025-01-28,Amazing food and friendly staff.,orphan_foreign_key
RAT0006990,CUST0045805,,LOC0018,ORD00014172,3,2025-01-28,"Taste was fine, packaging poor.",orphan_foreign_key
RAT0006992,CUST0012857,ITEM0148,LOC0008,ORD00014107,,2025-01-28,,missing_value
RAT0006999,CUST0036034,ITEM0141,LOC0005,ORD00011582,,2025-01-28,Good taste but late delivery.,missing_value
RAT0007012,CUST0005408,ITEM0151,LOC0008,ORD00013689,5,2025-01-28,,orphan_foreign_key
RAT0007018,CUST0033354,ITEM0004,LOC0017,ORD00013561,0,2025-01-28,"Average, nothing special.",invalid_rating
RAT0007052,CUST0044939,ITEM0129,LOC0018,ORD00013654,4,2031-07-22,,invalid_date
RAT0007066,CUST0024302,ITEM0038,LOC0001,ORD00013898,,2025-01-28,,missing_value
RAT0007073,CUST0044808,ITEM0048,LOC0008,ORD00013070,6,2025-01-28,,invalid_rating
RAT0007083,CUST0016355,ITEM0048,LOC0017,ORD00014347,5,2027-11-05,,invalid_date
RAT0007089,CUST0006945,ITEM0029,LOC0020,ORD00014372,4,2025-01-28,,orphan_foreign_key
RAT0007091,CUST0010414,ITEM0139,LOC0019,ORD00013940,3,2025-01-28,,orphan_foreign_key
RAT0007092,CUST0011523,,LOC0007,ORD00013217,5,2025-01-28,,orphan_foreign_key
RAT0007099,CUST0044158,ITEM0060,LOC0008,ORD00012423,4,2025-01-28,,orphan_foreign_key
RAT0007102,CUST0026306,ITEM0063,LOC0023,ORD00014150,4,2025-01-28,,orphan_foreign_key
RAT0007103,CUST0002237,ITEM0148,LOC0025,ORD00013738,4,2025-01-28,"Good food, will order again.",orphan_foreign_key
RAT0007116,CUST0010570,,LOC0022,ORD00013641,4,2025-01-28,,orphan_foreign_key
RAT0007131,CUST0018649,ITEM0123,LOC9970,ORD00013839,3,2025-01-28,,invalid_restaurant_id
RAT0007150,CUST0036822,ITEM0133,LOC0012,ORD00014206,,2025-01-28,,missing_value
RAT0007154,CUST0049167,ITEM0102,LOC0008,ORD00014224,4,2025-01-28,Nice ambience and good service.,orphan_foreign_key
RAT0007156,CUST0049167,ITEM0048,LOC0008,ORD00014224,5,2025-01-28,Best in town.,orphan_foreign_key
RAT0007166,CUST0039532,ITEM0137,LOC0004,ORD00014389,5,2025-01-28,Amazing food and friendly staff.,orphan_foreign_key
RAT0007176,CUST0035031,ITEM0155,LOC0001,ORD00014581,,2025-01-29,,missing_value
RAT0007191,CUST0020627,ITEM0155,LOC0016,ORD00014011,5,,,invalid_date
RAT0007207,CUST0028850,ITEM0081,LOC0022,ORD00013104,,2025-01-29,,missing_value
RAT0007211,CUST3796061,ITEM0158,LOC0008,ORD00014056,5,2025-01-29,"Excellent, loved it!",orphan_foreign_key
RAT0007221,CUST0020610,ITEM0129,LOC0023,ORD00014308,2,2025-01-29,,orphan_foreign_key
RAT0007226,CUST0041906,ITEM0113,LOC0003,ORD00014507,2,2025-01-29,,orphan_foreign_key
RAT0007242,CUST0045243,ITEM0090,LOC0003,ORD00014582,4,2025-01-29,,orphan_foreign_key
RAT0007252,CUST0027963,ITEM0155,LOC0005,ORD00014738,,2025-01-29,,missing_value
RAT0007264,CUST0048367,ITEM0067,LOC0019,ORD00014849,,2025-01-29,Enjoyed the meal.,missing_value
RAT0007277,CUST0037474,ITEM0012,LOC0006,ORD00014459,4,2025-01-29,,orphan_foreign_key
RAT0007287,CUST0024967,,LOC0007,ORD00014783,3,2025-01-29,,orphan_foreign_key
RAT0007290,CUST0043846,ITEM0134,LOC0002,ORD00012616,4,2025-01-29,,orphan_foreign_key
RAT0007294,CUST0053079,ITEM0135,LOC0024,ORD00013878,4,1970-01-01,,invalid_date
RAT0007295,CUST0035031,ITEM0065,LOC0001,ORD00014581,3,2025-01-29,,orphan_foreign_key
RAT0007308,CUST0043483,ITEM0148,LOC0018,ORD00012698,3,2025-01-29,,orphan_foreign_key
RAT0007314,CUST0024967,ITEM0046,LOC0007,ORD00014783,3,2025-01-29,,orphan_foreign_key
RAT0007315,CUST5217120,ITEM0063,LOC0025,ORD00014220,4,2025-01-29,,orphan_foreign_key
RAT0007323,CUST0010414,ITEM0066,LOC0019,ORD00013940,4,2025-01-29,,orphan_foreign_key
RAT0007328,CUST0045243,ITEM0004,LOC0003,ORD00014582,4,2025-01-29,Nice ambience and good service.,orphan_foreign_key
RAT0007345,CUST0042073,ITEM0113,LOC0020,ORD00011592,,2025-01-29,Not fresh.,missing_value
RAT0007359,CUST0039732,ITEM0158,LOC0008,ORD00012500,,2025-01-29,Took too long to arrive.,missing_value
RAT0007360,CUST0028694,ITEM0049,LOC0009,ORD00013832,6,2025-01-29,,invalid_rating
RAT0007362,CUST0043348,ITEM0068,LOC0012,ORD00012476,4,2025-01-29,Tasty and fresh.,orphan_foreign_key
RAT0007365,CUST0043299,,LOC0020,ORD00013432,,2025-01-29,Enjoyed the meal.,missing_value
RAT0007368,CUST0011626,ITEM0113,LOC0019,ORD00015165,2,2025-01-30,Service was slow.,orphan_foreign_key
RAT0007380,CUST0052071,ITEM0102,LOC0023,ORD00015078,5,2025-01-30,Highly recommended.,orphan_foreign_key
RAT0007390,CUST0006218,,LOC0003,ORD00012226,,2025-01-30,,missing_value
RAT0007410,CUST0024027,ITEM0068,LOC0020,ORD00014367,,2025-01-30,,missing_value
RAT0007417,CUST0024595,ITEM0054,LOC0018,ORD00014814,10,2025-01-30,Tasty and fresh.,invalid_rating
RAT0007420,CUST0035031,,LOC0001,ORD00014581,4,2025-01-30,Enjoyed the meal.,orphan_foreign_key
RAT0007425,CUST0004129,ITEM0023,LOC0011,ORD00015021,55,2025-01-30,,invalid_rating
RAT0007440,CUST0028661,ITEM0151,LOC0021,ORD00014888,3,2025-01-30,,orphan_foreign_key
RAT0007465,CUST0047862,,LOC0016,ORD00014891,,2025-01-30,,missing_value
RAT0007509,CUST0033900,ITEM0076,LOC0013,ORD00014606,,2025-01-30,,missing_value
RAT0007557,CUST0016729,ITEM0157,LOC0016,ORD00015288,10,2025-01-30,,invalid_rating
RAT0007584,CUST0009149,ITEM0036,LOC0002,ORD00014795,,2025-01-30,,missing_value
RAT0007595,CUST6231182,ITEM0005,LOC0003,ORD00015889,4,2025-01-31,,orphan_foreign_key
RAT0007607,CUST9426071,,LOC0019,ORD00014915,4,2025-01-31,Good value for money.,orphan_foreign_key
RAT0007611,CUST0048920,ITEM0037,LOC0016,ORD00015349,,2025-01-31,,missing_value
RAT0007633,CUST0014173,ITEM0148,LOC0002,ORD00015287,-1,2025-01-31,,invalid_rating
RAT0007634,CUST0020368,ITEM0033,LOC7074,ORD00015643,3,2025-01-31,It was okay.,invalid_restaurant_id
RAT0007639,CUST0043578,ITEM0046,LOC0025,ORD00015025,2,2025-01-31,,orphan_foreign_key
RAT0007644,CUST0002335,ITEM0143,LOC9400,ORD00015423,5,2025-01-31,Perfect taste and quick service.,invalid_restaurant_id
RAT0007657,CUST0043045,ITEM0043,LOC0022,ORD00015827,5,2025-01-31,,orphan_foreign_key
RAT0007685,CUST0021831,ITEM0050,LOC0007,ORD00014449,55,2025-01-31,,invalid_rating
RAT0007689,CUST0003320,ITEM0054,LOC0003,ORD00015485,2,2025-01-31,Not fresh.,orphan_foreign_key
RAT0007699,CUST0047909,ITEM0034,LOC0023,ORD00015615,-1,2025-01-31,Good taste but late delivery.,invalid_rating
RAT0007700,CUST0001977,ITEM0055,LOC3188,ORD00015785,3,2025-01-31,,invalid_restaurant_id
RAT0007706,CUST0050170,ITEM0047,LOC0003,ORD00015461,4,2025-01-31,,orphan_foreign_key
RAT0007719,CUST0024922,,LOC0008,ORD00015772,,2025-01-31,Perfect taste and quick service.,missing_value
RAT0007720,CUST0034502,ITEM0151,LOC0013,ORD00014745,5,2025-01-31,,orphan_foreign_key
RAT0007722,CUST0000431,,LOC0023,ORD00014489,-1,2025-01-31,Enjoyed the meal.,invalid_rating
RAT0007731,CUST0041460,ITEM0013,LOC0023,ORD00015685,55,2025-01-31,Enjoyed the meal.,invalid_rating
RAT0007741,CUST0016997,ITEM0151,LOC0002,ORD00014852,,2025-01-31,,missing_value
RAT0007772,CUST0054916,,LOC0016,ORD00015725,0,2025-01-31,Highly recommended.,invalid_rating
RAT0007820,CUST0011761,ITEM0014,LOC0014,ORD00015509,4,2025-01-31,Nice ambience and good service.,orphan_foreign_key
RAT0007823,CUST0045765,ITEM0151,LOC0013,ORD00014628,4,2025-01-31,"Good food, will order again.",orphan_foreign_key
RAT0007854,CUST0026644,ITEM0125,LOC0003,ORD00015415,2,2025-01-31,Not fresh.,orphan_foreign_key
RAT0007864,CUST0000358,ITEM0061,LOC0021,ORD00016169,1,1970-01-01,,invalid_date
RAT0007876,CUST0006945,,LOC0005,ORD00015777,3,2025-02-01,,orphan_foreign_key
RAT0007924,CUST0042995,ITEM0151,LOC0001,ORD00015992,4,2025-02-01,,orphan_foreign_key
RAT0007928,CUST0024967,ITEM0014,LOC0007,ORD00014783,2,2025-02-01,,orphan_foreign_key
RAT0007934,CUST0004149,ITEM0068,LOC0007,ORD00016133,4,2025-02-01,,orphan_foreign_key
RAT0007962,CUST0043816,ITEM0058,LOC0004,ORD00015315,4,2025-02-01,,orphan_foreign_key
RAT0007970,CUST0012691,ITEM0109,LOC0019,ORD00014578,6,2025-02-01,,invalid_rating
RAT0007976,CUST0028561,,LOC0014,ORD00016524,6,2025-02-01,,invalid_rating
RAT0008000,CUST0015959,ITEM0102,LOC0019,ORD00015956,7,2025-02-01,,invalid_rating
RAT0008032,CUST0002587,ITEM0077,LOC0025,ORD00016026,4,1970-01-01,,invalid_date
RAT0008041,CUST0053069,,LOC0007,ORD00016085,5,2025-02-01,Best in town.,orphan_foreign_key
RAT0008043,CUST0033784,,LOC7873,ORD00016006,4,2025-02-01,"Good food, will order again.",invalid_restaurant_id
RAT0008051,CUST0043578,ITEM0093,LOC0025,ORD00015025,3,2025-02-01,,orphan_foreign_key
RAT0008060,CUST0047697,ITEM0048,LOC0014,ORD00016157,,2025-02-01,Good value for money.,missing_value
RAT0008075,CUST0042995,ITEM0093,LOC0001,ORD00015992,3,2025-02-01,,orphan_foreign_key
RAT0008084,CUST0051673,ITEM0150,LOC0008,ORD00016023,2,2025-02-01,,orphan_foreign_key
RAT0008124,CUST0043816,ITEM0033,LOC0004,ORD00015315,5,2025-02-01,,orphan_foreign_key
RAT0008126,CUST0042995,ITEM0069,LOC0001,ORD00015992,4,2025-02-01,,orphan_foreign_key
RAT0008131,CUST0047739,ITEM0018,LOC0021,ORD00016490,4,2025-02-01,,orphan_foreign_key
RAT0008133,CUST7489900,ITEM0123,LOC0008,ORD00015882,4,2025-02-01,Tasty and fresh.,orphan_foreign_key
RAT0008136,CUST0033407,ITEM0148,LOC0023,ORD00015562,5,,Highly recommended.,invalid_date
RAT0008142,CUST0034779,ITEM0049,LOC0023,ORD00015969,,2025-02-01,,missing_value
RAT0008143,CUST4187529,ITEM0141,LOC0001,ORD00014812,2,2025-02-01,,orphan_foreign_key
RAT0008163,CUST0010746,ITEM0134,LOC0015,ORD00015601,4,2025-02-01,Tasty and fresh.,orphan_foreign_key
RAT0008170,CUST0011761,ITEM0049,LOC0014,ORD00015509,3,2025-02-01,,orphan_foreign_key
RAT0008173,CUST0024160,ITEM0113,LOC0007,ORD00014990,3,2025-02-01,,orphan_foreign_key
RAT0008205,CUST0040423,ITEM0126,LOC0004,ORD00017075,4,2025-02-02,,orphan_foreign_key
RAT0008207,CUST0024074,ITEM0151,LOC0003,ORD00016770,,2025-02-02,Enjoyed the meal.,missing_value
RAT0008227,CUST0018445,,LOC0007,ORD00016581,,2025-02-02,,missing_value
RAT0008233,CUST6879630,ITEM0068,LOC0005,ORD00016946,4,2025-02-02,,orphan_foreign_key
RAT0008235,CUST0042995,ITEM0157,LOC0001,ORD00015992,3,2025-02-02,Good taste but late delivery.,orphan_foreign_key
RAT0008239,CUST0023782,ITEM0147,LOC0005,ORD00015432,3,2025-02-02,,orphan_foreign_key
RAT0008253,CUST0032768,ITEM0143,LOC0009,ORD00016720,,2025-02-02,,missing_value
RAT0008266,CUST0018162,ITEM0004,LOC0018,ORD00016247,4,2025-02-02,Enjoyed the meal.,orphan_foreign_key
RAT0008276,CUST6957153,ITEM0129,LOC0020,ORD00016675,5,2025-02-02,,orphan_foreign_key
RAT0008290,CUST0047120,,LOC0023,ORD00016449,,2025-02-02,,missing_value
RAT0008300,CUST0054732,ITEM0112,LOC0013,ORD00015980,3,1970-01-01,,invalid_date
RAT0008343,CUST0015655,ITEM0131,LOC0016,ORD00017049,,2025-02-02,,missing_value
RAT0008356,CUST0038094,ITEM0152,LOC0003,ORD00016626,,2025-02-02,,missing_value
RAT0008369,CUST0038094,ITEM0041,LOC6410,ORD00016626,4,2025-02-02,,invalid_restaurant_id
RAT0008375,CUST0003822,ITEM0106,LOC0002,ORD00014336,,2025-02-02,,missing_value
RAT0008392,CUST0029478,ITEM0124,LOC0001,ORD00016947,7,2025-02-02,Tasty and fresh.,invalid_rating
RAT0008399,CUST0047739,ITEM0016,LOC0021,ORD00016490,3,2025-02-02,,orphan_foreign_key
RAT0008442,CUST0049669,,LOC0024,ORD00017123,3,2025-02-02,Good taste but late delivery.,orphan_foreign_key
RAT0008448,CUST0031995,,LOC0014,ORD00016639,5,2025-02-02,,orphan_foreign_key
RAT0008480,CUST0031995,ITEM0054,LOC0014,ORD00016639,4,2025-02-03,,orphan_foreign_key
RAT0008483,CUST0033375,ITEM0029,LOC1093,ORD00017399,5,2025-02-03,,invalid_restaurant_id
RAT0008488,CUST0014564,ITEM0119,LOC0010,ORD00016175,3,2025-02-03,It was okay.,orphan_foreign_key
RAT0008514,CUST0031995,ITEM0151,LOC0014,ORD00016639,4,2025-02-03,,orphan_foreign_key
RAT0008527,CUST0010376,ITEM0147,LOC0004,ORD00017493,55,2025-02-03,,invalid_rating
RAT0008542,CUST0053183,ITEM0037,LOC0007,ORD00017298,,2025-02-03,,missing_value
RAT0008556,CUST0014464,ITEM0148,LOC0002,ORD00017395,3,2025-02-03,It was okay.,orphan_foreign_key
RAT0008577,CUST0014464,ITEM0113,LOC0002,ORD00017395,3,2025-02-03,,orphan_foreign_key
RAT0008599,CUST0046570,,LOC0018,ORD00017276,4,2025-02-03,,orphan_foreign_key
RAT0008606,CUST0023432,ITEM0046,LOC0003,ORD00016765,3,2025-02-03,,orphan_foreign_key
RAT0008618,CUST0027385,ITEM0113,LOC0022,ORD00016135,4,2025-02-03,,orphan_foreign_key
RAT0008625,CUST0022535,ITEM0132,LOC0018,ORD00016630,2,2025-02-03,,orphan_foreign_key
RAT0008634,CUST0046243,,LOC0022,ORD00017086,,2025-02-03,,missing_value
RAT0008638,CUST0048265,ITEM0068,LOC0003,ORD00017460,6,2025-02-03,,invalid_rating
RAT0008643,CUST0019889,ITEM0046,LOC0002,ORD00016269,,2025-02-03,,missing_value
RAT0008653,CUST0038097,ITEM0051,LOC0020,ORD00016824,7,2025-02-03,,invalid_rating
RAT0008699,CUST0015604,ITEM0092,LOC1342,ORD00017356,4,2025-02-03,,invalid_restaurant_id
RAT0008709,CUST0041977,ITEM0068,LOC0009,ORD00015987,,2025-02-03,,missing_value
RAT0008726,CUST0008722,ITEM0038,LOC0018,ORD00017972,10,2025-02-04,,invalid_rating
RAT0008735,CUST0042613,ITEM0074,LOC0002,ORD00017730,,2025-02-04,It was okay.,missing_value
RAT0008759,CUST0036619,ITEM0069,LOC0009,ORD00016919,5,2025-02-04,,orphan_foreign_key
RAT0008762,CUST0007136,,LOC7203,ORD00016713,4,2025-02-04,,invalid_restaurant_id
RAT0008796,CUST0023216,ITEM0105,LOC0020,ORD00016948,4,2025-02-04,,orphan_foreign_key
RAT0008835,CUST0054918,,LOC0022,ORD00015422,3,2025-02-04,,orphan_foreign_key
RAT0008836,CUST0031995,ITEM0113,LOC0014,ORD00016639,3,2025-02-04,,orphan_foreign_key
RAT0008845,CUST2528921,ITEM0066,LOC0018,ORD00017934,4,2025-02-04,,orphan_foreign_key
RAT0008874,CUST0021380,ITEM0146,LOC0008,ORD00017859,,2025-02-04,,missing_value
RAT0008879,CUST0031995,ITEM0036,LOC0014,ORD00016639,,2025-02-04,Tasty and fresh.,missing_value
RAT0008880,CUST0054990,ITEM0139,LOC0007,ORD00017239,4,2025-02-04,Nice ambience and good service.,orphan_foreign_key
RAT0008896,CUST0001467,ITEM0068,LOC0021,ORD00017104,3,2025-02-04,,orphan_foreign_key
RAT0008898,CUST0002237,ITEM0148,LOC0025,ORD00017156,5,2025-02-04,,orphan_foreign_key
RAT0008911,CUST0005084,ITEM0081,LOC0005,ORD00017649,3,2025-02-04,,orphan_foreign_key
RAT0008913,CUST0032453,ITEM0045,LOC0004,ORD00017752,4,,,invalid_date
RAT0008930,CUST0046350,ITEM0061,LOC0003,ORD00017892,55,2025-02-04,,invalid_rating
RAT0008952,CUST0023507,ITEM0112,LOC0009,ORD00017632,3,2025-02-04,,orphan_foreign_key
RAT0008958,CUST3900394,ITEM0054,LOC0008,ORD00017771,5,2025-02-04,Highly recommended.,orphan_foreign_key
RAT0008995,CUST0043752,ITEM0022,LOC0023,ORD00017855,-1,2025-02-05,"Excellent, loved it!",invalid_rating
RAT0009032,CUST0029240,ITEM0148,LOC0014,ORD00018066,55,2025-02-05,Below average taste.,invalid_rating
RAT0009041,CUST0040796,ITEM0004,LOC0017,ORD00017959,,2025-02-05,,missing_value
RAT0009058,CUST0020325,ITEM0141,LOC0001,ORD00017878,3,2025-02-05,,orphan_foreign_key
RAT0009064,CUST0040423,ITEM0129,LOC0004,ORD00017075,5,2025-02-05,,orphan_foreign_key
RAT0009068,CUST0025292,ITEM0016,LOC0002,ORD00018395,,2025-02-05,,missing_value
RAT0009076,CUST5981651,ITEM0076,LOC0018,ORD00015976,4,2025-02-05,"Good food, will order again.",orphan_foreign_key
RAT0009096,CUST0053659,,LOC0019,ORD00018157,3,2025-02-05,,orphan_foreign_key
RAT0009129,CUST0047101,ITEM0073,LOC0014,ORD00017338,6,2025-02-05,,invalid_rating
RAT0009131,CUST0042832,ITEM0109,LOC0008,ORD00017616,4,2025-02-05,,orphan_foreign_key
RAT0009132,CUST0029240,ITEM0005,LOC0014,ORD00018066,0,2025-02-05,,invalid_rating
RAT0009162,CUST0009739,ITEM0060,LOC9216,ORD00017375,5,2025-02-05,,invalid_restaurant_id
RAT0009180,CUST0050915,ITEM0129,LOC0018,ORD00018234,7,2025-02-05,Tasty and fresh.,invalid_rating
RAT0009191,CUST0019307,,LOC0023,ORD00017615,4,2025-02-05,"Good food, will order again.",orphan_foreign_key
RAT0009264,CUST0051420,ITEM0160,LOC0004,ORD00017585,,2025-02-06,,missing_value
RAT0009265,CUST0023146,ITEM0020,LOC0004,ORD00017818,,2025-02-06,,missing_value
RAT0009306,CUST0053336,,LOC0005,ORD00017145,5,2025-02-06,,orphan_foreign_key
RAT0009308,CUST0030781,ITEM0049,LOC0018,ORD00018789,,2025-02-06,,missing_value
RAT0009320,CUST0053659,ITEM0068,LOC0019,ORD00018157,2,2025-02-06,,orphan_foreign_key
RAT0009321,CUST0054941,ITEM0101,LOC0023,ORD00018063,4,2025-02-06,Tasty and fresh.,orphan_foreign_key
RAT0009332,CUST0048265,,LOC0003,ORD00017460,55,2025-02-06,Good taste but late delivery.,invalid_rating
RAT0009349,CUST0024162,ITEM0045,LOC0017,ORD00018294,2,2025-02-06,Below average taste.,orphan_foreign_key
RAT0009397,CUST0042727,,LOC0019,ORD00017912,2,2025-02-06,Below average taste.,orphan_foreign_key
RAT0009413,CUST0026934,,LOC0018,ORD00018716,4,,,invalid_date
RAT0009423,CUST0043816,,LOC0004,ORD00015315,4,2025-02-06,,orphan_foreign_key
RAT0009430,CUST0000676,ITEM0153,LOC0022,ORD00018825,5,,,invalid_date
RAT0009449,CUST0030539,ITEM0055,LOC0019,ORD00019437,4,2025-02-07,"Good food, will order again.",orphan_foreign_key
RAT0009488,CUST0010789,ITEM0148,LOC0022,ORD00019377,,2025-02-07,,missing_value
RAT0009518,CUST0024162,ITEM0021,LOC0017,ORD00018294,4,2025-02-07,,orphan_foreign_key
RAT0009529,CUST0021293,,LOC0009,ORD00019035,4,2025-02-07,,orphan_foreign_key
RAT0009560,CUST0020682,ITEM0058,LOC0007,ORD00018875,,2025-02-07,,missing_value
RAT0009594,CUST0031757,ITEM0068,LOC0020,ORD00017882,4,2025-02-07,,orphan_foreign_key
RAT0009611,CUST0007973,ITEM0150,LOC0002,ORD00019493,3,,,invalid_date
RAT0009613,CUST0030539,ITEM0134,LOC0019,ORD00019437,5,2025-02-07,"Excellent, loved it!",orphan_foreign_key
RAT0009623,CUST0028463,ITEM0064,LOC0023,ORD00018504,,2025-02-07,,missing_value
RAT0009625,CUST0036206,,LOC0005,ORD00019473,,2025-02-07,,missing_value
RAT0009627,CUST0021293,ITEM0045,LOC0009,ORD00019035,4,2025-02-07,Nice ambience and good service.,orphan_foreign_key
RAT0009636,CUST0025816,ITEM0058,LOC0008,ORD00019199,10,2025-02-07,,invalid_rating
RAT0009645,CUST0051438,ITEM0134,LOC0023,ORD00019495,,2025-02-07,,missing_value
RAT0009666,CUST0004723,ITEM0118,LOC0019,ORD00019191,,2025-02-07,,missing_value
RAT0009667,CUST0021338,ITEM0041,LOC0002,ORD00017634,4,2025-02-07,,orphan_foreign_key
RAT0009676,CUST0005274,,LOC0013,ORD00018820,5,2025-02-07,,orphan_foreign_key
RAT0009682,CUST0014191,ITEM0099,LOC0004,ORD00018930,4,2025-02-07,Enjoyed the meal.,orphan_foreign_key
RAT0009689,CUST0021664,,LOC0018,ORD00017763,4,2025-02-07,Enjoyed the meal.,orphan_foreign_key
RAT0009699,CUST0008193,ITEM0029,LOC0003,ORD00019184,,2025-02-07,,missing_value
RAT0009727,CUST0011489,,LOC0003,ORD00017696,4,2025-02-08,,orphan_foreign_key
RAT0009739,CUST0005084,ITEM0018,LOC0005,ORD00017649,5,2025-02-08,Best in town.,orphan_foreign_key
RAT0009773,CUST0039336,ITEM0077,LOC0025,ORD00019575,3,2025-02-08,Good taste but late delivery.,orphan_foreign_key
RAT0009782,CUST0047927,ITEM0071,LOC0013,ORD00019368,,2025-02-08,Amazing food and friendly staff.,missing_value
RAT0009801,CUST0035433,ITEM0106,LOC0011,ORD00018943,5,1900-01-01,,invalid_date
RAT0009810,CUST0029354,,LOC0022,ORD00018682,5,2025-02-08,,orphan_foreign_key
RAT0009822,CUST0024162,ITEM0111,LOC0017,ORD00019347,4,2025-02-08,,orphan_foreign_key
RAT0009835,CUST0052461,,LOC0013,ORD00019831,5,2025-02-08,,orphan_foreign_key
RAT0009847,CUST0006405,ITEM0125,LOC0001,ORD00017540,4,1970-01-01,Enjoyed the meal.,invalid_date
RAT0009868,CUST0034011,ITEM0151,LOC0015,ORD00019687,,2025-02-08,Amazing food and friendly staff.,missing_value
RAT0009869,CUST0032260,ITEM0102,LOC0003,ORD00019903,3,2025-02-08,,orphan_foreign_key
RAT0009879,CUST0002933,ITEM0147,LOC0002,ORD00019579,3,2025-02-08,,orphan_foreign_key
RAT0009898,CUST0031889,,LOC6818,ORD00019421,2,2025-02-08,Took too long to arrive.,invalid_restaurant_id
RAT0009957,CUST0003021,ITEM0151,LOC0016,ORD00019917,4,2025-02-08,,orphan_foreign_key
RAT0009958,CUST0001965,ITEM0068,LOC0019,ORD00017327,4,2025-02-08,,orphan_foreign_key
RAT0009963,CUST0045323,ITEM0054,LOC0009,ORD00018902,5,2099-12-31,,invalid_date
RAT0009966,CUST0012582,ITEM0023,LOC0006,ORD00018245,4,2025-02-08,Enjoyed the meal.,orphan_foreign_key
RAT0009995,CUST0042708,ITEM0141,LOC3321,ORD00018735,3,2025-02-08,It was okay.,invalid_restaurant_id
RAT0010012,CUST7152166,ITEM0037,LOC0001,ORD00020312,3,2025-02-09,"Taste was fine, packaging poor.",orphan_foreign_key
RAT0010016,CUST0028156,ITEM0059,LOC0007,ORD00020159,5,2025-02-09,,orphan_foreign_key
RAT0010018,CUST0039532,,LOC0009,ORD00020382,4,2025-02-09,,orphan_foreign_key
RAT0010023,CUST0021723,ITEM0143,LOC0019,ORD00020348,,2025-02-09,,missing_value
RAT0010028,CUST0026953,ITEM0068,LOC0017,ORD00020588,2,2025-02-09,,orphan_foreign_key
RAT0010034,CUST0031777,ITEM0056,LOC0009,ORD00020244,4,2025-02-09,,orphan_foreign_key
RAT0010066,CUST0011363,ITEM0113,LOC0007,ORD00020167,2,2025-02-09,,orphan_foreign_key
RAT0010112,CUST0041740,ITEM0068,LOC0014,ORD00020585,5,2025-02-09,,orphan_foreign_key
RAT0010145,CUST0037564,ITEM0148,LOC0003,ORD00020565,,2025-02-09,,missing_value
RAT0010162,CUST0043631,ITEM0041,LOC0017,ORD00020157,5,2025-02-09,,orphan_foreign_key
RAT0010166,CUST0032834,ITEM0048,LOC0004,ORD00019842,5,2025-02-09,Perfect taste and quick service.,orphan_foreign_key
RAT0010167,CUST0022519,ITEM0061,LOC0002,ORD00020417,,2025-02-09,,missing_value
RAT0010194,CUST0023361,ITEM0151,LOC1122,ORD00019853,3,2025-02-09,"Taste was fine, packaging poor.",invalid_restaurant_id
RAT0010208,CUST0028156,,LOC0007,ORD00020159,4,2025-02-09,,orphan_foreign_key
RAT0010212,CUST0002933,ITEM0150,LOC0002,ORD00019579,5,2025-02-09,,orphan_foreign_key
RAT0010221,CUST0006184,ITEM0130,LOC0018,ORD00020096,55,2025-02-09,,invalid_rating
RAT0010247,CUST0022419,ITEM0033,LOC0007,ORD00020280,4,2025-02-09,,orphan_foreign_key
RAT0010257,CUST0019174,ITEM0159,LOC0007,ORD00020435,4,2025-02-09,,orphan_foreign_key
RAT0010288,CUST0041407,,LOC0001,ORD00018677,4,2031-07-22,,invalid_date
RAT0010300,CUST0052349,,LOC0014,ORD00019930,,2025-02-09,,missing_value
RAT0010329,CUST0006115,ITEM0064,LOC0007,ORD00020735,5,2025-02-10,Best in town.,orphan_foreign_key
RAT0010349,CUST0011232,ITEM0054,LOC0004,ORD00020489,3,2025-02-10,,orphan_foreign_key
RAT0010352,CUST0032260,,LOC0003,ORD00019903,3,2025-02-10,It was okay.,orphan_foreign_key
RAT0010357,CUST0014461,,LOC0022,ORD00019543,,2025-02-10,"Average, nothing special.",missing_value
RAT0010368,CUST0003773,ITEM0124,LOC0015,ORD00020372,4,2025-02-10,Enjoyed the meal.,orphan_foreign_key
RAT0010384,CUST0005613,ITEM0018,LOC0005,ORD00020404,,2025-02-10,,missing_value
RAT0010388,CUST0041740,ITEM0113,LOC0014,ORD00020585,3,2025-02-10,,orphan_foreign_key
RAT0010394,CUST0007325,ITEM0147,LOC0004,ORD00021116,,2025-02-10,Enjoyed the meal.,missing_value
RAT0010399,CUST0015132,ITEM0027,LOC0004,ORD00020865,4,2025-02-10,Nice ambience and good service.,orphan_foreign_key
RAT0010412,CUST0004635,ITEM0085,LOC0005,ORD00016667,3,2025-02-10,,orphan_foreign_key
RAT0010414,CUST0026192,ITEM0156,LOC0001,ORD00021054,,2025-02-10,"Taste was fine, packaging poor.",missing_value
RAT0010423,CUST0006115,ITEM0037,LOC0007,ORD00020735,4,2025-02-10,Nice ambience and good service.,orphan_foreign_key
RAT0010438,CUST0024116,ITEM0134,LOC0019,ORD00020737,,2025-02-10,Good value for money.,missing_value
RAT0010444,CUST0040705,,LOC8537,ORD00020833,4,2025-02-10,Enjoyed the meal.,invalid_restaurant_id
RAT0010449,CUST0017831,ITEM0077,LOC0005,ORD00020335,10,2025-02-10,Portion was too small.,invalid_rating
RAT0010459,CUST0024352,ITEM0077,LOC0023,ORD00020446,4,2099-12-31,Good value for money.,invalid_date
RAT0010469,CUST0024162,,LOC0017,ORD00019347,3,2025-02-10,Decent but overpriced.,orphan_foreign_key
RAT0010496,CUST0031205,ITEM0141,LOC0013,ORD00019526,2,2025-02-10,Portion was too small.,orphan_foreign_key
RAT0010499,CUST0005851,ITEM0151,LOC0018,ORD00020729,3,2025-02-10,,orphan_foreign_key
RAT0010530,CUST0035546,ITEM0139,LOC0017,ORD00019372,,2025-02-10,,missing_value
RAT0010535,CUST0004901,ITEM0015,LOC0010,ORD00020842,,2025-02-10,,missing_value
RAT0010538,CUST0052065,,LOC0022,ORD00017835,,2025-02-10,Best in town.,missing_value
RAT0010549,CUST0044448,,LOC0014,ORD00020271,4,2025-02-10,,orphan_foreign_key
RAT0010550,CUST0002933,ITEM0067,LOC0002,ORD00019579,3,2025-02-10,,orphan_foreign_key
RAT0010558,CUST0051311,,LOC0008,ORD00020843,5,2025-02-10,,orphan_foreign_key
RAT0010568,CUST0026766,,LOC0009,ORD00020247,,2025-02-10,,missing_value
RAT0010573,CUST0040626,ITEM0130,LOC0238,ORD00018445,4,2025-02-10,Enjoyed the meal.,invalid_restaurant_id
RAT0010580,CUST0005130,ITEM0133,LOC0003,ORD00021026,5,2025-02-10,Perfect taste and quick service.,orphan_foreign_key
RAT0010608,CUST0054436,,LOC0003,ORD00020927,,2025-02-11,,missing_value
RAT0010627,CUST0012938,,LOC0016,ORD00021062,4,2025-02-11,,orphan_foreign_key
RAT0010631,CUST0044024,ITEM0089,LOC7734,ORD00018988,4,2025-02-11,,invalid_restaurant_id
RAT0010683,CUST0021034,,LOC8396,ORD00020935,4,2025-02-11,Enjoyed the meal.,invalid_restaurant_id
RAT0010694,CUST0044594,ITEM0057,LOC0023,ORD00021028,55,2025-02-11,,invalid_rating
RAT0010695,CUST0019077,ITEM0125,LOC0011,ORD00021145,4,2025-02-11,,orphan_foreign_key
RAT0010705,CUST0051909,ITEM0049,LOC0010,ORD00021516,,2025-02-11,Nice ambience and good service.,missing_value
RAT0010723,CUST0048066,ITEM0061,LOC0009,ORD00020149,,2025-02-11,Below average taste.,missing_value
RAT0010729,CUST0025193,ITEM0002,LOC0020,ORD00021161,55,2025-02-11,,invalid_rating
RAT0010735,CUST0003773,ITEM0137,LOC0015,ORD00020372,5,2025-02-11,,orphan_foreign_key
RAT0010741,CUST0021931,ITEM0081,LOC0013,ORD00021474,4,2025-02-11,,orphan_foreign_key
RAT0010757,CUST0001850,ITEM0154,LOC0005,ORD00021231,5,2025-02-11,,orphan_foreign_key
RAT0010788,CUST0005089,ITEM0128,LOC0023,ORD00021000,4,2025-02-11,,orphan_foreign_key
RAT0010800,CUST0031157,ITEM0045,LOC0013,ORD00021587,4,2025-02-11,,orphan_foreign_key
RAT0010810,CUST0051823,ITEM0022,LOC0015,ORD00021342,-1,2025-02-11,,invalid_rating
RAT0010814,CUST0003773,ITEM0011,LOC0015,ORD00020372,5,2025-02-11,,orphan_foreign_key
RAT0010828,CUST0032622,ITEM0015,LOC0010,ORD00021155,55,2025-02-11,,invalid_rating
RAT0010844,CUST0047967,ITEM0049,LOC0015,ORD00020236,0,2025-02-11,,invalid_rating
RAT0010854,CUST0017057,ITEM0151,LOC0004,ORD00021712,,2025-02-12,Tasty and fresh.,missing_value
RAT0010876,CUST0047132,ITEM0063,LOC0001,ORD00021484,,2025-02-12,,missing_value
RAT0010879,CUST0007799,,LOC0017,ORD00021591,2,2025-02-12,Not fresh.,orphan_foreign_key
RAT0010882,CUST0001850,ITEM0085,LOC0005,ORD00021231,2,2025-02-12,Took too long to arrive.,orphan_foreign_key
RAT0010886,CUST0054575,ITEM0015,LOC0015,ORD00020241,5,2025-02-12,,orphan_foreign_key
RAT0010887,CUST0007197,ITEM0086,LOC0002,ORD00021175,3,,,invalid_date
RAT0010889,CUST0002240,ITEM0053,LOC0007,ORD00021045,4,2025-02-12,,orphan_foreign_key
RAT0010898,CUST0016501,ITEM0046,LOC0009,ORD00021913,4,2025-02-12,,orphan_foreign_key
RAT0010915,CUST0053708,ITEM0024,LOC0014,ORD00019784,0,2025-02-12,"Excellent, loved it!",invalid_rating
RAT0010931,CUST0020883,ITEM0081,LOC0010,ORD00021422,2,2025-02-12,,orphan_foreign_key
RAT0010949,CUST0054926,ITEM0034,LOC0016,ORD00021847,,2025-02-12,,missing_value
RAT0010967,CUST0031587,ITEM0112,LOC0008,ORD00021959,3,2025-02-12,,orphan_foreign_key
RAT0010997,CUST0041742,ITEM0148,LOC0007,ORD00020888,3,2025-02-12,It was okay.,orphan_foreign_key
RAT0011002,CUST0036705,ITEM0068,LOC0015,ORD00021235,55,2025-02-12,,invalid_rating
RAT0011006,CUST0040673,ITEM0102,LOC1991,ORD00021575,4,2025-02-12,,invalid_restaurant_id
RAT0011008,CUST0006716,ITEM0029,LOC0005,ORD00022004,,2025-02-12,,missing_value
RAT0011044,CUST0003398,,LOC0002,ORD00021294,,2025-02-12,,missing_value
RAT0011060,CUST2542790,ITEM0067,LOC0007,ORD00020780,3,2025-02-12,"Average, nothing special.",orphan_foreign_key
RAT0011066,CUST0054575,ITEM0081,LOC0015,ORD00020241,4,2025-02-12,,orphan_foreign_key
RAT0011080,CUST0026934,,LOC0018,ORD00020913,3,2025-02-12,"Taste was fine, packaging poor.",orphan_foreign_key
RAT0011122,CUST0042548,ITEM0082,LOC0002,ORD00021471,,2025-02-13,,missing_value
RAT0011123,CUST0037479,ITEM0048,LOC0018,ORD00021444,,2025-02-13,Good taste but late delivery.,missing_value
RAT0011132,CUST0029351,ITEM0109,LOC0001,ORD00019571,,2025-02-13,,missing_value
RAT0011142,CUST0002933,ITEM0068,LOC0002,ORD00019579,4,2025-02-13,,orphan_foreign_key
RAT0011187,CUST0024146,ITEM0092,LOC0024,ORD00021189,6,2025-02-13,,invalid_rating
RAT0011191,CUST0039532,ITEM0094,LOC0009,ORD00020382,2,2025-02-13,,orphan_foreign_key
RAT0011204,CUST0020370,ITEM0146,LOC0025,ORD00022035,3,2025-02-13,,orphan_foreign_key
RAT0011227,CUST0023699,ITEM0138,LOC0024,ORD00021389,,2025-02-13,,missing_value
RAT0011229,CUST0042424,ITEM0041,LOC0017,ORD00022597,5,2025-02-13,Amazing food and friendly staff.,orphan_foreign_key
RAT0011240,CUST0011797,ITEM0054,LOC0018,ORD00022386,3,2025-02-13,,orphan_foreign_key
RAT0011248,CUST0054610,ITEM0055,LOC0016,ORD00022331,55,2025-02-13,,invalid_rating
RAT0011255,CUST0015895,ITEM0109,LOC0002,ORD00022374,3,2025-02-13,,orphan_foreign_key
RAT0011258,CUST0019525,ITEM0130,LOC0003,ORD00022117,,2025-02-13,,missing_value
RAT0011267,CUST0040367,ITEM0081,LOC0021,ORD00022548,2,2025-02-13,Not fresh.,orphan_foreign_key
RAT0011270,CUST0038892,ITEM0025,LOC0019,ORD00020940,3,2025-02-13,,orphan_foreign_key
RAT0011283,CUST0048038,,LOC0020,ORD00020811,3,2025-02-13,Good taste but late delivery.,orphan_foreign_key
RAT0011288,CUST0039096,,LOC0022,ORD00021929,5,2025-02-13,Amazing food and friendly staff.,orphan_foreign_key
RAT0011297,CUST0029854,ITEM0157,LOC0025,ORD00022437,-1,2025-02-13,,invalid_rating
RAT0011303,CUST0011797,ITEM0005,LOC0018,ORD00022386,5,2025-02-13,,orphan_foreign_key
RAT0011320,CUST0020948,ITEM0055,LOC0005,ORD00020686,,2025-02-13,,missing_value
RAT0011324,CUST0011626,ITEM0022,LOC8427,ORD00021683,5,2025-02-13,,invalid_restaurant_id
RAT0011336,CUST0031391,ITEM0148,LOC0018,ORD00022340,55,2025-02-13,,invalid_rating
RAT0011338,CUST0052199,ITEM0159,LOC0015,ORD00022454,55,2025-02-13,,invalid_rating
RAT0011350,CUST0044448,ITEM0066,LOC0014,ORD00020271,5,2025-02-13,,orphan_foreign_key
RAT0011363,CUST0020948,,LOC0005,ORD00022216,3,,,invalid_date
RAT0011373,CUST0036188,ITEM0130,LOC0013,ORD00021406,5,2025-02-14,,orphan_foreign_key
RAT0011375,CUST0048669,,LOC0004,ORD00022430,55,2025-02-14,,invalid_rating
RAT0011408,CUST0001014,ITEM0037,LOC0016,ORD00023175,4,2025-02-14,Nice ambience and good service.,orphan_foreign_key
RAT0011414,CUST0002348,,LOC0018,ORD00022883,,2025-02-14,,missing_value
RAT0011430,CUST0043043,ITEM0048,LOC0013,ORD00023412,4,2025-02-14,,orphan_foreign_key
RAT0011440,CUST0035628,ITEM0143,LOC0019,ORD00023312,-1,2025-02-14,,invalid_rating
RAT0011444,CUST0004019,ITEM0068,LOC0016,ORD00022787,,2025-02-14,"Good food, will order again.",missing_value
RAT0011450,CUST0052568,ITEM0123,LOC0005,ORD00021392,4,2025-02-14,Enjoyed the meal.,orphan_foreign_key
RAT0011458,CUST0012328,ITEM0112,LOC0024,ORD00023352,,2025-02-14,,missing_value
RAT0011461,CUST0001014,ITEM0150,LOC0016,ORD00023175,5,2025-02-14,Highly recommended.,orphan_foreign_key
RAT0011470,CUST0051610,ITEM0075,LOC0001,ORD00022567,,2025-02-14,,missing_value
RAT0011483,CUST0031995,ITEM0058,LOC0014,ORD00022751,5,2025-02-14,Best in town.,orphan_foreign_key
RAT0011489,CUST0138881,,LOC0021,ORD00023354,4,2025-02-14,,orphan_foreign_key
RAT0011493,CUST0030157,,LOC0001,ORD00023376,,2025-02-14,"Average, nothing special.",missing_value
RAT0011505,CUST0040434,ITEM0138,LOC0017,ORD00022357,6,2025-02-14,,invalid_rating
RAT0011507,CUST0044164,ITEM0106,LOC0003,ORD00022603,3,2025-02-14,,orphan_foreign_key
RAT0011555,CUST0035933,ITEM0045,LOC0017,ORD00023147,4,2025-02-14,Good value for money.,orphan_foreign_key
RAT0011558,CUST0030340,ITEM0046,LOC0010,ORD00022897,6,2025-02-14,,invalid_rating
RAT0011559,CUST0050015,ITEM0058,LOC0016,ORD00023335,5,2025-02-14,,orphan_foreign_key
RAT0011566,CUST0022446,,LOC0015,ORD00021790,3,2025-02-14,,orphan_foreign_key
RAT0011575,CUST0054717,ITEM0159,LOC0020,ORD00022191,,2025-02-14,,missing_value
RAT0011577,CUST0001673,ITEM0019,LOC0002,ORD00022519,4,2025-02-14,,orphan_foreign_key
RAT0011588,CUST0036432,ITEM0026,LOC0022,ORD00023319,4,2025-02-14,Enjoyed the meal.,orphan_foreign_key
RAT0011591,CUST0041372,ITEM0054,LOC0003,ORD00022860,4,2025-02-14,,orphan_foreign_key
RAT0011608,CUST0038214,ITEM0069,LOC0006,ORD00023539,,2025-02-14,,missing_value
RAT0011649,CUST0041852,ITEM0032,LOC0003,ORD00023512,3,2025-02-14,,orphan_foreign_key
RAT0011656,CUST0049426,ITEM0160,LOC0023,ORD00023490,6,2025-02-14,Tasty and fresh.,invalid_rating
RAT0011661,CUST0041852,,LOC0003,ORD00023512,4,2025-02-14,,orphan_foreign_key
RAT0011668,CUST0047807,ITEM0124,LOC0010,ORD00022756,3,1900-01-01,,invalid_date
RAT0011676,CUST0036432,ITEM0048,LOC0022,ORD00023319,3,2025-02-14,,orphan_foreign_key
RAT0011709,CUST0002201,ITEM0147,LOC0012,ORD00022444,,2025-02-14,,missing_value
RAT0011714,CUST7986045,ITEM0117,LOC0004,ORD00022475,4,2025-02-14,,orphan_foreign_key
RAT0011718,CUST0051596,,LOC0004,ORD00023361,4,2031-07-22,"Good food, will order again.",invalid_date
RAT0011733,CUST0029635,ITEM0105,LOC0016,ORD00022767,,2025-02-14,,missing_value
RAT0011736,CUST0053735,ITEM0134,LOC0019,ORD00023082,-1,2025-02-14,,invalid_rating
RAT0011751,CUST0043043,ITEM0044,LOC0013,ORD00023412,4,2025-02-15,,orphan_foreign_key
RAT0011762,CUST0033159,ITEM0018,LOC0025,ORD00024035,,2025-02-15,,missing_value
RAT0011768,CUST0004073,ITEM0052,LOC0004,ORD00023644,4,2025-02-15,,orphan_foreign_key
RAT0011785,CUST0046454,ITEM0046,LOC0012,ORD00023947,3,2025-02-15,,orphan_foreign_key
RAT0011794,CUST0029005,ITEM0113,LOC0023,ORD00024092,3,2025-02-15,,orphan_foreign_key
RAT0011813,CUST0023817,ITEM0054,LOC0010,ORD00020720,,2025-02-15,,missing_value
RAT0011839,CUST0046023,ITEM0009,LOC0004,ORD00023301,,2025-02-15,Good taste but late delivery.,missing_value
RAT0011841,CUST0041392,,LOC0022,ORD00023470,10,2025-02-15,,invalid_rating
RAT0011847,CUST0003581,ITEM0093,LOC0006,ORD00023021,4,2025-02-15,Good value for money.,orphan_foreign_key
RAT0011858,CUST0012333,ITEM0019,LOC0012,ORD00022207,0,2025-02-15,Amazing food and friendly staff.,invalid_rating
RAT0011863,CUST0020100,ITEM0134,LOC2303,ORD00022389,5,2025-02-15,,invalid_restaurant_id
RAT0011872,CUST0044680,,LOC0013,ORD00024235,0,2025-02-15,"Taste was fine, packaging poor.",invalid_rating
RAT0011903,CUST0006722,ITEM0129,LOC0015,ORD00019603,4,2025-02-15,Good value for money.,orphan_foreign_key
RAT0011908,CUST0040974,ITEM0083,LOC0020,ORD00023134,,2025-02-15,,missing_value
RAT0011937,CUST0014128,ITEM0103,LOC2383,ORD00023662,3,2025-02-15,Good taste but late delivery.,invalid_restaurant_id
RAT0011945,CUST0031990,ITEM0092,LOC0020,ORD00022275,,2025-02-15,,missing_value
RAT0011949,CUST0043367,ITEM0036,LOC0002,ORD00022500,3,2099-12-31,,invalid_date
RAT0011951,CUST0044863,ITEM0151,LOC0019,ORD00022815,3,1900-01-01,Decent but overpriced.,invalid_date
RAT0011969,CUST0001014,ITEM0068,LOC0016,ORD00023175,5,2025-02-15,Amazing food and friendly staff.,orphan_foreign_key
RAT0011996,CUST0051714,ITEM0015,LOC0012,ORD00022666,4,2025-02-15,,orphan_foreign_key
RAT0012005,CUST0030325,ITEM0160,LOC3098,ORD00021523,3,2025-02-15,,invalid_restaurant_id
RAT0012018,CUST0025081,ITEM0057,LOC0013,ORD00022906,,2025-02-15,,missing_value
RAT0012076,CUST0004740,ITEM0154,LOC0001,ORD00023012,,2025-02-15,"Good food, will order again.",missing_value
RAT0012082,CUST0042922,ITEM0160,LOC0025,ORD00023284,,2025-02-15,Enjoyed the meal.,missing_value
RAT0012085,CUST0003773,ITEM0055,LOC0015,ORD00022008,4,2025-02-15,,orphan_foreign_key
RAT0012091,CUST0012822,ITEM0134,LOC0005,ORD00024147,0,2025-02-15,,invalid_rating
RAT0012094,CUST0037224,ITEM0040,LOC0010,ORD00022881,,2025-02-15,It was okay.,missing_value
RAT0012101,CUST0040367,ITEM0057,LOC0021,ORD00022548,4,2025-02-15,,orphan_foreign_key
RAT0012111,CUST0041416,ITEM0089,LOC0019,ORD00024009,4,,,invalid_date
RAT0012115,CUST0016596,ITEM0022,LOC0005,ORD00022998,-1,2025-02-15,,invalid_rating
RAT0012120,CUST0009263,ITEM0041,LOC0006,ORD00023762,3,2025-02-15,"Average, nothing special.",orphan_foreign_key
RAT0012128,CUST0042036,ITEM0062,LOC0004,ORD00023731,4,2025-02-15,,orphan_foreign_key
RAT0012131,CUST0015181,,LOC0002,ORD00024038,,2025-02-15,Good taste but late delivery.,missing_value
RAT0012134,CUST0029005,ITEM0136,LOC0023,ORD00024092,4,2025-02-15,,orphan_foreign_key
RAT0012158,CUST0024873,ITEM0092,LOC0004,ORD00023519,5,2025-02-16,"Excellent, loved it!",orphan_foreign_key
RAT0012177,CUST0002469,ITEM0033,LOC4244,ORD00024884,4,2025-02-16,,invalid_restaurant_id
RAT0012181,CUST0046942,,LOC0013,ORD00024371,,2025-02-16,,missing_value
RAT0012184,CUST0053343,,LOC0014,ORD00023065,,2025-02-16,,missing_value
RAT0012188,CUST0035933,ITEM0040,LOC0017,ORD00023147,4,2025-02-16,Tasty and fresh.,orphan_foreign_key
RAT0012205,CUST0021203,ITEM0090,LOC0018,ORD00024322,3,2025-02-16,,orphan_foreign_key
RAT0012232,CUST0047572,,LOC0023,ORD00024480,3,2025-02-16,,orphan_foreign_key
RAT0012243,CUST0044164,ITEM0090,LOC0003,ORD00022603,4,2025-02-16,,orphan_foreign_key
RAT0012245,CUST0037975,ITEM0158,LOC0014,ORD00024330,,2025-02-16,Good taste but late delivery.,missing_value
RAT0012253,CUST0001948,ITEM0124,LOC0005,ORD00023603,,2025-02-16,,missing_value
RAT0012256,CUST9124329,ITEM0028,LOC0024,ORD00024295,3,2025-02-16,It was okay.,orphan_foreign_key
RAT0012307,CUST0040263,ITEM0048,LOC0015,ORD00023767,0,2025-02-16,,invalid_rating
RAT0012313,CUST0023855,ITEM0066,LOC0008,ORD00021646,4,2025-02-16,,orphan_foreign_key
RAT0012343,CUST0043701,ITEM0148,LOC0019,ORD00024738,3,2025-02-16,,orphan_foreign_key
RAT0012346,CUST0016089,ITEM0054,LOC0001,ORD00019770,,2025-02-16,"Excellent, loved it!",missing_value
RAT0012349,CUST0002731,,LOC0003,ORD00024548,3,2025-02-16,,orphan_foreign_key
RAT0012401,CUST0016684,ITEM0039,LOC0006,ORD00022757,4,2025-02-16,,orphan_foreign_key
RAT0012403,CUST0017973,ITEM0075,LOC0016,ORD00024663,4,2025-02-16,,orphan_foreign_key
RAT0012450,CUST0005479,ITEM0005,LOC0024,ORD00022693,,2025-02-16,,missing_value
RAT0012471,CUST0026952,ITEM0040,LOC0013,ORD00024632,3,,,invalid_date
RAT0012477,CUST0038665,ITEM0153,LOC3408,ORD00022605,4,2025-02-16,"Good food, will order again.",invalid_restaurant_id
RAT0012479,CUST0022429,ITEM0068,LOC0015,ORD00024304,3,2025-02-16,,orphan_foreign_key
RAT0012481,CUST0026265,ITEM0036,LOC0003,ORD00023516,2,2025-02-16,,orphan_foreign_key
RAT0012485,CUST0004073,ITEM0084,LOC0004,ORD00023644,5,2025-02-16,Highly recommended.,orphan_foreign_key
RAT0012491,CUST0009962,ITEM0005,LOC0001,ORD00024435,,2025-02-16,,missing_value
RAT0012498,CUST0043043,ITEM0143,LOC0013,ORD00023412,5,2025-02-17,,orphan_foreign_key
RAT0012546,CUST0017973,ITEM0087,LOC0016,ORD00024663,4,2025-02-17,Tasty and fresh.,orphan_foreign_key
RAT0012550,CUST0052914,ITEM0138,LOC0020,ORD00024297,4,2099-12-31,,invalid_date
RAT0012559,CUST0016965,,LOC0013,ORD00025154,,2025-02-17,Highly recommended.,missing_value
RAT0012562,CUST0017514,ITEM0114,LOC0016,ORD00024605,,2025-02-17,Good value for money.,missing_value
RAT0012566,CUST0039402,ITEM0103,LOC0016,ORD00025001,10,2025-02-17,"Good food, will order again.",invalid_rating
RAT0012579,CUST0028661,ITEM0152,LOC0021,ORD00025246,3,2025-02-17,"Average, nothing special.",orphan_foreign_key
RAT0012610,CUST0007470,ITEM0066,LOC0013,ORD00023649,,2025-02-17,,missing_value
RAT0012674,CUST0003800,ITEM0029,LOC0018,ORD00025155,4,2025-02-17,,orphan_foreign_key
RAT0012688,CUST0023721,ITEM0068,LOC0001,ORD00024988,4,2025-02-17,Enjoyed the meal.,orphan_foreign_key
RAT0012708,CUST3388817,ITEM0064,LOC0007,ORD00024002,4,2025-02-17,,orphan_foreign_key
RAT0012711,CUST0052835,ITEM0148,LOC0017,ORD00024709,3,2025-02-17,Decent but overpriced.,orphan_foreign_key
RAT0012712,CUST0044368,ITEM0149,LOC0017,ORD00022418,6,2025-02-17,Decent but overpriced.,invalid_rating
RAT0012723,CUST0022429,ITEM0044,LOC0015,ORD00024304,5,2099-12-31,,invalid_date
RAT0012780,CUST0019228,ITEM0160,LOC0012,ORD00023860,5,1900-01-01,,invalid_date
RAT0012787,CUST0005493,ITEM0112,LOC0018,ORD00024944,4,1970-01-01,,invalid_date
RAT0012827,CUST0038251,ITEM0147,LOC0014,ORD00024742,4,2025-02-18,,orphan_foreign_key
RAT0012849,CUST0013888,ITEM0060,LOC0020,ORD00024941,4,2025-02-18,,orphan_foreign_key
RAT0012871,CUST0046682,ITEM0092,LOC0015,ORD00025355,4,2025-02-18,,orphan_foreign_key
RAT0012881,CUST0005520,ITEM0077,LOC0023,ORD00025073,4,1900-01-01,,invalid_date
RAT0012883,CUST0023627,,LOC0020,ORD00025532,4,2025-02-18,,orphan_foreign_key
RAT0012884,CUST0004879,,LOC0008,ORD00024679,4,2025-02-18,"Good food, will order again.",orphan_foreign_key
RAT0012894,CUST0031679,ITEM0082,LOC0008,ORD00025320,3,2025-02-18,,orphan_foreign_key
RAT0012895,CUST0007730,ITEM0058,LOC0016,ORD00023446,5,1900-01-01,,invalid_date
RAT0012902,CUST0018316,,LOC0008,ORD00024290,,2025-02-18,Amazing food and friendly staff.,missing_value
RAT0012905,CUST0033455,ITEM0114,LOC0016,ORD00024831,4,,Good value for money.,invalid_date
RAT0012921,CUST0019834,ITEM0075,LOC0011,ORD00025370,10,2025-02-18,Enjoyed the meal.,invalid_rating
RAT0012929,CUST0034084,ITEM0048,LOC0010,ORD00023876,4,2025-02-18,,orphan_foreign_key
RAT0012939,CUST0048644,ITEM0121,LOC0022,ORD00025025,4,2025-02-18,Tasty and fresh.,orphan_foreign_key
RAT0012945,CUST0039856,ITEM0143,LOC0024,ORD00025422,,2025-02-18,Good value for money.,missing_value
RAT0012947,CUST1672395,ITEM0051,LOC0017,ORD00024708,5,2025-02-18,,orphan_foreign_key
RAT0013014,CUST0008967,,LOC0010,ORD00025483,10,2025-02-19,,invalid_rating
RAT0013021,CUST0014516,ITEM0148,LOC0003,ORD00025151,4,1900-01-01,,invalid_date
RAT0013026,CUST0028661,ITEM0055,LOC0021,ORD00025246,4,2025-02-19,,orphan_foreign_key
RAT0013043,CUST0019635,ITEM0064,LOC0019,ORD00021682,6,2025-02-19,,invalid_rating
RAT0013050,CUST0037287,ITEM0054,LOC0005,ORD00025450,,2025-02-19,,missing_value
RAT0013060,CUST0028880,ITEM0119,LOC0001,ORD00025658,4,2025-02-19,Nice ambience and good service.,orphan_foreign_key
RAT0013077,CUST0003773,ITEM0143,LOC0015,ORD00022008,3,2025-02-19,,orphan_foreign_key
RAT0013092,CUST0008912,ITEM0148,LOC0020,ORD00025832,,2025-02-19,,missing_value
RAT0013102,CUST0028110,ITEM0124,LOC0004,ORD00025079,4,1970-01-01,,invalid_date
RAT0013118,CUST0048644,ITEM0148,LOC0022,ORD00025025,3,2025-02-19,It was okay.,orphan_foreign_key
RAT0013120,CUST0051069,ITEM0027,LOC0009,ORD00025616,4,2025-02-19,"Good food, will order again.",orphan_foreign_key
RAT0013123,CUST0034456,ITEM0066,LOC0002,ORD00025922,5,2025-02-19,"Excellent, loved it!",orphan_foreign_key
RAT0013169,CUST0054610,ITEM0134,LOC3136,ORD00022331,4,2025-02-20,,invalid_restaurant_id
RAT0013178,CUST0044984,ITEM0139,LOC0016,ORD00022677,,2025-02-20,,missing_value
RAT0013181,CUST0049401,,LOC0011,ORD00026155,,2025-02-20,,missing_value
RAT0013216,CUST0038035,ITEM0132,LOC0003,ORD00025902,,2025-02-20,,missing_value
RAT0013228,CUST0032871,ITEM0046,LOC0023,ORD00026055,4,2025-02-20,,orphan_foreign_key
RAT0013230,CUST0036185,ITEM0113,LOC0021,ORD00026211,6,2025-02-20,,invalid_rating
RAT0013232,CUST0030791,ITEM0061,LOC0007,ORD00026183,2,2025-02-20,Below average taste.,orphan_foreign_key
RAT0013237,CUST0001180,,LOC3686,ORD00026314,4,2025-02-20,Nice ambience and good service.,invalid_restaurant_id
RAT0013240,CUST0018382,,LOC0024,ORD00024492,3,2025-02-20,,orphan_foreign_key
RAT0013254,CUST0030791,,LOC0007,ORD00026183,3,2025-02-20,,orphan_foreign_key
RAT0013280,CUST0014751,ITEM0068,LOC0008,ORD00024416,5,1900-01-01,,invalid_date
RAT0013303,CUST0047155,ITEM0129,LOC0021,ORD00026087,,2025-02-20,Amazing food and friendly staff.,missing_value
RAT0013322,CUST0004046,ITEM0055,LOC0021,ORD00026002,,2025-02-20,It was okay.,missing_value
RAT0013323,CUST0039509,,LOC0022,ORD00026288,5,,"Excellent, loved it!",invalid_date
RAT0013324,CUST4495848,ITEM0049,LOC0011,ORD00024730,3,2025-02-20,,orphan_foreign_key
RAT0013342,CUST0005684,ITEM0047,LOC0019,ORD00026737,,2025-02-21,"Average, nothing special.",missing_value
RAT0013354,CUST0030791,ITEM0048,LOC0007,ORD00026183,3,2025-02-21,,orphan_foreign_key
RAT0013363,CUST0037229,ITEM0061,LOC0020,ORD00026056,2,2025-02-21,,orphan_foreign_key
RAT0013373,CUST0049129,ITEM0113,LOC0013,ORD00026057,5,2025-02-21,Amazing food and friendly staff.,orphan_foreign_key
RAT0013374,CUST0007635,ITEM0152,LOC0020,ORD00026614,4,2025-02-21,"Good food, will order again.",orphan_foreign_key
RAT0013400,CUST0033358,ITEM0081,LOC0012,ORD00025677,,2025-02-21,,missing_value
RAT0013407,CUST0054150,ITEM0033,LOC0018,ORD00026523,,2025-02-21,,missing_value
RAT0013412,CUST0024421,ITEM0066,LOC0021,ORD00025652,3,2025-02-21,Good taste but late delivery.,orphan_foreign_key
RAT0013433,CUST0053857,ITEM0033,LOC0013,ORD00026312,3,2027-11-05,Good taste but late delivery.,invalid_date
RAT0013455,CUST0001087,ITEM0046,LOC0004,ORD00025304,0,2025-02-21,Good taste but late delivery.,invalid_rating
RAT0013470,CUST0025652,ITEM0066,LOC0001,ORD00026837,4,,Enjoyed the meal.,invalid_date
RAT0013475,CUST0045495,ITEM0027,LOC0007,ORD00026234,,2025-02-21,Enjoyed the meal.,missing_value
RAT0013479,CUST0036508,ITEM0049,LOC0023,ORD00026575,5,2025-02-21,,orphan_foreign_key
RAT0013482,CUST0051474,ITEM0081,LOC6677,ORD00026841,5,2025-02-21,Highly recommended.,invalid_restaurant_id
RAT0013488,CUST0004437,ITEM0135,LOC0011,ORD00026794,3,2025-02-21,Decent but overpriced.,orphan_foreign_key
RAT0013491,CUST0021906,ITEM0067,LOC0009,ORD00025990,3,2025-02-21,,orphan_foreign_key
RAT0013501,CUST0037259,ITEM0058,LOC0004,ORD00026757,3,2025-02-21,"Taste was fine, packaging poor.",orphan_foreign_key
RAT0013506,CUST0039328,ITEM0023,LOC0021,ORD00026127,,2025-02-21,"Average, nothing special.",missing_value
RAT0013512,CUST0007635,ITEM0001,LOC0020,ORD00026614,4,2025-02-21,,orphan_foreign_key
RAT0013517,CUST0046175,ITEM0157,LOC7037,ORD00026136,3,2025-02-21,,invalid_restaurant_id
RAT0013542,CUST0020622,ITEM0081,LOC0022,ORD00026635,55,2025-02-21,,invalid_rating
RAT0013564,CUST0031774,ITEM0151,LOC0003,ORD00026509,3,2025-02-21,,orphan_foreign_key
RAT0013567,CUST0009992,ITEM0059,LOC0016,ORD00026462,4,2025-02-21,,orphan_foreign_key
RAT0013571,CUST0036508,ITEM0081,LOC0023,ORD00026575,4,2025-02-21,Nice ambience and good service.,orphan_foreign_key
RAT0013575,CUST0032871,ITEM0063,LOC0023,ORD00026055,4,2025-02-21,,orphan_foreign_key
RAT0013587,CUST0037259,ITEM0135,LOC0004,ORD00026757,3,2025-02-22,,orphan_foreign_key
RAT0013637,CUST0001728,ITEM0113,LOC0003,ORD00027242,-1,2025-02-22,Not fresh.,invalid_rating
RAT0013670,CUST0045539,ITEM0045,LOC0003,ORD00026747,3,2025-02-22,,orphan_foreign_key
RAT0013676,CUST0018047,,LOC0025,ORD00026457,,2025-02-22,,missing_value
RAT0013693,CUST0012849,ITEM0012,LOC0003,ORD00027448,6,2025-02-22,,invalid_rating
RAT0013694,CUST0001666,ITEM0032,LOC0010,ORD00027329,10,2025-02-22,,invalid_rating
RAT0013702,CUST0042521,ITEM0048,LOC0017,ORD00027240,5,2027-11-05,Perfect taste and quick service.,invalid_date
RAT0013710,CUST0021906,,LOC0009,ORD00025990,5,2025-02-22,,orphan_foreign_key
RAT0013714,CUST0025772,,LOC0020,ORD00026350,4,2025-02-22,Nice ambience and good service.,orphan_foreign_key
RAT0013719,CUST0037985,,LOC0008,ORD00026389,7,2025-02-22,,invalid_rating
RAT0013782,CUST0029853,ITEM0038,LOC0025,ORD00027184,5,2025-02-22,,orphan_foreign_key
RAT0013798,CUST0051069,ITEM0090,LOC0009,ORD00025616,5,2025-02-22,,orphan_foreign_key
RAT0013800,CUST0045539,ITEM0084,LOC0003,ORD00026747,4,2025-02-22,,orphan_foreign_key
RAT0013875,CUST0050311,ITEM0014,LOC0001,ORD00027991,4,2025-02-23,Enjoyed the meal.,orphan_foreign_key
RAT0013882,CUST0018037,ITEM0113,LOC0003,ORD00026663,3,2025-02-23,,orphan_foreign_key
RAT0013922,CUST0025265,ITEM0134,LOC0013,ORD00027606,5,2025-02-23,,orphan_foreign_key
RAT0013948,CUST0051195,ITEM0113,LOC0021,ORD00027426,4,2025-02-23,,orphan_foreign_key
RAT0013976,CUST0051195,ITEM0005,LOC0021,ORD00027426,4,2025-02-23,,orphan_foreign_key
RAT0013982,CUST0007520,ITEM0113,LOC7280,ORD00027960,4,2025-02-23,,invalid_restaurant_id
RAT0013984,CUST0025265,ITEM0126,LOC0013,ORD00027606,5,2025-02-23,,orphan_foreign_key
RAT0013988,CUST0036074,,LOC0001,ORD00027996,4,2027-11-05,,invalid_date
RAT0014004,CUST0048896,ITEM0102,LOC0025,ORD00026623,,2025-02-23,Highly recommended.,missing_value
RAT0014021,CUST0012753,,LOC0021,ORD00026633,,2025-02-23,Portion was too small.,missing_value
RAT0014024,CUST0011032,ITEM0124,LOC0003,ORD00027858,4,2025-02-23,,orphan_foreign_key
RAT0014034,CUST0003962,ITEM0117,LOC6046,ORD00026818,3,2025-02-23,,invalid_restaurant_id
RAT0014040,CUST0005120,ITEM0058,LOC0001,ORD00027717,5,2025-02-23,Amazing food and friendly staff.,orphan_foreign_key
RAT0014066,CUST0052755,ITEM0003,LOC0015,ORD00027802,3,2025-02-23,,orphan_foreign_key
RAT0014073,CUST0051195,,LOC0021,ORD00027426,2,2025-02-23,Service was slow.,orphan_foreign_key
RAT0014095,CUST0028769,ITEM0131,LOC0013,ORD00026860,4,2027-11-05,,invalid_date
RAT0014107,CUST0050134,,LOC6218,ORD00027053,5,2025-02-23,Perfect taste and quick service.,invalid_restaurant_id
RAT0014119,CUST0044148,ITEM0112,LOC0003,ORD00027742,3,2025-02-24,,orphan_foreign_key
RAT0014146,CUST0049323,ITEM0157,LOC0013,ORD00027300,5,2025-02-24,,orphan_foreign_key
RAT0014153,CUST0030935,ITEM0067,LOC0019,ORD00028141,3,2025-02-24,,orphan_foreign_key
RAT0014175,CUST0006083,ITEM0081,LOC6835,ORD00026146,3,2025-02-24,,invalid_restaurant_id
RAT0014185,CUST0052755,ITEM0134,LOC0015,ORD00027802,5,2025-02-24,,orphan_foreign_key
RAT0014189,CUST0022419,ITEM0068,LOC0015,ORD00028328,3,2025-02-24,,orphan_foreign_key
RAT0014193,CUST0033528,ITEM0071,LOC0011,ORD00027609,,2025-02-24,,missing_value
RAT0014197,CUST0004280,ITEM0086,LOC0018,ORD00027497,,2025-02-24,,missing_value
RAT0014202,CUST0050134,ITEM0074,LOC0016,ORD00027053,3,2025-02-24,,orphan_foreign_key
RAT0014213,CUST0011032,ITEM0006,LOC0003,ORD00027858,5,2025-02-24,,orphan_foreign_key
RAT0014232,CUST0003919,ITEM0132,LOC0021,ORD00027973,3,2025-02-24,,orphan_foreign_key
RAT0014233,CUST0025265,ITEM0050,LOC0013,ORD00027606,3,2025-02-24,Good taste but late delivery.,orphan_foreign_key
RAT0014238,CUST0051657,ITEM0023,LOC0008,ORD00027809,5,2025-02-24,,orphan_foreign_key
RAT0014240,CUST0030258,ITEM0068,LOC0020,ORD00028259,3,2025-02-24,,orphan_foreign_key
RAT0014246,CUST0030258,ITEM0113,LOC0020,ORD00028259,4,2025-02-24,,orphan_foreign_key
RAT0014255,CUST0049610,ITEM0046,LOC9341,ORD00028063,2,2025-02-24,,invalid_restaurant_id
RAT0014270,CUST0018997,ITEM0058,LOC0008,ORD00028277,5,2025-02-24,Amazing food and friendly staff.,orphan_foreign_key
RAT0014279,CUST0015066,ITEM0048,LOC0018,ORD00028338,4,2025-02-24,"Good food, will order again.",orphan_foreign_key
RAT0014286,CUST0033204,ITEM0131,LOC0009,ORD00026754,,2025-02-24,,missing_value
RAT0014293,CUST0039653,,LOC0010,ORD00027985,,2025-02-24,,missing_value
RAT0014331,CUST0003537,ITEM0051,LOC0012,ORD00028344,10,2025-02-24,,invalid_rating
RAT0014345,CUST0030258,ITEM0059,LOC0020,ORD00028259,3,2025-02-24,,orphan_foreign_key
RAT0014350,CUST0006619,ITEM0124,LOC0018,ORD00027369,5,2025-02-24,Amazing food and friendly staff.,orphan_foreign_key
RAT0014352,CUST0004660,,LOC0016,ORD00027757,5,2025-02-24,,orphan_foreign_key
RAT0014356,CUST0002022,ITEM0068,LOC0003,ORD00027124,3,1900-01-01,,invalid_date
RAT0014371,CUST0012582,ITEM0015,LOC0006,ORD00026022,3,2025-02-25,"Average, nothing special.",orphan_foreign_key
RAT0014385,CUST0022419,ITEM0066,LOC0015,ORD00028328,3,2025-02-25,,orphan_foreign_key
RAT0014391,CUST0047870,ITEM0133,LOC0019,ORD00026431,,2025-02-25,"Good food, will order again.",missing_value
RAT0014393,CUST0015617,ITEM0092,LOC0014,ORD00027543,6,2025-02-25,Good taste but late delivery.,invalid_rating
RAT0014394,CUST0016613,,LOC0020,ORD00028369,3,2025-02-25,,orphan_foreign_key
RAT0014398,CUST0042283,ITEM0134,LOC0003,ORD00027108,-1,2025-02-25,,invalid_rating
RAT0014410,CUST0051195,ITEM0135,LOC0021,ORD00027426,4,2025-02-25,,orphan_foreign_key
RAT0014411,CUST0016114,ITEM0083,LOC0011,ORD00027271,-1,2025-02-25,,invalid_rating
RAT0014414,CUST0009665,,LOC0019,ORD00028126,3,2025-02-25,Decent but overpriced.,orphan_foreign_key
RAT0014418,CUST0032378,,LOC0008,ORD00028469,4,2025-02-25,"Good food, will order again.",orphan_foreign_key
RAT0014420,CUST0026323,,LOC0001,ORD00027156,,2025-02-25,,missing_value
RAT0014422,CUST0020334,ITEM0048,LOC0023,ORD00028474,4,2025-02-25,Good value for money.,orphan_foreign_key
RAT0014424,CUST0009665,ITEM0066,LOC0019,ORD00028126,3,2025-02-25,Decent but overpriced.,orphan_foreign_key
RAT0014425,CUST0030258,ITEM0058,LOC0020,ORD00028259,4,2025-02-25,,orphan_foreign_key
RAT0014436,CUST0019824,ITEM0143,LOC0010,ORD00025664,,2025-02-25,,missing_value
RAT0014439,CUST0032378,ITEM0049,LOC0008,ORD00028469,4,2025-02-25,,orphan_foreign_key
RAT0014444,CUST0007854,ITEM0085,LOC0006,ORD00028375,,2025-02-25,,missing_value
RAT0014446,CUST0024357,ITEM0003,LOC0012,ORD00028583,,2025-02-25,Good value for money.,missing_value
RAT0014457,CUST0016613,ITEM0055,LOC0020,ORD00028369,4,2025-02-25,"Good food, will order again.",orphan_foreign_key
RAT0014466,CUST0023808,ITEM0157,LOC0008,ORD00028377,3,,,invalid_date
RAT0014474,CUST0046569,,LOC0005,ORD00027125,4,2025-02-25,,orphan_foreign_key
RAT0014513,CUST0027829,ITEM0138,LOC0016,ORD00028669,,2025-02-25,,missing_value
RAT0014517,CUST0018426,,LOC0013,ORD00027175,,2025-02-25,,missing_value
RAT0014527,CUST8914138,ITEM0061,LOC0006,ORD00028155,3,2025-02-25,,orphan_foreign_key
RAT0014535,CUST0013262,ITEM0088,LOC0024,ORD00028374,,2025-02-25,,missing_value
RAT0014537,CUST0025382,ITEM0066,LOC0009,ORD00027093,10,2025-02-25,,invalid_rating
RAT0014552,CUST0003054,ITEM0072,LOC0012,ORD00028644,10,2025-02-25,Nice ambience and good service.,invalid_rating
RAT0014584,CUST0003615,ITEM0081,LOC0002,ORD00028679,4,2025-02-25,,orphan_foreign_key
RAT0014588,CUST0054679,ITEM0055,LOC0003,ORD00027760,3,2099-12-31,,invalid_date
RAT0014589,CUST0049323,ITEM0068,LOC0013,ORD00027300,7,2025-02-25,,invalid_rating
RAT0014601,CUST0046412,ITEM0126,LOC0025,ORD00028970,-1,2025-02-26,,invalid_rating
RAT0014611,CUST0054659,ITEM0046,LOC0014,ORD00028821,0,2025-02-26,,invalid_rating
RAT0014617,CUST0011848,ITEM0142,LOC0007,ORD00028127,3,2025-02-26,,orphan_foreign_key
RAT0014627,CUST0045247,ITEM0033,LOC0007,ORD00028886,3,2025-02-26,,orphan_foreign_key
RAT0014630,CUST0042056,,LOC0003,ORD00028912,3,2025-02-26,,orphan_foreign_key
RAT0014649,CUST0012941,ITEM0084,LOC7406,ORD00028440,5,2025-02-26,,invalid_restaurant_id
RAT0014658,CUST0018705,ITEM0081,LOC0018,ORD00028770,3,,Good taste but late delivery.,invalid_date
RAT0014720,CUST0028522,ITEM0098,LOC0019,ORD00028859,0,2025-02-26,,invalid_rating
RAT0014722,CUST0003342,ITEM0148,LOC0018,ORD00028851,3,2025-02-26,"Average, nothing special.",orphan_foreign_key
RAT0014723,CUST0032378,ITEM0077,LOC0008,ORD00028469,4,2025-02-26,,orphan_foreign_key
RAT0014733,CUST0023594,ITEM0081,LOC0004,ORD00028873,7,2025-02-26,"Excellent, loved it!",invalid_rating
RAT0014740,CUST0037962,ITEM0050,LOC0008,ORD00028601,10,2025-02-26,,invalid_rating
RAT0014742,CUST0033710,ITEM0135,LOC0018,ORD00028888,4,2025-02-26,Tasty and fresh.,orphan_foreign_key
RAT0014753,CUST0001451,,LOC0014,ORD00029115,4,2025-02-26,,orphan_foreign_key
RAT0014822,CUST0013409,ITEM0055,LOC0021,ORD00028103,55,2025-02-27,,invalid_rating
RAT0014844,CUST0040275,ITEM0082,LOC0018,ORD00029528,3,1900-01-01,"Average, nothing special.",invalid_date
RAT0014853,CUST0031404,ITEM0021,LOC0016,ORD00028205,5,2025-02-27,Highly recommended.,orphan_foreign_key
RAT0014861,CUST0021628,ITEM0100,LOC0009,ORD00029469,55,2025-02-27,,invalid_rating
RAT0014863,CUST0018997,ITEM0055,LOC0008,ORD00028277,4,2025-02-27,Good value for money.,orphan_foreign_key
RAT0014867,CUST0008758,ITEM0048,LOC0008,ORD00029195,,2025-02-27,,missing_value
RAT0014900,CUST0043348,ITEM0034,LOC0008,ORD00029506,4,2025-02-27,Nice ambience and good service.,orphan_foreign_key
RAT0014905,CUST0049231,ITEM0068,LOC0020,ORD00029370,7,2025-02-27,,invalid_rating
RAT0014912,CUST0012849,ITEM0053,LOC0003,ORD00027448,,2025-02-27,,missing_value
RAT0014927,CUST0052901,ITEM0139,LOC0023,ORD00029134,3,2025-02-27,"Average, nothing special.",orphan_foreign_key
RAT0014946,CUST0026856,ITEM0018,LOC0001,ORD00028951,4,2025-02-27,Good value for money.,orphan_foreign_key
RAT0014975,CUST0047785,ITEM0054,LOC0001,ORD00026885,3,2025-02-27,,orphan_foreign_key
RAT0014980,CUST0007267,ITEM0134,LOC0007,ORD00028768,,2025-02-27,,missing_value
RAT0015014,CUST0002827,ITEM0012,LOC0013,ORD00029590,,2025-02-28,,missing_value
RAT0015023,CUST0053353,ITEM0059,LOC0007,ORD00029979,4,2025-02-28,,orphan_foreign_key
RAT0015025,CUST0024642,,LOC0018,ORD00029765,4,2025-02-28,,orphan_foreign_key
RAT0015026,CUST0053353,ITEM0148,LOC0007,ORD00029979,3,2025-02-28,,orphan_foreign_key
RAT0015044,CUST0050716,ITEM0004,LOC0545,ORD00029691,5,2025-02-28,,invalid_restaurant_id
RAT0015046,CUST0038811,ITEM0137,LOC0014,ORD00029952,4,2025-02-28,,orphan_foreign_key
RAT0015053,CUST0032933,ITEM0044,LOC0014,ORD00029559,55,2025-02-28,,invalid_rating
RAT0015094,CUST0041693,ITEM0018,LOC0019,ORD00029474,,2025-02-28,"Excellent, loved it!",missing_value
RAT0015097,CUST3850821,ITEM0012,LOC0023,ORD00029648,4,2025-02-28,,orphan_foreign_key
RAT0015116,CUST5971074,ITEM0123,LOC0001,ORD00029611,4,2025-02-28,Enjoyed the meal.,orphan_foreign_key
RAT0015118,CUST0005939,ITEM0016,LOC0004,ORD00029554,4,2025-02-28,,orphan_foreign_key
RAT0015128,CUST0002098,ITEM0032,LOC0018,ORD00029663,5,2025-02-28,,orphan_foreign_key
RAT0015139,CUST0046200,ITEM0051,LOC0008,ORD00029801,10,2025-02-28,,invalid_rating
RAT0015152,CUST0038811,ITEM0134,LOC0014,ORD00029952,5,2025-02-28,,orphan_foreign_key
RAT0015162,CUST0022446,ITEM0127,LOC0015,ORD00029581,5,2025-02-28,Highly recommended.,orphan_foreign_key
RAT0015171,CUST0035789,ITEM0125,LOC0004,ORD00029775,55,2025-02-28,,invalid_rating
RAT0015177,CUST0002098,ITEM0050,LOC0018,ORD00029663,4,2025-02-28,,orphan_foreign_key
RAT0015187,CUST0008332,ITEM0112,LOC0013,ORD00030047,,2025-02-28,,missing_value
RAT0015207,CUST0045160,,LOC0003,ORD00029632,3,2025-02-28,,orphan_foreign_key
RAT0015208,CUST0006630,ITEM0046,LOC0003,ORD00029911,4,2025-02-28,,orphan_foreign_key
RAT0015211,CUST0002098,ITEM0055,LOC0018,ORD00029663,5,2025-02-28,Amazing food and friendly staff.,orphan_foreign_key
RAT0015212,CUST0031816,ITEM0113,LOC0021,ORD00029806,2,2099-12-31,Not fresh.,invalid_date
RAT0015236,CUST0000386,ITEM0092,LOC0015,ORD00028652,4,2025-02-28,,orphan_foreign_key
RAT0015241,CUST0007117,ITEM0057,LOC0004,ORD00028372,4,2025-02-28,,orphan_foreign_key
RAT0015249,CUST0019123,ITEM0151,LOC0010,ORD00029129,2,2025-03-01,,orphan_foreign_key
RAT0015252,CUST0050359,ITEM0148,LOC0008,ORD00030623,,2025-03-01,,missing_value
RAT0015257,CUST0036559,ITEM0003,LOC6890,ORD00029193,4,2025-03-01,Nice ambience and good service.,invalid_restaurant_id
RAT0015259,CUST0014369,ITEM0155,LOC5177,ORD00030159,3,2025-03-01,,invalid_restaurant_id
RAT0015270,CUST0045160,ITEM0067,LOC0003,ORD00029632,3,2025-03-01,,orphan_foreign_key
RAT0015274,CUST0009232,ITEM0054,LOC0013,ORD00030360,4,2025-03-01,,orphan_foreign_key
RAT0015276,CUST0003135,ITEM0147,LOC0015,ORD00029683,,2025-03-01,It was okay.,missing_value
RAT0015306,CUST0042963,ITEM0038,LOC0016,ORD00029830,5,2025-03-01,,orphan_foreign_key
RAT0015317,CUST0017886,ITEM0113,LOC0020,ORD00030320,3,,,invalid_date
RAT0015331,CUST0020883,ITEM0068,LOC0010,ORD00030599,3,2025-03-01,,orphan_foreign_key
RAT0015332,CUST0049500,ITEM0077,LOC0018,ORD00029790,,2025-03-01,Highly recommended.,missing_value
RAT0015345,CUST0019547,ITEM0073,LOC0002,ORD00030126,1,2025-03-01,,orphan_foreign_key
RAT0015353,CUST0000094,ITEM0067,LOC0007,ORD00029640,4,2025-03-01,,orphan_foreign_key
RAT0015357,CUST0035503,ITEM0126,LOC5227,ORD00029601,4,2025-03-01,Good value for money.,invalid_restaurant_id
RAT0015361,CUST0023333,ITEM0156,LOC0014,ORD00029694,,2025-03-01,Perfect taste and quick service.,missing_value
RAT0015363,CUST0048545,,LOC0018,ORD00030609,,2025-03-01,Amazing food and friendly staff.,missing_value
RAT0015371,CUST0017719,ITEM0082,LOC0008,ORD00030503,4,2025-03-01,,orphan_foreign_key
RAT0015397,CUST0014493,,LOC0007,ORD00030334,4,2025-03-01,,orphan_foreign_key
RAT0015423,CUST0051570,ITEM0015,LOC0023,ORD00030133,4,2027-11-05,,invalid_date
RAT0015429,CUST0039607,ITEM0151,LOC0010,ORD00030558,5,1970-01-01,,invalid_date
RAT0015440,CUST0053353,ITEM0061,LOC0007,ORD00029979,3,2025-03-01,,orphan_foreign_key
RAT0015442,CUST0045445,ITEM0055,LOC0020,ORD00030005,6,2025-03-01,,invalid_rating
RAT0015443,CUST0017719,ITEM0054,LOC0008,ORD00030503,5,2025-03-01,,orphan_foreign_key
RAT0015444,CUST1566744,,LOC0007,ORD00030380,3,2025-03-01,,orphan_foreign_key
RAT0015480,CUST0033310,ITEM0041,LOC0014,ORD00030137,,2025-03-01,Best in town.,missing_value
RAT0015491,CUST0053946,ITEM0051,LOC0018,ORD00030112,7,2025-03-01,Nice ambience and good service.,invalid_rating
RAT0015550,CUST0013510,ITEM0015,LOC0005,ORD00030100,4,2025-03-02,"Good food, will order again.",orphan_foreign_key
RAT0015561,CUST0003014,ITEM0134,LOC0023,ORD00031022,4,2025-03-02,,orphan_foreign_key
RAT0015569,CUST0020824,ITEM0134,LOC0016,ORD00030904,,2025-03-02,,missing_value
RAT0015570,CUST0030258,ITEM0151,LOC0020,ORD00028259,4,2025-03-02,,orphan_foreign_key
RAT0015572,CUST0046328,ITEM0134,LOC8511,ORD00029731,4,2025-03-02,,invalid_restaurant_id
RAT0015592,CUST0014191,ITEM0126,LOC0005,ORD00030917,4,2025-03-02,,orphan_foreign_key
RAT0015602,CUST0032378,ITEM0148,LOC0008,ORD00028469,4,2025-03-02,,orphan_foreign_key
RAT0015634,CUST3531156,ITEM0063,LOC0009,ORD00029366,2,2025-03-02,Not fresh.,orphan_foreign_key
RAT0015644,CUST0008561,ITEM0147,LOC3305,ORD00030688,3,2025-03-02,,invalid_restaurant_id
RAT0015646,CUST0701294,ITEM0121,LOC0016,ORD00031201,4,2025-03-02,,orphan_foreign_key
RAT0015661,CUST0022022,ITEM0148,LOC0022,ORD00030482,2,,,invalid_date
RAT0015672,CUST0004549,ITEM0084,LOC4104,ORD00027544,4,2025-03-02,,invalid_restaurant_id
RAT0015685,CUST0006707,ITEM0135,LOC0008,ORD00030749,5,2025-03-02,,orphan_foreign_key
RAT0015689,CUST0038251,,LOC0011,ORD00030910,5,2025-03-02,,orphan_foreign_key
RAT0015698,CUST0025317,ITEM0068,LOC0005,ORD00031131,4,2025-03-02,,orphan_foreign_key
RAT0015699,CUST0009118,ITEM0135,LOC0016,ORD00031091,3,2027-11-05,It was okay.,invalid_date
RAT0015717,CUST4590550,ITEM0054,LOC0006,ORD00030269,3,2025-03-02,,orphan_foreign_key
RAT0015719,CUST0028446,ITEM0157,LOC0020,ORD00031115,4,,Nice ambience and good service.,invalid_date
RAT0015727,CUST0008593,ITEM0045,LOC0018,ORD00030788,10,2025-03-02,,invalid_rating
RAT0015730,CUST0046454,ITEM0009,LOC0012,ORD00030704,1,2025-03-02,,orphan_foreign_key
RAT0015745,CUST0020883,ITEM0081,LOC0010,ORD00030599,,2025-03-02,,missing_value
RAT0015756,CUST0012433,ITEM0134,LOC0020,ORD00030037,,2025-03-02,,missing_value
RAT0015777,CUST0048268,ITEM0130,LOC4900,ORD00027304,3,2025-03-03,,invalid_restaurant_id
RAT0015782,CUST0022546,ITEM0081,LOC0022,ORD00030681,4,2027-11-05,,invalid_date
RAT0015822,CUST0030432,ITEM0005,LOC0013,ORD00031164,-1,2025-03-03,,invalid_rating
RAT0015827,CUST0017294,ITEM0041,LOC0016,ORD00030507,4,2025-03-03,,orphan_foreign_key
RAT0015844,CUST0037995,ITEM0059,LOC0012,ORD00029295,7,2025-03-03,Highly recommended.,invalid_rating
RAT0015891,CUST0042449,ITEM0023,LOC0001,ORD00031027,4,2025-03-03,,orphan_foreign_key
RAT0015919,CUST0013533,,LOC0019,ORD00031559,,2025-03-03,,missing_value
RAT0015920,CUST0044598,ITEM0055,LOC0017,ORD00030242,4,2025-03-03,,orphan_foreign_key
RAT0015923,CUST0051108,ITEM0151,LOC0023,ORD00031521,,2025-03-03,"Taste was fine, packaging poor.",missing_value
RAT0015938,CUST0041708,ITEM0062,LOC0008,ORD00031206,,2025-03-03,,missing_value
RAT0015950,CUST0011280,ITEM0158,LOC0008,ORD00031028,4,2027-11-05,,invalid_date
RAT0015967,CUST0000022,ITEM0077,LOC0012,ORD00030802,6,2025-03-03,,invalid_rating
RAT0015991,CUST0046791,ITEM0058,LOC0022,ORD00031348,,2025-03-03,,missing_value
RAT0016004,CUST0011892,ITEM0045,LOC0015,ORD00031847,5,2025-03-04,,orphan_foreign_key
RAT0016043,CUST0040586,ITEM0141,LOC0018,ORD00030915,,2025-03-04,,missing_value
RAT0016053,CUST0011341,ITEM0148,LOC0017,ORD00031797,4,,Good value for money.,invalid_date
RAT0016073,CUST0048275,,LOC0009,ORD00031259,3,2025-03-04,,orphan_foreign_key
RAT0016083,CUST0041097,ITEM0041,LOC0014,ORD00031831,4,2025-03-04,,orphan_foreign_key
RAT0016092,CUST0042297,ITEM0157,LOC0013,ORD00031230,,2025-03-04,,missing_value
RAT0016095,CUST0038780,ITEM0135,LOC0015,ORD00031526,,2025-03-04,,missing_value
RAT0016098,CUST0041097,ITEM0134,LOC0014,ORD00031831,3,2025-03-04,Good taste but late delivery.,orphan_foreign_key
RAT0016104,CUST0031742,ITEM0058,LOC0001,ORD00030611,6,2025-03-04,,invalid_rating
RAT0016167,CUST0001314,ITEM0148,LOC0017,ORD00030217,4,2031-07-22,,invalid_date
RAT0016186,CUST0037122,ITEM0043,LOC6778,ORD00030011,4,2025-03-04,Tasty and fresh.,invalid_restaurant_id
RAT0016206,CUST0026767,ITEM0066,LOC0025,ORD00031695,6,2025-03-04,,invalid_rating
RAT0016211,CUST0016476,ITEM0054,LOC0015,ORD00029100,7,2025-03-04,,invalid_rating
RAT0016215,CUST0011341,,LOC0017,ORD00031797,2,2025-03-04,,orphan_foreign_key
RAT0016228,CUST0018037,ITEM0049,LOC0018,ORD00031631,3,2025-03-05,,orphan_foreign_key
RAT0016279,CUST0043043,ITEM0147,LOC0010,ORD00032033,2,2025-03-05,,orphan_foreign_key
RAT0016340,CUST0051852,ITEM0159,LOC0011,ORD00032097,4,1970-01-01,,invalid_date
RAT0016342,CUST0022070,ITEM0045,LOC0004,ORD00032080,5,2025-03-05,,orphan_foreign_key
RAT0016346,CUST0031486,ITEM0081,LOC0019,ORD00030093,,2025-03-05,,missing_value
RAT0016389,CUST0012691,,LOC0697,ORD00030589,3,2025-03-05,It was okay.,invalid_restaurant_id
RAT0016446,CUST0004979,ITEM0082,LOC0002,ORD00032207,4,2099-12-31,,invalid_date
RAT0016457,CUST0036637,ITEM0073,LOC0012,ORD00031844,7,2025-03-06,Took too long to arrive.,invalid_rating
RAT0016466,CUST0015340,,LOC0024,ORD00032344,2,2025-03-06,Service was slow.,orphan_foreign_key
RAT0016479,CUST0030911,ITEM0143,LOC0006,ORD00032299,4,2025-03-06,,orphan_foreign_key
RAT0016485,CUST0034990,ITEM0157,LOC0007,ORD00032594,4,2025-03-06,,orphan_foreign_key
RAT0016490,CUST0006934,,LOC0020,ORD00032428,,2025-03-06,,missing_value
RAT0016497,CUST0040711,ITEM0024,LOC0011,ORD00031990,5,2025-03-06,,orphan_foreign_key
RAT0016519,CUST0029476,,LOC2178,ORD00030758,4,2025-03-06,,invalid_restaurant_id
RAT0016541,CUST0052045,ITEM0033,LOC0002,ORD00032302,,2025-03-06,,missing_value
RAT0016547,CUST0043328,,LOC0017,ORD00032684,0,2025-03-06,,invalid_rating
RAT0016553,CUST0035546,ITEM0003,LOC0115,ORD00032444,2,2025-03-06,,invalid_restaurant_id
RAT0016572,CUST0022463,ITEM0048,LOC0019,ORD00032553,-1,2025-03-06,,invalid_rating
RAT0016584,CUST0045753,ITEM0158,LOC0017,ORD00030170,2,2025-03-06,,orphan_foreign_key
RAT0016585,CUST0036213,ITEM0135,LOC0005,ORD00032348,,2025-03-06,Enjoyed the meal.,missing_value
RAT0016590,CUST0030911,ITEM0068,LOC0006,ORD00032299,4,2025-03-06,,orphan_foreign_key
RAT0016599,CUST0027915,ITEM0116,LOC0003,ORD00032025,4,2025-03-06,,orphan_foreign_key
RAT0016604,CUST0012710,ITEM0090,LOC0003,ORD00032692,3,2025-03-06,,orphan_foreign_key
RAT0016624,CUST0028174,,LOC0006,ORD00032697,,2025-03-06,,missing_value
RAT0016627,CUST0032506,ITEM0105,LOC6187,ORD00031709,3,2025-03-06,,invalid_restaurant_id
RAT0016649,CUST0036275,,LOC0003,ORD00033035,2,2025-03-07,Portion was too small.,orphan_foreign_key
RAT0016656,CUST0022712,ITEM0137,LOC0020,ORD00031545,,2025-03-07,Highly recommended.,missing_value
RAT0016664,CUST0035754,ITEM0061,LOC0013,ORD00032774,55,2025-03-07,Decent but overpriced.,invalid_rating
RAT0016668,CUST0015987,ITEM0061,LOC0007,ORD00033322,,2025-03-07,,missing_value
RAT0016695,CUST0042743,ITEM0081,LOC0006,ORD00033127,5,2025-03-07,,orphan_foreign_key
RAT0016721,CUST0028279,ITEM0081,LOC0017,ORD00031761,,2025-03-07,"Taste was fine, packaging poor.",missing_value
RAT0016732,CUST0022025,ITEM0023,LOC0005,ORD00031929,3,2025-03-07,,orphan_foreign_key
RAT0016752,CUST0012837,ITEM0150,LOC0003,ORD00031251,,2025-03-07,,missing_value
RAT0016757,CUST0004686,ITEM0020,LOC0004,ORD00032940,4,2025-03-07,,orphan_foreign_key
RAT0016768,CUST0009966,ITEM0032,LOC0010,ORD00030991,4,2025-03-07,"Good food, will order again.",orphan_foreign_key
RAT0016791,CUST0046336,ITEM0041,LOC0010,ORD00033180,3,2025-03-07,,orphan_foreign_key
RAT0016798,CUST0023996,ITEM0134,LOC9498,ORD00032967,4,2025-03-07,,invalid_restaurant_id
RAT0016806,CUST0013147,ITEM0035,LOC0024,ORD00032677,0,2025-03-07,,invalid_rating
RAT0016818,CUST7520915,ITEM0016,LOC0018,ORD00033184,4,2025-03-07,,orphan_foreign_key
RAT0016836,CUST0037596,ITEM0027,LOC0003,ORD00032910,,2025-03-07,"Average, nothing special.",missing_value
RAT0016855,CUST0007923,ITEM0033,LOC0009,ORD00032769,3,2025-03-07,,orphan_foreign_key
RAT0016863,CUST0040976,ITEM0081,LOC0002,ORD00033235,,2025-03-07,,missing_value
RAT0016873,CUST0043300,ITEM0082,LOC0010,ORD00032961,7,2025-03-07,,invalid_rating
RAT0016901,CUST0043029,ITEM0081,LOC0008,ORD00033162,5,2025-03-07,,orphan_foreign_key
RAT0016931,CUST0033324,ITEM0046,LOC0025,ORD00033064,4,2025-03-08,,orphan_foreign_key
RAT0016943,CUST0022025,ITEM0050,LOC0005,ORD00031929,4,2025-03-08,,orphan_foreign_key
RAT0016957,CUST0022732,ITEM0159,LOC0003,ORD00033366,,2025-03-08,,missing_value
RAT0016959,CUST0024572,ITEM0141,LOC0013,ORD00032925,,2025-03-08,,missing_value
RAT0016968,CUST0043183,ITEM0058,LOC0018,ORD00033920,3,2025-03-08,,orphan_foreign_key
RAT0016982,CUST0003411,ITEM0046,LOC0020,ORD00033719,2,2025-03-08,Portion was too small.,orphan_foreign_key
RAT0016988,CUST0049543,ITEM0004,LOC0023,ORD00032911,4,2025-03-08,,orphan_foreign_key
RAT0016990,CUST0024555,,LOC0006,ORD00033657,2,2025-03-08,Took too long to arrive.,orphan_foreign_key
RAT0017010,CUST0026953,ITEM0030,LOC0005,ORD00032386,5,2025-03-08,,orphan_foreign_key
RAT0017021,CUST0034248,,LOC0020,ORD00033056,3,2025-03-08,,orphan_foreign_key
RAT0017040,CUST0003382,ITEM0150,LOC0014,ORD00033402,7,2025-03-08,,invalid_rating
RAT0017041,CUST0006012,ITEM0067,LOC0002,ORD00033547,-1,2025-03-08,Good taste but late delivery.,invalid_rating
RAT0017058,CUST0047625,ITEM0141,LOC0025,ORD00033935,7,2025-03-08,,invalid_rating
RAT0017070,CUST0034990,ITEM0074,LOC0007,ORD00032594,3,2025-03-08,Good taste but late delivery.,orphan_foreign_key
RAT0017084,CUST0048681,ITEM0042,LOC0006,ORD00032775,3,2099-12-31,,invalid_date
RAT0017089,CUST0019014,ITEM0045,LOC0013,ORD00033481,5,2025-03-08,,orphan_foreign_key
RAT0017101,CUST0016286,,LOC0001,ORD00033404,2,2025-03-08,Below average taste.,orphan_foreign_key
RAT0017102,CUST0040289,ITEM0067,LOC3790,ORD00033508,2,2025-03-08,,invalid_restaurant_id
RAT0017104,CUST0004865,ITEM0061,LOC0014,ORD00033679,2,,Portion was too small.,invalid_date
RAT0017114,CUST0012710,,LOC0003,ORD00032692,4,2025-03-08,"Good food, will order again.",orphan_foreign_key
RAT0017120,CUST0038141,ITEM0057,LOC0005,ORD00033800,,2025-03-08,,missing_value
RAT0017134,CUST0021818,ITEM0133,LOC0001,ORD00033310,7,2025-03-08,Amazing food and friendly staff.,invalid_rating
RAT0017158,CUST0024864,ITEM0002,LOC0002,ORD00031932,2,,,invalid_date
RAT0017161,CUST0027428,ITEM0103,LOC0001,ORD00033061,3,2025-03-08,,orphan_foreign_key
RAT0017165,CUST0033324,ITEM0143,LOC0025,ORD00033064,3,2025-03-08,Decent but overpriced.,orphan_foreign_key
RAT0017178,CUST0037055,ITEM0151,LOC0018,ORD00033041,3,,,invalid_date
RAT0017191,CUST0035263,ITEM0104,LOC4837,ORD00032941,4,2025-03-08,,invalid_restaurant_id
RAT0017194,CUST0012782,ITEM0113,LOC0021,ORD00033078,,2025-03-08,Portion was too small.,missing_value
RAT0017195,CUST0026540,ITEM0081,LOC0015,ORD00033580,4,2025-03-08,,orphan_foreign_key
RAT0017232,CUST0014456,ITEM0132,LOC0005,ORD00033715,4,2025-03-09,Good value for money.,orphan_foreign_key
RAT0017241,CUST0002237,ITEM0089,LOC0025,ORD00034386,3,2025-03-09,,orphan_foreign_key
RAT0017250,CUST0036275,ITEM0048,LOC0003,ORD00033035,5,2025-03-09,,orphan_foreign_key
RAT0017284,CUST0025317,ITEM0151,LOC0005,ORD00031131,4,2025-03-09,,orphan_foreign_key
RAT0017299,CUST2931585,ITEM0068,LOC0009,ORD00032369,4,2025-03-09,,orphan_foreign_key
RAT0017314,CUST0933013,ITEM0036,LOC0013,ORD00033660,5,2025-03-09,Best in town.,orphan_foreign_key
RAT0017376,CUST0043029,ITEM0154,LOC0008,ORD00034353,,2025-03-09,Decent but overpriced.,missing_value
RAT0017385,CUST0022750,ITEM0042,LOC0018,ORD00034069,10,2025-03-09,,invalid_rating
RAT0017404,CUST0006678,ITEM0058,LOC0003,ORD00033978,4,2025-03-09,,orphan_foreign_key
RAT0017406,CUST0046094,ITEM0040,LOC0002,ORD00034225,-1,2025-03-09,,invalid_rating
RAT0017409,CUST0035150,ITEM0027,LOC0022,ORD00032996,5,2025-03-09,,orphan_foreign_key
RAT0017438,CUST0026648,ITEM0160,LOC3284,ORD00034345,5,2025-03-09,,invalid_restaurant_id
RAT0017447,CUST0053708,ITEM0154,LOC0014,ORD00034103,5,2025-03-09,,orphan_foreign_key
RAT0017448,CUST0029624,ITEM0134,LOC0019,ORD00032838,6,2025-03-09,,invalid_rating
RAT0017458,CUST0014456,,LOC0005,ORD00033715,4,2025-03-09,"Good food, will order again.",orphan_foreign_key
RAT0017501,CUST0004961,ITEM0064,LOC0024,ORD00032509,3,2025-03-10,"Taste was fine, packaging poor.",orphan_foreign_key
RAT0017507,CUST0032242,ITEM0131,LOC0013,ORD00032364,5,2025-03-10,Highly recommended.,orphan_foreign_key
RAT0017527,CUST0016286,ITEM0134,LOC0001,ORD00033404,4,2025-03-10,"Good food, will order again.",orphan_foreign_key
RAT0017530,CUST0009923,ITEM0136,LOC0016,ORD00034094,,2025-03-10,,missing_value
RAT0017533,CUST0013773,,LOC0007,ORD00033725,,2025-03-10,"Excellent, loved it!",missing_value
RAT0017550,CUST0045647,ITEM0134,LOC0021,ORD00034758,4,2025-03-10,,orphan_foreign_key
RAT0017577,CUST0004715,ITEM0126,LOC0006,ORD00034722,3,2025-03-10,,orphan_foreign_key
RAT0017593,CUST0050144,ITEM0053,LOC0015,ORD00033666,4,2025-03-10,,orphan_foreign_key
RAT0017610,CUST0022113,ITEM0081,LOC0007,ORD00034634,4,2025-03-10,,orphan_foreign_key
RAT0017612,CUST0035633,ITEM0068,LOC0002,ORD00032653,4,2025-03-10,"Good food, will order again.",orphan_foreign_key
RAT0017630,CUST0020762,ITEM0030,LOC0003,ORD00034016,55,2025-03-10,,invalid_rating
RAT0017632,CUST0041402,ITEM0121,LOC0018,ORD00033440,3,2025-03-10,,orphan_foreign_key
RAT0017639,CUST0014235,ITEM0045,LOC0011,ORD00034293,10,2025-03-10,,invalid_rating
RAT0017648,CUST0011565,ITEM0048,LOC0006,ORD00033820,5,2025-03-10,Highly recommended.,orphan_foreign_key
RAT0017662,CUST0051873,ITEM0004,LOC0018,ORD00034177,,2025-03-10,Decent but overpriced.,missing_value
RAT0017676,CUST0022443,ITEM0042,LOC0020,ORD00034592,,2025-03-10,,missing_value
RAT0017697,CUST0036377,ITEM0115,LOC0009,ORD00033599,4,2025-03-10,,orphan_foreign_key
RAT0017726,CUST0018337,ITEM0023,LOC0004,ORD00034842,4,2025-03-11,,orphan_foreign_key
RAT0017728,CUST9843753,ITEM0148,LOC0015,ORD00035206,5,2025-03-11,Highly recommended.,orphan_foreign_key
RAT0017787,CUST0029580,ITEM0001,LOC0016,ORD00034700,4,2025-03-11,,orphan_foreign_key
RAT0017789,CUST0004715,ITEM0148,LOC0006,ORD00034722,4,2025-03-11,,orphan_foreign_key
RAT0017795,CUST0010320,ITEM0133,LOC2068,ORD00034424,5,2025-03-11,,invalid_restaurant_id
RAT0017798,CUST0007665,,LOC9301,ORD00035008,3,2025-03-11,,invalid_restaurant_id
RAT0017830,CUST0026137,ITEM0113,LOC0017,ORD00033513,2,2025-03-11,,orphan_foreign_key
RAT0017833,CUST0048272,,LOC0003,ORD00033872,3,2025-03-11,,orphan_foreign_key
RAT0017848,CUST0049543,,LOC0013,ORD00034953,4,2025-03-11,Enjoyed the meal.,orphan_foreign_key
RAT0017872,CUST0003773,ITEM0062,LOC0015,ORD00035045,5,2025-03-11,,orphan_foreign_key
RAT0017912,CUST0019631,ITEM0044,LOC0009,ORD00033132,0,2025-03-11,,invalid_rating
RAT0017921,CUST0020641,ITEM0131,LOC0005,ORD00035477,4,2025-03-12,Tasty and fresh.,orphan_foreign_key
RAT0017938,CUST0043979,ITEM0154,LOC0004,ORD00034355,6,2025-03-12,,invalid_rating
RAT0017947,CUST0017622,ITEM0041,LOC0023,ORD00034563,,2025-03-12,,missing_value
RAT0017993,CUST0051763,ITEM0054,LOC0015,ORD00035254,2,2025-03-12,,orphan_foreign_key
RAT0017994,CUST0027573,ITEM0060,LOC0013,ORD00035376,2,2025-03-12,Service was slow.,orphan_foreign_key
RAT0017996,CUST0008722,ITEM0137,LOC0003,ORD00035529,4,2025-03-12,,orphan_foreign_key
RAT0018009,CUST0022023,ITEM0034,LOC0025,ORD00034613,2,2025-03-12,,orphan_foreign_key
RAT0018012,CUST0048002,ITEM0058,LOC0024,ORD00035498,3,2025-03-12,"Average, nothing special.",orphan_foreign_key
RAT0018022,CUST0003773,ITEM0048,LOC0015,ORD00035045,4,2025-03-12,,orphan_foreign_key
RAT0018062,CUST0023485,ITEM0057,LOC0018,ORD00035582,,2025-03-12,"Good food, will order again.",missing_value
RAT0018063,CUST0045448,ITEM0056,LOC0004,ORD00035123,-1,2025-03-12,,invalid_rating
RAT0018078,CUST0049213,ITEM0060,LOC0003,ORD00035532,,2025-03-12,Took too long to arrive.,missing_value
RAT0018088,CUST0022443,ITEM0025,LOC0020,ORD00034592,4,,,invalid_date
RAT0018132,CUST0018619,ITEM0133,LOC0023,ORD00035521,,2025-03-12,Nice ambience and good service.,missing_value
RAT0018141,CUST0020874,ITEM0003,LOC3994,ORD00035620,4,2025-03-13,Enjoyed the meal.,invalid_restaurant_id
RAT0018163,CUST0016799,ITEM0147,LOC0008,ORD00035155,,2025-03-13,,missing_value
RAT0018172,CUST0023426,,LOC0017,ORD00035801,2,,Not fresh.,invalid_date
RAT0018176,CUST0023528,ITEM0040,LOC0004,ORD00035213,10,2025-03-13,,invalid_rating
RAT0018182,CUST0041625,ITEM0075,LOC0018,ORD00035915,0,2025-03-13,Nice ambience and good service.,invalid_rating
RAT0018190,CUST0010822,,LOC0002,ORD00035288,0,2025-03-13,,invalid_rating
RAT0018191,CUST0003688,ITEM0046,LOC0003,ORD00035414,,2025-03-13,,missing_value
RAT0018227,CUST0015551,ITEM0148,LOC0013,ORD00035676,3,,"Taste was fine, packaging poor.",invalid_date
RAT0018255,CUST0019178,,LOC0003,ORD00035803,3,2025-03-13,,orphan_foreign_key
RAT0018256,CUST0041342,ITEM0033,LOC0003,ORD00035853,2,2025-03-13,Took too long to arrive.,orphan_foreign_key
RAT0018261,CUST0001137,ITEM0048,LOC0025,ORD00035642,0,2025-03-13,"Good food, will order again.",invalid_rating
RAT0018273,CUST0012645,ITEM0033,LOC2392,ORD00035278,3,2025-03-13,,invalid_restaurant_id
RAT0018274,CUST0030989,ITEM0092,LOC0023,ORD00035715,3,2025-03-13,,orphan_foreign_key
RAT0018281,CUST0054939,ITEM0002,LOC0002,ORD00035073,3,2025-03-13,,orphan_foreign_key
RAT0018297,CUST1408066,ITEM0012,LOC0001,ORD00035019,3,2025-03-13,,orphan_foreign_key
RAT0018308,CUST0044656,ITEM0036,LOC0018,ORD00034971,2,2025-03-13,,orphan_foreign_key
RAT0018310,CUST0020641,ITEM0045,LOC0005,ORD00035477,4,2025-03-13,,orphan_foreign_key
RAT0018317,CUST0027448,ITEM0155,LOC0005,ORD00035839,,2025-03-13,,missing_value
RAT0018337,CUST0026814,,LOC0023,ORD00035490,55,2025-03-14,Good value for money.,invalid_rating
RAT0018342,CUST0020650,ITEM0094,LOC0016,ORD00035749,4,2025-03-14,,orphan_foreign_key
RAT0018351,CUST2624531,ITEM0068,LOC0005,ORD00036146,5,2025-03-14,Highly recommended.,orphan_foreign_key
RAT0018373,CUST0024616,ITEM0048,LOC0010,ORD00036103,,2025-03-14,,missing_value
RAT0018379,CUST2827802,ITEM0137,LOC0019,ORD00036066,3,2025-03-14,,orphan_foreign_key
RAT0018388,CUST0048911,ITEM0066,LOC0020,ORD00034865,4,2025-03-14,Good value for money.,orphan_foreign_key
RAT0018393,CUST0023884,ITEM0160,LOC0024,ORD00036131,5,2025-03-14,,orphan_foreign_key
RAT0018409,CUST0054072,ITEM0134,LOC0019,ORD00036495,55,2025-03-14,,invalid_rating
RAT0018430,CUST0038943,,LOC0023,ORD00034746,4,2025-03-14,,orphan_foreign_key
RAT0018498,CUST0011371,ITEM0063,LOC0008,ORD00036320,4,2025-03-14,Good value for money.,orphan_foreign_key
RAT0018499,CUST0021790,ITEM0036,LOC0008,ORD00035429,,2025-03-14,,missing_value
RAT0018520,CUST0036056,ITEM0056,LOC0015,ORD00036201,6,2025-03-14,,invalid_rating
RAT0018524,CUST0037229,ITEM0038,LOC0020,ORD00035819,3,2025-03-14,,orphan_foreign_key
RAT0018530,CUST0023111,ITEM0027,LOC0023,ORD00035834,4,2025-03-14,Good value for money.,orphan_foreign_key
RAT0018535,CUST0035397,ITEM0059,LOC3105,ORD00033986,4,2025-03-14,Good value for money.,invalid_restaurant_id
RAT0018540,CUST0045009,ITEM0102,LOC0021,ORD00034874,5,2025-03-14,,orphan_foreign_key
RAT0018555,CUST0048272,ITEM0135,LOC0003,ORD00036475,3,2025-03-14,,orphan_foreign_key
RAT0018568,CUST0009227,ITEM0074,LOC0014,ORD00036060,,2025-03-15,Best in town.,missing_value
RAT0018569,CUST0031990,ITEM0058,LOC0017,ORD00037087,5,2025-03-15,,orphan_foreign_key
RAT0018578,CUST0043243,ITEM0133,LOC0004,ORD00037071,5,2025-03-15,,orphan_foreign_key
RAT0018589,CUST0044645,ITEM0077,LOC0016,ORD00037072,5,2025-03-15,,orphan_foreign_key
RAT0018628,CUST0039780,ITEM0152,LOC0018,ORD00037005,6,2025-03-15,,invalid_rating
RAT0018629,CUST0011371,ITEM0082,LOC0008,ORD00036320,5,2025-03-15,,orphan_foreign_key
RAT0018631,CUST0031990,ITEM0148,LOC0017,ORD00037087,3,2025-03-15,,orphan_foreign_key
RAT0018653,CUST0011371,,LOC0008,ORD00036320,5,2025-03-15,,orphan_foreign_key
RAT0018663,CUST0049283,ITEM0041,LOC0001,ORD00034274,4,2025-03-15,Good value for money.,orphan_foreign_key
RAT0018670,CUST0045009,,LOC0021,ORD00034874,,2025-03-15,,missing_value
RAT0018675,CUST0005717,ITEM0057,LOC0007,ORD00036948,4,2025-03-15,,orphan_foreign_key
RAT0018713,CUST0007416,ITEM0061,LOC0005,ORD00036871,10,2025-03-15,,invalid_rating
RAT0018718,CUST0017975,ITEM0081,LOC0022,ORD00036826,,2025-03-15,,missing_value
RAT0018757,CUST0044024,ITEM0077,LOC0012,ORD00035572,4,2025-03-15,,orphan_foreign_key
RAT0018758,CUST0048272,ITEM0054,LOC0003,ORD00036475,4,2025-03-15,,orphan_foreign_key
RAT0018773,CUST0018793,ITEM0032,LOC0011,ORD00037107,4,2025-03-15,Enjoyed the meal.,orphan_foreign_key
RAT0018774,CUST0034007,,LOC0018,ORD00035272,,2025-03-15,,missing_value
RAT0018778,CUST0010212,ITEM0153,LOC0014,ORD00036160,4,2025-03-15,,orphan_foreign_key
RAT0018787,CUST0025888,ITEM0054,LOC0005,ORD00036704,3,2025-03-15,,orphan_foreign_key
RAT0018793,CUST0021778,ITEM0062,LOC0009,ORD00036502,,2025-03-15,,missing_value
RAT0018798,CUST0050785,ITEM0141,LOC0007,ORD00036666,,2025-03-15,,missing_value
RAT0018812,CUST0024882,ITEM0153,LOC0008,ORD00036599,4,2025-03-15,,orphan_foreign_key
RAT0018824,CUST0044333,,LOC0001,ORD00036757,5,2025-03-15,Best in town.,orphan_foreign_key
RAT0018849,CUST0024897,,LOC0010,ORD00037601,4,2025-03-16,,orphan_foreign_key
RAT0018866,CUST0051277,,LOC0005,ORD00035193,4,2025-03-16,,orphan_foreign_key
RAT0018868,CUST0000909,ITEM0037,LOC0012,ORD00034914,5,2025-03-16,Amazing food and friendly staff.,orphan_foreign_key
RAT0018870,CUST0000299,ITEM0058,LOC0006,ORD00036834,4,2025-03-16,,orphan_foreign_key
RAT0018878,CUST0004879,ITEM0147,LOC0008,ORD00037419,4,2025-03-16,,orphan_foreign_key
RAT0018886,CUST0041604,ITEM0134,LOC0004,ORD00036885,3,2025-03-16,,orphan_foreign_key
RAT0018914,CUST0052901,,LOC0023,ORD00037327,4,2025-03-16,Good value for money.,orphan_foreign_key
RAT0018920,CUST0041178,ITEM0044,LOC0018,ORD00037405,5,2025-03-16,Amazing food and friendly staff.,orphan_foreign_key
RAT0018952,CUST0024897,ITEM0151,LOC0010,ORD00037601,3,2025-03-16,,orphan_foreign_key
RAT0018982,CUST0041318,,LOC0017,ORD00037528,3,2025-03-16,Good taste but late delivery.,orphan_foreign_key
RAT0018989,CUST0041318,ITEM0066,LOC0017,ORD00037528,4,2025-03-16,Tasty and fresh.,orphan_foreign_key
RAT0019022,CUST0039411,ITEM0048,LOC0004,ORD00037158,4,2025-03-16,,orphan_foreign_key
RAT0019034,CUST0039411,ITEM0138,LOC0004,ORD00037158,4,2025-03-16,Nice ambience and good service.,orphan_foreign_key
RAT0019047,CUST0053115,ITEM0072,LOC0018,ORD00036791,4,2025-03-16,,orphan_foreign_key
RAT0019048,CUST0050909,ITEM0155,LOC7923,ORD00037453,5,2025-03-16,,invalid_restaurant_id
RAT0019054,CUST0004860,ITEM0088,LOC0005,ORD00037304,7,2025-03-16,"Average, nothing special.",invalid_rating
RAT0019067,CUST0051411,ITEM0143,LOC0008,ORD00037540,,2025-03-16,,missing_value
RAT0019090,CUST0024877,ITEM0004,LOC0017,ORD00037365,,2025-03-16,Enjoyed the meal.,missing_value
RAT0019097,CUST0042850,ITEM0068,LOC0005,ORD00037574,3,2025-03-16,Good taste but late delivery.,orphan_foreign_key
RAT0019106,CUST0013797,ITEM0068,LOC0005,ORD00036517,6,2025-03-16,,invalid_rating
RAT0019127,CUST0030328,ITEM0146,LOC8760,ORD00037709,4,2025-03-17,,invalid_restaurant_id
RAT0019129,CUST0021915,,LOC0016,ORD00037794,4,2025-03-17,,orphan_foreign_key
RAT0019134,CUST0054459,ITEM0045,LOC0012,ORD00037448,5,,Perfect taste and quick service.,invalid_date
RAT0019139,CUST0015945,ITEM0150,LOC0022,ORD00035365,5,2025-03-17,,orphan_foreign_key
RAT0019172,CUST0021915,ITEM0148,LOC0016,ORD00037794,4,2025-03-17,,orphan_foreign_key
RAT0019179,CUST0029483,ITEM0135,LOC0011,ORD00037319,2,,,invalid_date
RAT0019192,CUST0038501,ITEM0041,LOC0005,ORD00036824,,2025-03-17,,missing_value
RAT0019269,CUST0048272,ITEM0082,LOC0003,ORD00037488,3,2025-03-17,,orphan_foreign_key
RAT0019273,CUST7005658,ITEM0081,LOC0023,ORD00037880,4,2025-03-17,,orphan_foreign_key
RAT0019284,CUST0034478,ITEM0028,LOC0012,ORD00037891,4,2025-03-17,,orphan_foreign_key
RAT0019287,CUST0053805,ITEM0067,LOC0015,ORD00036170,3,2025-03-17,,orphan_foreign_key
RAT0019292,CUST0000299,,LOC0006,ORD00036834,4,2025-03-17,,orphan_foreign_key
RAT0019305,CUST0016081,ITEM0130,LOC0005,ORD00037779,0,2025-03-17,Enjoyed the meal.,invalid_rating
RAT0019324,CUST0000747,ITEM0050,LOC0004,ORD00038037,4,2099-12-31,,invalid_date
RAT0019353,CUST0048272,ITEM0057,LOC0003,ORD00037488,3,2025-03-17,"Taste was fine, packaging poor.",orphan_foreign_key
RAT0019383,CUST0022449,ITEM0023,LOC0018,ORD00037765,,2025-03-18,,missing_value
RAT0019389,CUST0052901,ITEM0084,LOC0023,ORD00037327,4,2025-03-18,,orphan_foreign_key
RAT0019404,CUST0048877,,LOC0011,ORD00037879,,2025-03-18,,missing_value
RAT0019450,CUST0029273,ITEM0030,LOC0008,ORD00036933,,2025-03-18,,missing_value
RAT0019454,CUST0017951,ITEM0005,LOC0006,ORD00037722,,2025-03-18,,missing_value
RAT0019482,CUST0029114,ITEM0027,LOC0020,ORD00035736,4,2025-03-18,,orphan_foreign_key
RAT0019498,CUST0052901,ITEM0057,LOC0023,ORD00037327,4,2025-03-18,,orphan_foreign_key
RAT0019503,CUST8784408,,LOC0008,ORD00037852,5,2025-03-18,Amazing food and friendly staff.,orphan_foreign_key
RAT0019523,CUST0040305,,LOC0013,ORD00038388,,2025-03-18,Highly recommended.,missing_value
RAT0019524,CUST0052629,,LOC0003,ORD00037731,3,2025-03-18,,orphan_foreign_key
RAT0019531,CUST0051614,ITEM0125,LOC0004,ORD00037956,,2025-03-18,,missing_value
RAT0019539,CUST0052629,ITEM0068,LOC0003,ORD00037731,3,2025-03-18,"Average, nothing special.",orphan_foreign_key
RAT0019546,CUST0025905,ITEM0068,LOC0019,ORD00038277,3,2025-03-18,,orphan_foreign_key
RAT0019593,CUST0008558,ITEM0138,LOC0002,ORD00038312,,2025-03-18,,missing_value
RAT0019607,CUST0024824,ITEM0125,LOC0024,ORD00038687,3,2025-03-19,"Taste was fine, packaging poor.",orphan_foreign_key
RAT0019634,CUST0031990,ITEM0134,LOC0017,ORD00037087,3,2025-03-19,,orphan_foreign_key
RAT0019659,CUST0002738,,LOC0008,ORD00038735,0,2025-03-19,,invalid_rating
RAT0019671,CUST0033324,ITEM0051,LOC0017,ORD00038724,4,2025-03-19,Good value for money.,orphan_foreign_key
RAT0019685,CUST0006630,ITEM0054,LOC0003,ORD00038071,3,2025-03-19,,orphan_foreign_key
RAT0019689,CUST0051542,ITEM0045,LOC0017,ORD00038610,,2025-03-19,,missing_value
RAT0019706,CUST0036711,ITEM0043,LOC0023,ORD00038279,,2025-03-19,,missing_value
RAT0019719,CUST0015551,ITEM0137,LOC0022,ORD00037349,55,2025-03-19,,invalid_rating
RAT0019742,CUST0045487,ITEM0034,LOC0014,ORD00037392,6,2025-03-19,,invalid_rating
RAT0019747,CUST0052776,ITEM0050,LOC0009,ORD00038745,4,2025-03-19,,orphan_foreign_key
RAT0019762,CUST0030676,ITEM0094,LOC0015,ORD00038491,1,2025-03-19,,orphan_foreign_key
RAT0019785,CUST0017119,ITEM0081,LOC0013,ORD00038656,-1,2025-03-19,Good value for money.,invalid_rating
RAT0019825,CUST0002355,,LOC0018,ORD00039095,4,,,invalid_date
RAT0019862,CUST0004612,ITEM0147,LOC0014,ORD00037314,,2025-03-20,,missing_value
RAT0019866,CUST0027683,ITEM0135,LOC0024,ORD00036898,,2025-03-20,,missing_value
RAT0019878,CUST0013185,ITEM0084,LOC6297,ORD00038642,4,2025-03-20,,invalid_restaurant_id
RAT0019880,CUST0025144,ITEM0099,LOC0003,ORD00038838,4,2025-03-20,,orphan_foreign_key
RAT0019889,CUST0025144,ITEM0148,LOC0003,ORD00038838,4,2025-03-20,,orphan_foreign_key
RAT0019891,CUST0049969,ITEM0036,LOC0011,ORD00039024,,2025-03-20,,missing_value
RAT0019907,CUST0006630,ITEM0046,LOC0003,ORD00038071,3,2025-03-20,"Average, nothing special.",orphan_foreign_key
RAT0019911,CUST0043432,ITEM0048,LOC0008,ORD00038833,3,2025-03-20,"Taste was fine, packaging poor.",orphan_foreign_key
RAT0019923,CUST0027903,ITEM0143,LOC0011,ORD00038224,4,2025-03-20,Enjoyed the meal.,orphan_foreign_key
RAT0019930,CUST0926316,ITEM0057,LOC0005,ORD00037905,3,2025-03-20,,orphan_foreign_key
RAT0019932,CUST0025144,,LOC0003,ORD00038838,3,2025-03-20,,orphan_foreign_key
RAT0019936,CUST0007923,ITEM0061,LOC2335,ORD00038811,2,2025-03-20,,invalid_restaurant_id
RAT0019953,CUST0027385,ITEM0113,LOC0022,ORD00038822,4,2025-03-20,Good value for money.,orphan_foreign_key
RAT0019964,CUST0007220,ITEM0029,LOC0012,ORD00038717,,2025-03-20,,missing_value
RAT0019967,CUST0025144,ITEM0125,LOC0003,ORD00038838,3,2025-03-20,,orphan_foreign_key
RAT0019989,CUST0039859,ITEM0082,LOC0020,ORD00038425,,2025-03-20,,missing_value
RAT0020003,CUST0050045,,LOC0008,ORD00039158,55,2025-03-20,,invalid_rating
RAT0020004,CUST3154570,ITEM0045,LOC0011,ORD00038817,4,2025-03-20,,orphan_foreign_key
RAT0020007,CUST0018851,,LOC0014,ORD00038862,4,,Tasty and fresh.,invalid_date
RAT0020024,CUST0010938,,LOC0018,ORD00039217,-1,2025-03-21,,invalid_rating
RAT0020031,CUST0041729,ITEM0041,LOC0018,ORD00039694,5,2025-03-21,,orphan_foreign_key
RAT0020050,CUST0035594,ITEM0036,LOC0015,ORD00039387,3,2025-03-21,"Taste was fine, packaging poor.",orphan_foreign_key
RAT0020052,CUST0042844,ITEM0143,LOC0014,ORD00039619,5,1900-01-01,,invalid_date
RAT0020053,CUST0043655,ITEM0102,LOC0012,ORD00038722,,2025-03-21,,missing_value
RAT0020067,CUST0047949,ITEM0156,LOC0020,ORD00039502,,2025-03-21,,missing_value
RAT0020072,CUST0020338,ITEM0151,LOC0016,ORD00039637,,2025-03-21,"Good food, will order again.",missing_value
RAT0020076,CUST0026341,ITEM0085,LOC0004,ORD00038815,0,2025-03-21,,invalid_rating
RAT0020097,CUST0044645,ITEM0042,LOC0016,ORD00038736,5,2025-03-21,Amazing food and friendly staff.,orphan_foreign_key
RAT0020113,CUST0008835,ITEM0061,LOC0007,ORD00039349,55,2025-03-21,,invalid_rating
RAT0020121,CUST0038511,ITEM0081,LOC0016,ORD00039660,4,,,invalid_date
RAT0020141,CUST0018906,,LOC0002,ORD00039242,6,2025-03-21,,invalid_rating
RAT0020162,CUST0011064,ITEM0045,LOC0004,ORD00038919,,2025-03-21,"Average, nothing special.",missing_value
RAT0020165,CUST0032470,ITEM0090,LOC0015,ORD00038787,4,,,invalid_date
RAT0020180,CUST0044576,ITEM0057,LOC0011,ORD00039558,3,,It was okay.,invalid_date
RAT0020197,CUST0050910,ITEM0068,LOC0015,ORD00039328,,2025-03-21,Enjoyed the meal.,missing_value
RAT0020212,CUST0014024,,LOC0005,ORD00039640,0,2025-03-21,"Excellent, loved it!",invalid_rating
RAT0020225,CUST0000521,ITEM0126,LOC0019,ORD00039518,2,2025-03-21,,orphan_foreign_key
RAT0020229,CUST0048272,ITEM0153,LOC0003,ORD00037155,5,2025-03-21,,orphan_foreign_key
RAT0020232,CUST0041893,ITEM0046,LOC0006,ORD00039659,4,2031-07-22,,invalid_date
RAT0020265,CUST0026799,ITEM0066,LOC0001,ORD00039651,,2025-03-21,,missing_value
RAT0020269,CUST0003639,ITEM0124,LOC0003,ORD00039421,0,2025-03-21,,invalid_rating
RAT0020286,CUST0047368,ITEM0134,LOC0002,ORD00040152,4,2025-03-22,Good value for money.,orphan_foreign_key
RAT0020298,CUST0017624,ITEM0014,LOC0023,ORD00039365,4,2031-07-22,Enjoyed the meal.,invalid_date
RAT0020302,CUST0035262,ITEM0011,LOC0020,ORD00039288,3,2025-03-22,"Average, nothing special.",orphan_foreign_key
RAT0020372,CUST0023775,ITEM0081,LOC0018,ORD00040213,,2025-03-22,,missing_value
RAT0020390,CUST0027385,ITEM0149,LOC0022,ORD00038822,3,2025-03-22,"Average, nothing special.",orphan_foreign_key
RAT0020459,CUST0032458,ITEM0056,LOC0001,ORD00039015,4,2031-07-22,Tasty and fresh.,invalid_date
RAT0020463,CUST0013463,ITEM0060,LOC0004,ORD00038924,10,2025-03-22,,invalid_rating
RAT0020505,CUST0018186,ITEM0048,LOC0021,ORD00038962,4,2025-03-22,,orphan_foreign_key
RAT0020518,CUST0043872,ITEM0056,LOC0004,ORD00038460,,2025-03-22,,missing_value
RAT0020519,CUST0029891,ITEM0148,LOC0010,ORD00039741,3,2025-03-22,,orphan_foreign_key
RAT0020530,CUST0054916,ITEM0046,LOC0016,ORD00040075,7,2025-03-22,Enjoyed the meal.,invalid_rating
RAT0020531,CUST0032500,ITEM0055,LOC0020,ORD00039938,5,2025-03-22,"Excellent, loved it!",orphan_foreign_key
RAT0020550,CUST0005601,ITEM0157,LOC0001,ORD00040585,3,2025-03-23,,orphan_foreign_key
RAT0020568,CUST0031186,,LOC0008,ORD00039200,,2025-03-23,,missing_value
RAT0020606,CUST0018669,ITEM0048,LOC0014,ORD00040560,,2025-03-23,,missing_value
RAT0020609,CUST0041729,,LOC0003,ORD00040671,4,2025-03-23,,orphan_foreign_key
RAT0020617,CUST0030333,ITEM0057,LOC0006,ORD00040468,55,2025-03-23,,invalid_rating
RAT0020629,CUST0004980,ITEM0138,LOC0018,ORD00040192,7,2025-03-23,,invalid_rating
RAT0020646,CUST0051739,ITEM0092,LOC0002,ORD00040165,,2025-03-23,Good value for money.,missing_value
RAT0020657,CUST0043990,ITEM0057,LOC0018,ORD00040000,3,2025-03-23,It was okay.,orphan_foreign_key
RAT0020678,CUST0020641,ITEM0148,LOC0005,ORD00039909,4,2025-03-23,,orphan_foreign_key
RAT0020693,CUST0050769,ITEM0045,LOC0003,ORD00040549,10,2025-03-23,,invalid_rating
RAT0020713,CUST0035594,ITEM0061,LOC0015,ORD00039387,2,2025-03-23,Not fresh.,orphan_foreign_key
RAT0020722,CUST0003134,ITEM0113,LOC0010,ORD00040885,,2025-03-23,,missing_value
RAT0020751,CUST0024404,,LOC0025,ORD00040765,55,2025-03-23,,invalid_rating
RAT0020754,CUST0054654,ITEM0075,LOC0022,ORD00040487,4,2025-03-23,,orphan_foreign_key
RAT0020788,CUST0010485,,LOC0025,ORD00040532,7,2025-03-23,,invalid_rating
RAT0020798,CUST0021732,ITEM0042,LOC0018,ORD00040583,5,,,invalid_date
RAT0020802,CUST0036982,ITEM0045,LOC0005,ORD00040825,4,2025-03-23,,orphan_foreign_key
RAT0020810,CUST0051041,ITEM0148,LOC0025,ORD00039613,3,2025-03-23,,orphan_foreign_key
RAT0020813,CUST0014920,ITEM0039,LOC0009,ORD00039749,-1,2025-03-23,,invalid_rating
RAT0020824,CUST0036982,ITEM0041,LOC0005,ORD00040825,5,2025-03-23,,orphan_foreign_key
RAT0020837,CUST0041979,ITEM0094,LOC0011,ORD00038909,,2025-03-23,Service was slow.,missing_value
RAT0020857,CUST0050830,ITEM0068,LOC0020,ORD00041091,4,2025-03-24,Enjoyed the meal.,orphan_foreign_key
RAT0020875,CUST0041178,ITEM0054,LOC0361,ORD00040290,5,2025-03-24,,invalid_restaurant_id
RAT0020885,CUST0050901,ITEM0148,LOC0001,ORD00040959,,2025-03-24,Decent but overpriced.,missing_value
RAT0020891,CUST0031800,ITEM0113,LOC6377,ORD00040638,4,2025-03-24,,invalid_restaurant_id
RAT0020895,CUST0034425,ITEM0135,LOC0005,ORD00041209,4,2025-03-24,,orphan_foreign_key
RAT0020950,CUST0024699,ITEM0135,LOC0007,ORD00039480,3,2025-03-24,,orphan_foreign_key
RAT0020951,CUST0052414,,LOC0743,ORD00040926,5,2025-03-24,,invalid_restaurant_id
RAT0020954,CUST0015403,ITEM0004,LOC0002,ORD00041041,7,2025-03-24,Highly recommended.,invalid_rating
RAT0020983,CUST0037868,ITEM0081,LOC0008,ORD00041138,,2025-03-24,,missing_value
RAT0020990,CUST0040731,ITEM0102,LOC0015,ORD00041197,5,2025-03-24,,orphan_foreign_key
RAT0021032,CUST0023037,ITEM0134,LOC5357,ORD00041099,3,2025-03-24,,invalid_restaurant_id
RAT0021064,CUST0046638,,LOC0003,ORD00039930,2,2025-03-25,Not fresh.,orphan_foreign_key
RAT0021067,CUST0049115,ITEM0133,LOC0005,ORD00040645,6,2025-03-25,,invalid_rating
RAT0021089,CUST0032500,ITEM0068,LOC0020,ORD00039938,4,2025-03-25,,orphan_foreign_key
RAT0021091,CUST0031479,ITEM0045,LOC0008,ORD00040682,,2025-03-25,Nice ambience and good service.,missing_value
RAT0021117,CUST0005129,ITEM0037,LOC0020,ORD00041123,55,2025-03-25,,invalid_rating
RAT0021124,CUST0047021,ITEM0040,LOC0007,ORD00040370,4,2025-03-25,,orphan_foreign_key
RAT0021146,CUST0031161,ITEM0057,LOC0016,ORD00041567,,2025-03-25,Good value for money.,missing_value
RAT0021160,CUST0001781,ITEM0160,LOC0016,ORD00041365,5,2025-03-25,Perfect taste and quick service.,orphan_foreign_key
RAT0021164,CUST0009036,ITEM0148,LOC0004,ORD00041364,2,2025-03-25,,orphan_foreign_key
RAT0021165,CUST0017846,ITEM0112,LOC0021,ORD00041384,,2025-03-25,,missing_value
RAT0021183,CUST0017479,ITEM0016,LOC0017,ORD00041220,4,2025-03-25,,orphan_foreign_key
RAT0021191,CUST0047886,ITEM0001,LOC0015,ORD00041362,,2025-03-25,Best in town.,missing_value
RAT0021193,CUST0031299,ITEM0012,LOC0008,ORD00041563,,2025-03-25,,missing_value
RAT0021197,CUST0025032,ITEM0009,LOC0017,ORD00040542,,2025-03-25,Portion was too small.,missing_value
RAT0021210,CUST0020349,ITEM0048,LOC0023,ORD00041512,-1,2025-03-25,,invalid_rating
RAT0021233,CUST0035031,ITEM0109,LOC0001,ORD00040918,5,2025-03-25,Best in town.,orphan_foreign_key
RAT0021250,CUST0047784,ITEM0055,LOC0001,ORD00040207,4,2025-03-25,,orphan_foreign_key
RAT0021263,CUST0004790,,LOC0022,ORD00041461,,2025-03-25,,missing_value
RAT0021266,CUST0032702,,LOC0008,ORD00040198,,2025-03-25,,missing_value
RAT0021273,CUST0039707,ITEM0012,LOC0004,ORD00041608,5,2025-03-26,Highly recommended.,orphan_foreign_key
RAT0021276,CUST7394851,ITEM0055,LOC0002,ORD00041337,4,2025-03-26,,orphan_foreign_key
RAT0021291,CUST3260963,ITEM0057,LOC0023,ORD00041721,4,2025-03-26,,orphan_foreign_key
RAT0021362,CUST0019174,ITEM0042,LOC0023,ORD00041838,4,2025-03-26,,orphan_foreign_key
RAT0021367,CUST0004461,,LOC0025,ORD00041018,,2025-03-26,,missing_value
RAT0021370,CUST0019174,ITEM0159,LOC0023,ORD00041838,5,2025-03-26,,orphan_foreign_key
RAT0021376,CUST0011743,ITEM0147,LOC0023,ORD00041730,2,2025-03-26,,orphan_foreign_key
RAT0021379,CUST0007804,ITEM0042,LOC0004,ORD00041670,3,2025-03-26,,orphan_foreign_key
RAT0021380,CUST0004497,ITEM0066,LOC0020,ORD00041826,-1,2025-03-26,,invalid_rating
RAT0021386,CUST0032609,ITEM0147,LOC0014,ORD00041645,4,1970-01-01,,invalid_date
RAT0021402,CUST0043333,ITEM0059,LOC0017,ORD00040957,4,1900-01-01,,invalid_date
RAT0021441,CUST0040507,ITEM0020,LOC0014,ORD00040490,3,2025-03-26,,orphan_foreign_key
RAT0021459,CUST0039707,,LOC0004,ORD00041608,2,2025-03-26,Took too long to arrive.,orphan_foreign_key
RAT0021465,CUST0049047,ITEM0124,LOC0005,ORD00041937,3,,,invalid_date
RAT0021481,CUST0010871,ITEM0041,LOC0018,ORD00040415,3,2025-03-26,"Average, nothing special.",orphan_foreign_key
RAT0021514,CUST0018657,ITEM0068,LOC0007,ORD00042323,6,2025-03-27,Nice ambience and good service.,invalid_rating
RAT0021519,CUST0032262,ITEM0068,LOC0003,ORD00041232,2,2025-03-27,,orphan_foreign_key
RAT0021524,CUST0048473,,LOC0014,ORD00042022,6,2025-03-27,,invalid_rating
RAT0021539,CUST0029958,ITEM0095,LOC0022,ORD00042077,5,2025-03-27,,orphan_foreign_key
RAT0021545,CUST0013375,ITEM0148,LOC0012,ORD00042085,4,2025-03-27,Tasty and fresh.,orphan_foreign_key
RAT0021548,CUST0019728,ITEM0157,LOC0008,ORD00042399,3,2025-03-27,,orphan_foreign_key
RAT0021558,CUST0027018,ITEM0034,LOC0004,ORD00039041,10,2025-03-27,,invalid_rating
RAT0021562,CUST0052543,ITEM0029,LOC0009,ORD00041701,4,2025-03-27,,orphan_foreign_key
RAT0021567,CUST0040544,ITEM0081,LOC0013,ORD00042159,4,2025-03-27,Tasty and fresh.,orphan_foreign_key
RAT0021602,CUST0040463,ITEM0081,LOC0023,ORD00041309,4,2099-12-31,Good value for money.,invalid_date
RAT0021623,CUST0049820,,LOC0024,ORD00040448,-1,2025-03-27,,invalid_rating
RAT0021624,CUST0022098,ITEM0067,LOC0019,ORD00042401,7,2025-03-27,Good value for money.,invalid_rating
RAT0021627,CUST0032297,ITEM0009,LOC4415,ORD00041766,1,2025-03-27,Poor quality for the price.,invalid_restaurant_id
RAT0021638,CUST0024451,ITEM0115,LOC0020,ORD00042155,4,2025-03-27,,orphan_foreign_key
RAT0021651,CUST0013375,ITEM0142,LOC0012,ORD00042085,5,2025-03-27,,orphan_foreign_key
RAT0021658,CUST0021717,ITEM0048,LOC0009,ORD00042355,4,2025-03-27,"Good food, will order again.",orphan_foreign_key
RAT0021659,CUST0046778,ITEM0122,LOC0004,ORD00042227,7,2025-03-27,Decent but overpriced.,invalid_rating
RAT0021667,CUST0004149,ITEM0041,LOC0004,ORD00042174,5,2025-03-27,,orphan_foreign_key
RAT0021697,CUST0017921,ITEM0046,LOC0016,ORD00042443,,2025-03-28,,missing_value
RAT0021704,CUST0028763,ITEM0036,LOC0008,ORD00042626,3,2025-03-28,,orphan_foreign_key
RAT0021731,CUST0040204,ITEM0033,LOC1066,ORD00041401,4,2025-03-28,,invalid_restaurant_id
RAT0021748,CUST0030328,ITEM0060,LOC0009,ORD00042292,,2025-03-28,Below average taste.,missing_value
RAT0021765,CUST0009557,ITEM0025,LOC0017,ORD00042507,4,2025-03-28,Enjoyed the meal.,orphan_foreign_key
RAT0021769,CUST0001781,ITEM0004,LOC0016,ORD00041365,4,2025-03-28,Tasty and fresh.,orphan_foreign_key
RAT0021772,CUST0029513,ITEM0148,LOC0002,ORD00042199,55,2025-03-28,,invalid_rating
RAT0021799,CUST7416366,ITEM0147,LOC0016,ORD00042240,4,2025-03-28,,orphan_foreign_key
RAT0021815,CUST0000930,ITEM0020,LOC0001,ORD00042489,,2025-03-28,Tasty and fresh.,missing_value
RAT0021818,CUST0015876,ITEM0066,LOC0009,ORD00042744,55,2025-03-28,Amazing food and friendly staff.,invalid_rating
RAT0021826,CUST0015131,,LOC0005,ORD00042250,,2025-03-28,,missing_value
RAT0021854,CUST0024895,ITEM0045,LOC0013,ORD00042411,5,2025-03-28,,orphan_foreign_key
RAT0021865,CUST0020616,ITEM0041,LOC0013,ORD00040598,,2025-03-28,,missing_value
RAT0021905,CUST0001453,,LOC0017,ORD00043366,3,2025-03-29,Good taste but late delivery.,orphan_foreign_key
RAT0021914,CUST0018160,ITEM0135,LOC0002,ORD00042717,5,2025-03-29,Amazing food and friendly staff.,orphan_foreign_key
RAT0021951,CUST0049500,ITEM0084,LOC0001,ORD00042807,-1,2025-03-29,,invalid_rating
RAT0021961,CUST0045015,ITEM0151,LOC0008,ORD00042940,4,2025-03-29,,orphan_foreign_key
RAT0021966,CUST6775091,ITEM0042,LOC0007,ORD00043117,5,2025-03-29,,orphan_foreign_key
RAT0022014,CUST0040505,ITEM0004,LOC0017,ORD00043293,5,2025-03-29,,orphan_foreign_key
RAT0022015,CUST0028595,ITEM0064,LOC0015,ORD00042836,,2025-03-29,,missing_value
RAT0022016,CUST0040132,ITEM0157,LOC0012,ORD00042808,,2025-03-29,,missing_value
RAT0022057,CUST0028763,ITEM0103,LOC0008,ORD00042626,5,2025-03-29,,orphan_foreign_key
RAT0022070,CUST0040505,ITEM0143,LOC0017,ORD00043293,4,2025-03-29,,orphan_foreign_key
RAT0022084,CUST0035707,ITEM0051,LOC0022,ORD00043322,10,2025-03-29,,invalid_rating
RAT0022088,CUST0025208,ITEM0068,LOC0013,ORD00041394,4,2025-03-29,,orphan_foreign_key
RAT0022108,CUST0023540,,LOC0021,ORD00041984,,2025-03-29,"Average, nothing special.",missing_value
RAT0022116,CUST0040505,ITEM0061,LOC0017,ORD00043293,2,2025-03-29,Service was slow.,orphan_foreign_key
RAT0022134,CUST0053427,ITEM0042,LOC0008,ORD00042979,4,2025-03-29,Enjoyed the meal.,orphan_foreign_key
RAT0022162,CUST0001410,ITEM0050,LOC0005,ORD00042911,,2025-03-30,Tasty and fresh.,missing_value
RAT0022165,CUST0040505,ITEM0007,LOC0017,ORD00043293,4,2025-03-30,,orphan_foreign_key
RAT0022167,CUST0019928,,LOC0007,ORD00043950,4,2025-03-30,Tasty and fresh.,orphan_foreign_key
RAT0022174,CUST0019590,ITEM0151,LOC0018,ORD00043788,4,2025-03-30,,orphan_foreign_key
RAT0022178,CUST0001453,ITEM0064,LOC0017,ORD00043366,3,2025-03-30,,orphan_foreign_key
RAT0022181,CUST4618160,ITEM0152,LOC0001,ORD00043785,5,2025-03-30,,orphan_foreign_key
RAT0022195,CUST0003801,ITEM0159,LOC5017,ORD00043391,2,2025-03-30,,invalid_restaurant_id
RAT0022204,CUST0016354,ITEM0036,LOC0025,ORD00042530,3,2025-03-30,,orphan_foreign_key
RAT0022215,CUST0051105,,LOC0010,ORD00043730,3,2025-03-30,,orphan_foreign_key
RAT0022220,CUST0048206,,LOC0003,ORD00043001,3,2025-03-30,Decent but overpriced.,orphan_foreign_key
RAT0022236,CUST0028990,,LOC0011,ORD00043423,6,2025-03-30,"Average, nothing special.",invalid_rating
RAT0022240,CUST0006945,ITEM0049,LOC0020,ORD00043704,3,2025-03-30,,orphan_foreign_key
RAT0022241,CUST0045872,ITEM0075,LOC0023,ORD00041508,3,2025-03-30,Good taste but late delivery.,orphan_foreign_key
RAT0022250,CUST0016870,,LOC0016,ORD00043013,,2025-03-30,Best in town.,missing_value
RAT0022285,CUST0014839,ITEM0002,LOC0021,ORD00041896,,2025-03-30,,missing_value
RAT0022297,CUST0009263,ITEM0131,LOC0002,ORD00043976,4,2025-03-30,"Good food, will order again.",orphan_foreign_key
RAT0022311,CUST0046868,,LOC0014,ORD00041866,,2025-03-30,,missing_value
RAT0022323,CUST0017301,ITEM0138,LOC0018,ORD00042458,4,2025-03-30,,orphan_foreign_key
RAT0022349,CUST0037209,ITEM0151,LOC0013,ORD00043404,4,1970-01-01,,invalid_date
RAT0022389,CUST0031318,ITEM0004,LOC0012,ORD00043560,4,2025-03-30,Nice ambience and good service.,orphan_foreign_key
RAT0022397,CUST0007448,ITEM0049,LOC0004,ORD00043398,4,2025-03-30,,orphan_foreign_key
RAT0022403,CUST0040912,ITEM0062,LOC0007,ORD00043934,0,2025-03-30,Good value for money.,invalid_rating
RAT0022406,CUST0019621,ITEM0133,LOC0006,ORD00043310,,2025-03-30,"Good food, will order again.",missing_value
RAT0022423,CUST0012822,ITEM0157,LOC0005,ORD00044317,3,2025-03-31,,orphan_foreign_key
RAT0022431,CUST0044645,ITEM0034,LOC0011,ORD00043409,4,2025-03-31,,orphan_foreign_key
RAT0022435,CUST0000713,,LOC0012,ORD00044560,3,2025-03-31,,orphan_foreign_key
RAT0022456,CUST0009557,ITEM0082,LOC0017,ORD00042507,2,2025-03-31,,orphan_foreign_key
RAT0022457,CUST0044656,,LOC0018,ORD00044342,3,2025-03-31,It was okay.,orphan_foreign_key
RAT0022476,CUST0023381,,LOC0017,ORD00044403,4,2025-03-31,Nice ambience and good service.,orphan_foreign_key
RAT0022479,CUST0038482,,LOC0014,ORD00044409,,2025-03-31,,missing_value
RAT0022509,CUST0050134,ITEM0022,LOC0016,ORD00043983,5,,,invalid_date
RAT0022511,CUST0024162,ITEM0048,LOC0017,ORD00044719,4,2025-03-31,,orphan_foreign_key
RAT0022512,CUST0053422,ITEM0012,LOC0023,ORD00042779,-1,2025-03-31,,invalid_rating
RAT0022573,CUST0028365,ITEM0112,LOC0008,ORD00044177,,2025-03-31,,missing_value
RAT0022575,CUST0019174,ITEM0112,LOC0014,ORD00044417,4,2025-03-31,,orphan_foreign_key
RAT0022592,CUST0019174,ITEM0045,LOC0014,ORD00044417,,2025-03-31,Best in town.,missing_value
RAT0022635,CUST0045828,ITEM0157,LOC0023,ORD00044503,7,2025-03-31,"Good food, will order again.",invalid_rating
RAT0022636,CUST0033982,ITEM0148,LOC0022,ORD00043657,5,2025-03-31,,orphan_foreign_key
RAT0022638,CUST0010212,ITEM0148,LOC0014,ORD00041900,5,2025-03-31,Best in town.,orphan_foreign_key
RAT0022644,CUST0024162,,LOC0017,ORD00044719,3,2025-03-31,Good taste but late delivery.,orphan_foreign_key
RAT0022646,CUST0013113,ITEM0005,LOC4373,ORD00043171,4,2025-03-31,Tasty and fresh.,invalid_restaurant_id
RAT0022653,CUST0049933,ITEM0135,LOC0023,ORD00044106,,2025-03-31,,missing_value
RAT0022685,CUST0027110,,LOC0013,ORD00043044,5,2025-03-31,,orphan_foreign_key
RAT0022702,CUST0002569,ITEM0151,LOC0009,ORD00044418,4,,Nice ambience and good service.,invalid_date
RAT0022713,CUST0011021,ITEM0081,LOC0015,ORD00043935,4,2025-03-31,"Good food, will order again.",orphan_foreign_key
RAT0022723,CUST0049725,ITEM0036,LOC0020,ORD00044548,,2025-03-31,,missing_value
RAT0022724,CUST0017697,ITEM0147,LOC0011,ORD00043411,,2025-03-31,,missing_value
RAT0022738,CUST0010787,ITEM0157,LOC0005,ORD00042784,2,2025-03-31,Below average taste.,orphan_foreign_key
RAT0022739,CUST0027208,ITEM0049,LOC5919,ORD00044426,5,2025-03-31,,invalid_restaurant_id
RAT0022747,CUST0052460,ITEM0066,LOC0024,ORD00045233,3,2025-04-01,,orphan_foreign_key
RAT0022773,CUST0002383,,LOC0019,ORD00043034,1,2025-04-01,,orphan_foreign_key
RAT0022774,CUST0015477,,LOC0023,ORD00044706,6,2025-04-01,,invalid_rating
RAT0022792,CUST1450004,ITEM0004,LOC0018,ORD00043083,4,2025-04-01,,orphan_foreign_key
RAT0022804,CUST0021969,ITEM0124,LOC5397,ORD00043116,4,2025-04-01,,invalid_restaurant_id
RAT0022810,CUST0034752,ITEM0136,LOC0003,ORD00045391,4,2025-04-01,,orphan_foreign_key
RAT0022824,CUST0002360,ITEM0054,LOC0010,ORD00042786,4,2025-04-01,,orphan_foreign_key
RAT0022838,CUST0014019,ITEM0102,LOC0023,ORD00044941,4,2025-04-01,Good value for money.,orphan_foreign_key
RAT0022848,CUST0036806,ITEM0157,LOC0004,ORD00044298,0,2025-04-01,,invalid_rating
RAT0022849,CUST0044738,ITEM0115,LOC0011,ORD00044741,5,2025-04-01,Best in town.,orphan_foreign_key
RAT0022851,CUST0014076,ITEM0126,LOC0014,ORD00043891,4,2025-04-01,,orphan_foreign_key
RAT0022872,CUST0045090,ITEM0036,LOC0003,ORD00045130,3,2025-04-01,,orphan_foreign_key
RAT0022894,CUST0042435,,LOC0008,ORD00045306,,2025-04-01,,missing_value
RAT0022900,CUST0007913,,LOC0012,ORD00044187,,2025-04-01,,missing_value
RAT0022931,CUST0015021,,LOC0016,ORD00045304,4,2025-04-01,,orphan_foreign_key
RAT0022934,CUST0047407,ITEM0156,LOC0010,ORD00043603,3,2025-04-01,It was okay.,orphan_foreign_key
RAT0022944,CUST0028974,ITEM0085,LOC0014,ORD00045080,0,2025-04-01,Tasty and fresh.,invalid_rating
RAT0022947,CUST0018160,ITEM0033,LOC0020,ORD00044113,4,2025-04-01,"Good food, will order again.",orphan_foreign_key
RAT0022951,CUST0046482,ITEM0148,LOC0007,ORD00044473,4,2025-04-01,,orphan_foreign_key
RAT0022953,CUST0006802,,LOC0017,ORD00044058,3,2025-04-01,,orphan_foreign_key
RAT0022958,CUST0046849,ITEM0151,LOC0005,ORD00044281,4,2025-04-01,Good value for money.,orphan_foreign_key
RAT0022959,CUST0044484,ITEM0002,LOC0020,ORD00044837,,2025-04-01,,missing_value
RAT0022964,CUST0054340,ITEM0055,LOC0007,ORD00044258,,2025-04-01,"Average, nothing special.",missing_value
RAT0023010,CUST0014340,ITEM0059,LOC0017,ORD00045423,,2025-04-01,"Taste was fine, packaging poor.",missing_value
RAT0023032,CUST0024451,ITEM0045,LOC0020,ORD00042155,4,2025-04-01,,orphan_foreign_key
RAT0023044,CUST0043312,ITEM0072,LOC5566,ORD00044933,5,2025-04-01,,invalid_restaurant_id
RAT0023059,CUST0054500,ITEM0077,LOC0023,ORD00045330,,2025-04-01,Tasty and fresh.,missing_value
RAT0023075,CUST0028575,ITEM0046,LOC0002,ORD00044853,4,1970-01-01,"Good food, will order again.",invalid_date
RAT0023083,CUST0014019,ITEM0037,LOC0023,ORD00044941,5,2025-04-01,Perfect taste and quick service.,orphan_foreign_key
RAT0023128,CUST0052460,ITEM0151,LOC0024,ORD00045233,4,2025-04-02,,orphan_foreign_key
RAT0023137,CUST0044860,ITEM0070,LOC0008,ORD00044521,5,2025-04-02,,orphan_foreign_key
RAT0023186,CUST0028783,ITEM0032,LOC0011,ORD00045646,,2025-04-02,,missing_value
RAT0023191,CUST0048019,ITEM0021,LOC0014,ORD00044885,55,2025-04-02,,invalid_rating
RAT0023205,CUST0003633,ITEM0081,LOC0021,ORD00044686,-1,2025-04-02,,invalid_rating
RAT0023219,CUST0049829,ITEM0048,LOC0001,ORD00044662,4,2025-04-02,Good value for money.,orphan_foreign_key
RAT0023247,CUST6255668,ITEM0048,LOC0012,ORD00043637,4,2025-04-02,Good value for money.,orphan_foreign_key
RAT0023255,CUST0026753,ITEM0160,LOC0004,ORD00044744,4,,,invalid_date
RAT0023278,CUST0046638,,LOC0016,ORD00045612,4,2025-04-02,,orphan_foreign_key
RAT0023283,CUST0012082,ITEM0151,LOC0020,ORD00045526,4,2025-04-02,"Good food, will order again.",orphan_foreign_key
RAT0023312,CUST0026464,,LOC0014,ORD00045810,,2025-04-02,,missing_value
RAT0023338,CUST0009557,ITEM0132,LOC0017,ORD00042507,4,2025-04-02,,orphan_foreign_key
RAT0023339,CUST0046638,ITEM0112,LOC0016,ORD00045612,3,2025-04-02,,orphan_foreign_key
RAT0023351,CUST0040075,ITEM0148,LOC0010,ORD00046004,,2025-04-02,,missing_value
RAT0023352,CUST0052657,,LOC0020,ORD00044799,5,2025-04-02,Best in town.,orphan_foreign_key
RAT0023363,CUST0045090,ITEM0135,LOC0003,ORD00045130,4,2025-04-02,,orphan_foreign_key
RAT0023373,CUST0034586,ITEM0064,LOC0001,ORD00043659,3,2099-12-31,,invalid_date
RAT0023375,CUST4826608,ITEM0081,LOC0025,ORD00044755,4,2025-04-02,Tasty and fresh.,orphan_foreign_key
RAT0023381,CUST0006280,ITEM0001,LOC0019,ORD00044949,,2025-04-02,Perfect taste and quick service.,missing_value
RAT0023394,CUST0022274,ITEM0037,LOC0015,ORD00045510,5,2025-04-02,,orphan_foreign_key
RAT0023407,CUST0006634,ITEM0084,LOC0008,ORD00045589,4,2025-04-02,,orphan_foreign_key
RAT0023428,CUST0027224,ITEM0068,LOC0018,ORD00045137,3,2025-04-02,,orphan_foreign_key
RAT0023446,CUST0042264,ITEM0154,LOC0001,ORD00045562,4,2025-04-02,Tasty and fresh.,orphan_foreign_key
RAT0023452,CUST0030651,ITEM0048,LOC0008,ORD00043923,4,2025-04-02,Good value for money.,orphan_foreign_key
RAT0023460,CUST0032576,ITEM0117,LOC0010,ORD00046495,3,2025-04-03,,orphan_foreign_key
RAT0023476,CUST0011119,ITEM0073,LOC0006,ORD00046359,2,2025-04-03,Portion was too small.,orphan_foreign_key
RAT0023536,CUST0021460,ITEM0148,LOC7545,ORD00046221,4,2025-04-03,Nice ambience and good service.,invalid_restaurant_id
RAT0023564,CUST0039125,ITEM0068,LOC0019,ORD00045750,0,2025-04-03,,invalid_rating
RAT0023565,CUST0054674,ITEM0058,LOC0004,ORD00046106,55,2025-04-03,Highly recommended.,invalid_rating
RAT0023567,CUST0024630,ITEM0138,LOC0003,ORD00046549,3,2025-04-03,,orphan_foreign_key
RAT0023578,CUST0026945,ITEM0151,LOC0023,ORD00045092,10,2025-04-03,Good value for money.,invalid_rating
RAT0023592,CUST0029002,ITEM0001,LOC0001,ORD00046275,4,2025-04-03,Tasty and fresh.,orphan_foreign_key
RAT0023600,CUST0018964,ITEM0062,LOC0019,ORD00044916,3,,,invalid_date
RAT0023626,CUST0036231,ITEM0073,LOC0018,ORD00045969,2,2025-04-03,,orphan_foreign_key
RAT0023633,CUST0012822,ITEM0123,LOC0005,ORD00044317,4,2025-04-03,,orphan_foreign_key
RAT0023652,CUST0047670,ITEM0065,LOC7939,ORD00045450,3,2025-04-03,,invalid_restaurant_id
RAT0023657,CUST0024124,ITEM0127,LOC0007,ORD00046335,4,2025-04-03,Good value for money.,orphan_foreign_key
RAT0023676,CUST0051585,ITEM0047,LOC0001,ORD00045656,3,2025-04-03,Decent but overpriced.,orphan_foreign_key
RAT0023707,CUST0024886,ITEM0135,LOC1323,ORD00046057,4,2025-04-03,Tasty and fresh.,invalid_restaurant_id
RAT0023710,CUST0025115,ITEM0041,LOC0025,ORD00046171,3,2025-04-03,,orphan_foreign_key
RAT0023728,CUST0028516,ITEM0062,LOC7855,ORD00046514,4,2025-04-03,Tasty and fresh.,invalid_restaurant_id
RAT0023777,CUST0014191,ITEM0114,LOC0004,ORD00046686,5,2025-04-04,,orphan_foreign_key
RAT0023779,CUST0036403,ITEM0094,LOC0020,ORD00045759,2,2025-04-04,,orphan_foreign_key
RAT0023780,CUST0008253,ITEM0148,LOC0019,ORD00047217,,2025-04-04,,missing_value
RAT0023795,CUST0002933,ITEM0064,LOC0002,ORD00046005,,2025-04-04,,missing_value
RAT0023796,CUST0024162,ITEM0082,LOC0017,ORD00044719,3,2025-04-04,,orphan_foreign_key
RAT0023798,CUST0041056,ITEM0136,LOC0023,ORD00045849,,2025-04-04,,missing_value
RAT0023817,CUST0001456,,LOC0005,ORD00046312,3,2025-04-04,,orphan_foreign_key
RAT0023853,CUST0042237,,LOC9343,ORD00046411,4,2025-04-04,,invalid_restaurant_id
RAT0023854,CUST0051207,ITEM0151,LOC0004,ORD00047008,3,2025-04-04,,orphan_foreign_key
RAT0023856,CUST0014191,ITEM0061,LOC0004,ORD00046686,3,2025-04-04,,orphan_foreign_key
RAT0023862,CUST0036002,ITEM0003,LOC0011,ORD00046585,,2025-04-04,,missing_value
RAT0023867,CUST0036364,ITEM0033,LOC0002,ORD00046966,5,2025-04-04,,orphan_foreign_key
RAT0023886,CUST0046994,ITEM0098,LOC0002,ORD00047137,,2025-04-04,Amazing food and friendly staff.,missing_value
RAT0023908,CUST0017229,ITEM0135,LOC0002,ORD00046702,5,2025-04-04,,orphan_foreign_key
RAT0023951,CUST0014191,ITEM0137,LOC0004,ORD00046686,5,2025-04-04,Highly recommended.,orphan_foreign_key
RAT0023967,CUST0026464,ITEM0134,LOC0014,ORD00045810,,2025-04-04,,missing_value
RAT0023970,CUST0004864,ITEM0027,LOC0009,ORD00046907,4,2025-04-04,Nice ambience and good service.,orphan_foreign_key
RAT0023981,CUST0019181,ITEM0151,LOC0008,ORD00046892,3,2025-04-04,"Taste was fine, packaging poor.",orphan_foreign_key
RAT0023997,CUST0019181,ITEM0054,LOC0008,ORD00046892,4,2025-04-04,,orphan_foreign_key
RAT0023999,CUST0047838,ITEM0023,LOC0014,ORD00046995,3,2025-04-04,,orphan_foreign_key
RAT0024003,CUST0015175,ITEM0151,LOC0001,ORD00047149,4,2025-04-04,,orphan_foreign_key
RAT0024023,CUST0039717,ITEM0123,LOC0007,ORD00047189,10,2025-04-04,,invalid_rating
RAT0024026,CUST0025773,,LOC0003,ORD00045009,6,2025-04-04,Highly recommended.,invalid_rating
RAT0024032,CUST0006974,ITEM0050,LOC8933,ORD00046961,3,2025-04-04,"Taste was fine, packaging poor.",invalid_restaurant_id
RAT0024042,CUST0022525,,LOC0020,ORD00046962,0,2025-04-04,,invalid_rating
RAT0024066,CUST0015175,,LOC0001,ORD00047149,4,2025-04-04,,orphan_foreign_key
RAT0024085,CUST0048359,ITEM0151,LOC0003,ORD00047605,,2025-04-05,,missing_value
RAT0024109,CUST0020511,ITEM0055,LOC0014,ORD00047657,-1,2025-04-05,,invalid_rating
RAT0024115,CUST0024875,ITEM0075,LOC0003,ORD00047916,3,2025-04-05,,orphan_foreign_key
RAT0024122,CUST0021523,ITEM0138,LOC0010,ORD00047225,,2025-04-05,"Average, nothing special.",missing_value
RAT0024123,CUST0005220,,LOC0023,ORD00047520,3,2025-04-05,,orphan_foreign_key
RAT0024175,CUST0018563,ITEM0081,LOC9886,ORD00046727,3,2025-04-05,"Average, nothing special.",invalid_restaurant_id
RAT0024179,CUST0018633,,LOC0001,ORD00047654,5,,,invalid_date
RAT0024242,CUST0034316,,LOC0008,ORD00047404,,2025-04-05,Perfect taste and quick service.,missing_value
RAT0024253,CUST0049234,ITEM0157,LOC2197,ORD00046920,3,2025-04-05,It was okay.,invalid_restaurant_id
RAT0024256,CUST3475875,,LOC0010,ORD00046193,3,2025-04-05,Good taste but late delivery.,orphan_foreign_key
RAT0024261,CUST0011229,ITEM0014,LOC0025,ORD00044756,3,2025-04-05,,orphan_foreign_key
RAT0024264,CUST0029724,ITEM0033,LOC0011,ORD00047237,,2025-04-05,It was okay.,missing_value
RAT0024302,CUST0039881,ITEM0129,LOC0020,ORD00047965,3,2025-04-05,,orphan_foreign_key
RAT0024308,CUST0001753,,LOC0018,ORD00046910,3,2025-04-05,,orphan_foreign_key
RAT0024315,CUST0054696,ITEM0067,LOC0002,ORD00045702,5,2027-11-05,Perfect taste and quick service.,invalid_date
RAT0024332,CUST0034332,ITEM0036,LOC0020,ORD00047441,2,2031-07-22,,invalid_date
RAT0024358,CUST0032576,ITEM0038,LOC0010,ORD00046495,4,2025-04-05,,orphan_foreign_key
RAT0024413,CUST0024618,ITEM0046,LOC0009,ORD00047891,4,2025-04-05,Tasty and fresh.,orphan_foreign_key
RAT0024425,CUST0051207,ITEM0133,LOC0004,ORD00047008,4,2025-04-05,,orphan_foreign_key
RAT0024463,CUST0053317,ITEM0059,LOC0012,ORD00048624,6,2025-04-06,,invalid_rating
RAT0024464,CUST0049634,ITEM0069,LOC0020,ORD00048452,4,2025-04-06,,orphan_foreign_key
RAT0024471,CUST0047790,ITEM0003,LOC0003,ORD00048293,,2025-04-06,"Good food, will order again.",missing_value
RAT0024488,CUST0021871,ITEM0142,LOC0002,ORD00048379,4,2025-04-06,"Good food, will order again.",orphan_foreign_key
RAT0024510,CUST0007703,ITEM0081,LOC0018,ORD00048257,3,2025-04-06,,orphan_foreign_key
RAT0024513,CUST0038006,,LOC0025,ORD00048504,4,2025-04-06,,orphan_foreign_key
RAT0024533,CUST0004319,ITEM0031,LOC0003,ORD00048048,4,2025-04-06,Enjoyed the meal.,orphan_foreign_key
RAT0024564,CUST0021643,ITEM0082,LOC0023,ORD00047145,,2025-04-06,,missing_value
RAT0024570,CUST0013712,ITEM0100,LOC5613,ORD00047458,2,2025-04-06,,invalid_restaurant_id
RAT0024576,CUST0025064,ITEM0057,LOC1816,ORD00048690,2,2025-04-06,Portion was too small.,invalid_restaurant_id
RAT0024593,CUST0028669,ITEM0138,LOC0011,ORD00045434,5,2025-04-06,"Excellent, loved it!",orphan_foreign_key
RAT0024625,CUST8856366,ITEM0133,LOC0010,ORD00048272,4,2025-04-06,,orphan_foreign_key
RAT0024637,CUST0028813,,LOC0023,ORD00047144,3,2025-04-06,,orphan_foreign_key
RAT0024694,CUST0038006,ITEM0143,LOC0025,ORD00048504,4,2025-04-06,,orphan_foreign_key
RAT0024715,CUST0024202,ITEM0128,LOC0008,ORD00048466,5,2025-04-06,,orphan_foreign_key
RAT0024739,CUST0017403,ITEM0134,LOC0020,ORD00048160,,2025-04-06,,missing_value
RAT0024748,CUST0029002,ITEM0129,LOC0001,ORD00046275,5,2025-04-06,,orphan_foreign_key
RAT0024755,CUST0019112,ITEM0048,LOC0017,ORD00048280,,2025-04-06,,missing_value
RAT0024762,CUST0033324,ITEM0138,LOC0025,ORD00048670,3,2025-04-06,,orphan_foreign_key
RAT0024780,CUST0032650,ITEM0149,LOC0022,ORD00048392,6,2025-04-06,,invalid_rating
RAT0024785,CUST0045641,ITEM0048,LOC0009,ORD00048297,4,2027-11-05,,invalid_date
RAT0024799,CUST0006243,ITEM0151,LOC4851,ORD00047832,4,2025-04-06,,invalid_restaurant_id
RAT0024816,CUST0025677,,LOC0014,ORD00048526,55,2025-04-06,,invalid_rating
RAT0024840,CUST0026953,ITEM0055,LOC0005,ORD00048958,4,2025-04-07,,orphan_foreign_key
RAT0024848,CUST0003454,ITEM0117,LOC0001,ORD00048757,,2025-04-07,,missing_value
RAT0024849,CUST0052526,ITEM0077,LOC0007,ORD00047755,5,2025-04-07,"Excellent, loved it!",orphan_foreign_key
RAT0024853,CUST0042231,ITEM0036,LOC5678,ORD00047505,5,2025-04-07,,invalid_restaurant_id
RAT0024885,CUST0014809,,LOC0012,ORD00048128,,2025-04-07,Perfect taste and quick service.,missing_value
RAT0024887,CUST0035067,ITEM0135,LOC0012,ORD00048802,,2025-04-07,,missing_value
RAT0024898,CUST0012072,ITEM0067,LOC0023,ORD00048982,4,2025-04-07,Enjoyed the meal.,orphan_foreign_key
RAT0024902,CUST0031554,ITEM0136,LOC7536,ORD00048684,3,2025-04-07,"Taste was fine, packaging poor.",invalid_restaurant_id
RAT0024937,CUST0007221,ITEM0055,LOC0025,ORD00049014,,2025-04-07,,missing_value
RAT0024946,CUST0008412,ITEM0133,LOC0018,ORD00048375,3,2025-04-07,,orphan_foreign_key
RAT0024947,CUST0028444,ITEM0011,LOC0019,ORD00047523,,2025-04-07,,missing_value
RAT0024957,CUST9226778,ITEM0060,LOC0017,ORD00046646,4,2025-04-07,"Good food, will order again.",orphan_foreign_key
RAT0024973,CUST0036364,,LOC0002,ORD00046966,4,2025-04-07,,orphan_foreign_key
RAT0024992,CUST0053105,ITEM0075,LOC0003,ORD00049044,,2025-04-07,Decent but overpriced.,missing_value
RAT0025036,CUST0012749,ITEM0036,LOC1961,ORD00048224,4,2025-04-07,,invalid_restaurant_id
RAT0025037,CUST0023242,,LOC0003,ORD00048881,4,2025-04-07,"Good food, will order again.",orphan_foreign_key
RAT0025041,CUST0010466,ITEM0003,LOC0016,ORD00048705,4,2025-04-07,,orphan_foreign_key
RAT0025054,CUST0052755,ITEM0160,LOC0015,ORD00049101,4,2025-04-07,,orphan_foreign_key
RAT0025089,CUST0052002,ITEM0132,LOC0011,ORD00048834,-1,2025-04-07,,invalid_rating
RAT0025114,CUST0047537,ITEM0012,LOC0023,ORD00048200,4,2025-04-08,,orphan_foreign_key
RAT0025123,CUST0042985,ITEM0109,LOC0002,ORD00048290,4,2025-04-08,,orphan_foreign_key
RAT0025127,CUST0027573,ITEM0046,LOC0013,ORD00049402,3,2025-04-08,,orphan_foreign_key
RAT0025140,CUST0033115,ITEM0148,LOC0013,ORD00048511,4,2025-04-08,,orphan_foreign_key
RAT0025152,CUST0027573,ITEM0031,LOC0013,ORD00049402,5,2025-04-08,,orphan_foreign_key
RAT0025177,CUST0044720,,LOC0012,ORD00049394,55,2025-04-08,,invalid_rating
RAT0025186,CUST0014053,ITEM0151,LOC0010,ORD00048255,,2025-04-08,,missing_value
RAT0025217,CUST0380355,ITEM0058,LOC0022,ORD00049443,4,2025-04-08,,orphan_foreign_key
RAT0025219,CUST0000945,ITEM0047,LOC0014,ORD00047065,,2025-04-08,,missing_value
RAT0025223,CUST0040233,ITEM0092,LOC0015,ORD00049467,3,2025-04-08,,orphan_foreign_key
RAT0025237,CUST0003001,ITEM0020,LOC0014,ORD00049374,4,2025-04-08,,orphan_foreign_key
RAT0025261,CUST0008807,ITEM0152,LOC0003,ORD00049354,3,2025-04-08,"Taste was fine, packaging poor.",orphan_foreign_key
RAT0025263,CUST0040233,ITEM0050,LOC0015,ORD00049467,4,2025-04-08,,orphan_foreign_key
RAT0025265,CUST0038006,ITEM0136,LOC0025,ORD00048504,4,2025-04-08,Enjoyed the meal.,orphan_foreign_key
RAT0025274,CUST0054875,ITEM0029,LOC0010,ORD00047817,6,2025-04-08,Tasty and fresh.,invalid_rating
RAT0025299,CUST0014273,ITEM0020,LOC0018,ORD00048972,,2025-04-08,,missing_value
RAT0025301,CUST0038375,ITEM0137,LOC0005,ORD00048963,5,2025-04-08,,orphan_foreign_key
RAT0025316,CUST0037248,ITEM0069,LOC0010,ORD00048981,3,2025-04-08,,orphan_foreign_key
RAT0025319,CUST0042985,ITEM0048,LOC0002,ORD00048290,4,2025-04-08,,orphan_foreign_key
RAT0025329,CUST0005220,ITEM0155,LOC0023,ORD00047520,3,2025-04-08,Good taste but late delivery.,orphan_foreign_key
RAT0025341,CUST0047838,ITEM0001,LOC0014,ORD00046995,3,2025-04-09,Decent but overpriced.,orphan_foreign_key
RAT0025365,CUST0047035,ITEM0066,LOC0011,ORD00048096,,2025-04-09,Perfect taste and quick service.,missing_value
RAT0025377,CUST0032186,ITEM0069,LOC0018,ORD00049153,,2025-04-09,,missing_value
RAT0025381,CUST0011962,,LOC0008,ORD00049301,5,2025-04-09,,orphan_foreign_key
RAT0025395,CUST0003714,ITEM0158,LOC0014,ORD00049756,,2025-04-09,,missing_value
RAT0025412,CUST0038207,ITEM0150,LOC1953,ORD00045619,3,2025-04-09,,invalid_restaurant_id
RAT0025443,CUST0041747,ITEM0048,LOC0004,ORD00048478,,2025-04-09,Tasty and fresh.,missing_value
RAT0025446,CUST0596257,ITEM0071,LOC0004,ORD00049558,3,2025-04-09,,orphan_foreign_key
RAT0025487,CUST0039871,,LOC0001,ORD00049440,3,2025-04-09,,orphan_foreign_key
RAT0025488,CUST0002577,ITEM0019,LOC0009,ORD00049687,,2025-04-09,Nice ambience and good service.,missing_value
RAT0025501,CUST0027337,ITEM0138,LOC0023,ORD00049709,4,1900-01-01,Enjoyed the meal.,invalid_date
RAT0025524,CUST0026953,ITEM0068,LOC0005,ORD00048958,3,2025-04-09,,orphan_foreign_key
RAT0025527,CUST0038000,ITEM0029,LOC0002,ORD00047254,,2025-04-09,Nice ambience and good service.,missing_value
RAT0025555,CUST0023242,ITEM0035,LOC0003,ORD00048881,4,2025-04-10,,orphan_foreign_key
RAT0025590,CUST0040001,,LOC0002,ORD00049233,4,2025-04-10,,orphan_foreign_key
RAT0025591,CUST0027538,ITEM0134,LOC0015,ORD00050012,-1,2025-04-10,Best in town.,invalid_rating
RAT0025600,CUST0015291,ITEM0157,LOC0025,ORD00050271,-1,2025-04-10,,invalid_rating
RAT0025605,CUST0041356,ITEM0014,LOC0013,ORD00049271,4,1970-01-01,Nice ambience and good service.,invalid_date
RAT0025615,CUST0052602,ITEM0138,LOC0024,ORD00050025,,2025-04-10,,missing_value
RAT0025634,CUST0035984,ITEM0058,LOC2697,ORD00050218,4,2025-04-10,,invalid_restaurant_id
RAT0025652,CUST0032887,ITEM0137,LOC0014,ORD00049775,,2025-04-10,Service was slow.,missing_value
RAT0025656,CUST0010429,ITEM0081,LOC0015,ORD00049529,3,2025-04-10,"Average, nothing special.",orphan_foreign_key
RAT0025673,CUST0036196,ITEM0057,LOC0017,ORD00049639,4,2025-04-10,,orphan_foreign_key
RAT0025682,CUST0010127,ITEM0068,LOC0001,ORD00049741,,2025-04-10,"Taste was fine, packaging poor.",missing_value
RAT0025694,CUST0045129,ITEM0157,LOC0005,ORD00049386,5,2031-07-22,,invalid_date
RAT0025702,CUST0031161,ITEM0057,LOC0008,ORD00049518,,2025-04-10,,missing_value
RAT0025705,CUST0011954,ITEM0124,LOC0024,ORD00049956,3,2025-04-10,,orphan_foreign_key
RAT0025723,CUST0037248,ITEM0045,LOC0010,ORD00048981,10,2025-04-10,,invalid_rating
RAT0025751,CUST0046454,ITEM0151,LOC0012,ORD00049920,3,2025-04-10,,orphan_foreign_key
RAT0025779,CUST0024080,ITEM0159,LOC0001,ORD00050645,3,2025-04-11,,orphan_foreign_key
RAT0025787,CUST0033373,ITEM0126,LOC0017,ORD00050480,7,2025-04-11,,invalid_rating
RAT0025826,CUST0039634,ITEM0027,LOC0020,ORD00050469,7,2025-04-11,,invalid_rating
RAT0025831,CUST0039634,ITEM0134,LOC0020,ORD00050469,4,2025-04-11,Enjoyed the meal.,orphan_foreign_key
RAT0025864,CUST0050735,ITEM0063,LOC0016,ORD00049907,-1,2025-04-11,,invalid_rating
RAT0025924,CUST0030378,ITEM0121,LOC0023,ORD00050543,10,2025-04-11,,invalid_rating
RAT0025931,CUST0007336,ITEM0054,LOC0013,ORD00050192,,2025-04-11,,missing_value
RAT0025965,CUST0022385,ITEM0130,LOC0014,ORD00050170,4,2025-04-11,Tasty and fresh.,orphan_foreign_key
RAT0025978,CUST0030773,,LOC0001,ORD00050619,4,2025-04-11,Nice ambience and good service.,orphan_foreign_key
RAT0025990,CUST0028681,ITEM0065,LOC6932,ORD00050527,4,2025-04-11,,invalid_restaurant_id
RAT0025994,CUST0035822,ITEM0142,LOC0014,ORD00050700,,2025-04-11,,missing_value
RAT0025998,CUST0011854,ITEM0058,LOC0008,ORD00050485,5,2025-04-11,,orphan_foreign_key
RAT0026017,CUST0013113,ITEM0137,LOC0004,ORD00050409,,2025-04-11,,missing_value
RAT0026020,CUST0007913,ITEM0001,LOC0019,ORD00050116,4,2025-04-11,Good value for money.,orphan_foreign_key
RAT0026042,CUST0004414,,LOC0015,ORD00050470,,2025-04-12,Good value for money.,missing_value
RAT0026055,CUST0011854,ITEM0055,LOC0008,ORD00050485,,2025-04-12,,missing_value
RAT0026072,CUST0039653,ITEM0056,LOC0010,ORD00051327,3,2025-04-12,,orphan_foreign_key
RAT0026083,CUST0023899,ITEM0058,LOC3322,ORD00050760,3,2025-04-12,It was okay.,invalid_restaurant_id
RAT0026107,CUST0028357,ITEM0046,LOC0013,ORD00050145,4,,Tasty and fresh.,invalid_date
RAT0026115,CUST0039634,,LOC0020,ORD00050469,4,2025-04-12,,orphan_foreign_key
RAT0026124,CUST0010364,ITEM0136,LOC0025,ORD00050862,2,2025-04-12,Below average taste.,orphan_foreign_key
RAT0026128,CUST0001496,ITEM0074,LOC0019,ORD00049917,55,2025-04-12,,invalid_rating
RAT0026136,CUST0040140,ITEM0151,LOC0020,ORD00050864,4,2025-04-12,"Good food, will order again.",orphan_foreign_key
RAT0026162,CUST0594977,ITEM0124,LOC0019,ORD00050939,4,2025-04-12,,orphan_foreign_key
RAT0026163,CUST0051832,,LOC1408,ORD00050870,4,2025-04-12,,invalid_restaurant_id
RAT0026171,CUST0052890,ITEM0073,LOC0011,ORD00051149,55,2025-04-12,It was okay.,invalid_rating
RAT0026184,CUST0016145,ITEM0068,LOC0003,ORD00050992,6,2025-04-12,,invalid_rating
RAT0026186,CUST0037078,ITEM0067,LOC0018,ORD00047790,,2025-04-12,,missing_value
RAT0026195,CUST0020773,ITEM0062,LOC0002,ORD00051339,,2025-04-12,Best in town.,missing_value
RAT0026203,CUST0023280,,LOC0023,ORD00050497,,2025-04-12,,missing_value
RAT0026221,CUST0054275,ITEM0137,LOC0004,ORD00051016,-1,2025-04-12,,invalid_rating
RAT0026234,CUST0033233,ITEM0114,LOC0009,ORD00051032,4,2025-04-12,"Good food, will order again.",orphan_foreign_key
RAT0026235,CUST0029191,ITEM0135,LOC0020,ORD00051247,55,2025-04-12,,invalid_rating
RAT0026238,CUST0024080,ITEM0160,LOC0001,ORD00050645,4,2025-04-12,,orphan_foreign_key
RAT0026270,CUST0006085,ITEM0043,LOC0015,ORD00049999,,2025-04-12,,missing_value
RAT0026275,CUST0011854,ITEM0003,LOC0008,ORD00050485,4,2025-04-12,,orphan_foreign_key
RAT0026310,CUST0041896,,LOC0014,ORD00050908,3,2025-04-12,"Taste was fine, packaging poor.",orphan_foreign_key
RAT0026313,CUST0032025,,LOC0018,ORD00051326,,2025-04-12,,missing_value
RAT0026325,CUST0028416,ITEM0157,LOC0001,ORD00049803,,2025-04-13,,missing_value
RAT0026338,CUST0001543,ITEM0029,LOC0020,ORD00051900,7,2025-04-13,,invalid_rating
RAT0026355,CUST0039634,ITEM0112,LOC0020,ORD00050469,4,2025-04-13,,orphan_foreign_key
RAT0026381,CUST0053737,ITEM0109,LOC8660,ORD00051185,3,2025-04-13,,invalid_restaurant_id
RAT0026389,CUST0022727,ITEM0023,LOC0014,ORD00050249,,2025-04-13,,missing_value
RAT0026407,CUST3818291,,LOC0003,ORD00050989,3,2025-04-13,,orphan_foreign_key
RAT0026409,CUST0012509,ITEM0041,LOC0005,ORD00051557,,2025-04-13,"Taste was fine, packaging poor.",missing_value
RAT0026424,CUST0016113,ITEM0046,LOC0022,ORD00051332,4,,Enjoyed the meal.,invalid_date
RAT0026447,CUST0037294,ITEM0085,LOC0017,ORD00051513,6,2025-04-13,,invalid_rating
RAT0026461,CUST0021723,ITEM0068,LOC0005,ORD00051409,,2025-04-13,,missing_value
RAT0026498,CUST8719469,ITEM0152,LOC0001,ORD00050448,4,2025-04-13,"Good food, will order again.",orphan_foreign_key
RAT0026517,CUST0050186,,LOC0007,ORD00051519,3,2025-04-13,"Average, nothing special.",orphan_foreign_key
RAT0026520,CUST0027741,,LOC0018,ORD00051186,,2025-04-13,,missing_value
RAT0026531,CUST0042197,ITEM0001,LOC0025,ORD00049657,10,2025-04-13,Portion was too small.,invalid_rating
RAT0026545,CUST0030773,ITEM0041,LOC0001,ORD00050619,3,2025-04-13,It was okay.,orphan_foreign_key
RAT0026598,CUST3458962,ITEM0143,LOC0025,ORD00051629,3,2025-04-13,Decent but overpriced.,orphan_foreign_key
RAT0026600,CUST0045758,ITEM0113,LOC0003,ORD00051605,4,2025-04-13,,orphan_foreign_key
RAT0026607,CUST0031486,ITEM0023,LOC0019,ORD00051660,3,2025-04-14,,orphan_foreign_key
RAT0026614,CUST0018118,ITEM0104,LOC0016,ORD00051590,4,2025-04-14,,orphan_foreign_key
RAT0026624,CUST0001520,ITEM0074,LOC0001,ORD00052203,3,2025-04-14,,orphan_foreign_key
RAT0026625,CUST0033324,ITEM0057,LOC0025,ORD00052191,4,2025-04-14,Tasty and fresh.,orphan_foreign_key
RAT0026642,CUST0013251,ITEM0021,LOC0009,ORD00052279,4,2025-04-14,"Good food, will order again.",orphan_foreign_key
RAT0026654,CUST0005300,ITEM0113,LOC0010,ORD00052105,3,2025-04-14,Decent but overpriced.,orphan_foreign_key
RAT0026657,CUST4796807,ITEM0074,LOC0022,ORD00050972,5,2025-04-14,,orphan_foreign_key
RAT0026685,CUST0011990,ITEM0013,LOC0012,ORD00052266,4,2025-04-14,Good value for money.,orphan_foreign_key
RAT0026690,CUST0005101,ITEM0068,LOC7278,ORD00052006,4,2025-04-14,Enjoyed the meal.,invalid_restaurant_id
RAT0026691,CUST0009828,ITEM0122,LOC0016,ORD00051460,3,2025-04-14,"Taste was fine, packaging poor.",orphan_foreign_key
RAT0026708,CUST0015406,,LOC0001,ORD00052102,3,2025-04-14,,orphan_foreign_key
RAT0026727,CUST0006116,,LOC9342,ORD00051065,4,2025-04-14,,invalid_restaurant_id
RAT0026732,CUST0043844,ITEM0064,LOC0016,ORD00051785,5,2025-04-14,,orphan_foreign_key
RAT0026744,CUST0035548,ITEM0160,LOC0018,ORD00051375,6,2025-04-14,"Average, nothing special.",invalid_rating
RAT0026752,CUST0041441,ITEM0026,LOC0001,ORD00051471,,2025-04-14,,missing_value
RAT0026754,CUST0033324,ITEM0045,LOC0025,ORD00052191,5,2025-04-14,Best in town.,orphan_foreign_key
RAT0026758,CUST0000427,ITEM0093,LOC0023,ORD00050008,6,2025-04-14,,invalid_rating
RAT0026769,CUST0027482,ITEM0066,LOC0009,ORD00052162,7,2025-04-14,Enjoyed the meal.,invalid_rating
RAT0026787,CUST0027573,ITEM0041,LOC0013,ORD00052082,4,2025-04-14,,orphan_foreign_key
RAT0026795,CUST0034995,ITEM0081,LOC0008,ORD00052024,-1,2025-04-14,,invalid_rating
RAT0026796,CUST0052995,ITEM0106,LOC0011,ORD00052181,-1,2025-04-14,,invalid_rating
RAT0026803,CUST0040501,ITEM0134,LOC0023,ORD00051995,,2025-04-14,Good value for money.,missing_value
RAT0026819,CUST0036491,ITEM0071,LOC0020,ORD00052046,3,2025-04-14,"Taste was fine, packaging poor.",orphan_foreign_key
RAT0026827,CUST0004178,ITEM0148,LOC0002,ORD00051507,0,2025-04-14,"Taste was fine, packaging poor.",invalid_rating
RAT0026848,CUST0006945,ITEM0005,LOC0020,ORD00052628,4,2025-04-15,,orphan_foreign_key
RAT0026871,CUST2618916,ITEM0129,LOC0009,ORD00051869,4,2025-04-15,,orphan_foreign_key
RAT0026893,CUST0029188,ITEM0057,LOC0017,ORD00052700,4,2025-04-15,,orphan_foreign_key
RAT0026901,CUST0016537,ITEM0148,LOC0006,ORD00052301,4,2025-04-15,"Good food, will order again.",orphan_foreign_key
RAT0026934,CUST0004046,ITEM0121,LOC0021,ORD00051696,,2025-04-15,,missing_value
RAT0026941,CUST0039653,ITEM0135,LOC0010,ORD00051327,2,2025-04-15,,orphan_foreign_key
RAT0026949,CUST0005300,ITEM0100,LOC0010,ORD00052313,3,2025-04-15,,orphan_foreign_key
RAT0026969,CUST0049615,,LOC0012,ORD00050997,3,2025-04-15,,orphan_foreign_key
RAT0026981,CUST0040705,ITEM0027,LOC0004,ORD00052670,10,2025-04-15,,invalid_rating
RAT0026997,CUST0032054,ITEM0154,LOC0017,ORD00052118,3,2025-04-15,,orphan_foreign_key
RAT0027009,CUST0043646,,LOC0004,ORD00052545,3,2025-04-15,,orphan_foreign_key
RAT0027023,CUST0009263,,LOC0003,ORD00052538,4,2025-04-15,,orphan_foreign_key
RAT0027025,CUST0002965,ITEM0012,LOC8305,ORD00052536,3,2025-04-15,,invalid_restaurant_id
RAT0027039,CUST0038819,ITEM0136,LOC0012,ORD00051709,3,2025-04-15,,orphan_foreign_key
RAT0027040,CUST0042424,,LOC0017,ORD00050651,2,2025-04-15,,orphan_foreign_key
RAT0027060,CUST0029732,,LOC0012,ORD00052377,,2025-04-15,Tasty and fresh.,missing_value
RAT0027064,CUST0032911,ITEM0081,LOC0001,ORD00051928,,2025-04-15,,missing_value
RAT0027096,CUST0013403,ITEM0081,LOC0018,ORD00052907,4,2025-04-16,,orphan_foreign_key
RAT0027099,CUST0033324,ITEM0041,LOC0025,ORD00052191,3,2025-04-16,Good taste but late delivery.,orphan_foreign_key
RAT0027104,CUST0007197,ITEM0023,LOC0002,ORD00053050,4,,Good value for money.,invalid_date
RAT0027132,CUST0024895,ITEM0138,LOC0013,ORD00052617,2,2025-04-16,,orphan_foreign_key
RAT0027176,CUST0046603,ITEM0151,LOC0008,ORD00053013,5,2025-04-16,"Excellent, loved it!",orphan_foreign_key
RAT0027177,CUST0030551,ITEM0081,LOC0015,ORD00053008,0,2025-04-16,,invalid_rating
RAT0027181,CUST0051854,ITEM0135,LOC0008,ORD00052925,5,2025-04-16,,orphan_foreign_key
RAT0027183,CUST0013403,ITEM0076,LOC0018,ORD00052907,4,2025-04-16,,orphan_foreign_key
RAT0027185,CUST0048755,ITEM0066,LOC0005,ORD00051980,3,2025-04-16,It was okay.,orphan_foreign_key
RAT0027199,CUST0042388,ITEM0136,LOC2412,ORD00052079,4,2025-04-16,,invalid_restaurant_id
RAT0027202,CUST0037368,ITEM0048,LOC0023,ORD00052930,5,2025-04-16,,orphan_foreign_key
RAT0027228,CUST0031018,ITEM0068,LOC0004,ORD00053003,7,2025-04-16,It was okay.,invalid_rating
RAT0027260,CUST0012568,ITEM0046,LOC0023,ORD00052320,,2025-04-16,,missing_value
RAT0027287,CUST0038330,,LOC0001,ORD00052632,,2025-04-16,Amazing food and friendly staff.,missing_value
RAT0027301,CUST0019107,ITEM0068,LOC0008,ORD00053157,0,2025-04-16,,invalid_rating
RAT0027318,CUST0041337,ITEM0020,LOC0012,ORD00052381,4,1970-01-01,,invalid_date
RAT0027321,CUST0042976,ITEM0045,LOC0013,ORD00052085,10,2025-04-16,Good taste but late delivery.,invalid_rating
RAT0027329,CUST0024326,ITEM0155,LOC0005,ORD00051287,3,2025-04-16,It was okay.,orphan_foreign_key
RAT0027332,CUST0007533,,LOC0013,ORD00052663,,2025-04-16,,missing_value
RAT0027352,CUST1058266,ITEM0135,LOC0021,ORD00053272,5,2025-04-17,Highly recommended.,orphan_foreign_key
RAT0027355,CUST0036847,ITEM0087,LOC0003,ORD00052981,3,2025-04-17,,orphan_foreign_key
RAT0027381,CUST0037368,ITEM0152,LOC0023,ORD00052930,3,2025-04-17,,orphan_foreign_key
RAT0027385,CUST0033458,ITEM0045,LOC0023,ORD00053314,5,2025-04-17,,orphan_foreign_key
RAT0027386,CUST0048216,ITEM0012,LOC0012,ORD00053208,3,2025-04-17,,orphan_foreign_key
RAT0027398,CUST0044448,ITEM0133,LOC0002,ORD00053351,3,2025-04-17,,orphan_foreign_key
RAT0027399,CUST0015663,ITEM0051,LOC0014,ORD00053392,4,2025-04-17,"Good food, will order again.",orphan_foreign_key
RAT0027419,CUST0019651,ITEM0093,LOC0004,ORD00053477,3,2025-04-17,,orphan_foreign_key
RAT0027430,CUST0053534,ITEM0151,LOC0008,ORD00053285,55,2025-04-17,"Taste was fine, packaging poor.",invalid_rating
RAT0027434,CUST0007723,ITEM0041,LOC0023,ORD00053333,7,2025-04-17,,invalid_rating
RAT0027436,CUST0007986,ITEM0088,LOC0020,ORD00053452,4,2025-04-17,,orphan_foreign_key
RAT0027446,CUST0041284,,LOC0022,ORD00053255,0,2025-04-17,,invalid_rating
RAT0027481,CUST0041849,ITEM0081,LOC0007,ORD00053024,,2025-04-17,,missing_value
RAT0027488,CUST0023811,ITEM0151,LOC2839,ORD00051708,3,2025-04-17,,invalid_restaurant_id
RAT0027489,CUST0029380,ITEM0045,LOC0013,ORD00053202,4,,,invalid_date
RAT0027501,CUST0048216,ITEM0021,LOC0012,ORD00053208,4,2025-04-17,,orphan_foreign_key
RAT0027537,CUST0041072,ITEM0081,LOC0005,ORD00053674,4,2025-04-17,Nice ambience and good service.,orphan_foreign_key
RAT0027539,CUST0045635,,LOC0003,ORD00052633,,2025-04-17,,missing_value
RAT0027547,CUST0053758,,LOC0013,ORD00053532,,2025-04-17,,missing_value
RAT0027552,CUST0038853,ITEM0048,LOC0007,ORD00050967,,2025-04-17,,missing_value
RAT0027560,CUST0037368,ITEM0073,LOC0023,ORD00052930,2,2025-04-17,Portion was too small.,orphan_foreign_key
RAT0027618,CUST0042038,ITEM0121,LOC0308,ORD00053662,3,2025-04-18,,invalid_restaurant_id
RAT0027626,CUST0038888,ITEM0038,LOC0001,ORD00053900,0,2025-04-18,,invalid_rating
RAT0027645,CUST0020426,ITEM0134,LOC0009,ORD00053959,4,2025-04-18,,orphan_foreign_key
RAT0027652,CUST0038888,,LOC0001,ORD00053900,,2025-04-18,,missing_value
RAT0027657,CUST0016989,,LOC0009,ORD00052626,,2025-04-18,It was okay.,missing_value
RAT0027659,CUST0015663,ITEM0057,LOC0014,ORD00053392,4,2025-04-18,,orphan_foreign_key
RAT0027685,CUST0036077,ITEM0066,LOC0006,ORD00053331,,2025-04-18,Enjoyed the meal.,missing_value
RAT0027688,CUST0033751,,LOC0023,ORD00053288,4,2025-04-18,,orphan_foreign_key
RAT0027706,CUST0022229,ITEM0109,LOC0002,ORD00053710,-1,2025-04-18,,invalid_rating
RAT0027720,CUST0049825,ITEM0124,LOC0025,ORD00054031,4,2025-04-18,,orphan_foreign_key
RAT0027741,CUST0019651,,LOC0004,ORD00053477,3,2025-04-18,,orphan_foreign_key
RAT0027743,CUST0004122,ITEM0013,LOC0019,ORD00053714,3,2025-04-18,,orphan_foreign_key
RAT0027750,CUST2055344,ITEM0122,LOC0006,ORD00053543,3,2025-04-18,,orphan_foreign_key
RAT0027807,CUST0023522,ITEM0062,LOC0020,ORD00053377,5,2025-04-18,Highly recommended.,orphan_foreign_key
RAT0027811,CUST0040969,ITEM0057,LOC0013,ORD00053393,,2025-04-18,,missing_value
RAT0027829,CUST0007986,ITEM0046,LOC0020,ORD00053452,4,2025-04-18,,orphan_foreign_key
RAT0027831,CUST0014405,ITEM0044,LOC0007,ORD00052766,4,2025-04-18,,orphan_foreign_key
RAT0027855,CUST0024429,ITEM0081,LOC0011,ORD00053937,3,2025-04-18,"Average, nothing special.",orphan_foreign_key
RAT0027861,CUST8080252,ITEM0082,LOC0004,ORD00054214,3,2025-04-18,,orphan_foreign_key
RAT0027876,CUST0023522,ITEM0046,LOC0020,ORD00053377,3,2025-04-19,,orphan_foreign_key
RAT0027882,CUST0052071,ITEM0138,LOC0018,ORD00053041,4,2025-04-19,,orphan_foreign_key
RAT0027892,CUST0033576,ITEM0081,LOC0019,ORD00054491,7,2025-04-19,Not fresh.,invalid_rating
RAT0027929,CUST0023167,ITEM0020,LOC0020,ORD00054278,,2025-04-19,,missing_value
RAT0027939,CUST0018373,ITEM0049,LOC0025,ORD00054495,5,2025-04-19,,orphan_foreign_key
RAT0027940,CUST0031995,ITEM0066,LOC0018,ORD00054974,4,2025-04-19,,orphan_foreign_key
RAT0027941,CUST0028661,ITEM0077,LOC0021,ORD00054394,4,2025-04-19,,orphan_foreign_key
RAT0027971,CUST0015297,ITEM0151,LOC0003,ORD00054919,7,2025-04-19,It was okay.,invalid_rating
RAT0027996,CUST0035984,ITEM0076,LOC0001,ORD00054618,3,2025-04-19,Good taste but late delivery.,orphan_foreign_key
RAT0028002,CUST0041474,ITEM0159,LOC0017,ORD00054604,7,2025-04-19,"Average, nothing special.",invalid_rating
RAT0028011,CUST0025317,ITEM0064,LOC0005,ORD00055019,3,2025-04-19,"Taste was fine, packaging poor.",orphan_foreign_key
RAT0028029,CUST0021328,,LOC0007,ORD00054924,4,2025-04-19,Good value for money.,orphan_foreign_key
RAT0028040,CUST0040105,,LOC0014,ORD00054513,5,1900-01-01,,invalid_date
RAT0028047,CUST0031995,ITEM0036,LOC0018,ORD00054974,5,2025-04-19,,orphan_foreign_key
RAT0028049,CUST0027829,ITEM0145,LOC0016,ORD00054901,5,2025-04-19,Best in town.,orphan_foreign_key
RAT0028070,CUST0051854,ITEM0075,LOC0008,ORD00052925,4,2025-04-19,,orphan_foreign_key
RAT0028087,CUST0028661,ITEM0065,LOC0021,ORD00054771,4,2025-04-19,,orphan_foreign_key
RAT0028089,CUST3610201,ITEM0066,LOC0001,ORD00054668,4,2025-04-19,Good value for money.,orphan_foreign_key
RAT0028091,CUST0004090,,LOC0001,ORD00054890,3,2025-04-19,,orphan_foreign_key
RAT0028097,CUST0011464,ITEM0135,LOC0014,ORD00054548,4,2025-04-19,,orphan_foreign_key
RAT0028117,CUST0018373,ITEM0020,LOC0025,ORD00054495,3,2025-04-19,Good taste but late delivery.,orphan_foreign_key
RAT0028131,CUST0029997,ITEM0050,LOC0003,ORD00052897,6,2025-04-19,Good taste but late delivery.,invalid_rating
RAT0028135,CUST0031721,,LOC0012,ORD00053555,3,2025-04-19,,orphan_foreign_key
RAT0028137,CUST0043790,ITEM0051,LOC0025,ORD00053818,,2025-04-19,,missing_value
RAT0028148,CUST0001381,,LOC0009,ORD00054960,3,2025-04-19,,orphan_foreign_key
RAT0028178,CUST0019424,ITEM0053,LOC0016,ORD00054365,,2025-04-19,,missing_value
RAT0028181,CUST0011977,ITEM0059,LOC0023,ORD00054287,55,2025-04-19,,invalid_rating
RAT0028204,CUST0031995,ITEM0141,LOC0018,ORD00054974,1,2025-04-19,,orphan_foreign_key
RAT0028209,CUST0018373,ITEM0137,LOC0025,ORD00054495,4,2025-04-19,Enjoyed the meal.,orphan_foreign_key
RAT0028234,CUST0014165,,LOC0017,ORD00054642,,2025-04-20,,missing_value
RAT0028263,CUST0024429,ITEM0057,LOC0011,ORD00053937,4,2025-04-20,,orphan_foreign_key
RAT0028302,CUST0035984,ITEM0085,LOC0001,ORD00054618,3,2025-04-20,,orphan_foreign_key
RAT0028311,CUST0053884,,LOC0024,ORD00053977,,2025-04-20,,missing_value
RAT0028319,CUST0009501,ITEM0023,LOC0005,ORD00054805,,2025-04-20,,missing_value
RAT0028324,CUST0006327,ITEM0033,LOC0006,ORD00053344,4,2025-04-20,Nice ambience and good service.,orphan_foreign_key
RAT0028325,CUST0050129,ITEM0074,LOC0006,ORD00054231,55,2025-04-20,,invalid_rating
RAT0028326,CUST0003906,ITEM0148,LOC0009,ORD00055390,,2025-04-20,,missing_value
RAT0028342,CUST0021328,ITEM0113,LOC0007,ORD00054924,3,2025-04-20,,orphan_foreign_key
RAT0028353,CUST0006068,ITEM0041,LOC0005,ORD00055094,3,2025-04-20,,orphan_foreign_key
RAT0028355,CUST0026801,ITEM0125,LOC0019,ORD00055275,10,2025-04-20,It was okay.,invalid_rating
RAT0028369,CUST0037413,ITEM0057,LOC0019,ORD00054916,4,2025-04-20,,orphan_foreign_key
RAT0028370,CUST0016590,ITEM0048,LOC0023,ORD00053792,4,2099-12-31,Nice ambience and good service.,invalid_date
RAT0028393,CUST0052661,ITEM0040,LOC0010,ORD00054577,4,2025-04-20,Tasty and fresh.,orphan_foreign_key
RAT0028401,CUST0033135,ITEM0138,LOC0025,ORD00055618,6,2025-04-20,,invalid_rating
RAT0028442,CUST0047662,ITEM0045,LOC0018,ORD00055189,4,,,invalid_date
RAT0028475,CUST0040618,,LOC0018,ORD00051938,5,2025-04-20,,orphan_foreign_key
RAT0028498,CUST0001739,ITEM0068,LOC4076,ORD00054368,3,2025-04-20,,invalid_restaurant_id
RAT0028547,CUST0011889,ITEM0040,LOC0024,ORD00055684,,2025-04-20,Tasty and fresh.,missing_value
RAT0028555,CUST0043043,ITEM0032,LOC0012,ORD00054481,2,2025-04-20,Below average taste.,orphan_foreign_key
RAT0028571,CUST0052661,ITEM0152,LOC0010,ORD00054577,4,2025-04-20,,orphan_foreign_key
RAT0028584,CUST0009024,ITEM0148,LOC0015,ORD00054080,,2025-04-20,,missing_value
RAT0028599,CUST0023654,,LOC0020,ORD00056072,3,2025-04-21,"Taste was fine, packaging poor.",orphan_foreign_key
RAT0028608,CUST0025317,ITEM0020,LOC0005,ORD00055019,4,2025-04-21,,orphan_foreign_key
RAT0028624,CUST0032490,ITEM0148,LOC0022,ORD00055632,3,2025-04-21,,orphan_foreign_key
RAT0028626,CUST0023654,ITEM0075,LOC0020,ORD00056072,3,2025-04-21,Good taste but late delivery.,orphan_foreign_key
RAT0028628,CUST0029191,ITEM0133,LOC0020,ORD00052979,5,2025-04-21,Highly recommended.,orphan_foreign_key
RAT0028629,CUST0045533,,LOC0004,ORD00055929,,2025-04-21,,missing_value
RAT0028633,CUST0006610,ITEM0045,LOC0022,ORD00055309,55,2025-04-21,,invalid_rating
RAT0028638,CUST0026700,,LOC0004,ORD00055875,4,2025-04-21,,orphan_foreign_key
RAT0028641,CUST0050526,ITEM0087,LOC0014,ORD00053877,5,1970-01-01,Best in town.,invalid_date
RAT0028669,CUST0040426,ITEM0098,LOC0007,ORD00056019,5,2025-04-21,,orphan_foreign_key
RAT0028674,CUST0003773,ITEM0055,LOC0015,ORD00055758,4,2025-04-21,,orphan_foreign_key
RAT0028675,CUST0011464,ITEM0121,LOC0014,ORD00054548,4,2025-04-21,,orphan_foreign_key
RAT0028685,CUST0011674,ITEM0148,LOC0013,ORD00054594,,2025-04-21,,missing_value
RAT0028695,CUST0025886,ITEM0045,LOC0018,ORD00055724,55,2025-04-21,,invalid_rating
RAT0028711,CUST0031995,ITEM0137,LOC0018,ORD00054974,4,2025-04-21,,orphan_foreign_key
RAT0028717,CUST0008842,ITEM0057,LOC0018,ORD00055188,4,2025-04-21,,orphan_foreign_key
RAT0028727,CUST0011464,ITEM0090,LOC0014,ORD00054548,4,2025-04-21,,orphan_foreign_key
RAT0028742,CUST0034929,ITEM0151,LOC0002,ORD00055158,,2025-04-21,Tasty and fresh.,missing_value
RAT0028761,CUST0012593,ITEM0140,LOC0022,ORD00055268,4,2025-04-21,,orphan_foreign_key
RAT0028764,CUST0036364,ITEM0148,LOC0002,ORD00056014,6,2025-04-21,,invalid_rating
RAT0028771,CUST0043043,ITEM0131,LOC0012,ORD00054481,3,2025-04-21,,orphan_foreign_key
RAT0028775,CUST0019721,ITEM0058,LOC1844,ORD00055576,4,2025-04-21,Enjoyed the meal.,invalid_restaurant_id
RAT0028789,CUST0051318,ITEM0124,LOC0003,ORD00053944,,2025-04-21,,missing_value
RAT0028792,CUST0026771,ITEM0157,LOC0008,ORD00056035,3,1900-01-01,Good taste but late delivery.,invalid_date
RAT0028807,CUST0018895,ITEM0150,LOC0012,ORD00054493,3,2025-04-21,,orphan_foreign_key
RAT0028810,CUST0030558,ITEM0138,LOC8876,ORD00055075,4,2025-04-21,,invalid_restaurant_id
RAT0028815,CUST0042237,ITEM0148,LOC0011,ORD00055612,,2025-04-21,,missing_value
RAT0028852,CUST0026374,ITEM0068,LOC0024,ORD00055696,3,2025-04-21,,orphan_foreign_key
RAT0028864,CUST0044196,ITEM0134,LOC0017,ORD00055802,3,2025-04-21,,orphan_foreign_key
RAT0028872,CUST0003773,ITEM0142,LOC0015,ORD00055758,4,2025-04-21,Nice ambience and good service.,orphan_foreign_key
RAT0028875,CUST0036364,ITEM0141,LOC0002,ORD00056014,,2025-04-21,Took too long to arrive.,missing_value
RAT0028895,CUST0014187,ITEM0061,LOC0002,ORD00055886,2,2025-04-21,,orphan_foreign_key
RAT0028952,CUST0016586,ITEM0039,LOC0002,ORD00055088,,2025-04-22,,missing_value
RAT0028953,CUST0019363,ITEM0077,LOC0015,ORD00056320,-1,2025-04-22,,invalid_rating
RAT0028959,CUST0017220,ITEM0087,LOC0013,ORD00052736,5,2025-04-22,Amazing food and friendly staff.,orphan_foreign_key
RAT0028963,CUST0022212,ITEM0131,LOC0018,ORD00054954,3,2025-04-22,,orphan_foreign_key
RAT0028970,CUST0004148,ITEM0036,LOC9667,ORD00056152,4,2025-04-22,,invalid_restaurant_id
RAT0028984,CUST0006068,ITEM0141,LOC0005,ORD00055094,2,2025-04-22,Service was slow.,orphan_foreign_key
RAT0028993,CUST0034698,ITEM0126,LOC0017,ORD00056394,3,2025-04-22,,orphan_foreign_key
RAT0029000,CUST0041709,ITEM0139,LOC0013,ORD00056507,,2025-04-22,"Good food, will order again.",missing_value
RAT0029030,CUST0014187,ITEM0152,LOC0002,ORD00055886,4,2025-04-22,"Good food, will order again.",orphan_foreign_key
RAT0029032,CUST0034698,ITEM0020,LOC0017,ORD00056394,4,2025-04-22,Tasty and fresh.,orphan_foreign_key
RAT0029044,CUST0029613,,LOC9576,ORD00056519,3,2025-04-22,,invalid_restaurant_id
RAT0029092,CUST0031227,ITEM0048,LOC0008,ORD00056222,4,2025-04-22,Enjoyed the meal.,orphan_foreign_key
RAT0029101,CUST0000878,ITEM0054,LOC0013,ORD00055131,,2025-04-22,,missing_value
RAT0029102,CUST0005889,ITEM0023,LOC0017,ORD00056197,6,2025-04-22,Good value for money.,invalid_rating
RAT0029105,CUST0009701,,LOC0023,ORD00056026,,2025-04-22,Perfect taste and quick service.,missing_value
RAT0029136,CUST0003773,,LOC0015,ORD00055758,3,2025-04-23,"Average, nothing special.",orphan_foreign_key
RAT0029138,CUST0005859,ITEM0155,LOC0009,ORD00056930,3,2025-04-23,,orphan_foreign_key
RAT0029139,CUST0026434,,LOC0001,ORD00056651,-1,2025-04-23,,invalid_rating
RAT0029159,CUST0005763,ITEM0148,LOC0023,ORD00056648,,2025-04-23,,missing_value
RAT0029214,CUST0051018,ITEM0057,LOC0007,ORD00056538,5,2025-04-23,,orphan_foreign_key
RAT0029253,CUST0030742,,LOC0019,ORD00056982,55,2025-04-23,,invalid_rating
RAT0029254,CUST0544867,ITEM0032,LOC0012,ORD00056297,4,2025-04-23,"Good food, will order again.",orphan_foreign_key
RAT0029260,CUST0021176,ITEM0057,LOC0009,ORD00056619,,2025-04-23,,missing_value
RAT0029268,CUST4811243,ITEM0148,LOC0018,ORD00055159,3,2025-04-23,It was okay.,orphan_foreign_key
RAT0029297,CUST0023654,ITEM0014,LOC0020,ORD00056072,3,2025-04-23,Decent but overpriced.,orphan_foreign_key
RAT0029299,CUST0003773,ITEM0137,LOC0015,ORD00055758,4,2025-04-23,,orphan_foreign_key
RAT0029303,CUST0024275,,LOC0022,ORD00056914,4,2025-04-23,,orphan_foreign_key
RAT0029314,CUST0047685,ITEM0143,LOC0003,ORD00056730,7,2025-04-23,,invalid_rating
RAT0029337,CUST0033324,ITEM0085,LOC0025,ORD00056183,3,2025-04-23,,orphan_foreign_key
RAT0029348,CUST0054235,,LOC0017,ORD00056270,3,2025-04-23,,orphan_foreign_key
RAT0029375,CUST0016798,ITEM0151,LOC0007,ORD00055887,6,2025-04-23,,invalid_rating
RAT0029384,CUST0033324,ITEM0134,LOC4164,ORD00056183,3,2025-04-23,It was okay.,invalid_restaurant_id
RAT0029403,CUST0039896,,LOC0019,ORD00057490,3,2025-04-24,It was okay.,orphan_foreign_key
RAT0029404,CUST0017220,ITEM0031,LOC0015,ORD00057075,4,2025-04-24,,orphan_foreign_key
RAT0029459,CUST0042181,ITEM0041,LOC0020,ORD00056936,55,2025-04-24,,invalid_rating
RAT0029464,CUST0047191,ITEM0142,LOC0004,ORD00056962,4,2025-04-24,,orphan_foreign_key
RAT0029475,CUST0051018,ITEM0023,LOC0007,ORD00056538,3,2025-04-24,,orphan_foreign_key
RAT0029499,CUST0037971,ITEM0004,LOC0018,ORD00056725,3,2025-04-24,,orphan_foreign_key
RAT0029500,CUST0028859,ITEM0050,LOC3198,ORD00057168,5,2025-04-24,,invalid_restaurant_id
RAT0029501,CUST4526895,,LOC0024,ORD00057282,3,2025-04-24,,orphan_foreign_key
RAT0029505,CUST0027532,ITEM0086,LOC5965,ORD00057443,3,2025-04-24,,invalid_restaurant_id
RAT0029507,CUST0039896,ITEM0060,LOC0019,ORD00057490,4,2025-04-24,,orphan_foreign_key
RAT0029525,CUST0030527,ITEM0082,LOC0019,ORD00057314,2,2025-04-24,,orphan_foreign_key
RAT0029526,CUST0048216,ITEM0045,LOC0012,ORD00053208,4,2025-04-24,,orphan_foreign_key
RAT0029555,CUST0000705,ITEM0152,LOC0007,ORD00057143,6,2025-04-24,,invalid_rating
RAT0029558,CUST0043873,ITEM0033,LOC0020,ORD00056132,10,2025-04-24,,invalid_rating
RAT0029559,CUST0033508,ITEM0082,LOC0004,ORD00057135,4,2025-04-24,"Good food, will order again.",orphan_foreign_key
RAT0029600,CUST0021886,ITEM0099,LOC0013,ORD00056715,,2025-04-24,,missing_value
RAT0029627,CUST0010860,ITEM0122,LOC0009,ORD00057945,3,2025-04-25,,orphan_foreign_key
RAT0029640,CUST0010474,ITEM0102,LOC0019,ORD00057555,,2025-04-25,Decent but overpriced.,missing_value
RAT0029647,CUST0022779,ITEM0087,LOC3905,ORD00057170,4,2025-04-25,"Good food, will order again.",invalid_restaurant_id
RAT0029653,CUST0032606,ITEM0050,LOC0002,ORD00056292,5,2025-04-25,,orphan_foreign_key
RAT0029697,CUST0002978,ITEM0086,LOC0020,ORD00057959,,2025-04-25,,missing_value
RAT0029701,CUST0041604,,LOC0021,ORD00057851,4,2025-04-25,Good value for money.,orphan_foreign_key
RAT0029703,CUST0328278,,LOC0022,ORD00057585,4,2025-04-25,,orphan_foreign_key
RAT0029704,CUST0034411,,LOC0006,ORD00053526,0,2025-04-25,,invalid_rating
RAT0029713,CUST0009022,ITEM0136,LOC0004,ORD00058130,,2025-04-25,Good taste but late delivery.,missing_value
RAT0029728,CUST0008194,,LOC0013,ORD00057577,4,2025-04-25,,orphan_foreign_key
RAT0029735,CUST0044172,ITEM0151,LOC0013,ORD00057661,0,2025-04-25,,invalid_rating
RAT0029743,CUST0035242,ITEM0087,LOC0019,ORD00057285,,2025-04-25,,missing_value
RAT0029754,CUST0005502,,LOC0004,ORD00057109,3,2025-04-25,,orphan_foreign_key
RAT0029766,CUST0008157,ITEM0159,LOC0015,ORD00057266,-1,2025-04-25,,invalid_rating
RAT0029805,CUST0024773,ITEM0154,LOC0004,ORD00057895,4,,Enjoyed the meal.,invalid_date
RAT0029812,CUST3180359,ITEM0106,LOC0009,ORD00057629,4,2025-04-25,,orphan_foreign_key
RAT0029816,CUST0022446,ITEM0138,LOC0015,ORD00057522,4,2025-04-25,,orphan_foreign_key
RAT0029821,CUST0047851,ITEM0109,LOC0020,ORD00057858,3,2025-04-25,,orphan_foreign_key
RAT0029832,CUST0028548,ITEM0045,LOC0009,ORD00058039,10,2025-04-25,,invalid_rating
RAT0029840,CUST0043348,ITEM0051,LOC0008,ORD00056479,4,2025-04-25,Good value for money.,orphan_foreign_key
RAT0029866,CUST0019545,ITEM0090,LOC0013,ORD00057281,3,2027-11-05,,invalid_date
RAT0029876,CUST0053449,ITEM0059,LOC0016,ORD00056358,4,,Nice ambience and good service.,invalid_date
RAT0029890,CUST0032217,,LOC0002,ORD00055863,,2025-04-25,,missing_value
RAT0029897,CUST0043348,,LOC0008,ORD00056479,4,2025-04-25,Nice ambience and good service.,orphan_foreign_key
RAT0029912,CUST0016768,ITEM0056,LOC0014,ORD00056972,3,,,invalid_date
RAT0029924,CUST0008747,ITEM0151,LOC0002,ORD00058149,4,2025-04-26,,orphan_foreign_key
RAT0029928,CUST0022446,ITEM0049,LOC0015,ORD00057522,4,2025-04-26,,orphan_foreign_key
RAT0029947,CUST0003389,ITEM0136,LOC0003,ORD00058623,4,2025-04-26,,orphan_foreign_key
RAT0029965,CUST0030900,ITEM0148,LOC0012,ORD00058304,4,2025-04-26,,orphan_foreign_key
RAT0029977,CUST0026058,ITEM0061,LOC8201,ORD00057531,2,2025-04-26,,invalid_restaurant_id
RAT0029988,CUST0053516,,LOC0001,ORD00057598,5,2025-04-26,,orphan_foreign_key
RAT0030019,CUST0032163,ITEM0148,LOC5390,ORD00058253,4,2025-04-26,,invalid_restaurant_id
RAT0030024,CUST0018131,ITEM0148,LOC0014,ORD00058044,,2025-04-26,Enjoyed the meal.,missing_value
RAT0030031,CUST0041604,ITEM0141,LOC0001,ORD00057404,2,2025-04-26,,orphan_foreign_key
RAT0030064,CUST0033198,ITEM0020,LOC0024,ORD00058885,3,2025-04-26,,orphan_foreign_key
RAT0030078,CUST0034616,ITEM0149,LOC0002,ORD00057631,,2025-04-26,"Good food, will order again.",missing_value
RAT0030100,CUST0050266,,LOC0014,ORD00058709,4,2025-04-26,,orphan_foreign_key
RAT0030104,CUST0013103,ITEM0133,LOC8848,ORD00058775,3,2025-04-26,,invalid_restaurant_id
RAT0030170,CUST0015340,ITEM0053,LOC0024,ORD00056476,3,2025-04-26,,orphan_foreign_key
RAT0030171,CUST0023589,ITEM0045,LOC0021,ORD00058221,0,2025-04-26,,invalid_rating
RAT0030175,CUST0041804,ITEM0058,LOC0008,ORD00058888,4,2025-04-26,Nice ambience and good service.,orphan_foreign_key
RAT0030196,CUST0050403,ITEM0081,LOC0018,ORD00057527,4,2025-04-26,Nice ambience and good service.,orphan_foreign_key
RAT0030202,CUST0043707,ITEM0057,LOC9545,ORD00058788,3,2025-04-26,,invalid_restaurant_id
RAT0030220,CUST0339699,,LOC0001,ORD00058437,4,2025-04-26,"Good food, will order again.",orphan_foreign_key
RAT0030221,CUST0044101,ITEM0124,LOC0014,ORD00057683,0,2025-04-26,,invalid_rating
RAT0030226,CUST0016538,ITEM0057,LOC0019,ORD00058213,4,2025-04-26,Good value for money.,orphan_foreign_key
RAT0030236,CUST0042876,ITEM0141,LOC0017,ORD00056722,2,2025-04-26,,orphan_foreign_key
RAT0030241,CUST0054124,ITEM0099,LOC0023,ORD00056673,5,2025-04-27,,orphan_foreign_key
RAT0030247,CUST0041804,ITEM0145,LOC0008,ORD00058888,4,2025-04-27,,orphan_foreign_key
RAT0030254,CUST0016537,ITEM0139,LOC0006,ORD00057586,,2025-04-27,Perfect taste and quick service.,missing_value
RAT0030267,CUST0012632,,LOC0007,ORD00059386,7,2025-04-27,,invalid_rating
RAT0030268,CUST0038488,ITEM0005,LOC0003,ORD00059142,4,2025-04-27,,orphan_foreign_key
RAT0030270,CUST9936733,ITEM0068,LOC0001,ORD00058377,4,2025-04-27,,orphan_foreign_key
RAT0030289,CUST0016845,ITEM0087,LOC0003,ORD00059380,6,2025-04-27,,invalid_rating
RAT0030328,CUST0004113,ITEM0124,LOC0009,ORD00059367,5,2025-04-27,,orphan_foreign_key
RAT0030345,CUST0046291,ITEM0033,LOC0020,ORD00059392,2,2025-04-27,,orphan_foreign_key
RAT0030350,CUST0001802,ITEM0045,LOC0023,ORD00058290,,2025-04-27,,missing_value
RAT0030374,CUST0007315,,LOC0019,ORD00059356,-1,2025-04-27,,invalid_rating
RAT0030433,CUST0001972,ITEM0146,LOC0003,ORD00057757,4,2025-04-27,,orphan_foreign_key
RAT0030448,CUST0040878,ITEM0095,LOC0017,ORD00059499,4,2025-04-27,,orphan_foreign_key
RAT0030456,CUST0014077,ITEM0035,LOC0007,ORD00059511,4,,,invalid_date
RAT0030460,CUST0037902,ITEM0040,LOC0019,ORD00059143,2,2025-04-27,,orphan_foreign_key
RAT0030494,CUST0026801,ITEM0126,LOC0004,ORD00059129,3,2025-04-27,,orphan_foreign_key
RAT0030499,CUST0013864,,LOC0018,ORD00059207,3,2025-04-27,,orphan_foreign_key
RAT0030537,CUST0039087,,LOC0009,ORD00058360,4,2025-04-27,,orphan_foreign_key
RAT0030542,CUST6924964,ITEM0001,LOC0014,ORD00058915,5,2025-04-27,Best in town.,orphan_foreign_key
RAT0030554,CUST0002237,ITEM0022,LOC0025,ORD00058129,3,2025-04-28,Decent but overpriced.,orphan_foreign_key
RAT0030560,CUST0006366,ITEM0160,LOC0010,ORD00058753,4,2025-04-28,,orphan_foreign_key
RAT0030570,CUST0037798,ITEM0135,LOC0019,ORD00059562,4,2025-04-28,,orphan_foreign_key
RAT0030602,CUST0040874,ITEM0020,LOC0024,ORD00059954,3,2027-11-05,,invalid_date
RAT0030652,CUST0029072,ITEM0098,LOC4251,ORD00058289,5,2025-04-28,Amazing food and friendly staff.,invalid_restaurant_id
RAT0030661,CUST0051786,ITEM0050,LOC0016,ORD00059272,5,2025-04-28,"Excellent, loved it!",orphan_foreign_key
RAT0030676,CUST0020416,ITEM0077,LOC0014,ORD00059431,4,2025-04-28,Nice ambience and good service.,orphan_foreign_key
RAT0030687,CUST0011468,ITEM0121,LOC7376,ORD00058428,4,2025-04-28,,invalid_restaurant_id
RAT0030702,CUST0039251,,LOC0005,ORD00059877,,2025-04-28,,missing_value
RAT0030720,CUST0049954,ITEM0148,LOC0003,ORD00059794,,2025-04-28,,missing_value
RAT0030722,CUST0008608,ITEM0062,LOC1415,ORD00057336,5,2025-04-28,,invalid_restaurant_id
RAT0030730,CUST0013864,ITEM0057,LOC0018,ORD00059207,4,2025-04-28,Enjoyed the meal.,orphan_foreign_key
RAT0030731,CUST0016192,ITEM0086,LOC0016,ORD00056590,3,,,invalid_date
RAT0030746,CUST0018793,ITEM0044,LOC0011,ORD00059567,5,2025-04-28,Highly recommended.,orphan_foreign_key
RAT0030749,CUST0035272,ITEM0098,LOC0018,ORD00057565,,2025-04-28,,missing_value
RAT0030769,CUST0044816,ITEM0148,LOC0022,ORD00058146,6,2025-04-28,Tasty and fresh.,invalid_rating
RAT0030773,CUST0044196,ITEM0004,LOC0017,ORD00055802,4,2025-04-28,,orphan_foreign_key
RAT0030800,CUST0007240,,LOC0013,ORD00059613,5,2025-04-28,,orphan_foreign_key
RAT0030807,CUST0031897,ITEM0148,LOC0021,ORD00058188,,2025-04-28,,missing_value
RAT0030808,CUST0047859,ITEM0061,LOC0021,ORD00059276,,2025-04-28,,missing_value
RAT0030818,CUST0026117,ITEM0150,LOC0012,ORD00057905,3,,,invalid_date
RAT0030842,CUST0040426,ITEM0076,LOC0007,ORD00059784,3,2025-04-29,Decent but overpriced.,orphan_foreign_key
RAT0030861,CUST0044164,ITEM0009,LOC0003,ORD00060264,1,2025-04-29,Poor quality for the price.,orphan_foreign_key
RAT0030870,CUST0050711,ITEM0037,LOC0017,ORD00059379,,2025-04-29,"Taste was fine, packaging poor.",missing_value
RAT0030873,CUST0050266,ITEM0137,LOC0014,ORD00058709,3,2025-04-29,,orphan_foreign_key
RAT0030886,CUST0005379,ITEM0082,LOC0025,ORD00059301,1,2025-04-29,,orphan_foreign_key
RAT0030895,CUST0013302,ITEM0113,LOC0003,ORD00059457,3,2025-04-29,,orphan_foreign_key
RAT0030909,CUST0001972,ITEM0132,LOC0003,ORD00057757,4,2025-04-29,,orphan_foreign_key
RAT0030917,CUST0018366,ITEM0046,LOC0022,ORD00059269,0,2025-04-29,"Average, nothing special.",invalid_rating
RAT0030925,CUST0017201,ITEM0145,LOC9331,ORD00060328,4,2025-04-29,Tasty and fresh.,invalid_restaurant_id
RAT0030940,CUST0025447,ITEM0077,LOC0020,ORD00060407,4,2025-04-29,,orphan_foreign_key
RAT0030944,CUST0023522,ITEM0058,LOC0020,ORD00053377,4,2025-04-29,,orphan_foreign_key
RAT0030947,CUST0015981,ITEM0049,LOC0012,ORD00060385,,2025-04-29,,missing_value
RAT0030993,CUST0021880,ITEM0092,LOC0023,ORD00060114,5,2025-04-29,,orphan_foreign_key
RAT0030999,CUST0029255,ITEM0020,LOC0020,ORD00059296,3,2025-04-29,,orphan_foreign_key
RAT0031000,CUST0031847,ITEM0134,LOC0016,ORD00057939,,2025-04-29,,missing_value
RAT0031019,CUST0018659,ITEM0020,LOC7500,ORD00060035,3,2025-04-29,,invalid_restaurant_id
RAT0031021,CUST0000106,ITEM0041,LOC0006,ORD00060193,4,2025-04-29,,orphan_foreign_key
RAT0031077,CUST0003764,ITEM0121,LOC0018,ORD00059952,0,2025-04-29,"Average, nothing special.",invalid_rating
RAT0031086,CUST0053516,ITEM0156,LOC0001,ORD00057598,4,2025-04-29,Enjoyed the meal.,orphan_foreign_key
RAT0031094,CUST0044333,ITEM0135,LOC0005,ORD00059045,3,2025-04-29,,orphan_foreign_key
RAT0031098,CUST0025313,,LOC0013,ORD00060474,7,2025-04-30,"Excellent, loved it!",invalid_rating
RAT0031100,CUST0008118,ITEM0129,LOC0001,ORD00060181,5,,,invalid_date
RAT0031106,CUST0010969,ITEM0135,LOC0008,ORD00060097,,2025-04-30,,missing_value
RAT0031112,CUST0053786,ITEM0033,LOC0007,ORD00059081,,2025-04-30,,missing_value
RAT0031115,CUST0024275,ITEM0148,LOC0022,ORD00056914,4,2025-04-30,,orphan_foreign_key
RAT0031122,CUST0001252,ITEM0045,LOC0015,ORD00059893,5,2025-04-30,Perfect taste and quick service.,orphan_foreign_key
RAT0031123,CUST0033243,ITEM0134,LOC0012,ORD00060381,,2025-04-30,"Good food, will order again.",missing_value
RAT0031133,CUST0019038,ITEM0105,LOC0009,ORD00060248,4,2025-04-30,"Good food, will order again.",orphan_foreign_key
RAT0031167,CUST3859722,ITEM0134,LOC0004,ORD00060005,4,2025-04-30,,orphan_foreign_key
RAT0031191,CUST0011468,ITEM0116,LOC0024,ORD00058428,,2025-04-30,Good value for money.,missing_value
RAT0031193,CUST0033354,ITEM0149,LOC0017,ORD00060766,3,2025-04-30,,orphan_foreign_key
RAT0031219,CUST0035129,,LOC0012,ORD00060807,4,2025-04-30,"Good food, will order again.",orphan_foreign_key
RAT0031225,CUST0037483,ITEM0033,LOC0023,ORD00060033,3,2025-04-30,,orphan_foreign_key
RAT0031236,CUST0026934,ITEM0019,LOC0018,ORD00060825,4,2025-04-30,"Good food, will order again.",orphan_foreign_key
RAT0031248,CUST0023116,ITEM0150,LOC0011,ORD00060568,,2025-04-30,,missing_value
RAT0031259,CUST0024090,,LOC0014,ORD00060296,3,2025-04-30,It was okay.,orphan_foreign_key
RAT0031287,CUST0015981,ITEM0077,LOC0012,ORD00060385,,2025-04-30,,missing_value
RAT0031300,CUST0018793,ITEM0057,LOC0011,ORD00059567,3,2025-04-30,,orphan_foreign_key
RAT0031301,CUST0031995,ITEM0136,LOC0014,ORD00060653,3,2025-04-30,,orphan_foreign_key
RAT0031305,CUST0038598,ITEM0051,LOC0022,ORD00060418,0,2025-04-30,,invalid_rating
RAT0031338,CUST0016173,,LOC0006,ORD00060638,3,2025-04-30,,orphan_foreign_key
RAT0031342,CUST0013718,,LOC0020,ORD00057479,4,2025-04-30,,orphan_foreign_key
RAT0031359,CUST0005300,ITEM0156,LOC0010,ORD00060108,4,2025-05-01,Good value for money.,orphan_foreign_key
RAT0031368,CUST0016173,ITEM0115,LOC0006,ORD00060638,5,2025-05-01,Perfect taste and quick service.,orphan_foreign_key
RAT0031371,CUST0029487,,LOC0002,ORD00060949,4,2025-05-01,,orphan_foreign_key
RAT0031387,CUST0013498,ITEM0073,LOC0018,ORD00060882,,2025-05-01,,missing_value
RAT0031391,CUST0014691,ITEM0136,LOC0004,ORD00060800,,2025-05-01,Highly recommended.,missing_value
RAT0031397,CUST0028941,ITEM0050,LOC0014,ORD00060758,,2025-05-01,,missing_value
RAT0031408,CUST0019174,ITEM0068,LOC0014,ORD00059027,3,2025-05-01,,orphan_foreign_key
RAT0031426,CUST0009406,ITEM0035,LOC0019,ORD00060866,10,2025-05-01,,invalid_rating
RAT0031427,CUST0050723,,LOC0018,ORD00060025,55,2025-05-01,,invalid_rating
RAT0031434,CUST0027525,ITEM0150,LOC0008,ORD00061151,4,2025-05-01,"Good food, will order again.",orphan_foreign_key
RAT0031449,CUST0005674,,LOC0001,ORD00061197,,2025-05-01,"Taste was fine, packaging poor.",missing_value
RAT0031462,CUST0054314,ITEM0152,LOC0009,ORD00060428,4,2025-05-01,Good value for money.,orphan_foreign_key
RAT0031471,CUST0039849,ITEM0137,LOC0009,ORD00059789,,2025-05-01,,missing_value
RAT0031479,CUST0027525,ITEM0138,LOC0008,ORD00061151,5,2025-05-01,Best in town.,orphan_foreign_key
RAT0031498,CUST0036377,,LOC0020,ORD00061076,4,2025-05-01,,orphan_foreign_key
RAT0031541,CUST0012593,ITEM0033,LOC0018,ORD00061206,3,2025-05-01,,orphan_foreign_key
RAT0031574,CUST0004765,,LOC0013,ORD00059381,5,2025-05-01,,orphan_foreign_key
RAT0031580,CUST0039197,ITEM0027,LOC0021,ORD00061241,4,2025-05-01,Tasty and fresh.,orphan_foreign_key
RAT0031607,CUST0028510,ITEM0135,LOC0012,ORD00061134,-1,2025-05-02,Enjoyed the meal.,invalid_rating
RAT0031610,CUST0007284,ITEM0058,LOC0006,ORD00060893,7,2025-05-02,,invalid_rating
RAT0031617,CUST0028215,ITEM0135,LOC0001,ORD00061175,,2025-05-02,,missing_value
RAT0031640,CUST0022060,ITEM0151,LOC0011,ORD00061536,3,2025-05-02,,orphan_foreign_key
RAT0031643,CUST0034890,ITEM0089,LOC0014,ORD00061441,4,2025-05-02,,orphan_foreign_key
RAT0031644,CUST0026205,ITEM0057,LOC0008,ORD00061630,,2025-05-02,Good taste but late delivery.,missing_value
RAT0031662,CUST0004113,ITEM0147,LOC0009,ORD00059367,5,2025-05-02,,orphan_foreign_key
RAT0031685,CUST0004444,ITEM0139,LOC0008,ORD00060134,5,2025-05-02,,orphan_foreign_key
RAT0031697,CUST0039634,ITEM0136,LOC0022,ORD00061577,,2025-05-02,,missing_value
RAT0031708,CUST0032205,ITEM0139,LOC0024,ORD00061399,-1,2025-05-02,Good taste but late delivery.,invalid_rating
RAT0031709,CUST0052293,ITEM0093,LOC0015,ORD00061654,,2025-05-02,,missing_value
RAT0031710,CUST0047743,ITEM0090,LOC0018,ORD00060891,3,2025-05-02,,orphan_foreign_key
RAT0031725,CUST6549516,ITEM0076,LOC0023,ORD00061759,4,2025-05-02,,orphan_foreign_key
RAT0031731,CUST0024693,ITEM0041,LOC0009,ORD00061068,-1,2025-05-02,Tasty and fresh.,invalid_rating
RAT0031753,CUST0012942,ITEM0065,LOC0023,ORD00060494,3,1900-01-01,"Taste was fine, packaging poor.",invalid_date
RAT0031756,CUST2313249,ITEM0149,LOC0020,ORD00060912,2,2025-05-02,,orphan_foreign_key
RAT0031757,CUST0003368,,LOC0015,ORD00061535,,2025-05-02,,missing_value
RAT0031759,CUST1135310,ITEM0081,LOC0006,ORD00060638,4,2025-05-02,"Good food, will order again.",orphan_foreign_key
RAT0031765,CUST0046633,ITEM0155,LOC0001,ORD00061078,0,2025-05-02,Portion was too small.,invalid_rating
RAT0031769,CUST0030835,ITEM0017,LOC0016,ORD00061452,5,2025-05-02,,orphan_foreign_key
RAT0031772,CUST0053450,ITEM0145,LOC0004,ORD00061509,,2025-05-02,,missing_value
RAT0031784,CUST0047624,,LOC0023,ORD00061850,2,2025-05-02,,orphan_foreign_key
RAT0031792,CUST0052140,ITEM0086,LOC0023,ORD00061437,,2025-05-02,,missing_value
RAT0031800,CUST0025015,ITEM0133,LOC0008,ORD00061860,4,,,invalid_date
RAT0031807,CUST0011033,ITEM0052,LOC0003,ORD00061754,2,2025-05-02,,orphan_foreign_key
RAT0031845,CUST0013967,ITEM0060,LOC0005,ORD00060268,,2025-05-02,,missing_value
RAT0031872,CUST0037740,,LOC0006,ORD00062449,,2025-05-03,,missing_value
RAT0031873,CUST0050553,,LOC0012,ORD00061933,5,2025-05-03,,orphan_foreign_key
RAT0031880,CUST0036364,ITEM0047,LOC0002,ORD00061492,4,2025-05-03,,orphan_foreign_key
RAT0031883,CUST0004909,,LOC5889,ORD00062528,5,2025-05-03,Highly recommended.,invalid_restaurant_id
RAT0031894,CUST0005300,ITEM0136,LOC0002,ORD00061945,4,2025-05-03,,orphan_foreign_key
RAT0031903,CUST0040220,ITEM0137,LOC0013,ORD00062426,5,2031-07-22,,invalid_date
RAT0031909,CUST0000436,ITEM0063,LOC0008,ORD00062035,4,,,invalid_date
RAT0031925,CUST0023208,ITEM0115,LOC0008,ORD00061298,5,2031-07-22,,invalid_date
RAT0031927,CUST0009263,ITEM0135,LOC0002,ORD00061663,4,2025-05-03,,orphan_foreign_key
RAT0031963,CUST0040233,ITEM0112,LOC0015,ORD00062090,3,2025-05-03,,orphan_foreign_key
RAT0031968,CUST0001789,ITEM0135,LOC0022,ORD00062406,3,2025-05-03,,orphan_foreign_key
RAT0031980,CUST0054081,ITEM0159,LOC0025,ORD00062020,5,2025-05-03,Highly recommended.,orphan_foreign_key
RAT0031990,CUST0000747,,LOC0010,ORD00060958,,2025-05-03,Portion was too small.,missing_value
RAT0031995,CUST0050933,ITEM0053,LOC0012,ORD00062155,0,2025-05-03,,invalid_rating
RAT0032017,CUST0038057,ITEM0020,LOC0011,ORD00061787,,2025-05-03,,missing_value
RAT0032038,CUST0025500,ITEM0151,LOC0021,ORD00062455,2,1970-01-01,,invalid_date
RAT0032067,CUST0007656,ITEM0075,LOC0019,ORD00061947,,2025-05-03,,missing_value
RAT0032071,CUST0022246,ITEM0112,LOC2074,ORD00061672,4,2025-05-03,,invalid_restaurant_id
RAT0032085,CUST0053572,,LOC0016,ORD00062482,,2025-05-03,Perfect taste and quick service.,missing_value
RAT0032087,CUST0050768,ITEM0151,LOC0022,ORD00062215,4,2025-05-03,,orphan_foreign_key
RAT0032092,CUST0029216,ITEM0124,LOC0007,ORD00062221,,2025-05-03,Tasty and fresh.,missing_value
RAT0032099,CUST0012970,ITEM0133,LOC0013,ORD00062250,10,2025-05-03,,invalid_rating
RAT0032103,CUST0040579,,LOC0025,ORD00062084,,2025-05-03,,missing_value
RAT0032112,CUST0009597,,LOC0008,ORD00062016,7,2025-05-03,,invalid_rating
RAT0032115,CUST0030835,ITEM0152,LOC0016,ORD00061452,5,2025-05-03,Highly recommended.,orphan_foreign_key
RAT0032144,CUST0043749,ITEM0027,LOC0003,ORD00062285,7,2025-05-03,,invalid_rating
RAT0032155,CUST1215207,ITEM0003,LOC0003,ORD00061686,4,2025-05-03,,orphan_foreign_key
RAT0032156,CUST0018920,ITEM0139,LOC0006,ORD00062157,5,2025-05-03,"Excellent, loved it!",orphan_foreign_key
RAT0032182,CUST0041660,,LOC0002,ORD00061353,3,2025-05-03,Good taste but late delivery.,orphan_foreign_key
RAT0032196,CUST0052561,ITEM0081,LOC6329,ORD00062890,3,2025-05-04,Decent but overpriced.,invalid_restaurant_id
RAT0032271,CUST0022060,ITEM0065,LOC0011,ORD00061536,4,2025-05-04,"Good food, will order again.",orphan_foreign_key
RAT0032317,CUST0050553,ITEM0029,LOC0012,ORD00061933,4,2025-05-04,Good value for money.,orphan_foreign_key
RAT0032327,CUST0024162,ITEM0082,LOC0017,ORD00061991,3,2025-05-04,,orphan_foreign_key
RAT0032330,CUST0021718,ITEM0045,LOC0010,ORD00062535,5,,,invalid_date
RAT0032339,CUST0048877,ITEM0032,LOC0011,ORD00062713,,2025-05-04,,missing_value
RAT0032387,CUST0026934,ITEM0024,LOC0018,ORD00060825,5,2025-05-04,,orphan_foreign_key
RAT0032426,CUST0008805,ITEM0068,LOC0004,ORD00061429,0,2025-05-04,"Excellent, loved it!",invalid_rating
RAT0032427,CUST0004354,,LOC0025,ORD00061819,6,2025-05-04,,invalid_rating
RAT0032460,CUST5890716,ITEM0001,LOC0019,ORD00062466,4,2025-05-04,,orphan_foreign_key
RAT0032472,CUST0030068,,LOC0004,ORD00062854,4,2025-05-04,,orphan_foreign_key
RAT0032475,CUST0002910,ITEM0138,LOC0023,ORD00062835,4,2025-05-04,,orphan_foreign_key
RAT0032482,CUST0042986,,LOC3046,ORD00061855,5,2025-05-04,,invalid_restaurant_id
RAT0032484,CUST0026770,ITEM0143,LOC0010,ORD00062568,10,2025-05-04,,invalid_rating
RAT0032485,CUST0042892,ITEM0066,LOC0006,ORD00063051,4,,,invalid_date
RAT0032525,CUST0013117,ITEM0157,LOC0016,ORD00060566,,2025-05-05,,missing_value
RAT0032550,CUST0002237,ITEM0031,LOC0013,ORD00062717,5,2025-05-05,,orphan_foreign_key
RAT0032557,CUST0040452,ITEM0090,LOC0016,ORD00062047,3,2025-05-05,,orphan_foreign_key
RAT0032575,CUST0020981,ITEM0138,LOC0017,ORD00063351,2,,Portion was too small.,invalid_date
RAT0032601,CUST0054762,ITEM0141,LOC0018,ORD00062520,1,,,invalid_date
RAT0032603,CUST0050778,ITEM0061,LOC0020,ORD00062872,3,2025-05-05,,orphan_foreign_key
RAT0032608,CUST0010853,ITEM0076,LOC0021,ORD00062028,4,2025-05-05,Tasty and fresh.,orphan_foreign_key
RAT0032621,CUST0046454,ITEM0157,LOC0012,ORD00063537,4,2025-05-05,Nice ambience and good service.,orphan_foreign_key
RAT0032629,CUST0032216,,LOC0005,ORD00063139,4,2025-05-05,,orphan_foreign_key
RAT0032634,CUST0032315,ITEM0135,LOC0005,ORD00062738,4,2025-05-05,,orphan_foreign_key
RAT0032653,CUST0024895,,LOC0013,ORD00063573,3,2025-05-05,,orphan_foreign_key
RAT0032656,CUST5784854,ITEM0151,LOC0008,ORD00062035,5,2025-05-05,,orphan_foreign_key
RAT0032658,CUST0003370,ITEM0151,LOC0019,ORD00063341,6,2025-05-05,Highly recommended.,invalid_rating
RAT0032666,CUST0003321,ITEM0023,LOC0008,ORD00061755,,2025-05-05,,missing_value
RAT0032693,CUST0038158,ITEM0062,LOC0012,ORD00063374,3,2027-11-05,"Taste was fine, packaging poor.",invalid_date
RAT0032697,CUST0052718,ITEM0011,LOC0024,ORD00063558,10,2025-05-05,,invalid_rating
RAT0032708,CUST0022705,ITEM0068,LOC0024,ORD00062589,2,2025-05-05,Service was slow.,orphan_foreign_key
RAT0032714,CUST0039197,ITEM0092,LOC0021,ORD00061241,4,2025-05-05,,orphan_foreign_key
RAT0032716,CUST0051556,ITEM0113,LOC0018,ORD00063412,4,2025-05-05,,orphan_foreign_key
RAT0032731,CUST8751846,ITEM0134,LOC0006,ORD00062541,5,2025-05-05,,orphan_foreign_key
RAT0032733,CUST0004677,ITEM0136,LOC0001,ORD00063454,-1,2025-05-05,,invalid_rating
RAT0032737,CUST0018482,ITEM0077,LOC0018,ORD00063311,,2025-05-05,Decent but overpriced.,missing_value
RAT0032750,CUST0054314,,LOC0009,ORD00060428,-1,2025-05-05,,invalid_rating
RAT0032752,CUST0001180,ITEM0051,LOC0012,ORD00061202,,2025-05-05,,missing_value
RAT0032756,CUST0018038,ITEM0048,LOC0008,ORD00059616,3,2025-05-05,,orphan_foreign_key
RAT0032768,CUST0035858,ITEM0138,LOC8006,ORD00063464,4,2025-05-05,Enjoyed the meal.,invalid_restaurant_id
RAT0032775,CUST0049366,,LOC0006,ORD00062863,,2025-05-05,Nice ambience and good service.,missing_value
RAT0032788,CUST0024060,ITEM0075,LOC0001,ORD00062815,4,2025-05-06,,orphan_foreign_key
RAT0032808,CUST0005916,ITEM0094,LOC0022,ORD00063701,3,2031-07-22,,invalid_date
RAT0032810,CUST0024162,ITEM0126,LOC0017,ORD00062239,4,2025-05-06,,orphan_foreign_key
RAT0032818,CUST4287540,ITEM0151,LOC0023,ORD00063709,4,2025-05-06,,orphan_foreign_key
RAT0032855,CUST0002250,ITEM0121,LOC0020,ORD00063877,10,2025-05-06,Good value for money.,invalid_rating
RAT0032866,CUST0020022,ITEM0152,LOC0002,ORD00063426,7,2025-05-06,It was okay.,invalid_rating
RAT0032871,CUST0027018,ITEM0067,LOC0023,ORD00063134,4,2025-05-06,,orphan_foreign_key
RAT0032880,CUST0035154,ITEM0155,LOC0022,ORD00063414,,2025-05-06,,missing_value
RAT0032887,CUST0030636,ITEM0148,LOC0009,ORD00063603,4,2025-05-06,,orphan_foreign_key
RAT0032898,CUST0037864,ITEM0088,LOC0024,ORD00063768,4,2025-05-06,Tasty and fresh.,orphan_foreign_key
RAT0032899,CUST0054330,ITEM0134,LOC0003,ORD00063820,5,2025-05-06,,orphan_foreign_key
RAT0032944,CUST0022443,ITEM0151,LOC0020,ORD00060056,,2025-05-06,Nice ambience and good service.,missing_value
RAT0032945,CUST0048312,ITEM0143,LOC0019,ORD00063316,,2025-05-06,,missing_value
RAT0032963,CUST0015916,ITEM0122,LOC0010,ORD00062446,7,2025-05-06,,invalid_rating
RAT0032996,CUST0002237,ITEM0094,LOC0013,ORD00062717,3,2025-05-06,,orphan_foreign_key
RAT0032997,CUST9663166,ITEM0060,LOC0020,ORD00062136,5,2025-05-06,,orphan_foreign_key
RAT0033001,CUST0029539,,LOC0021,ORD00062422,3,2025-05-06,Decent but overpriced.,orphan_foreign_key
RAT0033002,CUST0031137,ITEM0140,LOC0010,ORD00063611,,2025-05-06,,missing_value
RAT0033017,CUST0026225,ITEM0044,LOC0019,ORD00062044,6,2025-05-06,,invalid_rating
RAT0033052,CUST0046454,ITEM0009,LOC0012,ORD00063537,,2025-05-07,,missing_value
RAT0033055,CUST0043043,,LOC0020,ORD00063749,2,2025-05-07,Below average taste.,orphan_foreign_key
RAT0033087,CUST1265686,ITEM0137,LOC0020,ORD00063749,3,2025-05-07,,orphan_foreign_key
RAT0033088,CUST0035882,ITEM0057,LOC0010,ORD00064305,5,2025-05-07,Best in town.,orphan_foreign_key
RAT0033097,CUST0021764,ITEM0050,LOC0025,ORD00064137,4,2025-05-07,,orphan_foreign_key
RAT0033108,CUST0021764,ITEM0142,LOC0025,ORD00064137,4,2025-05-07,,orphan_foreign_key
RAT0033112,CUST0014945,ITEM0066,LOC0024,ORD00064271,3,2025-05-07,It was okay.,orphan_foreign_key
RAT0033125,CUST0022782,ITEM0094,LOC0022,ORD00063113,,2025-05-07,,missing_value
RAT0033139,CUST0002054,ITEM0115,LOC0003,ORD00062754,0,2025-05-07,,invalid_rating
RAT0033165,CUST0029753,ITEM0048,LOC0002,ORD00064121,3,2025-05-07,,orphan_foreign_key
RAT0033169,CUST0039509,,LOC0022,ORD00063927,55,2025-05-07,,invalid_rating
RAT0033185,CUST0035882,ITEM0059,LOC0010,ORD00064305,3,2025-05-07,,orphan_foreign_key
RAT0033234,CUST0004764,ITEM0050,LOC0020,ORD00064044,55,2025-05-07,,invalid_rating
RAT0033241,CUST0021764,ITEM0111,LOC0025,ORD00064137,4,2025-05-07,"Good food, will order again.",orphan_foreign_key
RAT0033258,CUST0053957,ITEM0046,LOC3316,ORD00063562,3,2025-05-07,,invalid_restaurant_id
RAT0033273,CUST0053483,,LOC0020,ORD00063498,3,2025-05-08,"Average, nothing special.",orphan_foreign_key
RAT0033285,CUST0030935,ITEM0138,LOC0003,ORD00062677,0,2025-05-08,"Excellent, loved it!",invalid_rating
RAT0033286,CUST0011743,,LOC0016,ORD00064631,4,2025-05-08,Tasty and fresh.,orphan_foreign_key
RAT0033298,CUST0053483,ITEM0138,LOC0020,ORD00063498,3,2025-05-08,It was okay.,orphan_foreign_key
RAT0033350,CUST0011619,ITEM0152,LOC0008,ORD00064787,4,2025-05-08,,orphan_foreign_key
RAT0033366,CUST0018709,,LOC0018,ORD00064759,6,2025-05-08,,invalid_rating
RAT0033375,CUST0008938,ITEM0043,LOC0003,ORD00064421,4,2025-05-08,Nice ambience and good service.,orphan_foreign_key
RAT0033402,CUST0019123,ITEM0151,LOC0010,ORD00064822,4,2025-05-08,,orphan_foreign_key
RAT0033427,CUST0036848,ITEM0137,LOC0019,ORD00063305,4,,Good value for money.,invalid_date
RAT0033453,CUST0024898,ITEM0048,LOC0013,ORD00064527,,2025-05-08,,missing_value
RAT0033455,CUST0016286,ITEM0135,LOC0001,ORD00064639,0,2025-05-08,,invalid_rating
RAT0033467,CUST0008938,ITEM0119,LOC0003,ORD00064421,3,2025-05-08,"Taste was fine, packaging poor.",orphan_foreign_key
RAT0033471,CUST0031626,,LOC0010,ORD00064486,,2025-05-08,,missing_value
RAT0033489,CUST0001753,ITEM0138,LOC0018,ORD00065323,4,2025-05-09,"Good food, will order again.",orphan_foreign_key
RAT0033492,CUST0048197,,LOC0005,ORD00064016,5,2025-05-09,,orphan_foreign_key
RAT0033494,CUST0008938,,LOC0003,ORD00064421,2,2025-05-09,,orphan_foreign_key
RAT0033501,CUST0024162,ITEM0052,LOC0017,ORD00062239,3,2025-05-09,,orphan_foreign_key
RAT0033524,CUST0033508,ITEM0148,LOC0024,ORD00065208,2,2025-05-09,Portion was too small.,orphan_foreign_key
RAT0033544,CUST0011877,ITEM0016,LOC0003,ORD00065171,4,2025-05-09,,orphan_foreign_key
RAT0033547,CUST0044612,ITEM0061,LOC0015,ORD00065018,3,2025-05-09,,orphan_foreign_key
RAT0033572,CUST0021273,ITEM0068,LOC0020,ORD00064805,0,2025-05-09,Portion was too small.,invalid_rating
RAT0033577,CUST0032921,,LOC0005,ORD00065257,3,2031-07-22,,invalid_date
RAT0033594,CUST0050873,ITEM0113,LOC0023,ORD00064704,,2025-05-09,,missing_value
RAT0033599,CUST0001753,,LOC0018,ORD00065323,3,2025-05-09,"Average, nothing special.",orphan_foreign_key
RAT0033612,CUST0018221,ITEM0056,LOC0004,ORD00065025,,2025-05-09,It was okay.,missing_value
RAT0033623,CUST0042111,ITEM0066,LOC0007,ORD00064057,,2025-05-09,Amazing food and friendly staff.,missing_value
RAT0033631,CUST0050866,ITEM0077,LOC0012,ORD00065012,,2025-05-09,Nice ambience and good service.,missing_value
RAT0033640,CUST0016203,ITEM0112,LOC0011,ORD00065216,0,2025-05-09,It was okay.,invalid_rating
RAT0033648,CUST0033474,ITEM0023,LOC0016,ORD00064444,3,2025-05-09,,orphan_foreign_key
RAT0033655,CUST0004525,ITEM0081,LOC0011,ORD00064934,2,2025-05-09,,orphan_foreign_key
RAT0033687,CUST0010921,ITEM0048,LOC0005,ORD00065474,3,2025-05-09,,orphan_foreign_key
RAT0033699,CUST0049163,ITEM0033,LOC0005,ORD00060592,3,2025-05-09,,orphan_foreign_key
RAT0033748,CUST0044612,ITEM0137,LOC0015,ORD00065018,4,2025-05-09,,orphan_foreign_key
RAT0033760,CUST0010542,ITEM0135,LOC0007,ORD00065329,4,2025-05-09,Nice ambience and good service.,orphan_foreign_key
RAT0033763,CUST0011877,ITEM0114,LOC0003,ORD00065171,3,2025-05-09,,orphan_foreign_key
RAT0033788,CUST0022800,ITEM0068,LOC0005,ORD00064788,,2025-05-10,"Good food, will order again.",missing_value
RAT0033793,CUST0004734,ITEM0033,LOC0019,ORD00065557,1,2025-05-10,,orphan_foreign_key
RAT0033808,CUST0020034,ITEM0081,LOC0005,ORD00065378,3,2025-05-10,Decent but overpriced.,orphan_foreign_key
RAT0033813,CUST0002383,,LOC0019,ORD00065976,4,2025-05-10,,orphan_foreign_key
RAT0033817,CUST0039491,ITEM0151,LOC0003,ORD00066067,4,2025-05-10,,orphan_foreign_key
RAT0033828,CUST0040424,ITEM0150,LOC0011,ORD00065776,4,2025-05-10,,orphan_foreign_key
RAT0033840,CUST0041824,ITEM0046,LOC0019,ORD00065512,3,2025-05-10,,orphan_foreign_key
RAT0033849,CUST0020532,ITEM0048,LOC0023,ORD00065736,4,2025-05-10,,orphan_foreign_key
RAT0033902,CUST0021460,ITEM0143,LOC0008,ORD00063905,5,,,invalid_date
RAT0033913,CUST0005422,ITEM0075,LOC0022,ORD00065488,10,2025-05-10,,invalid_rating
RAT0033938,CUST0004149,ITEM0057,LOC0007,ORD00063306,5,2025-05-10,Highly recommended.,orphan_foreign_key
RAT0033945,CUST0021324,ITEM0013,LOC0023,ORD00065219,3,2025-05-10,Good taste but late delivery.,orphan_foreign_key
RAT0033960,CUST0001753,ITEM0151,LOC0018,ORD00065323,5,2025-05-10,,orphan_foreign_key
RAT0033964,CUST0034586,ITEM0138,LOC0005,ORD00065699,4,2025-05-10,,orphan_foreign_key
RAT0033974,CUST0043195,ITEM0109,LOC0022,ORD00064676,5,2025-05-10,Perfect taste and quick service.,orphan_foreign_key
RAT0034000,CUST0004542,ITEM0125,LOC0006,ORD00065887,,2025-05-10,,missing_value
RAT0034011,CUST0007210,ITEM0003,LOC0012,ORD00065507,7,2025-05-10,,invalid_rating
RAT0034027,CUST0005110,ITEM0034,LOC0013,ORD00065800,,2025-05-10,Nice ambience and good service.,missing_value
RAT0034030,CUST0014165,,LOC0017,ORD00061314,4,2031-07-22,,invalid_date
RAT0034047,CUST0028134,ITEM0092,LOC0016,ORD00066137,55,2025-05-10,,invalid_rating
RAT0034048,CUST0032645,ITEM0157,LOC0023,ORD00065654,,2025-05-10,,missing_value
RAT0034061,CUST0035730,ITEM0034,LOC0011,ORD00065799,3,2025-05-10,,orphan_foreign_key
RAT0034073,CUST0033508,ITEM0122,LOC0024,ORD00065208,2,2025-05-10,,orphan_foreign_key
RAT0034075,CUST6613229,ITEM0151,LOC0013,ORD00066009,4,2025-05-10,"Good food, will order again.",orphan_foreign_key
RAT0034078,CUST0054278,ITEM0009,LOC0161,ORD00064922,1,2025-05-10,,invalid_restaurant_id
RAT0034092,CUST0020277,ITEM0160,LOC0023,ORD00064729,5,,,invalid_date
RAT0034094,CUST0052828,ITEM0074,LOC0022,ORD00065636,6,2025-05-10,,invalid_rating
RAT0034102,CUST0040281,ITEM0082,LOC0023,ORD00065949,,2025-05-11,,missing_value
RAT0034129,CUST0052071,ITEM0072,LOC0018,ORD00066405,4,2025-05-11,Good value for money.,orphan_foreign_key
RAT0034165,CUST0029443,ITEM0138,LOC0023,ORD00065856,55,2025-05-11,Good taste but late delivery.,invalid_rating
RAT0034180,CUST0000805,,LOC0011,ORD00065771,4,2025-05-11,Tasty and fresh.,orphan_foreign_key
RAT0034193,CUST0022427,,LOC0013,ORD00065114,,2025-05-11,,missing_value
RAT0034201,CUST4371478,ITEM0068,LOC0016,ORD00064839,4,2025-05-11,,orphan_foreign_key
RAT0034214,CUST0026573,ITEM0151,LOC0014,ORD00064634,3,2025-05-11,,orphan_foreign_key
RAT0034219,CUST0044345,ITEM0081,LOC0008,ORD00066002,7,2025-05-11,,invalid_rating
RAT0034223,CUST0047839,ITEM0041,LOC6785,ORD00066328,4,2025-05-11,,invalid_restaurant_id
RAT0034225,CUST0042424,ITEM0137,LOC0017,ORD00066446,2,2025-05-11,,orphan_foreign_key
RAT0034226,CUST0042424,ITEM0031,LOC0017,ORD00066446,3,2025-05-11,Decent but overpriced.,orphan_foreign_key
RAT0034254,CUST0030960,ITEM0058,LOC7881,ORD00065531,4,2025-05-11,,invalid_restaurant_id
RAT0034260,CUST0029351,ITEM0142,LOC0001,ORD00066174,3,2025-05-11,Decent but overpriced.,orphan_foreign_key
RAT0034263,CUST0046799,,LOC0009,ORD00066224,4,,,invalid_date
RAT0034288,CUST0052265,,LOC0005,ORD00065897,7,2025-05-11,,invalid_rating
RAT0034302,CUST0038234,ITEM0060,LOC0020,ORD00065829,3,2025-05-11,,orphan_foreign_key
RAT0034305,CUST2616129,ITEM0041,LOC0025,ORD00066540,3,2025-05-11,"Taste was fine, packaging poor.",orphan_foreign_key
RAT0034323,CUST0046661,ITEM0002,LOC0012,ORD00065489,3,2025-05-11,,orphan_foreign_key
RAT0034354,CUST0047129,ITEM0136,LOC0014,ORD00065252,5,2025-05-11,Perfect taste and quick service.,orphan_foreign_key
RAT0034364,CUST0046030,ITEM0112,LOC0003,ORD00066179,5,2025-05-11,,orphan_foreign_key
RAT0034378,CUST0011917,ITEM0151,LOC0017,ORD00064771,3,2025-05-11,,orphan_foreign_key
RAT0034398,CUST0013755,ITEM0045,LOC0004,ORD00066507,,2025-05-12,It was okay.,missing_value
RAT0034400,CUST0039412,ITEM0030,LOC0007,ORD00067001,,2025-05-12,,missing_value
RAT0034453,CUST0045666,ITEM0134,LOC0023,ORD00065080,,2025-05-12,,missing_value
RAT0034464,CUST0062631,ITEM0088,LOC0006,ORD00066278,4,2025-05-12,,orphan_foreign_key
RAT0034465,CUST0051017,ITEM0139,LOC0008,ORD00066125,10,2025-05-12,Tasty and fresh.,invalid_rating
RAT0034476,CUST0043043,ITEM0081,LOC0020,ORD00063749,3,2025-05-12,,orphan_foreign_key
RAT0034478,CUST0045346,ITEM0012,LOC0018,ORD00066738,4,2099-12-31,Nice ambience and good service.,invalid_date
RAT0034497,CUST0023685,ITEM0135,LOC0004,ORD00066806,3,2025-05-12,It was okay.,orphan_foreign_key
RAT0034515,CUST0002969,,LOC7833,ORD00067116,3,2025-05-12,,invalid_restaurant_id
RAT0034520,CUST2557381,ITEM0055,LOC0018,ORD00066652,3,2025-05-12,,orphan_foreign_key
RAT0034543,CUST0009762,ITEM0005,LOC0010,ORD00066488,5,2025-05-12,,orphan_foreign_key
RAT0034545,CUST0043279,ITEM0083,LOC0007,ORD00066903,4,2025-05-12,Nice ambience and good service.,orphan_foreign_key
RAT0034552,CUST0023685,ITEM0061,LOC0004,ORD00066806,3,2025-05-12,Decent but overpriced.,orphan_foreign_key
RAT0034561,CUST0028203,ITEM0147,LOC0008,ORD00064669,5,2025-05-12,,orphan_foreign_key
RAT0034577,CUST0003249,,LOC0025,ORD00066936,,2025-05-12,Enjoyed the meal.,missing_value
RAT0034578,CUST0040424,ITEM0064,LOC0011,ORD00065776,5,2025-05-12,Highly recommended.,orphan_foreign_key
RAT0034581,CUST0046046,ITEM0113,LOC0013,ORD00066901,,2025-05-12,Enjoyed the meal.,missing_value
RAT0034599,CUST0031873,ITEM0148,LOC0015,ORD00067096,5,,Amazing food and friendly staff.,invalid_date
RAT0034610,CUST0016954,ITEM0030,LOC0015,ORD00066948,6,2025-05-12,,invalid_rating
RAT0034635,CUST0013727,ITEM0043,LOC0004,ORD00066518,4,2025-05-12,,orphan_foreign_key
RAT0034662,CUST1194036,ITEM0020,LOC0008,ORD00067443,3,2025-05-13,,orphan_foreign_key
RAT0034663,CUST0043637,ITEM0140,LOC0016,ORD00067298,7,2025-05-13,Good value for money.,invalid_rating
RAT0034669,CUST0007269,ITEM0148,LOC0003,ORD00065503,,2025-05-13,,missing_value
RAT0034673,CUST0052543,ITEM0135,LOC0008,ORD00067348,3,2025-05-13,,orphan_foreign_key
RAT0034681,CUST0006753,,LOC0003,ORD00067391,,2025-05-13,,missing_value
RAT0034682,CUST0051538,ITEM0076,LOC0018,ORD00067388,,2025-05-13,,missing_value
RAT0034691,CUST0039438,ITEM0136,LOC0018,ORD00066612,10,2025-05-13,,invalid_rating
RAT0034694,CUST0036201,ITEM0151,LOC0008,ORD00067540,3,2025-05-13,"Average, nothing special.",orphan_foreign_key
RAT0034731,CUST0048050,ITEM0073,LOC0021,ORD00067319,1,2025-05-13,Too oily and bland.,orphan_foreign_key
RAT0034736,CUST0043279,,LOC0007,ORD00066903,3,2025-05-13,,orphan_foreign_key
RAT0034738,CUST0006945,ITEM0115,LOC0020,ORD00067013,4,2025-05-13,Tasty and fresh.,orphan_foreign_key
RAT0034779,CUST0001375,ITEM0090,LOC0004,ORD00066310,10,2025-05-13,"Average, nothing special.",invalid_rating
RAT0034806,CUST0004700,,LOC0024,ORD00065245,6,2025-05-13,,invalid_rating
RAT0034840,CUST6772387,,LOC0007,ORD00067497,3,2025-05-13,,orphan_foreign_key
RAT0034865,CUST0000805,ITEM0061,LOC0011,ORD00065771,3,2025-05-13,,orphan_foreign_key
RAT0034879,CUST0009682,ITEM0111,LOC0007,ORD00067176,2,2025-05-13,Portion was too small.,orphan_foreign_key
RAT0034898,CUST0010303,ITEM0068,LOC8488,ORD00064891,3,2025-05-14,,invalid_restaurant_id
RAT0034906,CUST0011207,ITEM0112,LOC0011,ORD00065496,,2025-05-14,Highly recommended.,missing_value
RAT0034930,CUST0013143,ITEM0065,LOC0015,ORD00066376,,2025-05-14,,missing_value
RAT0034944,CUST0024050,ITEM0092,LOC0020,ORD00067569,4,2025-05-14,,orphan_foreign_key
RAT0034947,CUST0039563,ITEM0154,LOC0007,ORD00067192,3,2027-11-05,,invalid_date
RAT0034950,CUST0053928,ITEM0142,LOC0004,ORD00067685,4,2025-05-14,Nice ambience and good service.,orphan_foreign_key
RAT0034966,CUST0054349,ITEM0145,LOC0004,ORD00067071,10,2025-05-14,"Average, nothing special.",invalid_rating
RAT0034972,CUST0048050,ITEM0113,LOC0021,ORD00067319,3,2025-05-14,,orphan_foreign_key
RAT0034990,CUST0029401,ITEM0071,LOC0016,ORD00066547,10,2025-05-14,,invalid_rating
RAT0034996,CUST0020497,ITEM0150,LOC0003,ORD00066600,5,2025-05-14,,orphan_foreign_key
RAT0035006,CUST0041865,ITEM0033,LOC0002,ORD00068014,,2025-05-14,"Excellent, loved it!",missing_value
RAT0035057,CUST0024050,ITEM0112,LOC0020,ORD00067569,3,2025-05-14,,orphan_foreign_key
RAT0035082,CUST0039749,ITEM0082,LOC0022,ORD00067749,,2025-05-14,,missing_value
RAT0035087,CUST0013664,ITEM0027,LOC0024,ORD00067802,3,2025-05-14,,orphan_foreign_key
RAT0035095,CUST0004355,ITEM0066,LOC0004,ORD00067276,,2025-05-14,,missing_value
RAT0035101,CUST0031948,ITEM0143,LOC0003,ORD00066964,,2025-05-14,Highly recommended.,missing_value
RAT0035134,CUST0004544,,LOC0015,ORD00067841,7,2025-05-14,,invalid_rating
RAT0035154,CUST0033380,ITEM0033,LOC0013,ORD00066173,4,2025-05-15,Enjoyed the meal.,orphan_foreign_key
RAT0035164,CUST0025776,ITEM0136,LOC0138,ORD00067715,4,2025-05-15,,invalid_restaurant_id
RAT0035206,CUST0050892,ITEM0153,LOC0021,ORD00067808,4,2025-05-15,,orphan_foreign_key
RAT0035209,CUST0033642,ITEM0088,LOC0006,ORD00067395,,2025-05-15,Good value for money.,missing_value
RAT0035211,CUST0040586,ITEM0036,LOC0016,ORD00068288,3,2025-05-15,,orphan_foreign_key
RAT0035212,CUST0036201,ITEM0005,LOC0008,ORD00067540,4,2025-05-15,,orphan_foreign_key
RAT0035224,CUST0034115,ITEM0015,LOC0021,ORD00067362,4,2025-05-15,Enjoyed the meal.,orphan_foreign_key
RAT0035232,CUST0046292,ITEM0160,LOC0111,ORD00068389,4,2025-05-15,,invalid_restaurant_id
RAT0035247,CUST0040586,ITEM0143,LOC0016,ORD00068288,4,2025-05-15,,orphan_foreign_key
RAT0035288,CUST0047929,ITEM0141,LOC0009,ORD00067486,2,2099-12-31,,invalid_date
RAT0035299,CUST0015703,ITEM0102,LOC0012,ORD00068162,6,2025-05-15,,invalid_rating
RAT0035314,CUST0030178,ITEM0027,LOC0001,ORD00067550,,2025-05-15,Tasty and fresh.,missing_value
RAT0035391,CUST0028800,,LOC0010,ORD00068164,3,2025-05-15,,orphan_foreign_key
RAT0035393,CUST0011138,ITEM0134,LOC0025,ORD00068026,,2025-05-15,Nice ambience and good service.,missing_value
RAT0035395,CUST0047083,ITEM0142,LOC0009,ORD00068267,6,2025-05-15,,invalid_rating
RAT0035409,CUST0004542,ITEM0157,LOC0013,ORD00068052,0,2025-05-16,"Average, nothing special.",invalid_rating
RAT0035419,CUST0040586,ITEM0109,LOC0016,ORD00068288,4,2025-05-16,Enjoyed the meal.,orphan_foreign_key
RAT0035425,CUST0007110,ITEM0116,LOC0015,ORD00068852,5,2025-05-16,,orphan_foreign_key
RAT0035430,CUST0053851,ITEM0067,LOC0021,ORD00068786,0,2025-05-16,Not fresh.,invalid_rating
RAT0035457,CUST0035304,ITEM0014,LOC0022,ORD00066921,4,2025-05-16,Good value for money.,orphan_foreign_key
RAT0035484,CUST0043473,ITEM0151,LOC0017,ORD00068956,3,2025-05-16,,orphan_foreign_key
RAT0035494,CUST0012897,ITEM0134,LOC0015,ORD00069042,7,2025-05-16,Nice ambience and good service.,invalid_rating
RAT0035495,CUST0044448,,LOC0003,ORD00068891,4,2025-05-16,Enjoyed the meal.,orphan_foreign_key
RAT0035508,CUST0003516,ITEM0138,LOC0011,ORD00068883,3,2025-05-16,,orphan_foreign_key
RAT0035511,CUST0002555,ITEM0102,LOC0018,ORD00067334,,2025-05-16,,missing_value
RAT0035539,CUST0042762,ITEM0137,LOC0008,ORD00068622,4,2025-05-16,,orphan_foreign_key
RAT0035567,CUST0043707,ITEM0058,LOC0003,ORD00068305,4,2025-05-16,Tasty and fresh.,orphan_foreign_key
RAT0035570,CUST0018984,ITEM0046,LOC0007,ORD00068312,3,2025-05-16,,orphan_foreign_key
RAT0035571,CUST0034849,ITEM0023,LOC0008,ORD00069137,,2025-05-16,,missing_value
RAT0035582,CUST0020599,ITEM0151,LOC0008,ORD00068033,5,2025-05-16,,orphan_foreign_key
RAT0035640,CUST0003088,ITEM0054,LOC0003,ORD00068870,,2025-05-16,,missing_value
RAT0035645,CUST0043015,ITEM0048,LOC1483,ORD00066707,4,2025-05-16,Enjoyed the meal.,invalid_restaurant_id
RAT0035648,CUST0049037,ITEM0148,LOC0002,ORD00066774,,2025-05-16,,missing_value
RAT0035665,CUST0020448,ITEM0151,LOC0004,ORD00068812,3,2025-05-16,,orphan_foreign_key
RAT0035667,CUST0050175,ITEM0076,LOC0018,ORD00068646,4,2025-05-16,,orphan_foreign_key
RAT0035684,CUST0020448,ITEM0066,LOC0004,ORD00068812,4,2025-05-16,,orphan_foreign_key
RAT0035774,CUST0031664,,LOC0005,ORD00068764,5,,,invalid_date
RAT0035801,CUST0028113,ITEM0151,LOC0019,ORD00068154,3,2025-05-17,,orphan_foreign_key
RAT0035807,CUST0038337,ITEM0134,LOC0014,ORD00068830,4,2025-05-17,,orphan_foreign_key
RAT0035835,CUST0028974,ITEM0014,LOC0014,ORD00069638,,2025-05-17,"Good food, will order again.",missing_value
RAT0035855,CUST0034007,ITEM0134,LOC0021,ORD00069755,5,2025-05-17,Perfect taste and quick service.,orphan_foreign_key
RAT0035856,CUST0007923,ITEM0045,LOC0009,ORD00069753,-1,2025-05-17,"Good food, will order again.",invalid_rating
RAT0035896,CUST0052425,,LOC0025,ORD00069556,3,2025-05-17,Decent but overpriced.,orphan_foreign_key
RAT0035907,CUST0008412,ITEM0119,LOC0018,ORD00069218,3,2025-05-17,,orphan_foreign_key
RAT0035919,CUST0003802,ITEM0157,LOC0004,ORD00069700,5,2025-05-17,,orphan_foreign_key
RAT0035926,CUST0014041,ITEM0114,LOC0013,ORD00069148,,2025-05-17,,missing_value
RAT0035930,CUST0002572,,LOC0007,ORD00068931,,2025-05-17,,missing_value
RAT0035940,CUST0038981,ITEM0074,LOC0004,ORD00067564,5,2025-05-17,,orphan_foreign_key
RAT0035952,CUST0052755,ITEM0148,LOC0015,ORD00067559,2,2025-05-17,,orphan_foreign_key
RAT0035966,CUST0015003,ITEM0143,LOC0021,ORD00069220,4,2025-05-17,Good value for money.,orphan_foreign_key
RAT0035981,CUST0041318,ITEM0073,LOC0017,ORD00068756,1,2025-05-17,,orphan_foreign_key
RAT0036008,CUST0052425,ITEM0112,LOC0025,ORD00069556,3,2025-05-17,"Average, nothing special.",orphan_foreign_key
RAT0036027,CUST0010197,,LOC0014,ORD00068454,,2025-05-17,,missing_value
RAT0036036,CUST0038337,ITEM0112,LOC0014,ORD00068830,3,2025-05-17,,orphan_foreign_key
RAT0036047,CUST0050825,ITEM0098,LOC0020,ORD00069802,5,2025-05-18,,orphan_foreign_key
RAT0036060,CUST0046291,ITEM0150,LOC0004,ORD00070088,3,2025-05-18,,orphan_foreign_key
RAT0036083,CUST0000754,,LOC0010,ORD00070207,55,2025-05-18,,invalid_rating
RAT0036087,CUST0029387,ITEM0148,LOC0012,ORD00069947,4,2025-05-18,Nice ambience and good service.,orphan_foreign_key
RAT0036092,CUST0015454,ITEM0136,LOC0003,ORD00069636,3,2025-05-18,,orphan_foreign_key
RAT0036094,CUST0030847,ITEM0085,LOC0014,ORD00069543,0,2025-05-18,,invalid_rating
RAT0036097,CUST0039593,ITEM0081,LOC0001,ORD00069408,4,2025-05-18,Nice ambience and good service.,orphan_foreign_key
RAT0036101,CUST0014125,,LOC9304,ORD00069475,3,2025-05-18,,invalid_restaurant_id
RAT0036132,CUST0048088,ITEM0153,LOC0002,ORD00070282,5,2031-07-22,Perfect taste and quick service.,invalid_date
RAT0036156,CUST0023368,ITEM0135,LOC8052,ORD00068224,3,2025-05-18,"Taste was fine, packaging poor.",invalid_restaurant_id
RAT0036173,CUST0003277,ITEM0126,LOC0001,ORD00069790,,2025-05-18,"Average, nothing special.",missing_value
RAT0036177,CUST0003773,ITEM0006,LOC0015,ORD00070257,4,2025-05-18,,orphan_foreign_key
RAT0036180,CUST0032435,ITEM0131,LOC0013,ORD00068204,4,2031-07-22,,invalid_date
RAT0036184,CUST9987550,ITEM0050,LOC0020,ORD00069862,5,2025-05-18,Best in town.,orphan_foreign_key
RAT0036206,CUST0041250,ITEM0059,LOC2922,ORD00069809,4,2025-05-18,,invalid_restaurant_id
RAT0036209,CUST0040731,,LOC0018,ORD00070179,-1,2025-05-18,,invalid_rating
RAT0036217,CUST0040545,ITEM0048,LOC0016,ORD00068881,-1,2025-05-18,,invalid_rating
RAT0036253,CUST0024234,ITEM0057,LOC0005,ORD00069303,,2025-05-18,"Taste was fine, packaging poor.",missing_value
RAT0036258,CUST0007110,ITEM0134,LOC0015,ORD00068852,5,2025-05-18,,orphan_foreign_key
RAT0036261,CUST0000189,ITEM0152,LOC0019,ORD00069734,,2025-05-18,,missing_value
RAT0036274,CUST0006630,ITEM0009,LOC0020,ORD00070399,1,2025-05-18,,orphan_foreign_key
RAT0036275,CUST1722110,ITEM0081,LOC0023,ORD00069849,4,2025-05-18,,orphan_foreign_key
RAT0036309,CUST0034191,ITEM0151,LOC1261,ORD00069875,4,2025-05-18,"Good food, will order again.",invalid_restaurant_id
RAT0036313,CUST0014209,ITEM0036,LOC0018,ORD00070272,4,2025-05-18,Nice ambience and good service.,orphan_foreign_key
RAT0036318,CUST0053914,ITEM0148,LOC0018,ORD00069425,3,2025-05-18,,orphan_foreign_key
RAT0036320,CUST6975500,ITEM0153,LOC0014,ORD00069423,4,2025-05-18,,orphan_foreign_key
RAT0036340,CUST0013494,ITEM0137,LOC0017,ORD00066880,2,2025-05-18,Service was slow.,orphan_foreign_key
RAT0036351,CUST0024023,ITEM0063,LOC0022,ORD00070117,6,2025-05-18,,invalid_rating
RAT0036355,CUST0042784,ITEM0037,LOC0021,ORD00070021,4,2025-05-18,,orphan_foreign_key
RAT0036379,CUST0040706,ITEM0115,LOC0022,ORD00070075,-1,2025-05-19,Enjoyed the meal.,invalid_rating
RAT0036383,CUST0034764,ITEM0134,LOC0009,ORD00070464,4,2025-05-19,,orphan_foreign_key
RAT0036385,CUST0006565,ITEM0131,LOC0011,ORD00070631,,2025-05-19,,missing_value
RAT0036404,CUST0012061,ITEM0145,LOC5928,ORD00070311,5,2025-05-19,Amazing food and friendly staff.,invalid_restaurant_id
RAT0036409,CUST0008131,,LOC0007,ORD00069156,3,2099-12-31,Decent but overpriced.,invalid_date
RAT0036411,CUST0038554,,LOC0022,ORD00069887,4,2025-05-19,,orphan_foreign_key
RAT0036440,CUST0016805,,LOC0006,ORD00070789,0,2025-05-19,,invalid_rating
RAT0036450,CUST0034522,ITEM0083,LOC0005,ORD00070668,3,,Good taste but late delivery.,invalid_date
RAT0036481,CUST0043093,ITEM0149,LOC0009,ORD00069566,3,2025-05-19,,orphan_foreign_key
RAT0036486,CUST0001753,ITEM0150,LOC0018,ORD00070038,3,2025-05-19,,orphan_foreign_key
RAT0036510,CUST0001816,ITEM0148,LOC0013,ORD00070150,,2025-05-19,,missing_value
RAT0036523,CUST0053766,,LOC0018,ORD00070695,,2025-05-19,,missing_value
RAT0036537,CUST0038571,ITEM0127,LOC0018,ORD00070794,,2025-05-19,Good taste but late delivery.,missing_value
RAT0036549,CUST0003773,ITEM0140,LOC0015,ORD00070257,4,2025-05-19,,orphan_foreign_key
RAT0036577,CUST0039639,ITEM0054,LOC0008,ORD00070792,,2025-05-19,,missing_value
RAT0036584,CUST0003802,ITEM0061,LOC0004,ORD00069700,2,2025-05-19,,orphan_foreign_key
RAT0036586,CUST0016981,ITEM0034,LOC0007,ORD00070194,,2025-05-19,,missing_value
RAT0036615,CUST1643330,ITEM0156,LOC0011,ORD00070335,4,2025-05-19,,orphan_foreign_key
RAT0036688,CUST0015383,ITEM0045,LOC0008,ORD00071183,,2025-05-20,Amazing food and friendly staff.,missing_value
RAT0036693,CUST0006630,,LOC0020,ORD00070399,3,2025-05-20,,orphan_foreign_key
RAT0036698,CUST0028456,ITEM0049,LOC0018,ORD00070523,3,2025-05-20,,orphan_foreign_key
RAT0036707,CUST0032362,ITEM0138,LOC0018,ORD00070295,4,2025-05-20,,orphan_foreign_key
RAT0036739,CUST0020390,,LOC0003,ORD00071025,2,2025-05-20,Below average taste.,orphan_foreign_key
RAT0036741,CUST0032003,ITEM0083,LOC0023,ORD00071116,4,,,invalid_date
RAT0036745,CUST0049751,ITEM0134,LOC0004,ORD00070930,4,2025-05-20,,orphan_foreign_key
RAT0036754,CUST0015003,ITEM0136,LOC0021,ORD00069220,4,2025-05-20,Nice ambience and good service.,orphan_foreign_key
RAT0036760,CUST0030789,ITEM0051,LOC0005,ORD00070866,4,2025-05-20,,orphan_foreign_key
RAT0036763,CUST0005274,ITEM0147,LOC0003,ORD00070030,4,2025-05-20,,orphan_foreign_key
RAT0036766,CUST0036645,ITEM0134,LOC0017,ORD00070903,,2025-05-20,,missing_value
RAT0036774,CUST0041250,,LOC0011,ORD00069809,4,2025-05-20,,orphan_foreign_key
RAT0036795,CUST0020443,ITEM0145,LOC0004,ORD00070823,4,2025-05-20,Nice ambience and good service.,orphan_foreign_key
RAT0036820,CUST0010137,ITEM0111,LOC0008,ORD00069026,5,2099-12-31,Perfect taste and quick service.,invalid_date
RAT0036830,CUST0004069,,LOC6277,ORD00070867,4,2025-05-20,,invalid_restaurant_id
RAT0036859,CUST0039707,ITEM0099,LOC0004,ORD00070830,4,2025-05-20,Good value for money.,orphan_foreign_key
RAT0036864,CUST0035489,ITEM0045,LOC0013,ORD00070915,4,2025-05-20,,orphan_foreign_key
RAT0036866,CUST0015874,ITEM0092,LOC0003,ORD00070568,3,2025-05-20,"Average, nothing special.",orphan_foreign_key
RAT0036910,CUST0026209,,LOC0022,ORD00071032,0,2025-05-21,Amazing food and friendly staff.,invalid_rating
RAT0036925,CUST0046664,ITEM0151,LOC0005,ORD00069964,2,2025-05-21,,orphan_foreign_key
RAT0036967,CUST0031575,ITEM0138,LOC0015,ORD00071584,,2025-05-21,,missing_value
RAT0036971,CUST0032362,ITEM0037,LOC0018,ORD00070295,4,2025-05-21,Enjoyed the meal.,orphan_foreign_key
RAT0036979,CUST0035293,ITEM0074,LOC0024,ORD00071016,3,2025-05-21,"Taste was fine, packaging poor.",orphan_foreign_key
RAT0037008,CUST0035995,ITEM0149,LOC0009,ORD00071344,6,2025-05-21,,invalid_rating
RAT0037031,CUST0017866,ITEM0135,LOC0003,ORD00071472,3,2025-05-21,Good taste but late delivery.,orphan_foreign_key
RAT0037066,CUST0049081,ITEM0057,LOC0016,ORD00071167,7,2025-05-21,,invalid_rating
RAT0037081,CUST0025168,ITEM0134,LOC0018,ORD00071562,3,2025-05-21,"Average, nothing special.",orphan_foreign_key
RAT0037084,CUST0016352,ITEM0086,LOC0016,ORD00070572,6,2025-05-21,,invalid_rating
RAT0037091,CUST0008282,ITEM0148,LOC0011,ORD00071066,6,2025-05-21,,invalid_rating
RAT0037109,CUST0031995,ITEM0032,LOC0023,ORD00070313,3,2025-05-21,,orphan_foreign_key
RAT0037114,CUST0046664,ITEM0073,LOC0018,ORD00071262,1,,,invalid_date
RAT0037132,CUST9878005,ITEM0138,LOC0004,ORD00071308,5,2025-05-21,Perfect taste and quick service.,orphan_foreign_key
RAT0037148,CUST0020390,ITEM0006,LOC0003,ORD00071025,5,2025-05-21,,orphan_foreign_key
RAT0037159,CUST0040391,ITEM0068,LOC0003,ORD00071609,2,2025-05-21,Took too long to arrive.,orphan_foreign_key
RAT0037171,CUST0043354,ITEM0135,LOC0012,ORD00070651,3,2025-05-21,,orphan_foreign_key
RAT0037195,CUST0028901,,LOC0019,ORD00069309,4,2025-05-22,,orphan_foreign_key
RAT0037228,CUST0025389,ITEM0040,LOC0010,ORD00072054,3,,,invalid_date
RAT0037238,CUST0017383,ITEM0137,LOC0025,ORD00071589,4,2025-05-22,,orphan_foreign_key
RAT0037239,CUST0053814,ITEM0044,LOC0015,ORD00071707,4,2025-05-22,Enjoyed the meal.,orphan_foreign_key
RAT0037243,CUST0012276,ITEM0098,LOC0003,ORD00071774,,2025-05-22,,missing_value
RAT0037246,CUST0030254,ITEM0027,LOC0022,ORD00070904,3,2025-05-22,,orphan_foreign_key
RAT0037268,CUST0024724,ITEM0138,LOC0022,ORD00071766,3,2025-05-22,,orphan_foreign_key
RAT0037271,CUST0041843,ITEM0143,LOC0021,ORD00071860,,2025-05-22,Not fresh.,missing_value
RAT0037287,CUST5375284,ITEM0058,LOC0005,ORD00070937,2,2025-05-22,,orphan_foreign_key
RAT0037311,CUST0027219,ITEM0114,LOC0013,ORD00071806,5,2099-12-31,Amazing food and friendly staff.,invalid_date
RAT0037317,CUST0052955,ITEM0040,LOC0003,ORD00071812,,2025-05-22,,missing_value
RAT0037321,CUST0028456,ITEM0048,LOC0018,ORD00070523,2,2025-05-22,,orphan_foreign_key
RAT0037322,CUST0044289,,LOC0022,ORD00071552,,2025-05-22,"Good food, will order again.",missing_value
RAT0037330,CUST0012634,ITEM0045,LOC0298,ORD00070239,5,2025-05-22,,invalid_restaurant_id
RAT0037352,CUST0011854,,LOC0008,ORD00066604,,2025-05-22,Nice ambience and good service.,missing_value
RAT0037382,CUST0035505,ITEM0134,LOC0012,ORD00071587,,2025-05-22,,missing_value
RAT0037394,CUST0043641,ITEM0094,LOC9972,ORD00072643,4,2025-05-23,,invalid_restaurant_id
RAT0037464,CUST0020390,ITEM0047,LOC0003,ORD00071025,3,2025-05-23,,orphan_foreign_key
RAT0037485,CUST0009913,ITEM0048,LOC0014,ORD00072608,4,2025-05-23,,orphan_foreign_key
RAT0037500,CUST0002591,ITEM0125,LOC0019,ORD00071467,2,2025-05-23,,orphan_foreign_key
RAT0037514,CUST0051512,ITEM0148,LOC3818,ORD00071451,5,2025-05-23,"Excellent, loved it!",invalid_restaurant_id
RAT0037535,CUST0005493,ITEM0057,LOC0018,ORD00072346,3,2025-05-23,,orphan_foreign_key
RAT0037546,CUST0013494,,LOC0015,ORD00072161,,2025-05-23,Service was slow.,missing_value
RAT0037553,CUST0025756,ITEM0081,LOC5391,ORD00072012,4,2025-05-23,Good value for money.,invalid_restaurant_id
RAT0037568,CUST0031391,ITEM0159,LOC0018,ORD00071914,,2025-05-23,,missing_value
RAT0037592,CUST0012779,ITEM0074,LOC0010,ORD00072192,4,2025-05-23,Enjoyed the meal.,orphan_foreign_key
RAT0037611,CUST0043668,ITEM0057,LOC0018,ORD00072077,-1,2025-05-23,,invalid_rating
RAT0037615,CUST0048160,ITEM0048,LOC0003,ORD00072534,,2025-05-23,,missing_value
RAT0037637,CUST0014209,ITEM0036,LOC0018,ORD00072575,,2025-05-23,Took too long to arrive.,missing_value
RAT0037645,CUST0020510,ITEM0046,LOC0020,ORD00072501,4,2025-05-23,,orphan_foreign_key
RAT0037650,CUST0021434,ITEM0148,LOC0008,ORD00072424,4,2025-05-23,,orphan_foreign_key
RAT0037707,CUST0049595,ITEM0123,LOC0014,ORD00072062,3,2025-05-24,"Average, nothing special.",orphan_foreign_key
RAT0037709,CUST0005493,,LOC0018,ORD00072346,2,2025-05-24,Portion was too small.,orphan_foreign_key
RAT0037769,CUST0026117,ITEM0151,LOC0014,ORD00072823,,2025-05-24,Decent but overpriced.,missing_value
RAT0037782,CUST0012682,ITEM0046,LOC0015,ORD00073344,3,2027-11-05,Good taste but late delivery.,invalid_date
RAT0037789,CUST0031995,,LOC0007,ORD00072973,4,2025-05-24,"Good food, will order again.",orphan_foreign_key
RAT0037823,CUST0045097,ITEM0083,LOC0016,ORD00072864,4,2025-05-24,,orphan_foreign_key
RAT0037832,CUST0042424,,LOC0017,ORD00071960,4,2025-05-24,Good value for money.,orphan_foreign_key
RAT0037835,CUST0038006,ITEM0081,LOC0025,ORD00071413,3,2025-05-24,,orphan_foreign_key
RAT0037844,CUST0017866,,LOC0003,ORD00071472,2,2025-05-24,,orphan_foreign_key
RAT0037858,CUST0003903,ITEM0143,LOC0013,ORD00073248,,2025-05-24,,missing_value
RAT0037862,CUST0041691,ITEM0057,LOC0020,ORD00072890,,2025-05-24,,missing_value
RAT0037867,CUST0037558,,LOC0004,ORD00072828,,2025-05-24,"Good food, will order again.",missing_value
RAT0037897,CUST0031995,ITEM0068,LOC0007,ORD00072973,4,2025-05-24,Nice ambience and good service.,orphan_foreign_key
RAT0037907,CUST0023893,ITEM0058,LOC0008,ORD00072669,4,2025-05-24,Good value for money.,orphan_foreign_key
RAT0037922,CUST0007688,ITEM0052,LOC0025,ORD00071861,4,2025-05-24,Nice ambience and good service.,orphan_foreign_key
RAT0037928,CUST0017017,ITEM0051,LOC0014,ORD00072611,-1,2025-05-24,,invalid_rating
RAT0037936,CUST4384766,ITEM0148,LOC0009,ORD00072899,4,2025-05-24,,orphan_foreign_key
RAT0037937,CUST0000823,ITEM0098,LOC8618,ORD00073243,2,2025-05-24,Took too long to arrive.,invalid_restaurant_id
RAT0037939,CUST0044123,ITEM0154,LOC0005,ORD00072146,4,,"Good food, will order again.",invalid_date
RAT0037946,CUST0030922,ITEM0145,LOC0013,ORD00073222,,2025-05-24,Good value for money.,missing_value
RAT0037953,CUST0024724,ITEM0092,LOC0022,ORD00071766,4,2025-05-24,,orphan_foreign_key
RAT0037970,CUST0006360,ITEM0069,LOC0017,ORD00073343,4,2025-05-24,Nice ambience and good service.,orphan_foreign_key
RAT0037985,CUST0044771,ITEM0147,LOC0016,ORD00073428,5,2025-05-25,,orphan_foreign_key
RAT0038034,CUST0053034,ITEM0038,LOC0010,ORD00072026,,2025-05-25,,missing_value
RAT0038035,CUST0011389,ITEM0074,LOC0010,ORD00073672,,2025-05-25,,missing_value
RAT0038043,CUST0041045,ITEM0069,LOC0014,ORD00073658,4,2025-05-25,,orphan_foreign_key
RAT0038047,CUST0029915,,LOC8418,ORD00073298,4,2025-05-25,,invalid_restaurant_id
RAT0038057,CUST0048272,ITEM0111,LOC0003,ORD00073384,5,2025-05-25,Best in town.,orphan_foreign_key
RAT0038059,CUST0044771,ITEM0115,LOC0016,ORD00073428,3,2025-05-25,It was okay.,orphan_foreign_key
RAT0038105,CUST0022714,ITEM0105,LOC0009,ORD00073550,5,2025-05-25,,orphan_foreign_key
RAT0038127,CUST0031610,ITEM0157,LOC0013,ORD00073813,,2025-05-25,,missing_value
RAT0038218,CUST0026863,ITEM0014,LOC0005,ORD00073507,4,2025-05-25,,orphan_foreign_key
RAT0038238,CUST0014191,ITEM0155,LOC0004,ORD00073002,4,2025-05-25,Tasty and fresh.,orphan_foreign_key
RAT0038249,CUST0052524,ITEM0111,LOC0015,ORD00072158,2,,,invalid_date
RAT0038254,CUST0007284,ITEM0068,LOC0006,ORD00073722,3,2099-12-31,It was okay.,invalid_date
RAT0038255,CUST0050162,,LOC0021,ORD00073459,,2025-05-25,,missing_value
RAT0038262,CUST0041457,ITEM0083,LOC0007,ORD00073941,5,2031-07-22,,invalid_date
RAT0038282,CUST0000713,ITEM0066,LOC0004,ORD00074074,4,2025-05-26,,orphan_foreign_key
RAT0038287,CUST0040622,ITEM0158,LOC0023,ORD00074318,7,2025-05-26,,invalid_rating
RAT0038293,CUST0024115,,LOC0007,ORD00074423,4,2025-05-26,,orphan_foreign_key
RAT0038305,CUST0010362,ITEM0109,LOC0017,ORD00074094,2,2025-05-26,,orphan_foreign_key
RAT0038362,CUST0044164,,LOC0003,ORD00072807,4,2025-05-26,,orphan_foreign_key
RAT0038388,CUST0043964,ITEM0091,LOC0017,ORD00073697,4,,,invalid_date
RAT0038403,CUST5719389,ITEM0160,LOC0021,ORD00072762,5,2025-05-26,Perfect taste and quick service.,orphan_foreign_key
RAT0038418,CUST0046801,ITEM0081,LOC0005,ORD00071919,2,2025-05-26,,orphan_foreign_key
RAT0038450,CUST0027709,ITEM0150,LOC0004,ORD00074425,,2025-05-26,,missing_value
RAT0038452,CUST0022827,ITEM0068,LOC0006,ORD00073832,,2025-05-26,Amazing food and friendly staff.,missing_value
RAT0038461,CUST0053797,ITEM0061,LOC0002,ORD00073424,7,2025-05-26,,invalid_rating
RAT0038463,CUST0049219,ITEM0158,LOC0014,ORD00073054,3,2025-05-26,,orphan_foreign_key
RAT0038464,CUST0020824,ITEM0023,LOC0001,ORD00072560,3,,,invalid_date
RAT0038486,CUST0009622,ITEM0124,LOC0016,ORD00074364,3,2025-05-26,,orphan_foreign_key
RAT0038497,CUST8304801,,LOC0015,ORD00072632,4,2025-05-26,,orphan_foreign_key
RAT0038574,CUST0014153,ITEM0159,LOC0023,ORD00074707,3,2025-05-27,,orphan_foreign_key
RAT0038595,CUST0022446,ITEM0040,LOC0015,ORD00074502,4,2025-05-27,Good value for money.,orphan_foreign_key
RAT0038605,CUST0026618,ITEM0020,LOC0015,ORD00074161,,2025-05-27,,missing_value
RAT0038606,CUST0032292,ITEM0160,LOC0012,ORD00074036,6,2025-05-27,,invalid_rating
RAT0038622,CUST0040073,ITEM0061,LOC0016,ORD00074779,,2025-05-27,"Taste was fine, packaging poor.",missing_value
RAT0038644,CUST0026863,ITEM0085,LOC0005,ORD00073507,4,2025-05-27,,orphan_foreign_key
RAT0038650,CUST0023654,ITEM0048,LOC0008,ORD00074810,4,2025-05-27,,orphan_foreign_key
RAT0038651,CUST0051041,ITEM0137,LOC0017,ORD00073097,5,2025-05-27,Best in town.,orphan_foreign_key
RAT0038652,CUST0041919,ITEM0068,LOC0020,ORD00074027,3,2025-05-27,,orphan_foreign_key
RAT0038653,CUST0043348,ITEM0148,LOC0008,ORD00074317,3,2025-05-27,,orphan_foreign_key
RAT0038662,CUST0001774,ITEM0045,LOC0020,ORD00073350,3,2025-05-27,Decent but overpriced.,orphan_foreign_key
RAT0038671,CUST0005493,ITEM0081,LOC0018,ORD00072346,4,2025-05-27,Nice ambience and good service.,orphan_foreign_key
RAT0038701,CUST0035671,ITEM0023,LOC0020,ORD00071566,,2025-05-27,"Taste was fine, packaging poor.",missing_value
RAT0038719,CUST0006630,ITEM0151,LOC0003,ORD00074670,2,2025-05-27,,orphan_foreign_key
RAT0038724,CUST0024019,ITEM0064,LOC0017,ORD00074290,5,1970-01-01,Amazing food and friendly staff.,invalid_date
RAT0038746,CUST1135040,ITEM0027,LOC0003,ORD00074787,4,2025-05-27,,orphan_foreign_key
RAT0038747,CUST0000072,,LOC0020,ORD00073862,3,2025-05-27,,orphan_foreign_key
RAT0038753,CUST0046735,ITEM0068,LOC0001,ORD00072508,4,2025-05-27,,orphan_foreign_key
RAT0038768,CUST0022088,ITEM0049,LOC8647,ORD00074517,4,2025-05-27,"Good food, will order again.",invalid_restaurant_id
RAT0038770,CUST0041172,ITEM0040,LOC0009,ORD00072580,3,2025-05-27,"Taste was fine, packaging poor.",orphan_foreign_key
RAT0038788,CUST0014974,ITEM0136,LOC0004,ORD00074491,3,2025-05-27,,orphan_foreign_key
RAT0038792,CUST0041414,ITEM0027,LOC0006,ORD00074568,5,,Best in town.,invalid_date
RAT0038793,CUST0023654,ITEM0151,LOC0008,ORD00074810,4,2025-05-27,,orphan_foreign_key
RAT0038801,CUST0048216,ITEM0143,LOC0012,ORD00074893,,2025-05-28,It was okay.,missing_value
RAT0038857,CUST0004254,ITEM0138,LOC0011,ORD00074688,,2025-05-28,,missing_value
RAT0038912,CUST0003773,ITEM0066,LOC0015,ORD00075030,2,2025-05-28,,orphan_foreign_key
RAT0038942,CUST0001753,ITEM0102,LOC0018,ORD00074703,4,2025-05-28,,orphan_foreign_key
RAT0038947,CUST0004243,ITEM0044,LOC0013,ORD00072699,0,2025-05-28,Enjoyed the meal.,invalid_rating
RAT0038960,CUST0015062,ITEM0057,LOC0007,ORD00073079,5,2025-05-28,,orphan_foreign_key
RAT0038965,CUST0010417,ITEM0151,LOC0020,ORD00074142,3,2025-05-28,,orphan_foreign_key
RAT0038966,CUST0041769,ITEM0135,LOC0025,ORD00074962,,2025-05-28,"Good food, will order again.",missing_value
RAT0038976,CUST0001753,ITEM0132,LOC0018,ORD00075074,4,2025-05-28,,orphan_foreign_key
RAT0038997,CUST0046753,ITEM0045,LOC0008,ORD00074968,,2025-05-28,,missing_value
RAT0038998,CUST0043183,,LOC0014,ORD00073139,4,2025-05-28,,orphan_foreign_key
RAT0039000,CUST0022177,ITEM0138,LOC0018,ORD00074506,4,2031-07-22,,invalid_date
RAT0039018,CUST0046638,ITEM0042,LOC0003,ORD00074236,2,2025-05-28,Took too long to arrive.,orphan_foreign_key
RAT0039020,CUST0041893,,LOC0012,ORD00074032,3,2025-05-28,It was okay.,orphan_foreign_key
RAT0039027,CUST0031573,,LOC0022,ORD00075165,4,2025-05-28,,orphan_foreign_key
RAT0039042,CUST0035707,ITEM0089,LOC0022,ORD00075069,,2025-05-28,Amazing food and friendly staff.,missing_value
RAT0039073,CUST0022239,ITEM0158,LOC0017,ORD00075704,2,2025-05-29,,orphan_foreign_key
RAT0039094,CUST0049453,,LOC0006,ORD00074300,4,2025-05-29,,orphan_foreign_key
RAT0039140,CUST0032248,ITEM0091,LOC0023,ORD00075186,3,2031-07-22,,invalid_date
RAT0039145,CUST0006710,ITEM0081,LOC0016,ORD00074974,4,2025-05-29,"Good food, will order again.",orphan_foreign_key
RAT0039157,CUST0014253,ITEM0151,LOC0019,ORD00073935,2,2025-05-29,Portion was too small.,orphan_foreign_key
RAT0039185,CUST0014153,ITEM0149,LOC0023,ORD00074707,4,2025-05-29,Tasty and fresh.,orphan_foreign_key
RAT0039328,CUST0048911,ITEM0035,LOC0019,ORD00075683,2,2025-05-30,,orphan_foreign_key
RAT0039336,CUST0052755,ITEM0012,LOC0015,ORD00076270,2,2025-05-30,,orphan_foreign_key
RAT0039348,CUST0008906,,LOC0003,ORD00076110,,2025-05-30,It was okay.,missing_value
RAT0039366,CUST0044666,ITEM0114,LOC0018,ORD00075485,5,2025-05-30,Highly recommended.,orphan_foreign_key
RAT0039373,CUST0046980,ITEM0148,LOC0018,ORD00075033,,2025-05-30,,missing_value
RAT0039375,CUST0022446,ITEM0068,LOC0015,ORD00074502,4,2025-05-30,,orphan_foreign_key
RAT0039383,CUST0031642,ITEM0034,LOC0013,ORD00074649,,2025-05-30,Decent but overpriced.,missing_value
RAT0039398,CUST0010348,ITEM0041,LOC0008,ORD00076232,4,2025-05-30,,orphan_foreign_key
RAT0039424,CUST0034725,ITEM0159,LOC0009,ORD00076252,-1,2025-05-30,,invalid_rating
RAT0039430,CUST0046564,,LOC0002,ORD00075661,2,1900-01-01,,invalid_date
RAT0039488,CUST0003479,ITEM0091,LOC0013,ORD00075521,-1,2025-05-30,,invalid_rating
RAT0039501,CUST0022239,ITEM0040,LOC0017,ORD00075704,4,2025-05-30,Tasty and fresh.,orphan_foreign_key
RAT0039507,CUST0045160,ITEM0148,LOC0003,ORD00075769,2,2025-05-30,Portion was too small.,orphan_foreign_key
RAT0039521,CUST0018037,ITEM0081,LOC0015,ORD00076157,4,2025-05-30,,orphan_foreign_key
RAT0039528,CUST0054991,ITEM0059,LOC0013,ORD00075936,5,2027-11-05,Best in town.,invalid_date
RAT0039539,CUST0018983,ITEM0033,LOC0009,ORD00076177,2,2025-05-30,,orphan_foreign_key
RAT0039580,CUST0031573,ITEM0036,LOC0022,ORD00075165,5,2025-05-30,,orphan_foreign_key
RAT0039585,CUST0002472,ITEM0067,LOC0002,ORD00076105,6,2025-05-30,Best in town.,invalid_rating
RAT0039590,CUST0018037,ITEM0141,LOC0015,ORD00076157,2,2025-05-30,,orphan_foreign_key
RAT0039591,CUST0001753,ITEM0134,LOC0018,ORD00075074,3,2025-05-30,,orphan_foreign_key
RAT0039601,CUST0025431,,LOC0022,ORD00076929,4,,,invalid_date
RAT0039614,CUST0004637,ITEM0076,LOC0014,ORD00075929,,2025-05-31,Good taste but late delivery.,missing_value
RAT0039651,CUST0002007,ITEM0058,LOC0011,ORD00076214,3,2025-05-31,,orphan_foreign_key
RAT0039672,CUST0031387,ITEM0046,LOC0014,ORD00076704,,2025-05-31,"Good food, will order again.",missing_value
RAT0039688,CUST9710235,ITEM0138,LOC0004,ORD00072724,4,2025-05-31,,orphan_foreign_key
RAT0039690,CUST0003025,ITEM0101,LOC0022,ORD00076234,6,2025-05-31,,invalid_rating
RAT0039710,CUST0039329,,LOC0023,ORD00076411,,2025-05-31,"Taste was fine, packaging poor.",missing_value
RAT0039729,CUST0053780,ITEM0148,LOC0004,ORD00076524,3,2025-05-31,"Average, nothing special.",orphan_foreign_key
RAT0039740,CUST0044612,ITEM0061,LOC0016,ORD00075763,1,2025-05-31,,orphan_foreign_key
RAT0039749,CUST0032705,ITEM0147,LOC0019,ORD00075351,55,2025-05-31,,invalid_rating
RAT0039820,CUST0008389,ITEM0054,LOC0019,ORD00075142,55,2025-05-31,,invalid_rating
RAT0039823,CUST0014131,ITEM0134,LOC0021,ORD00076393,,2025-05-31,,missing_value
RAT0039842,CUST0033324,ITEM0123,LOC0025,ORD00075837,4,2025-05-31,,orphan_foreign_key
RAT0039848,CUST0008602,,LOC0011,ORD00076358,55,2025-05-31,Enjoyed the meal.,invalid_rating
RAT0039863,CUST0011452,ITEM0160,LOC0008,ORD00076493,,2025-05-31,,missing_value
RAT0039872,CUST0049155,ITEM0151,LOC0004,ORD00076440,,2025-05-31,,missing_value
RAT0039893,CUST0019925,ITEM0029,LOC0009,ORD00076672,55,2025-05-31,Tasty and fresh.,invalid_rating
RAT0039897,CUST0008289,ITEM0007,LOC0018,ORD00075896,,2025-05-31,,missing_value
RAT0039941,CUST0003916,,LOC0014,ORD00077217,3,2025-06-01,,orphan_foreign_key
RAT0039975,CUST0005827,ITEM0071,LOC0003,ORD00076423,2,,,invalid_date
RAT0039981,CUST0002804,ITEM0045,LOC0008,ORD00076838,4,2025-06-01,"Good food, will order again.",orphan_foreign_key
RAT0039997,CUST0005448,ITEM0151,LOC0009,ORD00076182,4,2027-11-05,,invalid_date
RAT0040001,CUST0053780,ITEM0039,LOC0004,ORD00076524,4,2025-06-01,,orphan_foreign_key
RAT0040002,CUST0039242,ITEM0050,LOC0009,ORD00075344,,2025-06-01,,missing_value
RAT0040009,CUST0040140,ITEM0085,LOC0020,ORD00077209,3,2025-06-01,,orphan_foreign_key
RAT0040021,CUST0001414,ITEM0141,LOC0007,ORD00077328,,2025-06-01,"Very disappointing, will not order again.",missing_value
RAT0040024,CUST0043748,ITEM0045,LOC0631,ORD00076457,5,2025-06-01,,invalid_restaurant_id
RAT0040030,CUST0041342,ITEM0086,LOC0004,ORD00077191,,2025-06-01,Tasty and fresh.,missing_value
RAT0040031,CUST0020854,ITEM0142,LOC0006,ORD00076827,4,2025-06-01,,orphan_foreign_key
RAT0040036,CUST0051496,ITEM0109,LOC0022,ORD00077092,,2025-06-01,Nice ambience and good service.,missing_value
RAT0040054,CUST0001774,ITEM0141,LOC0020,ORD00077142,1,,Poor quality for the price.,invalid_date
RAT0040067,CUST0038099,ITEM0151,LOC0007,ORD00077573,,2025-06-01,,missing_value
RAT0040074,CUST0037301,ITEM0136,LOC6568,ORD00077166,4,2025-06-01,,invalid_restaurant_id
RAT0040086,CUST0029413,ITEM0115,LOC0006,ORD00077236,,2025-06-01,,missing_value
RAT0040100,CUST0015691,ITEM0137,LOC0015,ORD00073383,4,2025-06-01,,orphan_foreign_key
RAT0040112,CUST0002007,ITEM0143,LOC0011,ORD00076214,3,2025-06-01,,orphan_foreign_key
RAT0040119,CUST0054371,ITEM0067,LOC0011,ORD00077565,3,,,invalid_date
RAT0040122,CUST0023046,ITEM0147,LOC0013,ORD00075528,,2025-06-01,,missing_value
RAT0040127,CUST6793434,,LOC0018,ORD00077138,3,2025-06-01,,orphan_foreign_key
RAT0040139,CUST0033278,ITEM0151,LOC0022,ORD00075850,,2025-06-01,,missing_value
RAT0040145,CUST0049891,,LOC0017,ORD00077251,3,2025-06-01,,orphan_foreign_key
RAT0040156,CUST0041048,ITEM0082,LOC0657,ORD00075778,3,2025-06-01,,invalid_restaurant_id
RAT0040161,CUST0040233,ITEM0114,LOC0015,ORD00076867,4,2025-06-01,,orphan_foreign_key
RAT0040170,CUST0030469,ITEM0060,LOC0003,ORD00077049,,2025-06-01,,missing_value
RAT0040171,CUST0009083,ITEM0091,LOC0001,ORD00076321,4,2025-06-01,,orphan_foreign_key
RAT0040173,CUST0033062,ITEM0102,LOC0016,ORD00075941,,2025-06-01,,missing_value
RAT0040176,CUST0011278,ITEM0152,LOC0002,ORD00076815,4,,,invalid_date
RAT0040181,CUST0049667,ITEM0013,LOC0002,ORD00074059,6,2025-06-01,,invalid_rating
RAT0040187,CUST0011203,ITEM0095,LOC0004,ORD00073404,4,2025-06-01,,orphan_foreign_key
RAT0040237,CUST0050230,ITEM0089,LOC0013,ORD00077903,,2025-06-02,Decent but overpriced.,missing_value
RAT0040252,CUST0024897,ITEM0121,LOC0010,ORD00077013,3,2025-06-02,,orphan_foreign_key
RAT0040268,CUST0017817,ITEM0121,LOC0010,ORD00077396,3,2025-06-02,,orphan_foreign_key
RAT0040274,CUST0000510,,LOC0001,ORD00076871,0,2025-06-02,It was okay.,invalid_rating
RAT0040284,CUST0027420,,LOC9151,ORD00076529,3,2025-06-02,,invalid_restaurant_id
RAT0040302,CUST0048512,ITEM0132,LOC3821,ORD00077488,2,2025-06-02,,invalid_restaurant_id
RAT0040305,CUST0047668,ITEM0125,LOC0015,ORD00077106,4,2025-06-02,Tasty and fresh.,orphan_foreign_key
RAT0040335,CUST0757828,,LOC0021,ORD00077906,3,2025-06-02,Good taste but late delivery.,orphan_foreign_key
RAT0040341,CUST0043348,ITEM0059,LOC0008,ORD00077696,5,2025-06-02,,orphan_foreign_key
RAT0040347,CUST0046151,ITEM0033,LOC0008,ORD00077682,3,2025-06-02,,orphan_foreign_key
RAT0040351,CUST0032494,ITEM0139,LOC2143,ORD00077541,2,2025-06-02,,invalid_restaurant_id
RAT0040392,CUST0040140,,LOC0020,ORD00077249,4,2025-06-02,Nice ambience and good service.,orphan_foreign_key
RAT0040441,CUST0001539,ITEM0146,LOC0016,ORD00077555,,2025-06-02,,missing_value
RAT0040451,CUST0034900,ITEM0137,LOC0017,ORD00077170,4,2025-06-02,,orphan_foreign_key
RAT0040465,CUST0027743,ITEM0068,LOC0004,ORD00078125,4,2025-06-03,,orphan_foreign_key
RAT0040476,CUST0016910,ITEM0148,LOC0022,ORD00078303,,2025-06-03,,missing_value
RAT0040488,CUST0000187,,LOC0008,ORD00077691,5,,,invalid_date
RAT0040492,CUST0040140,ITEM0141,LOC0020,ORD00077249,2,2025-06-03,Took too long to arrive.,orphan_foreign_key
RAT0040501,CUST0009016,ITEM0112,LOC0015,ORD00078336,,2025-06-03,,missing_value
RAT0040502,CUST0044448,ITEM0033,LOC0003,ORD00078263,4,2025-06-03,,orphan_foreign_key
RAT0040504,CUST0031486,ITEM0157,LOC0019,ORD00076685,4,2025-06-03,Enjoyed the meal.,orphan_foreign_key
RAT0040528,CUST0044080,ITEM0142,LOC0009,ORD00077481,,2025-06-03,,missing_value
RAT0040580,CUST4034370,,LOC0013,ORD00078244,4,2025-06-03,,orphan_foreign_key
RAT0040581,CUST0023171,ITEM0075,LOC0008,ORD00078283,55,2025-06-03,,invalid_rating
RAT0040589,CUST0032781,ITEM0021,LOC0004,ORD00078250,4,2025-06-03,,orphan_foreign_key
RAT0040607,CUST1247444,ITEM0046,LOC0008,ORD00078003,4,2025-06-03,,orphan_foreign_key
RAT0040624,CUST0006066,ITEM0040,LOC0023,ORD00077844,5,2025-06-03,,orphan_foreign_key
RAT0040638,CUST0009409,,LOC5909,ORD00078080,3,2025-06-03,,invalid_restaurant_id
RAT0040639,CUST0020416,,LOC0014,ORD00077909,4,1900-01-01,"Good food, will order again.",invalid_date
RAT0040645,CUST0036064,ITEM0077,LOC1131,ORD00077477,3,2025-06-03,It was okay.,invalid_restaurant_id
RAT0040651,CUST0028642,ITEM0026,LOC0004,ORD00077915,,2025-06-03,,missing_value
RAT0040664,CUST0000187,ITEM0012,LOC0008,ORD00077691,4,2025-06-03,,orphan_foreign_key
RAT0040668,CUST0020854,ITEM0027,LOC0006,ORD00076827,4,2025-06-03,Enjoyed the meal.,orphan_foreign_key
RAT0040686,CUST0042529,ITEM0081,LOC0011,ORD00078257,,2025-06-03,,missing_value
RAT0040687,CUST0007600,,LOC5257,ORD00077153,3,2025-06-03,,invalid_restaurant_id
RAT0040697,CUST0006710,ITEM0054,LOC0016,ORD00074974,0,2025-06-03,,invalid_rating
RAT0040699,CUST0034041,,LOC0017,ORD00076749,-1,2025-06-03,It was okay.,invalid_rating
RAT0040713,CUST0011318,ITEM0138,LOC0003,ORD00078589,1,2025-06-04,,orphan_foreign_key
RAT0040715,CUST0010084,,LOC5120,ORD00078382,4,2025-06-04,Nice ambience and good service.,invalid_restaurant_id
RAT0040739,CUST0018037,ITEM0013,LOC0015,ORD00078444,4,2025-06-04,,orphan_foreign_key
RAT0040766,CUST0040117,ITEM0153,LOC0020,ORD00077984,10,2025-06-04,,invalid_rating
RAT0040769,CUST0040140,ITEM0040,LOC0020,ORD00077209,3,2025-06-04,Good taste but late delivery.,orphan_foreign_key
RAT0040774,CUST0005107,ITEM0123,LOC2108,ORD00078752,4,2025-06-04,Tasty and fresh.,invalid_restaurant_id
RAT0040779,CUST0046052,ITEM0077,LOC0005,ORD00078012,3,,"Average, nothing special.",invalid_date
RAT0040781,CUST0015340,ITEM0148,LOC0024,ORD00078140,4,2025-06-04,,orphan_foreign_key
RAT0040785,CUST0048339,ITEM0045,LOC0020,ORD00078739,55,2025-06-04,,invalid_rating
RAT0040803,CUST0040793,ITEM0134,LOC0025,ORD00077968,4,2025-06-04,Enjoyed the meal.,orphan_foreign_key
RAT0040814,CUST0015340,ITEM0091,LOC0024,ORD00078140,5,2025-06-04,"Excellent, loved it!",orphan_foreign_key
RAT0040816,CUST0022089,ITEM0088,LOC0012,ORD00078222,4,2025-06-04,"Good food, will order again.",orphan_foreign_key
RAT0040823,CUST0020989,ITEM0115,LOC0022,ORD00078719,10,2025-06-04,Nice ambience and good service.,invalid_rating
RAT0040836,CUST0046454,ITEM0045,LOC0012,ORD00077616,4,2025-06-04,Good value for money.,orphan_foreign_key
RAT0040838,CUST0048665,ITEM0036,LOC0022,ORD00078219,4,2025-06-04,,orphan_foreign_key
RAT0040851,CUST0040793,ITEM0004,LOC0025,ORD00077968,4,2025-06-04,Good value for money.,orphan_foreign_key
RAT0040860,CUST0036455,ITEM0045,LOC0007,ORD00078278,4,2025-06-04,,orphan_foreign_key
RAT0040883,CUST0028661,,LOC0021,ORD00078730,4,2025-06-04,Enjoyed the meal.,orphan_foreign_key
RAT0040887,CUST0048251,ITEM0072,LOC0012,ORD00078746,,2025-06-04,,missing_value
RAT0040889,CUST0036104,ITEM0118,LOC0019,ORD00078414,3,2025-06-04,,orphan_foreign_key
RAT0040905,CUST0015908,ITEM0082,LOC0019,ORD00078156,6,2025-06-04,,invalid_rating
RAT0040908,CUST3597903,ITEM0074,LOC0019,ORD00078682,5,2025-06-04,Perfect taste and quick service.,orphan_foreign_key
RAT0040931,CUST0006943,ITEM0045,LOC0001,ORD00078150,3,2025-06-04,,orphan_foreign_key
RAT0040937,CUST0024703,ITEM0112,LOC0008,ORD00078705,4,2025-06-04,,orphan_foreign_key
RAT0040940,CUST0034779,,LOC0012,ORD00078577,5,2025-06-04,Highly recommended.,orphan_foreign_key
RAT0040946,CUST0000480,,LOC0007,ORD00078819,55,2025-06-05,Good value for money.,invalid_rating
RAT0040973,CUST0042885,ITEM0084,LOC0020,ORD00079002,4,2025-06-05,,orphan_foreign_key
RAT0040982,CUST0008162,ITEM0143,LOC0234,ORD00079147,4,2025-06-05,Enjoyed the meal.,invalid_restaurant_id
RAT0040989,CUST0048665,ITEM0048,LOC0022,ORD00078219,5,2025-06-05,,orphan_foreign_key
RAT0040993,CUST0014199,,LOC0002,ORD00078050,5,2025-06-05,,orphan_foreign_key
RAT0041006,CUST0022098,ITEM0051,LOC0019,ORD00078812,4,2025-06-05,,orphan_foreign_key
RAT0041029,CUST0043348,ITEM0058,LOC0008,ORD00078957,5,2025-06-05,,orphan_foreign_key
RAT0041033,CUST0048982,,LOC0001,ORD00077151,,2025-06-05,,missing_value
RAT0041037,CUST0049631,ITEM0151,LOC0014,ORD00078841,0,2025-06-05,It was okay.,invalid_rating
RAT0041045,CUST0006953,ITEM0033,LOC0003,ORD00078562,2,2025-06-05,,orphan_foreign_key
RAT0041064,CUST0006731,,LOC0018,ORD00078914,7,2025-06-05,,invalid_rating
RAT0041092,CUST0034068,ITEM0138,LOC0023,ORD00078467,,2025-06-05,,missing_value
RAT0041128,CUST0023893,ITEM0057,LOC0008,ORD00078945,0,2025-06-05,,invalid_rating
RAT0041132,CUST0027196,,LOC0010,ORD00077525,1,2025-06-05,,orphan_foreign_key
RAT0041154,CUST0024703,ITEM0109,LOC0008,ORD00078705,4,2025-06-05,Good value for money.,orphan_foreign_key
RAT0041167,CUST0020426,,LOC0009,ORD00079627,,2025-06-06,Enjoyed the meal.,missing_value
RAT0041173,CUST0025081,ITEM0113,LOC0013,ORD00079612,3,2025-06-06,,orphan_foreign_key
RAT0041178,CUST0036104,ITEM0013,LOC0019,ORD00078414,,2025-06-06,Decent but overpriced.,missing_value
RAT0041182,CUST0048272,ITEM0047,LOC0003,ORD00076975,2,2025-06-06,,orphan_foreign_key
RAT0041193,CUST0001514,ITEM0106,LOC0023,ORD00078580,10,2025-06-06,Below average taste.,invalid_rating
RAT0041237,CUST7651218,ITEM0138,LOC0003,ORD00079685,4,2025-06-06,Enjoyed the meal.,orphan_foreign_key
RAT0041281,CUST0044047,ITEM0137,LOC0007,ORD00078995,4,2025-06-06,,orphan_foreign_key
RAT0041285,CUST0032994,,LOC0012,ORD00079653,4,2025-06-06,Nice ambience and good service.,orphan_foreign_key
RAT0041292,CUST0031573,ITEM0046,LOC0022,ORD00075165,4,2025-06-06,,orphan_foreign_key
RAT0041303,CUST0027743,ITEM0138,LOC0004,ORD00078125,4,2025-06-06,,orphan_foreign_key
RAT0041335,CUST0051416,ITEM0143,LOC0004,ORD00078223,3,2025-06-06,,orphan_foreign_key
RAT0041341,CUST0034969,ITEM0134,LOC5446,ORD00079607,4,2025-06-06,,invalid_restaurant_id
RAT0041342,CUST0052425,ITEM0099,LOC0025,ORD00079422,0,2025-06-06,"Average, nothing special.",invalid_rating
RAT0041358,CUST0030254,ITEM0034,LOC0022,ORD00078678,3,2025-06-06,,orphan_foreign_key
RAT0041366,CUST0032768,ITEM0037,LOC0001,ORD00079558,,2025-06-06,,missing_value
RAT0041371,CUST0026739,,LOC0018,ORD00079579,,2025-06-06,Below average taste.,missing_value
RAT0041372,CUST0029613,ITEM0153,LOC0021,ORD00078905,0,2025-06-06,,invalid_rating
RAT0041387,CUST0008466,ITEM0123,LOC0005,ORD00078616,3,2031-07-22,,invalid_date
RAT0041398,CUST0037776,ITEM0048,LOC0025,ORD00079464,2,2025-06-06,,orphan_foreign_key
RAT0041401,CUST0025081,ITEM0045,LOC0013,ORD00079612,5,2025-06-06,Best in town.,orphan_foreign_key
RAT0041415,CUST0041449,ITEM0141,LOC0018,ORD00079044,3,2031-07-22,"Taste was fine, packaging poor.",invalid_date
RAT0041420,CUST0034542,ITEM0114,LOC0013,ORD00078916,,2025-06-06,Perfect taste and quick service.,missing_value
RAT0041423,CUST0050722,ITEM0136,LOC5297,ORD00079562,5,2025-06-07,,invalid_restaurant_id
RAT0041429,CUST0047350,ITEM0136,LOC0023,ORD00079779,1,2025-06-07,,orphan_foreign_key
RAT0041434,CUST0042166,ITEM0045,LOC0018,ORD00079903,4,2025-06-07,,orphan_foreign_key
RAT0041436,CUST0016870,ITEM0077,LOC0020,ORD00080096,3,2027-11-05,,invalid_date
RAT0041439,CUST0032636,,LOC0005,ORD00079638,,2025-06-07,,missing_value
RAT0041450,CUST0021459,ITEM0041,LOC0016,ORD00077656,,2025-06-07,Nice ambience and good service.,missing_value
RAT0041468,CUST0030298,ITEM0151,LOC0012,ORD00077678,5,2025-06-07,,orphan_foreign_key
RAT0041477,CUST0023411,ITEM0151,LOC0023,ORD00079711,3,2025-06-07,,orphan_foreign_key
RAT0041499,CUST0023770,,LOC0017,ORD00077855,4,2025-06-07,Tasty and fresh.,orphan_foreign_key
RAT0041514,CUST0032407,,LOC0010,ORD00080122,5,2025-06-07,,orphan_foreign_key
RAT0041515,CUST0032407,ITEM0123,LOC0010,ORD00080122,,2025-06-07,Best in town.,missing_value
RAT0041524,CUST4648515,ITEM0147,LOC0002,ORD00079940,2,2025-06-07,,orphan_foreign_key
RAT0041527,CUST0038631,ITEM0077,LOC0023,ORD00079891,3,2025-06-07,,orphan_foreign_key
RAT0041549,CUST0042613,ITEM0066,LOC0002,ORD00078036,,2025-06-07,,missing_value
RAT0041553,CUST0033606,,LOC0015,ORD00078795,55,2025-06-07,"Good food, will order again.",invalid_rating
RAT0041557,CUST0001663,ITEM0137,LOC0015,ORD00079871,,2025-06-07,Enjoyed the meal.,missing_value
RAT0041573,CUST0048369,ITEM0157,LOC0008,ORD00079197,,2025-06-07,,missing_value
RAT0041574,CUST0008394,ITEM0045,LOC0003,ORD00079341,4,2025-06-07,Tasty and fresh.,orphan_foreign_key
RAT0041577,CUST0021965,ITEM0031,LOC7705,ORD00077743,4,2025-06-07,,invalid_restaurant_id
RAT0041583,CUST0034779,ITEM0057,LOC0012,ORD00078577,4,2025-06-07,,orphan_foreign_key
RAT0041592,CUST0004251,ITEM0109,LOC5705,ORD00079605,5,2025-06-07,,invalid_restaurant_id
RAT0041598,CUST0054112,ITEM0159,LOC0018,ORD00079918,4,1900-01-01,,invalid_date
RAT0041617,CUST0042166,ITEM0045,LOC0018,ORD00079061,,2025-06-07,,missing_value
RAT0041646,CUST0051095,ITEM0068,LOC0013,ORD00079013,0,2025-06-07,,invalid_rating
RAT0041656,CUST0029271,,LOC0014,ORD00080457,5,2025-06-08,Highly recommended.,orphan_foreign_key
RAT0041662,CUST0046952,,LOC0016,ORD00080681,5,2025-06-08,Amazing food and friendly staff.,orphan_foreign_key
RAT0041696,CUST0021982,ITEM0032,LOC0004,ORD00079338,-1,2025-06-08,Amazing food and friendly staff.,invalid_rating
RAT0041700,CUST0051852,ITEM0068,LOC0006,ORD00080669,,2025-06-08,,missing_value
RAT0041706,CUST0032407,ITEM0041,LOC0010,ORD00080122,2,2025-06-08,,orphan_foreign_key
RAT0041715,CUST0046952,ITEM0046,LOC0016,ORD00080681,2,2025-06-08,Not fresh.,orphan_foreign_key
RAT0041752,CUST0027453,ITEM0032,LOC0008,ORD00080436,55,2025-06-08,Nice ambience and good service.,invalid_rating
RAT0041770,CUST0013375,ITEM0138,LOC0018,ORD00080620,3,2025-06-08,It was okay.,orphan_foreign_key
RAT0041786,CUST0039792,ITEM0009,LOC0022,ORD00080266,,2025-06-08,Too oily and bland.,missing_value
RAT0041793,CUST0046312,ITEM0033,LOC0001,ORD00079814,6,2025-06-08,"Taste was fine, packaging poor.",invalid_rating
RAT0041795,CUST0008412,ITEM0091,LOC0018,ORD00080592,5,2025-06-08,,orphan_foreign_key
RAT0041802,CUST0043713,ITEM0158,LOC0016,ORD00080586,5,,,invalid_date
RAT0041819,CUST0031718,ITEM0032,LOC0023,ORD00079923,3,2025-06-08,,orphan_foreign_key
RAT0041827,CUST0014853,,LOC8794,ORD00080242,3,2025-06-08,"Average, nothing special.",invalid_restaurant_id
RAT0041835,CUST0042222,ITEM0151,LOC0004,ORD00080467,4,2025-06-08,Enjoyed the meal.,orphan_foreign_key
RAT0041853,CUST0022419,ITEM0068,LOC0025,ORD00080673,2,2025-06-08,,orphan_foreign_key
RAT0041854,CUST0010435,ITEM0056,LOC0014,ORD00079965,3,2025-06-08,,orphan_foreign_key
RAT0041856,CUST0034525,ITEM0049,LOC0022,ORD00079494,,2025-06-08,Nice ambience and good service.,missing_value
RAT0041857,CUST0036104,ITEM0093,LOC0015,ORD00077683,5,2025-06-08,,orphan_foreign_key
RAT0041858,CUST0006115,ITEM0086,LOC0007,ORD00079624,4,2025-06-08,Good value for money.,orphan_foreign_key
RAT0041878,CUST0024668,ITEM0134,LOC0202,ORD00079329,3,2025-06-08,,invalid_restaurant_id
RAT0041880,CUST0005432,ITEM0057,LOC0006,ORD00080369,10,2025-06-08,Took too long to arrive.,invalid_rating
RAT0041906,CUST0019050,ITEM0065,LOC0020,ORD00080562,5,2025-06-08,,orphan_foreign_key
RAT0041910,CUST0008412,ITEM0041,LOC0018,ORD00080592,4,2025-06-08,"Good food, will order again.",orphan_foreign_key
RAT0041913,CUST0038470,ITEM0038,LOC0016,ORD00079015,10,2025-06-08,,invalid_rating
RAT0041918,CUST0024314,ITEM0098,LOC0017,ORD00080203,6,2025-06-08,,invalid_rating
RAT0041921,CUST0024761,ITEM0135,LOC0001,ORD00080238,,2025-06-08,,missing_value
RAT0041925,CUST0023687,ITEM0150,LOC0012,ORD00080292,3,,"Average, nothing special.",invalid_date
RAT0041928,CUST0015760,ITEM0135,LOC0007,ORD00080198,4,2025-06-09,Tasty and fresh.,orphan_foreign_key
RAT0041932,CUST0054918,ITEM0034,LOC0022,ORD00080101,3,2025-06-09,,orphan_foreign_key
RAT0041937,CUST0002425,,LOC1967,ORD00080348,3,2025-06-09,,invalid_restaurant_id
RAT0041950,CUST0045627,ITEM0058,LOC0016,ORD00080630,5,2025-06-09,,orphan_foreign_key
RAT0041960,CUST0031774,ITEM0003,LOC0003,ORD00080525,,2025-06-09,,missing_value
RAT0041971,CUST0052460,ITEM0068,LOC0024,ORD00080510,3,2025-06-09,,orphan_foreign_key
RAT0041973,CUST0045103,ITEM0138,LOC0020,ORD00081112,3,2025-06-09,,orphan_foreign_key
RAT0041978,CUST0014209,ITEM0138,LOC0018,ORD00081116,4,2025-06-09,,orphan_foreign_key
RAT0041990,CUST0032745,ITEM0004,LOC0004,ORD00080268,4,2025-06-09,,orphan_foreign_key
RAT0042007,CUST0027159,ITEM0005,LOC1443,ORD00080784,3,2025-06-09,Decent but overpriced.,invalid_restaurant_id
RAT0042024,CUST0041095,,LOC0008,ORD00079849,,2025-06-09,,missing_value
RAT0042046,CUST0016792,ITEM0146,LOC0016,ORD00080737,4,2025-06-09,,orphan_foreign_key
RAT0042052,CUST0049944,ITEM0046,LOC0018,ORD00080958,2,2025-06-09,,orphan_foreign_key
RAT0042077,CUST0008541,ITEM0138,LOC0008,ORD00080846,4,2025-06-09,,orphan_foreign_key
RAT0042084,CUST0052460,ITEM0035,LOC0024,ORD00080510,3,2025-06-09,,orphan_foreign_key
RAT0042091,CUST0018967,,LOC0023,ORD00079818,3,2025-06-09,,orphan_foreign_key
RAT0042096,CUST0011628,ITEM0088,LOC0012,ORD00080286,55,2025-06-09,,invalid_rating
RAT0042098,CUST0008541,ITEM0135,LOC0008,ORD00080846,4,2025-06-09,,orphan_foreign_key
RAT0042116,CUST0019595,ITEM0138,LOC0023,ORD00080760,4,2025-06-09,,orphan_foreign_key
RAT0042129,CUST0035411,ITEM0138,LOC0024,ORD00079461,,2025-06-09,Highly recommended.,missing_value
RAT0042134,CUST0006678,ITEM0044,LOC0012,ORD00080939,4,2025-06-09,,orphan_foreign_key
RAT0042143,CUST0046291,ITEM0056,LOC0020,ORD00080970,2,2025-06-09,,orphan_foreign_key
RAT0042157,CUST0002388,ITEM0037,LOC0025,ORD00080946,3,2025-06-09,"Taste was fine, packaging poor.",orphan_foreign_key
RAT0042171,CUST0014209,,LOC0018,ORD00081116,4,2025-06-09,"Good food, will order again.",orphan_foreign_key
RAT0042172,CUST0010435,ITEM0143,LOC0014,ORD00079965,4,2025-06-09,,orphan_foreign_key
RAT0042178,CUST0033690,ITEM0138,LOC0004,ORD00080894,,2025-06-09,,missing_value
RAT0042192,CUST0002591,ITEM0139,LOC0004,ORD00080059,4,2025-06-10,,orphan_foreign_key
RAT0042196,CUST0049092,ITEM0114,LOC0019,ORD00081353,7,2025-06-10,,invalid_rating
RAT0042198,CUST0048216,ITEM0045,LOC0012,ORD00080431,4,2025-06-10,,orphan_foreign_key
RAT0042212,CUST0025652,ITEM0114,LOC9270,ORD00081013,3,2025-06-10,Decent but overpriced.,invalid_restaurant_id
RAT0042224,CUST0019050,ITEM0046,LOC0020,ORD00080562,4,2025-06-10,,orphan_foreign_key
RAT0042277,CUST0022443,ITEM0156,LOC0020,ORD00081503,4,2025-06-10,,orphan_foreign_key
RAT0042291,CUST3761774,ITEM0057,LOC0009,ORD00080527,4,2025-06-10,Good value for money.,orphan_foreign_key
RAT0042323,CUST0024162,ITEM0137,LOC0008,ORD00081509,3,2025-06-10,,orphan_foreign_key
RAT0042333,CUST0002591,ITEM0092,LOC0004,ORD00080059,3,2025-06-10,,orphan_foreign_key
RAT0042335,CUST0026600,ITEM0061,LOC0023,ORD00080919,2,2025-06-10,,orphan_foreign_key
RAT0042361,CUST0043098,ITEM0077,LOC0015,ORD00081362,4,2025-06-10,,orphan_foreign_key
RAT0042380,CUST0000950,ITEM0035,LOC0015,ORD00080813,,2025-06-10,,missing_value
RAT0042383,CUST0021190,ITEM0066,LOC0002,ORD00081322,4,2025-06-10,,orphan_foreign_key
RAT0042428,CUST0029704,ITEM0004,LOC0005,ORD00081859,-1,2025-06-11,,invalid_rating
RAT0042433,CUST0046454,ITEM0009,LOC0012,ORD00080841,2,2025-06-11,,orphan_foreign_key
RAT0042443,CUST0046413,ITEM0082,LOC0006,ORD00081200,3,2025-06-11,"Average, nothing special.",orphan_foreign_key
RAT0042445,CUST0002388,ITEM0045,LOC0025,ORD00080946,4,2025-06-11,,orphan_foreign_key
RAT0042469,CUST0043098,ITEM0081,LOC0015,ORD00081362,4,2025-06-11,,orphan_foreign_key
RAT0042471,CUST0053373,ITEM0113,LOC0013,ORD00081305,4,2025-06-11,"Good food, will order again.",orphan_foreign_key
RAT0042472,CUST0006943,ITEM0068,LOC0001,ORD00078150,3,2025-06-11,,orphan_foreign_key
RAT0042481,CUST0043679,ITEM0081,LOC0004,ORD00081868,4,2025-06-11,,orphan_foreign_key
RAT0042507,CUST0021900,,LOC0020,ORD00081476,,2025-06-11,Good taste but late delivery.,missing_value
RAT0042509,CUST0005868,ITEM0138,LOC0023,ORD00081880,10,2025-06-11,,invalid_rating
RAT0042512,CUST0030197,,LOC0023,ORD00081626,,2025-06-11,,missing_value
RAT0042516,CUST0022443,ITEM0068,LOC0020,ORD00081503,4,2025-06-11,,orphan_foreign_key
RAT0042521,CUST0011851,ITEM0125,LOC8917,ORD00081831,4,2025-06-11,,invalid_restaurant_id
RAT0042525,CUST0034950,ITEM0065,LOC0006,ORD00081079,,2025-06-11,,missing_value
RAT0042533,CUST0003853,ITEM0057,LOC0008,ORD00081636,4,2025-06-11,Nice ambience and good service.,orphan_foreign_key
RAT0042536,CUST0010023,ITEM0092,LOC0016,ORD00081960,7,2025-06-11,,invalid_rating
RAT0042556,CUST0027573,ITEM0059,LOC0013,ORD00081778,5,2025-06-11,,orphan_foreign_key
RAT0042574,CUST0039066,ITEM0049,LOC0009,ORD00081830,4,2099-12-31,,invalid_date
RAT0042615,CUST0008541,ITEM0033,LOC0008,ORD00080846,4,2025-06-11,Tasty and fresh.,orphan_foreign_key
RAT0042629,CUST0016792,ITEM0045,LOC0016,ORD00080737,4,2025-06-11,,orphan_foreign_key
RAT0042632,CUST0017734,ITEM0105,LOC0012,ORD00081524,7,2025-06-11,"Excellent, loved it!",invalid_rating
RAT0042665,CUST0016530,ITEM0077,LOC0022,ORD00081837,4,2025-06-12,,orphan_foreign_key
RAT0042687,CUST0029941,ITEM0151,LOC0024,ORD00082412,,2025-06-12,,missing_value
RAT0042718,CUST0018565,ITEM0003,LOC0018,ORD00082175,,2025-06-12,,missing_value
RAT0042733,CUST0019595,ITEM0134,LOC0023,ORD00080760,4,2025-06-12,,orphan_foreign_key
RAT0042749,CUST0031486,ITEM0090,LOC0012,ORD00081706,3,2025-06-12,,orphan_foreign_key
RAT0042758,CUST0010026,ITEM0061,LOC0016,ORD00081916,2,2025-06-12,,orphan_foreign_key
RAT0042760,CUST0025081,ITEM0151,LOC0013,ORD00079612,4,2025-06-12,,orphan_foreign_key
RAT0042781,CUST0048369,ITEM0013,LOC0008,ORD00081613,3,2025-06-12,,orphan_foreign_key
RAT0042782,CUST0046413,ITEM0089,LOC0006,ORD00081200,4,2025-06-12,,orphan_foreign_key
RAT0042822,CUST0042515,,LOC0001,ORD00082007,,2025-06-12,,missing_value
RAT0042852,CUST0028477,ITEM0081,LOC0004,ORD00082278,,2025-06-12,,missing_value
RAT0042856,CUST0048900,,LOC0003,ORD00082316,3,2025-06-12,Good taste but late delivery.,orphan_foreign_key
RAT0042877,CUST0030890,ITEM0013,LOC0004,ORD00081323,,2025-06-12,Tasty and fresh.,missing_value
RAT0042892,CUST0033052,ITEM0013,LOC0004,ORD00081654,3,2025-06-13,"Taste was fine, packaging poor.",orphan_foreign_key
RAT0042904,CUST0054660,ITEM0086,LOC0010,ORD00082587,,2025-06-13,"Excellent, loved it!",missing_value
RAT0042923,CUST0019065,ITEM0048,LOC0018,ORD00083073,55,2025-06-13,,invalid_rating
RAT0042947,CUST0004346,,LOC3922,ORD00082381,4,2025-06-13,Nice ambience and good service.,invalid_restaurant_id
RAT0042988,CUST0015241,,LOC0004,ORD00081217,4,2025-06-13,Nice ambience and good service.,orphan_foreign_key
RAT0042992,CUST0041937,ITEM0152,LOC0020,ORD00082679,,2025-06-13,"Good food, will order again.",missing_value
RAT0043032,CUST0012212,ITEM0067,LOC0014,ORD00082672,55,2025-06-13,,invalid_rating
RAT0043043,CUST0033606,ITEM0114,LOC0015,ORD00078795,5,2027-11-05,,invalid_date
RAT0043046,CUST0003853,ITEM0091,LOC0008,ORD00081636,3,2025-06-13,,orphan_foreign_key
RAT0043075,CUST0039445,ITEM0155,LOC0022,ORD00082392,10,2025-06-13,,invalid_rating
RAT0043087,CUST0010554,ITEM0068,LOC0001,ORD00082709,4,2025-06-13,,orphan_foreign_key
RAT0043126,CUST0026396,ITEM0146,LOC0017,ORD00082678,3,,"Taste was fine, packaging poor.",invalid_date
RAT0043133,CUST0025816,ITEM0151,LOC0008,ORD00082494,5,2025-06-13,,orphan_foreign_key
RAT0043161,CUST0034843,ITEM0141,LOC0021,ORD00081637,10,2025-06-13,Below average taste.,invalid_rating
RAT0043174,CUST0032629,ITEM0055,LOC1941,ORD00081248,4,2025-06-13,Good value for money.,invalid_restaurant_id
RAT0043183,CUST0022538,ITEM0064,LOC7019,ORD00082356,4,2025-06-13,,invalid_restaurant_id
RAT0043184,CUST0009655,ITEM0057,LOC0012,ORD00081247,,2025-06-13,,missing_value
RAT0043192,CUST0042424,ITEM0098,LOC0017,ORD00082924,3,2025-06-13,,orphan_foreign_key
RAT0043211,CUST0040974,ITEM0034,LOC0020,ORD00083500,3,2025-06-14,,orphan_foreign_key
RAT0043229,CUST0046412,ITEM0048,LOC0015,ORD00081738,4,2025-06-14,Nice ambience and good service.,orphan_foreign_key
RAT0043251,CUST0046413,,LOC0006,ORD00081200,4,2025-06-14,,orphan_foreign_key
RAT0043253,CUST0036233,ITEM0023,LOC0014,ORD00083338,,2025-06-14,Good taste but late delivery.,missing_value
RAT0043257,CUST0044553,ITEM0160,LOC0023,ORD00083685,4,2025-06-14,"Good food, will order again.",orphan_foreign_key
RAT0043265,CUST6564093,,LOC0008,ORD00083544,4,2025-06-14,Enjoyed the meal.,orphan_foreign_key
RAT0043267,CUST0018989,ITEM0003,LOC0023,ORD00083437,,2025-06-14,Nice ambience and good service.,missing_value
RAT0043302,CUST0019303,ITEM0130,LOC0003,ORD00083382,3,2025-06-14,Decent but overpriced.,orphan_foreign_key
RAT0043303,CUST0010942,ITEM0065,LOC0016,ORD00083759,4,1970-01-01,Good value for money.,invalid_date
RAT0043309,CUST0035307,,LOC0005,ORD00081760,,2025-06-14,Decent but overpriced.,missing_value
RAT0043334,CUST0043241,ITEM0046,LOC3739,ORD00083665,3,2025-06-14,,invalid_restaurant_id
RAT0043350,CUST0036233,ITEM0047,LOC0014,ORD00083338,3,2025-06-14,"Average, nothing special.",orphan_foreign_key
RAT0043355,CUST0036233,ITEM0148,LOC0014,ORD00083338,5,2025-06-14,Best in town.,orphan_foreign_key
RAT0043365,CUST0028208,ITEM0148,LOC0002,ORD00083639,55,2025-06-14,"Average, nothing special.",invalid_rating
RAT0043395,CUST0033324,,LOC0025,ORD00083310,4,2025-06-14,,orphan_foreign_key
RAT0043402,CUST0026283,ITEM0033,LOC0871,ORD00081675,5,2025-06-14,,invalid_restaurant_id
RAT0043428,CUST0026201,ITEM0090,LOC0005,ORD00082773,,2025-06-14,"Taste was fine, packaging poor.",missing_value
RAT0043429,CUST0046994,ITEM0110,LOC0002,ORD00082881,2,2025-06-14,,orphan_foreign_key
RAT0043437,CUST0002614,ITEM0126,LOC0003,ORD00083725,10,2025-06-14,It was okay.,invalid_rating
RAT0043478,CUST0040974,ITEM0056,LOC0020,ORD00083500,3,2025-06-14,,orphan_foreign_key
RAT0043513,CUST0005243,ITEM0031,LOC0770,ORD00083944,4,2025-06-15,Tasty and fresh.,invalid_restaurant_id
RAT0043515,CUST0024449,ITEM0141,LOC0020,ORD00083505,1,2025-06-15,,orphan_foreign_key
RAT0043520,CUST0044242,,LOC0018,ORD00084169,10,2025-06-15,,invalid_rating
RAT0043529,CUST0000524,,LOC0024,ORD00084203,5,2025-06-15,Best in town.,orphan_foreign_key
RAT0043552,CUST0041916,ITEM0135,LOC0009,ORD00084063,55,2025-06-15,,invalid_rating
RAT0043568,CUST0033455,,LOC0016,ORD00083875,4,,,invalid_date
RAT0043585,CUST0012815,ITEM0068,LOC0022,ORD00084135,4,2025-06-15,Good value for money.,orphan_foreign_key
RAT0043592,CUST0002037,ITEM0077,LOC0025,ORD00084293,3,2025-06-15,,orphan_foreign_key
RAT0043595,CUST0025199,ITEM0052,LOC0001,ORD00083871,,2025-06-15,,missing_value
RAT0043601,CUST0012567,ITEM0065,LOC0016,ORD00083832,,2025-06-15,Good taste but late delivery.,missing_value
RAT0043606,CUST0015359,ITEM0051,LOC0019,ORD00084069,3,2025-06-15,"Taste was fine, packaging poor.",orphan_foreign_key
RAT0043615,CUST0044553,,LOC0023,ORD00083685,3,2025-06-15,,orphan_foreign_key
RAT0043665,CUST0030197,ITEM0057,LOC0023,ORD00081626,,2025-06-15,,missing_value
RAT0043685,CUST0024449,ITEM0012,LOC0020,ORD00083505,4,2025-06-15,,orphan_foreign_key
RAT0043694,CUST0040195,,LOC0018,ORD00082138,3,2025-06-15,It was okay.,orphan_foreign_key
RAT0043726,CUST0051108,ITEM0041,LOC0023,ORD00082807,6,2025-06-15,Nice ambience and good service.,invalid_rating
RAT0043727,CUST5423105,ITEM0045,LOC0016,ORD00082497,4,2025-06-15,,orphan_foreign_key
RAT0043734,CUST0041267,ITEM0044,LOC0003,ORD00084136,3,2025-06-15,,orphan_foreign_key
RAT0043744,CUST0000524,ITEM0048,LOC0024,ORD00084203,4,2025-06-15,,orphan_foreign_key
RAT0043766,CUST0019174,,LOC0014,ORD00083508,4,2025-06-15,,orphan_foreign_key
RAT0043768,CUST0034072,ITEM0148,LOC0002,ORD00084082,4,2025-06-15,Good value for money.,orphan_foreign_key
RAT0043792,CUST0045472,ITEM0094,LOC0010,ORD00084168,-1,2025-06-15,,invalid_rating
RAT0043800,CUST0049944,ITEM0147,LOC0018,ORD00083129,,2025-06-15,,missing_value
RAT0043801,CUST0027573,ITEM0063,LOC0013,ORD00083214,5,2025-06-15,,orphan_foreign_key
RAT0043808,CUST0027573,,LOC0013,ORD00083214,4,2025-06-15,,orphan_foreign_key
RAT0043823,CUST0010669,ITEM0051,LOC0007,ORD00082974,4,2025-06-15,,orphan_foreign_key
RAT0043829,CUST0003052,ITEM0138,LOC0008,ORD00083914,,2025-06-15,,missing_value
RAT0043861,CUST0001375,ITEM0136,LOC0004,ORD00084448,,2025-06-16,,missing_value
RAT0043875,CUST0036233,ITEM0048,LOC0014,ORD00083338,4,2025-06-16,,orphan_foreign_key
RAT0043882,CUST0009104,ITEM0045,LOC0018,ORD00082611,4,2025-06-16,,orphan_foreign_key
RAT0043900,CUST0029764,,LOC0020,ORD00084667,,2025-06-16,Tasty and fresh.,missing_value
RAT0043902,CUST0011232,ITEM0060,LOC0004,ORD00084582,5,2025-06-16,,orphan_foreign_key
RAT0043911,CUST0040195,ITEM0135,LOC0018,ORD00082138,3,2025-06-16,,orphan_foreign_key
RAT0043922,CUST0040140,,LOC0020,ORD00083060,1,2025-06-16,,orphan_foreign_key
RAT0043925,CUST0011646,ITEM0013,LOC0007,ORD00084461,,2025-06-16,Good taste but late delivery.,missing_value
RAT0043926,CUST0034041,ITEM0013,LOC0017,ORD00084286,4,2025-06-16,,orphan_foreign_key
RAT0043931,CUST0031720,ITEM0134,LOC0015,ORD00084636,5,2025-06-16,,orphan_foreign_key
RAT0043938,CUST0021372,ITEM0154,LOC0009,ORD00084390,,2025-06-16,,missing_value
RAT0043940,CUST0015448,ITEM0092,LOC0007,ORD00084607,7,2025-06-16,,invalid_rating
RAT0043948,CUST0030068,ITEM0141,LOC0008,ORD00084605,3,2025-06-16,Decent but overpriced.,orphan_foreign_key
RAT0043957,CUST0008412,ITEM0043,LOC0015,ORD00084716,4,2025-06-16,,orphan_foreign_key
RAT0043965,CUST0031720,,LOC0015,ORD00084636,5,2025-06-16,Best in town.,orphan_foreign_key
RAT0043981,CUST0040974,ITEM0027,LOC0020,ORD00083500,5,2025-06-16,,orphan_foreign_key
RAT0043987,CUST0011232,ITEM0004,LOC0004,ORD00084582,4,2025-06-16,,orphan_foreign_key
RAT0044004,CUST0052400,ITEM0141,LOC0005,ORD00083193,,2025-06-16,"Very disappointing, will not order again.",missing_value
RAT0044018,CUST0013476,ITEM0057,LOC0003,ORD00080786,4,2025-06-16,Good value for money.,orphan_foreign_key
RAT0044036,CUST0052755,,LOC0006,ORD00084434,4,2025-06-16,,orphan_foreign_key
RAT0044037,CUST0009104,ITEM0093,LOC0018,ORD00082611,2,2025-06-16,,orphan_foreign_key
RAT0044039,CUST0030864,ITEM0081,LOC0004,ORD00084265,1,1970-01-01,,invalid_date
RAT0044058,CUST0027284,ITEM0112,LOC5420,ORD00084728,3,2025-06-16,"Average, nothing special.",invalid_restaurant_id
RAT0044073,CUST0006857,ITEM0058,LOC0017,ORD00083907,4,2025-06-16,,orphan_foreign_key
RAT0044074,CUST0050605,ITEM0058,LOC0004,ORD00083698,6,2025-06-16,Tasty and fresh.,invalid_rating
RAT0044092,CUST0030450,ITEM0051,LOC0014,ORD00084549,3,2025-06-16,,orphan_foreign_key
RAT0044117,CUST0021244,ITEM0057,LOC0005,ORD00083567,4,2025-06-16,,orphan_foreign_key
RAT0044129,CUST0021592,ITEM0151,LOC0020,ORD00084584,,2025-06-17,Good taste but late delivery.,missing_value
RAT0044135,CUST0024631,ITEM0151,LOC0012,ORD00084392,,2025-06-17,Decent but overpriced.,missing_value
RAT0044161,CUST0011936,ITEM0151,LOC0019,ORD00084869,-1,2025-06-17,,invalid_rating
RAT0044165,CUST0030043,ITEM0068,LOC0006,ORD00085070,,2025-06-17,It was okay.,missing_value
RAT0044173,CUST0038734,ITEM0036,LOC9365,ORD00084370,4,2025-06-17,Enjoyed the meal.,invalid_restaurant_id
RAT0044193,CUST0030450,ITEM0129,LOC0014,ORD00084549,5,2025-06-17,,orphan_foreign_key
RAT0044199,CUST7463386,ITEM0046,LOC0023,ORD00084552,4,2025-06-17,Good value for money.,orphan_foreign_key
RAT0044204,CUST0023869,ITEM0027,LOC0020,ORD00084566,3,2025-06-17,It was okay.,orphan_foreign_key
RAT0044210,CUST0034072,ITEM0066,LOC0002,ORD00084082,4,2025-06-17,Nice ambience and good service.,orphan_foreign_key
RAT0044212,CUST0008412,ITEM0071,LOC0018,ORD00084316,4,2025-06-17,"Good food, will order again.",orphan_foreign_key
RAT0044214,CUST0008118,ITEM0081,LOC0001,ORD00084413,,2025-06-17,,missing_value
RAT0044215,CUST0054744,ITEM0068,LOC0010,ORD00085207,-1,2025-06-17,,invalid_rating
RAT0044220,CUST0032915,,LOC0011,ORD00083679,5,2025-06-17,,orphan_foreign_key
RAT0044244,CUST0033199,ITEM0061,LOC0023,ORD00084988,2,2025-06-17,,orphan_foreign_key
RAT0044245,CUST0019376,ITEM0064,LOC4462,ORD00083919,4,2025-06-17,,invalid_restaurant_id
RAT0044259,CUST0020334,ITEM0027,LOC0005,ORD00085171,4,2025-06-17,,orphan_foreign_key
RAT0044311,CUST0030486,ITEM0024,LOC0019,ORD00084510,4,2025-06-17,Nice ambience and good service.,orphan_foreign_key
RAT0044313,CUST0008420,ITEM0138,LOC0008,ORD00084563,,2025-06-17,,missing_value
RAT0044327,CUST0030450,ITEM0045,LOC0014,ORD00084549,5,2025-06-17,,orphan_foreign_key
RAT0044353,CUST0028360,ITEM0160,LOC0016,ORD00085060,5,2025-06-17,,orphan_foreign_key
RAT0044355,CUST0000900,,LOC0019,ORD00085056,3,2025-06-17,,orphan_foreign_key
RAT0044363,CUST0040654,ITEM0150,LOC0019,ORD00082716,6,2025-06-17,,invalid_rating
RAT0044369,CUST0050113,ITEM0086,LOC0016,ORD00083961,0,2025-06-17,,invalid_rating
RAT0044371,CUST0010339,ITEM0029,LOC0011,ORD00084770,5,2025-06-17,Amazing food and friendly staff.,orphan_foreign_key
RAT0044377,CUST0051195,,LOC0021,ORD00084975,-1,2025-06-17,It was okay.,invalid_rating
RAT0044385,CUST6980472,ITEM0115,LOC0025,ORD00084087,2,2025-06-17,Not fresh.,orphan_foreign_key
RAT0044386,CUST0051713,ITEM0051,LOC0009,ORD00085632,3,2025-06-18,,orphan_foreign_key
RAT0044390,CUST1468204,ITEM0026,LOC0023,ORD00085482,3,2025-06-18,"Taste was fine, packaging poor.",orphan_foreign_key
RAT0044432,CUST0048367,ITEM0067,LOC0014,ORD00085264,4,2025-06-18,Tasty and fresh.,orphan_foreign_key
RAT0044436,CUST0035071,ITEM0046,LOC0023,ORD00085543,-1,2025-06-18,Best in town.,invalid_rating
RAT0044448,CUST0053934,ITEM0148,LOC0021,ORD00084971,4,2025-06-18,,orphan_foreign_key
RAT0044462,CUST0026022,ITEM0033,LOC0023,ORD00085186,,2025-06-18,,missing_value
RAT0044482,CUST0010435,ITEM0134,LOC0003,ORD00083970,5,2025-06-18,"Excellent, loved it!",orphan_foreign_key
RAT0044492,CUST0051713,ITEM0052,LOC0009,ORD00085632,3,2025-06-18,"Average, nothing special.",orphan_foreign_key
RAT0044524,CUST0054024,ITEM0001,LOC0007,ORD00083476,4,2025-06-18,,orphan_foreign_key
RAT0044529,CUST0051713,,LOC0009,ORD00085632,3,2025-06-18,,orphan_foreign_key
RAT0044535,CUST0011232,ITEM0065,LOC0023,ORD00085136,4,2025-06-18,Enjoyed the meal.,orphan_foreign_key
RAT0044539,CUST0008175,ITEM0136,LOC8373,ORD00085248,3,2025-06-18,,invalid_restaurant_id
RAT0044552,CUST0037867,ITEM0033,LOC0014,ORD00083435,3,2025-06-18,,orphan_foreign_key
RAT0044556,CUST0028260,ITEM0031,LOC0003,ORD00084647,3,1970-01-01,,invalid_date
RAT0044573,CUST0006221,ITEM0124,LOC0016,ORD00085485,7,2025-06-18,,invalid_rating
RAT0044577,CUST0034929,ITEM0033,LOC0003,ORD00084723,,2025-06-18,,missing_value
RAT0044610,CUST0006857,ITEM0044,LOC0017,ORD00083907,3,2025-06-18,,orphan_foreign_key
RAT0044618,CUST0020334,ITEM0151,LOC0005,ORD00085171,4,2025-06-18,,orphan_foreign_key
RAT0044619,CUST0034716,ITEM0020,LOC0005,ORD00084717,2,2025-06-18,Portion was too small.,orphan_foreign_key
RAT0044624,CUST0017604,,LOC0003,ORD00085484,3,2025-06-19,It was okay.,orphan_foreign_key
RAT0044654,CUST3961537,ITEM0148,LOC0017,ORD00085946,4,2025-06-19,"Good food, will order again.",orphan_foreign_key
RAT0044660,CUST0018037,ITEM0115,LOC0021,ORD00085734,3,2025-06-19,,orphan_foreign_key
RAT0044667,CUST0048367,,LOC0014,ORD00085264,3,2025-06-19,,orphan_foreign_key
RAT0044678,CUST0044548,,LOC0005,ORD00083023,5,2025-06-19,Perfect taste and quick service.,orphan_foreign_key
RAT0044712,CUST0047633,ITEM0056,LOC8883,ORD00084805,4,2025-06-19,"Good food, will order again.",invalid_restaurant_id
RAT0044713,CUST0709036,ITEM0061,LOC0007,ORD00085838,1,2025-06-19,,orphan_foreign_key
RAT0044721,CUST0016173,ITEM0134,LOC0019,ORD00085495,3,2031-07-22,,invalid_date
RAT0044729,CUST0000497,,LOC0024,ORD00085690,5,2025-06-19,Best in town.,orphan_foreign_key
RAT0044742,CUST0037196,ITEM0135,LOC0017,ORD00085526,4,2025-06-19,Nice ambience and good service.,orphan_foreign_key
RAT0044745,CUST0040105,ITEM0109,LOC0014,ORD00086025,7,2025-06-19,,invalid_rating
RAT0044751,CUST0037196,ITEM0091,LOC0017,ORD00085526,4,2025-06-19,,orphan_foreign_key
RAT0044774,CUST0011232,ITEM0021,LOC0004,ORD00085771,4,2025-06-19,Nice ambience and good service.,orphan_foreign_key
RAT0044780,CUST0018037,,LOC0021,ORD00085734,,2025-06-19,,missing_value
RAT0044792,CUST0046702,ITEM0135,LOC0012,ORD00085350,4,,,invalid_date
RAT0044797,CUST0005701,ITEM0138,LOC0006,ORD00079873,6,2025-06-19,Good value for money.,invalid_rating
RAT0044847,CUST0000497,ITEM0136,LOC0024,ORD00085690,3,2025-06-19,It was okay.,orphan_foreign_key
RAT0044852,CUST0028675,,LOC0023,ORD00085619,4,,,invalid_date
RAT0044857,CUST0038626,,LOC0018,ORD00085130,3,2025-06-20,,orphan_foreign_key
RAT0044870,CUST0040275,ITEM0058,LOC0018,ORD00085929,5,1970-01-01,,invalid_date
RAT0044872,CUST0030029,ITEM0042,LOC0003,ORD00086287,3,2025-06-20,It was okay.,orphan_foreign_key
RAT0044884,CUST0020917,ITEM0089,LOC0018,ORD00084062,,2025-06-20,Nice ambience and good service.,missing_value
RAT0044900,CUST0002227,,LOC3344,ORD00086212,3,2025-06-20,"Taste was fine, packaging poor.",invalid_restaurant_id
RAT0044925,CUST0036179,ITEM0138,LOC0019,ORD00086423,,2025-06-20,,missing_value
RAT0044940,CUST0030385,,LOC0004,ORD00084896,4,2025-06-20,Enjoyed the meal.,orphan_foreign_key
RAT0044943,CUST0032260,ITEM0138,LOC0003,ORD00085301,0,2025-06-20,,invalid_rating
RAT0044953,CUST0038449,ITEM0057,LOC0012,ORD00085420,,2025-06-20,,missing_value
RAT0044955,CUST0002409,ITEM0112,LOC0016,ORD00085463,,2025-06-20,"Good food, will order again.",missing_value
RAT0044958,CUST0039915,ITEM0092,LOC0006,ORD00085160,,2025-06-20,,missing_value
RAT0044979,CUST0009494,ITEM0066,LOC2966,ORD00085955,3,2025-06-20,It was okay.,invalid_restaurant_id
RAT0044987,CUST0021143,ITEM0045,LOC0008,ORD00086057,7,2025-06-20,,invalid_rating
RAT0045010,CUST0007331,ITEM0139,LOC0008,ORD00086038,3,1970-01-01,,invalid_date
RAT0045017,CUST0049230,ITEM0041,LOC0023,ORD00086514,7,2025-06-20,,invalid_rating
RAT0045053,CUST0018967,ITEM0004,LOC0023,ORD00086341,4,2025-06-20,,orphan_foreign_key
RAT0045071,CUST0014859,ITEM0094,LOC4229,ORD00085502,1,2025-06-20,,invalid_restaurant_id
RAT0045085,CUST0000162,ITEM0115,LOC0007,ORD00085824,3,2025-06-21,,orphan_foreign_key
RAT0045100,CUST0021293,ITEM0151,LOC0006,ORD00086657,4,2025-06-21,Good value for money.,orphan_foreign_key
RAT0045103,CUST0032279,ITEM0056,LOC0021,ORD00086614,,2025-06-21,,missing_value
RAT0045104,CUST0032430,ITEM0140,LOC0012,ORD00085853,5,2025-06-21,,orphan_foreign_key
RAT0045118,CUST0030029,,LOC0003,ORD00086287,4,2025-06-21,Enjoyed the meal.,orphan_foreign_key
RAT0045123,CUST0004754,ITEM0139,LOC0024,ORD00086389,3,,Decent but overpriced.,invalid_date
RAT0045127,CUST0000849,ITEM0068,LOC0016,ORD00086741,,2025-06-21,,missing_value
RAT0045133,CUST0021293,,LOC0006,ORD00086657,5,2025-06-21,,orphan_foreign_key
RAT0045137,CUST0020883,ITEM0003,LOC0010,ORD00085699,2,2025-06-21,,orphan_foreign_key
RAT0045147,CUST0037874,ITEM0032,LOC0022,ORD00086786,,2025-06-21,,missing_value
RAT0045160,CUST0008253,ITEM0061,LOC0019,ORD00086865,-1,2025-06-21,,invalid_rating
RAT0045195,CUST0027843,ITEM0034,LOC0003,ORD00086745,3,2025-06-21,"Taste was fine, packaging poor.",orphan_foreign_key
RAT0045197,CUST0049563,ITEM0038,LOC0010,ORD00086589,4,2025-06-21,,orphan_foreign_key
RAT0045198,CUST0030583,ITEM0057,LOC0023,ORD00085725,,2025-06-21,Decent but overpriced.,missing_value
RAT0045199,CUST0006965,ITEM0138,LOC0019,ORD00086625,4,2025-06-21,,orphan_foreign_key
RAT0045235,CUST0027818,ITEM0137,LOC0008,ORD00086491,5,2025-06-21,Perfect taste and quick service.,orphan_foreign_key
RAT0045246,CUST0002817,ITEM0045,LOC0003,ORD00086991,3,2025-06-21,,orphan_foreign_key
RAT0045276,CUST0002817,ITEM0029,LOC0003,ORD00086991,2,2025-06-21,,orphan_foreign_key
RAT0045298,CUST0028661,ITEM0040,LOC7063,ORD00086655,3,2025-06-21,,invalid_restaurant_id
RAT0045308,CUST0013364,,LOC0002,ORD00087052,4,2025-06-21,"Good food, will order again.",orphan_foreign_key
RAT0045318,CUST0002358,ITEM0004,LOC0016,ORD00085851,,2025-06-21,,missing_value
RAT0045338,CUST0050378,ITEM0004,LOC0019,ORD00081052,3,2025-06-21,,orphan_foreign_key
RAT0045348,CUST0021882,ITEM0143,LOC6681,ORD00086172,4,2025-06-21,Good value for money.,invalid_restaurant_id
RAT0045351,CUST0022591,ITEM0157,LOC0005,ORD00086736,3,2025-06-21,,orphan_foreign_key
RAT0045356,CUST0046673,ITEM0143,LOC0010,ORD00086551,10,2025-06-21,Highly recommended.,invalid_rating
RAT0045381,CUST0016224,,LOC0010,ORD00087344,,2025-06-22,,missing_value
RAT0045391,CUST0031486,ITEM0081,LOC0019,ORD00085646,4,2025-06-22,Good value for money.,orphan_foreign_key
RAT0045398,CUST0006236,ITEM0077,LOC0018,ORD00087205,3,2025-06-22,"Average, nothing special.",orphan_foreign_key
RAT0045430,CUST0051041,,LOC0005,ORD00085395,3,2025-06-22,,orphan_foreign_key
RAT0045431,CUST0050954,ITEM0034,LOC0018,ORD00087091,4,2025-06-22,,orphan_foreign_key
RAT0045462,CUST0042151,,LOC0011,ORD00087362,,2025-06-22,Best in town.,missing_value
RAT0045476,CUST0038790,ITEM0082,LOC0016,ORD00087064,,2025-06-22,,missing_value
RAT0045482,CUST0006311,ITEM0066,LOC0007,ORD00087498,5,,Perfect taste and quick service.,invalid_date
RAT0045485,CUST0018675,ITEM0081,LOC0005,ORD00087618,2,1970-01-01,,invalid_date
RAT0045486,CUST0032232,ITEM0083,LOC0011,ORD00086673,,2025-06-22,,missing_value
RAT0045490,CUST0043837,ITEM0132,LOC0004,ORD00086072,3,2025-06-22,,orphan_foreign_key
RAT0045500,CUST0018841,ITEM0076,LOC0012,ORD00087683,,2025-06-22,,missing_value
RAT0045501,CUST0004149,ITEM0085,LOC0007,ORD00087445,5,2025-06-22,,orphan_foreign_key
RAT0045502,CUST0023303,ITEM0142,LOC0005,ORD00087492,4,2025-06-22,,orphan_foreign_key
RAT0045522,CUST0020788,ITEM0151,LOC0018,ORD00086650,-1,2025-06-22,,invalid_rating
RAT0045525,CUST0050954,ITEM0004,LOC0018,ORD00087091,5,2025-06-22,,orphan_foreign_key
RAT0045527,CUST0003229,ITEM0134,LOC0009,ORD00086925,5,2027-11-05,,invalid_date
RAT0045560,CUST8285480,ITEM0063,LOC0004,ORD00087449,3,2025-06-22,"Taste was fine, packaging poor.",orphan_foreign_key
RAT0045561,CUST0016324,,LOC2818,ORD00086796,2,2025-06-22,,invalid_restaurant_id
RAT0045572,CUST0028480,ITEM0032,LOC0020,ORD00087442,10,2025-06-22,,invalid_rating
RAT0045575,CUST0003512,ITEM0013,LOC0015,ORD00087242,,2025-06-22,"Good food, will order again.",missing_value
RAT0045592,CUST0006236,ITEM0032,LOC0018,ORD00087205,3,2025-06-22,"Average, nothing special.",orphan_foreign_key
RAT0045595,CUST0017552,ITEM0071,LOC0012,ORD00087530,10,2025-06-22,"Good food, will order again.",invalid_rating
RAT0045607,CUST0004715,,LOC0006,ORD00087428,0,2025-06-22,,invalid_rating
RAT0045612,CUST0051272,ITEM0058,LOC0024,ORD00087391,-1,2025-06-22,Perfect taste and quick service.,invalid_rating
RAT0045629,CUST0035996,,LOC0020,ORD00086923,4,2025-06-22,,orphan_foreign_key
RAT0045635,CUST0050954,ITEM0137,LOC0018,ORD00087091,5,2025-06-22,"Excellent, loved it!",orphan_foreign_key
RAT0045718,CUST0038465,,LOC0015,ORD00087124,5,2025-06-23,,orphan_foreign_key
RAT0045756,CUST0051156,ITEM0151,LOC0005,ORD00087842,4,2025-06-23,,orphan_foreign_key
RAT0045773,CUST0048729,ITEM0050,LOC0009,ORD00087894,3,2025-06-23,,orphan_foreign_key
RAT0045780,CUST0051156,ITEM0139,LOC0005,ORD00087842,3,2025-06-23,"Taste was fine, packaging poor.",orphan_foreign_key
RAT0045783,CUST0019230,ITEM0068,LOC0023,ORD00087927,3,2025-06-23,,orphan_foreign_key
RAT0045793,CUST0052308,ITEM0103,LOC0021,ORD00088031,,2025-06-23,"Taste was fine, packaging poor.",missing_value
RAT0045804,CUST0052543,ITEM0055,LOC0008,ORD00087834,4,2025-06-23,"Good food, will order again.",orphan_foreign_key
RAT0045806,CUST0019230,ITEM0081,LOC0023,ORD00087927,3,2025-06-23,"Taste was fine, packaging poor.",orphan_foreign_key
RAT0045839,CUST0039568,ITEM0062,LOC0020,ORD00087730,6,2025-06-23,,invalid_rating
RAT0045874,CUST0050300,ITEM0001,LOC2814,ORD00086019,3,2025-06-23,"Average, nothing special.",invalid_restaurant_id
RAT0045916,CUST0000176,,LOC0011,ORD00087810,4,2025-06-24,"Good food, will order again.",orphan_foreign_key
RAT0045918,CUST0050954,,LOC0018,ORD00087091,4,2025-06-24,,orphan_foreign_key
RAT0045921,CUST0002900,ITEM0033,LOC0019,ORD00088411,,2025-06-24,"Taste was fine, packaging poor.",missing_value
RAT0045943,CUST0054571,ITEM0037,LOC0019,ORD00087709,-1,2025-06-24,,invalid_rating
RAT0045945,CUST0022812,ITEM0038,LOC7221,ORD00087976,5,2025-06-24,Highly recommended.,invalid_restaurant_id
RAT0045948,CUST0041115,ITEM0068,LOC0003,ORD00088394,,2025-06-24,Enjoyed the meal.,missing_value
RAT0045997,CUST0054651,,LOC0012,ORD00087945,-1,2025-06-24,,invalid_rating
RAT0045999,CUST0038103,ITEM0121,LOC0012,ORD00087734,,2025-06-24,,missing_value
RAT0046001,CUST0009314,ITEM0142,LOC0004,ORD00087954,3,2025-06-24,,orphan_foreign_key
RAT0046015,CUST0027692,ITEM0057,LOC1062,ORD00087869,5,2025-06-24,,invalid_restaurant_id
RAT0046026,CUST0002817,ITEM0032,LOC0003,ORD00086991,4,2025-06-24,,orphan_foreign_key
RAT0046061,CUST0009314,ITEM0057,LOC0004,ORD00087954,4,2025-06-24,,orphan_foreign_key
RAT0046072,CUST0007584,ITEM0132,LOC0012,ORD00088398,4,2025-06-24,Nice ambience and good service.,orphan_foreign_key
RAT0046079,CUST0011938,ITEM0041,LOC0005,ORD00087061,4,2025-06-24,Good value for money.,orphan_foreign_key
RAT0046108,CUST0026953,ITEM0024,LOC0005,ORD00088393,2,2025-06-24,,orphan_foreign_key
RAT0046111,CUST0018037,ITEM0031,LOC0021,ORD00085734,3,2025-06-24,,orphan_foreign_key
RAT0046117,CUST0009597,ITEM0004,LOC0008,ORD00088342,4,2025-06-25,,orphan_foreign_key
RAT0046127,CUST5467956,ITEM0057,LOC0012,ORD00087132,3,2025-06-25,It was okay.,orphan_foreign_key
RAT0046145,CUST0010171,,LOC0006,ORD00088557,0,2025-06-25,,invalid_rating
RAT0046150,CUST0048687,,LOC0013,ORD00088643,-1,2025-06-25,,invalid_rating
RAT0046170,CUST0022377,ITEM0067,LOC0003,ORD00088491,4,2025-06-25,,orphan_foreign_key
RAT0046185,CUST0017624,ITEM0065,LOC0023,ORD00088276,,2025-06-25,"Excellent, loved it!",missing_value
RAT0046200,CUST0008068,ITEM0091,LOC6610,ORD00087397,4,2025-06-25,,invalid_restaurant_id
RAT0046201,CUST0050166,ITEM0068,LOC0021,ORD00088518,,2025-06-25,,missing_value
RAT0046208,CUST0006630,ITEM0134,LOC0003,ORD00088637,5,2025-06-25,Highly recommended.,orphan_foreign_key
RAT0046212,CUST0026953,ITEM0013,LOC0005,ORD00088393,3,2025-06-25,,orphan_foreign_key
RAT0046219,CUST0005904,,LOC0003,ORD00088641,2,2025-06-25,,orphan_foreign_key
RAT0046243,CUST0041453,ITEM0057,LOC0003,ORD00088097,,2025-06-25,Portion was too small.,missing_value
RAT0046257,CUST0046863,ITEM0047,LOC0008,ORD00088500,,2025-06-25,"Taste was fine, packaging poor.",missing_value
RAT0046270,CUST0013301,ITEM0061,LOC0004,ORD00088496,3,2031-07-22,It was okay.,invalid_date
RAT0046275,CUST1434525,ITEM0004,LOC0025,ORD00088690,4,2025-06-25,,orphan_foreign_key
RAT0046281,CUST0019084,ITEM0034,LOC0004,ORD00088790,3,,Good taste but late delivery.,invalid_date
RAT0046292,CUST0009314,ITEM0098,LOC0004,ORD00087954,5,2025-06-25,Perfect taste and quick service.,orphan_foreign_key
RAT0046300,CUST0030365,,LOC0009,ORD00088649,5,2025-06-25,Best in town.,orphan_foreign_key
RAT0046315,CUST0022591,ITEM0050,LOC0005,ORD00086736,3,2025-06-25,It was okay.,orphan_foreign_key
RAT0046320,CUST0027659,ITEM0044,LOC0009,ORD00088546,,2025-06-25,,missing_value
RAT0046398,CUST2218798,ITEM0113,LOC0023,ORD00088397,2,2025-06-26,,orphan_foreign_key
RAT0046408,CUST0048911,ITEM0050,LOC0025,ORD00088120,3,2025-06-26,,orphan_foreign_key
RAT0046424,CUST0035033,,LOC0013,ORD00088950,3,,,invalid_date
RAT0046440,CUST0046630,ITEM0045,LOC0013,ORD00088942,,2025-06-26,,missing_value
RAT0046453,CUST0031449,ITEM0045,LOC0018,ORD00088366,,2025-06-26,,missing_value
RAT0046473,CUST0007584,ITEM0003,LOC0012,ORD00088398,3,2025-06-26,,orphan_foreign_key
RAT0046483,CUST0053983,ITEM0134,LOC0010,ORD00088895,5,2025-06-26,Highly recommended.,orphan_foreign_key
RAT0046502,CUST0008921,ITEM0052,LOC0011,ORD00088963,,2025-06-26,,missing_value
RAT0046528,CUST0040427,ITEM0050,LOC0005,ORD00088126,4,,"Good food, will order again.",invalid_date
RAT0046559,CUST0018037,ITEM0151,LOC0015,ORD00088537,4,2025-06-27,"Good food, will order again.",orphan_foreign_key
RAT0046620,CUST0046454,ITEM0157,LOC0012,ORD00089410,4,2025-06-27,Nice ambience and good service.,orphan_foreign_key
RAT0046633,CUST0022419,,LOC0007,ORD00089181,5,2025-06-27,,orphan_foreign_key
RAT0046659,CUST0046500,ITEM0028,LOC0003,ORD00087517,4,2025-06-27,Good value for money.,orphan_foreign_key
RAT0046669,CUST0023093,ITEM0091,LOC0022,ORD00088792,6,2025-06-27,,invalid_rating
RAT0046673,CUST0025242,ITEM0061,LOC0013,ORD00089319,,2025-06-27,Tasty and fresh.,missing_value
RAT0046683,CUST0001071,ITEM0121,LOC4970,ORD00089199,3,2025-06-27,Decent but overpriced.,invalid_restaurant_id
RAT0046694,CUST0050326,ITEM0047,LOC5123,ORD00088114,4,2025-06-27,"Good food, will order again.",invalid_restaurant_id
RAT0046752,CUST0041223,ITEM0113,LOC0011,ORD00089479,,2025-06-27,,missing_value
RAT0046764,CUST0014693,ITEM0138,LOC0008,ORD00089043,,2025-06-27,,missing_value
RAT0046766,CUST0036357,,LOC0001,ORD00089461,55,2025-06-27,,invalid_rating
RAT0046773,CUST0021293,ITEM0011,LOC0006,ORD00089451,6,2025-06-27,,invalid_rating
RAT0046777,CUST0008412,ITEM0043,LOC0018,ORD00089285,4,2025-06-27,,orphan_foreign_key
RAT0046780,CUST0025598,ITEM0024,LOC0018,ORD00088957,5,2025-06-27,,orphan_foreign_key
RAT0046782,CUST0041104,ITEM0134,LOC0019,ORD00089313,7,2025-06-27,,invalid_rating
RAT0046791,CUST0027680,ITEM0081,LOC0007,ORD00089678,3,2025-06-27,,orphan_foreign_key
RAT0046792,CUST0015059,ITEM0099,LOC0018,ORD00086861,,2025-06-27,,missing_value
RAT0046848,CUST0043348,ITEM0014,LOC0007,ORD00090044,4,2025-06-28,Tasty and fresh.,orphan_foreign_key
RAT0046849,CUST0009597,ITEM0057,LOC0008,ORD00088342,4,2025-06-28,,orphan_foreign_key
RAT0046868,CUST0049816,ITEM0151,LOC0002,ORD00090040,3,2025-06-28,,orphan_foreign_key
RAT0046874,CUST0052901,ITEM0122,LOC0025,ORD00090011,3,2025-06-28,,orphan_foreign_key
RAT0046893,CUST0052901,ITEM0048,LOC0025,ORD00090011,3,2025-06-28,,orphan_foreign_key
RAT0046894,CUST0009159,,LOC0025,ORD00089182,,2025-06-28,Below average taste.,missing_value
RAT0046967,CUST0016983,ITEM0020,LOC0014,ORD00090182,3,2025-06-28,Decent but overpriced.,orphan_foreign_key
RAT0047007,CUST0020405,ITEM0099,LOC0003,ORD00089293,55,2025-06-28,,invalid_rating
RAT0047022,CUST0052856,ITEM0135,LOC0017,ORD00089341,,2025-06-28,,missing_value
RAT0047035,CUST0002034,,LOC0003,ORD00089499,,2025-06-28,,missing_value
RAT0047041,CUST0049816,ITEM0148,LOC0002,ORD00090040,3,2025-06-28,"Average, nothing special.",orphan_foreign_key
RAT0047049,CUST0026032,ITEM0036,LOC0004,ORD00090220,-1,2025-06-28,,invalid_rating
RAT0047050,CUST0019221,ITEM0051,LOC0427,ORD00088582,4,2025-06-28,,invalid_restaurant_id
RAT0047060,CUST0052901,ITEM0091,LOC0025,ORD00090011,3,2025-06-28,Decent but overpriced.,orphan_foreign_key
RAT0047086,CUST0018037,ITEM0083,LOC0015,ORD00088537,5,2025-06-29,,orphan_foreign_key
RAT0047106,CUST0032790,ITEM0135,LOC0020,ORD00090259,4,2025-06-29,,orphan_foreign_key
RAT0047129,CUST0029973,ITEM0057,LOC0018,ORD00090511,5,,,invalid_date
RAT0047148,CUST0047512,ITEM0141,LOC0005,ORD00090330,55,2025-06-29,,invalid_rating
RAT0047150,CUST0044859,ITEM0153,LOC0002,ORD00090513,5,,Amazing food and friendly staff.,invalid_date
RAT0047157,CUST0048586,ITEM0091,LOC6447,ORD00090636,4,2025-06-29,,invalid_restaurant_id
RAT0047161,CUST0006630,ITEM0151,LOC0003,ORD00089926,4,2025-06-29,,orphan_foreign_key
RAT0047173,CUST0008132,ITEM0084,LOC0008,ORD00089897,5,,,invalid_date
RAT0047181,CUST0043149,ITEM0047,LOC0003,ORD00090331,4,2027-11-05,Nice ambience and good service.,invalid_date
RAT0047183,CUST0001753,ITEM0091,LOC0018,ORD00088933,5,2025-06-29,,orphan_foreign_key
RAT0047202,CUST0022811,ITEM0148,LOC0023,ORD00089918,-1,2025-06-29,Nice ambience and good service.,invalid_rating
RAT0047216,CUST0006286,ITEM0112,LOC0009,ORD00090589,,2025-06-29,,missing_value
RAT0047225,CUST0009515,ITEM0004,LOC0006,ORD00090706,,2025-06-29,,missing_value
RAT0047232,CUST0025500,ITEM0004,LOC0021,ORD00089153,5,2027-11-05,,invalid_date
RAT0047234,CUST0052463,ITEM0151,LOC0013,ORD00090525,5,2025-06-29,,orphan_foreign_key
RAT0047238,CUST0033093,ITEM0043,LOC0025,ORD00089682,,2025-06-29,,missing_value
RAT0047241,CUST0043348,ITEM0045,LOC0007,ORD00090044,4,2025-06-29,Nice ambience and good service.,orphan_foreign_key
RAT0047255,CUST0049665,ITEM0147,LOC0022,ORD00090479,5,2025-06-29,Perfect taste and quick service.,orphan_foreign_key
RAT0047268,CUST0028645,ITEM0048,LOC0004,ORD00090375,3,2025-06-29,,orphan_foreign_key
RAT0047269,CUST0040140,ITEM0094,LOC0020,ORD00090475,1,2025-06-29,,orphan_foreign_key
RAT0047270,CUST0016095,ITEM0081,LOC0012,ORD00089562,,2025-06-29,,missing_value
RAT0047284,CUST0036538,ITEM0092,LOC0021,ORD00090324,2,2025-06-29,Portion was too small.,orphan_foreign_key
RAT0047293,CUST0027382,ITEM0081,LOC0022,ORD00090559,,2025-06-29,,missing_value
RAT0047343,CUST1955888,ITEM0121,LOC0022,ORD00089648,4,2025-06-29,,orphan_foreign_key
RAT0047344,CUST0045469,ITEM0067,LOC0018,ORD00090440,,2025-06-29,,missing_value
RAT0047354,CUST0050041,ITEM0157,LOC8488,ORD00090710,5,2025-06-29,,invalid_restaurant_id
RAT0047372,CUST0024377,ITEM0061,LOC3999,ORD00090176,3,2025-06-30,,invalid_restaurant_id
RAT0047408,CUST0051939,ITEM0136,LOC0025,ORD00090076,4,2025-06-30,,orphan_foreign_key
RAT0047431,CUST0052901,ITEM0148,LOC0025,ORD00090011,4,2025-06-30,,orphan_foreign_key
RAT0047453,CUST2230514,ITEM0143,LOC0017,ORD00090532,5,2025-06-30,Perfect taste and quick service.,orphan_foreign_key
RAT0047494,CUST0004821,ITEM0063,LOC0016,ORD00090966,4,2025-06-30,Tasty and fresh.,orphan_foreign_key
RAT0047505,CUST0017383,ITEM0048,LOC0025,ORD00090648,,2025-06-30,,missing_value
RAT0047513,CUST0020153,ITEM0029,LOC0017,ORD00090948,3,2025-06-30,,orphan_foreign_key
RAT0047515,CUST0006607,ITEM0095,LOC0016,ORD00090769,5,2025-06-30,Amazing food and friendly staff.,orphan_foreign_key
RAT0047541,CUST0049665,,LOC0022,ORD00090479,4,2025-06-30,,orphan_foreign_key
RAT0047581,CUST0029913,,LOC0019,ORD00090272,4,2025-06-30,Nice ambience and good service.,orphan_foreign_key
RAT0047590,CUST0011832,ITEM0130,LOC0009,ORD00089431,3,2025-07-01,,orphan_foreign_key
RAT0047597,CUST0015737,ITEM0042,LOC0018,ORD00089865,10,2025-07-01,,invalid_rating
RAT0047601,CUST0001410,ITEM0055,LOC0005,ORD00090903,,2025-07-01,"Good food, will order again.",missing_value
RAT0047604,CUST0032025,,LOC0016,ORD00089924,3,2025-07-01,"Taste was fine, packaging poor.",orphan_foreign_key
RAT0047616,CUST0011718,,LOC0022,ORD00090821,,2025-07-01,,missing_value
RAT0047619,CUST0043348,,LOC0008,ORD00090958,5,2025-07-01,Highly recommended.,orphan_foreign_key
RAT0047624,CUST0004057,ITEM0155,LOC0008,ORD00091301,5,2025-07-01,Best in town.,orphan_foreign_key
RAT0047633,CUST0053967,ITEM0012,LOC4822,ORD00091315,3,2025-07-01,,invalid_restaurant_id
RAT0047658,CUST0039532,ITEM0072,LOC0004,ORD00091353,4,2025-07-01,,orphan_foreign_key
RAT0047661,CUST0047596,ITEM0154,LOC0008,ORD00091576,4,2025-07-01,Enjoyed the meal.,orphan_foreign_key
RAT0047664,CUST0038981,ITEM0057,LOC0008,ORD00090637,55,2025-07-01,,invalid_rating
RAT0047673,CUST0017103,ITEM0156,LOC0016,ORD00090846,,2025-07-01,,missing_value
RAT0047674,CUST0026712,,LOC0010,ORD00091205,2,,,invalid_date
RAT0047680,CUST0047596,,LOC0008,ORD00091576,4,2025-07-01,,orphan_foreign_key
RAT0047705,CUST0002847,ITEM0068,LOC0004,ORD00091260,,2025-07-01,,missing_value
RAT0047744,CUST0035122,ITEM0134,LOC0012,ORD00091433,5,2025-07-01,Highly recommended.,orphan_foreign_key
RAT0047747,CUST0040856,ITEM0027,LOC0013,ORD00091246,4,2025-07-01,,orphan_foreign_key
RAT0047749,CUST0040856,,LOC0013,ORD00091246,4,2025-07-01,,orphan_foreign_key
RAT0047753,CUST0018816,ITEM0072,LOC0004,ORD00091046,4,,,invalid_date
RAT0047760,CUST0047596,ITEM0134,LOC0008,ORD00091576,3,2025-07-01,,orphan_foreign_key
RAT0047781,CUST0004057,ITEM0049,LOC0008,ORD00091301,4,2025-07-01,Enjoyed the meal.,orphan_foreign_key
RAT0047788,CUST0023301,ITEM0141,LOC0005,ORD00091409,,2025-07-01,Took too long to arrive.,missing_value
RAT0047791,CUST0037585,ITEM0068,LOC0008,ORD00089880,7,2025-07-01,,invalid_rating
RAT0047804,CUST0014550,ITEM0068,LOC0006,ORD00091451,4,2025-07-01,Nice ambience and good service.,orphan_foreign_key
RAT0047818,CUST0013074,ITEM0083,LOC0012,ORD00090790,3,2025-07-02,"Average, nothing special.",orphan_foreign_key
RAT0047822,CUST0053473,ITEM0141,LOC0013,ORD00089932,1,2025-07-02,,orphan_foreign_key
RAT0047864,CUST0039679,ITEM0067,LOC0016,ORD00091851,4,2025-07-02,,orphan_foreign_key
RAT0047877,CUST0040140,ITEM0151,LOC0020,ORD00090475,2,2025-07-02,,orphan_foreign_key
RAT0047894,CUST0016595,,LOC0020,ORD00091286,1,2025-07-02,,orphan_foreign_key
RAT0047905,CUST0013744,,LOC0015,ORD00091401,,2025-07-02,,missing_value
RAT0047911,CUST0044256,ITEM0134,LOC0013,ORD00090620,5,2025-07-02,,orphan_foreign_key
RAT0047914,CUST0030070,ITEM0081,LOC0017,ORD00091806,4,2025-07-02,"Good food, will order again.",orphan_foreign_key
RAT0047975,CUST2892832,ITEM0123,LOC0012,ORD00091540,4,2025-07-02,,orphan_foreign_key
RAT0047998,CUST0037490,ITEM0013,LOC0008,ORD00090794,,2025-07-02,,missing_value
RAT0048006,CUST0003411,ITEM0138,LOC0008,ORD00091797,3,2025-07-02,"Taste was fine, packaging poor.",orphan_foreign_key
RAT0048016,CUST0039532,,LOC0004,ORD00091353,4,2025-07-02,,orphan_foreign_key
RAT0048024,CUST0042856,ITEM0081,LOC0025,ORD00090488,7,2025-07-02,,invalid_rating
RAT0048026,CUST0043348,ITEM0081,LOC0008,ORD00090958,4,2025-07-02,,orphan_foreign_key
RAT0048027,CUST0040140,ITEM0050,LOC0020,ORD00091741,4,2025-07-02,,orphan_foreign_key
RAT0048030,CUST0015777,ITEM0067,LOC0009,ORD00090084,,2025-07-02,Perfect taste and quick service.,missing_value
RAT0048034,CUST0042337,ITEM0143,LOC0021,ORD00091946,3,2025-07-02,Decent but overpriced.,orphan_foreign_key
RAT0048062,CUST0035580,ITEM0045,LOC0018,ORD00090166,-1,2025-07-02,Good value for money.,invalid_rating
RAT0048083,CUST0031042,ITEM0004,LOC0012,ORD00092341,3,2025-07-03,,orphan_foreign_key
RAT0048098,CUST6257596,,LOC0023,ORD00091071,4,2025-07-03,Enjoyed the meal.,orphan_foreign_key
RAT0048114,CUST0040140,ITEM0055,LOC0020,ORD00091741,5,2025-07-03,,orphan_foreign_key
RAT0048115,CUST0007408,ITEM0160,LOC0018,ORD00090787,2,2025-07-03,,orphan_foreign_key
RAT0048141,CUST0050339,,LOC0017,ORD00091724,3,2025-07-03,,orphan_foreign_key
RAT0048161,CUST0046297,ITEM0148,LOC0010,ORD00091677,5,2025-07-03,,orphan_foreign_key
RAT0048185,CUST9730167,ITEM0003,LOC0014,ORD00091330,4,2025-07-03,,orphan_foreign_key
RAT0048193,CUST0008511,ITEM0139,LOC0015,ORD00091730,,2025-07-03,,missing_value
RAT0048196,CUST0039490,ITEM0036,LOC0019,ORD00092273,4,2025-07-03,,orphan_foreign_key
RAT0048204,CUST0051458,ITEM0074,LOC0018,ORD00092359,10,2025-07-03,,invalid_rating
RAT0048228,CUST0016824,ITEM0135,LOC0003,ORD00092335,,2025-07-03,"Taste was fine, packaging poor.",missing_value
RAT0048229,CUST0018318,ITEM0148,LOC0003,ORD00092412,4,2025-07-03,,orphan_foreign_key
RAT0048237,CUST0006236,,LOC0018,ORD00091424,3,1900-01-01,,invalid_date
RAT0048244,CUST0041824,,LOC3438,ORD00092176,3,2025-07-03,,invalid_restaurant_id
RAT0048291,CUST0027752,ITEM0115,LOC0022,ORD00092487,5,2025-07-04,,orphan_foreign_key
RAT0048312,CUST0028446,ITEM0113,LOC0020,ORD00092988,5,2025-07-04,,orphan_foreign_key
RAT0048319,CUST0027752,ITEM0054,LOC0022,ORD00092487,3,2025-07-04,,orphan_foreign_key
RAT0048327,CUST0037842,ITEM0049,LOC0008,ORD00092292,5,2031-07-22,,invalid_date
RAT0048328,CUST0036201,ITEM0067,LOC0008,ORD00092660,3,,,invalid_date
RAT0048338,CUST0030070,,LOC0017,ORD00091806,3,2025-07-04,Decent but overpriced.,orphan_foreign_key
RAT0048345,CUST0020075,ITEM0143,LOC0010,ORD00092216,3,2025-07-04,"Average, nothing special.",orphan_foreign_key
RAT0048351,CUST0044828,ITEM0136,LOC0021,ORD00091762,,2025-07-04,,missing_value
RAT0048368,CUST0017163,ITEM0045,LOC0024,ORD00092849,3,2025-07-04,Decent but overpriced.,orphan_foreign_key
RAT0048372,CUST0002058,ITEM0025,LOC0010,ORD00092970,4,2025-07-04,,orphan_foreign_key
RAT0048373,CUST0041976,ITEM0003,LOC0004,ORD00092235,4,2025-07-04,Good value for money.,orphan_foreign_key
RAT0048382,CUST0021987,ITEM0154,LOC0023,ORD00092862,7,2025-07-04,,invalid_rating
RAT0048399,CUST0040140,ITEM0091,LOC0020,ORD00091741,4,2025-07-04,Enjoyed the meal.,orphan_foreign_key
RAT0048479,CUST0037874,ITEM0142,LOC0022,ORD00092669,3,,,invalid_date
RAT0048488,CUST0049149,ITEM0041,LOC0023,ORD00092514,,2025-07-04,,missing_value
RAT0048510,CUST0000718,ITEM0012,LOC0018,ORD00091773,,2025-07-04,,missing_value
RAT0048523,CUST0002535,ITEM0044,LOC0018,ORD00092637,55,2025-07-04,Nice ambience and good service.,invalid_rating
RAT0048530,CUST0014015,ITEM0045,LOC0011,ORD00092636,,2025-07-04,It was okay.,missing_value
RAT0048534,CUST0019696,ITEM0046,LOC0023,ORD00092093,5,2025-07-04,,orphan_foreign_key
RAT0048537,CUST0041396,,LOC0011,ORD00092002,5,2025-07-04,"Excellent, loved it!",orphan_foreign_key
RAT0048550,CUST0051568,ITEM0003,LOC0017,ORD00092985,3,2025-07-04,,orphan_foreign_key
RAT0048554,CUST0026165,ITEM0135,LOC0005,ORD00092616,,2025-07-04,,missing_value
RAT0048563,CUST3919215,ITEM0132,LOC0011,ORD00093324,3,2025-07-05,It was okay.,orphan_foreign_key
RAT0048568,CUST0020926,ITEM0126,LOC0002,ORD00093174,4,1970-01-01,,invalid_date
RAT0048569,CUST0049548,ITEM0157,LOC0001,ORD00093495,4,2025-07-05,,orphan_foreign_key
RAT0048573,CUST0004668,ITEM0154,LOC0016,ORD00093414,3,2025-07-05,,orphan_foreign_key
RAT0048595,CUST0021735,,LOC0023,ORD00092546,0,2025-07-05,,invalid_rating
RAT0048601,CUST0032390,ITEM0113,LOC0002,ORD00092940,3,2025-07-05,,orphan_foreign_key
RAT0048606,CUST0023745,ITEM0141,LOC0015,ORD00093169,4,2025-07-05,,orphan_foreign_key
RAT0048609,CUST0040776,ITEM0047,LOC0022,ORD00092294,,2025-07-05,,missing_value
RAT0048611,CUST0052755,,LOC0015,ORD00093200,3,2025-07-05,,orphan_foreign_key
RAT0048616,CUST0033324,ITEM0148,LOC0025,ORD00093562,4,2025-07-05,,orphan_foreign_key
RAT0048618,CUST0020269,ITEM0005,LOC0023,ORD00093163,,2025-07-05,,missing_value
RAT0048620,CUST0017220,ITEM0151,LOC0018,ORD00093587,3,2025-07-05,Good taste but late delivery.,orphan_foreign_key
RAT0048629,CUST0029664,ITEM0019,LOC0019,ORD00093164,,2025-07-05,,missing_value
RAT0048644,CUST0004668,ITEM0090,LOC0016,ORD00093414,5,2025-07-05,,orphan_foreign_key
RAT0048691,CUST0043990,ITEM0051,LOC0018,ORD00093233,3,2025-07-05,Decent but overpriced.,orphan_foreign_key
RAT0048724,CUST0041987,ITEM0104,LOC0018,ORD00092481,3,2025-07-05,,orphan_foreign_key
RAT0048740,CUST0010969,ITEM0090,LOC0008,ORD00093369,55,2025-07-05,Nice ambience and good service.,invalid_rating
RAT0048746,CUST0005457,ITEM0138,LOC0004,ORD00093147,3,2025-07-05,Decent but overpriced.,orphan_foreign_key
RAT0048762,CUST0018318,ITEM0003,LOC0003,ORD00092412,3,2025-07-05,Decent but overpriced.,orphan_foreign_key
RAT0048764,CUST0037295,ITEM0062,LOC0018,ORD00093500,4,2025-07-05,,orphan_foreign_key
RAT0048788,CUST0034831,ITEM0061,LOC0016,ORD00093368,10,2025-07-05,,invalid_rating
RAT0048797,CUST0017253,ITEM0070,LOC0024,ORD00092383,-1,2025-07-05,"Excellent, loved it!",invalid_rating
RAT0048803,CUST0033324,ITEM0028,LOC0025,ORD00093562,3,2025-07-05,"Taste was fine, packaging poor.",orphan_foreign_key
RAT0048819,CUST2027964,ITEM0028,LOC0005,ORD00092756,3,2025-07-05,,orphan_foreign_key
RAT0048829,CUST0023745,ITEM0047,LOC0015,ORD00093169,3,2025-07-05,,orphan_foreign_key
RAT0048836,CUST0032390,ITEM0130,LOC0002,ORD00092940,4,2025-07-05,Tasty and fresh.,orphan_foreign_key
RAT0048843,CUST0034942,ITEM0004,LOC0003,ORD00093037,3,2025-07-05,,orphan_foreign_key
RAT0048866,CUST0041581,ITEM0074,LOC0025,ORD00093385,0,2025-07-06,,invalid_rating
RAT0048872,CUST0052781,,LOC0015,ORD00093774,5,1900-01-01,,invalid_date
RAT0048876,CUST0005457,ITEM0013,LOC0004,ORD00093147,4,2025-07-06,Tasty and fresh.,orphan_foreign_key
RAT0048904,CUST0037295,ITEM0081,LOC0018,ORD00093500,4,2025-07-06,,orphan_foreign_key
RAT0048909,CUST0009851,ITEM0046,LOC0009,ORD00093405,,2025-07-06,Tasty and fresh.,missing_value
RAT0048916,CUST0027573,ITEM0003,LOC0013,ORD00093191,5,2025-07-06,,orphan_foreign_key
RAT0048926,CUST6692555,ITEM0048,LOC0004,ORD00092437,4,2025-07-06,"Good food, will order again.",orphan_foreign_key
RAT0048927,CUST0037483,,LOC0023,ORD00093856,3,2025-07-06,,orphan_foreign_key
RAT0048960,CUST0009915,,LOC0004,ORD00093656,4,2025-07-06,,orphan_foreign_key
RAT0048970,CUST0010466,ITEM0075,LOC0016,ORD00093573,,2025-07-06,,missing_value
RAT0048981,CUST0051930,,LOC0024,ORD00093810,3,2025-07-06,,orphan_foreign_key
RAT0048997,CUST0033805,ITEM0138,LOC3250,ORD00093316,3,2025-07-06,,invalid_restaurant_id
RAT0049002,CUST0051930,ITEM0133,LOC0024,ORD00093810,2,2025-07-06,,orphan_foreign_key
RAT0049008,CUST0052815,ITEM0100,LOC0010,ORD00092161,5,2025-07-06,"Excellent, loved it!",orphan_foreign_key
RAT0049026,CUST0001326,ITEM0138,LOC0025,ORD00094009,2,,,invalid_date
RAT0049058,CUST0026443,ITEM0076,LOC0014,ORD00093274,4,2025-07-06,,orphan_foreign_key
RAT0049064,CUST0020883,ITEM0009,LOC0015,ORD00092057,3,2025-07-06,,orphan_foreign_key
RAT0049084,CUST0019777,ITEM0135,LOC0005,ORD00094116,,2025-07-06,Good value for money.,missing_value
RAT0049114,CUST0011402,ITEM0135,LOC0005,ORD00093713,-1,2025-07-06,,invalid_rating
RAT0049127,CUST0019479,ITEM0148,LOC0002,ORD00094064,3,2025-07-06,,orphan_foreign_key
RAT0049128,CUST0011989,ITEM0151,LOC0004,ORD00092295,4,,Good value for money.,invalid_date
RAT0049136,CUST0054807,ITEM0112,LOC0016,ORD00092491,,2025-07-06,Best in town.,missing_value
RAT0049138,CUST0053608,ITEM0057,LOC0004,ORD00092271,,2025-07-06,Tasty and fresh.,missing_value
RAT0049157,CUST0009946,ITEM0057,LOC0020,ORD00093190,,2025-07-06,,missing_value
RAT0049163,CUST0019479,ITEM0081,LOC0002,ORD00094064,4,2099-12-31,"Good food, will order again.",invalid_date
RAT0049189,CUST0048608,ITEM0132,LOC0008,ORD00094197,3,1970-01-01,"Average, nothing special.",invalid_date
RAT0049202,CUST7085159,ITEM0068,LOC0007,ORD00094363,3,2025-07-07,,orphan_foreign_key
RAT0049236,CUST0044196,ITEM0035,LOC0005,ORD00094039,,2025-07-07,,missing_value
RAT0049237,CUST0040140,ITEM0018,LOC0020,ORD00092799,,2025-07-07,,missing_value
RAT0049241,CUST0015817,ITEM0010,LOC0023,ORD00092521,,2025-07-07,Enjoyed the meal.,missing_value
RAT0049255,CUST0048533,,LOC0003,ORD00093631,,2025-07-07,,missing_value
RAT0049260,CUST0004652,ITEM0056,LOC0013,ORD00094228,4,2025-07-07,,orphan_foreign_key
RAT0049268,CUST0005585,ITEM0057,LOC0015,ORD00094322,,2025-07-07,"Average, nothing special.",missing_value
RAT0049273,CUST0053635,ITEM0057,LOC0012,ORD00092103,5,,,invalid_date
RAT0049310,CUST0006001,ITEM0040,LOC0024,ORD00094462,3,2025-07-07,Good taste but late delivery.,orphan_foreign_key
RAT0049331,CUST0034822,ITEM0067,LOC0008,ORD00094405,,2025-07-07,,missing_value
RAT0049334,CUST0036198,ITEM0057,LOC0008,ORD00093381,4,2025-07-07,,orphan_foreign_key
RAT0049365,CUST8947774,ITEM0115,LOC0008,ORD00094211,5,2025-07-07,Best in town.,orphan_foreign_key
RAT0049378,CUST0033866,ITEM0151,LOC0025,ORD00094159,3,2025-07-07,Decent but overpriced.,orphan_foreign_key
RAT0049379,CUST0028574,ITEM0151,LOC0008,ORD00094419,5,2025-07-07,Highly recommended.,orphan_foreign_key
RAT0049385,CUST9855692,ITEM0037,LOC0001,ORD00093623,3,2025-07-07,,orphan_foreign_key
RAT0049393,CUST0007026,ITEM0056,LOC0017,ORD00093455,3,,,invalid_date
RAT0049428,CUST6592384,ITEM0113,LOC0003,ORD00093037,3,2025-07-08,It was okay.,orphan_foreign_key
RAT0049438,CUST0015178,ITEM0098,LOC5384,ORD00094840,5,2025-07-08,Highly recommended.,invalid_restaurant_id
RAT0049442,CUST0049625,ITEM0134,LOC0016,ORD00094583,3,2025-07-08,,orphan_foreign_key
RAT0049444,CUST0006001,ITEM0058,LOC0024,ORD00094462,2,2025-07-08,,orphan_foreign_key
RAT0049447,CUST0040771,,LOC0008,ORD00093960,4,2025-07-08,,orphan_foreign_key
RAT0049450,CUST0032432,ITEM0085,LOC0007,ORD00094864,4,2025-07-08,,orphan_foreign_key
RAT0049452,CUST0032432,ITEM0133,LOC0007,ORD00094864,4,2025-07-08,Enjoyed the meal.,orphan_foreign_key
RAT0049455,CUST0052755,ITEM0067,LOC0015,ORD00093200,4,2025-07-08,,orphan_foreign_key
RAT0049485,CUST0028661,ITEM0048,LOC0021,ORD00094661,3,2025-07-08,"Taste was fine, packaging poor.",orphan_foreign_key
RAT0049529,CUST0032432,ITEM0055,LOC0007,ORD00094864,4,2025-07-08,,orphan_foreign_key
RAT0049533,CUST0050221,ITEM0032,LOC0004,ORD00093183,0,2025-07-08,Enjoyed the meal.,invalid_rating
RAT0049536,CUST0017734,ITEM0048,LOC4415,ORD00094773,3,2025-07-08,"Taste was fine, packaging poor.",invalid_restaurant_id
RAT0049559,CUST0039441,ITEM0148,LOC0004,ORD00094153,2,2025-07-08,,orphan_foreign_key
RAT0049571,CUST0035079,ITEM0068,LOC0002,ORD00094599,3,2025-07-08,,orphan_foreign_key
RAT0049577,CUST0050640,ITEM0085,LOC0013,ORD00094011,5,2025-07-08,,orphan_foreign_key
RAT0049590,CUST0028661,ITEM0035,LOC0021,ORD00094875,3,2025-07-08,,orphan_foreign_key
RAT0049618,CUST0023517,ITEM0147,LOC0004,ORD00094836,3,,"Average, nothing special.",invalid_date
RAT0049622,CUST0043599,ITEM0061,LOC1322,ORD00092516,2,2025-07-08,Below average taste.,invalid_restaurant_id
RAT0049630,CUST0028661,,LOC0021,ORD00094661,4,2025-07-08,Nice ambience and good service.,orphan_foreign_key
RAT0049645,CUST0023419,ITEM0134,LOC0008,ORD00094645,,2025-07-08,Good value for money.,missing_value
RAT0049647,CUST3336130,ITEM0126,LOC0008,ORD00094126,4,2025-07-08,,orphan_foreign_key
RAT0049652,CUST0047823,ITEM0002,LOC0001,ORD00095189,5,2025-07-09,,orphan_foreign_key
RAT0049662,CUST0046164,ITEM0159,LOC0018,ORD00095197,4,1900-01-01,,invalid_date
RAT0049678,CUST0005123,ITEM0004,LOC0008,ORD00094925,4,2025-07-09,,orphan_foreign_key
RAT0049683,CUST0003631,ITEM0045,LOC0010,ORD00095226,4,2025-07-09,,orphan_foreign_key
RAT0049688,CUST0034879,ITEM0032,LOC0011,ORD00095018,4,2025-07-09,,orphan_foreign_key
RAT0049699,CUST0023855,,LOC0008,ORD00095142,5,2025-07-09,,orphan_foreign_key
RAT0049704,CUST0006707,ITEM0057,LOC0011,ORD00094379,3,2025-07-09,,orphan_foreign_key
RAT0049720,CUST0049825,ITEM0138,LOC0022,ORD00093333,,2025-07-09,,missing_value
RAT0049721,CUST0000288,ITEM0148,LOC0001,ORD00094324,0,2025-07-09,,invalid_rating
RAT0049732,CUST0019777,ITEM0045,LOC0005,ORD00094116,,2025-07-09,Decent but overpriced.,missing_value
RAT0049734,CUST0021168,ITEM0121,LOC0019,ORD00094716,4,2031-07-22,,invalid_date
RAT0049744,CUST0011232,ITEM0002,LOC0004,ORD00095068,4,2025-07-09,,orphan_foreign_key
RAT0049765,CUST0012143,,LOC0014,ORD00095223,3,2025-07-09,Decent but overpriced.,orphan_foreign_key
RAT0049771,CUST0000489,ITEM0037,LOC0015,ORD00092729,3,,Decent but overpriced.,invalid_date
RAT0049777,CUST0036377,ITEM0151,LOC0020,ORD00094164,3,2025-07-09,,orphan_foreign_key
RAT0049811,CUST0037430,,LOC0015,ORD00094982,,2025-07-09,,missing_value
RAT0049816,CUST0052739,ITEM0050,LOC0018,ORD00094578,7,2025-07-09,"Average, nothing special.",invalid_rating
RAT0049834,CUST0000957,ITEM0058,LOC0020,ORD00095055,0,2025-07-09,,invalid_rating
RAT0049844,CUST0026647,ITEM0002,LOC0007,ORD00094675,3,2025-07-09,"Average, nothing special.",orphan_foreign_key
RAT0049849,CUST6188384,ITEM0121,LOC0002,ORD00094980,3,2025-07-09,It was okay.,orphan_foreign_key
RAT0049856,CUST0039015,,LOC0017,ORD00095652,3,2025-07-10,"Taste was fine, packaging poor.",orphan_foreign_key
RAT0049873,CUST0048478,ITEM0026,LOC0023,ORD00095448,3,2025-07-10,"Taste was fine, packaging poor.",orphan_foreign_key
RAT0049877,CUST0031885,ITEM0130,LOC0014,ORD00093166,5,2025-07-10,,orphan_foreign_key
RAT0049898,CUST0015539,ITEM0106,LOC0001,ORD00095651,6,2025-07-10,Good value for money.,invalid_rating
RAT0049902,CUST0010435,,LOC0014,ORD00095663,4,2025-07-10,,orphan_foreign_key
RAT0049921,CUST0049625,ITEM0032,LOC0016,ORD00094583,4,2025-07-10,Tasty and fresh.,orphan_foreign_key
RAT0049929,CUST0054114,ITEM0031,LOC0654,ORD00095674,2,2025-07-10,,invalid_restaurant_id
RAT0049945,CUST0054918,ITEM0100,LOC0022,ORD00095001,4,2025-07-10,,orphan_foreign_key
RAT0049954,CUST0016964,ITEM0151,LOC0001,ORD00095511,4,2025-07-10,,orphan_foreign_key
RAT0049974,CUST0047823,ITEM0157,LOC0001,ORD00095189,4,2025-07-10,,orphan_foreign_key
RAT0049978,CUST0054918,ITEM0114,LOC0022,ORD00095001,5,2025-07-10,Highly recommended.,orphan_foreign_key
RAT0049979,CUST0016964,ITEM0121,LOC0001,ORD00095511,4,2025-07-10,,orphan_foreign_key
RAT0049994,CUST0044448,ITEM0115,LOC0003,ORD00095312,3,2025-07-10,It was okay.,orphan_foreign_key
RAT0050001,CUST0038091,,LOC0005,ORD00095725,4,2025-07-10,,orphan_foreign_key
RAT0050005,CUST0037948,ITEM0159,LOC0023,ORD00093018,,2025-07-10,,missing_value
RAT0050013,CUST0021938,ITEM0074,LOC0007,ORD00095591,,2025-07-10,,missing_value
RAT0050024,CUST0038091,ITEM0067,LOC0005,ORD00095725,3,2025-07-10,,orphan_foreign_key
RAT0050026,CUST0048478,ITEM0027,LOC0023,ORD00095448,4,2025-07-10,,orphan_foreign_key
RAT0050029,CUST0042986,,LOC0008,ORD00095617,4,2025-07-10,Nice ambience and good service.,orphan_foreign_key
RAT0050033,CUST0053627,ITEM0004,LOC1399,ORD00095042,4,2025-07-10,Good value for money.,invalid_restaurant_id
RAT0050042,CUST0043185,,LOC0003,ORD00095507,,2025-07-10,,missing_value
RAT0050044,CUST0054682,ITEM0013,LOC0013,ORD00095229,4,2025-07-10,,orphan_foreign_key
RAT0050059,CUST0023722,,LOC0009,ORD00094323,4,1970-01-01,Tasty and fresh.,invalid_date
RAT0050076,CUST0011232,ITEM0151,LOC0004,ORD00095068,3,2025-07-11,,orphan_foreign_key
RAT0050085,CUST0030366,ITEM0141,LOC0025,ORD00093781,,2025-07-11,,missing_value
RAT0050089,CUST0020001,ITEM0157,LOC0003,ORD00094353,3,2025-07-11,,orphan_foreign_key
RAT0050127,CUST0054682,ITEM0067,LOC0013,ORD00095229,4,2025-07-11,,orphan_foreign_key
RAT0050147,CUST0007132,ITEM0033,LOC0019,ORD00096152,4,2025-07-11,,orphan_foreign_key
RAT0050176,CUST0041093,ITEM0151,LOC0020,ORD00095753,4,2025-07-11,,orphan_foreign_key
RAT0050183,CUST0001653,ITEM0027,LOC0017,ORD00095701,4,2025-07-11,,orphan_foreign_key
RAT0050208,CUST0019824,ITEM0074,LOC0013,ORD00095633,,2025-07-11,,missing_value
RAT0050232,CUST0041093,ITEM0091,LOC0020,ORD00095753,3,2025-07-11,,orphan_foreign_key
RAT0050239,CUST0011343,ITEM0090,LOC0019,ORD00096210,-1,2025-07-11,,invalid_rating
RAT0050252,CUST0024494,ITEM0023,LOC0019,ORD00095966,,2025-07-11,,missing_value
RAT0050271,CUST0054918,ITEM0091,LOC2245,ORD00095001,4,2025-07-11,,invalid_restaurant_id
RAT0050301,CUST0014278,ITEM0160,LOC0003,ORD00095518,3,2025-07-11,,orphan_foreign_key
RAT0050307,CUST0051548,ITEM0130,LOC0001,ORD00096197,7,2025-07-11,Highly recommended.,invalid_rating
RAT0050309,CUST0045856,ITEM0036,LOC0013,ORD00095724,5,2025-07-11,,orphan_foreign_key
RAT0050340,CUST0015674,ITEM0027,LOC0010,ORD00096248,,2025-07-12,,missing_value
RAT0050345,CUST0047886,ITEM0114,LOC0015,ORD00095198,4,2025-07-12,Enjoyed the meal.,orphan_foreign_key
RAT0050364,CUST0053287,,LOC0011,ORD00095929,5,2025-07-12,,orphan_foreign_key
RAT0050387,CUST0014860,ITEM0137,LOC0020,ORD00096710,3,2025-07-12,Good taste but late delivery.,orphan_foreign_key
RAT0050391,CUST9555149,ITEM0048,LOC0021,ORD00096160,3,2025-07-12,"Taste was fine, packaging poor.",orphan_foreign_key
RAT0050395,CUST0003732,ITEM0107,LOC2206,ORD00096777,5,2025-07-12,Best in town.,invalid_restaurant_id
RAT0050401,CUST0011743,ITEM0068,LOC0010,ORD00096361,3,2025-07-12,,orphan_foreign_key
RAT0050434,CUST0041227,ITEM0044,LOC2344,ORD00095905,3,2025-07-12,,invalid_restaurant_id
RAT0050442,CUST0026853,ITEM0150,LOC0006,ORD00096013,,2025-07-12,Enjoyed the meal.,missing_value
RAT0050443,CUST0014860,,LOC0020,ORD00096710,3,2025-07-12,,orphan_foreign_key
RAT0050467,CUST0006943,ITEM0135,LOC0001,ORD00095670,4,2025-07-12,Enjoyed the meal.,orphan_foreign_key
RAT0050490,CUST0018338,ITEM0062,LOC0001,ORD00096870,4,2025-07-12,Tasty and fresh.,orphan_foreign_key
RAT0050501,CUST0030985,ITEM0152,LOC9550,ORD00096735,3,2025-07-12,,invalid_restaurant_id
RAT0050504,CUST0041750,ITEM0151,LOC0004,ORD00096132,,2025-07-12,,missing_value
RAT0050514,CUST8506430,,LOC0025,ORD00096448,3,2025-07-12,,orphan_foreign_key
RAT0050515,CUST0042884,ITEM0112,LOC4862,ORD00096329,4,2025-07-12,Good value for money.,invalid_restaurant_id
RAT0050519,CUST0044448,ITEM0127,LOC0003,ORD00095312,,2025-07-12,,missing_value
RAT0050528,CUST0053457,ITEM0089,LOC0009,ORD00096392,10,2025-07-12,It was okay.,invalid_rating
RAT0050532,CUST0031767,ITEM0024,LOC0018,ORD00096681,,2025-07-12,,missing_value
RAT0050534,CUST0032378,ITEM0101,LOC0008,ORD00096012,4,,,invalid_date
RAT0050564,CUST0004677,ITEM0151,LOC0008,ORD00096445,4,2025-07-12,,orphan_foreign_key
RAT0050600,CUST0039441,ITEM0065,LOC0004,ORD00094153,4,2025-07-12,Nice ambience and good service.,orphan_foreign_key
RAT0050610,CUST8537037,ITEM0148,LOC0023,ORD00095795,4,2025-07-12,,orphan_foreign_key
RAT0050618,CUST0011428,,LOC0016,ORD00096609,4,2031-07-22,,invalid_date
RAT0050643,CUST0016589,ITEM0125,LOC0019,ORD00097186,2,2025-07-13,Not fresh.,orphan_foreign_key
RAT0050709,CUST0018689,ITEM0075,LOC0005,ORD00096974,3,2025-07-13,"Taste was fine, packaging poor.",orphan_foreign_key
RAT0050735,CUST0019174,ITEM0068,LOC0005,ORD00094404,4,2025-07-13,,orphan_foreign_key
RAT0050761,CUST0038639,ITEM0061,LOC0020,ORD00096914,,2025-07-13,,missing_value
RAT0050789,CUST0053605,ITEM0114,LOC0012,ORD00097121,6,2025-07-13,,invalid_rating
RAT0050797,CUST0006115,ITEM0046,LOC0007,ORD00096992,,2025-07-13,,missing_value
RAT0050804,CUST0022816,,LOC0003,ORD00097006,4,2099-12-31,Enjoyed the meal.,invalid_date
RAT0050816,CUST0022837,ITEM0004,LOC0016,ORD00097194,,2025-07-13,Enjoyed the meal.,missing_value
RAT0050857,CUST0047823,ITEM0004,LOC0001,ORD00095189,4,2025-07-13,Enjoyed the meal.,orphan_foreign_key
RAT0050861,CUST0014322,ITEM0134,LOC0021,ORD00096844,5,2025-07-13,,orphan_foreign_key
RAT0050882,CUST0014041,ITEM0073,LOC0018,ORD00097250,2,2025-07-13,,orphan_foreign_key
RAT0050912,CUST0015059,ITEM0017,LOC0018,ORD00096413,,2025-07-13,Tasty and fresh.,missing_value
RAT0050917,CUST0008210,ITEM0048,LOC0016,ORD00097115,5,2025-07-13,,orphan_foreign_key
RAT0050944,CUST0011779,ITEM0138,LOC0023,ORD00097223,3,2025-07-13,,orphan_foreign_key
RAT0050964,CUST0042818,,LOC0008,ORD00097678,-1,2025-07-14,,invalid_rating
RAT0051039,CUST0039801,ITEM0066,LOC0016,ORD00096645,5,2025-07-14,,orphan_foreign_key
RAT0051051,CUST0041715,ITEM0117,LOC0015,ORD00097553,-1,2025-07-14,,invalid_rating
RAT0051071,CUST0031568,,LOC4578,ORD00097084,3,2025-07-14,"Taste was fine, packaging poor.",invalid_restaurant_id
RAT0051118,CUST0014805,,LOC0004,ORD00091650,3,2025-07-14,,orphan_foreign_key
RAT0051135,CUST0014199,,LOC0002,ORD00097336,4,2025-07-14,,orphan_foreign_key
RAT0051142,CUST0014179,ITEM0136,LOC8828,ORD00097492,4,2025-07-14,,invalid_restaurant_id
RAT0051144,CUST0042058,ITEM0087,LOC0018,ORD00097699,4,2025-07-14,Nice ambience and good service.,orphan_foreign_key
RAT0051147,CUST0005929,ITEM0038,LOC0002,ORD00095392,55,2025-07-14,,invalid_rating
RAT0051156,CUST0006816,,LOC0015,ORD00097712,5,2025-07-14,,orphan_foreign_key
RAT0051166,CUST0004677,ITEM0157,LOC0008,ORD00096445,4,2025-07-14,Tasty and fresh.,orphan_foreign_key
RAT0051185,CUST0054691,ITEM0057,LOC0015,ORD00097521,,2025-07-14,Tasty and fresh.,missing_value
RAT0051199,CUST0040544,ITEM0046,LOC0013,ORD00097388,3,,"Average, nothing special.",invalid_date
RAT0051223,CUST0042058,ITEM0091,LOC0018,ORD00097699,5,2025-07-14,,orphan_foreign_key
RAT0051230,CUST0028920,ITEM0076,LOC0787,ORD00097456,3,2025-07-14,"Average, nothing special.",invalid_restaurant_id
RAT0051264,CUST0001096,,LOC0025,ORD00097928,5,2025-07-15,,orphan_foreign_key
RAT0051277,CUST0052514,,LOC0004,ORD00098244,6,2025-07-15,,invalid_rating
RAT0051280,CUST0016119,,LOC7074,ORD00097918,4,2025-07-15,Good value for money.,invalid_restaurant_id
RAT0051283,CUST0001479,,LOC0003,ORD00096743,0,2025-07-15,,invalid_rating
RAT0051302,CUST0041964,ITEM0126,LOC0006,ORD00097318,4,2025-07-15,,orphan_foreign_key
RAT0051311,CUST0020498,ITEM0137,LOC0017,ORD00096182,0,2025-07-15,,invalid_rating
RAT0051319,CUST6919084,,LOC0002,ORD00097704,4,2025-07-15,Nice ambience and good service.,orphan_foreign_key
RAT0051334,CUST0044662,ITEM0032,LOC0009,ORD00097916,-1,2025-07-15,,invalid_rating
RAT0051336,CUST0013394,ITEM0001,LOC0016,ORD00097719,4,2025-07-15,,orphan_foreign_key
RAT0051344,CUST0002876,ITEM0137,LOC3588,ORD00096672,3,2025-07-15,,invalid_restaurant_id
RAT0051350,CUST0035401,ITEM0068,LOC0001,ORD00098193,3,2025-07-15,"Taste was fine, packaging poor.",orphan_foreign_key
RAT0051356,CUST0054787,ITEM0117,LOC0015,ORD00098270,,2025-07-15,,missing_value
RAT0051367,CUST0030009,,LOC0001,ORD00097565,,2025-07-15,,missing_value
RAT0051369,CUST0004625,ITEM0057,LOC0015,ORD00097810,0,2025-07-15,"Taste was fine, packaging poor.",invalid_rating
RAT0051463,CUST0020824,ITEM0036,LOC0015,ORD00098542,55,2025-07-16,Good value for money.,invalid_rating
RAT0051478,CUST0035401,ITEM0140,LOC0001,ORD00098193,5,2025-07-16,"Excellent, loved it!",orphan_foreign_key
RAT0051502,CUST0039245,ITEM0051,LOC0013,ORD00098577,4,2025-07-16,,orphan_foreign_key
RAT0051537,CUST0000333,ITEM0098,LOC0009,ORD00097770,4,2025-07-16,Tasty and fresh.,orphan_foreign_key
RAT0051546,CUST0030848,ITEM0086,LOC0014,ORD00098622,,2025-07-16,Tasty and fresh.,missing_value
RAT0051563,CUST8275939,ITEM0152,LOC0016,ORD00097260,5,2025-07-16,,orphan_foreign_key
RAT0051568,CUST0052086,ITEM0045,LOC0003,ORD00097410,,2025-07-16,,missing_value
RAT0051575,CUST0035068,ITEM0156,LOC0020,ORD00098399,5,2025-07-16,"Excellent, loved it!",orphan_foreign_key
RAT0051595,CUST0024221,ITEM0140,LOC0016,ORD00098477,4,2025-07-16,Good value for money.,orphan_foreign_key
RAT0051609,CUST0004651,ITEM0013,LOC3983,ORD00098462,4,2025-07-16,,invalid_restaurant_id
RAT0051623,CUST0011626,ITEM0143,LOC0019,ORD00097037,5,2025-07-16,Perfect taste and quick service.,orphan_foreign_key
RAT0051631,CUST0006569,,LOC0015,ORD00098278,7,2025-07-16,Best in town.,invalid_rating
RAT0051670,CUST0044357,ITEM0156,LOC0013,ORD00098773,55,2025-07-17,,invalid_rating
RAT0051694,CUST0028850,ITEM0034,LOC0007,ORD00098539,,2025-07-17,Service was slow.,missing_value
RAT0051700,CUST0022023,,LOC0025,ORD00097924,3,2025-07-17,"Average, nothing special.",orphan_foreign_key
RAT0051711,CUST0009295,ITEM0057,LOC0023,ORD00098822,3,2025-07-17,,orphan_foreign_key
RAT0051748,CUST0038347,ITEM0012,LOC0024,ORD00096952,3,2025-07-17,,orphan_foreign_key
RAT0051755,CUST0006085,ITEM0060,LOC0015,ORD00098665,,2025-07-17,Tasty and fresh.,missing_value
RAT0051758,CUST0001096,ITEM0139,LOC0025,ORD00097928,3,2025-07-17,,orphan_foreign_key
RAT0051771,CUST0029255,ITEM0103,LOC1922,ORD00098474,5,2025-07-17,,invalid_restaurant_id
RAT0051786,CUST0001152,ITEM0060,LOC0015,ORD00098777,4,2025-07-17,,orphan_foreign_key
RAT0051787,CUST0008210,ITEM0046,LOC0016,ORD00097115,4,2025-07-17,,orphan_foreign_key
RAT0051808,CUST0050084,ITEM0153,LOC0015,ORD00098426,,2025-07-17,,missing_value
RAT0051825,CUST0033655,ITEM0132,LOC0023,ORD00098855,3,2025-07-17,,orphan_foreign_key
RAT0051832,CUST0022656,,LOC0005,ORD00098554,2,2025-07-17,Not fresh.,orphan_foreign_key
RAT0051839,CUST0038406,ITEM0143,LOC0006,ORD00098965,5,2025-07-17,,orphan_foreign_key
RAT0051850,CUST0001152,ITEM0089,LOC0015,ORD00098777,3,2025-07-17,,orphan_foreign_key
RAT0051860,CUST0047251,ITEM0138,LOC0016,ORD00097296,2,2025-07-17,,orphan_foreign_key
RAT0051874,CUST0036483,ITEM0157,LOC0003,ORD00099286,3,2025-07-18,,orphan_foreign_key
RAT0051875,CUST0012929,ITEM0143,LOC0003,ORD00098725,4,2025-07-18,,orphan_foreign_key
RAT0051888,CUST0042114,ITEM0020,LOC0017,ORD00098931,3,2025-07-18,Decent but overpriced.,orphan_foreign_key
RAT0051912,CUST0003023,ITEM0045,LOC0005,ORD00097414,,2025-07-18,,missing_value
RAT0051923,CUST0048272,,LOC0003,ORD00099474,4,2025-07-18,,orphan_foreign_key
RAT0051932,CUST0054596,ITEM0059,LOC0001,ORD00099365,4,2025-07-18,,orphan_foreign_key
RAT0051937,CUST0027811,ITEM0123,LOC0008,ORD00099174,4,2025-07-18,Tasty and fresh.,orphan_foreign_key
RAT0051972,CUST0017194,ITEM0121,LOC0004,ORD00099362,4,2025-07-18,,orphan_foreign_key
RAT0051984,CUST0027811,ITEM0068,LOC0008,ORD00099174,5,2025-07-18,Best in town.,orphan_foreign_key
RAT0051992,CUST0021265,ITEM0003,LOC0010,ORD00099141,4,2025-07-18,,orphan_foreign_key
RAT0051995,CUST0030159,ITEM0093,LOC0024,ORD00099564,,2025-07-18,Nice ambience and good service.,missing_value
RAT0052004,CUST0054408,,LOC7404,ORD00099583,3,2025-07-18,,invalid_restaurant_id
RAT0052017,CUST0020781,ITEM0114,LOC0021,ORD00097705,7,2025-07-18,,invalid_rating
RAT0052023,CUST0046593,ITEM0061,LOC0023,ORD00099186,2,,Not fresh.,invalid_date
RAT0052038,CUST0017010,ITEM0130,LOC0004,ORD00098312,5,2025-07-18,Perfect taste and quick service.,orphan_foreign_key
RAT0052077,CUST3734741,,LOC0011,ORD00099527,4,2025-07-18,,orphan_foreign_key
RAT0052093,CUST0045347,ITEM0151,LOC0023,ORD00098987,3,2025-07-18,It was okay.,orphan_foreign_key
RAT0052100,CUST0046010,ITEM0157,LOC0020,ORD00099521,0,2025-07-18,,invalid_rating
RAT0052126,CUST0015106,ITEM0009,LOC0019,ORD00099809,1,2025-07-19,"Very disappointing, will not order again.",orphan_foreign_key
RAT0052138,CUST0032400,ITEM0036,LOC0001,ORD00097400,4,2025-07-19,,orphan_foreign_key
RAT0052141,CUST0016095,ITEM0057,LOC3894,ORD00100010,3,2025-07-19,"Average, nothing special.",invalid_restaurant_id
RAT0052149,CUST0001916,,LOC0015,ORD00099758,0,2025-07-19,Nice ambience and good service.,invalid_rating
RAT0052156,CUST0046711,ITEM0112,LOC0005,ORD00099849,-1,2025-07-19,Good taste but late delivery.,invalid_rating
RAT0052183,CUST0020540,ITEM0057,LOC0017,ORD00099478,2,,,invalid_date
RAT0052189,CUST0006945,ITEM0004,LOC0020,ORD00100129,3,2025-07-19,Good taste but late delivery.,orphan_foreign_key
RAT0052215,CUST0001695,ITEM0135,LOC0013,ORD00099147,55,2025-07-19,Highly recommended.,invalid_rating
RAT0052276,CUST0026426,ITEM0148,LOC0016,ORD00100195,4,2025-07-19,,orphan_foreign_key
RAT0052279,CUST0004304,ITEM0134,LOC0003,ORD00099762,,2025-07-19,,missing_value
RAT0052283,CUST0011968,,LOC0009,ORD00099963,2,2025-07-19,,orphan_foreign_key
RAT0052290,CUST0036201,ITEM0075,LOC0008,ORD00098784,7,2025-07-19,,invalid_rating
RAT0052299,CUST0014317,ITEM0077,LOC0018,ORD00100135,4,2099-12-31,"Good food, will order again.",invalid_date
RAT0052302,CUST0016031,ITEM0004,LOC0014,ORD00099817,3,2025-07-19,,orphan_foreign_key
RAT0052304,CUST0011968,ITEM0051,LOC0009,ORD00099963,4,2025-07-19,,orphan_foreign_key
RAT0052308,CUST0041210,ITEM0142,LOC0006,ORD00099872,3,2025-07-19,"Taste was fine, packaging poor.",orphan_foreign_key
RAT0052319,CUST0047192,,LOC0020,ORD00099599,3,2025-07-19,,orphan_foreign_key
RAT0052328,CUST0042548,ITEM0156,LOC0002,ORD00099696,55,2025-07-19,,invalid_rating
RAT0052343,CUST0036483,ITEM0071,LOC0003,ORD00099286,3,2025-07-19,It was okay.,orphan_foreign_key
RAT0052347,CUST0012365,ITEM0126,LOC0003,ORD00099920,3,2025-07-19,,orphan_foreign_key
RAT0052353,CUST0052086,ITEM0148,LOC0003,ORD00099658,3,2025-07-19,,orphan_foreign_key
RAT0052357,CUST0054596,ITEM0004,LOC0001,ORD00099365,4,2025-07-19,,orphan_foreign_key
RAT0052361,CUST0052831,,LOC0018,ORD00099776,2,2025-07-19,,orphan_foreign_key
RAT0052383,CUST0011968,ITEM0021,LOC0009,ORD00099963,4,2025-07-19,,orphan_foreign_key
RAT0052390,CUST0015775,ITEM0148,LOC0012,ORD00099134,,2025-07-19,"Taste was fine, packaging poor.",missing_value
RAT0052394,CUST0030252,ITEM0112,LOC0024,ORD00099801,4,2025-07-19,,orphan_foreign_key
RAT0052431,CUST0007051,ITEM0068,LOC0006,ORD00100502,,2025-07-20,,missing_value
RAT0052436,CUST0052071,,LOC0018,ORD00100641,4,2025-07-20,Nice ambience and good service.,orphan_foreign_key
RAT0052451,CUST0038631,ITEM0143,LOC0016,ORD00100334,3,2025-07-20,,orphan_foreign_key
RAT0052461,CUST0034570,ITEM0035,LOC0013,ORD00100333,7,2025-07-20,"Excellent, loved it!",invalid_rating
RAT0052468,CUST0052071,ITEM0010,LOC0018,ORD00100641,5,2025-07-20,Perfect taste and quick service.,orphan_foreign_key
RAT0052470,CUST0038631,ITEM0068,LOC0016,ORD00100334,3,2025-07-20,Decent but overpriced.,orphan_foreign_key
RAT0052472,CUST0016698,ITEM0003,LOC0003,ORD00098918,7,2025-07-20,Below average taste.,invalid_rating
RAT0052487,CUST0037531,ITEM0124,LOC0006,ORD00100218,7,2025-07-20,,invalid_rating
RAT0052506,CUST0011341,ITEM0071,LOC0017,ORD00099448,3,2025-07-20,,orphan_foreign_key
RAT0052512,CUST0031622,ITEM0048,LOC0018,ORD00100257,55,2025-07-20,,invalid_rating
RAT0052516,CUST0012365,ITEM0137,LOC0003,ORD00099920,4,2025-07-20,,orphan_foreign_key
RAT0052518,CUST0030881,ITEM0068,LOC0014,ORD00100561,4,2025-07-20,,orphan_foreign_key
RAT0052555,CUST0007816,ITEM0009,LOC0014,ORD00099882,,2025-07-20,,missing_value
RAT0052570,CUST0033461,ITEM0138,LOC0016,ORD00098701,5,,Highly recommended.,invalid_date
RAT0052579,CUST0044470,ITEM0108,LOC0018,ORD00100446,4,2025-07-20,Nice ambience and good service.,orphan_foreign_key
RAT0052586,CUST0038631,ITEM0126,LOC0016,ORD00100334,4,2025-07-20,"Good food, will order again.",orphan_foreign_key
RAT0052612,CUST0006200,ITEM0137,LOC0014,ORD00097851,7,2025-07-20,,invalid_rating
RAT0052615,CUST0010853,ITEM0098,LOC0020,ORD00100649,3,2025-07-20,,orphan_foreign_key
RAT0052619,CUST0030881,ITEM0054,LOC0014,ORD00100561,5,2025-07-20,Perfect taste and quick service.,orphan_foreign_key
RAT0052646,CUST0041210,,LOC0006,ORD00099872,2,2025-07-20,,orphan_foreign_key
RAT0052664,CUST0011355,ITEM0081,LOC0016,ORD00100480,3,2025-07-20,It was okay.,orphan_foreign_key
RAT0052678,CUST0035689,ITEM0071,LOC0008,ORD00099577,4,2025-07-20,,orphan_foreign_key
RAT0052681,CUST0030881,ITEM0129,LOC0014,ORD00100561,5,2025-07-20,,orphan_foreign_key
RAT0052716,CUST0037483,ITEM0062,LOC0023,ORD00101068,7,2025-07-21,,invalid_rating
RAT0052725,CUST0010853,ITEM0060,LOC0020,ORD00100649,3,2025-07-21,Good taste but late delivery.,orphan_foreign_key
RAT0052739,CUST0004230,ITEM0113,LOC0014,ORD00101140,5,2025-07-21,Amazing food and friendly staff.,orphan_foreign_key
RAT0052740,CUST0030054,ITEM0090,LOC0013,ORD00100935,4,,,invalid_date
RAT0052750,CUST0018409,ITEM0021,LOC0014,ORD00100992,4,2025-07-21,,orphan_foreign_key
RAT0052754,CUST0000754,ITEM0091,LOC0010,ORD00100892,3,2025-07-21,Good taste but late delivery.,orphan_foreign_key
RAT0052759,CUST0025560,ITEM0154,LOC0016,ORD00100810,3,2025-07-21,,orphan_foreign_key
RAT0052824,CUST0048027,ITEM0031,LOC0009,ORD00099824,4,,,invalid_date
RAT0052857,CUST9907095,ITEM0068,LOC0010,ORD00099736,2,2025-07-21,Not fresh.,orphan_foreign_key
RAT0052869,CUST0004806,ITEM0124,LOC0024,ORD00100679,,2025-07-21,,missing_value
RAT0052870,CUST0051283,ITEM0148,LOC0025,ORD00098305,55,2025-07-21,,invalid_rating
RAT0052884,CUST0025049,ITEM0046,LOC0004,ORD00100805,0,2025-07-21,Good value for money.,invalid_rating
RAT0052895,CUST0002237,ITEM0134,LOC0025,ORD00100428,5,2025-07-21,,orphan_foreign_key
RAT0052900,CUST0011753,ITEM0040,LOC0009,ORD00100300,3,2031-07-22,,invalid_date
RAT0052908,CUST0025560,,LOC0016,ORD00100810,5,2025-07-21,Amazing food and friendly staff.,orphan_foreign_key
RAT0052915,CUST0024346,ITEM0004,LOC0016,ORD00100539,5,2099-12-31,Best in town.,invalid_date
RAT0052917,CUST0029337,ITEM0023,LOC0010,ORD00100171,4,2025-07-21,,orphan_foreign_key
RAT0052931,CUST0053963,ITEM0067,LOC0023,ORD00100837,4,2025-07-21,,orphan_foreign_key
RAT0052945,CUST0031020,ITEM0077,LOC0002,ORD00099789,4,2025-07-21,,orphan_foreign_key
RAT0052947,CUST0036765,ITEM0093,LOC0002,ORD00100932,3,2025-07-21,,orphan_foreign_key
RAT0053016,CUST0007377,ITEM0003,LOC0009,ORD00100263,0,2025-07-22,"Taste was fine, packaging poor.",invalid_rating
RAT0053018,CUST0039679,ITEM0074,LOC5263,ORD00101271,4,2025-07-22,,invalid_restaurant_id
RAT0053030,CUST0018409,ITEM0059,LOC0014,ORD00100992,4,2025-07-22,Enjoyed the meal.,orphan_foreign_key
RAT0053050,CUST0031995,ITEM0035,LOC0014,ORD00101386,3,2025-07-22,,orphan_foreign_key
RAT0053065,CUST0019107,,LOC0004,ORD00101296,4,2025-07-22,Enjoyed the meal.,orphan_foreign_key
RAT0053084,CUST0029351,,LOC0001,ORD00101345,4,2025-07-22,,orphan_foreign_key
RAT0053089,CUST0040233,ITEM0044,LOC0015,ORD00100871,4,2025-07-22,,orphan_foreign_key
RAT0053099,CUST0025393,ITEM0154,LOC0007,ORD00101464,,2025-07-22,,missing_value
RAT0053106,CUST0011589,ITEM0121,LOC0004,ORD00101485,,2025-07-22,,missing_value
RAT0053123,CUST0049634,,LOC0020,ORD00098942,4,2025-07-22,,orphan_foreign_key
RAT0053137,CUST0054072,ITEM0045,LOC0019,ORD00101213,,2025-07-22,,missing_value
RAT0053143,CUST0041115,ITEM0005,LOC0003,ORD00101025,3,2025-07-22,,orphan_foreign_key
RAT0053160,CUST0042483,ITEM0143,LOC0017,ORD00100897,6,2025-07-22,,invalid_rating
RAT0053169,CUST0001733,,LOC0004,ORD00101294,,2025-07-22,,missing_value
RAT0053178,CUST0025607,ITEM0068,LOC0025,ORD00100486,4,2025-07-22,Good value for money.,orphan_foreign_key
RAT0053194,CUST0036592,ITEM0152,LOC0010,ORD00101218,,2025-07-22,,missing_value
RAT0053220,CUST0022369,ITEM0004,LOC0017,ORD00101193,-1,2025-07-22,It was okay.,invalid_rating
RAT0053232,CUST0034317,ITEM0004,LOC1249,ORD00101907,4,2025-07-23,,invalid_restaurant_id
RAT0053246,CUST0037650,ITEM0045,LOC3885,ORD00100953,3,2025-07-23,,invalid_restaurant_id
RAT0053251,CUST0047397,ITEM0029,LOC0023,ORD00101690,,2025-07-23,,missing_value
RAT0053254,CUST0052735,,LOC0011,ORD00101337,6,2025-07-23,,invalid_rating
RAT0053257,CUST0009692,ITEM0032,LOC0002,ORD00099773,55,2025-07-23,,invalid_rating
RAT0053263,CUST0003220,ITEM0047,LOC0016,ORD00100226,,2025-07-23,,missing_value
RAT0053266,CUST0027573,ITEM0148,LOC0013,ORD00101396,5,2025-07-23,"Excellent, loved it!",orphan_foreign_key
RAT0053269,CUST0001088,ITEM0033,LOC0007,ORD00099767,3,2025-07-23,"Average, nothing special.",orphan_foreign_key
RAT0053274,CUST0042862,ITEM0074,LOC0018,ORD00101603,,2025-07-23,"Taste was fine, packaging poor.",missing_value
RAT0053277,CUST0021298,ITEM0148,LOC0006,ORD00101558,4,2025-07-23,,orphan_foreign_key
RAT0053302,CUST0054660,ITEM0092,LOC0010,ORD00101502,,2025-07-23,,missing_value
RAT0053311,CUST0021298,ITEM0003,LOC0006,ORD00101558,4,2025-07-23,,orphan_foreign_key
RAT0053342,CUST0039096,ITEM0126,LOC0022,ORD00101315,5,2025-07-23,,orphan_foreign_key
RAT0053368,CUST0000836,ITEM0048,LOC0025,ORD00101458,3,2025-07-23,,orphan_foreign_key
RAT0053371,CUST0008646,ITEM0050,LOC0025,ORD00100695,,2025-07-23,,missing_value
RAT0053388,CUST0053963,ITEM0136,LOC0023,ORD00100837,4,2025-07-23,Nice ambience and good service.,orphan_foreign_key
RAT0053395,CUST0031601,ITEM0145,LOC3625,ORD00101287,4,2025-07-23,"Good food, will order again.",invalid_restaurant_id
RAT0053408,CUST0048412,,LOC0022,ORD00101891,4,2025-07-23,,orphan_foreign_key
RAT0053418,CUST0011968,ITEM0053,LOC0009,ORD00099963,3,2025-07-23,"Taste was fine, packaging poor.",orphan_foreign_key
RAT0053422,CUST0028012,ITEM0068,LOC0025,ORD00101474,-1,2025-07-23,"Average, nothing special.",invalid_rating
RAT0053425,CUST0026404,ITEM0157,LOC0005,ORD00101436,3,2025-07-23,,orphan_foreign_key
RAT0053432,CUST0014317,ITEM0049,LOC3858,ORD00100135,3,2025-07-23,,invalid_restaurant_id
RAT0053433,CUST0027573,ITEM0031,LOC0013,ORD00099811,4,2025-07-23,Nice ambience and good service.,orphan_foreign_key
RAT0053468,CUST0043144,ITEM0154,LOC0014,ORD00102156,4,2025-07-24,,orphan_foreign_key
RAT0053478,CUST0052755,ITEM0122,LOC0015,ORD00101618,3,2025-07-24,Good taste but late delivery.,orphan_foreign_key
RAT0053490,CUST0031565,ITEM0091,LOC0015,ORD00102159,5,2025-07-24,Highly recommended.,orphan_foreign_key
RAT0053491,CUST0001753,,LOC0018,ORD00101587,3,2025-07-24,,orphan_foreign_key
RAT0053499,CUST0045009,ITEM0102,LOC0021,ORD00102004,3,2025-07-24,It was okay.,orphan_foreign_key
RAT0053505,CUST0029402,ITEM0004,LOC0018,ORD00102186,3,2025-07-24,,orphan_foreign_key
RAT0053517,CUST0019366,ITEM0115,LOC0009,ORD00101840,4,2027-11-05,,invalid_date
RAT0053526,CUST0009104,ITEM0109,LOC0018,ORD00102279,10,2025-07-24,,invalid_rating
RAT0053531,CUST0012479,ITEM0058,LOC0013,ORD00101899,,2025-07-24,,missing_value
RAT0053553,CUST7196876,ITEM0141,LOC0007,ORD00102117,3,2025-07-24,"Average, nothing special.",orphan_foreign_key
RAT0053561,CUST0031995,ITEM0143,LOC0014,ORD00099650,4,2025-07-24,Good value for money.,orphan_foreign_key
RAT0053577,CUST0016199,ITEM0149,LOC4900,ORD00102138,4,2025-07-24,,invalid_restaurant_id
RAT0053586,CUST0014938,ITEM0012,LOC0004,ORD00101402,3,2025-07-24,,orphan_foreign_key
RAT0053589,CUST0021480,ITEM0090,LOC0019,ORD00101188,-1,2025-07-24,Below average taste.,invalid_rating
RAT0053591,CUST0033814,ITEM0129,LOC0003,ORD00101942,,2025-07-24,,missing_value
RAT0053594,CUST0019150,ITEM0134,LOC0016,ORD00100227,4,2025-07-24,Good value for money.,orphan_foreign_key
RAT0053609,CUST0014066,ITEM0134,LOC0022,ORD00101857,3,2025-07-24,,orphan_foreign_key
RAT0053627,CUST0020295,ITEM0145,LOC9878,ORD00101580,3,2025-07-24,"Taste was fine, packaging poor.",invalid_restaurant_id
RAT0053639,CUST0040435,ITEM0101,LOC0008,ORD00101557,5,2025-07-24,Amazing food and friendly staff.,orphan_foreign_key
RAT0053644,CUST0052481,ITEM0024,LOC0023,ORD00102047,7,2025-07-24,It was okay.,invalid_rating
RAT0053664,CUST0027525,ITEM0155,LOC0008,ORD00102065,,2025-07-25,Good taste but late delivery.,missing_value
RAT0053678,CUST0037258,ITEM0124,LOC0023,ORD00101149,5,2025-07-25,Highly recommended.,orphan_foreign_key
RAT0053704,CUST0052755,ITEM0051,LOC0015,ORD00101618,4,2025-07-25,,orphan_foreign_key
RAT0053715,CUST0007179,ITEM0068,LOC0021,ORD00102467,,2025-07-25,,missing_value
RAT0053724,CUST0024521,ITEM0137,LOC0012,ORD00102632,5,,,invalid_date
RAT0053727,CUST0003531,ITEM0090,LOC1585,ORD00102491,4,2025-07-25,,invalid_restaurant_id
RAT0053739,CUST0039792,ITEM0012,LOC0007,ORD00102676,7,2025-07-25,,invalid_rating
RAT0053743,CUST0017037,ITEM0102,LOC2519,ORD00102333,4,2025-07-25,,invalid_restaurant_id
RAT0053764,CUST0006567,ITEM0067,LOC0004,ORD00102214,,2025-07-25,Nice ambience and good service.,missing_value
RAT0053769,CUST0024888,,LOC0001,ORD00102344,,2025-07-25,,missing_value
RAT0053799,CUST1875731,ITEM0004,LOC0004,ORD00102069,4,2025-07-25,,orphan_foreign_key
RAT0053800,CUST0044138,ITEM0067,LOC0023,ORD00102386,3,2025-07-25,,orphan_foreign_key
RAT0053811,CUST0007238,ITEM0111,LOC0001,ORD00101806,4,2025-07-25,Nice ambience and good service.,orphan_foreign_key
RAT0053818,CUST0018619,ITEM0041,LOC0014,ORD00101391,,2025-07-25,,missing_value
RAT0053825,CUST0036802,ITEM0035,LOC0020,ORD00102276,4,2025-07-25,,orphan_foreign_key
RAT0053841,CUST0050459,ITEM0154,LOC5546,ORD00101866,4,2025-07-25,,invalid_restaurant_id
RAT0053851,CUST0008918,ITEM0143,LOC0013,ORD00102730,5,2025-07-25,,orphan_foreign_key
RAT0053852,CUST0001666,ITEM0089,LOC0003,ORD00102746,4,2025-07-25,Enjoyed the meal.,orphan_foreign_key
RAT0053854,CUST0023899,ITEM0058,LOC0005,ORD00102314,5,2025-07-25,,orphan_foreign_key
RAT0053869,CUST0044192,ITEM0151,LOC0006,ORD00101375,4,,Nice ambience and good service.,invalid_date
RAT0053879,CUST0022419,ITEM0033,LOC0002,ORD00102532,3,2025-07-25,,orphan_foreign_key
RAT0053900,CUST0001666,ITEM0148,LOC0003,ORD00102746,2,2025-07-26,Service was slow.,orphan_foreign_key
RAT0053901,CUST0047546,ITEM0082,LOC0003,ORD00102861,55,2025-07-26,Good taste but late delivery.,invalid_rating
RAT0053902,CUST0008935,ITEM0051,LOC0019,ORD00103050,55,2025-07-26,Best in town.,invalid_rating
RAT0053911,CUST0001666,ITEM0113,LOC0003,ORD00102746,2,2025-07-26,,orphan_foreign_key
RAT0053931,CUST0043889,ITEM0068,LOC0021,ORD00103180,3,2025-07-26,,orphan_foreign_key
RAT0053939,CUST0010290,ITEM0130,LOC0023,ORD00102589,3,2025-07-26,Decent but overpriced.,orphan_foreign_key
RAT0053982,CUST0050037,ITEM0068,LOC0023,ORD00102124,4,2025-07-26,Nice ambience and good service.,orphan_foreign_key
RAT0053995,CUST0044693,ITEM0032,LOC0012,ORD00103074,3,2025-07-26,,orphan_foreign_key
RAT0053996,CUST0042424,ITEM0074,LOC0017,ORD00101965,3,2025-07-26,,orphan_foreign_key
RAT0054015,CUST0027048,ITEM0045,LOC0005,ORD00103283,5,2025-07-26,,orphan_foreign_key
RAT0054019,CUST0036514,,LOC0006,ORD00103265,3,2025-07-26,Good taste but late delivery.,orphan_foreign_key
RAT0054021,CUST0053682,ITEM0156,LOC0002,ORD00102087,2,2025-07-26,,orphan_foreign_key
RAT0054034,CUST0035306,,LOC0012,ORD00103351,,2025-07-26,"Average, nothing special.",missing_value
RAT0054051,CUST0008692,ITEM0046,LOC0015,ORD00101968,5,,,invalid_date
RAT0054053,CUST0037293,ITEM0143,LOC0012,ORD00103169,4,2025-07-26,Tasty and fresh.,orphan_foreign_key
RAT0054055,CUST0042174,ITEM0134,LOC0007,ORD00101744,,2025-07-26,,missing_value
RAT0054077,CUST0045280,ITEM0066,LOC0007,ORD00102946,,2025-07-26,,missing_value
RAT0054101,CUST0003148,,LOC0023,ORD00103091,4,2025-07-26,,orphan_foreign_key
RAT0054105,CUST0042424,ITEM0031,LOC0017,ORD00101965,4,2025-07-26,Tasty and fresh.,orphan_foreign_key
RAT0054121,CUST0004853,ITEM0028,LOC0013,ORD00102364,4,2025-07-26,,orphan_foreign_key
RAT0054132,CUST0033227,,LOC0011,ORD00102998,3,2025-07-26,,orphan_foreign_key
RAT0054143,CUST0014443,ITEM0081,LOC0005,ORD00103022,4,2025-07-26,,orphan_foreign_key
RAT0054149,CUST0044138,ITEM0004,LOC0023,ORD00102386,5,2025-07-26,,orphan_foreign_key
RAT0054150,CUST0053892,ITEM0061,LOC0012,ORD00102855,10,2025-07-26,,invalid_rating
RAT0054165,CUST0031976,ITEM0048,LOC2746,ORD00102211,5,2025-07-27,,invalid_restaurant_id
RAT0054168,CUST0048186,ITEM0068,LOC0014,ORD00103535,4,2025-07-27,,orphan_foreign_key
RAT0054227,CUST0043889,,LOC0021,ORD00103180,2,2025-07-27,Service was slow.,orphan_foreign_key
RAT0054244,CUST0038406,,LOC0025,ORD00102318,3,2025-07-27,Good taste but late delivery.,orphan_foreign_key
RAT0054263,CUST0002203,ITEM0132,LOC0018,ORD00103742,4,2025-07-27,Good value for money.,orphan_foreign_key
RAT0054292,CUST0008918,ITEM0151,LOC0013,ORD00102730,3,2025-07-27,,orphan_foreign_key
RAT0054309,CUST0006690,ITEM0148,LOC0007,ORD00103767,7,2025-07-27,,invalid_rating
RAT0054313,CUST7028490,ITEM0068,LOC0017,ORD00103048,3,2025-07-27,,orphan_foreign_key
RAT0054343,CUST0033588,ITEM0011,LOC0007,ORD00103492,,2025-07-27,"Good food, will order again.",missing_value
RAT0054374,CUST0002203,ITEM0134,LOC0018,ORD00103742,5,2025-07-27,,orphan_foreign_key
RAT0054405,CUST0013460,ITEM0134,LOC0006,ORD00102547,,2025-07-27,,missing_value
RAT0054408,CUST0033433,ITEM0013,LOC0015,ORD00103254,5,2025-07-27,,orphan_foreign_key
RAT0054413,CUST0032581,,LOC0014,ORD00102419,4,2025-07-27,,orphan_foreign_key
RAT0054445,CUST0029351,ITEM0151,LOC0001,ORD00104214,,2025-07-28,Enjoyed the meal.,missing_value
RAT0054452,CUST0030456,ITEM0013,LOC0006,ORD00103956,0,2025-07-28,,invalid_rating
RAT0054478,CUST0047922,ITEM0071,LOC0018,ORD00102321,3,2025-07-28,,orphan_foreign_key
RAT0054480,CUST0015683,ITEM0051,LOC2243,ORD00103955,3,2025-07-28,Decent but overpriced.,invalid_restaurant_id
RAT0054491,CUST0020212,,LOC0005,ORD00104212,,2025-07-28,,missing_value
RAT0054498,CUST0019943,,LOC0011,ORD00104313,10,2025-07-28,,invalid_rating
RAT0054505,CUST0054373,ITEM0040,LOC0006,ORD00103618,2,2025-07-28,,orphan_foreign_key
RAT0054514,CUST0048946,ITEM0151,LOC0024,ORD00103174,4,2025-07-28,,orphan_foreign_key
RAT0054534,CUST0009036,ITEM0007,LOC0013,ORD00103516,,2025-07-28,Perfect taste and quick service.,missing_value
RAT0054559,CUST0037240,ITEM0137,LOC0025,ORD00104022,5,2025-07-28,,orphan_foreign_key
RAT0054569,CUST0000747,ITEM0025,LOC0004,ORD00103089,0,2025-07-28,,invalid_rating
RAT0054574,CUST0020146,ITEM0135,LOC0009,ORD00103047,,2025-07-28,,missing_value
RAT0054591,CUST0026982,ITEM0068,LOC0005,ORD00102985,,2025-07-28,,missing_value
RAT0054611,CUST0018737,,LOC0005,ORD00104176,,2025-07-28,,missing_value
RAT0054627,CUST0039028,ITEM0003,LOC0013,ORD00104023,4,2025-07-28,,orphan_foreign_key
RAT0054638,CUST0036964,ITEM0043,LOC0005,ORD00103939,3,2025-07-28,It was okay.,orphan_foreign_key
RAT0054640,CUST0033433,ITEM0035,LOC0015,ORD00103254,4,2025-07-28,,orphan_foreign_key
RAT0054652,CUST0012500,ITEM0074,LOC0003,ORD00103424,4,2025-07-28,"Good food, will order again.",orphan_foreign_key
RAT0054661,CUST0014053,ITEM0054,LOC0010,ORD00104178,7,2025-07-28,Nice ambience and good service.,invalid_rating
RAT0054669,CUST0040733,ITEM0013,LOC0022,ORD00102786,3,2025-07-28,"Average, nothing special.",orphan_foreign_key
RAT0054674,CUST0041987,ITEM0148,LOC0021,ORD00104055,,2025-07-28,Decent but overpriced.,missing_value
RAT0054686,CUST0024907,,LOC0016,ORD00104065,,2025-07-28,"Good food, will order again.",missing_value
RAT0054706,CUST0044421,ITEM0057,LOC2173,ORD00104368,4,2025-07-29,,invalid_restaurant_id
RAT0054724,CUST0023754,ITEM0153,LOC0025,ORD00104216,,2025-07-29,It was okay.,missing_value
RAT0054735,CUST0007204,ITEM0068,LOC0022,ORD00103198,4,2025-07-29,,orphan_foreign_key
RAT0054744,CUST0027669,ITEM0057,LOC0003,ORD00103049,,2025-07-29,,missing_value
RAT0054772,CUST0013881,ITEM0019,LOC0004,ORD00104559,4,2025-07-29,,orphan_foreign_key
RAT0054788,CUST0014496,,LOC0012,ORD00104011,4,2025-07-29,"Good food, will order again.",orphan_foreign_key
RAT0054801,CUST7167841,ITEM0048,LOC0003,ORD00104185,3,2025-07-29,,orphan_foreign_key
RAT0054843,CUST0029351,ITEM0159,LOC0001,ORD00104214,3,2025-07-29,"Taste was fine, packaging poor.",orphan_foreign_key
RAT0054857,CUST0045377,ITEM0025,LOC0022,ORD00104647,,2025-07-29,,missing_value
RAT0054866,CUST0052639,,LOC0022,ORD00104044,5,1970-01-01,,invalid_date
RAT0054869,CUST0049602,ITEM0152,LOC0005,ORD00103974,7,2025-07-29,"Average, nothing special.",invalid_rating
RAT0054871,CUST0000945,ITEM0009,LOC0023,ORD00104354,2,2025-07-29,,orphan_foreign_key
RAT0054876,CUST0033809,ITEM0036,LOC0001,ORD00103866,3,2025-07-29,,orphan_foreign_key
RAT0054877,CUST0013881,ITEM0094,LOC0004,ORD00104559,3,2025-07-29,,orphan_foreign_key
RAT0054882,CUST0000945,ITEM0046,LOC0023,ORD00104354,4,2025-07-29,,orphan_foreign_key
RAT0054902,CUST0000945,ITEM0096,LOC0023,ORD00104354,5,2025-07-29,Amazing food and friendly staff.,orphan_foreign_key
RAT0054964,CUST0049601,ITEM0098,LOC0003,ORD00103954,3,2025-07-30,,orphan_foreign_key
RAT0054973,CUST0024144,ITEM0154,LOC0014,ORD00103385,6,2025-07-30,,invalid_rating
RAT0054990,CUST0044129,ITEM0068,LOC0018,ORD00104701,,2025-07-30,,missing_value
RAT0055034,CUST0008616,ITEM0138,LOC0024,ORD00104962,,2025-07-30,Nice ambience and good service.,missing_value
RAT0055038,CUST0054504,ITEM0009,LOC0023,ORD00104013,-1,2025-07-30,,invalid_rating
RAT0055042,CUST0024050,ITEM0093,LOC0020,ORD00104748,3,2025-07-30,,orphan_foreign_key
RAT0055044,CUST0019390,ITEM0154,LOC0016,ORD00104163,-1,2025-07-30,Good value for money.,invalid_rating
RAT0055058,CUST0052371,ITEM0154,LOC0007,ORD00104558,,2025-07-30,,missing_value
RAT0055065,CUST0036377,ITEM0151,LOC0020,ORD00104333,4,2025-07-30,,orphan_foreign_key
RAT0055066,CUST0006630,ITEM0077,LOC0003,ORD00104185,5,2025-07-30,Amazing food and friendly staff.,orphan_foreign_key
RAT0055116,CUST0019065,ITEM0059,LOC0013,ORD00104773,4,2025-07-30,"Good food, will order again.",orphan_foreign_key
RAT0055142,CUST0023197,ITEM0036,LOC0016,ORD00103523,,2025-07-31,Good taste but late delivery.,missing_value
RAT0055145,CUST0005626,ITEM0134,LOC0005,ORD00105098,,2025-07-31,,missing_value
RAT0055151,CUST9606364,ITEM0135,LOC0002,ORD00105094,4,2025-07-31,Enjoyed the meal.,orphan_foreign_key
RAT0055165,CUST0015759,ITEM0138,LOC1470,ORD00105095,3,2025-07-31,,invalid_restaurant_id
RAT0055216,CUST0002922,ITEM0133,LOC0002,ORD00105421,3,2025-07-31,,orphan_foreign_key
RAT0055233,CUST0033429,ITEM0129,LOC0011,ORD00104577,0,2025-07-31,,invalid_rating
RAT0055237,CUST0005868,ITEM0141,LOC0015,ORD00104766,,2025-07-31,Too oily and bland.,missing_value
RAT0055248,CUST0003801,ITEM0031,LOC0017,ORD00105211,3,2025-07-31,,orphan_foreign_key
RAT0055255,CUST0053546,ITEM0024,LOC0015,ORD00105304,,2025-07-31,Good value for money.,missing_value
RAT0055264,CUST0753620,ITEM0071,LOC0017,ORD00105211,3,2025-07-31,"Taste was fine, packaging poor.",orphan_foreign_key
RAT0055270,CUST0045038,ITEM0092,LOC0004,ORD00103610,,2025-07-31,,missing_value
RAT0055271,CUST0030338,ITEM0157,LOC0003,ORD00104965,2,2025-07-31,,orphan_foreign_key
RAT0055277,CUST0034396,ITEM0148,LOC0005,ORD00103788,2,2025-07-31,,orphan_foreign_key
RAT0055321,CUST0046136,ITEM0157,LOC0005,ORD00104969,4,,"Good food, will order again.",invalid_date
RAT0055324,CUST0048399,ITEM0045,LOC0021,ORD00105043,3,2025-07-31,,orphan_foreign_key
RAT0055336,CUST0048004,ITEM0034,LOC0004,ORD00104822,3,2025-07-31,,orphan_foreign_key
RAT0055340,CUST0019181,ITEM0135,LOC0008,ORD00105443,4,2025-07-31,,orphan_foreign_key
RAT0055350,CUST0038406,ITEM0138,LOC0013,ORD00106014,3,2025-08-01,,orphan_foreign_key
RAT0055358,CUST0048399,ITEM0124,LOC0021,ORD00105043,3,2025-08-01,,orphan_foreign_key
RAT0055383,CUST0038406,ITEM0068,LOC0013,ORD00106014,4,2025-08-01,,orphan_foreign_key
RAT0055390,CUST7667665,,LOC0017,ORD00105356,3,2025-08-01,,orphan_foreign_key
RAT0055395,CUST0039563,ITEM0137,LOC0007,ORD00105696,4,2025-08-01,,orphan_foreign_key
RAT0055407,CUST0009263,ITEM0005,LOC0002,ORD00105893,4,2025-08-01,,orphan_foreign_key
RAT0055430,CUST0054961,ITEM0061,LOC0014,ORD00105900,3,2025-08-01,,orphan_foreign_key
RAT0055445,CUST0006221,,LOC0016,ORD00105136,5,2025-08-01,,orphan_foreign_key
RAT0055459,CUST0011114,,LOC0010,ORD00105366,3,2025-08-01,,orphan_foreign_key
RAT0055470,CUST0050179,ITEM0151,LOC0013,ORD00105942,3,2025-08-01,,orphan_foreign_key
RAT0055482,CUST0028575,ITEM0135,LOC0002,ORD00105525,3,2025-08-01,Decent but overpriced.,orphan_foreign_key
RAT0055511,CUST0036020,ITEM0134,LOC0018,ORD00105957,4,2025-08-01,,orphan_foreign_key
RAT0055526,CUST0013476,ITEM0059,LOC0003,ORD00105592,,2025-08-01,"Excellent, loved it!",missing_value
RAT0055527,CUST0017943,ITEM0151,LOC4981,ORD00103911,5,2025-08-01,Amazing food and friendly staff.,invalid_restaurant_id
RAT0055550,CUST0018889,ITEM0001,LOC0013,ORD00105344,-1,2025-08-01,,invalid_rating
RAT0055563,CUST0016761,ITEM0004,LOC0015,ORD00106078,4,2025-08-01,Nice ambience and good service.,orphan_foreign_key
RAT0055574,CUST0053363,ITEM0134,LOC0025,ORD00105266,5,2025-08-01,,orphan_foreign_key
RAT0055578,CUST0011377,ITEM0148,LOC0014,ORD00105919,4,2025-08-01,,orphan_foreign_key
RAT0055595,CUST0044530,ITEM0048,LOC0018,ORD00105403,2,2025-08-01,,orphan_foreign_key
RAT0055608,CUST0025033,ITEM0148,LOC0006,ORD00105466,55,2025-08-01,,invalid_rating
RAT0055613,CUST0047551,,LOC0015,ORD00106139,4,2099-12-31,,invalid_date
RAT0055645,CUST0018956,ITEM0081,LOC0025,ORD00105077,3,2025-08-01,,orphan_foreign_key
RAT0055651,CUST0049566,ITEM0081,LOC0010,ORD00106067,6,2025-08-01,"Average, nothing special.",invalid_rating
RAT0055673,CUST0012420,ITEM0004,LOC0004,ORD00105702,7,2025-08-01,Tasty and fresh.,invalid_rating
RAT0055684,CUST0010967,ITEM0159,LOC0013,ORD00105812,3,2025-08-01,,orphan_foreign_key
RAT0055729,CUST0022419,ITEM0068,LOC0007,ORD00106278,3,2025-08-02,,orphan_foreign_key
RAT0055757,CUST0012745,ITEM0048,LOC0025,ORD00106219,3,2025-08-02,,orphan_foreign_key
RAT0055762,CUST0022164,ITEM0134,LOC0023,ORD00107102,-1,2025-08-02,,invalid_rating
RAT0055783,CUST0028879,ITEM0131,LOC0011,ORD00106971,4,2025-08-02,,orphan_foreign_key
RAT0055786,CUST0023773,ITEM0048,LOC0022,ORD00107150,3,2027-11-05,"Average, nothing special.",invalid_date
RAT0055801,CUST0037318,ITEM0005,LOC0012,ORD00105570,5,2025-08-02,Best in town.,orphan_foreign_key
RAT0055807,CUST0016626,ITEM0056,LOC0809,ORD00106527,5,2025-08-02,,invalid_restaurant_id
RAT0055809,CUST0009082,ITEM0143,LOC0007,ORD00106644,5,2025-08-02,,orphan_foreign_key
RAT0055841,CUST3478701,ITEM0057,LOC0009,ORD00106280,4,2025-08-02,,orphan_foreign_key
RAT0055844,CUST0054961,ITEM0138,LOC0014,ORD00105900,4,2025-08-02,Good value for money.,orphan_foreign_key
RAT0055847,CUST0009766,ITEM0156,LOC0015,ORD00107018,,2025-08-02,Enjoyed the meal.,missing_value
RAT0055857,CUST0028330,,LOC0004,ORD00106397,3,2025-08-02,"Average, nothing special.",orphan_foreign_key
RAT0055861,CUST0050263,ITEM0081,LOC0005,ORD00106348,3,2031-07-22,,invalid_date
RAT0055863,CUST0050213,ITEM0068,LOC0011,ORD00106464,,2025-08-02,,missing_value
RAT0055865,CUST0024089,ITEM0060,LOC0008,ORD00104933,4,2025-08-02,,orphan_foreign_key
RAT0055887,CUST0027783,ITEM0048,LOC0025,ORD00106768,3,1900-01-01,,invalid_date
RAT0055889,CUST0000038,ITEM0027,LOC0013,ORD00106525,,2025-08-02,,missing_value
RAT0055897,CUST0025781,ITEM0049,LOC0017,ORD00106468,10,2025-08-02,Tasty and fresh.,invalid_rating
RAT0055902,CUST0009565,ITEM0048,LOC0003,ORD00105959,0,2025-08-02,Good taste but late delivery.,invalid_rating
RAT0055920,CUST0027678,ITEM0139,LOC0002,ORD00106692,4,2025-08-02,,orphan_foreign_key
RAT0055930,CUST0005182,ITEM0033,LOC0385,ORD00106653,4,2025-08-02,,invalid_restaurant_id
RAT0055958,CUST0027678,ITEM0113,LOC0002,ORD00106692,4,2025-08-02,Tasty and fresh.,orphan_foreign_key
RAT0055966,CUST3013654,ITEM0045,LOC0012,ORD00105896,4,2025-08-02,,orphan_foreign_key
RAT0055975,CUST0009097,ITEM0004,LOC8115,ORD00106316,4,2025-08-02,,invalid_restaurant_id
RAT0055994,CUST0022419,ITEM0068,LOC0007,ORD00106346,2,2025-08-02,,orphan_foreign_key
RAT0055996,CUST0013264,,LOC0001,ORD00106234,3,2025-08-02,Decent but overpriced.,orphan_foreign_key
RAT0056013,CUST0028957,,LOC0013,ORD00106446,55,2025-08-02,,invalid_rating
RAT0056032,CUST1262812,ITEM0003,LOC0002,ORD00106692,4,2025-08-02,,orphan_foreign_key
RAT0056033,CUST0054961,,LOC0014,ORD00105900,2,2025-08-02,Service was slow.,orphan_foreign_key
RAT0056043,CUST0042721,,LOC0016,ORD00105345,,2025-08-02,Nice ambience and good service.,missing_value
RAT0056055,CUST0028661,ITEM0004,LOC0021,ORD00107021,3,2025-08-02,,orphan_foreign_key
RAT0056058,CUST0000255,ITEM0148,LOC0007,ORD00105534,55,2025-08-02,,invalid_rating
RAT0056072,CUST0027678,ITEM0068,LOC0002,ORD00106692,4,2025-08-02,,orphan_foreign_key
RAT0056076,CUST0013264,ITEM0045,LOC0001,ORD00106234,5,2025-08-02,Highly recommended.,orphan_foreign_key
RAT0056083,CUST0039885,ITEM0094,LOC0018,ORD00105493,2,2025-08-02,Below average taste.,orphan_foreign_key
RAT0056101,CUST0039563,ITEM0065,LOC0007,ORD00105696,3,2025-08-02,,orphan_foreign_key
RAT0056103,CUST0019725,ITEM0151,LOC0005,ORD00106229,55,2025-08-02,Good taste but late delivery.,invalid_rating
RAT0056128,CUST0039885,,LOC0018,ORD00105493,3,2025-08-02,,orphan_foreign_key
RAT0056133,CUST0039885,ITEM0029,LOC0018,ORD00105493,4,2025-08-02,,orphan_foreign_key
RAT0056152,CUST0027488,ITEM0046,LOC0012,ORD00107501,4,2025-08-03,,orphan_foreign_key
RAT0056160,CUST0046664,ITEM0046,LOC0018,ORD00107730,3,2025-08-03,Good taste but late delivery.,orphan_foreign_key
RAT0056167,CUST0027607,,LOC0011,ORD00107259,3,2025-08-03,,orphan_foreign_key
RAT0056210,CUST0028879,ITEM0134,LOC0011,ORD00106971,4,2025-08-03,,orphan_foreign_key
RAT0056212,CUST0052543,ITEM0138,LOC0008,ORD00106395,3,2025-08-03,,orphan_foreign_key
RAT0056223,CUST0047997,ITEM0050,LOC0006,ORD00107693,5,2099-12-31,"Excellent, loved it!",invalid_date
RAT0056231,CUST0039662,,LOC0011,ORD00107070,4,2025-08-03,,orphan_foreign_key
RAT0056252,CUST0028879,,LOC0011,ORD00106971,4,2025-08-03,,orphan_foreign_key
RAT0056265,CUST0009222,,LOC0006,ORD00106218,4,2025-08-03,,orphan_foreign_key
RAT0056266,CUST0009097,ITEM0045,LOC0021,ORD00105785,,2025-08-03,Nice ambience and good service.,missing_value
RAT0056269,CUST0009082,ITEM0148,LOC0007,ORD00106644,3,2025-08-03,,orphan_foreign_key
RAT0056279,CUST0051619,ITEM0056,LOC0007,ORD00106817,3,2025-08-03,,orphan_foreign_key
RAT0056280,CUST0044345,ITEM0134,LOC0008,ORD00106558,6,2025-08-03,Highly recommended.,invalid_rating
RAT0056284,CUST0018890,,LOC0016,ORD00106353,4,2031-07-22,Enjoyed the meal.,invalid_date
RAT0056299,CUST0013264,ITEM0027,LOC0001,ORD00106234,4,2025-08-03,Good value for money.,orphan_foreign_key
RAT0056336,CUST0046664,ITEM0135,LOC0018,ORD00107730,3,2025-08-03,It was okay.,orphan_foreign_key
RAT0056344,CUST0037623,ITEM0135,LOC0025,ORD00107309,10,2025-08-03,,invalid_rating
RAT0056431,CUST0018595,ITEM0041,LOC0018,ORD00107335,4,2025-08-03,Nice ambience and good service.,orphan_foreign_key
RAT0056456,CUST0021456,ITEM0084,LOC0018,ORD00105400,,2025-08-03,,missing_value
RAT0056472,CUST0018744,ITEM0151,LOC0022,ORD00107649,,2025-08-03,,missing_value
RAT0056476,CUST0016471,ITEM0151,LOC0008,ORD00106355,,2025-08-03,,missing_value
RAT0056482,CUST0051619,ITEM0046,LOC0007,ORD00106817,2,2025-08-03,Service was slow.,orphan_foreign_key
RAT0056491,CUST0022159,ITEM0002,LOC0012,ORD00106299,4,2025-08-03,Tasty and fresh.,orphan_foreign_key
RAT0056511,CUST0033094,ITEM0132,LOC9272,ORD00107865,3,2025-08-03,,invalid_restaurant_id
RAT0056547,CUST0047473,ITEM0139,LOC0023,ORD00107206,,2025-08-03,Perfect taste and quick service.,missing_value
RAT0056563,CUST0040731,ITEM0048,LOC0018,ORD00107529,,2025-08-03,,missing_value
RAT0056566,CUST0034492,ITEM0148,LOC0021,ORD00107097,3,2025-08-03,It was okay.,orphan_foreign_key
RAT0056573,CUST0044345,ITEM0047,LOC0008,ORD00106558,4,2025-08-03,Nice ambience and good service.,orphan_foreign_key
RAT0056575,CUST0022159,ITEM0068,LOC0012,ORD00106299,1,2025-08-03,,orphan_foreign_key
RAT0056606,CUST0039743,ITEM0153,LOC0013,ORD00107422,3,2025-08-04,Good taste but late delivery.,orphan_foreign_key
RAT0056608,CUST0009620,ITEM0023,LOC0011,ORD00108255,3,2025-08-04,,orphan_foreign_key
RAT0056628,CUST0038996,,LOC0016,ORD00108096,,2025-08-04,Highly recommended.,missing_value
RAT0056645,CUST0020971,ITEM0031,LOC0005,ORD00106832,55,2025-08-04,,invalid_rating
RAT0056674,CUST0052901,ITEM0090,LOC0023,ORD00107985,3,2025-08-04,"Average, nothing special.",orphan_foreign_key
RAT0056701,CUST0007468,ITEM0004,LOC0005,ORD00107090,,2025-08-04,Good taste but late delivery.,missing_value
RAT0056725,CUST0000321,ITEM0074,LOC0017,ORD00107984,3,2025-08-04,,orphan_foreign_key
RAT0056737,CUST0025689,ITEM0124,LOC0010,ORD00107231,4,1900-01-01,Nice ambience and good service.,invalid_date
RAT0056754,CUST0052543,ITEM0033,LOC0008,ORD00106395,3,2025-08-04,,orphan_foreign_key
RAT0056758,CUST0009620,,LOC0011,ORD00108255,5,2025-08-04,,orphan_foreign_key
RAT0056760,CUST0012540,ITEM0156,LOC0003,ORD00106613,3,2025-08-04,,orphan_foreign_key
RAT0056766,CUST0005613,ITEM0138,LOC0005,ORD00106753,,2025-08-04,,missing_value
RAT0056785,CUST0036104,ITEM0081,LOC0020,ORD00108468,5,2025-08-04,Amazing food and friendly staff.,orphan_foreign_key
RAT0056809,CUST0006569,ITEM0034,LOC0022,ORD00105217,,2025-08-04,,missing_value
RAT0056832,CUST0023893,ITEM0099,LOC0008,ORD00107593,3,,,invalid_date
RAT0056842,CUST0043815,ITEM0059,LOC0002,ORD00108293,4,2025-08-04,Tasty and fresh.,orphan_foreign_key
RAT0056849,CUST0015443,ITEM0041,LOC0009,ORD00107474,4,1970-01-01,,invalid_date
RAT0056870,CUST0009316,ITEM0135,LOC0009,ORD00107242,7,2025-08-04,Enjoyed the meal.,invalid_rating
RAT0056893,CUST0044865,ITEM0137,LOC0025,ORD00107198,,2025-08-04,,missing_value
RAT0056896,CUST0024897,ITEM0134,LOC0010,ORD00107058,3,2025-08-04,,orphan_foreign_key
RAT0056945,CUST0038488,ITEM0145,LOC0003,ORD00108545,-1,2025-08-05,Highly recommended.,invalid_rating
RAT0056964,CUST0016087,,LOC0009,ORD00108794,3,2025-08-05,,orphan_foreign_key
RAT0056974,CUST0036514,ITEM0067,LOC0006,ORD00108678,3,2025-08-05,Good taste but late delivery.,orphan_foreign_key
RAT0056992,CUST0015809,ITEM0103,LOC0016,ORD00107082,5,2025-08-05,,orphan_foreign_key
RAT0057030,CUST0008748,ITEM0151,LOC0016,ORD00108765,,2025-08-05,,missing_value
RAT0057033,CUST1514921,ITEM0046,LOC0019,ORD00107144,3,2025-08-05,It was okay.,orphan_foreign_key
RAT0057043,CUST0034113,ITEM0045,LOC0019,ORD00105815,5,2025-08-05,,orphan_foreign_key
RAT0057046,CUST0039820,ITEM0147,LOC1153,ORD00107229,3,2025-08-05,,invalid_restaurant_id
RAT0057061,CUST0028516,ITEM0048,LOC0023,ORD00106703,5,2025-08-05,Highly recommended.,orphan_foreign_key
RAT0057064,CUST0048942,,LOC0012,ORD00108048,4,2025-08-05,,orphan_foreign_key
RAT0057069,CUST0046407,,LOC9634,ORD00108045,4,2025-08-05,,invalid_restaurant_id
RAT0057077,CUST0015878,ITEM0143,LOC0023,ORD00108706,7,2025-08-05,,invalid_rating
RAT0057081,CUST0018595,ITEM0066,LOC0018,ORD00107335,4,2025-08-05,,orphan_foreign_key
RAT0057090,CUST0043815,ITEM0134,LOC0002,ORD00108293,3,2025-08-05,Good taste but late delivery.,orphan_foreign_key
RAT0057100,CUST0010607,,LOC2605,ORD00108611,3,2025-08-05,Decent but overpriced.,invalid_restaurant_id
RAT0057108,CUST0038598,ITEM0151,LOC0022,ORD00105918,4,2025-08-05,,orphan_foreign_key
RAT0057115,CUST0052713,,LOC0001,ORD00106326,,2025-08-05,,missing_value
RAT0057121,CUST0046664,ITEM0148,LOC0018,ORD00107730,4,2025-08-05,,orphan_foreign_key
RAT0057133,CUST0018423,ITEM0139,LOC0015,ORD00108957,5,2025-08-05,Perfect taste and quick service.,orphan_foreign_key
RAT0057173,CUST0028330,ITEM0064,LOC0004,ORD00106397,3,2025-08-05,Decent but overpriced.,orphan_foreign_key
RAT0057195,CUST0023492,ITEM0135,LOC0001,ORD00108900,5,2025-08-05,,orphan_foreign_key
RAT0057256,CUST0014199,ITEM0073,LOC0002,ORD00108636,2,2025-08-05,,orphan_foreign_key
RAT0057278,CUST0042830,,LOC0013,ORD00109434,5,2025-08-06,,orphan_foreign_key
RAT0057284,CUST0028129,ITEM0151,LOC0009,ORD00108124,,2025-08-06,,missing_value
RAT0057287,CUST0016584,ITEM0054,LOC0018,ORD00109379,10,2025-08-06,Good value for money.,invalid_rating
RAT0057290,CUST0019663,ITEM0055,LOC0008,ORD00108502,-1,2025-08-06,,invalid_rating
RAT0057315,CUST0007132,ITEM0057,LOC0017,ORD00109409,4,2025-08-06,,orphan_foreign_key
RAT0057330,CUST0002396,ITEM0001,LOC0010,ORD00108434,3,2025-08-06,,orphan_foreign_key
RAT0057332,CUST0035071,ITEM0148,LOC0002,ORD00109362,,2025-08-06,,missing_value
RAT0057340,CUST0016188,ITEM0085,LOC6225,ORD00108563,4,2025-08-06,Nice ambience and good service.,invalid_restaurant_id
RAT0057356,CUST0033908,ITEM0138,LOC0011,ORD00107849,5,2025-08-06,Highly recommended.,orphan_foreign_key
RAT0057366,CUST0000654,ITEM0027,LOC0002,ORD00109499,3,2025-08-06,,orphan_foreign_key
RAT0057407,CUST0037301,ITEM0081,LOC0023,ORD00108667,5,,,invalid_date
RAT0057421,CUST0025179,ITEM0121,LOC0025,ORD00109271,,2025-08-06,,missing_value
RAT0057424,CUST0004525,ITEM0138,LOC0011,ORD00109397,4,2025-08-06,,orphan_foreign_key
RAT0057439,CUST0003600,ITEM0048,LOC0021,ORD00109470,,2025-08-06,,missing_value
RAT0057456,CUST0024897,ITEM0155,LOC0010,ORD00109165,3,2025-08-06,,orphan_foreign_key
RAT0057457,CUST0036892,,LOC0017,ORD00109382,3,2025-08-06,,orphan_foreign_key
RAT0057463,CUST0022419,ITEM0066,LOC0007,ORD00109505,4,2025-08-06,,orphan_foreign_key
RAT0057479,CUST0052543,ITEM0104,LOC0008,ORD00109123,5,2025-08-06,,orphan_foreign_key
RAT0057498,CUST0028014,ITEM0160,LOC0022,ORD00109491,10,2025-08-06,Tasty and fresh.,invalid_rating
RAT0057499,CUST0042669,ITEM0057,LOC0015,ORD00108663,0,2025-08-06,,invalid_rating
RAT0057504,CUST0019969,ITEM0142,LOC0007,ORD00108944,3,2099-12-31,,invalid_date
RAT0057514,CUST0018737,ITEM0113,LOC0005,ORD00109396,4,2025-08-06,Tasty and fresh.,orphan_foreign_key
RAT0057515,CUST0008412,ITEM0048,LOC0018,ORD00109452,5,2025-08-06,,orphan_foreign_key
RAT0057516,CUST0000613,ITEM0143,LOC0023,ORD00108330,0,2025-08-06,,invalid_rating
RAT0057518,CUST0052543,ITEM0157,LOC0008,ORD00109123,5,2025-08-06,Perfect taste and quick service.,orphan_foreign_key
RAT0057522,CUST0001152,ITEM0143,LOC0015,ORD00107372,55,2025-08-06,,invalid_rating
RAT0057547,CUST0009440,ITEM0009,LOC0023,ORD00109151,0,2025-08-06,,invalid_rating
RAT0057565,CUST2347543,ITEM0021,LOC0010,ORD00108820,3,2025-08-06,,orphan_foreign_key
RAT0057597,CUST0019452,ITEM0004,LOC0014,ORD00108235,5,2025-08-07,,orphan_foreign_key
RAT0057603,CUST0032047,ITEM0138,LOC0013,ORD00109839,0,2025-08-07,Enjoyed the meal.,invalid_rating
RAT0057609,CUST0034950,ITEM0017,LOC0006,ORD00108365,4,2025-08-07,Tasty and fresh.,orphan_foreign_key
RAT0057627,CUST0018297,,LOC0004,ORD00109822,,2025-08-07,"Average, nothing special.",missing_value
RAT0057629,CUST0049601,ITEM0053,LOC0003,ORD00103954,3,2025-08-07,,orphan_foreign_key
RAT0057633,CUST0036226,ITEM0075,LOC8389,ORD00110019,3,2025-08-07,"Taste was fine, packaging poor.",invalid_restaurant_id
RAT0057638,CUST0020489,ITEM0050,LOC0015,ORD00109796,4,2025-08-07,,orphan_foreign_key
RAT0057646,CUST0004525,ITEM0157,LOC0011,ORD00109397,5,2025-08-07,,orphan_foreign_key
RAT0057652,CUST0008412,ITEM0072,LOC0018,ORD00109452,5,2025-08-07,,orphan_foreign_key
RAT0057662,CUST0008310,ITEM0098,LOC0009,ORD00109855,,2025-08-07,,missing_value
RAT0057663,CUST0018737,ITEM0028,LOC0005,ORD00109396,4,2025-08-07,Nice ambience and good service.,orphan_foreign_key
RAT0057669,CUST0019797,ITEM0137,LOC0015,ORD00109239,10,2025-08-07,Tasty and fresh.,invalid_rating
RAT0057681,CUST0020489,ITEM0130,LOC0015,ORD00109796,4,2025-08-07,"Good food, will order again.",orphan_foreign_key
RAT0057689,CUST0018371,ITEM0143,LOC0003,ORD00109087,,2025-08-07,,missing_value
RAT0057690,CUST0025689,ITEM0048,LOC0010,ORD00107231,,2025-08-07,"Good food, will order again.",missing_value
RAT0057709,CUST0033428,ITEM0059,LOC0013,ORD00109711,,2025-08-07,,missing_value
RAT0057749,CUST0024897,ITEM0081,LOC0010,ORD00109165,3,2025-08-07,It was okay.,orphan_foreign_key
RAT0057760,CUST0015916,ITEM0089,LOC0010,ORD00109657,55,2025-08-07,,invalid_rating
RAT0057779,CUST0019184,,LOC0007,ORD00110147,,2025-08-07,,missing_value
RAT0057780,CUST0048272,ITEM0048,LOC0003,ORD00109907,2,2025-08-07,,orphan_foreign_key
RAT0057782,CUST0053873,ITEM0136,LOC0003,ORD00110047,,2025-08-07,,missing_value
RAT0057788,CUST0047624,,LOC0009,ORD00109316,,2025-08-07,,missing_value
RAT0057799,CUST0022419,ITEM0061,LOC0007,ORD00109675,3,2025-08-07,It was okay.,orphan_foreign_key
RAT0057803,CUST0043574,ITEM0076,LOC0003,ORD00109193,2,2025-08-07,Service was slow.,orphan_foreign_key
RAT0057820,CUST0040711,ITEM0126,LOC0011,ORD00108855,4,2025-08-07,Nice ambience and good service.,orphan_foreign_key
RAT0057853,CUST0046534,ITEM0134,LOC0001,ORD00110041,6,2025-08-07,Decent but overpriced.,invalid_rating
RAT0057857,CUST0030643,ITEM0136,LOC0019,ORD00106626,4,2025-08-07,,orphan_foreign_key
RAT0057880,CUST0020489,ITEM0148,LOC0015,ORD00109796,4,2025-08-07,,orphan_foreign_key
RAT0057899,CUST0008182,ITEM0004,LOC0021,ORD00110119,4,2027-11-05,,invalid_date
RAT0057941,CUST0031743,ITEM0029,LOC0012,ORD00109787,4,2025-08-07,Good value for money.,orphan_foreign_key
RAT0057943,CUST0022118,ITEM0047,LOC0016,ORD00110306,3,2025-08-08,,orphan_foreign_key
RAT0057947,CUST5515099,,LOC0024,ORD00110227,4,2025-08-08,,orphan_foreign_key
RAT0057969,CUST0022162,ITEM0003,LOC0010,ORD00110559,4,2025-08-08,"Good food, will order again.",orphan_foreign_key
RAT0057971,CUST0039836,ITEM0126,LOC0022,ORD00110410,,2025-08-08,,missing_value
RAT0057972,CUST0026528,ITEM0081,LOC0006,ORD00109116,3,2025-08-08,,orphan_foreign_key
RAT0057976,CUST0022419,ITEM0068,LOC0007,ORD00109675,4,2025-08-08,,orphan_foreign_key
RAT0057981,CUST0002237,,LOC0025,ORD00110807,4,2025-08-08,,orphan_foreign_key
RAT0057999,CUST0000792,ITEM0073,LOC1041,ORD00110366,2,2025-08-08,,invalid_restaurant_id
RAT0058011,CUST0000894,,LOC0023,ORD00110733,4,1900-01-01,,invalid_date
RAT0058017,CUST0037078,,LOC0010,ORD00110858,4,2025-08-08,,orphan_foreign_key
RAT0058026,CUST0020986,,LOC4025,ORD00110829,4,2025-08-08,Good value for money.,invalid_restaurant_id
RAT0058093,CUST0045165,ITEM0041,LOC0018,ORD00109477,3,2025-08-08,,orphan_foreign_key
RAT0058100,CUST0023539,ITEM0133,LOC0013,ORD00110525,3,2025-08-08,,orphan_foreign_key
RAT0058111,CUST0019655,ITEM0033,LOC0020,ORD00110931,10,2025-08-08,,invalid_rating
RAT0058135,CUST0046905,,LOC0018,ORD00110233,10,2025-08-08,,invalid_rating
RAT0058142,CUST0022419,ITEM0027,LOC0007,ORD00109505,4,2025-08-08,,orphan_foreign_key
RAT0058155,CUST0034237,ITEM0068,LOC0023,ORD00110165,4,,,invalid_date
RAT0058172,CUST0004650,ITEM0076,LOC0010,ORD00110872,,2025-08-08,,missing_value
RAT0058176,CUST0017148,ITEM0045,LOC0003,ORD00109947,4,,Good value for money.,invalid_date
RAT0058177,CUST0012378,ITEM0069,LOC0003,ORD00108357,3,2025-08-08,,orphan_foreign_key
RAT0058182,CUST0031184,ITEM0003,LOC0017,ORD00110890,3,,Decent but overpriced.,invalid_date
RAT0058197,CUST0001763,ITEM0066,LOC0013,ORD00110627,5,2027-11-05,,invalid_date
RAT0058220,CUST0054790,ITEM0062,LOC3029,ORD00110724,4,2025-08-08,,invalid_restaurant_id
RAT0058222,CUST0003773,ITEM0090,LOC0015,ORD00109273,4,2025-08-08,Nice ambience and good service.,orphan_foreign_key
RAT0058231,CUST0046664,,LOC0018,ORD00107730,3,2025-08-08,,orphan_foreign_key
RAT0058242,CUST0007144,ITEM0148,LOC7936,ORD00109571,4,2025-08-08,Enjoyed the meal.,invalid_restaurant_id
RAT0058267,CUST0022591,ITEM0027,LOC0005,ORD00110714,0,2025-08-08,,invalid_rating
RAT0058351,CUST0000432,ITEM0033,LOC0004,ORD00110377,4,2025-08-08,,orphan_foreign_key
RAT0058362,CUST0006929,ITEM0135,LOC0020,ORD00110816,4,,Enjoyed the meal.,invalid_date
RAT0058365,CUST0017521,ITEM0157,LOC0003,ORD00110530,,2025-08-09,,missing_value
RAT0058367,CUST0006612,ITEM0065,LOC0014,ORD00108198,4,2025-08-09,Tasty and fresh.,orphan_foreign_key
RAT0058369,CUST0000981,,LOC0005,ORD00111633,,2025-08-09,,missing_value
RAT0058375,CUST0016703,ITEM0138,LOC0015,ORD00108037,5,,,invalid_date
RAT0058377,CUST0037775,,LOC0013,ORD00111569,4,2025-08-09,,orphan_foreign_key
RAT0058391,CUST0044035,ITEM0085,LOC0005,ORD00111702,4,2025-08-09,,orphan_foreign_key
RAT0058395,CUST0030469,ITEM0081,LOC0003,ORD00109681,7,2025-08-09,,invalid_rating
RAT0058396,CUST0054471,ITEM0151,LOC0018,ORD00110941,,2025-08-09,Good value for money.,missing_value
RAT0058400,CUST0002978,ITEM0151,LOC0022,ORD00109985,7,2025-08-09,,invalid_rating
RAT0058410,CUST0018808,ITEM0013,LOC0010,ORD00111640,,2025-08-09,Enjoyed the meal.,missing_value
RAT0058415,CUST0024179,ITEM0148,LOC0023,ORD00111107,,2025-08-09,Decent but overpriced.,missing_value
RAT0058422,CUST0030942,ITEM0003,LOC0012,ORD00109137,4,2025-08-09,,orphan_foreign_key
RAT0058430,CUST0012607,ITEM0131,LOC0013,ORD00110497,,2025-08-09,,missing_value
RAT0058471,CUST0046925,ITEM0129,LOC0020,ORD00109088,5,2025-08-09,,orphan_foreign_key
RAT0058494,CUST0027573,ITEM0034,LOC0013,ORD00111215,3,2025-08-09,,orphan_foreign_key
RAT0058498,CUST0023333,ITEM0151,LOC8441,ORD00108495,5,2025-08-09,,invalid_restaurant_id
RAT0058502,CUST0024083,ITEM0131,LOC0009,ORD00107969,,2025-08-09,Amazing food and friendly staff.,missing_value
RAT0058503,CUST0033872,ITEM0148,LOC0018,ORD00111566,4,2025-08-09,,orphan_foreign_key
RAT0058544,CUST3144107,ITEM0033,LOC0003,ORD00111173,3,2025-08-09,,orphan_foreign_key
RAT0058546,CUST0039438,ITEM0066,LOC0018,ORD00110368,,2025-08-09,,missing_value
RAT0058564,CUST0045554,ITEM0142,LOC0018,ORD00109342,3,,,invalid_date
RAT0058567,CUST0038054,ITEM0152,LOC0017,ORD00111527,0,2025-08-09,,invalid_rating
RAT0058570,CUST0000432,ITEM0046,LOC0004,ORD00110377,4,2025-08-09,,orphan_foreign_key
RAT0058605,CUST0043531,,LOC1249,ORD00111714,3,2025-08-09,It was okay.,invalid_restaurant_id
RAT0058606,CUST0022303,ITEM0135,LOC0003,ORD00110736,3,2025-08-09,,orphan_foreign_key
RAT0058613,CUST0000432,,LOC0004,ORD00110377,3,2025-08-09,,orphan_foreign_key
RAT0058615,CUST0030955,ITEM0067,LOC0008,ORD00110265,6,2025-08-09,Nice ambience and good service.,invalid_rating
RAT0058666,CUST0044035,ITEM0041,LOC0005,ORD00111702,4,2025-08-09,,orphan_foreign_key
RAT0058686,CUST0054442,ITEM0136,LOC0023,ORD00110402,2,2025-08-09,,orphan_foreign_key
RAT0058712,CUST0037874,ITEM0032,LOC0022,ORD00111697,,2025-08-09,,missing_value
RAT0058716,CUST0031486,ITEM0023,LOC0008,ORD00111617,,2025-08-09,,missing_value
RAT0058724,CUST0047530,ITEM0143,LOC0005,ORD00110861,55,2025-08-09,,invalid_rating
RAT0058741,CUST7357325,,LOC0005,ORD00110182,3,2025-08-09,,orphan_foreign_key
RAT0058770,CUST0051559,ITEM0134,LOC0093,ORD00111544,4,2025-08-09,,invalid_restaurant_id
RAT0058780,CUST0054880,ITEM0134,LOC0013,ORD00112116,5,2025-08-10,,orphan_foreign_key
RAT0058799,CUST0017579,ITEM0066,LOC0025,ORD00111182,,2025-08-10,,missing_value
RAT0058809,CUST0005042,ITEM0052,LOC0022,ORD00111955,4,2025-08-10,,orphan_foreign_key
RAT0058819,CUST0044035,ITEM0067,LOC0005,ORD00111702,3,2025-08-10,"Taste was fine, packaging poor.",orphan_foreign_key
RAT0058830,CUST0036798,ITEM0135,LOC0001,ORD00112486,,2025-08-10,,missing_value
RAT0058860,CUST0004542,ITEM0157,LOC4365,ORD00111109,4,2025-08-10,,invalid_restaurant_id
RAT0058890,CUST0030738,,LOC0023,ORD00111416,3,2025-08-10,,orphan_foreign_key
RAT0058894,CUST0000654,ITEM0134,LOC0002,ORD00109499,3,2025-08-10,,orphan_foreign_key
RAT0058964,CUST0030423,ITEM0102,LOC0009,ORD00112236,55,2025-08-10,,invalid_rating
RAT0058975,CUST0030738,ITEM0130,LOC0023,ORD00111416,5,2025-08-10,,orphan_foreign_key
RAT0058978,CUST0014809,ITEM0132,LOC0012,ORD00111933,3,2025-08-10,,orphan_foreign_key
RAT0059041,CUST0035500,ITEM0093,LOC0007,ORD00112019,-1,2025-08-10,,invalid_rating
RAT0059047,CUST0002237,ITEM0156,LOC0025,ORD00110117,4,2025-08-10,,orphan_foreign_key
RAT0059065,CUST0053963,ITEM0012,LOC0023,ORD00112582,2,2025-08-10,Portion was too small.,orphan_foreign_key
RAT0059094,CUST0043348,,LOC0008,ORD00111914,5,2025-08-10,Perfect taste and quick service.,orphan_foreign_key
RAT0059102,CUST0011755,ITEM0138,LOC0023,ORD00110319,5,1970-01-01,"Excellent, loved it!",invalid_date
RAT0059126,CUST0004439,ITEM0067,LOC0016,ORD00111248,2,2025-08-10,,orphan_foreign_key
RAT0059155,CUST0033153,,LOC0004,ORD00110976,3,2025-08-10,,orphan_foreign_key
RAT0059168,CUST0008772,ITEM0148,LOC0013,ORD00111236,,2025-08-10,"Excellent, loved it!",missing_value
RAT0059170,CUST7919691,ITEM0041,LOC0006,ORD00110838,4,2025-08-10,,orphan_foreign_key
RAT0059183,CUST0045144,ITEM0012,LOC0007,ORD00112337,,2025-08-10,,missing_value
RAT0059186,CUST0044006,,LOC0013,ORD00112047,4,2025-08-10,,orphan_foreign_key
RAT0059188,CUST0043348,,LOC0008,ORD00111327,5,2025-08-10,,orphan_foreign_key
RAT0059199,CUST0001733,ITEM0154,LOC8291,ORD00110515,4,2025-08-10,,invalid_restaurant_id
RAT0059218,CUST0003773,ITEM0027,LOC0015,ORD00112854,5,2025-08-11,,orphan_foreign_key
RAT0059319,CUST0042424,ITEM0045,LOC0017,ORD00112168,4,2025-08-11,"Good food, will order again.",orphan_foreign_key
RAT0059348,CUST0036134,ITEM0150,LOC0010,ORD00111571,7,2025-08-11,,invalid_rating
RAT0059351,CUST0053963,,LOC0023,ORD00112582,3,2025-08-11,,orphan_foreign_key
RAT0059361,CUST0015234,ITEM0057,LOC0015,ORD00113233,10,2025-08-11,,invalid_rating
RAT0059369,CUST0032468,ITEM0082,LOC0018,ORD00111966,4,2025-08-11,,orphan_foreign_key
RAT0059388,CUST0025988,ITEM0135,LOC0006,ORD00112347,7,2025-08-11,"Good food, will order again.",invalid_rating
RAT0059473,CUST0039158,,LOC0001,ORD00112632,4,2025-08-11,,orphan_foreign_key
RAT0059475,CUST0036061,ITEM0135,LOC0003,ORD00112708,,2025-08-11,,missing_value
RAT0059488,CUST0008813,ITEM0073,LOC0004,ORD00112556,6,2025-08-11,,invalid_rating
RAT0059505,CUST0022303,ITEM0068,LOC0003,ORD00110736,3,2025-08-11,,orphan_foreign_key
RAT0059524,CUST0022088,ITEM0130,LOC6233,ORD00112010,5,2025-08-11,,invalid_restaurant_id
RAT0059534,CUST0026860,,LOC0007,ORD00111897,3,,,invalid_date
RAT0059547,CUST0014176,ITEM0106,LOC0001,ORD00111929,5,,Highly recommended.,invalid_date
RAT0059556,CUST0021752,ITEM0148,LOC0020,ORD00111343,,2025-08-11,,missing_value
RAT0059566,CUST0048263,,LOC0022,ORD00113129,5,2025-08-11,Amazing food and friendly staff.,orphan_foreign_key
RAT0059570,CUST0022446,ITEM0003,LOC0012,ORD00113246,4,2025-08-11,,orphan_foreign_key
RAT0059589,CUST0024198,ITEM0045,LOC0001,ORD00111361,5,2025-08-11,,orphan_foreign_key
RAT0059594,CUST0016233,ITEM0149,LOC0015,ORD00112656,3,2025-08-11,,orphan_foreign_key
RAT0059602,CUST0046671,ITEM0121,LOC0002,ORD00112060,4,1900-01-01,Tasty and fresh.,invalid_date
RAT0059620,CUST0002201,ITEM0068,LOC0147,ORD00112803,4,2025-08-12,,invalid_restaurant_id
RAT0059625,CUST0049058,ITEM0068,LOC0002,ORD00113708,55,2025-08-12,,invalid_rating
RAT0059630,CUST0010055,ITEM0015,LOC0007,ORD00112281,4,2025-08-12,,orphan_foreign_key
RAT0059635,CUST0034950,ITEM0065,LOC0006,ORD00111353,4,2025-08-12,,orphan_foreign_key
RAT0059645,CUST0034496,ITEM0041,LOC0023,ORD00110508,4,2025-08-12,,orphan_foreign_key
RAT0059660,CUST0022986,ITEM0130,LOC0023,ORD00111103,,2025-08-12,,missing_value
RAT0059665,CUST0032562,ITEM0003,LOC0004,ORD00113861,,2025-08-12,,missing_value
RAT0059666,CUST0001410,ITEM0043,LOC0005,ORD00113555,3,,Decent but overpriced.,invalid_date
RAT0059670,CUST0050352,ITEM0027,LOC0003,ORD00110720,4,2025-08-12,Tasty and fresh.,orphan_foreign_key
RAT0059710,CUST0020521,ITEM0066,LOC0012,ORD00111210,,2025-08-12,,missing_value
RAT0059717,CUST0043348,ITEM0135,LOC0008,ORD00113470,4,2025-08-12,,orphan_foreign_key
RAT0059733,CUST0025355,,LOC0014,ORD00112940,,2025-08-12,Perfect taste and quick service.,missing_value
RAT0059737,CUST0040599,ITEM0003,LOC0002,ORD00111642,6,2025-08-12,Tasty and fresh.,invalid_rating
RAT0059741,CUST0044974,ITEM0057,LOC0006,ORD00112947,3,2099-12-31,,invalid_date
RAT0059747,CUST0007267,,LOC3641,ORD00109883,3,2025-08-12,Good taste but late delivery.,invalid_restaurant_id
RAT0059784,CUST0054000,,LOC5039,ORD00106652,4,2025-08-12,Nice ambience and good service.,invalid_restaurant_id
RAT0059803,CUST0000747,ITEM0068,LOC0004,ORD00112672,,2025-08-12,,missing_value
RAT0059808,CUST0022419,ITEM0066,LOC0007,ORD00113801,3,2025-08-12,,orphan_foreign_key
RAT0059834,CUST0036308,ITEM0075,LOC0016,ORD00113372,6,2025-08-12,"Taste was fine, packaging poor.",invalid_rating
RAT0059854,CUST0038028,ITEM0051,LOC0020,ORD00113417,,2025-08-12,,missing_value
RAT0059861,CUST0053785,ITEM0062,LOC0004,ORD00113603,,2025-08-12,Amazing food and friendly staff.,missing_value
RAT0059863,CUST0006280,ITEM0143,LOC0019,ORD00113134,0,2025-08-12,,invalid_rating
RAT0059880,CUST0012104,ITEM0046,LOC0006,ORD00112626,,2025-08-12,It was okay.,missing_value
RAT0059917,CUST0042424,,LOC0017,ORD00112168,4,2025-08-12,,orphan_foreign_key
RAT0059925,CUST0016317,ITEM0111,LOC0003,ORD00113296,,2025-08-12,Enjoyed the meal.,missing_value
RAT0059932,CUST0748945,ITEM0151,LOC0025,ORD00112703,3,2025-08-12,Good taste but late delivery.,orphan_foreign_key
RAT0059934,CUST0032764,,LOC0007,ORD00113268,7,2025-08-12,Nice ambience and good service.,invalid_rating
RAT0059942,CUST0039707,ITEM0065,LOC0004,ORD00113916,3,2025-08-12,,orphan_foreign_key
RAT0059944,CUST0008978,ITEM0066,LOC0021,ORD00111464,,2025-08-12,Good taste but late delivery.,missing_value
RAT0059976,CUST0027573,ITEM0145,LOC0013,ORD00111215,4,2025-08-13,,orphan_foreign_key
RAT0059981,CUST0048272,ITEM0160,LOC0003,ORD00109907,2,2025-08-13,Not fresh.,orphan_foreign_key
RAT0059983,CUST0023562,ITEM0032,LOC0001,ORD00114367,7,2025-08-13,,invalid_rating
RAT0059987,CUST0041044,,LOC0016,ORD00113402,-1,2025-08-13,"Good food, will order again.",invalid_rating
RAT0059988,CUST0037984,ITEM0002,LOC0010,ORD00114249,,2025-08-13,Nice ambience and good service.,missing_value
RAT0060002,CUST0017185,ITEM0056,LOC0022,ORD00113451,,2025-08-13,,missing_value
RAT0060004,CUST0031881,,LOC0010,ORD00113740,3,2025-08-13,"Taste was fine, packaging poor.",orphan_foreign_key
RAT0060007,CUST0037036,ITEM0077,LOC0023,ORD00113930,,2025-08-13,,missing_value
RAT0060010,CUST0003082,ITEM0134,LOC0013,ORD00114323,,2025-08-13,,missing_value
RAT0060024,CUST0051990,ITEM0138,LOC0005,ORD00114564,,2025-08-13,,missing_value
RAT0060035,CUST0050383,ITEM0117,LOC1504,ORD00114409,4,2025-08-13,Enjoyed the meal.,invalid_restaurant_id
RAT0060056,CUST0023901,ITEM0148,LOC0008,ORD00112077,4,2025-08-13,,orphan_foreign_key
RAT0060075,CUST0000450,,LOC0019,ORD00114537,5,2025-08-13,,orphan_foreign_key
RAT0060076,CUST0004608,,LOC0002,ORD00114239,,2025-08-13,,missing_value
RAT0060081,CUST0041045,,LOC0006,ORD00113942,4,,,invalid_date
RAT0060087,CUST0009138,ITEM0152,LOC0008,ORD00113701,4,2025-08-13,,orphan_foreign_key
RAT0060092,CUST4684475,,LOC0004,ORD00112706,4,2025-08-13,,orphan_foreign_key
RAT0060100,CUST5194181,ITEM0075,LOC0007,ORD00112808,4,2025-08-13,Nice ambience and good service.,orphan_foreign_key
RAT0060109,CUST0026588,ITEM0134,LOC0003,ORD00114341,,2025-08-13,,missing_value
RAT0060140,CUST0039859,ITEM0056,LOC0020,ORD00113905,3,2025-08-13,,orphan_foreign_key
RAT0060159,CUST0048665,ITEM0138,LOC0022,ORD00114580,,2025-08-13,,missing_value
RAT0060182,CUST0035378,ITEM0124,LOC0019,ORD00113722,4,2025-08-13,Good value for money.,orphan_foreign_key
RAT0060223,CUST0033324,ITEM0148,LOC0013,ORD00113646,2,2025-08-13,Not fresh.,orphan_foreign_key
RAT0060226,CUST0024625,ITEM0013,LOC0011,ORD00114147,,2025-08-13,,missing_value
RAT0060232,CUST0003267,ITEM0134,LOC0018,ORD00113869,7,2025-08-13,Tasty and fresh.,invalid_rating
RAT0060246,CUST0010956,ITEM0081,LOC0021,ORD00114214,,2025-08-13,,missing_value
RAT0060255,CUST0031486,,LOC0019,ORD00113478,3,2025-08-13,Decent but overpriced.,orphan_foreign_key
RAT0060262,CUST0036270,ITEM0081,LOC0016,ORD00114511,10,2025-08-13,,invalid_rating
RAT0060268,CUST0042885,ITEM0034,LOC0016,ORD00111572,5,2025-08-13,Perfect taste and quick service.,orphan_foreign_key
RAT0060285,CUST0042413,ITEM0033,LOC9519,ORD00114211,3,2025-08-13,,invalid_restaurant_id
RAT0060289,CUST0003148,ITEM0091,LOC0023,ORD00113586,4,2025-08-13,Tasty and fresh.,orphan_foreign_key
RAT0060311,CUST0051517,ITEM0068,LOC0024,ORD00114585,10,2025-08-13,,invalid_rating
RAT0060344,CUST0034612,ITEM0066,LOC0012,ORD00114364,7,2025-08-13,Tasty and fresh.,invalid_rating
RAT0060348,CUST0046454,ITEM0157,LOC0012,ORD00114376,3,2025-08-13,,orphan_foreign_key
RAT0060374,CUST0054923,ITEM0143,LOC0017,ORD00115717,,2025-08-14,,missing_value
RAT0060386,CUST0046889,ITEM0134,LOC0016,ORD00114209,,2025-08-14,,missing_value
RAT0060430,CUST0012582,ITEM0151,LOC0006,ORD00115035,3,2025-08-14,Good taste but late delivery.,orphan_foreign_key
RAT0060435,CUST9851897,,LOC0008,ORD00114722,3,2025-08-14,,orphan_foreign_key
RAT0060451,CUST0016205,ITEM0159,LOC0021,ORD00114103,4,2025-08-14,,orphan_foreign_key
RAT0060459,CUST0020274,ITEM0150,LOC0012,ORD00115455,,2025-08-14,,missing_value
RAT0060494,CUST0014065,ITEM0092,LOC0015,ORD00114675,4,2025-08-14,,orphan_foreign_key
RAT0060521,CUST0054409,ITEM0029,LOC0009,ORD00115307,3,2025-08-14,"Taste was fine, packaging poor.",orphan_foreign_key
RAT0060557,CUST0007624,ITEM0151,LOC0009,ORD00115586,3,2025-08-14,It was okay.,orphan_foreign_key
RAT0060559,CUST0010876,,LOC0005,ORD00115104,-1,2025-08-14,,invalid_rating
RAT0060569,CUST0045856,ITEM0046,LOC0013,ORD00115675,3,2025-08-14,"Taste was fine, packaging poor.",orphan_foreign_key
RAT0060587,CUST0046454,ITEM0160,LOC0012,ORD00114376,5,2025-08-14,,orphan_foreign_key
RAT0060588,CUST0016255,ITEM0143,LOC0023,ORD00113453,4,,,invalid_date
RAT0060598,CUST0011910,,LOC0008,ORD00113538,5,2027-11-05,"Excellent, loved it!",invalid_date
RAT0060604,CUST0006162,ITEM0003,LOC0004,ORD00114916,,2025-08-14,,missing_value
RAT0060607,CUST0002201,ITEM0059,LOC0015,ORD00112803,4,,Tasty and fresh.,invalid_date
RAT0060609,CUST0017923,ITEM0148,LOC0014,ORD00115544,4,2025-08-14,,orphan_foreign_key
RAT0060612,CUST0032629,ITEM0114,LOC0005,ORD00115248,,2025-08-14,,missing_value
RAT0060627,CUST0042548,ITEM0085,LOC0002,ORD00115132,4,2025-08-14,,orphan_foreign_key
RAT0060645,CUST0039091,,LOC0025,ORD00114558,3,2025-08-14,,orphan_foreign_key
RAT0060665,CUST0035579,,LOC0001,ORD00114655,3,2025-08-14,"Taste was fine, packaging poor.",orphan_foreign_key
RAT0060710,CUST0006368,ITEM0130,LOC0018,ORD00114045,4,2025-08-14,"Good food, will order again.",orphan_foreign_key
RAT0060717,CUST0042424,ITEM0003,LOC0017,ORD00114777,2,2025-08-14,Portion was too small.,orphan_foreign_key
RAT0060719,CUST0014065,,LOC0015,ORD00114675,4,2025-08-14,,orphan_foreign_key
RAT0060750,CUST0053853,ITEM0115,LOC0014,ORD00111543,3,2025-08-14,"Taste was fine, packaging poor.",orphan_foreign_key
RAT0060760,CUST0007177,ITEM0004,LOC0004,ORD00114508,55,2025-08-14,,invalid_rating
RAT0060763,CUST0037676,ITEM0064,LOC0011,ORD00114712,4,2025-08-14,,orphan_foreign_key
RAT0060778,CUST0035984,ITEM0148,LOC0001,ORD00115298,,2025-08-14,,missing_value
RAT0060799,CUST5546197,ITEM0130,LOC0009,ORD00115716,2,2025-08-14,,orphan_foreign_key
RAT0060800,CUST0053608,ITEM0045,LOC0004,ORD00114724,5,2025-08-14,Best in town.,orphan_foreign_key
RAT0060820,CUST0033324,ITEM0033,LOC0013,ORD00113646,3,2025-08-14,Decent but overpriced.,orphan_foreign_key
RAT0060822,CUST0009394,ITEM0130,LOC0005,ORD00114151,,2025-08-14,"Excellent, loved it!",missing_value
RAT0060845,CUST0012979,ITEM0149,LOC0017,ORD00115533,1,2025-08-14,Too oily and bland.,orphan_foreign_key
RAT0060855,CUST0006162,ITEM0048,LOC0004,ORD00114916,,2025-08-14,,missing_value
RAT0060868,CUST0026561,ITEM0125,LOC0012,ORD00115212,-1,2025-08-14,,invalid_rating
RAT0060893,CUST0014986,ITEM0068,LOC7668,ORD00115662,3,2025-08-14,"Average, nothing special.",invalid_restaurant_id
RAT0060926,CUST0050886,ITEM0130,LOC0021,ORD00113841,,2025-08-15,"Taste was fine, packaging poor.",missing_value
RAT0060967,CUST0045230,ITEM0045,LOC0020,ORD00114498,4,2025-08-15,Good value for money.,orphan_foreign_key
RAT0060970,CUST0001782,,LOC0017,ORD00116704,0,2025-08-15,,invalid_rating
RAT0060988,CUST0029611,ITEM0034,LOC0023,ORD00116287,10,2025-08-15,Not fresh.,invalid_rating
RAT0060993,CUST0047571,ITEM0071,LOC0022,ORD00115937,4,2025-08-15,,orphan_foreign_key
RAT0061032,CUST0012128,ITEM0115,LOC0014,ORD00116265,3,2025-08-15,,orphan_foreign_key
RAT0061038,CUST0027295,ITEM0065,LOC0021,ORD00115535,,2025-08-15,It was okay.,missing_value
RAT0061076,CUST0046454,ITEM0009,LOC0012,ORD00114080,1,2025-08-15,,orphan_foreign_key
RAT0061089,CUST0035476,,LOC0018,ORD00116734,,2025-08-15,,missing_value
RAT0061092,CUST0039836,ITEM0046,LOC0022,ORD00116693,4,2099-12-31,Good value for money.,invalid_date
RAT0061110,CUST0002684,,LOC0012,ORD00114562,,2025-08-15,,missing_value
RAT0061132,CUST0048019,ITEM0054,LOC0014,ORD00116558,4,2025-08-15,,orphan_foreign_key
RAT0061143,CUST0299936,ITEM0152,LOC0020,ORD00114691,3,2025-08-15,,orphan_foreign_key
RAT0061149,CUST0015359,ITEM0006,LOC0023,ORD00114965,4,2025-08-15,,orphan_foreign_key
RAT0061187,CUST0005126,ITEM0068,LOC0001,ORD00115510,5,2025-08-15,,orphan_foreign_key
RAT0061199,CUST0019174,ITEM0157,LOC0008,ORD00116090,5,2025-08-15,,orphan_foreign_key
RAT0061201,CUST0054702,ITEM0057,LOC0023,ORD00115122,6,2025-08-15,Decent but overpriced.,invalid_rating
RAT0061207,CUST0052791,ITEM0148,LOC0011,ORD00114810,10,2025-08-15,,invalid_rating
RAT0061214,CUST0047571,ITEM0143,LOC0022,ORD00115937,2,2025-08-15,,orphan_foreign_key
RAT0061235,CUST0012128,ITEM0138,LOC0014,ORD00116265,3,2025-08-15,,orphan_foreign_key
RAT0061260,CUST0035707,,LOC0022,ORD00116006,5,2025-08-15,,orphan_foreign_key
RAT0061267,CUST0039972,ITEM0039,LOC0016,ORD00115458,,2025-08-15,"Average, nothing special.",missing_value
RAT0061274,CUST0006945,ITEM0099,LOC0020,ORD00116577,4,2025-08-15,,orphan_foreign_key
RAT0061330,CUST0047571,ITEM0155,LOC0022,ORD00115937,2,2025-08-15,,orphan_foreign_key
RAT0061343,CUST0005973,ITEM0033,LOC0014,ORD00115851,3,2025-08-15,,orphan_foreign_key
RAT0061365,CUST0044644,ITEM0004,LOC0001,ORD00115022,,2025-08-15,,missing_value
RAT0061375,CUST0037400,ITEM0143,LOC0014,ORD00116174,,2025-08-15,,missing_value
RAT0061378,CUST0025294,ITEM0137,LOC0007,ORD00116120,,2025-08-15,,missing_value
RAT0061381,CUST0044164,ITEM0046,LOC0003,ORD00116584,2,2025-08-15,,orphan_foreign_key
RAT0061391,CUST0054346,ITEM0048,LOC0008,ORD00116294,,2025-08-15,Nice ambience and good service.,missing_value
RAT0061426,CUST3503999,ITEM0083,LOC0001,ORD00116353,4,2025-08-15,Tasty and fresh.,orphan_foreign_key
RAT0061440,CUST0047445,,LOC2276,ORD00116185,3,2025-08-15,"Average, nothing special.",invalid_restaurant_id
RAT0061456,CUST0054751,,LOC8058,ORD00113633,2,2025-08-15,,invalid_restaurant_id
RAT0061458,CUST0037725,ITEM0083,LOC0018,ORD00114988,5,2025-08-15,,orphan_foreign_key
RAT0061463,CUST0025338,ITEM0033,LOC0021,ORD00114468,7,2025-08-15,,invalid_rating
RAT0061485,CUST0035707,ITEM0081,LOC0022,ORD00116006,5,,"Excellent, loved it!",invalid_date
RAT0061491,CUST0038943,ITEM0068,LOC0023,ORD00113486,4,2025-08-15,Good value for money.,orphan_foreign_key
RAT0061495,CUST0053546,ITEM0061,LOC0015,ORD00116457,2,2025-08-15,Not fresh.,orphan_foreign_key
RAT0061500,CUST0052971,ITEM0027,LOC0017,ORD00117611,3,2025-08-16,,orphan_foreign_key
RAT0061501,CUST0054150,ITEM0081,LOC0018,ORD00117607,5,2025-08-16,Perfect taste and quick service.,orphan_foreign_key
RAT0061503,CUST1581548,ITEM0045,LOC0016,ORD00115037,3,2025-08-16,,orphan_foreign_key
RAT0061508,CUST0022022,ITEM0132,LOC0022,ORD00117049,-1,2025-08-16,,invalid_rating
RAT0061520,CUST0022212,,LOC0018,ORD00116322,4,2025-08-16,"Good food, will order again.",orphan_foreign_key
RAT0061527,CUST0023890,ITEM0071,LOC0011,ORD00115252,5,2025-08-16,,orphan_foreign_key
RAT0061531,CUST0041477,,LOC1445,ORD00114942,3,2025-08-16,"Taste was fine, packaging poor.",invalid_restaurant_id
RAT0061538,CUST0033855,ITEM0068,LOC0025,ORD00117108,,2025-08-16,Enjoyed the meal.,missing_value
RAT0061546,CUST0017923,ITEM0075,LOC0014,ORD00115544,7,2025-08-16,Tasty and fresh.,invalid_rating
RAT0061579,CUST0027025,ITEM0023,LOC0023,ORD00116960,5,2025-08-16,,orphan_foreign_key
RAT0061582,CUST0033270,ITEM0027,LOC0007,ORD00113807,6,2025-08-16,,invalid_rating
RAT0061586,CUST0024090,ITEM0045,LOC0020,ORD00117006,55,2025-08-16,,invalid_rating
RAT0061605,CUST0028661,ITEM0077,LOC0002,ORD00117158,3,2025-08-16,"Average, nothing special.",orphan_foreign_key
RAT0061609,CUST0014745,,LOC0019,ORD00116925,,2025-08-16,,missing_value
RAT0061642,CUST0035412,ITEM0151,LOC0013,ORD00117770,5,2025-08-16,,orphan_foreign_key
RAT0061649,CUST0038540,ITEM0086,LOC0018,ORD00116392,3,2025-08-16,,orphan_foreign_key
RAT0061657,CUST0035954,,LOC0003,ORD00116536,,2025-08-16,,missing_value
RAT0061664,CUST0031040,ITEM0134,LOC0003,ORD00117692,3,2025-08-16,"Average, nothing special.",orphan_foreign_key
RAT0061674,CUST2122739,ITEM0050,LOC0008,ORD00115728,5,2025-08-16,,orphan_foreign_key
RAT0061687,CUST0000717,,LOC0003,ORD00117599,3,2025-08-16,,orphan_foreign_key
RAT0061690,CUST0013375,ITEM0094,LOC0012,ORD00117608,4,2025-08-16,Tasty and fresh.,orphan_foreign_key
RAT0061692,CUST0017865,ITEM0048,LOC4113,ORD00116596,4,2025-08-16,,invalid_restaurant_id
RAT0061700,CUST0031040,ITEM0091,LOC0003,ORD00117692,4,2025-08-16,,orphan_foreign_key
RAT0061709,CUST9600121,,LOC0005,ORD00117395,5,2025-08-16,,orphan_foreign_key
RAT0061715,CUST0053556,ITEM0139,LOC0018,ORD00116591,4,2099-12-31,,invalid_date
RAT0061724,CUST0001194,ITEM0001,LOC0020,ORD00116420,5,2025-08-16,Perfect taste and quick service.,orphan_foreign_key
RAT0061757,CUST0053795,ITEM0138,LOC0018,ORD00116737,,2025-08-16,Amazing food and friendly staff.,missing_value
RAT0061766,CUST0024897,ITEM0048,LOC0018,ORD00114644,3,2025-08-16,Decent but overpriced.,orphan_foreign_key
RAT0061787,CUST0006945,ITEM0075,LOC0020,ORD00116577,3,2025-08-16,,orphan_foreign_key
RAT0061793,CUST0045120,,LOC0010,ORD00113965,3,2025-08-16,Good taste but late delivery.,orphan_foreign_key
RAT0061817,CUST0044952,ITEM0045,LOC0022,ORD00117047,5,,"Excellent, loved it!",invalid_date
RAT0061823,CUST0015164,ITEM0093,LOC0025,ORD00117496,3,2025-08-16,Decent but overpriced.,orphan_foreign_key
RAT0061851,CUST0048289,ITEM0148,LOC0018,ORD00117651,4,2025-08-16,,orphan_foreign_key
RAT0061895,CUST0038915,ITEM0155,LOC0025,ORD00115398,4,2025-08-16,Good value for money.,orphan_foreign_key
RAT0061904,CUST0054850,,LOC0006,ORD00116754,,2025-08-16,,missing_value
RAT0061910,CUST0040305,ITEM0075,LOC0224,ORD00117714,2,2025-08-16,,invalid_restaurant_id
RAT0061924,CUST0006945,ITEM0138,LOC0020,ORD00116577,5,2025-08-16,,orphan_foreign_key
RAT0062009,CUST0042708,ITEM0004,LOC0003,ORD00117305,5,,,invalid_date
RAT0062030,CUST0024035,ITEM0003,LOC0005,ORD00117354,3,2025-08-16,Good taste but late delivery.,orphan_foreign_key
RAT0062034,CUST0035707,ITEM0054,LOC0022,ORD00116006,3,2025-08-16,,orphan_foreign_key
RAT0062035,CUST0046098,ITEM0130,LOC0007,ORD00114222,,2025-08-16,,missing_value
RAT0062059,CUST0024897,ITEM0068,LOC0018,ORD00114644,3,2025-08-17,,orphan_foreign_key
RAT0062078,CUST0021322,ITEM0036,LOC0001,ORD00117881,-1,2025-08-17,,invalid_rating
RAT0062086,CUST0025833,ITEM0150,LOC0008,ORD00117019,55,2025-08-17,,invalid_rating
RAT0062091,CUST0015866,,LOC0015,ORD00114603,,2025-08-17,,missing_value
RAT0062095,CUST0002388,,LOC0018,ORD00117996,3,2025-08-17,"Taste was fine, packaging poor.",orphan_foreign_key
RAT0062096,CUST0020883,ITEM0033,LOC0010,ORD00113873,4,2025-08-17,Tasty and fresh.,orphan_foreign_key
RAT0062122,CUST0014362,,LOC0018,ORD00118224,,2025-08-17,Good value for money.,missing_value
RAT0062132,CUST0015916,ITEM0041,LOC0010,ORD00116446,,2025-08-17,,missing_value
RAT0062133,CUST0035441,ITEM0090,LOC0003,ORD00118070,3,2025-08-17,,orphan_foreign_key
RAT0062144,CUST0026410,ITEM0052,LOC0022,ORD00118258,10,2025-08-17,,invalid_rating
RAT0062149,CUST0042708,ITEM0010,LOC0003,ORD00117305,7,2025-08-17,,invalid_rating
RAT0062155,CUST0013085,ITEM0068,LOC0023,ORD00117634,7,2025-08-17,,invalid_rating
RAT0062199,CUST0012979,ITEM0143,LOC0017,ORD00115533,3,2025-08-17,,orphan_foreign_key
RAT0062204,CUST0035441,ITEM0136,LOC0003,ORD00118070,4,2025-08-17,,orphan_foreign_key
RAT0062205,CUST0016002,ITEM0068,LOC7238,ORD00118422,3,2025-08-17,,invalid_restaurant_id
RAT0062215,CUST0011106,ITEM0048,LOC0008,ORD00117574,,2025-08-17,,missing_value
RAT0062225,CUST0052971,ITEM0060,LOC0017,ORD00117611,4,2025-08-17,Nice ambience and good service.,orphan_foreign_key
RAT0062228,CUST0037627,ITEM0087,LOC0016,ORD00116478,5,2025-08-17,Best in town.,orphan_foreign_key
RAT0062253,CUST0036104,ITEM0055,LOC0020,ORD00117274,4,2025-08-17,,orphan_foreign_key
RAT0062258,CUST0037015,ITEM0143,LOC0003,ORD00118270,,2025-08-17,,missing_value
RAT0062261,CUST0045265,ITEM0138,LOC0025,ORD00118360,4,2025-08-17,,orphan_foreign_key
RAT0062265,CUST0037032,ITEM0115,LOC0020,ORD00117913,,2025-08-17,,missing_value
RAT0062277,CUST0009263,ITEM0005,LOC0002,ORD00117406,4,2025-08-17,,orphan_foreign_key
RAT0062316,CUST0002176,ITEM0134,LOC0021,ORD00117914,,2025-08-17,Amazing food and friendly staff.,missing_value
RAT0062317,CUST0027654,ITEM0004,LOC0014,ORD00118481,5,2025-08-17,,orphan_foreign_key
RAT0062321,CUST0019230,ITEM0016,LOC0023,ORD00116700,3,2025-08-17,It was okay.,orphan_foreign_key
RAT0062334,CUST0041866,ITEM0124,LOC0007,ORD00118036,,2025-08-17,,missing_value
RAT0062335,CUST0007076,ITEM0012,LOC0016,ORD00118160,,2025-08-17,It was okay.,missing_value
RAT0062350,CUST0022277,ITEM0033,LOC0004,ORD00113097,0,2025-08-17,Took too long to arrive.,invalid_rating
RAT0062360,CUST2722093,ITEM0113,LOC0016,ORD00118041,5,2025-08-17,,orphan_foreign_key
RAT0062361,CUST0010343,ITEM0121,LOC0004,ORD00117659,4,2025-08-17,,orphan_foreign_key
RAT0062373,CUST0035079,ITEM0025,LOC0005,ORD00117784,3,2025-08-17,,orphan_foreign_key
RAT0062376,CUST0036104,,LOC0020,ORD00117274,4,2025-08-17,Good value for money.,orphan_foreign_key
RAT0062389,CUST0027654,ITEM0028,LOC0014,ORD00118481,4,2025-08-17,,orphan_foreign_key
RAT0062395,CUST0286797,ITEM0023,LOC0020,ORD00116297,3,2025-08-17,,orphan_foreign_key
RAT0062397,CUST0051596,ITEM0138,LOC0014,ORD00116787,,2025-08-17,,missing_value
RAT0062399,CUST0053989,,LOC0016,ORD00118499,3,,,invalid_date
RAT0062403,CUST0010343,ITEM0114,LOC0004,ORD00117659,4,2025-08-17,Good value for money.,orphan_foreign_key
RAT0062404,CUST0014199,ITEM0153,LOC0002,ORD00114601,3,2025-08-17,"Taste was fine, packaging poor.",orphan_foreign_key
RAT0062430,CUST0012804,ITEM0134,LOC1373,ORD00117088,5,2025-08-17,,invalid_restaurant_id
RAT0062431,CUST0018160,ITEM0072,LOC0002,ORD00118006,4,2025-08-17,,orphan_foreign_key
RAT0062434,CUST0035728,ITEM0041,LOC0018,ORD00117519,7,2025-08-17,,invalid_rating
RAT0062476,CUST0006569,ITEM0045,LOC0016,ORD00116007,,2025-08-17,,missing_value
RAT0062495,CUST0030836,ITEM0041,LOC0013,ORD00118092,,2025-08-17,Enjoyed the meal.,missing_value
RAT0062498,CUST0043990,ITEM0125,LOC0018,ORD00116785,3,2025-08-17,,orphan_foreign_key
RAT0062504,CUST0038665,ITEM0077,LOC0008,ORD00117933,4,2025-08-17,,orphan_foreign_key
RAT0062515,CUST0014920,,LOC0009,ORD00115822,3,2025-08-17,Decent but overpriced.,orphan_foreign_key
RAT0062519,CUST0052528,ITEM0149,LOC0022,ORD00118341,4,2025-08-17,Good value for money.,orphan_foreign_key
RAT0062548,CUST0031329,ITEM0048,LOC0010,ORD00118556,,2025-08-18,,missing_value
RAT0062552,CUST0031074,ITEM0061,LOC0007,ORD00118602,,2025-08-18,Too oily and bland.,missing_value
RAT0062565,CUST8825524,ITEM0113,LOC0002,ORD00118648,4,2025-08-18,,orphan_foreign_key
RAT0062567,CUST0013143,ITEM0013,LOC0016,ORD00118300,,2025-08-18,,missing_value
RAT0062580,CUST0051954,ITEM0082,LOC6460,ORD00118603,2,2025-08-18,,invalid_restaurant_id
RAT0062586,CUST5308456,ITEM0143,LOC0011,ORD00116934,2,2025-08-18,,orphan_foreign_key
RAT0062606,CUST0015268,,LOC0015,ORD00119011,6,2025-08-18,,invalid_rating
RAT0062624,CUST0045862,ITEM0027,LOC0013,ORD00117621,,2025-08-18,,missing_value
RAT0062632,CUST0006162,ITEM0157,LOC0004,ORD00118816,,2025-08-18,,missing_value
RAT0062636,CUST0032175,ITEM0010,LOC0018,ORD00118211,,2025-08-18,,missing_value
RAT0062639,CUST0026472,ITEM0152,LOC0022,ORD00118492,4,2025-08-18,,orphan_foreign_key
RAT0062641,CUST0035079,,LOC0005,ORD00117784,4,2025-08-18,"Good food, will order again.",orphan_foreign_key
RAT0062642,CUST0011365,ITEM0003,LOC0003,ORD00116556,6,2025-08-18,"Taste was fine, packaging poor.",invalid_rating
RAT0062643,CUST0048272,ITEM0143,LOC0003,ORD00109907,4,2025-08-18,,orphan_foreign_key
RAT0062671,CUST0014191,ITEM0103,LOC0004,ORD00117136,4,2025-08-18,Tasty and fresh.,orphan_foreign_key
RAT0062676,CUST0019495,ITEM0048,LOC0019,ORD00115498,2,2025-08-18,,orphan_foreign_key
RAT0062679,CUST0044651,ITEM0032,LOC0003,ORD00117297,,2025-08-18,,missing_value
RAT0062681,CUST0019181,ITEM0112,LOC0008,ORD00114937,3,2025-08-18,,orphan_foreign_key
RAT0062687,CUST0031040,ITEM0065,LOC0003,ORD00117692,4,2025-08-18,,orphan_foreign_key
RAT0062689,CUST0043990,ITEM0138,LOC0018,ORD00116785,3,2025-08-18,,orphan_foreign_key
RAT0062701,CUST0003494,,LOC0017,ORD00116818,3,2025-08-18,,orphan_foreign_key
RAT0062714,CUST0031040,ITEM0048,LOC0003,ORD00117692,4,2025-08-18,Tasty and fresh.,orphan_foreign_key
RAT0062737,CUST0043043,ITEM0024,LOC0004,ORD00118794,3,2025-08-18,,orphan_foreign_key
RAT0062767,CUST0027025,ITEM0135,LOC0023,ORD00116960,5,2025-08-18,,orphan_foreign_key
RAT0062769,CUST0031329,ITEM0125,LOC0010,ORD00118556,,2025-08-18,,missing_value
RAT0062777,CUST0054150,ITEM0029,LOC0018,ORD00117607,5,2025-08-18,Amazing food and friendly staff.,orphan_foreign_key
RAT0062781,CUST0022602,,LOC0017,ORD00115208,3,2025-08-18,,orphan_foreign_key
RAT0062784,CUST0012775,ITEM0148,LOC0022,ORD00118338,3,2025-08-18,,orphan_foreign_key
RAT0062798,CUST0041066,ITEM0059,LOC0005,ORD00118133,7,2025-08-18,,invalid_rating
RAT0062821,CUST0035412,ITEM0094,LOC0013,ORD00117770,,2025-08-18,,missing_value
RAT0062824,CUST0047670,ITEM0135,LOC0014,ORD00118578,,2025-08-18,Enjoyed the meal.,missing_value
RAT0062827,CUST0014516,ITEM0050,LOC0003,ORD00114981,,2025-08-18,,missing_value
RAT0062847,CUST0007600,ITEM0151,LOC0023,ORD00118501,-1,2025-08-18,,invalid_rating
RAT0062881,CUST0030673,ITEM0136,LOC0021,ORD00118750,3,2027-11-05,,invalid_date
RAT0062886,CUST0009053,ITEM0076,LOC0008,ORD00118152,,2025-08-18,Enjoyed the meal.,missing_value
RAT0062890,CUST0010483,ITEM0066,LOC0006,ORD00118912,3,1970-01-01,It was okay.,invalid_date
RAT0062897,CUST0052500,ITEM0064,LOC0017,ORD00118583,5,2025-08-18,"Excellent, loved it!",orphan_foreign_key
RAT0062906,CUST0018850,ITEM0029,LOC0015,ORD00118695,5,2025-08-18,Amazing food and friendly staff.,orphan_foreign_key
RAT0062915,CUST0002353,ITEM0041,LOC0006,ORD00118746,5,2025-08-18,Best in town.,orphan_foreign_key
RAT0062917,CUST0040237,,LOC0017,ORD00118641,3,2025-08-18,,orphan_foreign_key
RAT0062926,CUST8663576,ITEM0048,LOC0017,ORD00115603,4,2025-08-18,,orphan_foreign_key
RAT0062957,CUST0031067,ITEM0098,LOC0004,ORD00119143,4,2025-08-19,,orphan_foreign_key
RAT0062975,CUST0026658,ITEM0056,LOC0004,ORD00118684,,2025-08-19,,missing_value
RAT0063009,CUST0011047,ITEM0053,LOC0004,ORD00119155,7,2025-08-19,,invalid_rating
RAT0063010,CUST0000592,ITEM0013,LOC0004,ORD00119543,3,1970-01-01,Decent but overpriced.,invalid_date
RAT0063018,CUST0037850,ITEM0075,LOC0018,ORD00119428,3,2025-08-19,,orphan_foreign_key
RAT0063025,CUST0050075,ITEM0131,LOC0002,ORD00118585,-1,2025-08-19,,invalid_rating
RAT0063037,CUST0026233,ITEM0077,LOC0001,ORD00118894,,2025-08-19,,missing_value
RAT0063040,CUST0029576,,LOC0012,ORD00119241,3,2025-08-19,,orphan_foreign_key
RAT0063049,CUST0007890,ITEM0067,LOC0006,ORD00118548,,2025-08-19,,missing_value
RAT0063057,CUST0021334,ITEM0134,LOC0015,ORD00119157,3,2025-08-19,,orphan_foreign_key
RAT0063060,CUST0018850,,LOC0015,ORD00118695,4,2025-08-19,,orphan_foreign_key
RAT0063063,CUST0004497,ITEM0133,LOC0020,ORD00118812,4,2099-12-31,Nice ambience and good service.,invalid_date
RAT0063066,CUST0050417,ITEM0057,LOC0003,ORD00115229,55,2025-08-19,Enjoyed the meal.,invalid_rating
RAT0063093,CUST0022265,ITEM0131,LOC0007,ORD00119459,4,2025-08-19,,orphan_foreign_key
RAT0063115,CUST0052602,ITEM0151,LOC9847,ORD00117126,4,2025-08-19,,invalid_restaurant_id
RAT0063134,CUST0052528,ITEM0151,LOC0022,ORD00118341,4,2025-08-19,,orphan_foreign_key
RAT0063145,CUST0011966,ITEM0057,LOC0018,ORD00117943,4,2025-08-19,,orphan_foreign_key
RAT0063152,CUST0040509,ITEM0046,LOC0021,ORD00119484,,2025-08-19,Portion was too small.,missing_value
RAT0063166,CUST0040494,ITEM0135,LOC0006,ORD00119104,4,2025-08-19,"Good food, will order again.",orphan_foreign_key
RAT0063176,CUST0014575,ITEM0034,LOC0006,ORD00119594,3,2025-08-19,,orphan_foreign_key
RAT0063182,CUST0028661,ITEM0137,LOC0002,ORD00117158,3,2025-08-19,,orphan_foreign_key
RAT0063199,CUST0021391,ITEM0003,LOC5297,ORD00118398,4,2025-08-19,,invalid_restaurant_id
RAT0063296,CUST0041037,ITEM0033,LOC0024,ORD00118841,2,2025-08-19,Below average taste.,orphan_foreign_key
RAT0063306,CUST0030328,ITEM0031,LOC0009,ORD00119034,,2025-08-20,,missing_value
RAT0063309,CUST0005165,ITEM0013,LOC7594,ORD00119107,4,2025-08-20,,invalid_restaurant_id
RAT0063341,CUST0020086,ITEM0050,LOC0001,ORD00119954,5,2025-08-20,,orphan_foreign_key
RAT0063355,CUST0024057,ITEM0138,LOC0010,ORD00119721,4,2025-08-20,,orphan_foreign_key
RAT0063363,CUST0001060,ITEM0033,LOC0001,ORD00119928,3,2025-08-20,,orphan_foreign_key
RAT0063377,CUST0014405,ITEM0081,LOC0007,ORD00120045,5,2025-08-20,,orphan_foreign_key
RAT0063386,CUST0010483,ITEM0033,LOC0006,ORD00118912,6,2025-08-20,"Average, nothing special.",invalid_rating
RAT0063388,CUST0024149,,LOC0021,ORD00117179,4,2025-08-20,Good value for money.,orphan_foreign_key
RAT0063402,CUST0047618,,LOC0002,ORD00119060,2,2025-08-20,,orphan_foreign_key
RAT0063416,CUST0043348,,LOC0008,ORD00119705,4,2025-08-20,,orphan_foreign_key
RAT0063424,CUST0016355,ITEM0160,LOC0017,ORD00119897,6,2025-08-20,,invalid_rating
RAT0063435,CUST0024877,ITEM0141,LOC0017,ORD00119614,7,2025-08-20,"Taste was fine, packaging poor.",invalid_rating
RAT0063436,CUST0032636,,LOC0005,ORD00116196,4,2025-08-20,,orphan_foreign_key
RAT0063438,CUST0018272,,LOC0004,ORD00119347,3,2025-08-20,Decent but overpriced.,orphan_foreign_key
RAT0063493,CUST0035996,,LOC0020,ORD00118460,4,2025-08-20,Tasty and fresh.,orphan_foreign_key
RAT0063500,CUST0023899,,LOC0005,ORD00119817,-1,2025-08-20,It was okay.,invalid_rating
RAT0063510,CUST0035842,ITEM0151,LOC0009,ORD00119277,0,2025-08-20,"Taste was fine, packaging poor.",invalid_rating
RAT0063512,CUST0025917,,LOC0005,ORD00119520,,2025-08-20,,missing_value
RAT0063525,CUST0048156,ITEM0055,LOC0012,ORD00119670,0,2025-08-20,,invalid_rating
RAT0063550,CUST0011232,ITEM0108,LOC0024,ORD00119908,4,2025-08-20,,orphan_foreign_key
RAT0063561,CUST0002827,ITEM0046,LOC0013,ORD00119888,0,2025-08-20,,invalid_rating
RAT0063563,CUST0002617,ITEM0046,LOC0008,ORD00120110,3,2025-08-20,,orphan_foreign_key
RAT0063570,CUST0024357,,LOC6259,ORD00118936,4,2025-08-20,Enjoyed the meal.,invalid_restaurant_id
RAT0063577,CUST0018540,ITEM0044,LOC0018,ORD00119724,4,2025-08-20,Tasty and fresh.,orphan_foreign_key
RAT0063584,CUST0053513,ITEM0032,LOC3021,ORD00120107,3,2025-08-20,,invalid_restaurant_id
RAT0063595,CUST0009263,ITEM0130,LOC0002,ORD00119408,3,2025-08-20,,orphan_foreign_key
RAT0063621,CUST0012775,ITEM0065,LOC0022,ORD00118338,4,2025-08-20,,orphan_foreign_key
RAT0063622,CUST0034811,ITEM0046,LOC0017,ORD00119386,,2025-08-20,,missing_value
RAT0063623,CUST0025401,ITEM0134,LOC0025,ORD00119848,,2025-08-20,,missing_value
RAT0063633,CUST0011743,,LOC0024,ORD00118926,3,2025-08-21,,orphan_foreign_key
RAT0063652,CUST0019176,ITEM0048,LOC0006,ORD00119857,,2025-08-21,Order was wrong and tasted stale.,missing_value
RAT0063659,CUST0014168,ITEM0050,LOC0002,ORD00119693,4,2025-08-21,,orphan_foreign_key
RAT0063662,CUST0025015,ITEM0004,LOC0008,ORD00120570,10,2025-08-21,,invalid_rating
RAT0063679,CUST0049401,ITEM0011,LOC0011,ORD00119800,55,2025-08-21,"Average, nothing special.",invalid_rating
RAT0063685,CUST0050092,,LOC0011,ORD00120294,55,2025-08-21,,invalid_rating
RAT0063708,CUST0044645,ITEM0147,LOC0003,ORD00120286,3,2025-08-21,,orphan_foreign_key
RAT0063722,CUST0006001,ITEM0038,LOC0024,ORD00120385,,2025-08-21,,missing_value
RAT0063727,CUST0015359,ITEM0109,LOC0002,ORD00120743,3,2025-08-21,,orphan_foreign_key
RAT0063732,CUST0014575,ITEM0088,LOC0006,ORD00119594,4,2025-08-21,,orphan_foreign_key
RAT0063764,CUST0038434,ITEM0074,LOC0016,ORD00119910,,2025-08-21,Highly recommended.,missing_value
RAT0063794,CUST0015713,ITEM0041,LOC0013,ORD00120358,3,1900-01-01,"Taste was fine, packaging poor.",invalid_date
RAT0063795,CUST0017671,,LOC0019,ORD00120231,,2025-08-21,,missing_value
RAT0063811,CUST0023333,ITEM0105,LOC0014,ORD00118444,,2025-08-21,Enjoyed the meal.,missing_value
RAT0063815,CUST0035836,ITEM0036,LOC0013,ORD00116028,4,2025-08-21,Enjoyed the meal.,orphan_foreign_key
RAT0063822,CUST0030170,ITEM0151,LOC0005,ORD00117208,4,2025-08-21,Nice ambience and good service.,orphan_foreign_key
RAT0063833,CUST0031067,ITEM0003,LOC0004,ORD00119143,4,2025-08-21,,orphan_foreign_key
RAT0063861,CUST0019264,,LOC0003,ORD00119909,0,2025-08-21,"Average, nothing special.",invalid_rating
RAT0063874,CUST0013375,,LOC0012,ORD00117608,,2025-08-21,Good taste but late delivery.,missing_value
RAT0063876,CUST0015359,ITEM0055,LOC0002,ORD00120743,5,2025-08-21,,orphan_foreign_key
RAT0063887,CUST0047607,ITEM0041,LOC0023,ORD00119321,10,2025-08-21,Order was wrong and tasted stale.,invalid_rating
RAT0063900,CUST0043572,ITEM0081,LOC0016,ORD00120585,55,2025-08-21,,invalid_rating
RAT0063902,CUST0043348,ITEM0082,LOC0008,ORD00119705,5,2025-08-21,,orphan_foreign_key
RAT0063903,CUST0054575,ITEM0136,LOC0001,ORD00120146,5,2025-08-21,,orphan_foreign_key
RAT0063912,CUST0044402,ITEM0077,LOC0022,ORD00120587,,2025-08-21,"Excellent, loved it!",missing_value
RAT0063929,CUST0013221,ITEM0038,LOC0019,ORD00120475,4,2025-08-21,,orphan_foreign_key
RAT0063966,CUST0037172,,LOC0008,ORD00121190,5,,,invalid_date
RAT0063971,CUST0042892,ITEM0056,LOC0021,ORD00120995,3,2025-08-22,Good taste but late delivery.,orphan_foreign_key
RAT0063995,CUST0046427,ITEM0115,LOC0014,ORD00120786,,2025-08-22,,missing_value
RAT0063996,CUST0015862,ITEM0089,LOC0012,ORD00119965,4,2025-08-22,Tasty and fresh.,orphan_foreign_key
RAT0064023,CUST0032922,,LOC0009,ORD00120357,4,2025-08-22,,orphan_foreign_key
RAT0064036,CUST0029748,ITEM0045,LOC0021,ORD00121372,-1,2025-08-22,,invalid_rating
RAT0064053,CUST0003921,ITEM0136,LOC0023,ORD00120204,5,2025-08-22,,orphan_foreign_key
RAT0064057,CUST0028006,ITEM0111,LOC0013,ORD00120927,,2025-08-22,Highly recommended.,missing_value
RAT0064068,CUST0018373,ITEM0046,LOC0017,ORD00120534,2,2025-08-22,Service was slow.,orphan_foreign_key
RAT0064069,CUST0009074,ITEM0103,LOC0001,ORD00121545,,2025-08-22,,missing_value
RAT0064075,CUST0048877,ITEM0154,LOC0016,ORD00118418,4,2025-08-22,,orphan_foreign_key
RAT0064108,CUST0032922,ITEM0134,LOC0009,ORD00120357,4,2025-08-22,Enjoyed the meal.,orphan_foreign_key
RAT0064122,CUST0007730,ITEM0027,LOC0002,ORD00121569,0,2025-08-22,,invalid_rating
RAT0064125,CUST0027196,ITEM0021,LOC0010,ORD00120695,2,2025-08-22,,orphan_foreign_key
RAT0064132,CUST0019770,ITEM0137,LOC7288,ORD00120800,3,2025-08-22,,invalid_restaurant_id
RAT0064155,CUST0005274,ITEM0124,LOC0003,ORD00121489,3,2025-08-22,,orphan_foreign_key
RAT0064174,CUST0053501,ITEM0031,LOC0020,ORD00120571,,2025-08-22,,missing_value
RAT0064269,CUST0013440,ITEM0047,LOC0003,ORD00120780,0,2025-08-22,It was okay.,invalid_rating
RAT0064297,CUST0027196,,LOC0010,ORD00120695,3,2025-08-22,,orphan_foreign_key
RAT0064318,CUST0039265,ITEM0068,LOC0001,ORD00120862,3,2025-08-22,"Taste was fine, packaging poor.",orphan_foreign_key
RAT0064324,CUST0002933,ITEM0091,LOC0002,ORD00121065,,2025-08-22,,missing_value
RAT0064336,CUST0054906,ITEM0066,LOC0012,ORD00120320,5,2025-08-22,,orphan_foreign_key
RAT0064360,CUST0041504,ITEM0151,LOC4792,ORD00121596,4,2025-08-23,,invalid_restaurant_id
RAT0064402,CUST0016987,,LOC0019,ORD00121926,0,2025-08-23,Below average taste.,invalid_rating
RAT0064421,CUST0002933,ITEM0147,LOC0015,ORD00121731,3,2025-08-23,"Taste was fine, packaging poor.",orphan_foreign_key
RAT0064447,CUST0001019,ITEM0032,LOC0004,ORD00121218,5,2025-08-23,,orphan_foreign_key
RAT0064452,CUST0022816,ITEM0150,LOC0003,ORD00121790,,2025-08-23,,missing_value
RAT0064459,CUST0006636,ITEM0011,LOC0017,ORD00121868,7,2025-08-23,,invalid_rating
RAT0064544,CUST0019770,ITEM0023,LOC0008,ORD00120800,0,2025-08-23,Highly recommended.,invalid_rating
RAT0064597,CUST0015135,ITEM0148,LOC0007,ORD00122155,3,,Good taste but late delivery.,invalid_date
RAT0064628,CUST0006945,,LOC0020,ORD00121649,4,2025-08-23,,orphan_foreign_key
RAT0064630,CUST0033510,ITEM0057,LOC0020,ORD00121890,6,2025-08-23,Good taste but late delivery.,invalid_rating
RAT0064646,CUST0051475,,LOC0021,ORD00121398,,2025-08-23,,missing_value
RAT0064648,CUST0041064,ITEM0036,LOC0005,ORD00121878,4,,,invalid_date
RAT0064651,CUST0010381,ITEM0128,LOC0018,ORD00121610,5,2025-08-23,"Excellent, loved it!",orphan_foreign_key
RAT0064656,CUST0024696,ITEM0033,LOC0024,ORD00121587,7,2025-08-23,Nice ambience and good service.,invalid_rating
RAT0064660,CUST0027196,ITEM0123,LOC0010,ORD00120695,3,2025-08-23,Good taste but late delivery.,orphan_foreign_key
RAT0064680,CUST0013527,ITEM0106,LOC0023,ORD00121742,4,,,invalid_date
RAT0064698,CUST0002237,ITEM0004,LOC0025,ORD00121586,4,2025-08-23,,orphan_foreign_key
RAT0064715,CUST0036430,ITEM0134,LOC0016,ORD00122279,,2025-08-23,,missing_value
RAT0064737,CUST0001019,ITEM0154,LOC0004,ORD00121218,2,2025-08-23,Below average taste.,orphan_foreign_key
RAT0064754,CUST0002165,ITEM0072,LOC0020,ORD00119834,55,2025-08-23,,invalid_rating
RAT0064774,CUST0016019,,LOC0001,ORD00122912,55,2025-08-24,,invalid_rating
RAT0064788,CUST0011090,ITEM0076,LOC0019,ORD00123113,3,2025-08-24,,orphan_foreign_key
RAT0064811,CUST0006360,ITEM0121,LOC0003,ORD00122292,3,2025-08-24,"Average, nothing special.",orphan_foreign_key
RAT0064816,CUST0004479,ITEM0033,LOC1236,ORD00121966,2,2025-08-24,Service was slow.,invalid_restaurant_id
RAT0064818,CUST0020373,ITEM0117,LOC0020,ORD00122046,5,2025-08-24,,orphan_foreign_key
RAT0064830,CUST0039375,ITEM0130,LOC0003,ORD00119880,,2025-08-24,Tasty and fresh.,missing_value
RAT0064851,CUST0024057,ITEM0148,LOC0010,ORD00119721,4,2025-08-24,,orphan_foreign_key
RAT0064862,CUST0054136,ITEM0157,LOC0023,ORD00121934,5,2025-08-24,,orphan_foreign_key
RAT0064871,CUST0027248,ITEM0146,LOC0001,ORD00122493,3,2025-08-24,It was okay.,orphan_foreign_key
RAT0064890,CUST0009263,ITEM0139,LOC0002,ORD00122698,5,2025-08-24,Amazing food and friendly staff.,orphan_foreign_key
RAT0064898,CUST0027248,ITEM0112,LOC0001,ORD00122493,4,2025-08-24,,orphan_foreign_key
RAT0064914,CUST0006673,ITEM0134,LOC0005,ORD00122617,5,2025-08-24,Best in town.,orphan_foreign_key
RAT0064999,CUST0042959,ITEM0004,LOC0005,ORD00121939,4,2027-11-05,,invalid_date
RAT0065006,CUST0043043,ITEM0143,LOC0025,ORD00122626,5,2025-08-24,Amazing food and friendly staff.,orphan_foreign_key
RAT0065025,CUST7468764,,LOC0005,ORD00121643,3,2025-08-24,,orphan_foreign_key
RAT0065026,CUST0005859,,LOC0025,ORD00123078,4,2099-12-31,,invalid_date
RAT0065040,CUST0033715,,LOC0015,ORD00123097,,2025-08-24,,missing_value
RAT0065043,CUST0045746,,LOC0018,ORD00121953,4,,Good value for money.,invalid_date
RAT0065055,CUST0045674,,LOC0016,ORD00121168,0,2025-08-24,,invalid_rating
RAT0065061,CUST0051580,ITEM0153,LOC0012,ORD00120361,5,2025-08-24,,orphan_foreign_key
RAT0065069,CUST0003921,ITEM0059,LOC0023,ORD00120204,2,2025-08-24,,orphan_foreign_key
RAT0065110,CUST0036914,ITEM0138,LOC4551,ORD00121698,3,2025-08-24,"Average, nothing special.",invalid_restaurant_id
RAT0065137,CUST0015059,,LOC0018,ORD00122757,7,2025-08-24,"Average, nothing special.",invalid_rating
RAT0065138,CUST0009222,ITEM0046,LOC0006,ORD00122239,3,2025-08-24,"Taste was fine, packaging poor.",orphan_foreign_key
RAT0065162,CUST0021966,ITEM0143,LOC0003,ORD00123137,3,2025-08-24,"Taste was fine, packaging poor.",orphan_foreign_key
RAT0065164,CUST0043004,ITEM0151,LOC0949,ORD00121876,4,2025-08-24,,invalid_restaurant_id
RAT0065170,CUST0035182,ITEM0126,LOC0003,ORD00121467,0,2025-08-24,Amazing food and friendly staff.,invalid_rating
RAT0065182,CUST0012980,,LOC0007,ORD00121853,55,2025-08-24,,invalid_rating
RAT0065187,CUST0020717,,LOC0024,ORD00123059,7,2025-08-24,,invalid_rating
RAT0065194,CUST0017350,ITEM0151,LOC0002,ORD00122922,4,2025-08-24,"Good food, will order again.",orphan_foreign_key
RAT0065203,CUST8045678,ITEM0050,LOC0009,ORD00122578,3,2025-08-24,,orphan_foreign_key
RAT0065208,CUST0052461,ITEM0033,LOC0013,ORD00122004,0,2025-08-24,,invalid_rating
RAT0065212,CUST4051853,ITEM0048,LOC0013,ORD00123084,4,2025-08-24,,orphan_foreign_key
RAT0065224,CUST0020334,ITEM0001,LOC0017,ORD00122980,3,2025-08-25,,orphan_foreign_key
RAT0065228,CUST0040744,,LOC0021,ORD00122198,2,2025-08-25,Below average taste.,orphan_foreign_key
RAT0065253,CUST0019506,ITEM0081,LOC0012,ORD00123366,,2025-08-25,Tasty and fresh.,missing_value
RAT0065257,CUST0052755,ITEM0110,LOC0015,ORD00119700,4,2025-08-25,Good value for money.,orphan_foreign_key
RAT0065263,CUST0007680,ITEM0145,LOC0007,ORD00123557,,2025-08-25,,missing_value
RAT0065275,CUST0031869,ITEM0081,LOC0001,ORD00123422,,2025-08-25,Nice ambience and good service.,missing_value
RAT0065294,CUST0027583,ITEM0045,LOC0001,ORD00123363,7,2025-08-25,,invalid_rating
RAT0065299,CUST0054670,ITEM0028,LOC0005,ORD00123104,3,2025-08-25,,orphan_foreign_key
RAT0065326,CUST0009222,ITEM0045,LOC0006,ORD00122239,4,2025-08-25,Enjoyed the meal.,orphan_foreign_key
RAT0065329,CUST0046205,ITEM0136,LOC0016,ORD00122660,5,2025-08-25,,orphan_foreign_key
RAT0065330,CUST0000504,ITEM0075,LOC0007,ORD00123385,3,2025-08-25,Good taste but late delivery.,orphan_foreign_key
RAT0065356,CUST0032425,ITEM0143,LOC0005,ORD00123446,3,2025-08-25,"Taste was fine, packaging poor.",orphan_foreign_key
RAT0065366,CUST0043043,ITEM0138,LOC0025,ORD00122626,4,2025-08-25,"Good food, will order again.",orphan_foreign_key
RAT0065378,CUST0000719,ITEM0142,LOC9434,ORD00123239,4,2025-08-25,,invalid_restaurant_id
RAT0065380,CUST0003619,ITEM0134,LOC9525,ORD00121615,5,2025-08-25,,invalid_restaurant_id
RAT0065383,CUST0027507,,LOC0005,ORD00122794,2,2025-08-25,Below average taste.,orphan_foreign_key
RAT0065386,CUST0002900,ITEM0013,LOC0019,ORD00123765,3,2025-08-25,,orphan_foreign_key
RAT0065403,CUST8148895,ITEM0091,LOC0018,ORD00123538,3,2025-08-25,,orphan_foreign_key
RAT0065404,CUST0051909,,LOC0010,ORD00123358,,2025-08-25,,missing_value
RAT0065424,CUST0019506,ITEM0125,LOC0012,ORD00123366,4,2025-08-25,,orphan_foreign_key
RAT0065428,CUST0011877,ITEM0148,LOC0021,ORD00123252,3,2025-08-25,,orphan_foreign_key
RAT0065463,CUST0028307,ITEM0151,LOC0014,ORD00121217,4,2025-08-25,,orphan_foreign_key
RAT0065471,CUST0030375,ITEM0051,LOC0025,ORD00123023,3,1970-01-01,,invalid_date
RAT0065489,CUST0030254,ITEM0151,LOC0022,ORD00122478,,2025-08-25,,missing_value
RAT0065490,CUST0036569,ITEM0068,LOC0014,ORD00122788,7,2025-08-25,,invalid_rating
RAT0065510,CUST0039748,ITEM0055,LOC5378,ORD00122267,5,2025-08-25,Amazing food and friendly staff.,invalid_restaurant_id
RAT0065531,CUST0052901,ITEM0087,LOC0023,ORD00122633,3,2025-08-25,It was okay.,orphan_foreign_key
RAT0065556,CUST0017949,,LOC0003,ORD00122984,,2025-08-25,,missing_value
RAT0065557,CUST0041708,,LOC0008,ORD00122507,55,2025-08-25,"Good food, will order again.",invalid_rating
RAT0065581,CUST0000223,ITEM0074,LOC0013,ORD00123090,5,2025-08-25,,orphan_foreign_key
RAT0065583,CUST0006673,ITEM0045,LOC0005,ORD00122617,5,2025-08-25,Highly recommended.,orphan_foreign_key
RAT0065599,CUST0049022,ITEM0134,LOC0023,ORD00123438,-1,2025-08-26,,invalid_rating
RAT0065606,CUST0049213,,LOC0007,ORD00123932,4,,Good value for money.,invalid_date
RAT0065609,CUST0039613,ITEM0045,LOC0014,ORD00123891,,2025-08-26,,missing_value
RAT0065617,CUST0028661,,LOC0021,ORD00124065,5,2025-08-26,,orphan_foreign_key
RAT0065619,CUST0005798,ITEM0136,LOC0007,ORD00122428,4,2025-08-26,,orphan_foreign_key
RAT0065643,CUST9517588,,LOC0002,ORD00122658,5,2025-08-26,Highly recommended.,orphan_foreign_key
RAT0065646,CUST0007468,ITEM0154,LOC0016,ORD00123032,,2025-08-26,,missing_value
RAT0065660,CUST0033887,,LOC0016,ORD00123248,,2025-08-26,Amazing food and friendly staff.,missing_value
RAT0065670,CUST0042786,ITEM0121,LOC0020,ORD00122149,,2025-08-26,"Taste was fine, packaging poor.",missing_value
RAT0065676,CUST0042195,ITEM0148,LOC0015,ORD00124157,3,2025-08-26,,orphan_foreign_key
RAT0065680,CUST0013438,ITEM0056,LOC0014,ORD00121443,4,2025-08-26,,orphan_foreign_key
RAT0065682,CUST0026362,ITEM0046,LOC0012,ORD00123500,4,,,invalid_date
RAT0065697,CUST0041511,ITEM0134,LOC6384,ORD00120567,5,2025-08-26,"Excellent, loved it!",invalid_restaurant_id
RAT0065702,CUST0034876,ITEM0135,LOC0010,ORD00123105,5,,,invalid_date
RAT0065708,CUST0026362,ITEM0081,LOC0012,ORD00123500,,2025-08-26,,missing_value
RAT0065732,CUST0001633,ITEM0081,LOC0001,ORD00123997,0,2025-08-26,Decent but overpriced.,invalid_rating
RAT0065761,CUST0026877,ITEM0151,LOC0021,ORD00120956,4,2027-11-05,,invalid_date
RAT0065776,CUST0010159,ITEM0098,LOC0009,ORD00122523,,2025-08-26,,missing_value
RAT0065779,CUST0051580,ITEM0134,LOC0012,ORD00120361,5,2025-08-26,,orphan_foreign_key
RAT0065781,CUST6613014,,LOC0009,ORD00124117,4,2025-08-26,Enjoyed the meal.,orphan_foreign_key
RAT0065783,CUST0054092,ITEM0024,LOC0020,ORD00122152,-1,2025-08-26,,invalid_rating
RAT0065796,CUST0014767,ITEM0050,LOC0016,ORD00124212,3,2031-07-22,"Taste was fine, packaging poor.",invalid_date
RAT0065798,CUST0047551,ITEM0081,LOC0015,ORD00124242,5,,,invalid_date
RAT0065808,CUST0015618,ITEM0148,LOC0004,ORD00123582,3,2025-08-26,,orphan_foreign_key
RAT0065841,CUST0015119,ITEM0045,LOC0002,ORD00123457,3,2025-08-26,,orphan_foreign_key
RAT0065861,CUST0027997,ITEM0133,LOC0008,ORD00123348,0,2025-08-26,,invalid_rating
RAT0065874,CUST0033024,ITEM0076,LOC0012,ORD00123814,4,2025-08-26,Tasty and fresh.,orphan_foreign_key
RAT0065877,CUST0003773,ITEM0116,LOC0015,ORD00124018,4,2025-08-26,,orphan_foreign_key
RAT0065879,CUST7933550,ITEM0090,LOC0021,ORD00123485,4,2025-08-26,"Good food, will order again.",orphan_foreign_key
RAT0065881,CUST0038209,ITEM0013,LOC0018,ORD00123733,4,2025-08-26,,orphan_foreign_key
RAT0065887,CUST0012269,ITEM0153,LOC0020,ORD00124148,,2025-08-26,Good value for money.,missing_value
RAT0065895,CUST0054670,ITEM0076,LOC0005,ORD00123104,3,2025-08-26,,orphan_foreign_key
RAT0065897,CUST0019506,ITEM0077,LOC0012,ORD00123366,3,2025-08-26,,orphan_foreign_key
RAT0065927,CUST0038966,ITEM0152,LOC7916,ORD00123578,3,2025-08-26,,invalid_restaurant_id
RAT0065970,CUST0004220,ITEM0048,LOC0008,ORD00124697,,2025-08-27,"Good food, will order again.",missing_value
RAT0065973,CUST0015618,ITEM0067,LOC0004,ORD00123582,3,2025-08-27,,orphan_foreign_key
RAT0065975,CUST0051146,ITEM0053,LOC0013,ORD00124456,,2025-08-27,,missing_value
RAT0065985,CUST0054742,ITEM0115,LOC0014,ORD00124498,,2025-08-27,Good value for money.,missing_value
RAT0065986,CUST0048731,ITEM0091,LOC0003,ORD00123121,,2025-08-27,It was okay.,missing_value
RAT0065989,CUST0051318,ITEM0091,LOC0005,ORD00124368,3,2025-08-27,Good taste but late delivery.,orphan_foreign_key
RAT0065995,CUST1485974,ITEM0094,LOC0006,ORD00123707,1,2025-08-27,,orphan_foreign_key
RAT0066004,CUST0039786,ITEM0005,LOC0012,ORD00123968,55,2025-08-27,Enjoyed the meal.,invalid_rating
RAT0066013,CUST0049459,,LOC0001,ORD00124723,2,2025-08-27,,orphan_foreign_key
RAT0066015,CUST0042474,ITEM0135,LOC0020,ORD00124694,,2025-08-27,,missing_value
RAT0066025,CUST0007311,ITEM0050,LOC0020,ORD00124800,3,2025-08-27,,orphan_foreign_key
RAT0066027,CUST0015555,ITEM0103,LOC0022,ORD00122700,4,2025-08-27,Tasty and fresh.,orphan_foreign_key
RAT0066029,CUST0005493,ITEM0093,LOC0018,ORD00124759,10,2025-08-27,,invalid_rating
RAT0066033,CUST0019315,ITEM0062,LOC0003,ORD00123052,,2025-08-27,,missing_value
RAT0066041,CUST0050068,ITEM0112,LOC0023,ORD00124319,5,2025-08-27,,orphan_foreign_key
RAT0066057,CUST0012682,ITEM0130,LOC0015,ORD00124738,,2025-08-27,"Taste was fine, packaging poor.",missing_value
RAT0066065,CUST0002761,ITEM0136,LOC0023,ORD00122679,-1,2025-08-27,,invalid_rating
RAT0066072,CUST0046205,ITEM0054,LOC0016,ORD00122660,3,2025-08-27,Good taste but late delivery.,orphan_foreign_key
RAT0066080,CUST0035489,ITEM0138,LOC0005,ORD00124547,4,2025-08-27,,orphan_foreign_key
RAT0066093,CUST0035489,ITEM0067,LOC0005,ORD00124547,4,2025-08-27,,orphan_foreign_key
RAT0066094,CUST0050491,ITEM0036,LOC0017,ORD00124460,,2025-08-27,Enjoyed the meal.,missing_value
RAT0066100,CUST0052169,ITEM0154,LOC0004,ORD00124323,,2025-08-27,Below average taste.,missing_value
RAT0066117,CUST0036970,ITEM0138,LOC0002,ORD00124321,,2025-08-27,,missing_value
RAT0066126,CUST0049913,ITEM0075,LOC0020,ORD00123189,6,2025-08-27,,invalid_rating
RAT0066133,CUST0049777,ITEM0145,LOC0012,ORD00124749,7,2025-08-27,,invalid_rating
RAT0066135,CUST0020269,ITEM0157,LOC0023,ORD00123468,10,2025-08-27,Amazing food and friendly staff.,invalid_rating
RAT0066154,CUST0034649,ITEM0062,LOC0001,ORD00123490,5,2025-08-27,,orphan_foreign_key
RAT0066155,CUST0020443,ITEM0114,LOC0004,ORD00122450,4,2025-08-27,"Good food, will order again.",orphan_foreign_key
RAT0066172,CUST0052110,ITEM0148,LOC0018,ORD00124657,,2025-08-27,"Average, nothing special.",missing_value
RAT0066178,CUST0041264,ITEM0123,LOC0012,ORD00124276,4,2025-08-27,,orphan_foreign_key
RAT0066187,CUST0011692,ITEM0057,LOC0009,ORD00123654,4,2025-08-27,Enjoyed the meal.,orphan_foreign_key
RAT0066193,CUST0050137,ITEM0057,LOC0014,ORD00124379,,2025-08-27,,missing_value
RAT0066194,CUST0021206,ITEM0141,LOC0020,ORD00124296,3,2025-08-27,,orphan_foreign_key
RAT0066203,CUST0011373,ITEM0154,LOC0008,ORD00123964,,2025-08-27,Tasty and fresh.,missing_value
RAT0066216,CUST0040948,ITEM0094,LOC0022,ORD00124187,,2025-08-27,Decent but overpriced.,missing_value
RAT0066217,CUST0043043,ITEM0066,LOC0022,ORD00124654,5,2025-08-27,Best in town.,orphan_foreign_key
RAT0066218,CUST0048485,ITEM0045,LOC0016,ORD00124745,,2025-08-27,,missing_value
RAT0066220,CUST0020955,ITEM0082,LOC0009,ORD00123784,3,2025-08-27,,orphan_foreign_key
RAT0066221,CUST0041058,ITEM0056,LOC0011,ORD00123779,4,2025-08-27,,orphan_foreign_key
RAT0066226,CUST0046151,ITEM0033,LOC0008,ORD00124408,5,1970-01-01,,invalid_date
RAT0066248,CUST0020448,ITEM0048,LOC0003,ORD00124035,2,2025-08-27,,orphan_foreign_key
RAT0066250,CUST0037587,ITEM0159,LOC0010,ORD00124422,4,2025-08-27,,orphan_foreign_key
RAT0066266,CUST0023826,ITEM0049,LOC0016,ORD00124383,,2025-08-27,"Good food, will order again.",missing_value
RAT0066285,CUST2851055,ITEM0033,LOC0009,ORD00124911,3,2025-08-28,,orphan_foreign_key
RAT0066286,CUST0011683,ITEM0003,LOC0023,ORD00123793,,2025-08-28,Enjoyed the meal.,missing_value
RAT0066294,CUST0008411,ITEM0002,LOC0023,ORD00125236,6,2025-08-28,,invalid_rating
RAT0066346,CUST0002900,ITEM0056,LOC0019,ORD00123765,3,2025-08-28,,orphan_foreign_key
RAT0066351,CUST6167676,,LOC0019,ORD00125016,4,2025-08-28,Good value for money.,orphan_foreign_key
RAT0066373,CUST0054918,ITEM0100,LOC0022,ORD00124831,4,2025-08-28,,orphan_foreign_key
RAT0066377,CUST0050068,ITEM0051,LOC0023,ORD00124319,3,2025-08-28,"Average, nothing special.",orphan_foreign_key
RAT0066382,CUST0008992,ITEM0051,LOC0025,ORD00124693,3,2025-08-28,,orphan_foreign_key
RAT0066387,CUST0050172,ITEM0091,LOC0005,ORD00124390,7,2025-08-28,,invalid_rating
RAT0066390,CUST0038900,ITEM0148,LOC0023,ORD00124359,2,2025-08-28,,orphan_foreign_key
RAT0066400,CUST0037587,ITEM0054,LOC0010,ORD00124422,2,2025-08-28,,orphan_foreign_key
RAT0066443,CUST0042684,,LOC0008,ORD00125015,6,2025-08-28,,invalid_rating
RAT0066471,CUST0014729,ITEM0091,LOC0010,ORD00124202,,2025-08-28,,missing_value
RAT0066472,CUST0047204,ITEM0109,LOC0005,ORD00125137,7,2025-08-28,Good value for money.,invalid_rating
RAT0066482,CUST0052838,ITEM0048,LOC0010,ORD00123812,,2025-08-28,,missing_value
RAT0066490,CUST0026515,ITEM0081,LOC0010,ORD00124354,,2025-08-28,,missing_value
RAT0066491,CUST0046412,ITEM0060,LOC0015,ORD00124594,,2025-08-28,,missing_value
RAT0066498,CUST8145191,ITEM0072,LOC0001,ORD00125292,4,2025-08-28,,orphan_foreign_key
RAT0066501,CUST0008992,,LOC0025,ORD00124693,2,2025-08-28,Service was slow.,orphan_foreign_key
RAT0066516,CUST0043043,,LOC0022,ORD00124654,5,2025-08-28,,orphan_foreign_key
RAT0066546,CUST0002933,ITEM0102,LOC0002,ORD00124092,,2025-08-28,Decent but overpriced.,missing_value
RAT0066561,CUST0038072,ITEM0045,LOC0006,ORD00124070,10,2025-08-28,,invalid_rating
RAT0066566,CUST0007311,ITEM0151,LOC0020,ORD00124800,4,2025-08-28,,orphan_foreign_key
RAT0066571,CUST0010023,ITEM0013,LOC0016,ORD00124727,4,2025-08-28,Good value for money.,orphan_foreign_key
RAT0066574,CUST0002933,,LOC0017,ORD00125141,,2025-08-28,,missing_value
RAT0066577,CUST0000107,ITEM0065,LOC0023,ORD00124631,10,2025-08-28,,invalid_rating
RAT0066597,CUST0015457,,LOC0016,ORD00124131,4,,,invalid_date
RAT0066604,CUST0010137,ITEM0045,LOC0008,ORD00124912,-1,2025-08-28,Highly recommended.,invalid_rating
RAT0066607,CUST0028212,ITEM0128,LOC3653,ORD00125374,4,2025-08-28,,invalid_restaurant_id
RAT0066613,CUST0030935,ITEM0125,LOC0023,ORD00125070,,2025-08-28,,missing_value
RAT0066615,CUST0011692,ITEM0045,LOC0009,ORD00123654,4,2025-08-28,"Good food, will order again.",orphan_foreign_key
RAT0066616,CUST0036165,ITEM0062,LOC0005,ORD00124894,5,2025-08-28,,orphan_foreign_key
RAT0066627,CUST0020276,ITEM0033,LOC0025,ORD00126028,4,2025-08-29,Enjoyed the meal.,orphan_foreign_key
RAT0066635,CUST0026953,ITEM0051,LOC0005,ORD00125364,4,2025-08-29,Tasty and fresh.,orphan_foreign_key
RAT0066636,CUST0047117,,LOC0015,ORD00125617,4,2025-08-29,,orphan_foreign_key
RAT0066638,CUST4434929,ITEM0072,LOC0015,ORD00125496,4,2025-08-29,,orphan_foreign_key
RAT0066656,CUST0050041,,LOC0013,ORD00125731,,2025-08-29,,missing_value
RAT0066659,CUST0028110,ITEM0119,LOC0004,ORD00126036,,2025-08-29,,missing_value
RAT0066721,CUST0048584,,LOC0008,ORD00125375,5,2025-08-29,,orphan_foreign_key
RAT0066722,CUST0039497,,LOC0017,ORD00125211,,2025-08-29,,missing_value
RAT0066724,CUST0016368,,LOC0015,ORD00124416,,2025-08-29,"Excellent, loved it!",missing_value
RAT0066759,CUST0050843,ITEM0051,LOC0018,ORD00126173,3,2025-08-29,,orphan_foreign_key
RAT0066765,CUST0008386,ITEM0092,LOC9584,ORD00125739,4,2025-08-29,,invalid_restaurant_id
RAT0066786,CUST0032425,ITEM0045,LOC0005,ORD00123446,4,2025-08-29,,orphan_foreign_key
RAT0066817,CUST0034558,ITEM0138,LOC0018,ORD00125044,55,2025-08-29,,invalid_rating
RAT0066832,CUST0038900,ITEM0055,LOC0023,ORD00124359,3,2025-08-29,,orphan_foreign_key
RAT0066836,CUST0033204,ITEM0146,LOC0009,ORD00125113,,2025-08-29,,missing_value
RAT0066847,CUST0010639,ITEM0064,LOC0024,ORD00124311,7,2025-08-29,"Average, nothing special.",invalid_rating
RAT0066852,CUST0025578,ITEM0134,LOC0019,ORD00125475,3,2025-08-29,,orphan_foreign_key
RAT0066855,CUST0020443,ITEM0064,LOC0007,ORD00123534,3,2025-08-29,,orphan_foreign_key
RAT0066862,CUST0022784,ITEM0033,LOC0014,ORD00125697,3,2025-08-29,,orphan_foreign_key
RAT0066868,CUST0048038,ITEM0054,LOC0020,ORD00125606,5,,,invalid_date
RAT0066875,CUST0025131,ITEM0066,LOC0006,ORD00125919,,2025-08-29,Best in town.,missing_value
RAT0066888,CUST0042895,ITEM0135,LOC0019,ORD00125749,0,2025-08-29,,invalid_rating
RAT0066889,CUST0029350,ITEM0135,LOC0023,ORD00125444,4,2027-11-05,"Good food, will order again.",invalid_date
RAT0066903,CUST0034265,ITEM0064,LOC0004,ORD00126000,5,2025-08-29,,orphan_foreign_key
RAT0066905,CUST0037948,ITEM0106,LOC0023,ORD00124029,0,2025-08-29,"Taste was fine, packaging poor.",invalid_rating
RAT0066919,CUST4499609,ITEM0004,LOC0025,ORD00124267,4,2025-08-29,Nice ambience and good service.,orphan_foreign_key
RAT0066935,CUST0021599,ITEM0013,LOC0004,ORD00125720,4,2025-08-29,,orphan_foreign_key
RAT0066951,CUST0013950,ITEM0100,LOC0016,ORD00125089,4,2025-08-29,,orphan_foreign_key
RAT0066957,CUST0042255,ITEM0048,LOC0025,ORD00126163,7,2025-08-29,,invalid_rating
RAT0066959,CUST0001376,ITEM0023,LOC0021,ORD00125852,5,1970-01-01,,invalid_date
RAT0066977,CUST0028289,ITEM0086,LOC0008,ORD00124286,4,2025-08-29,Enjoyed the meal.,orphan_foreign_key
RAT0066984,CUST0012582,ITEM0138,LOC0003,ORD00125717,5,2025-08-29,,orphan_foreign_key
RAT0067015,CUST0037323,ITEM0045,LOC1116,ORD00125704,4,2025-08-30,,invalid_restaurant_id
RAT0067028,CUST0048417,ITEM0081,LOC0022,ORD00126700,4,2025-08-30,,orphan_foreign_key
RAT0067038,CUST0036496,ITEM0057,LOC0019,ORD00124598,7,2025-08-30,,invalid_rating
RAT0067071,CUST0052711,ITEM0023,LOC0018,ORD00126298,4,2025-08-30,,orphan_foreign_key
RAT0067084,CUST0028279,ITEM0135,LOC0024,ORD00124113,10,2025-08-30,Good value for money.,invalid_rating
RAT0067088,CUST0047117,ITEM0134,LOC0015,ORD00125617,4,2025-08-30,,orphan_foreign_key
RAT0067090,CUST0015403,ITEM0134,LOC0013,ORD00126093,,2025-08-30,,missing_value
RAT0067104,CUST0002731,ITEM0071,LOC0003,ORD00126484,2,2025-08-30,Service was slow.,orphan_foreign_key
RAT0067106,CUST0043396,,LOC0024,ORD00126340,,2025-08-30,,missing_value
RAT0067140,CUST0047480,ITEM0159,LOC0003,ORD00125595,,2025-08-30,,missing_value
RAT0067141,CUST0051036,,LOC0022,ORD00126989,2,2025-08-30,,orphan_foreign_key
RAT0067148,CUST0020804,,LOC0015,ORD00125334,4,2025-08-30,"Good food, will order again.",orphan_foreign_key
RAT0067175,CUST0008412,,LOC0018,ORD00125206,3,2025-08-30,It was okay.,orphan_foreign_key
RAT0067193,CUST0024897,ITEM0146,LOC0010,ORD00126831,2,2025-08-30,,orphan_foreign_key
RAT0067209,CUST0011710,ITEM0006,LOC0013,ORD00126416,3,2025-08-30,,orphan_foreign_key
RAT0067237,CUST0051760,ITEM0060,LOC0007,ORD00120959,3,2025-08-30,"Taste was fine, packaging poor.",orphan_foreign_key
RAT0067246,CUST0022425,ITEM0130,LOC0013,ORD00126841,,2025-08-30,,missing_value
RAT0067251,CUST0052077,ITEM0112,LOC0012,ORD00125650,,2025-08-30,,missing_value
RAT0067257,CUST0000497,ITEM0048,LOC0014,ORD00125026,,2025-08-30,Enjoyed the meal.,missing_value
RAT0067266,CUST0000504,ITEM0003,LOC0007,ORD00123385,3,2025-08-30,,orphan_foreign_key
RAT0067269,CUST2573090,ITEM0141,LOC0020,ORD00126939,1,2025-08-30,,orphan_foreign_key
RAT0067277,CUST0009077,ITEM0143,LOC0103,ORD00125453,4,2025-08-30,Good value for money.,invalid_restaurant_id
RAT0067286,CUST0011000,ITEM0068,LOC0020,ORD00126932,,2025-08-30,Not fresh.,missing_value
RAT0067288,CUST0008992,ITEM0045,LOC0025,ORD00124693,3,2025-08-30,,orphan_foreign_key
RAT0067294,CUST0045136,,LOC0007,ORD00126393,3,2025-08-30,,orphan_foreign_key
RAT0067300,CUST0029897,ITEM0111,LOC0012,ORD00126663,,2025-08-30,,missing_value
RAT0067313,CUST0011710,ITEM0143,LOC0013,ORD00126416,5,2025-08-30,,orphan_foreign_key
RAT0067314,CUST0032902,ITEM0045,LOC0017,ORD00126345,7,2025-08-30,Good value for money.,invalid_rating
RAT0067318,CUST0027048,,LOC0023,ORD00125698,4,2025-08-30,,orphan_foreign_key
RAT0067339,CUST0013789,ITEM0083,LOC0020,ORD00125950,3,,,invalid_date
RAT0067365,CUST0008745,ITEM0160,LOC0013,ORD00125773,,2025-08-30,,missing_value
RAT0067367,CUST0005197,,LOC0025,ORD00127051,0,2025-08-30,,invalid_rating
RAT0067372,CUST0003773,ITEM0066,LOC0015,ORD00126218,5,2025-08-30,Perfect taste and quick service.,orphan_foreign_key
RAT0067378,CUST0033820,ITEM0010,LOC0007,ORD00124751,,2025-08-30,,missing_value
RAT0067392,CUST0014752,ITEM0064,LOC0003,ORD00126337,,2025-08-30,,missing_value
RAT0067399,CUST0007051,ITEM0114,LOC0011,ORD00126302,5,2099-12-31,,invalid_date
RAT0067419,CUST0005463,ITEM0102,LOC0011,ORD00125715,4,2025-08-30,,orphan_foreign_key
RAT0067423,CUST0000894,ITEM0019,LOC0023,ORD00126453,10,2025-08-30,,invalid_rating
RAT0067485,CUST0018370,ITEM0033,LOC0023,ORD00127668,,2025-08-31,,missing_value
RAT0067492,CUST0051036,ITEM0056,LOC0022,ORD00126989,4,2025-08-31,"Good food, will order again.",orphan_foreign_key
RAT0067512,CUST0007518,ITEM0057,LOC0003,ORD00126331,4,2025-08-31,"Good food, will order again.",orphan_foreign_key
RAT0067538,CUST0041058,ITEM0003,LOC0011,ORD00126950,10,2025-08-31,Nice ambience and good service.,invalid_rating
RAT0067542,CUST2320227,ITEM0004,LOC0016,ORD00127406,4,2025-08-31,"Good food, will order again.",orphan_foreign_key
RAT0067545,CUST0010506,ITEM0141,LOC0004,ORD00124334,2,2025-08-31,,orphan_foreign_key
RAT0067552,CUST0003727,ITEM0135,LOC0004,ORD00124971,4,2025-08-31,Nice ambience and good service.,orphan_foreign_key
RAT0067580,CUST0018611,ITEM0026,LOC0017,ORD00126531,10,2025-08-31,,invalid_rating
RAT0067582,CUST0026934,ITEM0011,LOC0018,ORD00127848,,2025-08-31,,missing_value
RAT0067606,CUST0003368,ITEM0147,LOC0003,ORD00127062,7,2025-08-31,Poor quality for the price.,invalid_rating
RAT0067607,CUST0032975,ITEM0143,LOC0012,ORD00127329,5,2025-08-31,,orphan_foreign_key
RAT0067612,CUST0014972,,LOC0015,ORD00126647,,2025-08-31,,missing_value
RAT0067615,CUST0052711,ITEM0098,LOC0018,ORD00126298,4,2025-08-31,,orphan_foreign_key
RAT0067643,CUST0013881,ITEM0019,LOC0004,ORD00123717,55,2025-08-31,Decent but overpriced.,invalid_rating
RAT0067646,CUST0004342,ITEM0138,LOC0010,ORD00127312,3,2025-08-31,,orphan_foreign_key
RAT0067664,CUST0033321,ITEM0004,LOC6910,ORD00127367,3,2025-08-31,,invalid_restaurant_id
RAT0067675,CUST0047480,ITEM0065,LOC0003,ORD00125595,,2025-08-31,,missing_value
RAT0067684,CUST0025167,ITEM0048,LOC0007,ORD00126633,,2025-08-31,,missing_value
RAT0067690,CUST0043194,ITEM0081,LOC0004,ORD00126228,3,1970-01-01,,invalid_date
RAT0067708,CUST0054005,ITEM0045,LOC0018,ORD00127045,3,2025-08-31,,orphan_foreign_key
RAT0067761,CUST0045375,ITEM0057,LOC0014,ORD00127871,5,2025-08-31,,orphan_foreign_key
RAT0067779,CUST0020416,ITEM0077,LOC0014,ORD00127792,10,2025-08-31,,invalid_rating
RAT0067807,CUST0022784,ITEM0155,LOC0014,ORD00125697,3,2025-08-31,,orphan_foreign_key
RAT0067821,CUST0023687,ITEM0135,LOC0020,ORD00125411,3,2025-08-31,"Taste was fine, packaging poor.",orphan_foreign_key
RAT0067824,CUST0018160,ITEM0135,LOC0002,ORD00125707,4,2025-08-31,,orphan_foreign_key
RAT0067835,CUST0051930,,LOC0006,ORD00127256,5,2025-08-31,,orphan_foreign_key
RAT0067836,CUST0053483,ITEM0068,LOC0003,ORD00127447,3,2025-08-31,It was okay.,orphan_foreign_key
RAT0067869,CUST0039069,ITEM0143,LOC0022,ORD00127624,55,2025-08-31,,invalid_rating
RAT0067873,CUST0002731,ITEM0151,LOC0003,ORD00126484,4,2025-08-31,,orphan_foreign_key
RAT0067885,CUST2437849,ITEM0148,LOC0001,ORD00126008,3,2025-08-31,,orphan_foreign_key
RAT0067936,CUST0008078,,LOC0015,ORD00126413,3,2025-09-01,Good taste but late delivery.,orphan_foreign_key
RAT0067947,CUST0042036,ITEM0062,LOC0020,ORD00128037,7,2025-09-01,Highly recommended.,invalid_rating
RAT0067948,CUST0014191,,LOC0004,ORD00126511,4,2025-09-01,Nice ambience and good service.,orphan_foreign_key
RAT0067950,CUST0021161,ITEM0151,LOC0020,ORD00128208,3,2025-09-01,,orphan_foreign_key
RAT0067958,CUST0000937,ITEM0151,LOC0010,ORD00125979,3,2025-09-01,"Taste was fine, packaging poor.",orphan_foreign_key
RAT0067963,CUST0035843,ITEM0153,LOC0006,ORD00128047,4,2025-09-01,,orphan_foreign_key
RAT0067980,CUST0019007,ITEM0054,LOC0023,ORD00126961,,2025-09-01,,missing_value
RAT0067998,CUST0054918,ITEM0121,LOC0022,ORD00127982,5,2025-09-01,"Excellent, loved it!",orphan_foreign_key
RAT0068013,CUST0003291,ITEM0139,LOC0015,ORD00126820,,2025-09-01,,missing_value
RAT0068021,CUST0049213,,LOC0020,ORD00127493,6,2025-09-01,,invalid_rating
RAT0068030,CUST0042963,ITEM0055,LOC0016,ORD00128114,4,2025-09-01,,orphan_foreign_key
RAT0068038,CUST0015992,ITEM0041,LOC0018,ORD00127925,5,2025-09-01,,orphan_foreign_key
RAT0068049,CUST0030029,ITEM0116,LOC0003,ORD00127235,5,1970-01-01,,invalid_date
RAT0068057,CUST0035042,ITEM0103,LOC0001,ORD00126966,4,2025-09-01,,orphan_foreign_key
RAT0068061,CUST0012952,ITEM0112,LOC0008,ORD00128179,,2025-09-01,,missing_value
RAT0068064,CUST0017489,ITEM0053,LOC8505,ORD00126603,4,2025-09-01,Tasty and fresh.,invalid_restaurant_id
RAT0068065,CUST0053483,ITEM0040,LOC0003,ORD00127447,4,2025-09-01,,orphan_foreign_key
RAT0068068,CUST6657460,,LOC0016,ORD00127946,5,2025-09-01,Amazing food and friendly staff.,orphan_foreign_key
RAT0068095,CUST0035843,ITEM0125,LOC0006,ORD00128047,4,2025-09-01,,orphan_foreign_key
RAT0068124,CUST0007518,ITEM0081,LOC0003,ORD00126331,2,2025-09-01,,orphan_foreign_key
RAT0068131,CUST0037086,,LOC1902,ORD00127162,2,2025-09-01,,invalid_restaurant_id
RAT0068137,CUST0007394,ITEM0115,LOC0024,ORD00127699,6,2025-09-01,,invalid_rating
RAT0068143,CUST0012221,ITEM0036,LOC0018,ORD00127837,55,2025-09-01,Nice ambience and good service.,invalid_rating
RAT0068155,CUST0005155,ITEM0058,LOC0001,ORD00127634,,2025-09-01,"Average, nothing special.",missing_value
RAT0068172,CUST0035968,,LOC0013,ORD00128216,5,2025-09-01,Amazing food and friendly staff.,orphan_foreign_key
RAT0068177,CUST0012151,ITEM0135,LOC0006,ORD00128007,7,2025-09-01,,invalid_rating
RAT0068185,CUST0048746,,LOC0005,ORD00127715,,2025-09-01,,missing_value
RAT0068209,CUST0047300,ITEM0048,LOC0025,ORD00124832,3,1900-01-01,,invalid_date
RAT0068212,CUST0031710,ITEM0135,LOC0002,ORD00127626,4,2025-09-01,"Good food, will order again.",orphan_foreign_key
RAT0068213,CUST0039776,ITEM0148,LOC0003,ORD00125622,2,2025-09-01,,orphan_foreign_key
RAT0068220,CUST0026953,ITEM0025,LOC0005,ORD00125364,4,2025-09-01,,orphan_foreign_key
RAT0068229,CUST0046477,ITEM0082,LOC0008,ORD00128311,5,,,invalid_date
RAT0068282,CUST0012140,ITEM0023,LOC0015,ORD00128252,5,,,invalid_date
RAT0068298,CUST0039750,ITEM0145,LOC0018,ORD00128516,5,2025-09-02,,orphan_foreign_key
RAT0068318,CUST0043701,ITEM0002,LOC0004,ORD00124240,,2025-09-02,"Excellent, loved it!",missing_value
RAT0068355,CUST0000142,ITEM0157,LOC0023,ORD00128267,,2025-09-02,"Excellent, loved it!",missing_value
RAT0068367,CUST0053577,ITEM0068,LOC0006,ORD00127907,3,2025-09-02,It was okay.,orphan_foreign_key
RAT0068384,CUST0014756,ITEM0159,LOC0014,ORD00127563,4,2025-09-02,,orphan_foreign_key
RAT0068389,CUST0036128,ITEM0109,LOC0008,ORD00128018,4,2025-09-02,Tasty and fresh.,orphan_foreign_key
RAT0068398,CUST0050723,ITEM0090,LOC6122,ORD00123657,2,2025-09-02,Not fresh.,invalid_restaurant_id
RAT0068406,CUST0039750,ITEM0151,LOC0018,ORD00128516,3,2025-09-02,,orphan_foreign_key
RAT0068437,CUST0013375,ITEM0030,LOC0012,ORD00128443,4,2025-09-02,"Good food, will order again.",orphan_foreign_key
RAT0068443,CUST0042963,ITEM0148,LOC0016,ORD00128114,4,2025-09-02,Enjoyed the meal.,orphan_foreign_key
RAT0068452,CUST0049920,ITEM0135,LOC0003,ORD00126405,,2025-09-02,,missing_value
RAT0068455,CUST0025974,ITEM0154,LOC0006,ORD00128217,4,2025-09-02,,orphan_foreign_key
RAT0068492,CUST0047952,ITEM0023,LOC0001,ORD00128192,,2025-09-02,,missing_value
RAT0068499,CUST0044164,ITEM0148,LOC0003,ORD00127810,3,2025-09-03,Decent but overpriced.,orphan_foreign_key
RAT0068564,CUST0051515,ITEM0083,LOC0013,ORD00127211,,2025-09-03,,missing_value
RAT0068574,CUST0013375,ITEM0048,LOC0012,ORD00128443,3,2025-09-03,,orphan_foreign_key
RAT0068575,CUST0007518,ITEM0004,LOC0003,ORD00126331,3,2025-09-03,,orphan_foreign_key
RAT0068584,CUST0015876,ITEM0148,LOC0009,ORD00128833,5,,,invalid_date
RAT0068605,CUST0000755,,LOC0013,ORD00127148,,2025-09-03,,missing_value
RAT0068612,CUST0044158,ITEM0076,LOC0012,ORD00128758,3,2025-09-03,,orphan_foreign_key
RAT0068618,CUST0052688,,LOC0015,ORD00128612,,2025-09-03,It was okay.,missing_value
RAT0068647,CUST0051930,ITEM0114,LOC0006,ORD00127256,4,2025-09-03,,orphan_foreign_key
RAT0068649,CUST0017359,ITEM0082,LOC0003,ORD00127181,0,2025-09-03,,invalid_rating
RAT0068676,CUST0047522,,LOC0005,ORD00128793,4,2025-09-03,,orphan_foreign_key
RAT0068686,CUST0013375,ITEM0067,LOC0012,ORD00128443,4,2025-09-04,,orphan_foreign_key
RAT0068712,CUST0052901,ITEM0048,LOC0023,ORD00129291,4,2025-09-04,,orphan_foreign_key
RAT0068728,CUST0016628,ITEM0034,LOC0015,ORD00129297,-1,2025-09-04,,invalid_rating
RAT0068733,CUST0047272,ITEM0034,LOC0013,ORD00129065,6,2025-09-04,,invalid_rating
RAT0068738,CUST0014956,,LOC0012,ORD00129139,4,2025-09-04,"Good food, will order again.",orphan_foreign_key
RAT0068748,CUST0000544,ITEM0065,LOC0022,ORD00128798,,2025-09-04,,missing_value
RAT0068776,CUST0048417,,LOC0022,ORD00126700,5,2025-09-04,,orphan_foreign_key
RAT0068820,CUST0035064,ITEM0048,LOC0013,ORD00129020,4,2025-09-04,,orphan_foreign_key
RAT0068849,CUST0045641,ITEM0107,LOC0009,ORD00129273,6,2025-09-04,Good value for money.,invalid_rating
RAT0068857,CUST0007284,ITEM0136,LOC0004,ORD00129171,,2025-09-04,Nice ambience and good service.,missing_value
RAT0068887,CUST0037909,ITEM0040,LOC0001,ORD00126489,3,2025-09-04,"Average, nothing special.",orphan_foreign_key
RAT0068899,CUST0004490,ITEM0112,LOC0011,ORD00125088,3,2025-09-04,Good taste but late delivery.,orphan_foreign_key
RAT0068912,CUST0045426,,LOC0004,ORD00129040,4,2025-09-04,Nice ambience and good service.,orphan_foreign_key
RAT0068918,CUST0013375,ITEM0057,LOC0012,ORD00128443,4,2025-09-04,,orphan_foreign_key
RAT0068920,CUST0008217,ITEM0048,LOC0025,ORD00128167,3,2025-09-04,,orphan_foreign_key
RAT0068921,CUST0016137,ITEM0057,LOC0012,ORD00129687,7,2025-09-05,"Average, nothing special.",invalid_rating
RAT0068939,CUST0041566,ITEM0036,LOC0020,ORD00128175,4,,,invalid_date
RAT0068944,CUST0053413,ITEM0054,LOC0018,ORD00129394,3,,Good taste but late delivery.,invalid_date
RAT0068947,CUST0049357,,LOC0024,ORD00129131,3,2025-09-05,,orphan_foreign_key
RAT0068969,CUST0030258,ITEM0013,LOC0020,ORD00129088,0,2025-09-05,Good value for money.,invalid_rating
RAT0068977,CUST0051735,ITEM0094,LOC0019,ORD00129698,,2025-09-05,,missing_value
RAT0068990,CUST0020423,ITEM0151,LOC0021,ORD00129625,2,,Below average taste.,invalid_date
RAT0069001,CUST0022959,ITEM0064,LOC0024,ORD00129334,10,2025-09-05,,invalid_rating
RAT0069003,CUST0001780,ITEM0148,LOC0015,ORD00129753,3,2025-09-05,Good taste but late delivery.,orphan_foreign_key
RAT0069011,CUST0037122,ITEM0004,LOC0009,ORD00129282,5,2025-09-05,,orphan_foreign_key
RAT0069036,CUST0015925,ITEM0138,LOC0017,ORD00129075,3,,,invalid_date
RAT0069039,CUST0052901,ITEM0003,LOC0023,ORD00129291,4,2025-09-05,Enjoyed the meal.,orphan_foreign_key
RAT0069042,CUST0025799,ITEM0077,LOC0025,ORD00129312,,2025-09-05,,missing_value
RAT0069043,CUST0035600,ITEM0004,LOC0018,ORD00129118,0,2025-09-05,,invalid_rating
RAT0069058,CUST0048088,ITEM0115,LOC0017,ORD00129260,,2025-09-05,Good taste but late delivery.,missing_value
RAT0069065,CUST0863995,ITEM0134,LOC0016,ORD00129470,3,2025-09-05,,orphan_foreign_key
RAT0069088,CUST0050865,,LOC0016,ORD00125488,,2025-09-05,"Excellent, loved it!",missing_value
RAT0069090,CUST0010641,,LOC0014,ORD00128759,4,2025-09-05,Tasty and fresh.,orphan_foreign_key
RAT0069134,CUST0033951,ITEM0130,LOC0024,ORD00129078,4,2025-09-05,Enjoyed the meal.,orphan_foreign_key
RAT0069143,CUST0049357,ITEM0064,LOC0024,ORD00129131,4,2025-09-05,Enjoyed the meal.,orphan_foreign_key
RAT0069171,CUST0033951,,LOC0024,ORD00129078,3,2025-09-06,"Average, nothing special.",orphan_foreign_key
RAT0069183,CUST0026713,ITEM0081,LOC0005,ORD00130223,4,2025-09-06,,orphan_foreign_key
RAT0069212,CUST0032212,,LOC4186,ORD00130066,3,2025-09-06,,invalid_restaurant_id
RAT0069229,CUST0006126,,LOC0017,ORD00130134,,2025-09-06,,missing_value
RAT0069248,CUST0021144,,LOC0001,ORD00129959,3,2025-09-06,,orphan_foreign_key
RAT0069265,CUST0017502,,LOC0025,ORD00129582,2,2025-09-06,Below average taste.,orphan_foreign_key
RAT0069266,CUST0002054,ITEM0049,LOC0023,ORD00130135,55,2025-09-06,"Taste was fine, packaging poor.",invalid_rating
RAT0069284,CUST0037931,ITEM0056,LOC0021,ORD00129963,2,2025-09-06,,orphan_foreign_key
RAT0069301,CUST0053211,ITEM0134,LOC0016,ORD00129531,,2025-09-06,,missing_value
RAT0069313,CUST0011329,ITEM0151,LOC0014,ORD00130014,5,2025-09-06,,orphan_foreign_key
RAT0069318,CUST0047808,ITEM0151,LOC0009,ORD00130008,4,2025-09-06,Good value for money.,orphan_foreign_key
RAT0069320,CUST0017236,,LOC2825,ORD00128757,5,2025-09-06,"Excellent, loved it!",invalid_restaurant_id
RAT0069350,CUST0028168,ITEM0009,LOC0012,ORD00129430,-1,2025-09-06,,invalid_rating
RAT0069372,CUST0030935,ITEM0067,LOC0019,ORD00129577,4,2099-12-31,,invalid_date
RAT0069391,CUST0037931,ITEM0049,LOC0021,ORD00129963,3,2025-09-06,,orphan_foreign_key
RAT0069421,CUST0051994,ITEM0064,LOC0003,ORD00130397,5,2025-09-07,"Excellent, loved it!",orphan_foreign_key
RAT0069422,CUST0006126,ITEM0013,LOC0017,ORD00130134,,2025-09-07,,missing_value
RAT0069443,CUST0031654,ITEM0068,LOC0020,ORD00130377,,2025-09-07,,missing_value
RAT0069449,CUST0026713,ITEM0156,LOC0005,ORD00130223,4,2025-09-07,Nice ambience and good service.,orphan_foreign_key
RAT0069453,CUST0026713,ITEM0134,LOC0005,ORD00130223,4,2025-09-07,,orphan_foreign_key
RAT0069457,CUST0047808,ITEM0039,LOC0009,ORD00130008,3,2025-09-07,,orphan_foreign_key
RAT0069460,CUST0018659,ITEM0141,LOC0018,ORD00130459,,2025-09-07,,missing_value
RAT0069467,CUST0011968,ITEM0100,LOC0009,ORD00129989,6,2025-09-07,,invalid_rating
RAT0069478,CUST0027584,ITEM0051,LOC0008,ORD00130104,-1,2025-09-07,,invalid_rating
RAT0069496,CUST0039007,ITEM0086,LOC0017,ORD00130048,3,2025-09-07,,orphan_foreign_key
RAT0069532,CUST0000188,ITEM0134,LOC0004,ORD00130488,5,2025-09-07,,orphan_foreign_key
RAT0069533,CUST0018400,ITEM0112,LOC0010,ORD00130659,5,2025-09-07,,orphan_foreign_key
RAT0069534,CUST0035343,,LOC0001,ORD00130160,4,2025-09-07,Tasty and fresh.,orphan_foreign_key
RAT0069548,CUST0010956,ITEM0056,LOC0004,ORD00130282,55,2025-09-07,,invalid_rating
RAT0069552,CUST0043789,ITEM0027,LOC0007,ORD00130441,5,2025-09-07,,orphan_foreign_key
RAT0069555,CUST0043707,ITEM0133,LOC0003,ORD00130437,4,2025-09-07,Enjoyed the meal.,orphan_foreign_key
RAT0069559,CUST0006037,ITEM0064,LOC6270,ORD00130642,4,2025-09-07,,invalid_restaurant_id
RAT0069561,CUST0025475,ITEM0135,LOC0015,ORD00130090,4,2031-07-22,,invalid_date
RAT0069568,CUST0034326,ITEM0148,LOC0001,ORD00130650,,2025-09-07,,missing_value
RAT0069570,CUST0035929,ITEM0135,LOC0008,ORD00130594,5,2025-09-07,Perfect taste and quick service.,orphan_foreign_key
RAT0069576,CUST0026916,ITEM0033,LOC0003,ORD00130256,3,2025-09-07,,orphan_foreign_key
RAT0069592,CUST0002850,ITEM0065,LOC0004,ORD00129933,55,2025-09-07,Best in town.,invalid_rating
RAT0069606,CUST0034012,ITEM0125,LOC0023,ORD00128911,3,2025-09-07,,orphan_foreign_key
RAT0069609,CUST0038181,ITEM0091,LOC0016,ORD00130215,5,2025-09-07,,orphan_foreign_key
RAT0069613,CUST0017502,ITEM0020,LOC0025,ORD00129582,,2025-09-07,Decent but overpriced.,missing_value
RAT0069644,CUST0042339,ITEM0152,LOC0002,ORD00130414,4,2025-09-07,,orphan_foreign_key
RAT0069661,CUST0035537,ITEM0005,LOC0024,ORD00130597,,2025-09-07,,missing_value
RAT0069671,CUST0302362,ITEM0050,LOC0009,ORD00130795,4,2025-09-08,,orphan_foreign_key
RAT0069705,CUST0052983,ITEM0099,LOC0010,ORD00130955,,2025-09-08,Nice ambience and good service.,missing_value
RAT0069708,CUST0009256,ITEM0031,LOC0007,ORD00130561,3,2025-09-08,,orphan_foreign_key
RAT0069733,CUST0032841,,LOC0003,ORD00130999,,2025-09-08,Good taste but late delivery.,missing_value
RAT0069735,CUST0026135,ITEM0013,LOC0011,ORD00130993,,2025-09-08,Highly recommended.,missing_value
RAT0069757,CUST0013746,ITEM0091,LOC0004,ORD00130996,5,2025-09-08,,orphan_foreign_key
RAT0069787,CUST0032613,ITEM0058,LOC0020,ORD00129994,3,2025-09-08,Decent but overpriced.,orphan_foreign_key
RAT0069792,CUST0051994,ITEM0057,LOC0003,ORD00130397,3,2025-09-08,,orphan_foreign_key
RAT0069817,CUST0052930,,LOC0010,ORD00129816,3,2025-09-08,It was okay.,orphan_foreign_key
RAT0069845,CUST0036364,,LOC0002,ORD00130516,,2025-09-08,Good value for money.,missing_value
RAT0069847,CUST0017748,ITEM0095,LOC0025,ORD00130430,,2025-09-08,"Excellent, loved it!",missing_value
RAT0069874,CUST0017906,ITEM0070,LOC0001,ORD00130792,,2025-09-08,Enjoyed the meal.,missing_value
RAT0069897,CUST0034998,,LOC0016,ORD00128776,,2025-09-09,,missing_value
RAT0069954,CUST0003013,ITEM0099,LOC0001,ORD00131391,4,2025-09-09,,orphan_foreign_key
RAT0069991,CUST0024074,ITEM0045,LOC0003,ORD00131174,4,2025-09-09,Tasty and fresh.,orphan_foreign_key
RAT0069992,CUST0003929,ITEM0152,LOC0018,ORD00130563,4,2025-09-09,Enjoyed the meal.,orphan_foreign_key
RAT0069999,CUST0030401,,LOC0012,ORD00131142,,2025-09-09,It was okay.,missing_value
RAT0070044,CUST0024845,ITEM0074,LOC0004,ORD00130595,7,2025-09-09,,invalid_rating
RAT0070048,CUST0044978,ITEM0052,LOC0001,ORD00131282,3,,,invalid_date
RAT0070050,CUST0022954,ITEM0068,LOC0017,ORD00130522,4,2025-09-09,,orphan_foreign_key
RAT0070055,CUST0037963,ITEM0074,LOC0022,ORD00130764,4,2025-09-09,Nice ambience and good service.,orphan_foreign_key
RAT0070057,CUST0042567,ITEM0112,LOC0010,ORD00131232,55,2025-09-09,Good value for money.,invalid_rating
RAT0070071,CUST0035343,ITEM0055,LOC0001,ORD00130160,4,2025-09-09,,orphan_foreign_key
RAT0070074,CUST0024074,ITEM0003,LOC0003,ORD00131174,5,2025-09-09,,orphan_foreign_key
RAT0070092,CUST0053240,ITEM0048,LOC0019,ORD00131608,,2025-09-10,,missing_value
RAT0070098,CUST0040559,ITEM0145,LOC0013,ORD00131288,,2025-09-10,,missing_value
RAT0070103,CUST0025035,ITEM0089,LOC0006,ORD00131283,7,2025-09-10,Enjoyed the meal.,invalid_rating
RAT0070132,CUST0041678,ITEM0148,LOC7447,ORD00131610,5,2025-09-10,,invalid_restaurant_id
RAT0070134,CUST0049193,ITEM0058,LOC0003,ORD00131587,4,2025-09-10,"Good food, will order again.",orphan_foreign_key
RAT0070141,CUST0028813,ITEM0126,LOC0023,ORD00129355,-1,2025-09-10,,invalid_rating
RAT0070155,CUST4131660,ITEM0147,LOC0023,ORD00131667,4,2025-09-10,,orphan_foreign_key
RAT0070170,CUST0011464,ITEM0088,LOC0018,ORD00131601,3,2025-09-10,,orphan_foreign_key
RAT0070171,CUST0147203,ITEM0045,LOC0018,ORD00131149,3,2025-09-10,,orphan_foreign_key
RAT0070198,CUST0004806,ITEM0051,LOC0024,ORD00131754,4,2025-09-10,Good value for money.,orphan_foreign_key
RAT0070205,CUST0036061,ITEM0055,LOC0003,ORD00131589,55,2025-09-10,Good value for money.,invalid_rating
RAT0070216,CUST0002932,,LOC0016,ORD00131637,,2025-09-10,Good value for money.,missing_value
RAT0070238,CUST0016142,ITEM0134,LOC0004,ORD00131524,,2025-09-10,Good value for money.,missing_value
RAT0070245,CUST0015620,ITEM0052,LOC0013,ORD00131770,3,2025-09-10,,orphan_foreign_key
RAT0070246,CUST0034009,ITEM0152,LOC0022,ORD00131749,4,2025-09-10,,orphan_foreign_key
RAT0070248,CUST0041508,ITEM0005,LOC0004,ORD00130529,4,,Tasty and fresh.,invalid_date
RAT0070249,CUST0019716,ITEM0046,LOC0012,ORD00130846,7,2025-09-10,,invalid_rating
RAT0070253,CUST0015957,ITEM0012,LOC0002,ORD00131653,3,2099-12-31,,invalid_date
RAT0070294,CUST0022446,ITEM0061,LOC0006,ORD00131092,2,2025-09-10,,orphan_foreign_key
RAT0070299,CUST0034278,ITEM0084,LOC0011,ORD00131719,,2025-09-10,,missing_value
RAT0070318,CUST0019234,ITEM0091,LOC2425,ORD00131357,4,2025-09-10,,invalid_restaurant_id
RAT0070320,CUST0047878,ITEM0124,LOC0003,ORD00131365,6,2025-09-10,,invalid_rating
RAT0070346,CUST0049193,ITEM0150,LOC0003,ORD00131587,3,2025-09-11,,orphan_foreign_key
RAT0070353,CUST0006467,,LOC0002,ORD00131675,7,2025-09-11,,invalid_rating
RAT0070364,CUST0026062,,LOC0016,ORD00131355,,2025-09-11,,missing_value
RAT0070378,CUST0052450,ITEM0067,LOC0010,ORD00131989,5,2025-09-11,,orphan_foreign_key
RAT0070387,CUST0013375,,LOC0002,ORD00132025,3,2025-09-11,,orphan_foreign_key
RAT0070402,CUST0008564,ITEM0033,LOC8287,ORD00131860,2,2025-09-11,,invalid_restaurant_id
RAT0070403,CUST2964486,ITEM0046,LOC0012,ORD00131614,4,2025-09-11,"Good food, will order again.",orphan_foreign_key
RAT0070412,CUST0047828,ITEM0027,LOC0022,ORD00131891,4,2099-12-31,Good value for money.,invalid_date
RAT0070421,CUST0023721,ITEM0003,LOC0001,ORD00130470,4,,Tasty and fresh.,invalid_date
RAT0070452,CUST0020303,ITEM0051,LOC0007,ORD00131884,,2025-09-11,,missing_value
RAT0070485,CUST0007172,ITEM0140,LOC0013,ORD00130831,,2025-09-11,,missing_value
RAT0070498,CUST0016142,ITEM0106,LOC0004,ORD00131524,,2025-09-11,Decent but overpriced.,missing_value
RAT0070506,CUST0049972,ITEM0049,LOC8799,ORD00131814,4,2025-09-11,,invalid_restaurant_id
RAT0070507,CUST0034278,ITEM0081,LOC0011,ORD00131719,10,2025-09-11,,invalid_rating
RAT0070525,CUST0052901,ITEM0055,LOC0023,ORD00132469,4,2025-09-12,,orphan_foreign_key
RAT0070531,CUST0044651,ITEM0143,LOC5070,ORD00131804,5,2025-09-12,,invalid_restaurant_id
RAT0070535,CUST0036952,ITEM0043,LOC0004,ORD00131885,4,2025-09-12,,orphan_foreign_key
RAT0070546,CUST0052759,ITEM0003,LOC0013,ORD00131802,4,2027-11-05,Tasty and fresh.,invalid_date
RAT0070548,CUST0051195,ITEM0153,LOC0017,ORD00131543,,2025-09-12,Good value for money.,missing_value
RAT0070585,CUST0024897,,LOC0010,ORD00132153,3,2025-09-12,,orphan_foreign_key
RAT0070588,CUST0032249,ITEM0040,LOC0016,ORD00132291,7,2025-09-12,,invalid_rating
RAT0070606,CUST0040520,,LOC0014,ORD00132189,4,2031-07-22,,invalid_date
RAT0070620,CUST4675515,ITEM0058,LOC0004,ORD00132380,5,2025-09-12,,orphan_foreign_key
RAT0070621,CUST0045220,ITEM0058,LOC0001,ORD00132180,4,2025-09-12,,orphan_foreign_key
RAT0070626,CUST0020261,ITEM0148,LOC0007,ORD00132506,4,2025-09-12,Tasty and fresh.,orphan_foreign_key
RAT0070628,CUST0001459,ITEM0004,LOC0002,ORD00132195,3,2025-09-12,,orphan_foreign_key
RAT0070632,CUST0006521,,LOC0004,ORD00132270,55,2025-09-12,,invalid_rating
RAT0070635,CUST0051213,ITEM0003,LOC0023,ORD00132350,,2025-09-12,,missing_value
RAT0070636,CUST0036459,ITEM0083,LOC0011,ORD00132555,,2025-09-12,,missing_value
RAT0070652,CUST0013375,ITEM0061,LOC0002,ORD00132025,2,2025-09-12,,orphan_foreign_key
RAT0070662,CUST3184052,,LOC0004,ORD00132335,3,2025-09-12,Decent but overpriced.,orphan_foreign_key
RAT0070671,CUST0003013,ITEM0084,LOC0001,ORD00131391,4,2025-09-12,,orphan_foreign_key
RAT0070673,CUST0029214,ITEM0159,LOC0006,ORD00132000,4,,,invalid_date
RAT0070687,CUST0041678,ITEM0112,LOC0014,ORD00131927,,2025-09-12,,missing_value
RAT0070693,CUST0054159,ITEM0068,LOC0023,ORD00128377,,2025-09-12,,missing_value
RAT0070704,CUST0017315,,LOC0020,ORD00132129,4,2025-09-12,,orphan_foreign_key
RAT0070724,CUST0001459,ITEM0065,LOC0002,ORD00132195,4,2025-09-12,Tasty and fresh.,orphan_foreign_key
RAT0070736,CUST0052711,ITEM0046,LOC0019,ORD00132021,,2025-09-12,,missing_value
RAT0070749,CUST0045678,ITEM0137,LOC0012,ORD00132311,,2025-09-12,Decent but overpriced.,missing_value
RAT0070773,CUST0020141,ITEM0138,LOC0003,ORD00132480,55,2025-09-12,,invalid_rating
RAT0070785,CUST0031687,ITEM0029,LOC9387,ORD00131723,4,2025-09-12,,invalid_restaurant_id
RAT0070809,CUST0052543,ITEM0045,LOC0022,ORD00133025,4,2025-09-13,,orphan_foreign_key
RAT0070820,CUST0032714,,LOC0022,ORD00132797,,2025-09-13,,missing_value
RAT0070829,CUST0048675,ITEM0123,LOC0007,ORD00132369,,2025-09-13,"Good food, will order again.",missing_value
RAT0070833,CUST0053555,ITEM0013,LOC1608,ORD00132749,4,2025-09-13,Tasty and fresh.,invalid_restaurant_id
RAT0070838,CUST0052955,ITEM0148,LOC0003,ORD00133105,4,2025-09-13,Nice ambience and good service.,orphan_foreign_key
RAT0070840,CUST0049598,ITEM0068,LOC0008,ORD00132375,10,2025-09-13,,invalid_rating
RAT0070847,CUST0045220,ITEM0056,LOC0001,ORD00132180,3,2025-09-13,,orphan_foreign_key
RAT0070865,CUST0047406,ITEM0159,LOC0018,ORD00131460,,2025-09-13,,missing_value
RAT0070871,CUST0005917,ITEM0033,LOC0013,ORD00131915,,2025-09-13,Below average taste.,missing_value
RAT0070875,CUST0003277,,LOC0023,ORD00132694,,2025-09-13,,missing_value
RAT0070878,CUST0031286,,LOC0018,ORD00132733,55,2025-09-13,,invalid_rating
RAT0070882,CUST0054660,ITEM0046,LOC0010,ORD00132902,4,2025-09-13,Nice ambience and good service.,orphan_foreign_key
RAT0070887,CUST0002202,ITEM0156,LOC0018,ORD00132893,6,2025-09-13,,invalid_rating
RAT0070894,CUST0051817,ITEM0048,LOC0022,ORD00132871,,2025-09-13,,missing_value
RAT0070895,CUST0054706,ITEM0136,LOC8792,ORD00132568,4,2025-09-13,,invalid_restaurant_id
RAT0070941,CUST0019716,ITEM0004,LOC0012,ORD00130846,4,2025-09-13,,orphan_foreign_key
RAT0070968,CUST0024897,ITEM0027,LOC0010,ORD00132891,4,2025-09-13,,orphan_foreign_key
RAT0070970,CUST0050828,ITEM0004,LOC6393,ORD00133039,4,2025-09-13,,invalid_restaurant_id
RAT0070983,CUST0048432,,LOC0023,ORD00132847,5,2025-09-13,Perfect taste and quick service.,orphan_foreign_key
RAT0070995,CUST0009044,ITEM0055,LOC9493,ORD00131878,4,2025-09-13,,invalid_restaurant_id
RAT0071009,CUST0017218,ITEM0096,LOC0023,ORD00132627,3,2025-09-13,,orphan_foreign_key
RAT0071015,CUST0032719,ITEM0125,LOC0015,ORD00132854,0,2025-09-13,,invalid_rating
RAT0071029,CUST0017218,ITEM0062,LOC0023,ORD00132627,3,2025-09-13,,orphan_foreign_key
RAT0071032,CUST0023196,ITEM0089,LOC0024,ORD00133072,3,,It was okay.,invalid_date
RAT0071040,CUST0052955,ITEM0151,LOC0003,ORD00133105,5,2025-09-13,,orphan_foreign_key
RAT0071050,CUST0033215,ITEM0066,LOC0004,ORD00132252,,2025-09-14,Good value for money.,missing_value
RAT0071055,CUST0027900,ITEM0134,LOC0013,ORD00133218,4,2025-09-14,Tasty and fresh.,orphan_foreign_key
RAT0071089,CUST0052695,ITEM0032,LOC0023,ORD00133257,3,2025-09-14,Good taste but late delivery.,orphan_foreign_key
RAT0071094,CUST0005110,ITEM0132,LOC0012,ORD00132866,6,2025-09-14,Good taste but late delivery.,invalid_rating
RAT0071095,CUST0042339,ITEM0141,LOC0002,ORD00132865,,2025-09-14,,missing_value
RAT0071106,CUST0049219,,LOC0014,ORD00133177,5,2025-09-14,,orphan_foreign_key
RAT0071113,CUST0036220,ITEM0138,LOC5053,ORD00133606,4,2025-09-14,,invalid_restaurant_id
RAT0071117,CUST0000945,ITEM0003,LOC0020,ORD00133436,,2025-09-14,,missing_value
RAT0071141,CUST0031236,,LOC0007,ORD00133662,6,2025-09-14,"Average, nothing special.",invalid_rating
RAT0071164,CUST0017467,ITEM0057,LOC0023,ORD00133103,,2025-09-14,,missing_value
RAT0071220,CUST0032559,ITEM0047,LOC0025,ORD00132149,,2025-09-14,"Good food, will order again.",missing_value
RAT0071233,CUST0011652,ITEM0050,LOC0020,ORD00132743,,2025-09-14,Amazing food and friendly staff.,missing_value
RAT0071242,CUST0047827,,LOC0001,ORD00133481,3,2025-09-14,,orphan_foreign_key
RAT0071243,CUST0007713,,LOC0023,ORD00132708,3,,,invalid_date
RAT0071247,CUST0024060,ITEM0134,LOC0001,ORD00133478,55,2025-09-14,,invalid_rating
RAT0071304,CUST0047334,ITEM0060,LOC0005,ORD00133408,5,2025-09-14,,orphan_foreign_key
RAT0071322,CUST0016333,ITEM0136,LOC0540,ORD00133700,4,2025-09-15,"Good food, will order again.",invalid_restaurant_id
RAT0071333,CUST0051797,ITEM0148,LOC0003,ORD00132341,2,2025-09-15,,orphan_foreign_key
RAT0071351,CUST0052695,ITEM0033,LOC0023,ORD00133257,3,2025-09-15,,orphan_foreign_key
RAT0071355,CUST0007936,ITEM0071,LOC0012,ORD00133769,4,2025-09-15,,orphan_foreign_key
RAT0071369,CUST0025961,ITEM0151,LOC0003,ORD00131971,4,2025-09-15,,orphan_foreign_key
RAT0071377,CUST9374657,ITEM0082,LOC0002,ORD00133841,4,2025-09-15,Nice ambience and good service.,orphan_foreign_key
RAT0071416,CUST0027900,ITEM0148,LOC0013,ORD00133218,4,2025-09-15,,orphan_foreign_key
RAT0071422,CUST0013373,ITEM0122,LOC0003,ORD00133752,3,2025-09-15,,orphan_foreign_key
RAT0071429,CUST0016055,ITEM0114,LOC0008,ORD00133750,,2025-09-15,Enjoyed the meal.,missing_value
RAT0071431,CUST0004667,ITEM0048,LOC0021,ORD00133435,2,2025-09-15,,orphan_foreign_key
RAT0071436,CUST0005201,ITEM0028,LOC0004,ORD00133637,,2025-09-15,,missing_value
RAT0071454,CUST0025523,ITEM0038,LOC0022,ORD00132662,,2025-09-15,,missing_value
RAT0071467,CUST0022335,ITEM0094,LOC0020,ORD00133583,3,2025-09-15,,orphan_foreign_key
RAT0071472,CUST0050917,ITEM0061,LOC0008,ORD00132353,4,2025-09-15,,orphan_foreign_key
RAT0071476,CUST0049203,ITEM0132,LOC0017,ORD00133638,,2025-09-15,Enjoyed the meal.,missing_value
RAT0071493,CUST0003013,ITEM0075,LOC0001,ORD00131391,4,2025-09-15,Nice ambience and good service.,orphan_foreign_key
RAT0071497,CUST0004667,ITEM0141,LOC0021,ORD00133435,3,2025-09-15,Decent but overpriced.,orphan_foreign_key
RAT0071502,CUST0299909,ITEM0134,LOC0005,ORD00133968,3,2025-09-15,,orphan_foreign_key
RAT0071507,CUST0045758,ITEM0157,LOC0013,ORD00133926,4,2025-09-15,,orphan_foreign_key
RAT0071525,CUST0015292,ITEM0159,LOC0007,ORD00133911,3,2025-09-15,It was okay.,orphan_foreign_key
RAT0071542,CUST0045758,ITEM0132,LOC0013,ORD00133926,5,2025-09-15,Perfect taste and quick service.,orphan_foreign_key
RAT0071545,CUST0013373,ITEM0069,LOC0003,ORD00133752,3,2025-09-15,,orphan_foreign_key
RAT0071587,CUST0035478,ITEM0052,LOC0003,ORD00133422,2,2025-09-16,,orphan_foreign_key
RAT0071599,CUST0011767,,LOC0007,ORD00132649,3,2025-09-16,Good taste but late delivery.,orphan_foreign_key
RAT0071616,CUST0011648,ITEM0046,LOC0023,ORD00133092,,2025-09-16,,missing_value
RAT0071631,CUST0031580,,LOC0016,ORD00132881,,2025-09-16,,missing_value
RAT0071638,CUST0039274,ITEM0021,LOC0024,ORD00133697,,2025-09-16,"Average, nothing special.",missing_value
RAT0071646,CUST0053336,ITEM0054,LOC0005,ORD00134105,4,2025-09-16,Enjoyed the meal.,orphan_foreign_key
RAT0071652,CUST0010303,ITEM0061,LOC0958,ORD00134078,3,2025-09-16,,invalid_restaurant_id
RAT0071657,CUST0013981,ITEM0067,LOC0003,ORD00134121,3,2025-09-16,,orphan_foreign_key
RAT0071662,CUST0036565,ITEM0068,LOC3991,ORD00132680,4,2025-09-16,,invalid_restaurant_id
RAT0071668,CUST0023562,ITEM0154,LOC0017,ORD00134044,,2025-09-16,,missing_value
RAT0071687,CUST0021607,,LOC0003,ORD00132428,4,2025-09-16,,orphan_foreign_key
RAT0071706,CUST0027686,ITEM0032,LOC0017,ORD00134123,3,2025-09-16,Decent but overpriced.,orphan_foreign_key
RAT0071707,CUST0053336,ITEM0004,LOC0005,ORD00134105,3,2025-09-16,,orphan_foreign_key
RAT0071708,CUST0008462,ITEM0136,LOC0004,ORD00134076,,2025-09-16,,missing_value
RAT0071717,CUST0005771,ITEM0113,LOC0023,ORD00133297,7,2025-09-16,Enjoyed the meal.,invalid_rating
RAT0071725,CUST0028620,ITEM0139,LOC0024,ORD00134065,4,2027-11-05,Enjoyed the meal.,invalid_date
RAT0071779,CUST0037421,ITEM0004,LOC0016,ORD00133031,4,2025-09-17,Good value for money.,orphan_foreign_key
RAT0071780,CUST0028039,ITEM0033,LOC6057,ORD00133928,3,2025-09-17,,invalid_restaurant_id
RAT0071784,CUST0031666,ITEM0013,LOC0011,ORD00134250,4,2025-09-17,Enjoyed the meal.,orphan_foreign_key
RAT0071789,CUST0035537,,LOC0024,ORD00133310,4,2025-09-17,,orphan_foreign_key
RAT0071790,CUST5019480,ITEM0020,LOC0008,ORD00134699,4,2025-09-17,,orphan_foreign_key
RAT0071817,CUST0045758,ITEM0048,LOC0013,ORD00133926,3,2025-09-17,"Taste was fine, packaging poor.",orphan_foreign_key
RAT0071823,CUST0009138,,LOC0008,ORD00134145,4,2025-09-17,,orphan_foreign_key
RAT0071843,CUST0001989,ITEM0061,LOC0014,ORD00134332,10,2025-09-17,,invalid_rating
RAT0071892,CUST0002581,,LOC0020,ORD00134283,55,2025-09-17,Nice ambience and good service.,invalid_rating
RAT0071907,CUST0030916,ITEM0073,LOC2684,ORD00131195,3,2025-09-17,Good taste but late delivery.,invalid_restaurant_id
RAT0071947,CUST0004667,ITEM0071,LOC4012,ORD00134706,4,2025-09-17,,invalid_restaurant_id
RAT0071958,CUST0008412,ITEM0106,LOC0018,ORD00134545,2,2025-09-17,,orphan_foreign_key
RAT0071973,CUST0033829,ITEM0004,LOC0015,ORD00134460,4,2025-09-17,,orphan_foreign_key
RAT0071981,CUST0016387,,LOC0022,ORD00134599,4,2025-09-17,Tasty and fresh.,orphan_foreign_key
RAT0071994,CUST0039274,ITEM0011,LOC0024,ORD00133697,5,2025-09-17,Highly recommended.,orphan_foreign_key
RAT0071998,CUST0042446,ITEM0017,LOC0019,ORD00135011,5,2025-09-18,,orphan_foreign_key
RAT0072012,CUST0024897,ITEM0040,LOC0010,ORD00132891,3,2025-09-18,Decent but overpriced.,orphan_foreign_key
RAT0072030,CUST0003586,,LOC0012,ORD00134782,4,2025-09-18,Nice ambience and good service.,orphan_foreign_key
RAT0072040,CUST0021597,ITEM0115,LOC5497,ORD00134778,3,2025-09-18,,invalid_restaurant_id
RAT0072054,CUST0040293,ITEM0004,LOC0025,ORD00134409,5,2025-09-18,,orphan_foreign_key
RAT0072067,CUST0025335,ITEM0003,LOC0010,ORD00133736,-1,2025-09-18,Amazing food and friendly staff.,invalid_rating
RAT0072075,CUST1016186,ITEM0020,LOC0012,ORD00133185,5,2025-09-18,,orphan_foreign_key
RAT0072106,CUST0003162,ITEM0151,LOC6067,ORD00134663,3,2025-09-18,Decent but overpriced.,invalid_restaurant_id
RAT0072112,CUST0027900,ITEM0046,LOC0013,ORD00133218,5,2025-09-18,Amazing food and friendly staff.,orphan_foreign_key
RAT0072113,CUST0017315,ITEM0027,LOC0020,ORD00132129,5,2025-09-18,,orphan_foreign_key
RAT0072161,CUST0005613,ITEM0151,LOC0005,ORD00133449,,2025-09-18,,missing_value
RAT0072168,CUST0033829,ITEM0151,LOC0015,ORD00134460,,2025-09-18,,missing_value
RAT0072187,CUST0007336,ITEM0109,LOC0018,ORD00134691,,2025-09-18,,missing_value
RAT0072223,CUST0019852,ITEM0025,LOC0018,ORD00134031,55,2025-09-18,It was okay.,invalid_rating
RAT0072241,CUST0009443,ITEM0109,LOC0007,ORD00135551,4,2025-09-19,,orphan_foreign_key
RAT0072256,CUST0011252,,LOC0018,ORD00135647,-1,2025-09-19,,invalid_rating
RAT0072290,CUST0042446,ITEM0061,LOC0019,ORD00135011,1,2025-09-19,,orphan_foreign_key
RAT0072295,CUST0018611,ITEM0148,LOC0011,ORD00134916,4,2025-09-19,,orphan_foreign_key
RAT0072304,CUST0016387,ITEM0157,LOC0022,ORD00134599,4,2025-09-19,,orphan_foreign_key
RAT0072307,CUST0031042,ITEM0130,LOC0012,ORD00135422,5,2025-09-19,,orphan_foreign_key
RAT0072328,CUST0015545,,LOC7563,ORD00134914,4,2025-09-19,"Good food, will order again.",invalid_restaurant_id
RAT0072351,CUST0048654,ITEM0154,LOC6168,ORD00135310,3,2025-09-19,It was okay.,invalid_restaurant_id
RAT0072367,CUST0005274,ITEM0011,LOC0003,ORD00135098,3,2025-09-19,,orphan_foreign_key
RAT0072369,CUST0022705,ITEM0135,LOC0003,ORD00134991,,2025-09-19,,missing_value
RAT0072370,CUST0048781,ITEM0064,LOC0018,ORD00135500,4,2025-09-19,,orphan_foreign_key
RAT0072377,CUST0018611,ITEM0159,LOC0011,ORD00134916,3,2025-09-19,It was okay.,orphan_foreign_key
RAT0072384,CUST0010876,ITEM0068,LOC0005,ORD00135408,3,2025-09-19,,orphan_foreign_key
RAT0072386,CUST0032259,ITEM0005,LOC0003,ORD00134805,,2025-09-19,Tasty and fresh.,missing_value
RAT0072394,CUST0003586,ITEM0143,LOC0012,ORD00134782,3,2025-09-19,,orphan_foreign_key
RAT0072414,CUST5155747,,LOC0007,ORD00134814,4,2025-09-19,,orphan_foreign_key
RAT0072450,CUST0019405,ITEM0130,LOC0003,ORD00135286,3,2025-09-19,,orphan_foreign_key
RAT0072467,CUST0009097,,LOC0021,ORD00135179,2,2025-09-19,,orphan_foreign_key
RAT0072468,CUST0054596,ITEM0065,LOC0001,ORD00135442,10,2025-09-19,,invalid_rating
RAT0072470,CUST0031042,ITEM0003,LOC0012,ORD00135422,5,2025-09-19,Best in town.,orphan_foreign_key
RAT0072478,CUST0018273,ITEM0037,LOC0019,ORD00135208,0,2025-09-19,,invalid_rating
RAT0072501,CUST0003586,ITEM0003,LOC0012,ORD00134782,4,2025-09-19,,orphan_foreign_key
RAT0072504,CUST0010619,,LOC0008,ORD00134692,,2025-09-19,,missing_value
RAT0072510,CUST0005495,ITEM0061,LOC0014,ORD00135636,2,2025-09-19,,orphan_foreign_key
RAT0072515,CUST4273113,ITEM0068,LOC0016,ORD00135871,4,2025-09-20,,orphan_foreign_key
RAT0072548,CUST0020489,ITEM0136,LOC0017,ORD00135746,,2025-09-20,"Average, nothing special.",missing_value
RAT0072553,CUST0033815,ITEM0065,LOC0003,ORD00135181,,2025-09-20,Portion was too small.,missing_value
RAT0072555,CUST0036198,,LOC0008,ORD00134576,4,2025-09-20,,orphan_foreign_key
RAT0072556,CUST0028302,ITEM0053,LOC0002,ORD00135954,,2025-09-20,,missing_value
RAT0072562,CUST0020546,,LOC0015,ORD00134752,2,2025-09-20,,orphan_foreign_key
RAT0072570,CUST0022204,ITEM0154,LOC0023,ORD00134889,4,2025-09-20,,orphan_foreign_key
RAT0072574,CUST5828410,ITEM0018,LOC0014,ORD00136183,5,2025-09-20,"Excellent, loved it!",orphan_foreign_key
RAT0072591,CUST0049679,,LOC0005,ORD00135812,3,2025-09-20,,orphan_foreign_key
RAT0072616,CUST0030224,ITEM0067,LOC0009,ORD00135347,7,2025-09-20,Decent but overpriced.,invalid_rating
RAT0072636,CUST0009443,ITEM0075,LOC0007,ORD00135551,3,2025-09-20,,orphan_foreign_key
RAT0072642,CUST0030224,ITEM0135,LOC0009,ORD00135347,3,2025-09-20,,orphan_foreign_key
RAT0072654,CUST0028661,ITEM0145,LOC0021,ORD00136196,4,2025-09-20,Nice ambience and good service.,orphan_foreign_key
RAT0072663,CUST0027296,ITEM0068,LOC0017,ORD00135948,4,2025-09-20,,orphan_foreign_key
RAT0072668,CUST0020546,ITEM0013,LOC0015,ORD00134752,4,2025-09-20,,orphan_foreign_key
RAT0072673,CUST0045183,ITEM0066,LOC0004,ORD00135438,3,2031-07-22,Good taste but late delivery.,invalid_date
RAT0072688,CUST0053200,ITEM0152,LOC0022,ORD00136226,4,2025-09-20,,orphan_foreign_key
RAT0072708,CUST0029351,ITEM0004,LOC0001,ORD00135921,4,2025-09-20,,orphan_foreign_key
RAT0072714,CUST0025137,,LOC0020,ORD00134697,4,2025-09-20,,orphan_foreign_key
RAT0072744,CUST0013995,,LOC0022,ORD00135569,7,2025-09-20,,invalid_rating
RAT0072788,CUST0049679,ITEM0157,LOC0005,ORD00135812,3,2025-09-20,,orphan_foreign_key
RAT0072800,CUST0053873,ITEM0148,LOC0019,ORD00135836,1,2025-09-20,,orphan_foreign_key
RAT0072818,CUST0024877,ITEM0013,LOC0017,ORD00135774,4,2025-09-20,,orphan_foreign_key
RAT0072820,CUST0050304,,LOC0011,ORD00135061,2,,Service was slow.,invalid_date
RAT0072827,CUST0051687,ITEM0126,LOC0008,ORD00136209,4,2025-09-21,,orphan_foreign_key
RAT0072829,CUST0000941,ITEM0004,LOC1725,ORD00135852,4,2025-09-21,,invalid_restaurant_id
RAT0072832,CUST0002922,ITEM0138,LOC0019,ORD00136321,3,,,invalid_date
RAT0072836,CUST0050090,ITEM0033,LOC0012,ORD00136651,3,2025-09-21,,orphan_foreign_key
RAT0072844,CUST0052697,,LOC0001,ORD00135994,55,2025-09-21,Highly recommended.,invalid_rating
RAT0072849,CUST0052042,ITEM0023,LOC9914,ORD00136348,3,2025-09-21,,invalid_restaurant_id
RAT0072857,CUST9315148,ITEM0091,LOC0005,ORD00135812,4,2025-09-21,,orphan_foreign_key
RAT0072887,CUST0026569,ITEM0057,LOC0019,ORD00136618,,2025-09-21,,missing_value
RAT0072892,CUST0048806,ITEM0134,LOC0006,ORD00135692,,2025-09-21,Good value for money.,missing_value
RAT0072897,CUST0041534,ITEM0004,LOC0003,ORD00135813,4,2025-09-21,Tasty and fresh.,orphan_foreign_key
RAT0072900,CUST0010234,ITEM0113,LOC0023,ORD00135349,4,2025-09-21,,orphan_foreign_key
RAT0073000,CUST0044709,ITEM0148,LOC0018,ORD00136686,2,2025-09-21,,orphan_foreign_key
RAT0073003,CUST0031042,ITEM0075,LOC0012,ORD00135422,3,2025-09-21,Good taste but late delivery.,orphan_foreign_key
RAT0073005,CUST0018763,ITEM0023,LOC0013,ORD00135204,5,,"Excellent, loved it!",invalid_date
RAT0073015,CUST0035714,,LOC0004,ORD00136122,,2025-09-21,Tasty and fresh.,missing_value
RAT0073024,CUST0018841,ITEM0141,LOC0005,ORD00135444,2,2025-09-21,,orphan_foreign_key
RAT0073039,CUST0019405,,LOC0003,ORD00135286,3,2025-09-21,,orphan_foreign_key
RAT0073040,CUST0026708,ITEM0148,LOC0019,ORD00136380,55,2025-09-21,,invalid_rating
RAT0073045,CUST0046183,ITEM0081,LOC0002,ORD00135590,0,2025-09-21,"Average, nothing special.",invalid_rating
RAT0073076,CUST0006170,ITEM0027,LOC0007,ORD00135671,,2025-09-21,Tasty and fresh.,missing_value
RAT0073080,CUST0048808,ITEM0068,LOC0021,ORD00136581,,2025-09-21,,missing_value
RAT0073085,CUST0012056,ITEM0128,LOC5956,ORD00136538,4,2025-09-21,Tasty and fresh.,invalid_restaurant_id
RAT0073089,CUST0008842,,LOC0018,ORD00136467,3,2025-09-21,Good taste but late delivery.,orphan_foreign_key
RAT0073114,CUST0033809,ITEM0055,LOC0001,ORD00136347,0,2025-09-21,,invalid_rating
RAT0073142,CUST0008266,ITEM0138,LOC0005,ORD00136528,3,2025-09-22,,orphan_foreign_key
RAT0073152,CUST0002399,,LOC0009,ORD00136207,0,2025-09-22,,invalid_rating
RAT0073156,CUST0035882,ITEM0088,LOC4801,ORD00134739,4,2025-09-22,Good value for money.,invalid_restaurant_id
RAT0073157,CUST0025137,ITEM0061,LOC0020,ORD00134697,1,2025-09-22,"Very disappointing, will not order again.",orphan_foreign_key
RAT0073160,CUST0008842,ITEM0121,LOC0018,ORD00136467,4,2025-09-22,Enjoyed the meal.,orphan_foreign_key
RAT0073176,CUST0038165,ITEM0084,LOC0001,ORD00136863,-1,2025-09-22,,invalid_rating
RAT0073180,CUST0031950,ITEM0076,LOC5160,ORD00137160,4,2025-09-22,,invalid_restaurant_id
RAT0073184,CUST0024695,ITEM0027,LOC0005,ORD00136775,3,2025-09-22,Decent but overpriced.,orphan_foreign_key
RAT0073191,CUST0052751,,LOC0020,ORD00136031,3,2025-09-22,Good taste but late delivery.,orphan_foreign_key
RAT0073210,CUST2751483,ITEM0126,LOC0019,ORD00136618,4,2025-09-22,Nice ambience and good service.,orphan_foreign_key
RAT0073234,CUST0051982,ITEM0149,LOC0016,ORD00135206,,2025-09-22,It was okay.,missing_value
RAT0073246,CUST0044808,ITEM0033,LOC0008,ORD00136955,5,2025-09-22,Perfect taste and quick service.,orphan_foreign_key
RAT0073255,CUST0043551,ITEM0045,LOC0016,ORD00136549,,2025-09-22,,missing_value
RAT0073263,CUST0020152,,LOC0023,ORD00137090,4,2025-09-22,,orphan_foreign_key
RAT0073265,CUST0020152,ITEM0135,LOC0023,ORD00137090,5,2025-09-22,,orphan_foreign_key
RAT0073268,CUST0033622,ITEM0013,LOC0007,ORD00137026,,2025-09-22,Nice ambience and good service.,missing_value
RAT0073283,CUST0033815,ITEM0081,LOC0003,ORD00135181,,2025-09-22,,missing_value
RAT0073292,CUST0044219,ITEM0138,LOC0018,ORD00136789,-1,2025-09-22,,invalid_rating
RAT0073320,CUST0033324,ITEM0045,LOC0025,ORD00136288,4,2025-09-22,Nice ambience and good service.,orphan_foreign_key
RAT0073329,CUST0007311,ITEM0081,LOC0005,ORD00137190,,2025-09-22,,missing_value
RAT0073348,CUST0023539,ITEM0068,LOC0013,ORD00134942,,2025-09-22,,missing_value
RAT0073363,CUST0034752,ITEM0156,LOC0003,ORD00137182,3,2025-09-22,It was okay.,orphan_foreign_key
RAT0073377,CUST0034119,ITEM0119,LOC8609,ORD00137148,2,2025-09-22,Took too long to arrive.,invalid_restaurant_id
RAT0073379,CUST0044219,ITEM0072,LOC0018,ORD00136789,10,2025-09-22,,invalid_rating
RAT0073382,CUST0018782,ITEM0020,LOC0005,ORD00136491,2,2025-09-22,,orphan_foreign_key
RAT0073383,CUST0001212,ITEM0027,LOC0025,ORD00137124,4,2025-09-22,,orphan_foreign_key
RAT0073446,CUST0005274,ITEM0157,LOC0006,ORD00137057,5,2025-09-23,Highly recommended.,orphan_foreign_key
RAT0073460,CUST0031228,,LOC0001,ORD00137329,4,2025-09-23,,orphan_foreign_key
RAT0073473,CUST0024307,ITEM0068,LOC0021,ORD00136320,2,2025-09-23,,orphan_foreign_key
RAT0073478,CUST0033324,,LOC0025,ORD00135854,3,2025-09-23,,orphan_foreign_key
RAT0073479,CUST0021575,ITEM0148,LOC0001,ORD00136933,3,2025-09-23,,orphan_foreign_key
RAT0073486,CUST0031228,ITEM0045,LOC0001,ORD00137329,4,2025-09-23,Tasty and fresh.,orphan_foreign_key
RAT0073504,CUST0024307,ITEM0102,LOC0021,ORD00136320,3,2025-09-23,"Taste was fine, packaging poor.",orphan_foreign_key
RAT0073507,CUST0018782,ITEM0132,LOC0005,ORD00136491,4,2025-09-23,,orphan_foreign_key
RAT0073510,CUST0013169,,LOC0003,ORD00136944,7,2025-09-23,,invalid_rating
RAT0073533,CUST0029517,,LOC0014,ORD00136723,,2025-09-23,,missing_value
RAT0073552,CUST0032054,ITEM0151,LOC0017,ORD00137242,4,2025-09-23,,orphan_foreign_key
RAT0073556,CUST0033324,ITEM0106,LOC0025,ORD00136874,55,2025-09-23,,invalid_rating
RAT0073561,CUST0034115,,LOC0021,ORD00137276,,2025-09-23,,missing_value
RAT0073569,CUST0015090,,LOC0010,ORD00136823,2,2025-09-23,,orphan_foreign_key
RAT0073600,CUST0021425,ITEM0064,LOC0023,ORD00136915,55,2025-09-23,Tasty and fresh.,invalid_rating
RAT0073616,CUST0038028,ITEM0143,LOC0007,ORD00136957,0,2025-09-23,,invalid_rating
RAT0073618,CUST0001475,,LOC0004,ORD00136970,2,2025-09-23,Service was slow.,orphan_foreign_key
RAT0073640,CUST0042922,ITEM0068,LOC0025,ORD00137343,0,2025-09-24,Tasty and fresh.,invalid_rating
RAT0073658,CUST0042286,ITEM0133,LOC6060,ORD00137598,5,2025-09-24,Highly recommended.,invalid_restaurant_id
RAT0073659,CUST0014199,ITEM0101,LOC0002,ORD00137761,5,2025-09-24,Perfect taste and quick service.,orphan_foreign_key
RAT0073663,CUST0005274,ITEM0033,LOC0006,ORD00137057,4,2025-09-24,,orphan_foreign_key
RAT0073675,CUST0051119,ITEM0121,LOC0003,ORD00137443,2,1970-01-01,,invalid_date
RAT0073686,CUST0028106,,LOC0013,ORD00137272,,2025-09-24,,missing_value
RAT0073699,CUST0008520,,LOC0018,ORD00136073,4,2025-09-24,,orphan_foreign_key
RAT0073703,CUST0006513,,LOC0012,ORD00137634,4,2025-09-24,,orphan_foreign_key
RAT0073723,CUST0019185,ITEM0137,LOC0009,ORD00137836,7,2025-09-24,Nice ambience and good service.,invalid_rating
RAT0073725,CUST0045099,ITEM0145,LOC0016,ORD00136856,,2025-09-24,Nice ambience and good service.,missing_value
RAT0073737,CUST0018782,,LOC0005,ORD00136491,4,2025-09-24,,orphan_foreign_key
RAT0073739,CUST0047695,ITEM0102,LOC9452,ORD00137796,4,2025-09-24,,invalid_restaurant_id
RAT0073741,CUST0032054,ITEM0013,LOC0017,ORD00137242,3,2025-09-24,"Average, nothing special.",orphan_foreign_key
RAT0073754,CUST0029351,ITEM0121,LOC0001,ORD00137681,4,2025-09-24,Tasty and fresh.,orphan_foreign_key
RAT0073766,CUST0022456,ITEM0004,LOC0004,ORD00137765,5,2025-09-24,,orphan_foreign_key
RAT0073769,CUST0048658,,LOC0022,ORD00137680,,2025-09-24,,missing_value
RAT0073771,CUST2708646,ITEM0075,LOC0011,ORD00137673,4,2025-09-24,Tasty and fresh.,orphan_foreign_key
RAT0073774,CUST0017026,,LOC0016,ORD00137738,,2025-09-24,,missing_value
RAT0073788,CUST0032054,,LOC0017,ORD00137242,3,2025-09-24,,orphan_foreign_key
RAT0073794,CUST0051217,,LOC0013,ORD00137946,5,2025-09-24,,orphan_foreign_key
RAT0073798,CUST0043874,ITEM0003,LOC0014,ORD00137396,4,2025-09-24,,orphan_foreign_key
RAT0073803,CUST0033324,ITEM0068,LOC0025,ORD00136288,4,2025-09-24,Good value for money.,orphan_foreign_key
RAT0073825,CUST0025123,ITEM0081,LOC0004,ORD00137611,-1,2025-09-24,,invalid_rating
RAT0073834,CUST0040293,ITEM0148,LOC0025,ORD00134409,4,2025-09-24,Tasty and fresh.,orphan_foreign_key
RAT0073848,CUST0054373,ITEM0047,LOC0006,ORD00135802,5,2025-09-24,Best in town.,orphan_foreign_key
RAT0073851,CUST0020334,ITEM0059,LOC0023,ORD00138094,3,2025-09-25,,orphan_foreign_key
RAT0073879,CUST0052301,ITEM0151,LOC0008,ORD00137794,-1,2025-09-25,,invalid_rating
RAT0073895,CUST0040275,,LOC0025,ORD00137920,,2025-09-25,,missing_value
RAT0073896,CUST0014191,ITEM0099,LOC0012,ORD00138107,5,2025-09-25,Perfect taste and quick service.,orphan_foreign_key
RAT0073899,CUST0014191,ITEM0141,LOC0012,ORD00138107,2,2025-09-25,,orphan_foreign_key
RAT0073902,CUST0027150,,LOC0023,ORD00137430,,2025-09-25,,missing_value
RAT0073922,CUST0006845,ITEM0046,LOC0016,ORD00138299,5,2025-09-25,Best in town.,orphan_foreign_key
RAT0073923,CUST0022456,ITEM0068,LOC0004,ORD00137765,3,2025-09-25,,orphan_foreign_key
RAT0073939,CUST0014191,ITEM0126,LOC0004,ORD00138238,4,2025-09-25,Tasty and fresh.,orphan_foreign_key
RAT0073948,CUST0020046,ITEM0053,LOC0965,ORD00137842,5,2025-09-25,,invalid_restaurant_id
RAT0073966,CUST0036295,ITEM0148,LOC0023,ORD00137850,,2025-09-25,,missing_value
RAT0073968,CUST0038459,ITEM0049,LOC0023,ORD00138189,0,2025-09-25,,invalid_rating
RAT0073974,CUST0037112,ITEM0133,LOC0012,ORD00138364,3,2025-09-25,,orphan_foreign_key
RAT0073976,CUST0039135,ITEM0009,LOC0007,ORD00138112,2,2025-09-25,,orphan_foreign_key
RAT0073977,CUST0014191,ITEM0081,LOC0004,ORD00137990,4,2025-09-25,,orphan_foreign_key
RAT0073985,CUST0020453,ITEM0061,LOC0023,ORD00137508,10,2025-09-25,Poor quality for the price.,invalid_rating
RAT0074011,CUST0016771,ITEM0064,LOC0007,ORD00138008,3,2025-09-25,Decent but overpriced.,orphan_foreign_key
RAT0074047,CUST0000284,ITEM0148,LOC0008,ORD00136504,4,2025-09-25,,orphan_foreign_key
RAT0074065,CUST0032562,ITEM0148,LOC0004,ORD00137060,5,2025-09-25,,orphan_foreign_key
RAT0074087,CUST0021150,ITEM0045,LOC0019,ORD00137693,6,2025-09-25,,invalid_rating
RAT0074101,CUST0004292,ITEM0130,LOC0012,ORD00138301,7,2025-09-26,Took too long to arrive.,invalid_rating
RAT0074110,CUST0051373,,LOC0022,ORD00138408,5,2025-09-26,Amazing food and friendly staff.,orphan_foreign_key
RAT0074140,CUST0051499,ITEM0006,LOC0008,ORD00138896,3,2025-09-26,,orphan_foreign_key
RAT0074146,CUST0026163,ITEM0129,LOC0001,ORD00138039,4,2025-09-26,,orphan_foreign_key
RAT0074166,CUST0012490,ITEM0086,LOC0023,ORD00138176,4,2025-09-26,,orphan_foreign_key
RAT0074173,CUST0046083,ITEM0138,LOC0018,ORD00138409,2,1900-01-01,Not fresh.,invalid_date
RAT0074185,CUST0049678,ITEM0094,LOC0019,ORD00138118,2,2025-09-26,Not fresh.,orphan_foreign_key
RAT0074211,CUST0028762,ITEM0004,LOC0015,ORD00138690,5,2025-09-26,Amazing food and friendly staff.,orphan_foreign_key
RAT0074250,CUST0037628,ITEM0013,LOC0006,ORD00138566,,2025-09-26,,missing_value
RAT0074260,CUST0025168,ITEM0112,LOC0023,ORD00138656,,2025-09-26,"Average, nothing special.",missing_value
RAT0074292,CUST0022188,ITEM0013,LOC0020,ORD00138771,,2025-09-26,,missing_value
RAT0074294,CUST0052403,,LOC0017,ORD00138728,,2025-09-26,It was okay.,missing_value
RAT0074305,CUST0040711,,LOC0011,ORD00137460,4,2025-09-26,,orphan_foreign_key
RAT0074314,CUST0022644,,LOC0020,ORD00136385,7,2025-09-26,,invalid_rating
RAT0074334,CUST0028106,ITEM0137,LOC0013,ORD00137272,4,,,invalid_date
RAT0074368,CUST0046096,,LOC0017,ORD00138437,4,2025-09-27,Good value for money.,orphan_foreign_key
RAT0074386,CUST0018988,ITEM0064,LOC0002,ORD00138732,3,,Decent but overpriced.,invalid_date
RAT0074405,CUST0005695,ITEM0068,LOC0002,ORD00138330,0,2025-09-27,,invalid_rating
RAT0074433,CUST0053483,ITEM0069,LOC0003,ORD00139442,4,2025-09-27,Tasty and fresh.,orphan_foreign_key
RAT0074479,CUST0028762,,LOC0015,ORD00138690,4,2025-09-27,,orphan_foreign_key
RAT0074496,CUST0048842,,LOC0008,ORD00139205,3,2025-09-27,,orphan_foreign_key
RAT0074551,CUST0053483,ITEM0147,LOC0003,ORD00139442,4,2025-09-27,,orphan_foreign_key
RAT0074553,CUST0054617,ITEM0002,LOC0004,ORD00139348,,2025-09-27,,missing_value
RAT0074554,CUST0022389,ITEM0137,LOC0017,ORD00139360,4,,Tasty and fresh.,invalid_date
RAT0074555,CUST0008756,,LOC9758,ORD00138093,3,2025-09-27,Good taste but late delivery.,invalid_restaurant_id
RAT0074558,CUST0000284,ITEM0152,LOC0008,ORD00136504,5,2025-09-27,,orphan_foreign_key
RAT0074595,CUST4701509,,LOC0002,ORD00139137,4,2025-09-27,,orphan_foreign_key
RAT0074596,CUST0045534,ITEM0068,LOC0023,ORD00139416,-1,2025-09-27,,invalid_rating
RAT0074599,CUST0026455,ITEM0043,LOC0015,ORD00139088,10,2025-09-27,,invalid_rating
RAT0074644,CUST0046454,ITEM0112,LOC0012,ORD00138814,2,2025-09-27,,orphan_foreign_key
RAT0074646,CUST0030800,ITEM0081,LOC0002,ORD00138758,5,2025-09-27,,orphan_foreign_key
RAT0074647,CUST0009864,ITEM0124,LOC0004,ORD00138568,,2025-09-27,Enjoyed the meal.,missing_value
RAT0074666,CUST0020334,ITEM0150,LOC0023,ORD00138094,3,2025-09-28,It was okay.,orphan_foreign_key
RAT0074686,CUST0026163,ITEM0015,LOC0001,ORD00138039,4,2025-09-28,Nice ambience and good service.,orphan_foreign_key
RAT0074710,CUST0014334,ITEM0004,LOC0004,ORD00140112,4,2025-09-28,Tasty and fresh.,orphan_foreign_key
RAT0074714,CUST0050343,ITEM0057,LOC0018,ORD00138862,0,2025-09-28,It was okay.,invalid_rating
RAT0074722,CUST0029760,ITEM0151,LOC0003,ORD00138826,4,2025-09-28,Enjoyed the meal.,orphan_foreign_key
RAT0074731,CUST0013933,,LOC0001,ORD00139006,,2025-09-28,,missing_value
RAT0074750,CUST0004189,ITEM0067,LOC7128,ORD00139833,3,2025-09-28,,invalid_restaurant_id
RAT0074754,CUST0031359,,LOC0025,ORD00140010,3,2025-09-28,,orphan_foreign_key
RAT0074759,CUST0037941,ITEM0139,LOC0019,ORD00137838,5,2025-09-28,,orphan_foreign_key
RAT0074770,CUST0019889,ITEM0126,LOC0002,ORD00139764,5,2025-09-28,,orphan_foreign_key
RAT0074784,CUST0031561,ITEM0003,LOC0017,ORD00140092,4,2025-09-28,,orphan_foreign_key
RAT0074798,CUST0035837,ITEM0148,LOC0022,ORD00139964,3,2025-09-28,,orphan_foreign_key
RAT0074801,CUST0023899,ITEM0071,LOC0005,ORD00140119,,2025-09-28,,missing_value
RAT0074834,CUST0018793,ITEM0068,LOC0008,ORD00139132,4,2025-09-28,"Good food, will order again.",orphan_foreign_key
RAT0074836,CUST0031359,ITEM0045,LOC0025,ORD00140010,4,2025-09-28,Nice ambience and good service.,orphan_foreign_key
RAT0074840,CUST0019889,ITEM0071,LOC0002,ORD00139764,6,2025-09-28,,invalid_rating
RAT0074845,CUST0014334,ITEM0116,LOC0004,ORD00140112,3,2025-09-28,It was okay.,orphan_foreign_key
RAT0074861,CUST0016698,ITEM0029,LOC1278,ORD00138999,4,2025-09-28,,invalid_restaurant_id
RAT0074867,CUST0039653,,LOC0010,ORD00139902,3,2025-09-28,It was okay.,orphan_foreign_key
RAT0074877,CUST0036295,,LOC0023,ORD00139914,4,2025-09-28,Good value for money.,orphan_foreign_key
RAT0074880,CUST0035666,ITEM0040,LOC0007,ORD00138064,,2025-09-28,,missing_value
RAT0074882,CUST0053473,ITEM0027,LOC0013,ORD00136690,2,2025-09-28,,orphan_foreign_key
RAT0074885,CUST0028264,ITEM0048,LOC0018,ORD00138432,3,2025-09-28,,orphan_foreign_key
RAT0074926,CUST0014346,ITEM0046,LOC0022,ORD00140113,55,2025-09-28,Enjoyed the meal.,invalid_rating
RAT0074930,CUST0032556,ITEM0081,LOC0024,ORD00139249,4,2025-09-28,,orphan_foreign_key
RAT0074944,CUST0004695,ITEM0015,LOC0015,ORD00137807,,2025-09-28,,missing_value
RAT0074953,CUST0006845,ITEM0045,LOC0016,ORD00138299,5,2025-09-28,,orphan_foreign_key
RAT0074975,CUST0022446,ITEM0066,LOC0015,ORD00139836,4,2025-09-29,,orphan_foreign_key
RAT0075004,CUST0031228,ITEM0068,LOC0001,ORD00137329,4,2025-09-29,,orphan_foreign_key
RAT0075030,CUST0039653,ITEM0075,LOC0010,ORD00139902,4,2025-09-29,"Good food, will order again.",orphan_foreign_key
RAT0075032,CUST0017017,ITEM0006,LOC0008,ORD00139189,4,2025-09-29,,orphan_foreign_key
RAT0075035,CUST0026111,ITEM0029,LOC0017,ORD00140134,3,2025-09-29,Good taste but late delivery.,orphan_foreign_key
RAT0075051,CUST0015420,ITEM0013,LOC0022,ORD00140437,,2025-09-29,,missing_value
RAT0075058,CUST0012425,ITEM0068,LOC0022,ORD00139275,3,2025-09-29,Decent but overpriced.,orphan_foreign_key
RAT0075062,CUST0036558,ITEM0004,LOC0008,ORD00140161,5,2025-09-29,,orphan_foreign_key
RAT0075064,CUST0042529,ITEM0013,LOC0011,ORD00139334,4,2025-09-29,,orphan_foreign_key
RAT0075067,CUST0031251,ITEM0148,LOC0004,ORD00139643,,2025-09-29,Tasty and fresh.,missing_value
RAT0075090,CUST0000945,ITEM0081,LOC0013,ORD00139951,4,2025-09-29,Tasty and fresh.,orphan_foreign_key
RAT0075121,CUST0021034,ITEM0109,LOC0007,ORD00140236,4,2025-09-29,,orphan_foreign_key
RAT0075126,CUST0009264,ITEM0148,LOC0012,ORD00139711,4,1970-01-01,,invalid_date
RAT0075152,CUST0011979,,LOC0004,ORD00139578,,2025-09-29,Decent but overpriced.,missing_value
RAT0075156,CUST0034454,ITEM0148,LOC0023,ORD00140282,0,2025-09-29,,invalid_rating
RAT0075177,CUST0045528,ITEM0115,LOC0003,ORD00140225,3,2025-09-29,"Taste was fine, packaging poor.",orphan_foreign_key
RAT0075181,CUST0005274,ITEM0134,LOC0003,ORD00138017,3,2025-09-29,,orphan_foreign_key
RAT0075225,CUST0048533,ITEM0065,LOC0003,ORD00140268,4,2027-11-05,"Good food, will order again.",invalid_date
RAT0075257,CUST0036295,ITEM0040,LOC0023,ORD00139914,3,2025-09-30,,orphan_foreign_key
RAT0075309,CUST0035845,ITEM0048,LOC0003,ORD00140651,10,2025-09-30,Enjoyed the meal.,invalid_rating
RAT0075322,CUST0020617,,LOC0018,ORD00140139,55,2025-09-30,Service was slow.,invalid_rating
RAT0075324,CUST0006672,ITEM0056,LOC0009,ORD00140235,,2025-09-30,,missing_value
RAT0075340,CUST0038112,ITEM0066,LOC0848,ORD00140431,4,2025-09-30,,invalid_restaurant_id
RAT0075348,CUST0053627,ITEM0089,LOC0003,ORD00139685,,2025-09-30,,missing_value
RAT0075362,CUST0049240,ITEM0068,LOC0022,ORD00140606,7,2025-09-30,,invalid_rating
RAT0075366,CUST0020833,ITEM0021,LOC0006,ORD00140566,6,2025-09-30,,invalid_rating
RAT0075368,CUST0053280,ITEM0113,LOC0001,ORD00140250,3,2025-09-30,,orphan_foreign_key
RAT0075374,CUST0001851,ITEM0135,LOC0012,ORD00139654,,2025-09-30,,missing_value
RAT0075394,CUST0027903,ITEM0065,LOC0011,ORD00140317,,2025-09-30,Decent but overpriced.,missing_value
RAT0075397,CUST0044652,ITEM0050,LOC0008,ORD00140555,7,2025-09-30,,invalid_rating
RAT0075410,CUST0032492,ITEM0033,LOC0004,ORD00140573,,2025-09-30,Decent but overpriced.,missing_value
RAT0075414,CUST0033324,ITEM0071,LOC0025,ORD00140644,4,2025-09-30,Enjoyed the meal.,orphan_foreign_key
RAT0075443,CUST3477984,ITEM0003,LOC0011,ORD00141150,5,2025-10-01,,orphan_foreign_key
RAT0075451,CUST0033615,ITEM0045,LOC0023,ORD00140954,5,2025-10-01,,orphan_foreign_key
RAT0075460,CUST0036645,ITEM0050,LOC0017,ORD00139957,7,2025-10-01,,invalid_rating
RAT0075484,CUST0019645,ITEM0046,LOC0003,ORD00140920,5,,Amazing food and friendly staff.,invalid_date
RAT0075497,CUST0044006,ITEM0013,LOC0010,ORD00141076,,2025-10-01,,missing_value
RAT0075520,CUST0023183,,LOC0008,ORD00141143,4,2025-10-01,Good value for money.,orphan_foreign_key
RAT0075522,CUST0026797,ITEM0106,LOC0009,ORD00140962,,2025-10-01,Perfect taste and quick service.,missing_value
RAT0075547,CUST0022643,ITEM0003,LOC0014,ORD00140507,3,2099-12-31,,invalid_date
RAT0075563,CUST0024895,ITEM0109,LOC0013,ORD00140977,2,2025-10-01,Took too long to arrive.,orphan_foreign_key
RAT0075578,CUST0039983,ITEM0045,LOC0002,ORD00140897,0,2025-10-01,,invalid_rating
RAT0075594,CUST0047586,ITEM0032,LOC0021,ORD00140730,,2025-10-01,,missing_value
RAT0075599,CUST0054373,ITEM0132,LOC0006,ORD00140935,0,2025-10-01,,invalid_rating
RAT0075608,CUST0020245,ITEM0102,LOC0001,ORD00141134,4,2025-10-01,,orphan_foreign_key
RAT0075612,CUST0008824,ITEM0033,LOC0009,ORD00140847,10,2025-10-01,,invalid_rating
RAT0075646,CUST0002883,ITEM0003,LOC0008,ORD00140609,4,2025-10-02,,orphan_foreign_key
RAT0075662,CUST0003017,ITEM0054,LOC0004,ORD00138702,,2025-10-02,,missing_value
RAT0075665,CUST0024851,ITEM0050,LOC0009,ORD00141176,,2025-10-02,Decent but overpriced.,missing_value
RAT0075673,CUST0003062,ITEM0002,LOC0002,ORD00140716,3,2025-10-02,,orphan_foreign_key
RAT0075680,CUST0009231,ITEM0051,LOC0007,ORD00139776,,2025-10-02,,missing_value
RAT0075686,CUST0051984,ITEM0138,LOC0003,ORD00140193,6,2025-10-02,,invalid_rating
RAT0075692,CUST0035357,ITEM0151,LOC0014,ORD00141502,4,2025-10-02,Enjoyed the meal.,orphan_foreign_key
RAT0075700,CUST0029659,ITEM0069,LOC0008,ORD00141470,5,2025-10-02,Best in town.,orphan_foreign_key
RAT0075708,CUST0053265,ITEM0071,LOC0004,ORD00141155,3,2027-11-05,,invalid_date
RAT0075751,CUST0029801,ITEM0068,LOC0001,ORD00140556,,2025-10-02,Highly recommended.,missing_value
RAT0075758,CUST0039532,ITEM0091,LOC0004,ORD00141014,5,2025-10-02,,orphan_foreign_key
RAT0075771,CUST0039290,ITEM0010,LOC0003,ORD00140998,-1,2025-10-02,Enjoyed the meal.,invalid_rating
RAT0075775,CUST0017851,,LOC6834,ORD00141438,4,2025-10-02,,invalid_restaurant_id
RAT0075782,CUST0017300,,LOC0003,ORD00141220,4,2025-10-02,Nice ambience and good service.,orphan_foreign_key
RAT0075783,CUST0039118,ITEM0160,LOC0008,ORD00140228,5,2099-12-31,,invalid_date
RAT0075791,CUST0033801,,LOC0014,ORD00141308,,2025-10-02,Good taste but late delivery.,missing_value
RAT0075798,CUST0021034,ITEM0043,LOC0007,ORD00140236,4,2025-10-02,,orphan_foreign_key
RAT0075814,CUST0028632,ITEM0148,LOC4550,ORD00141491,2,2025-10-02,,invalid_restaurant_id
RAT0075817,CUST0024895,ITEM0140,LOC0013,ORD00140977,4,2025-10-02,Tasty and fresh.,orphan_foreign_key
RAT0075856,CUST0018097,,LOC0007,ORD00138181,3,2025-10-02,,orphan_foreign_key
RAT0075857,CUST0002237,ITEM0093,LOC0008,ORD00141457,5,2025-10-02,,orphan_foreign_key
RAT0075865,CUST0028632,,LOC0017,ORD00141491,,2025-10-02,Good value for money.,missing_value
RAT0075904,CUST0036316,ITEM0058,LOC0011,ORD00142032,,2025-10-03,,missing_value
RAT0075922,CUST0051317,ITEM0065,LOC0003,ORD00141012,,2025-10-03,"Average, nothing special.",missing_value
RAT0075955,CUST0052389,ITEM0048,LOC0003,ORD00141520,4,2025-10-03,Good value for money.,orphan_foreign_key
RAT0075975,CUST0009138,ITEM0068,LOC0008,ORD00141829,3,2025-10-03,,orphan_foreign_key
RAT0075979,CUST0046770,ITEM0081,LOC0020,ORD00141120,3,2025-10-03,,orphan_foreign_key
RAT0075987,CUST0021772,ITEM0113,LOC0011,ORD00141632,4,1900-01-01,,invalid_date
RAT0076000,CUST0011341,ITEM0160,LOC0017,ORD00141541,3,2025-10-03,,orphan_foreign_key
RAT0076017,CUST0049761,ITEM0033,LOC0006,ORD00141558,3,2025-10-03,,orphan_foreign_key
RAT0076028,CUST0027903,ITEM0018,LOC0011,ORD00141450,0,2025-10-03,"Good food, will order again.",invalid_rating
RAT0076034,CUST0027907,ITEM0066,LOC0016,ORD00141741,3,2025-10-03,It was okay.,orphan_foreign_key
RAT0076051,CUST0049443,ITEM0151,LOC0005,ORD00141343,2,,,invalid_date
RAT0076080,CUST0048300,ITEM0067,LOC0019,ORD00141195,4,2025-10-03,,orphan_foreign_key
RAT0076090,CUST0025560,ITEM0113,LOC0001,ORD00140901,4,2025-10-03,,orphan_foreign_key
RAT0076123,CUST0007654,ITEM0150,LOC0023,ORD00141898,10,2025-10-04,,invalid_rating
RAT0076126,CUST0029659,ITEM0151,LOC0008,ORD00141470,3,2025-10-04,,orphan_foreign_key
RAT0076140,CUST0044595,,LOC0017,ORD00142383,3,2025-10-04,,orphan_foreign_key
RAT0076143,CUST0036382,ITEM0057,LOC0005,ORD00142436,,2025-10-04,,missing_value
RAT0076165,CUST0001332,,LOC0010,ORD00142225,3,2025-10-04,,orphan_foreign_key
RAT0076168,CUST0019716,ITEM0077,LOC0021,ORD00142336,,2025-10-04,,missing_value
RAT0076173,CUST0042166,,LOC0018,ORD00142042,10,2025-10-04,It was okay.,invalid_rating
RAT0076200,CUST0008929,ITEM0013,LOC0005,ORD00140855,4,2025-10-04,,orphan_foreign_key
RAT0076210,CUST0011033,ITEM0150,LOC0003,ORD00142541,,2025-10-04,,missing_value
RAT0076220,CUST0040934,ITEM0139,LOC0008,ORD00142554,,2025-10-04,,missing_value
RAT0076233,CUST0036387,ITEM0141,LOC0020,ORD00142557,1,2025-10-04,,orphan_foreign_key
RAT0076234,CUST0046115,,LOC4973,ORD00142217,4,2025-10-04,,invalid_restaurant_id
RAT0076253,CUST0031298,ITEM0048,LOC0014,ORD00142479,-1,2025-10-04,,invalid_rating
RAT0076273,CUST0044921,ITEM0124,LOC0012,ORD00142330,6,2025-10-04,"Average, nothing special.",invalid_rating
RAT0076276,CUST0042340,ITEM0157,LOC0019,ORD00141288,3,1900-01-01,,invalid_date
RAT0076278,CUST0032702,ITEM0046,LOC0008,ORD00141030,,2025-10-04,"Excellent, loved it!",missing_value
RAT0076286,CUST0043501,,LOC0012,ORD00142060,10,2025-10-04,Perfect taste and quick service.,invalid_rating
RAT0076287,CUST0038845,ITEM0159,LOC0019,ORD00141837,55,2025-10-04,,invalid_rating
RAT0076321,CUST0051788,,LOC0013,ORD00141894,,2025-10-04,,missing_value
RAT0076326,CUST0033704,ITEM0040,LOC0013,ORD00142338,,2025-10-04,,missing_value
RAT0076330,CUST0021060,ITEM0050,LOC0002,ORD00142117,-1,2025-10-04,,invalid_rating
RAT0076342,CUST0038571,ITEM0135,LOC0018,ORD00142045,4,2025-10-04,,orphan_foreign_key
RAT0076386,CUST0003839,ITEM0020,LOC0012,ORD00141230,7,2025-10-04,,invalid_rating
RAT0076391,CUST0010300,ITEM0068,LOC0001,ORD00141890,,2025-10-04,Nice ambience and good service.,missing_value
RAT0076436,CUST0013614,,LOC0022,ORD00142288,,2025-10-05,,missing_value
RAT0076478,CUST0028065,ITEM0109,LOC0002,ORD00142034,,2025-10-05,Enjoyed the meal.,missing_value
RAT0076503,CUST0000692,ITEM0045,LOC0003,ORD00142952,0,2025-10-05,,invalid_rating
RAT0076509,CUST0035160,ITEM0012,LOC5748,ORD00142370,3,2025-10-05,It was okay.,invalid_restaurant_id
RAT0076529,CUST0022702,ITEM0118,LOC0009,ORD00141593,4,2025-10-05,,orphan_foreign_key
RAT0076536,CUST0051726,ITEM0015,LOC0013,ORD00142075,,2025-10-05,,missing_value
RAT0076538,CUST0028536,ITEM0068,LOC0007,ORD00140942,3,2025-10-05,,orphan_foreign_key
RAT0076543,CUST0005604,ITEM0091,LOC0004,ORD00141318,,2025-10-05,,missing_value
RAT0076559,CUST0032191,ITEM0089,LOC0014,ORD00142577,5,2025-10-05,,orphan_foreign_key
RAT0076566,CUST0041926,ITEM0055,LOC0003,ORD00141848,4,2025-10-05,,orphan_foreign_key
RAT0076579,CUST0023811,ITEM0077,LOC0007,ORD00143144,5,2025-10-05,,orphan_foreign_key
RAT0076609,CUST0028574,ITEM0160,LOC0017,ORD00142430,,2025-10-05,,missing_value
RAT0076628,CUST0050277,ITEM0048,LOC0011,ORD00142870,,2025-10-05,,missing_value
RAT0076632,CUST7488674,ITEM0113,LOC0012,ORD00142854,3,2025-10-05,,orphan_foreign_key
RAT0076652,CUST0038899,,LOC0024,ORD00142119,2,1970-01-01,Service was slow.,invalid_date
RAT0076656,CUST0024754,ITEM0151,LOC0013,ORD00142907,,2025-10-05,,missing_value
RAT0076657,CUST0006678,ITEM0003,LOC0012,ORD00142642,2,2025-10-05,Portion was too small.,orphan_foreign_key
RAT0076680,CUST0053970,ITEM0113,LOC0001,ORD00142715,3,2025-10-05,,orphan_foreign_key
RAT0076695,CUST0044734,ITEM0023,LOC0003,ORD00141601,2,2031-07-22,Took too long to arrive.,invalid_date
RAT0076711,CUST0036260,ITEM0032,LOC0013,ORD00142328,4,2025-10-05,"Good food, will order again.",orphan_foreign_key
RAT0076720,CUST0032795,ITEM0062,LOC0001,ORD00142222,5,2025-10-05,,orphan_foreign_key
RAT0076744,CUST0003096,,LOC0013,ORD00143358,4,2025-10-06,,orphan_foreign_key
RAT0076746,CUST0006372,ITEM0038,LOC0003,ORD00143027,4,2025-10-06,,orphan_foreign_key
RAT0076755,CUST0021336,ITEM0033,LOC0018,ORD00143357,2,2025-10-06,,orphan_foreign_key
RAT0076756,CUST0004574,ITEM0095,LOC0010,ORD00143515,4,1900-01-01,,invalid_date
RAT0076768,CUST0037173,ITEM0027,LOC0004,ORD00140284,10,2025-10-06,,invalid_rating
RAT0076790,CUST0040296,ITEM0151,LOC5923,ORD00142453,3,2025-10-06,It was okay.,invalid_restaurant_id
RAT0076803,CUST0049849,ITEM0060,LOC0008,ORD00143439,4,2025-10-06,,orphan_foreign_key
RAT0076821,CUST0023811,ITEM0068,LOC0007,ORD00143144,-1,2025-10-06,Enjoyed the meal.,invalid_rating
RAT0076825,CUST0036964,ITEM0093,LOC0005,ORD00142297,3,2025-10-06,,orphan_foreign_key
RAT0076836,CUST0034084,ITEM0067,LOC0009,ORD00143453,5,2025-10-06,,orphan_foreign_key
RAT0076848,CUST0001475,ITEM0046,LOC0004,ORD00143390,3,2025-10-06,Decent but overpriced.,orphan_foreign_key
RAT0076852,CUST0018657,ITEM0044,LOC0007,ORD00143309,4,2025-10-06,,orphan_foreign_key
RAT0076873,CUST0032357,ITEM0152,LOC0001,ORD00143286,4,2025-10-06,,orphan_foreign_key
RAT0076874,CUST0030216,ITEM0059,LOC0008,ORD00143216,5,2025-10-06,,orphan_foreign_key
RAT0076876,CUST0042133,ITEM0151,LOC0013,ORD00143236,,2025-10-06,,missing_value
RAT0076881,CUST0042133,ITEM0066,LOC2908,ORD00143236,5,2025-10-06,"Excellent, loved it!",invalid_restaurant_id
RAT0076884,CUST0052349,ITEM0074,LOC0014,ORD00143530,3,2025-10-06,,orphan_foreign_key
RAT0076889,CUST0021294,ITEM0134,LOC4235,ORD00142197,4,2025-10-06,,invalid_restaurant_id
RAT0076895,CUST0006678,ITEM0151,LOC0012,ORD00142642,3,2025-10-06,,orphan_foreign_key
RAT0076896,CUST0044595,ITEM0068,LOC0017,ORD00142383,4,2025-10-06,,orphan_foreign_key
RAT0076927,CUST0042329,ITEM0057,LOC0008,ORD00143254,5,2025-10-06,Perfect taste and quick service.,orphan_foreign_key
RAT0076928,CUST0018782,ITEM0038,LOC0005,ORD00143373,4,2025-10-06,"Good food, will order again.",orphan_foreign_key
RAT0076937,CUST0053030,ITEM0036,LOC0001,ORD00143334,10,2025-10-06,,invalid_rating
RAT0076940,CUST0013260,ITEM0070,LOC0004,ORD00143293,,2025-10-06,,missing_value
RAT0076950,CUST0034469,,LOC0007,ORD00143178,4,2025-10-06,,orphan_foreign_key
RAT0076951,CUST0010846,ITEM0156,LOC0002,ORD00141985,55,2025-10-06,,invalid_rating
RAT0076956,CUST0032387,ITEM0134,LOC0006,ORD00143451,4,2025-10-06,,orphan_foreign_key
RAT0076958,CUST0023811,ITEM0055,LOC0007,ORD00143144,4,2025-10-06,,orphan_foreign_key
RAT0076961,CUST0051693,ITEM0055,LOC0007,ORD00142615,5,,Perfect taste and quick service.,invalid_date
RAT0076970,CUST0015666,,LOC0019,ORD00142786,4,2025-10-06,,orphan_foreign_key
RAT0076978,CUST0014485,ITEM0090,LOC0023,ORD00143252,,2025-10-06,,missing_value
RAT0076984,CUST0054240,ITEM0033,LOC0011,ORD00142800,4,2025-10-06,,orphan_foreign_key
RAT0076995,CUST0021336,ITEM0048,LOC0018,ORD00143357,4,2025-10-06,,orphan_foreign_key
RAT0077000,CUST0049348,ITEM0044,LOC7114,ORD00143229,2,2025-10-07,Service was slow.,invalid_restaurant_id
RAT0077029,CUST0030216,ITEM0151,LOC0008,ORD00143216,5,2025-10-07,Amazing food and friendly staff.,orphan_foreign_key
RAT0077032,CUST0054227,ITEM0023,LOC0023,ORD00143240,,2025-10-07,,missing_value
RAT0077037,CUST0001387,ITEM0084,LOC0023,ORD00143697,5,2025-10-07,,orphan_foreign_key
RAT0077053,CUST0050962,,LOC0011,ORD00143761,,2025-10-07,,missing_value
RAT0077068,CUST0046308,ITEM0112,LOC0023,ORD00143772,3,2025-10-07,,orphan_foreign_key
RAT0077090,CUST0024945,ITEM0151,LOC0014,ORD00141068,,2025-10-07,,missing_value
RAT0077152,CUST0007096,ITEM0033,LOC0012,ORD00143858,10,2025-10-07,Nice ambience and good service.,invalid_rating
RAT0077156,CUST0023811,ITEM0005,LOC0007,ORD00143144,5,2025-10-07,Best in town.,orphan_foreign_key
RAT0077170,CUST0003096,ITEM0005,LOC0013,ORD00143358,4,2025-10-07,,orphan_foreign_key
RAT0077193,CUST1032760,ITEM0138,LOC0009,ORD00144000,3,2025-10-08,"Taste was fine, packaging poor.",orphan_foreign_key
RAT0077204,CUST0012946,ITEM0044,LOC0007,ORD00144015,5,2025-10-08,,orphan_foreign_key
RAT0077211,CUST0012086,ITEM0086,LOC0007,ORD00143448,4,2025-10-08,Good value for money.,orphan_foreign_key
RAT0077220,CUST0035079,ITEM0081,LOC0002,ORD00143713,3,1900-01-01,,invalid_date
RAT0077243,CUST0031593,ITEM0065,LOC0015,ORD00139857,,2025-10-08,,missing_value
RAT0077268,CUST0044699,ITEM0091,LOC0023,ORD00144209,6,2025-10-08,Enjoyed the meal.,invalid_rating
RAT0077286,CUST0004202,ITEM0057,LOC0003,ORD00144146,,2025-10-08,,missing_value
RAT0077290,CUST0042329,ITEM0137,LOC0008,ORD00143254,4,2025-10-08,,orphan_foreign_key
RAT0077304,CUST0048021,ITEM0138,LOC0020,ORD00143659,3,2025-10-08,"Taste was fine, packaging poor.",orphan_foreign_key
RAT0077330,CUST0009904,ITEM0023,LOC0006,ORD00143937,3,2025-10-08,,orphan_foreign_key
RAT0077338,CUST0012582,ITEM0151,LOC0004,ORD00142809,5,2025-10-08,,orphan_foreign_key
RAT0077343,CUST0002224,ITEM0151,LOC0008,ORD00142071,,2025-10-08,,missing_value
RAT0077358,CUST0001180,ITEM0036,LOC0012,ORD00143874,,2025-10-08,,missing_value
RAT0077369,CUST0020443,ITEM0064,LOC0004,ORD00143993,4,2025-10-08,,orphan_foreign_key
RAT0077375,CUST0020038,ITEM0040,LOC0004,ORD00144145,3,2025-10-08,"Average, nothing special.",orphan_foreign_key
RAT0077380,CUST0032394,ITEM0105,LOC0020,ORD00143791,,2025-10-08,"Average, nothing special.",missing_value
RAT0077411,CUST0040426,,LOC0007,ORD00144310,3,2025-10-09,"Taste was fine, packaging poor.",orphan_foreign_key
RAT0077439,CUST0020231,ITEM0004,LOC0023,ORD00141873,5,2027-11-05,"Excellent, loved it!",invalid_date
RAT0077459,CUST0038155,ITEM0048,LOC0018,ORD00144299,2,2025-10-09,,orphan_foreign_key
RAT0077474,CUST0019112,ITEM0098,LOC0017,ORD00143781,10,2025-10-09,It was okay.,invalid_rating
RAT0077484,CUST0052956,ITEM0136,LOC0025,ORD00144360,,2025-10-09,Tasty and fresh.,missing_value
RAT0077493,CUST0003275,ITEM0049,LOC0017,ORD00144055,4,2025-10-09,,orphan_foreign_key
RAT0077513,CUST0034084,ITEM0113,LOC0009,ORD00143453,3,2025-10-09,Good taste but late delivery.,orphan_foreign_key
RAT0077526,CUST0008874,ITEM0046,LOC0018,ORD00143925,3,2025-10-09,,orphan_foreign_key
RAT0077531,CUST8693269,ITEM0135,LOC0001,ORD00144557,3,2025-10-09,,orphan_foreign_key
RAT0077540,CUST0006161,ITEM0025,LOC0013,ORD00143902,55,2025-10-09,,invalid_rating
RAT0077546,CUST7678540,,LOC0003,ORD00144490,4,2025-10-09,,orphan_foreign_key
RAT0077558,CUST0041922,ITEM0143,LOC0008,ORD00143905,10,2025-10-09,,invalid_rating
RAT0077559,CUST0038155,,LOC0018,ORD00144299,3,2025-10-09,"Average, nothing special.",orphan_foreign_key
RAT0077561,CUST0030216,ITEM0045,LOC0008,ORD00143216,5,2025-10-09,Perfect taste and quick service.,orphan_foreign_key
RAT0077564,CUST0052605,ITEM0012,LOC0020,ORD00144570,,2025-10-09,"Excellent, loved it!",missing_value
RAT0077571,CUST0039041,ITEM0049,LOC0020,ORD00144303,5,,Highly recommended.,invalid_date
RAT0077584,CUST0003009,ITEM0062,LOC0007,ORD00142132,4,2025-10-09,,orphan_foreign_key
RAT0077627,CUST0046052,ITEM0124,LOC0005,ORD00144827,,2025-10-10,,missing_value
RAT0077630,CUST0039109,ITEM0061,LOC0023,ORD00144893,2,,,invalid_date
RAT0077658,CUST0012946,ITEM0148,LOC0007,ORD00144015,5,2025-10-10,,orphan_foreign_key
RAT0077666,CUST0042647,ITEM0083,LOC0023,ORD00145156,5,2025-10-10,,orphan_foreign_key
RAT0077678,CUST0045223,ITEM0093,LOC0018,ORD00144847,6,2025-10-10,,invalid_rating
RAT0077705,CUST0038155,ITEM0138,LOC0018,ORD00144299,3,2025-10-10,,orphan_foreign_key
RAT0077710,CUST0034265,ITEM0125,LOC0004,ORD00144814,4,2025-10-10,Nice ambience and good service.,orphan_foreign_key
RAT0077716,CUST0004318,,LOC0016,ORD00143994,4,2025-10-10,,orphan_foreign_key
RAT0077736,CUST0035170,ITEM0115,LOC0002,ORD00145130,4,2025-10-10,,orphan_foreign_key
RAT0077744,CUST0034699,,LOC0018,ORD00144698,,2025-10-10,,missing_value
RAT0077779,CUST0648344,ITEM0070,LOC0009,ORD00145057,4,2025-10-10,"Good food, will order again.",orphan_foreign_key
RAT0077781,CUST0046667,ITEM0036,LOC0012,ORD00144715,3,2025-10-10,,orphan_foreign_key
RAT0077817,CUST0051303,,LOC0021,ORD00143185,3,,,invalid_date
RAT0077823,CUST0034265,ITEM0098,LOC0004,ORD00144814,5,2025-10-10,Amazing food and friendly staff.,orphan_foreign_key
RAT0077831,CUST0053280,ITEM0052,LOC0001,ORD00144858,5,2025-10-10,Amazing food and friendly staff.,orphan_foreign_key
RAT0077882,CUST0030216,ITEM0066,LOC0008,ORD00143216,3,2025-10-10,"Average, nothing special.",orphan_foreign_key
RAT0077890,CUST0011486,ITEM0148,LOC0013,ORD00145006,10,2025-10-10,,invalid_rating
RAT0077914,CUST0022014,ITEM0004,LOC0014,ORD00145653,4,2025-10-11,Enjoyed the meal.,orphan_foreign_key
RAT0077917,CUST0024897,ITEM0057,LOC0010,ORD00145500,3,2025-10-11,Good taste but late delivery.,orphan_foreign_key
RAT0077927,CUST9907901,ITEM0143,LOC0021,ORD00145446,2,2025-10-11,Below average taste.,orphan_foreign_key
RAT0077944,CUST0000397,ITEM0031,LOC0015,ORD00145670,4,2025-10-11,,orphan_foreign_key
RAT0077957,CUST6561618,ITEM0081,LOC0008,ORD00145162,5,2025-10-11,,orphan_foreign_key
RAT0077958,CUST0047201,ITEM0151,LOC0021,ORD00144097,10,2025-10-11,,invalid_rating
RAT0077959,CUST0019429,ITEM0068,LOC0004,ORD00145693,7,2025-10-11,,invalid_rating
RAT0077966,CUST0006236,ITEM0135,LOC0018,ORD00144932,4,2025-10-11,Nice ambience and good service.,orphan_foreign_key
RAT0077972,CUST0039109,ITEM0155,LOC0023,ORD00144893,3,2025-10-11,,orphan_foreign_key
RAT0077985,CUST0036964,ITEM0068,LOC0005,ORD00143625,4,2025-10-11,,orphan_foreign_key
RAT0077989,CUST0053280,ITEM0121,LOC0001,ORD00144858,4,2025-10-11,,orphan_foreign_key
RAT0077990,CUST0024897,ITEM0068,LOC0010,ORD00145500,3,2025-10-11,,orphan_foreign_key
RAT0077994,CUST0018782,,LOC0005,ORD00143373,4,2025-10-11,,orphan_foreign_key
RAT0077998,CUST0015496,ITEM0058,LOC0001,ORD00145571,3,2025-10-11,It was okay.,orphan_foreign_key
RAT0078005,CUST0046949,ITEM0033,LOC0013,ORD00145570,,2025-10-11,,missing_value
RAT0078010,CUST0014294,ITEM0145,LOC0007,ORD00145166,4,2025-10-11,,orphan_foreign_key
RAT0078012,CUST0008952,ITEM0135,LOC0018,ORD00145495,5,2025-10-11,"Excellent, loved it!",orphan_foreign_key
RAT0078015,CUST0041924,ITEM0134,LOC0010,ORD00145459,,2025-10-11,Good taste but late delivery.,missing_value
RAT0078034,CUST0034265,ITEM0056,LOC0004,ORD00144814,3,2025-10-11,Good taste but late delivery.,orphan_foreign_key
RAT0078039,CUST0017889,,LOC0022,ORD00143436,4,2025-10-11,Nice ambience and good service.,orphan_foreign_key
RAT0078040,CUST0005604,ITEM0151,LOC0004,ORD00144625,3,2025-10-11,,orphan_foreign_key
RAT0078048,CUST0039261,,LOC0009,ORD00144706,5,,,invalid_date
RAT0078061,CUST0003801,ITEM0068,LOC0458,ORD00145131,4,2025-10-11,,invalid_restaurant_id
RAT0078062,CUST0038302,,LOC0009,ORD00144828,2,2025-10-11,,orphan_foreign_key
RAT0078068,CUST0036505,ITEM0049,LOC0005,ORD00144874,3,2025-10-11,,orphan_foreign_key
RAT0078090,CUST0045856,ITEM0130,LOC0013,ORD00145644,5,2025-10-11,,orphan_foreign_key
RAT0078153,CUST0037764,ITEM0098,LOC0005,ORD00145173,,2025-10-11,"Average, nothing special.",missing_value
RAT0078159,CUST0018160,ITEM0147,LOC0002,ORD00145564,4,2025-10-11,Enjoyed the meal.,orphan_foreign_key
RAT0078176,CUST0041459,ITEM0094,LOC0002,ORD00144701,,2025-10-11,,missing_value
RAT0078180,CUST0018793,ITEM0042,LOC0011,ORD00144515,5,2025-10-12,,orphan_foreign_key
RAT0078181,CUST0027573,,LOC0013,ORD00145972,5,2025-10-12,Amazing food and friendly staff.,orphan_foreign_key
RAT0078204,CUST0006630,ITEM0135,LOC0003,ORD00145929,4,2025-10-12,,orphan_foreign_key
RAT0078221,CUST7344653,ITEM0119,LOC0009,ORD00146238,4,2025-10-12,,orphan_foreign_key
RAT0078229,CUST0017102,ITEM0035,LOC0025,ORD00145616,3,2025-10-12,"Taste was fine, packaging poor.",orphan_foreign_key
RAT0078230,CUST0041042,ITEM0004,LOC0002,ORD00145740,4,2025-10-12,,orphan_foreign_key
RAT0078239,CUST0018156,ITEM0100,LOC0017,ORD00146108,3,,"Average, nothing special.",invalid_date
RAT0078253,CUST0023146,ITEM0130,LOC0007,ORD00145264,5,2025-10-12,,orphan_foreign_key
RAT0078279,CUST0004140,,LOC0008,ORD00145877,0,2025-10-12,,invalid_rating
RAT0078287,CUST0027573,ITEM0034,LOC0013,ORD00144808,3,2025-10-12,,orphan_foreign_key
RAT0078313,CUST0009266,ITEM0054,LOC0011,ORD00144483,10,2025-10-12,,invalid_rating
RAT0078314,CUST1149977,ITEM0064,LOC0005,ORD00145824,2,2025-10-12,,orphan_foreign_key
RAT0078320,CUST0044617,ITEM0077,LOC0009,ORD00145533,,2025-10-12,,missing_value
RAT0078334,CUST0044547,,LOC0008,ORD00145882,,2025-10-12,,missing_value
RAT0078341,CUST0041715,,LOC0015,ORD00146010,3,2025-10-12,,orphan_foreign_key
RAT0078359,CUST0045085,ITEM0151,LOC0008,ORD00145923,2,2025-10-12,,orphan_foreign_key
RAT0078370,CUST0050873,ITEM0153,LOC0006,ORD00144650,5,,,invalid_date
RAT0078377,CUST0005336,ITEM0068,LOC0004,ORD00145822,2,2025-10-12,,orphan_foreign_key
RAT0078381,CUST0020307,ITEM0033,LOC0024,ORD00145766,3,2025-10-12,,orphan_foreign_key
RAT0078382,CUST0019181,ITEM0013,LOC0008,ORD00145973,5,2025-10-12,,orphan_foreign_key
RAT0078408,CUST0041515,ITEM0151,LOC0615,ORD00144389,4,2025-10-12,,invalid_restaurant_id
RAT0078430,CUST0028711,ITEM0023,LOC0001,ORD00145986,2,1900-01-01,Portion was too small.,invalid_date
RAT0078440,CUST0003819,ITEM0027,LOC0009,ORD00144283,3,2025-10-12,It was okay.,orphan_foreign_key
RAT0078448,CUST0027573,ITEM0134,LOC0013,ORD00145972,4,2025-10-12,,orphan_foreign_key
RAT0078451,CUST0037197,ITEM0075,LOC0019,ORD00144045,4,2025-10-12,,orphan_foreign_key
RAT0078457,CUST0036964,ITEM0068,LOC0020,ORD00145513,2,2025-10-12,,orphan_foreign_key
RAT0078483,CUST0035744,ITEM0037,LOC0023,ORD00146524,4,2025-10-13,,orphan_foreign_key
RAT0078501,CUST0030137,ITEM0064,LOC0012,ORD00145198,10,2025-10-13,,invalid_rating
RAT0078502,CUST8851017,ITEM0045,LOC0025,ORD00146219,4,2025-10-13,,orphan_foreign_key
RAT0078516,CUST0051318,ITEM0124,LOC0003,ORD00146413,-1,2025-10-13,"Taste was fine, packaging poor.",invalid_rating
RAT0078552,CUST0041495,ITEM0042,LOC0012,ORD00146096,4,2025-10-13,Enjoyed the meal.,orphan_foreign_key
RAT0078554,CUST0021043,,LOC0658,ORD00146204,4,2025-10-13,,invalid_restaurant_id
RAT0078557,CUST0022650,ITEM0149,LOC0009,ORD00145447,3,2025-10-13,,orphan_foreign_key
RAT0078561,CUST0020334,ITEM0057,LOC0023,ORD00146463,2,2025-10-13,,orphan_foreign_key
RAT0078573,CUST0017063,ITEM0024,LOC0010,ORD00146439,4,2025-10-13,Enjoyed the meal.,orphan_foreign_key
RAT0078588,CUST0024897,ITEM0108,LOC0010,ORD00146090,4,2025-10-13,Enjoyed the meal.,orphan_foreign_key
RAT0078595,CUST0029191,,LOC0020,ORD00146275,4,2025-10-13,,orphan_foreign_key
RAT0078611,CUST0023242,ITEM0112,LOC0003,ORD00145042,3,2025-10-13,Decent but overpriced.,orphan_foreign_key
RAT0078621,CUST0005604,ITEM0002,LOC0004,ORD00144625,4,2025-10-13,,orphan_foreign_key
RAT0078626,CUST0040082,,LOC8762,ORD00145828,4,2025-10-13,Enjoyed the meal.,invalid_restaurant_id
RAT0078627,CUST0003819,,LOC0009,ORD00144283,4,2025-10-13,Nice ambience and good service.,orphan_foreign_key
RAT0078647,CUST0035744,ITEM0068,LOC0023,ORD00146524,4,2025-10-13,,orphan_foreign_key
RAT0078648,CUST0014270,ITEM0020,LOC0009,ORD00146598,5,2025-10-13,,orphan_foreign_key
RAT0078677,CUST0039667,ITEM0061,LOC0009,ORD00144773,2,2025-10-13,,orphan_foreign_key
RAT0078678,CUST0019181,ITEM0159,LOC0008,ORD00145973,3,2025-10-13,,orphan_foreign_key
RAT0078686,CUST0014379,ITEM0077,LOC0318,ORD00146375,3,2025-10-13,,invalid_restaurant_id
RAT0078689,CUST0032168,ITEM0054,LOC0022,ORD00146335,,2025-10-13,,missing_value
RAT0078694,CUST0006945,,LOC0020,ORD00145600,4,2025-10-13,,orphan_foreign_key
RAT0078702,CUST0041785,,LOC0010,ORD00146453,6,2025-10-13,,invalid_rating
RAT0078728,CUST0019176,ITEM0081,LOC0006,ORD00145949,,2025-10-14,Good value for money.,missing_value
RAT0078730,CUST0024224,ITEM0041,LOC0010,ORD00146076,,2025-10-14,"Taste was fine, packaging poor.",missing_value
RAT0078744,CUST0051017,ITEM0139,LOC0008,ORD00147044,4,,,invalid_date
RAT0078751,CUST0050481,ITEM0061,LOC0021,ORD00146725,10,2025-10-14,,invalid_rating
RAT0078754,CUST0010763,ITEM0037,LOC0012,ORD00145595,,2025-10-14,,missing_value
RAT0078763,CUST0027633,ITEM0135,LOC0009,ORD00146663,55,2025-10-14,,invalid_rating
RAT0078767,CUST0046285,ITEM0091,LOC0001,ORD00146389,10,2025-10-14,Good value for money.,invalid_rating
RAT0078792,CUST0036964,ITEM0071,LOC0005,ORD00146929,2,2025-10-14,,orphan_foreign_key
RAT0078815,CUST0010288,ITEM0035,LOC0006,ORD00146506,3,2025-10-14,,orphan_foreign_key
RAT0078841,CUST0037090,ITEM0029,LOC0018,ORD00147001,10,2025-10-14,,invalid_rating
RAT0078848,CUST0043567,ITEM0066,LOC0022,ORD00146953,7,2025-10-14,Highly recommended.,invalid_rating
RAT0078859,CUST0042424,ITEM0062,LOC0017,ORD00145673,4,2025-10-14,,orphan_foreign_key
RAT0078861,CUST0054949,ITEM0066,LOC0001,ORD00146701,4,2025-10-14,,orphan_foreign_key
RAT0078937,CUST0027526,ITEM0025,LOC0009,ORD00146880,5,2025-10-14,"Excellent, loved it!",orphan_foreign_key
RAT0078947,CUST0007087,ITEM0057,LOC0018,ORD00146231,3,2025-10-14,,orphan_foreign_key
RAT0078951,CUST0001939,ITEM0023,LOC0013,ORD00144985,,2025-10-15,Decent but overpriced.,missing_value
RAT0078968,CUST0044605,,LOC0013,ORD00147134,,2025-10-15,,missing_value
RAT0078971,CUST0002262,ITEM0019,LOC0004,ORD00146816,,2025-10-15,,missing_value
RAT0079004,CUST0020307,,LOC0024,ORD00145766,1,2025-10-15,,orphan_foreign_key
RAT0079012,CUST0009263,ITEM0049,LOC0002,ORD00147021,4,2025-10-15,,orphan_foreign_key
RAT0079014,CUST0027681,ITEM0046,LOC0008,ORD00147183,,2025-10-15,,missing_value
RAT0079022,CUST0021741,ITEM0035,LOC0023,ORD00146739,-1,2025-10-15,Nice ambience and good service.,invalid_rating
RAT0079039,CUST0018658,ITEM0150,LOC0022,ORD00146923,4,2025-10-15,,orphan_foreign_key
RAT0079053,CUST0046273,ITEM0143,LOC0003,ORD00147339,3,2025-10-15,,orphan_foreign_key
RAT0079131,CUST0024895,ITEM0068,LOC0013,ORD00147396,4,2025-10-15,Good value for money.,orphan_foreign_key
RAT0079183,CUST0024895,ITEM0094,LOC0013,ORD00147396,2,2025-10-16,,orphan_foreign_key
RAT0079199,CUST0004450,ITEM0114,LOC5232,ORD00147198,4,2025-10-16,Nice ambience and good service.,invalid_restaurant_id
RAT0079205,CUST0024162,ITEM0046,LOC0017,ORD00146922,4,2025-10-16,,orphan_foreign_key
RAT0079260,CUST0005819,ITEM0047,LOC0008,ORD00147501,,2025-10-16,,missing_value
RAT0079284,CUST0012278,ITEM0057,LOC5565,ORD00147393,4,2025-10-16,Enjoyed the meal.,invalid_restaurant_id
RAT0079334,CUST0001753,ITEM0132,LOC0018,ORD00147605,3,2025-10-16,,orphan_foreign_key
RAT0079350,CUST0002190,ITEM0045,LOC0016,ORD00146811,5,,Perfect taste and quick service.,invalid_date
RAT0079353,CUST0014317,,LOC0025,ORD00147710,4,2025-10-16,Nice ambience and good service.,orphan_foreign_key
RAT0079361,CUST0011429,ITEM0095,LOC0004,ORD00147146,4,1970-01-01,,invalid_date
RAT0079372,CUST0011847,ITEM0062,LOC0017,ORD00147523,4,2025-10-16,,orphan_foreign_key
RAT0079391,CUST0022937,ITEM0134,LOC0023,ORD00148150,,2025-10-17,,missing_value
RAT0079400,CUST0010596,,LOC0519,ORD00148046,4,2025-10-17,Nice ambience and good service.,invalid_restaurant_id
RAT0079413,CUST0037368,,LOC0023,ORD00147988,4,2025-10-17,Nice ambience and good service.,orphan_foreign_key
RAT0079434,CUST0019065,ITEM0046,LOC0018,ORD00146876,5,2025-10-17,,orphan_foreign_key
RAT0079436,CUST0047595,ITEM0083,LOC0023,ORD00147840,55,2025-10-17,"Good food, will order again.",invalid_rating
RAT0079441,CUST0030423,ITEM0116,LOC7484,ORD00147960,4,2025-10-17,Nice ambience and good service.,invalid_restaurant_id
RAT0079451,CUST0011524,,LOC0019,ORD00147149,4,2025-10-17,,orphan_foreign_key
RAT0079484,CUST0002058,ITEM0003,LOC0010,ORD00147519,6,2025-10-17,,invalid_rating
RAT0079508,CUST0008844,ITEM0135,LOC0001,ORD00148038,,2025-10-17,Highly recommended.,missing_value
RAT0079519,CUST0054918,ITEM0051,LOC0007,ORD00147963,2,2025-10-17,Portion was too small.,orphan_foreign_key
RAT0079526,CUST0017620,ITEM0021,LOC0023,ORD00147090,5,2025-10-17,Best in town.,orphan_foreign_key
RAT0079538,CUST0044662,ITEM0094,LOC0021,ORD00148139,,2025-10-17,,missing_value
RAT0079543,CUST0036250,ITEM0049,LOC0015,ORD00148111,,2025-10-17,,missing_value
RAT0079557,CUST0008629,ITEM0153,LOC0010,ORD00148159,,2025-10-17,,missing_value
RAT0079560,CUST0009263,ITEM0148,LOC0002,ORD00147021,4,2025-10-17,,orphan_foreign_key
RAT0079564,CUST0042405,ITEM0134,LOC3180,ORD00146771,5,2025-10-17,,invalid_restaurant_id
RAT0079569,CUST0052583,,LOC0005,ORD00148066,,2025-10-17,,missing_value
RAT0079588,CUST0016432,ITEM0033,LOC0012,ORD00148047,4,2025-10-17,,orphan_foreign_key
RAT0079601,CUST0025153,ITEM0071,LOC0016,ORD00147781,,2025-10-17,Tasty and fresh.,missing_value
RAT0079609,CUST0052000,ITEM0033,LOC0014,ORD00148140,,2025-10-17,,missing_value
RAT0079650,CUST0053873,,LOC0003,ORD00148584,4,2025-10-18,,orphan_foreign_key
RAT0079690,CUST0009007,ITEM0092,LOC0014,ORD00148423,5,2025-10-18,,orphan_foreign_key
RAT0079692,CUST0037129,ITEM0031,LOC0011,ORD00148250,4,1970-01-01,,invalid_date
RAT0079701,CUST0012582,ITEM0151,LOC0006,ORD00148041,4,2025-10-18,,orphan_foreign_key
RAT0079713,CUST0016951,ITEM0121,LOC0001,ORD00148651,,2025-10-18,,missing_value
RAT0079734,CUST0012781,ITEM0121,LOC0023,ORD00148314,4,2025-10-18,,orphan_foreign_key
RAT0079763,CUST0004838,ITEM0032,LOC0008,ORD00148534,,2025-10-18,,missing_value
RAT0079798,CUST0007113,ITEM0134,LOC0018,ORD00147377,55,2025-10-18,,invalid_rating
RAT0079802,CUST0013494,ITEM0055,LOC0021,ORD00148634,,2025-10-18,,missing_value
RAT0079836,CUST0053873,ITEM0143,LOC0003,ORD00148584,2,2025-10-18,,orphan_foreign_key
RAT0079858,CUST0052403,ITEM0160,LOC2343,ORD00148412,4,2025-10-18,,invalid_restaurant_id
RAT0079889,CUST0011907,ITEM0159,LOC0009,ORD00148406,4,2025-10-18,,orphan_foreign_key
RAT0079911,CUST0027295,ITEM0004,LOC0021,ORD00148689,2,2025-10-19,,orphan_foreign_key
RAT0079915,CUST0012582,ITEM0138,LOC0006,ORD00148041,4,2025-10-19,,orphan_foreign_key
RAT0079916,CUST0694263,ITEM0134,LOC0010,ORD00149047,4,2025-10-19,,orphan_foreign_key
RAT0079938,CUST0008837,,LOC0005,ORD00148693,3,2025-10-19,"Taste was fine, packaging poor.",orphan_foreign_key
RAT0079943,CUST0001418,ITEM0141,LOC0023,ORD00148305,1,2025-10-19,"Very disappointing, will not order again.",orphan_foreign_key
RAT0079946,CUST0048272,ITEM0057,LOC0003,ORD00148804,4,2025-10-19,,orphan_foreign_key
RAT0079952,CUST0026619,ITEM0062,LOC0023,ORD00148796,,2025-10-19,,missing_value
RAT0079969,CUST0023952,ITEM0004,LOC0006,ORD00146955,-1,2025-10-19,,invalid_rating
RAT0079990,CUST0004444,ITEM0048,LOC0013,ORD00148316,4,2025-10-19,,orphan_foreign_key
RAT0079998,CUST0036256,ITEM0134,LOC2082,ORD00148003,2,2025-10-19,Below average taste.,invalid_restaurant_id
RAT0080003,CUST0023894,ITEM0067,LOC0009,ORD00146441,,2025-10-19,,missing_value
RAT0080004,CUST0041026,ITEM0020,LOC0018,ORD00147874,,2025-10-19,,missing_value
RAT0080008,CUST0049754,ITEM0051,LOC0005,ORD00148994,-1,2025-10-19,,invalid_rating
RAT0080028,CUST0006173,ITEM0149,LOC0020,ORD00149119,7,2025-10-19,,invalid_rating
RAT0080032,CUST0017129,ITEM0016,LOC0008,ORD00148004,,2025-10-19,Amazing food and friendly staff.,missing_value
RAT0080042,CUST0039707,ITEM0039,LOC0004,ORD00148018,3,2025-10-19,,orphan_foreign_key
RAT0080055,CUST0049754,ITEM0135,LOC0005,ORD00148994,6,2025-10-19,,invalid_rating
RAT0080063,CUST0043043,ITEM0057,LOC0016,ORD00148687,3,2025-10-19,It was okay.,orphan_foreign_key
RAT0080075,CUST1782710,ITEM0147,LOC0025,ORD00148943,2,2025-10-19,Portion was too small.,orphan_foreign_key
RAT0080076,CUST8462586,,LOC0016,ORD00148355,4,2025-10-19,,orphan_foreign_key
RAT0080082,CUST0037224,ITEM0056,LOC4902,ORD00148714,3,2025-10-19,Good taste but late delivery.,invalid_restaurant_id
RAT0080091,CUST0019364,ITEM0113,LOC0014,ORD00148894,3,2025-10-19,,orphan_foreign_key
RAT0080096,CUST0042812,ITEM0036,LOC0020,ORD00148823,,2025-10-19,"Average, nothing special.",missing_value
RAT0080114,CUST0052739,,LOC0018,ORD00148432,0,2025-10-19,,invalid_rating
RAT0080118,CUST0048349,ITEM0061,LOC0002,ORD00148373,,2025-10-19,,missing_value
RAT0080152,CUST0021293,ITEM0033,LOC0006,ORD00149147,3,2025-10-20,Decent but overpriced.,orphan_foreign_key
RAT0080154,CUST0052510,ITEM0021,LOC0011,ORD00149113,,2025-10-20,,missing_value
RAT0080156,CUST0032676,ITEM0009,LOC0015,ORD00149478,,2025-10-20,,missing_value
RAT0080184,CUST0048920,ITEM0143,LOC0016,ORD00147731,4,2025-10-20,,orphan_foreign_key
RAT0080220,CUST0041176,ITEM0051,LOC0005,ORD00149363,,2025-10-20,It was okay.,missing_value
RAT0080233,CUST0051822,ITEM0145,LOC0004,ORD00149233,4,2025-10-20,,orphan_foreign_key
RAT0080238,CUST0016019,ITEM0015,LOC6484,ORD00148344,4,2025-10-20,,invalid_restaurant_id
RAT0080250,CUST0004879,ITEM0148,LOC0008,ORD00149225,5,2025-10-20,,orphan_foreign_key
RAT0080255,CUST0021293,ITEM0073,LOC0006,ORD00149147,2,2025-10-20,,orphan_foreign_key
RAT0080276,CUST0048664,ITEM0058,LOC0022,ORD00148915,4,2025-10-20,,orphan_foreign_key
RAT0080288,CUST0022091,ITEM0054,LOC0014,ORD00148770,3,1970-01-01,,invalid_date
RAT0080290,CUST0032725,ITEM0068,LOC0001,ORD00149177,55,2025-10-20,"Average, nothing special.",invalid_rating
RAT0080296,CUST0012582,ITEM0065,LOC0006,ORD00148041,2,2025-10-20,Below average taste.,orphan_foreign_key
RAT0080308,CUST0020884,ITEM0046,LOC0021,ORD00149053,10,2025-10-20,,invalid_rating
RAT0080360,CUST0044255,,LOC0012,ORD00149286,,2025-10-20,Decent but overpriced.,missing_value
RAT0080362,CUST0011318,ITEM0102,LOC4130,ORD00149268,5,2025-10-20,,invalid_restaurant_id
RAT0080378,CUST0000531,ITEM0036,LOC0002,ORD00149552,,2025-10-21,,missing_value
RAT0080384,CUST0037494,ITEM0151,LOC0008,ORD00149969,5,2025-10-21,"Excellent, loved it!",orphan_foreign_key
RAT0080388,CUST0017483,,LOC4820,ORD00149907,4,2025-10-21,,invalid_restaurant_id
RAT0080394,CUST0038664,ITEM0132,LOC0010,ORD00148924,4,2025-10-21,,orphan_foreign_key
RAT0080397,CUST0052543,,LOC0020,ORD00149835,4,2025-10-21,,orphan_foreign_key
RAT0080425,CUST0043158,,LOC0012,ORD00149998,,2025-10-21,Tasty and fresh.,missing_value
RAT0080435,CUST0040664,ITEM0113,LOC0012,ORD00149409,-1,2025-10-21,,invalid_rating
RAT0080440,CUST0033781,ITEM0055,LOC0008,ORD00148349,7,2025-10-21,,invalid_rating
RAT0080538,CUST0020585,,LOC0014,ORD00148555,5,2025-10-21,,orphan_foreign_key
RAT0080542,CUST0009263,ITEM0005,LOC0016,ORD00149841,5,2025-10-21,,orphan_foreign_key
RAT0080549,CUST0024593,ITEM0012,LOC0001,ORD00148900,55,2025-10-21,,invalid_rating
RAT0080553,CUST0014049,ITEM0009,LOC0014,ORD00149761,2,2025-10-21,Portion was too small.,orphan_foreign_key
RAT0080587,CUST0040281,ITEM0147,LOC0023,ORD00149605,4,2025-10-21,,orphan_foreign_key
RAT0080595,CUST0023059,ITEM0032,LOC0008,ORD00150005,,2025-10-21,,missing_value
RAT0080598,CUST0051170,ITEM0135,LOC0013,ORD00149564,,2025-10-21,"Excellent, loved it!",missing_value
RAT0080601,CUST0009751,ITEM0138,LOC0017,ORD00149937,,2025-10-21,,missing_value
RAT0080608,CUST0029220,ITEM0050,LOC0023,ORD00149965,3,2025-10-21,,orphan_foreign_key
RAT0080610,CUST0007625,ITEM0043,LOC0003,ORD00149214,,2025-10-21,,missing_value
RAT0080612,CUST0009263,ITEM0103,LOC0016,ORD00149841,4,2025-10-21,"Good food, will order again.",orphan_foreign_key
RAT0080615,CUST0040664,ITEM0148,LOC0012,ORD00149409,,2025-10-21,,missing_value
RAT0080624,CUST0054074,ITEM0148,LOC0016,ORD00149705,7,2025-10-22,,invalid_rating
RAT0080632,CUST0021293,ITEM0013,LOC0006,ORD00149147,5,2025-10-22,,orphan_foreign_key
RAT0080660,CUST0052755,ITEM0143,LOC0015,ORD00147939,4,2025-10-22,,orphan_foreign_key
RAT0080673,CUST0045825,,LOC0003,ORD00150369,3,2025-10-22,,orphan_foreign_key
RAT0080678,CUST0030316,,LOC0004,ORD00148280,4,2025-10-22,"Good food, will order again.",orphan_foreign_key
RAT0080686,CUST0010469,ITEM0138,LOC0019,ORD00149610,0,2025-10-22,,invalid_rating
RAT0080687,CUST0030173,ITEM0049,LOC0018,ORD00149467,4,1970-01-01,Good value for money.,invalid_date
RAT0080689,CUST0004469,ITEM0160,LOC0013,ORD00150420,5,2025-10-22,,orphan_foreign_key
RAT0080694,CUST0001729,ITEM0151,LOC0023,ORD00149227,,2025-10-22,"Average, nothing special.",missing_value
RAT0080695,CUST0051138,ITEM0033,LOC0022,ORD00149116,3,,,invalid_date
RAT0080711,CUST0692840,ITEM0135,LOC0015,ORD00149458,5,2025-10-22,,orphan_foreign_key
RAT0080716,CUST0045825,ITEM0046,LOC0003,ORD00150369,,2025-10-22,,missing_value
RAT0080725,CUST0020134,ITEM0102,LOC0172,ORD00150104,5,2025-10-22,Perfect taste and quick service.,invalid_restaurant_id
RAT0080737,CUST0045825,ITEM0075,LOC0003,ORD00150369,3,2025-10-22,,orphan_foreign_key
RAT0080751,CUST0023261,ITEM0068,LOC0025,ORD00150213,10,2025-10-22,Good value for money.,invalid_rating
RAT0080765,CUST0019364,ITEM0094,LOC0014,ORD00148894,3,2025-10-22,,orphan_foreign_key
RAT0080795,CUST0005525,ITEM0160,LOC0015,ORD00149959,4,2025-10-22,,orphan_foreign_key
RAT0080828,CUST0036740,ITEM0135,LOC0020,ORD00148808,5,,,invalid_date
RAT0080829,CUST0029233,ITEM0092,LOC0021,ORD00149869,-1,2025-10-22,,invalid_rating
RAT0080841,CUST0051822,ITEM0046,LOC0004,ORD00149233,5,2025-10-22,,orphan_foreign_key
RAT0080849,CUST0034269,ITEM0151,LOC0005,ORD00150584,4,2031-07-22,,invalid_date
RAT0080862,CUST0908395,ITEM0041,LOC0005,ORD00150583,3,2025-10-23,Decent but overpriced.,orphan_foreign_key
RAT0080879,CUST0043090,ITEM0145,LOC0025,ORD00150100,,2025-10-23,,missing_value
RAT0080906,CUST0023261,ITEM0091,LOC0025,ORD00150213,10,2025-10-23,,invalid_rating
RAT0080918,CUST0002237,,LOC0019,ORD00150688,7,2025-10-23,,invalid_rating
RAT0080920,CUST0031391,ITEM0112,LOC0018,ORD00149201,10,2025-10-23,,invalid_rating
RAT0080926,CUST0023153,ITEM0075,LOC0013,ORD00150791,6,2025-10-23,,invalid_rating
RAT0080951,CUST0030070,ITEM0048,LOC0017,ORD00150170,4,2025-10-23,,orphan_foreign_key
RAT0080964,CUST0002237,ITEM0143,LOC0019,ORD00150688,3,2025-10-23,"Taste was fine, packaging poor.",orphan_foreign_key
RAT0080965,CUST0034991,ITEM0003,LOC0005,ORD00150763,4,2025-10-23,,orphan_foreign_key
RAT0080966,CUST0020883,ITEM0157,LOC0010,ORD00149903,4,2025-10-23,Tasty and fresh.,orphan_foreign_key
RAT0080977,CUST0025364,ITEM0136,LOC0018,ORD00150235,6,2025-10-23,,invalid_rating
RAT0080979,CUST0049323,ITEM0033,LOC0013,ORD00150567,4,2025-10-23,Nice ambience and good service.,orphan_foreign_key
RAT0081006,CUST0034687,,LOC0016,ORD00150337,4,2025-10-23,Tasty and fresh.,orphan_foreign_key
RAT0081016,CUST0009263,ITEM0057,LOC0016,ORD00149841,5,2025-10-23,,orphan_foreign_key
RAT0081030,CUST0011452,,LOC0008,ORD00150125,4,2025-10-23,"Good food, will order again.",orphan_foreign_key
RAT0081035,CUST0033648,ITEM0134,LOC0009,ORD00150554,5,2025-10-23,,orphan_foreign_key
RAT0081036,CUST0030070,ITEM0137,LOC0017,ORD00150170,4,2025-10-23,,orphan_foreign_key
RAT0081058,CUST0006440,ITEM0091,LOC0018,ORD00149648,5,2025-10-23,,orphan_foreign_key
RAT0081070,CUST0048116,ITEM0147,LOC7579,ORD00150618,5,2025-10-23,Highly recommended.,invalid_restaurant_id
RAT0081076,CUST0049231,ITEM0060,LOC0020,ORD00150916,3,2025-10-23,Decent but overpriced.,orphan_foreign_key
RAT0081082,CUST0033149,ITEM0151,LOC7100,ORD00149990,5,2025-10-23,Best in town.,invalid_restaurant_id
RAT0081086,CUST0004469,ITEM0067,LOC0013,ORD00150420,4,2025-10-23,Enjoyed the meal.,orphan_foreign_key
RAT0081094,CUST0021538,ITEM0058,LOC0016,ORD00150675,4,2025-10-23,,orphan_foreign_key
RAT0081107,CUST0037837,ITEM0141,LOC6535,ORD00151183,1,2025-10-24,,invalid_restaurant_id
RAT0081112,CUST0029133,ITEM0135,LOC0003,ORD00150991,4,1900-01-01,Nice ambience and good service.,invalid_date
RAT0081138,CUST0028347,ITEM0045,LOC0020,ORD00149426,,2025-10-24,,missing_value
RAT0081141,CUST0049323,ITEM0003,LOC0013,ORD00150567,5,2025-10-24,,orphan_foreign_key
RAT0081210,CUST0036505,,LOC0005,ORD00150545,,2025-10-24,,missing_value
RAT0081220,CUST0042236,ITEM0054,LOC0009,ORD00151373,3,,,invalid_date
RAT0081259,CUST0027752,ITEM0147,LOC0022,ORD00150483,7,2025-10-24,,invalid_rating
RAT0081270,CUST0021217,ITEM0134,LOC0009,ORD00151305,,2025-10-24,"Taste was fine, packaging poor.",missing_value
RAT0081290,CUST0024788,ITEM0048,LOC0010,ORD00151221,,2025-10-24,Good taste but late delivery.,missing_value
RAT0081295,CUST0039444,ITEM0074,LOC0013,ORD00150984,4,1970-01-01,Tasty and fresh.,invalid_date
RAT0081300,CUST0012929,,LOC0018,ORD00150590,,2025-10-24,It was okay.,missing_value
RAT0081331,CUST0053280,ITEM0077,LOC0001,ORD00151356,5,2025-10-24,,orphan_foreign_key
RAT0081342,CUST0046245,ITEM0048,LOC0025,ORD00150926,,2025-10-24,,missing_value
RAT0081347,CUST0028953,ITEM0152,LOC0002,ORD00151045,,2025-10-24,,missing_value
RAT0081352,CUST0004790,ITEM0151,LOC0020,ORD00150865,3,2025-10-24,,orphan_foreign_key
RAT0081380,CUST0004469,ITEM0066,LOC0013,ORD00150420,5,2025-10-24,,orphan_foreign_key
RAT0081393,CUST0047896,ITEM0124,LOC0013,ORD00151460,5,2025-10-24,,orphan_foreign_key
RAT0081409,CUST0000264,ITEM0151,LOC0016,ORD00151097,4,2025-10-24,,orphan_foreign_key
RAT0081412,CUST0012786,ITEM0141,LOC0005,ORD00151381,,2025-10-25,,missing_value
RAT0081427,CUST0053613,ITEM0013,LOC0011,ORD00151649,3,2025-10-25,,orphan_foreign_key
RAT0081436,CUST0004457,ITEM0058,LOC7685,ORD00151655,4,2025-10-25,,invalid_restaurant_id
RAT0081454,CUST0013830,ITEM0004,LOC0009,ORD00150292,7,2025-10-25,,invalid_rating
RAT0081463,CUST0049816,ITEM0148,LOC0002,ORD00151930,4,2025-10-25,Enjoyed the meal.,orphan_foreign_key
RAT0081548,CUST0021538,,LOC0016,ORD00150675,4,2025-10-25,,orphan_foreign_key
RAT0081550,CUST0010070,ITEM0050,LOC0009,ORD00151981,,2025-10-25,"Average, nothing special.",missing_value
RAT0081559,CUST0006418,ITEM0124,LOC0023,ORD00149630,5,2025-10-25,,orphan_foreign_key
RAT0081561,CUST0011646,ITEM0094,LOC0007,ORD00151820,3,2025-10-25,It was okay.,orphan_foreign_key
RAT0081579,CUST0002932,ITEM0086,LOC0016,ORD00151082,,2025-10-25,Decent but overpriced.,missing_value
RAT0081583,CUST0002913,ITEM0036,LOC0005,ORD00151818,3,2025-10-25,"Average, nothing special.",orphan_foreign_key
RAT0081593,CUST0001293,,LOC0017,ORD00151958,55,2025-10-25,"Average, nothing special.",invalid_rating
RAT0081608,CUST0048433,ITEM0068,LOC0004,ORD00151813,3,2025-10-25,,orphan_foreign_key
RAT0081618,CUST0005287,,LOC0013,ORD00151213,5,2025-10-25,,orphan_foreign_key
RAT0081638,CUST0011585,ITEM0124,LOC0003,ORD00151203,,2025-10-25,,missing_value
RAT0081644,CUST0008151,ITEM0134,LOC0025,ORD00149266,10,2025-10-25,,invalid_rating
RAT0081647,CUST0034687,ITEM0087,LOC0016,ORD00150337,5,2025-10-25,Highly recommended.,orphan_foreign_key
RAT0081662,CUST0012289,,LOC0011,ORD00152055,-1,2025-10-25,,invalid_rating
RAT0081666,CUST6527198,ITEM0052,LOC0004,ORD00149854,4,2025-10-25,,orphan_foreign_key
RAT0081689,CUST0011452,ITEM0051,LOC0008,ORD00150125,5,2025-10-25,Perfect taste and quick service.,orphan_foreign_key
RAT0081690,CUST0050539,ITEM0045,LOC0025,ORD00152093,,2025-10-25,,missing_value
RAT0081706,CUST0024797,ITEM0033,LOC0018,ORD00151653,,2025-10-25,Tasty and fresh.,missing_value
RAT0081769,CUST0048433,,LOC0004,ORD00151813,4,2025-10-26,,orphan_foreign_key
RAT0081783,CUST0025444,ITEM0081,LOC0018,ORD00151673,5,2025-10-26,Highly recommended.,orphan_foreign_key
RAT0081788,CUST0011939,,LOC0014,ORD00150722,0,2025-10-26,Good taste but late delivery.,invalid_rating
RAT0081821,CUST0024302,ITEM0068,LOC0001,ORD00152310,,2025-10-26,,missing_value
RAT0081840,CUST0001096,,LOC0025,ORD00151271,5,1970-01-01,,invalid_date
RAT0081851,CUST0053674,ITEM0035,LOC5369,ORD00151966,4,2025-10-26,,invalid_restaurant_id
RAT0081904,CUST0017822,ITEM0050,LOC2585,ORD00152661,4,2025-10-26,,invalid_restaurant_id
RAT0081909,CUST0017650,,LOC0014,ORD00152526,,2025-10-26,,missing_value
RAT0081918,CUST0022935,ITEM0037,LOC0004,ORD00151606,4,2025-10-26,,orphan_foreign_key
RAT0081919,CUST0013084,ITEM0155,LOC0014,ORD00152619,4,2025-10-26,Enjoyed the meal.,orphan_foreign_key
RAT0081927,CUST0014530,ITEM0003,LOC0013,ORD00152440,3,2025-10-26,It was okay.,orphan_foreign_key
RAT0081937,CUST0027709,ITEM0151,LOC0004,ORD00152468,3,2025-10-26,,orphan_foreign_key
RAT0081941,CUST0037026,ITEM0097,LOC0019,ORD00151228,4,2025-10-26,,orphan_foreign_key
RAT0081950,CUST0034509,ITEM0051,LOC1946,ORD00151793,4,2025-10-26,,invalid_restaurant_id
RAT0081971,CUST0036434,ITEM0134,LOC0020,ORD00152216,7,2025-10-26,,invalid_rating
RAT0081978,CUST1678283,ITEM0160,LOC0014,ORD00150588,5,2025-10-26,,orphan_foreign_key
RAT0081983,CUST0006992,ITEM0057,LOC0012,ORD00152277,4,2025-10-26,,orphan_foreign_key
RAT0081986,CUST0006440,,LOC0018,ORD00149648,3,2025-10-26,,orphan_foreign_key
RAT0081989,CUST0022277,ITEM0155,LOC0016,ORD00152386,,2025-10-26,,missing_value
RAT0081990,CUST0026132,ITEM0050,LOC0025,ORD00150209,6,2025-10-26,,invalid_rating
RAT0082012,CUST0053613,ITEM0148,LOC0011,ORD00151649,4,2025-10-26,,orphan_foreign_key
RAT0082054,CUST0054571,ITEM0045,LOC0013,ORD00152252,4,2025-10-27,,orphan_foreign_key
RAT0082080,CUST0054571,ITEM0068,LOC0013,ORD00152252,5,2025-10-27,,orphan_foreign_key
RAT0082081,CUST0035352,ITEM0130,LOC0009,ORD00152709,10,2025-10-27,,invalid_rating
RAT0082083,CUST0046076,ITEM0068,LOC0017,ORD00152743,2,2025-10-27,,orphan_foreign_key
RAT0082094,CUST7893936,ITEM0026,LOC0014,ORD00151885,4,2025-10-27,Good value for money.,orphan_foreign_key
RAT0082098,CUST7773735,ITEM0148,LOC0005,ORD00153083,5,2025-10-27,Highly recommended.,orphan_foreign_key
RAT0082105,CUST0052579,ITEM0157,LOC0019,ORD00151578,4,2025-10-27,,orphan_foreign_key
RAT0082111,CUST0048433,ITEM0154,LOC0004,ORD00151813,4,2025-10-27,Tasty and fresh.,orphan_foreign_key
RAT0082114,CUST0000264,ITEM0048,LOC0016,ORD00151097,4,2025-10-27,,orphan_foreign_key
RAT0082121,CUST0039809,ITEM0050,LOC0015,ORD00152803,,2025-10-27,"Average, nothing special.",missing_value
RAT0082126,CUST0043511,ITEM0027,LOC0017,ORD00151995,4,2025-10-27,Enjoyed the meal.,orphan_foreign_key
RAT0082157,CUST0042640,ITEM0075,LOC0013,ORD00152927,4,2025-10-27,Good value for money.,orphan_foreign_key
RAT0082176,CUST0007820,ITEM0121,LOC0004,ORD00152851,4,2025-10-27,,orphan_foreign_key
RAT0082197,CUST0019458,ITEM0055,LOC0021,ORD00152332,4,,,invalid_date
RAT0082198,CUST0041703,ITEM0033,LOC0023,ORD00152658,,2025-10-27,Decent but overpriced.,missing_value
RAT0082225,CUST0027341,ITEM0132,LOC0012,ORD00152842,10,2025-10-27,,invalid_rating
RAT0082232,CUST0010806,,LOC0011,ORD00152387,-1,2025-10-27,,invalid_rating
RAT0082241,CUST0050173,ITEM0134,LOC0017,ORD00152928,3,2025-10-27,,orphan_foreign_key
RAT0082265,CUST0022142,ITEM0081,LOC0022,ORD00152394,4,2025-10-27,,orphan_foreign_key
RAT0082289,CUST0044309,ITEM0064,LOC0003,ORD00152393,55,2025-10-28,,invalid_rating
RAT0082309,CUST0044421,ITEM0007,LOC0007,ORD00153251,10,2025-10-28,Not fresh.,invalid_rating
RAT0082312,CUST0043893,ITEM0010,LOC0003,ORD00150878,55,2025-10-28,,invalid_rating
RAT0082351,CUST7858854,ITEM0111,LOC0011,ORD00153339,4,2025-10-28,,orphan_foreign_key
RAT0082378,CUST0051307,ITEM0003,LOC0013,ORD00152283,4,2025-10-28,,orphan_foreign_key
RAT0082389,CUST0042640,ITEM0106,LOC0013,ORD00152927,4,2025-10-28,,orphan_foreign_key
RAT0082398,CUST0009524,ITEM0066,LOC0004,ORD00153233,4,1970-01-01,,invalid_date
RAT0082417,CUST0028632,ITEM0126,LOC0017,ORD00153061,7,2025-10-28,,invalid_rating
RAT0082418,CUST0032963,ITEM0068,LOC0008,ORD00152737,2,2025-10-28,Service was slow.,orphan_foreign_key
RAT0082434,CUST6099264,ITEM0099,LOC0004,ORD00153417,5,2025-10-28,,orphan_foreign_key
RAT0082503,CUST0009263,ITEM0053,LOC0002,ORD00153328,4,2025-10-29,,orphan_foreign_key
RAT0082559,CUST0020734,ITEM0154,LOC0011,ORD00153815,,2025-10-29,,missing_value
RAT0082575,CUST0013267,ITEM0057,LOC0014,ORD00153532,55,2025-10-29,,invalid_rating
RAT0082617,CUST0040514,ITEM0061,LOC0013,ORD00153407,2,2025-10-29,,orphan_foreign_key
RAT0082635,CUST0009263,,LOC0002,ORD00153328,3,2025-10-29,,orphan_foreign_key
RAT0082649,CUST0015552,,LOC0011,ORD00151152,4,2025-10-29,"Good food, will order again.",orphan_foreign_key
RAT0082660,CUST0024162,ITEM0023,LOC0017,ORD00153680,3,2025-10-29,,orphan_foreign_key
RAT0082666,CUST0014270,ITEM0130,LOC0009,ORD00153644,3,2025-10-29,,orphan_foreign_key
RAT0082674,CUST0046813,ITEM0090,LOC0013,ORD00153525,2,2025-10-29,Portion was too small.,orphan_foreign_key
RAT0082677,CUST0048750,ITEM0160,LOC0023,ORD00153606,55,2025-10-29,Highly recommended.,invalid_rating
RAT0082717,CUST0037555,,LOC0005,ORD00153955,3,2025-10-30,,orphan_foreign_key
RAT0082736,CUST0005129,ITEM0037,LOC0020,ORD00154025,,2025-10-30,,missing_value
RAT0082737,CUST0017564,ITEM0055,LOC0025,ORD00154004,,2025-10-30,,missing_value
RAT0082740,CUST0019643,ITEM0129,LOC0008,ORD00154173,0,2025-10-30,,invalid_rating
RAT0082754,CUST0054918,ITEM0139,LOC0011,ORD00154044,4,2025-10-30,,orphan_foreign_key
RAT0082776,CUST0023003,ITEM0057,LOC0012,ORD00153060,6,2025-10-30,Good taste but late delivery.,invalid_rating
RAT0082794,CUST0026953,ITEM0151,LOC0005,ORD00153895,3,2025-10-30,,orphan_foreign_key
RAT0082814,CUST0010087,ITEM0091,LOC0016,ORD00153188,,2025-10-30,,missing_value
RAT0082824,CUST0054918,ITEM0143,LOC0011,ORD00154044,5,2025-10-30,,orphan_foreign_key
RAT0082832,CUST0004060,ITEM0113,LOC0022,ORD00152779,-1,2025-10-30,Not fresh.,invalid_rating
RAT0082834,CUST0042885,ITEM0084,LOC0020,ORD00154108,5,2025-10-30,Amazing food and friendly staff.,orphan_foreign_key
RAT0082853,CUST0026242,,LOC0012,ORD00153993,,2025-10-30,,missing_value
RAT0082858,CUST0026242,ITEM0150,LOC0012,ORD00153993,4,2025-10-30,,orphan_foreign_key
RAT0082869,CUST1659203,,LOC0017,ORD00153662,4,2025-10-30,,orphan_foreign_key
RAT0082890,CUST0020009,,LOC0018,ORD00151789,4,2025-10-30,,orphan_foreign_key
RAT0082941,CUST0027400,ITEM0119,LOC0021,ORD00154483,2,2025-10-31,,orphan_foreign_key
RAT0082945,CUST0017007,,LOC0023,ORD00154267,3,2025-10-31,,orphan_foreign_key
RAT0082968,CUST0011328,ITEM0081,LOC0016,ORD00153130,3,2025-10-31,"Average, nothing special.",orphan_foreign_key
RAT0082976,CUST0052255,ITEM0015,LOC0003,ORD00153780,,2025-10-31,,missing_value
RAT0082981,CUST0014961,ITEM0060,LOC0017,ORD00154164,,2025-10-31,,missing_value
RAT0082992,CUST0047721,ITEM0151,LOC0016,ORD00154615,4,,,invalid_date
RAT0083009,CUST0022142,ITEM0113,LOC0022,ORD00152394,5,2025-10-31,,orphan_foreign_key
RAT0083012,CUST0017007,ITEM0004,LOC0023,ORD00154267,3,2025-10-31,,orphan_foreign_key
RAT0083017,CUST0008769,,LOC0018,ORD00154241,3,2025-10-31,"Taste was fine, packaging poor.",orphan_foreign_key
RAT0083030,CUST0026953,ITEM0024,LOC0005,ORD00153895,3,2025-10-31,,orphan_foreign_key
RAT0083033,CUST0036004,ITEM0053,LOC0010,ORD00154635,3,2025-10-31,Good taste but late delivery.,orphan_foreign_key
RAT0083038,CUST0038717,ITEM0071,LOC0011,ORD00154304,,2025-10-31,,missing_value
RAT0083053,CUST0000626,ITEM0067,LOC0004,ORD00154310,3,2025-10-31,,orphan_foreign_key
RAT0083062,CUST0013115,ITEM0134,LOC9638,ORD00152861,4,2025-10-31,,invalid_restaurant_id
RAT0083064,CUST0002609,ITEM0086,LOC0022,ORD00154053,7,2025-10-31,,invalid_rating
RAT0083076,CUST0043281,ITEM0094,LOC0014,ORD00154534,1,2025-10-31,,orphan_foreign_key
RAT0083155,CUST0034172,ITEM0126,LOC1028,ORD00154207,4,2025-10-31,,invalid_restaurant_id
RAT0083167,CUST0052657,ITEM0045,LOC0020,ORD00154258,3,2025-10-31,,orphan_foreign_key
RAT0083168,CUST0037631,ITEM0068,LOC0001,ORD00154255,,2025-10-31,,missing_value
RAT0083169,CUST4194306,ITEM0151,LOC0025,ORD00154184,3,2025-10-31,,orphan_foreign_key
RAT0083180,CUST0014666,ITEM0098,LOC0011,ORD00154709,4,,,invalid_date
RAT0083210,CUST0001633,ITEM0119,LOC0023,ORD00155326,4,2025-11-01,,orphan_foreign_key
RAT0083216,CUST0024895,ITEM0152,LOC0013,ORD00154906,3,2025-11-01,"Average, nothing special.",orphan_foreign_key
RAT0083255,CUST0054949,ITEM0152,LOC0010,ORD00154765,4,2025-11-01,,orphan_foreign_key
RAT0083269,CUST0038412,ITEM0057,LOC0025,ORD00154286,5,2025-11-01,Best in town.,orphan_foreign_key
RAT0083288,CUST0004184,,LOC0008,ORD00153999,4,,,invalid_date
RAT0083309,CUST0021379,,LOC0002,ORD00155019,,2025-11-01,,missing_value
RAT0083310,CUST0018299,,LOC0003,ORD00155241,,2025-11-01,Good value for money.,missing_value
RAT0083320,CUST0047667,ITEM0134,LOC4237,ORD00155313,3,2025-11-01,,invalid_restaurant_id
RAT0083330,CUST0053380,,LOC0018,ORD00153851,7,2025-11-01,Enjoyed the meal.,invalid_rating
RAT0083333,CUST0006368,ITEM0071,LOC5537,ORD00155324,3,2025-11-01,,invalid_restaurant_id
RAT0083353,CUST0004873,ITEM0118,LOC0006,ORD00155196,,2025-11-01,,missing_value
RAT0083362,CUST0034991,ITEM0135,LOC0007,ORD00155092,3,2025-11-01,,orphan_foreign_key
RAT0083373,CUST0011069,ITEM0137,LOC0014,ORD00154415,4,2025-11-01,,orphan_foreign_key
RAT0083395,CUST0042657,ITEM0151,LOC0013,ORD00154902,4,2025-11-01,"Good food, will order again.",orphan_foreign_key
RAT0083448,CUST0031654,ITEM0011,LOC0020,ORD00154287,4,2025-11-01,,orphan_foreign_key
RAT0083451,CUST0008769,ITEM0148,LOC0018,ORD00154241,4,2025-11-01,,orphan_foreign_key
RAT0083456,CUST0026708,,LOC0019,ORD00155195,,2025-11-01,,missing_value
RAT0083489,CUST0054624,ITEM0126,LOC0013,ORD00154670,5,2025-11-01,"Excellent, loved it!",orphan_foreign_key
RAT0083490,CUST0015359,ITEM0124,LOC0008,ORD00154890,3,2025-11-01,Good taste but late delivery.,orphan_foreign_key
RAT0083498,CUST7112428,ITEM0138,LOC0023,ORD00154098,5,2025-11-02,,orphan_foreign_key
RAT0083501,CUST0008813,ITEM0055,LOC0021,ORD00155796,3,2025-11-02,,orphan_foreign_key
RAT0083502,CUST0038305,ITEM0064,LOC0010,ORD00155850,,2025-11-02,,missing_value
RAT0083504,CUST0054527,ITEM0002,LOC0002,ORD00154217,,2025-11-02,,missing_value
RAT0083507,CUST0015359,ITEM0109,LOC0008,ORD00154890,3,2025-11-02,Good taste but late delivery.,orphan_foreign_key
RAT0083564,CUST0033289,ITEM0040,LOC0024,ORD00155976,4,2025-11-02,Good value for money.,orphan_foreign_key
RAT0083600,CUST0027438,ITEM0033,LOC0025,ORD00155839,3,2025-11-02,"Taste was fine, packaging poor.",orphan_foreign_key
RAT0083602,CUST0004647,ITEM0082,LOC0018,ORD00155767,3,2025-11-02,,orphan_foreign_key
RAT0083617,CUST0017357,,LOC0012,ORD00155460,5,,,invalid_date
RAT0083619,CUST0044006,ITEM0002,LOC0010,ORD00155692,,2025-11-02,Amazing food and friendly staff.,missing_value
RAT0083630,CUST0047020,ITEM0148,LOC0004,ORD00155334,4,2025-11-02,,orphan_foreign_key
RAT0083665,CUST0019513,ITEM0018,LOC0014,ORD00155303,10,2025-11-02,,invalid_rating
RAT0083681,CUST0035376,ITEM0098,LOC0009,ORD00155888,4,2025-11-02,,orphan_foreign_key
RAT0083701,CUST0040310,,LOC0016,ORD00155483,,2025-11-02,Enjoyed the meal.,missing_value
RAT0083703,CUST0027438,ITEM0050,LOC0025,ORD00155839,3,2025-11-02,,orphan_foreign_key
RAT0083708,CUST0047538,ITEM0014,LOC0005,ORD00155293,,2025-11-02,Enjoyed the meal.,missing_value
RAT0083720,CUST0004123,ITEM0097,LOC0021,ORD00155301,4,2025-11-02,,orphan_foreign_key
RAT0083740,CUST0049770,ITEM0148,LOC0011,ORD00155129,4,,,invalid_date
RAT0083744,CUST0001633,ITEM0147,LOC0023,ORD00155326,3,2025-11-02,,orphan_foreign_key
RAT0083764,CUST0044984,ITEM0068,LOC0001,ORD00155671,4,2025-11-02,,orphan_foreign_key
RAT0083782,CUST0021610,ITEM0058,LOC0022,ORD00155422,-1,2025-11-02,,invalid_rating
RAT0083792,CUST0009740,ITEM0083,LOC0011,ORD00154750,7,2025-11-02,,invalid_rating
RAT0083795,CUST0052071,ITEM0065,LOC0018,ORD00155067,5,2025-11-02,,orphan_foreign_key
RAT0083802,CUST0004647,ITEM0136,LOC0018,ORD00155767,4,2025-11-02,,orphan_foreign_key
RAT0083809,CUST0034436,ITEM0061,LOC0023,ORD00155457,1,2025-11-02,,orphan_foreign_key
RAT0083820,CUST0054949,ITEM0134,LOC0010,ORD00154765,5,2025-11-02,,orphan_foreign_key
RAT0083822,CUST0034529,ITEM0145,LOC0018,ORD00154858,55,2025-11-02,"Average, nothing special.",invalid_rating
RAT0083823,CUST0014270,ITEM0152,LOC0009,ORD00153644,4,1970-01-01,,invalid_date
RAT0083827,CUST0027438,ITEM0046,LOC0025,ORD00155839,4,2025-11-02,"Good food, will order again.",orphan_foreign_key
RAT0083851,CUST0053455,ITEM0110,LOC0021,ORD00156378,3,2025-11-03,It was okay.,orphan_foreign_key
RAT0083855,CUST0003450,ITEM0042,LOC0008,ORD00153929,-1,2025-11-03,Highly recommended.,invalid_rating
RAT0083861,CUST0054624,ITEM0061,LOC0013,ORD00154670,3,2025-11-03,,orphan_foreign_key
RAT0083863,CUST0054290,ITEM0034,LOC0020,ORD00156107,,2025-11-03,,missing_value
RAT0083870,CUST0044992,ITEM0148,LOC5393,ORD00155738,3,2025-11-03,,invalid_restaurant_id
RAT0083888,CUST0000655,ITEM0151,LOC1469,ORD00153919,5,2025-11-03,,invalid_restaurant_id
RAT0083915,CUST0034991,ITEM0006,LOC0007,ORD00155092,3,2025-11-03,,orphan_foreign_key
RAT0083926,CUST0022419,ITEM0057,LOC0007,ORD00156282,4,2025-11-03,Enjoyed the meal.,orphan_foreign_key
RAT0083937,CUST0019854,ITEM0135,LOC0003,ORD00153285,3,2025-11-03,,orphan_foreign_key
RAT0083955,CUST0045355,ITEM0059,LOC0013,ORD00156252,,2025-11-03,Amazing food and friendly staff.,missing_value
RAT0083957,CUST0017722,,LOC0004,ORD00156055,,2025-11-03,,missing_value
RAT0083989,CUST0014718,ITEM0015,LOC0023,ORD00155523,55,2025-11-03,Good value for money.,invalid_rating
RAT0084007,CUST0050644,ITEM0138,LOC0004,ORD00156167,3,2025-11-03,,orphan_foreign_key
RAT0084021,CUST0030258,ITEM0121,LOC1673,ORD00155717,5,2025-11-03,,invalid_restaurant_id
RAT0084023,CUST0029751,ITEM0050,LOC0007,ORD00155410,5,,,invalid_date
RAT0084040,CUST0042657,ITEM0149,LOC0013,ORD00154902,3,2025-11-03,It was okay.,orphan_foreign_key
RAT0084045,CUST0022419,ITEM0067,LOC0007,ORD00156282,5,2025-11-03,,orphan_foreign_key
RAT0084057,CUST0040698,ITEM0147,LOC0004,ORD00156041,,2025-11-03,It was okay.,missing_value
RAT0084060,CUST0026242,ITEM0048,LOC0012,ORD00153993,4,2025-11-03,Enjoyed the meal.,orphan_foreign_key
RAT0084061,CUST0020898,ITEM0150,LOC0011,ORD00154846,4,2025-11-03,,orphan_foreign_key
RAT0084071,CUST0025142,,LOC0014,ORD00154912,4,,,invalid_date
RAT0084072,CUST0010572,ITEM0055,LOC0016,ORD00155986,5,2025-11-03,,orphan_foreign_key
RAT0084077,CUST0007454,ITEM0102,LOC7724,ORD00156058,3,2025-11-03,"Taste was fine, packaging poor.",invalid_restaurant_id
RAT0084080,CUST0010528,ITEM0125,LOC0016,ORD00155951,4,2025-11-03,,orphan_foreign_key
RAT0084084,CUST5516695,,LOC0016,ORD00156422,4,2025-11-03,Good value for money.,orphan_foreign_key
RAT0084085,CUST0049698,ITEM0040,LOC0012,ORD00156155,,2025-11-03,,missing_value
RAT0084092,CUST0005274,ITEM0054,LOC0003,ORD00154488,4,2025-11-03,,orphan_foreign_key
RAT0084097,CUST4763321,ITEM0093,LOC0004,ORD00156193,3,2025-11-03,,orphan_foreign_key
RAT0084103,CUST0008352,ITEM0081,LOC0021,ORD00156328,4,2025-11-03,,orphan_foreign_key
RAT0084127,CUST0052130,,LOC0017,ORD00156389,3,2025-11-03,It was okay.,orphan_foreign_key
RAT0084139,CUST0010364,ITEM0019,LOC0006,ORD00155448,,2025-11-03,,missing_value
RAT0084149,CUST0006008,ITEM0134,LOC0008,ORD00156387,,2025-11-03,,missing_value
RAT0084155,CUST0008813,ITEM0068,LOC0021,ORD00155796,4,2025-11-04,,orphan_foreign_key
RAT0084157,CUST0046628,ITEM0082,LOC0023,ORD00156514,0,2025-11-04,Decent but overpriced.,invalid_rating
RAT0084162,CUST0024895,ITEM0066,LOC0013,ORD00154906,4,2025-11-04,,orphan_foreign_key
RAT0084168,CUST0003666,ITEM0058,LOC0013,ORD00154761,,2025-11-04,,missing_value
RAT0084172,CUST0004123,ITEM0148,LOC0021,ORD00155301,4,2025-11-04,,orphan_foreign_key
RAT0084201,CUST0054747,ITEM0149,LOC0015,ORD00156597,3,2025-11-04,,orphan_foreign_key
RAT0084250,CUST0000742,,LOC0023,ORD00156313,,2025-11-04,,missing_value
RAT0084275,CUST0040988,,LOC0017,ORD00156261,6,2025-11-04,Perfect taste and quick service.,invalid_rating
RAT0084287,CUST0022217,,LOC0002,ORD00156445,,2025-11-04,,missing_value
RAT0084303,CUST0054747,ITEM0130,LOC0015,ORD00156597,4,2025-11-04,Enjoyed the meal.,orphan_foreign_key
RAT0084311,CUST5748246,ITEM0033,LOC0013,ORD00156771,4,2025-11-04,Tasty and fresh.,orphan_foreign_key
RAT0084313,CUST0045038,ITEM0160,LOC0004,ORD00156736,3,2025-11-04,,orphan_foreign_key
RAT0084341,CUST0011132,ITEM0064,LOC0019,ORD00156485,4,2025-11-04,,orphan_foreign_key
RAT0084391,CUST0005134,ITEM0100,LOC0007,ORD00155941,3,2025-11-04,Good taste but late delivery.,orphan_foreign_key
RAT0084398,CUST0022419,ITEM0151,LOC0007,ORD00156672,,2025-11-04,,missing_value
RAT0084405,CUST0011132,ITEM0009,LOC0019,ORD00156485,2,2025-11-04,Portion was too small.,orphan_foreign_key
RAT0084420,CUST0035614,,LOC4274,ORD00156396,3,2025-11-05,"Average, nothing special.",invalid_restaurant_id
RAT0084435,CUST0012980,ITEM0092,LOC0007,ORD00157319,4,2025-11-05,"Good food, will order again.",orphan_foreign_key
RAT0084436,CUST0021176,ITEM0156,LOC0009,ORD00156473,3,,Good taste but late delivery.,invalid_date
RAT0084466,CUST0027438,ITEM0051,LOC0025,ORD00155839,3,2025-11-05,,orphan_foreign_key
RAT0084473,CUST0020883,ITEM0130,LOC0023,ORD00156493,3,2025-11-05,,orphan_foreign_key
RAT0084513,CUST0050837,ITEM0054,LOC0008,ORD00157294,3,2025-11-05,,orphan_foreign_key
RAT0084520,CUST0015104,,LOC0018,ORD00156100,,2025-11-05,,missing_value
RAT0084530,CUST0020883,ITEM0102,LOC0023,ORD00156493,5,2025-11-05,,orphan_foreign_key
RAT0084544,CUST0009179,ITEM0029,LOC0012,ORD00156994,4,2025-11-05,,orphan_foreign_key
RAT0084561,CUST0020883,ITEM0004,LOC0023,ORD00156493,4,2025-11-05,Enjoyed the meal.,orphan_foreign_key
RAT0084579,CUST0047673,ITEM0048,LOC1994,ORD00157037,2,2025-11-05,,invalid_restaurant_id
RAT0084595,CUST0009207,,LOC0001,ORD00157289,5,2025-11-05,,orphan_foreign_key
RAT0084597,CUST0036565,ITEM0139,LOC6393,ORD00157236,5,2025-11-05,,invalid_restaurant_id
RAT0084600,CUST0043348,ITEM0126,LOC0008,ORD00156679,3,2025-11-05,,orphan_foreign_key
RAT0084605,CUST0038152,ITEM0148,LOC0004,ORD00156469,2,2025-11-05,Below average taste.,orphan_foreign_key
RAT0084616,CUST0038152,ITEM0143,LOC0004,ORD00156469,4,2025-11-05,Tasty and fresh.,orphan_foreign_key
RAT0084630,CUST0050837,ITEM0138,LOC0008,ORD00157294,5,2025-11-05,,orphan_foreign_key
RAT0084631,CUST0046654,ITEM0109,LOC0014,ORD00156960,-1,2025-11-05,,invalid_rating
RAT0084643,CUST0028661,ITEM0159,LOC0021,ORD00157146,3,2025-11-05,,orphan_foreign_key
RAT0084644,CUST0042231,ITEM0152,LOC0016,ORD00155983,5,2025-11-05,,orphan_foreign_key
RAT0084673,CUST0794336,ITEM0147,LOC0013,ORD00157781,4,2025-11-06,,orphan_foreign_key
RAT0084688,CUST0017949,,LOC0006,ORD00154656,10,2025-11-06,,invalid_rating
RAT0084697,CUST0008813,ITEM0113,LOC0021,ORD00155796,2,2025-11-06,,orphan_foreign_key
RAT0084701,CUST0012980,,LOC0007,ORD00157319,2,2025-11-06,,orphan_foreign_key
RAT0084703,CUST0014884,ITEM0010,LOC0015,ORD00157730,7,2025-11-06,Good value for money.,invalid_rating
RAT0084728,CUST0011638,ITEM0045,LOC3519,ORD00157011,4,2025-11-06,Nice ambience and good service.,invalid_restaurant_id
RAT0084735,CUST0032911,,LOC0003,ORD00157412,,2025-11-06,,missing_value
RAT0084743,CUST0051568,ITEM0031,LOC0017,ORD00155985,3,2025-11-06,,orphan_foreign_key
RAT0084765,CUST0007289,,LOC0013,ORD00157189,4,2025-11-06,Enjoyed the meal.,orphan_foreign_key
RAT0084780,CUST0023649,ITEM0058,LOC0020,ORD00157559,5,2099-12-31,,invalid_date
RAT0084825,CUST0054739,ITEM0152,LOC0018,ORD00157461,3,2025-11-06,,orphan_foreign_key
RAT0084858,CUST0051230,ITEM0151,LOC0002,ORD00157699,4,2025-11-06,,orphan_foreign_key
RAT0084912,CUST0008352,ITEM0153,LOC0021,ORD00156328,5,2025-11-06,,orphan_foreign_key
RAT0084943,CUST0015961,ITEM0122,LOC0004,ORD00157339,3,2025-11-07,,orphan_foreign_key
RAT0084967,CUST0037680,ITEM0078,LOC0004,ORD00157521,,2025-11-07,,missing_value
RAT0084972,CUST0022277,ITEM0126,LOC8879,ORD00157790,3,2025-11-07,Decent but overpriced.,invalid_restaurant_id
RAT0084976,CUST0012622,ITEM0040,LOC0334,ORD00157362,4,2025-11-07,"Good food, will order again.",invalid_restaurant_id
RAT0084977,CUST0051979,ITEM0113,LOC0007,ORD00157851,3,2025-11-07,,orphan_foreign_key
RAT0084984,CUST0050724,ITEM0141,LOC0009,ORD00157402,7,2025-11-07,,invalid_rating
RAT0084988,CUST0010956,ITEM0151,LOC0015,ORD00157537,,2025-11-07,,missing_value
RAT0085020,CUST0016183,ITEM0038,LOC0018,ORD00158094,6,2025-11-07,Tasty and fresh.,invalid_rating
RAT0085033,CUST0040758,ITEM0054,LOC0004,ORD00158144,3,2025-11-07,It was okay.,orphan_foreign_key
RAT0085050,CUST0049357,ITEM0070,LOC0011,ORD00157377,5,2025-11-07,Highly recommended.,orphan_foreign_key
RAT0085076,CUST0002474,ITEM0104,LOC0008,ORD00158342,4,2025-11-07,Good value for money.,orphan_foreign_key
RAT0085092,CUST0025409,ITEM0142,LOC0002,ORD00157104,4,2099-12-31,,invalid_date
RAT0085101,CUST0050452,ITEM0151,LOC0005,ORD00157933,,2025-11-07,,missing_value
RAT0085108,CUST0040758,ITEM0134,LOC0004,ORD00158144,4,2025-11-07,,orphan_foreign_key
RAT0085117,CUST0031661,ITEM0147,LOC9246,ORD00156062,4,2025-11-07,,invalid_restaurant_id
RAT0085119,CUST0042569,ITEM0127,LOC0013,ORD00155584,5,2025-11-07,"Excellent, loved it!",orphan_foreign_key
RAT0085120,CUST0008849,ITEM0045,LOC0020,ORD00157738,,2025-11-07,Enjoyed the meal.,missing_value
RAT0085130,CUST0046848,ITEM0065,LOC0004,ORD00157929,3,2025-11-07,,orphan_foreign_key
RAT0085145,CUST0035397,ITEM0159,LOC0019,ORD00158151,3,2025-11-07,"Taste was fine, packaging poor.",orphan_foreign_key
RAT0085150,CUST0031568,ITEM0057,LOC0016,ORD00157607,,2025-11-07,,missing_value
RAT0085152,CUST0017546,ITEM0056,LOC0012,ORD00158444,3,2025-11-07,Decent but overpriced.,orphan_foreign_key
RAT0085156,CUST0044628,,LOC0012,ORD00157987,,2025-11-07,"Taste was fine, packaging poor.",missing_value
RAT0085176,CUST0011133,ITEM0050,LOC0002,ORD00157113,5,,,invalid_date
RAT0085177,CUST0040758,ITEM0061,LOC0004,ORD00158144,3,2025-11-07,,orphan_foreign_key
RAT0085195,CUST0008172,ITEM0068,LOC0020,ORD00158087,4,2025-11-07,Tasty and fresh.,orphan_foreign_key
RAT0085210,CUST0001753,ITEM0077,LOC0018,ORD00157605,5,2025-11-07,"Excellent, loved it!",orphan_foreign_key
RAT0085213,CUST0032072,ITEM0005,LOC0015,ORD00157546,2,,,invalid_date
RAT0085220,CUST0035397,ITEM0057,LOC0019,ORD00158151,4,2025-11-07,,orphan_foreign_key
RAT0085222,CUST0016826,ITEM0012,LOC0022,ORD00157584,4,2025-11-07,Enjoyed the meal.,orphan_foreign_key
RAT0085241,CUST0024081,,LOC0003,ORD00157636,0,2025-11-07,,invalid_rating
RAT0085245,CUST0037083,,LOC3098,ORD00157701,3,2025-11-07,,invalid_restaurant_id
RAT0085285,CUST0007765,ITEM0026,LOC0002,ORD00157332,,2025-11-08,,missing_value
RAT0085292,CUST0028661,ITEM0048,LOC0021,ORD00157146,4,2025-11-08,Enjoyed the meal.,orphan_foreign_key
RAT0085307,CUST0037312,ITEM0106,LOC0004,ORD00156797,,2025-11-08,,missing_value
RAT0085310,CUST0000786,ITEM0068,LOC0021,ORD00158397,3,2025-11-08,,orphan_foreign_key
RAT0085329,CUST0009462,ITEM0067,LOC0016,ORD00157871,,2025-11-08,,missing_value
RAT0085342,CUST0039963,ITEM0051,LOC0017,ORD00158222,,2025-11-08,,missing_value
RAT0085345,CUST0025753,ITEM0027,LOC5072,ORD00158845,3,2025-11-08,"Taste was fine, packaging poor.",invalid_restaurant_id
RAT0085353,CUST0000916,ITEM0091,LOC0018,ORD00156982,4,2025-11-08,,orphan_foreign_key
RAT0085357,CUST0011483,ITEM0045,LOC0005,ORD00157941,10,2025-11-08,,invalid_rating
RAT0085368,CUST0045585,ITEM0119,LOC0007,ORD00159119,3,2025-11-08,"Average, nothing special.",orphan_foreign_key
RAT0085468,CUST0003937,ITEM0148,LOC8720,ORD00158226,5,2025-11-08,,invalid_restaurant_id
RAT0085474,CUST0017549,ITEM0152,LOC0008,ORD00158888,5,2025-11-08,,orphan_foreign_key
RAT0085477,CUST0046367,ITEM0098,LOC0005,ORD00158220,3,2025-11-08,,orphan_foreign_key
RAT0085488,CUST0044645,ITEM0087,LOC0017,ORD00159027,2,2025-11-08,Below average taste.,orphan_foreign_key
RAT0085501,CUST0017010,ITEM0004,LOC4285,ORD00158945,4,2025-11-08,,invalid_restaurant_id
RAT0085525,CUST0035397,ITEM0082,LOC0019,ORD00158151,3,2025-11-08,,orphan_foreign_key
RAT0085529,CUST0024190,ITEM0156,LOC0008,ORD00158644,0,2025-11-08,,invalid_rating
RAT0085533,CUST0031775,ITEM0113,LOC0005,ORD00159114,6,2025-11-08,"Good food, will order again.",invalid_rating
RAT0085619,CUST0011464,ITEM0020,LOC0018,ORD00159241,4,2025-11-08,,orphan_foreign_key
RAT0085630,CUST0020334,ITEM0151,LOC0023,ORD00158917,5,2025-11-08,,orphan_foreign_key
RAT0085648,CUST0007127,,LOC0015,ORD00159109,5,2025-11-08,"Excellent, loved it!",orphan_foreign_key
RAT0085656,CUST0025512,ITEM0064,LOC0015,ORD00158199,5,2025-11-08,Best in town.,orphan_foreign_key
RAT0085665,CUST0018782,ITEM0091,LOC0015,ORD00158720,3,2025-11-08,,orphan_foreign_key
RAT0085671,CUST0002061,ITEM0148,LOC0009,ORD00159190,55,2025-11-09,,invalid_rating
RAT0085681,CUST0012775,ITEM0037,LOC0018,ORD00159694,,2025-11-09,Tasty and fresh.,missing_value
RAT0085682,CUST0013973,,LOC0022,ORD00156824,,2025-11-09,Best in town.,missing_value
RAT0085699,CUST0040617,ITEM0138,LOC0013,ORD00158034,,2025-11-09,,missing_value
RAT0085719,CUST0041023,ITEM0061,LOC0009,ORD00159057,,2025-11-09,Poor quality for the price.,missing_value
RAT0085727,CUST0000497,ITEM0047,LOC0022,ORD00159837,4,2025-11-09,Good value for money.,orphan_foreign_key
RAT0085731,CUST0054541,,LOC0015,ORD00159506,2,2025-11-09,Portion was too small.,orphan_foreign_key
RAT0085749,CUST0035669,ITEM0157,LOC0008,ORD00159361,5,2025-11-09,Highly recommended.,orphan_foreign_key
RAT0085751,CUST0022962,ITEM0134,LOC0001,ORD00157677,5,2025-11-09,,orphan_foreign_key
RAT0085768,CUST0045121,,LOC0009,ORD00158920,,2025-11-09,,missing_value
RAT0085773,CUST0017012,ITEM0052,LOC0007,ORD00158410,4,2025-11-09,,orphan_foreign_key
RAT0085792,CUST0006845,ITEM0134,LOC0016,ORD00158886,4,2025-11-09,,orphan_foreign_key
RAT0085833,CUST0035201,ITEM0148,LOC0015,ORD00159963,,2025-11-09,,missing_value
RAT0085884,CUST0014511,,LOC0003,ORD00159380,10,2025-11-09,,invalid_rating
RAT0085915,CUST0045662,ITEM0064,LOC0018,ORD00159953,,2025-11-09,Decent but overpriced.,missing_value
RAT0085952,CUST0007127,ITEM0054,LOC0015,ORD00159109,3,2025-11-09,,orphan_foreign_key
RAT0085974,CUST0046367,ITEM0067,LOC0005,ORD00158220,4,2025-11-09,Enjoyed the meal.,orphan_foreign_key
RAT0086009,CUST0012582,,LOC0018,ORD00159519,4,2025-11-09,,orphan_foreign_key
RAT0086013,CUST0034035,ITEM0147,LOC0022,ORD00159599,,2025-11-09,Enjoyed the meal.,missing_value
RAT0086028,CUST0005946,ITEM0091,LOC0020,ORD00158807,3,2025-11-09,Good taste but late delivery.,orphan_foreign_key
RAT0086041,CUST0017579,ITEM0141,LOC3712,ORD00160196,2,2025-11-10,,invalid_restaurant_id
RAT0086045,CUST0022162,ITEM0003,LOC0014,ORD00160268,6,2025-11-10,Nice ambience and good service.,invalid_rating
RAT0086048,CUST0000497,ITEM0055,LOC0022,ORD00159837,4,2025-11-10,"Good food, will order again.",orphan_foreign_key
RAT0086049,CUST0012582,ITEM0042,LOC0018,ORD00159519,5,2025-11-10,,orphan_foreign_key
RAT0086075,CUST0041332,ITEM0064,LOC0004,ORD00159572,,2025-11-10,,missing_value
RAT0086079,CUST0032000,ITEM0138,LOC0003,ORD00159351,,2025-11-10,,missing_value
RAT0086118,CUST0030897,ITEM0077,LOC8343,ORD00156819,5,2025-11-10,,invalid_restaurant_id
RAT0086122,CUST0035669,ITEM0036,LOC0008,ORD00159361,4,2025-11-10,"Good food, will order again.",orphan_foreign_key
RAT0086139,CUST0041045,ITEM0121,LOC0006,ORD00159735,55,2025-11-10,,invalid_rating
RAT0086146,CUST0035669,,LOC0008,ORD00159361,4,2025-11-10,,orphan_foreign_key
RAT0086166,CUST0019269,ITEM0148,LOC0314,ORD00159932,4,2025-11-10,Nice ambience and good service.,invalid_restaurant_id
RAT0086186,CUST0045483,ITEM0087,LOC0010,ORD00160358,7,2025-11-10,,invalid_rating
RAT0086215,CUST0035397,ITEM0151,LOC0019,ORD00158151,3,2025-11-10,,orphan_foreign_key
RAT0086256,CUST0022641,ITEM0155,LOC0024,ORD00160275,,2025-11-10,,missing_value
RAT0086275,CUST0050476,ITEM0032,LOC2662,ORD00157891,4,2025-11-10,,invalid_restaurant_id
RAT0086288,CUST0042685,ITEM0075,LOC8195,ORD00158852,5,2025-11-10,,invalid_restaurant_id
RAT0086290,CUST0025168,ITEM0124,LOC0023,ORD00160253,5,2025-11-10,"Excellent, loved it!",orphan_foreign_key
RAT0086293,CUST0047722,ITEM0047,LOC0016,ORD00159062,5,2025-11-10,,orphan_foreign_key
RAT0086306,CUST0020532,ITEM0040,LOC0023,ORD00159844,,2025-11-10,,missing_value
RAT0086310,CUST0049086,ITEM0043,LOC0002,ORD00160120,,2025-11-10,,missing_value
RAT0086325,CUST0006083,ITEM0143,LOC0015,ORD00160038,,2025-11-10,,missing_value
RAT0086333,CUST0046333,ITEM0070,LOC0013,ORD00160156,4,2025-11-10,,orphan_foreign_key
RAT0086355,CUST0005585,ITEM0054,LOC0015,ORD00160090,2,2025-11-11,Service was slow.,orphan_foreign_key
RAT0086363,CUST0025988,ITEM0109,LOC0002,ORD00160673,2,2025-11-11,,orphan_foreign_key
RAT0086371,CUST0035202,ITEM0047,LOC5480,ORD00159793,2,2025-11-11,Portion was too small.,invalid_restaurant_id
RAT0086378,CUST0016394,ITEM0149,LOC0020,ORD00160796,3,2025-11-11,Decent but overpriced.,orphan_foreign_key
RAT0086388,CUST0037222,ITEM0044,LOC0012,ORD00160084,,2025-11-11,Good value for money.,missing_value
RAT0086393,CUST5672111,ITEM0034,LOC0025,ORD00160280,4,2025-11-11,Nice ambience and good service.,orphan_foreign_key
RAT0086425,CUST0032234,ITEM0032,LOC0018,ORD00160575,7,2025-11-11,,invalid_rating
RAT0086469,CUST0017331,ITEM0113,LOC0011,ORD00160642,6,2025-11-11,,invalid_rating
RAT0086475,CUST0031995,ITEM0054,LOC0014,ORD00160870,3,2025-11-11,"Average, nothing special.",orphan_foreign_key
RAT0086489,CUST0027055,ITEM0149,LOC0013,ORD00158348,3,2025-11-11,It was okay.,orphan_foreign_key
RAT0086496,CUST0029660,ITEM0113,LOC0009,ORD00160682,4,2025-11-11,,orphan_foreign_key
RAT0086515,CUST0011431,ITEM0081,LOC0020,ORD00160119,3,2025-11-11,"Average, nothing special.",orphan_foreign_key
RAT0086518,CUST0046136,ITEM0033,LOC0018,ORD00160643,7,2025-11-11,Good taste but late delivery.,invalid_rating
RAT0086551,CUST0020206,ITEM0134,LOC0013,ORD00160065,10,2025-11-11,,invalid_rating
RAT0086558,CUST0025988,ITEM0137,LOC0002,ORD00160673,3,2025-11-11,,orphan_foreign_key
RAT0086581,CUST0034310,ITEM0033,LOC0010,ORD00160753,3,2025-11-11,,orphan_foreign_key
RAT0086582,CUST0000497,,LOC0022,ORD00159837,5,2025-11-11,Best in town.,orphan_foreign_key
RAT0086583,CUST0009370,ITEM0078,LOC0010,ORD00160770,3,2025-11-11,,orphan_foreign_key
RAT0086590,CUST0019222,ITEM0134,LOC0013,ORD00160330,,2025-11-11,,missing_value
RAT0086640,CUST0022318,ITEM0143,LOC0011,ORD00159620,4,,"Good food, will order again.",invalid_date
RAT0086646,CUST9050473,ITEM0059,LOC0008,ORD00160883,5,2025-11-12,,orphan_foreign_key
RAT0086647,CUST0042979,ITEM0113,LOC0011,ORD00161163,10,2025-11-12,,invalid_rating
RAT0086670,CUST0036564,ITEM0031,LOC9517,ORD00159656,5,2025-11-12,"Excellent, loved it!",invalid_restaurant_id
RAT0086679,CUST0012269,ITEM0159,LOC0020,ORD00160943,4,2025-11-12,,orphan_foreign_key
RAT0086690,CUST0054385,ITEM0151,LOC0005,ORD00160677,7,2025-11-12,,invalid_rating
RAT0086698,CUST0013375,ITEM0081,LOC0012,ORD00160970,2,2025-11-12,Portion was too small.,orphan_foreign_key
RAT0086699,CUST0011341,ITEM0048,LOC0018,ORD00161114,4,2025-11-12,Good value for money.,orphan_foreign_key
RAT0086704,CUST0019506,ITEM0125,LOC0012,ORD00160974,2,2025-11-12,Took too long to arrive.,orphan_foreign_key
RAT0086759,CUST0000674,ITEM0145,LOC0014,ORD00161302,5,2025-11-12,"Excellent, loved it!",orphan_foreign_key
RAT0086760,CUST0023259,ITEM0057,LOC0011,ORD00160229,4,2025-11-12,,orphan_foreign_key
RAT0086809,CUST0051017,ITEM0139,LOC0008,ORD00160886,,2025-11-12,,missing_value
RAT0086811,CUST0038137,ITEM0057,LOC0023,ORD00160609,4,2025-11-12,,orphan_foreign_key
RAT0086818,CUST0029624,ITEM0113,LOC0019,ORD00161126,,2025-11-12,,missing_value
RAT0086835,CUST0046964,ITEM0153,LOC0013,ORD00160871,5,2025-11-12,Best in town.,orphan_foreign_key
RAT0086839,CUST0020970,ITEM0148,LOC0001,ORD00160661,4,2025-11-12,,orphan_foreign_key
RAT0086891,CUST0019503,,LOC0020,ORD00160738,5,2025-11-12,,orphan_foreign_key
RAT0086898,CUST0003561,ITEM0059,LOC0001,ORD00161492,4,2025-11-13,,orphan_foreign_key
RAT0086905,CUST0020641,,LOC0005,ORD00160773,4,2025-11-13,,orphan_foreign_key
RAT0086909,CUST0047310,ITEM0154,LOC0016,ORD00161842,4,2025-11-13,,orphan_foreign_key
RAT0086912,CUST0005585,,LOC0015,ORD00160090,3,2025-11-13,,orphan_foreign_key
RAT0086925,CUST0016394,ITEM0069,LOC0020,ORD00160796,4,2025-11-13,,orphan_foreign_key
RAT0086929,CUST0007668,ITEM0019,LOC0023,ORD00160165,3,2025-11-13,,orphan_foreign_key
RAT0086942,CUST0006530,ITEM0155,LOC0023,ORD00161822,3,2025-11-13,Good taste but late delivery.,orphan_foreign_key
RAT0086955,CUST0000674,ITEM0151,LOC0014,ORD00161302,4,2025-11-13,Enjoyed the meal.,orphan_foreign_key
RAT0086958,CUST0007786,,LOC0016,ORD00161863,4,2025-11-13,,orphan_foreign_key
RAT0086972,CUST0016976,ITEM0148,LOC0022,ORD00160775,,2025-11-13,,missing_value
RAT0086984,CUST0003561,,LOC0001,ORD00161492,3,2025-11-13,,orphan_foreign_key
RAT0086987,CUST0017549,ITEM0049,LOC0008,ORD00158888,5,2025-11-13,,orphan_foreign_key
RAT0087003,CUST0007786,ITEM0151,LOC0016,ORD00161863,5,2025-11-13,,orphan_foreign_key
RAT0087014,CUST0033596,ITEM0077,LOC0009,ORD00161765,,2025-11-13,"Average, nothing special.",missing_value
RAT0087023,CUST0051339,ITEM0147,LOC0007,ORD00160559,,2025-11-13,,missing_value
RAT0087026,CUST1258426,ITEM0092,LOC0023,ORD00158917,4,2025-11-13,,orphan_foreign_key
RAT0087031,CUST0046301,ITEM0013,LOC0019,ORD00161355,3,2025-11-13,It was okay.,orphan_foreign_key
RAT0087045,CUST0046301,ITEM0037,LOC0019,ORD00161355,4,2025-11-13,,orphan_foreign_key
RAT0087063,CUST0006530,ITEM0030,LOC0023,ORD00161822,3,2025-11-13,,orphan_foreign_key
RAT0087075,CUST0002221,ITEM0050,LOC0005,ORD00159390,3,2025-11-13,"Average, nothing special.",orphan_foreign_key
RAT0087076,CUST0042288,ITEM0111,LOC0016,ORD00161440,,2025-11-13,,missing_value
RAT0087095,CUST0052425,ITEM0123,LOC3838,ORD00161584,4,2025-11-13,"Good food, will order again.",invalid_restaurant_id
RAT0087115,CUST0033866,ITEM0061,LOC0009,ORD00161690,4,,,invalid_date
RAT0087135,CUST0019007,ITEM0064,LOC0013,ORD00160515,4,2025-11-13,Nice ambience and good service.,orphan_foreign_key
RAT0087140,CUST0041755,ITEM0065,LOC0023,ORD00161670,,2025-11-13,,missing_value
RAT0087146,CUST0004149,ITEM0113,LOC0007,ORD00161409,3,2025-11-13,,orphan_foreign_key
RAT0087173,CUST0026354,ITEM0033,LOC0025,ORD00161649,,2025-11-14,,missing_value
RAT0087184,CUST7557636,,LOC0011,ORD00162493,3,2025-11-14,,orphan_foreign_key
RAT0087199,CUST0050311,ITEM0135,LOC0001,ORD00162531,,2025-11-14,,missing_value
RAT0087207,CUST0051568,ITEM0147,LOC0017,ORD00155985,3,2025-11-14,,orphan_foreign_key
RAT0087208,CUST0013825,ITEM0148,LOC0023,ORD00161827,6,2025-11-14,,invalid_rating
RAT0087237,CUST0053725,,LOC0011,ORD00162300,,2025-11-14,,missing_value
RAT0087240,CUST0023057,ITEM0033,LOC6404,ORD00162430,3,2025-11-14,,invalid_restaurant_id
RAT0087244,CUST0054706,ITEM0154,LOC0023,ORD00159595,-1,2025-11-14,"Excellent, loved it!",invalid_rating
RAT0087274,CUST0031869,ITEM0135,LOC0001,ORD00161328,,2025-11-14,,missing_value
RAT0087275,CUST0029875,ITEM0046,LOC0023,ORD00160729,4,2025-11-14,,orphan_foreign_key
RAT0087308,CUST0022133,ITEM0057,LOC4587,ORD00161686,4,2025-11-14,,invalid_restaurant_id
RAT0087339,CUST0023057,ITEM0066,LOC0005,ORD00162430,4,2025-11-14,"Good food, will order again.",orphan_foreign_key
RAT0087366,CUST0012195,ITEM0148,LOC0004,ORD00161947,,2025-11-14,,missing_value
RAT0087372,CUST0038863,,LOC0014,ORD00161856,4,2025-11-14,,orphan_foreign_key
RAT0087393,CUST0004149,ITEM0066,LOC0007,ORD00161409,4,2025-11-14,,orphan_foreign_key
RAT0087394,CUST0016538,ITEM0122,LOC0019,ORD00161327,7,2025-11-14,Not fresh.,invalid_rating
RAT0087400,CUST0022188,ITEM0068,LOC0020,ORD00162297,55,2025-11-14,,invalid_rating
RAT0087445,CUST0016548,ITEM0032,LOC0012,ORD00161730,7,2025-11-14,,invalid_rating
RAT0087461,CUST0053881,ITEM0105,LOC0001,ORD00162697,5,2025-11-15,,orphan_foreign_key
RAT0087468,CUST0027526,ITEM0130,LOC0009,ORD00163032,3,2025-11-15,"Average, nothing special.",orphan_foreign_key
RAT0087549,CUST0005249,ITEM0012,LOC0006,ORD00162463,3,1970-01-01,"Average, nothing special.",invalid_date
RAT0087554,CUST0030596,ITEM0149,LOC0011,ORD00163189,3,,Decent but overpriced.,invalid_date
RAT0087589,CUST0048478,,LOC0023,ORD00163231,7,2025-11-15,,invalid_rating
RAT0087598,CUST0033081,ITEM0157,LOC0012,ORD00162850,,2025-11-15,,missing_value
RAT0087625,CUST0048631,ITEM0020,LOC0018,ORD00163220,,2025-11-15,,missing_value
RAT0087627,CUST0028209,ITEM0157,LOC0005,ORD00159426,3,2025-11-15,"Taste was fine, packaging poor.",orphan_foreign_key
RAT0087635,CUST0020684,ITEM0051,LOC0004,ORD00161668,,2025-11-15,,missing_value
RAT0087641,CUST0045500,ITEM0083,LOC0009,ORD00162995,3,2025-11-15,,orphan_foreign_key
RAT0087663,CUST0019204,ITEM0157,LOC0002,ORD00162180,-1,2025-11-15,,invalid_rating
RAT0087670,CUST0007474,ITEM0147,LOC0023,ORD00162789,,2025-11-15,"Good food, will order again.",missing_value
RAT0087678,CUST0007806,ITEM0057,LOC0003,ORD00162945,4,2025-11-15,Good value for money.,orphan_foreign_key
RAT0087697,CUST0007217,,LOC0021,ORD00163228,5,2025-11-15,,orphan_foreign_key
RAT0087706,CUST0046416,ITEM0136,LOC0011,ORD00160892,4,2025-11-15,Tasty and fresh.,orphan_foreign_key
RAT0087707,CUST0003861,ITEM0041,LOC0016,ORD00163038,5,2025-11-15,,orphan_foreign_key
RAT0087710,CUST0018193,,LOC0004,ORD00161694,3,1900-01-01,,invalid_date
RAT0087767,CUST0023057,ITEM0132,LOC0005,ORD00162430,3,2025-11-15,"Average, nothing special.",orphan_foreign_key
RAT0087783,CUST0001753,ITEM0132,LOC0018,ORD00162270,3,2025-11-15,"Average, nothing special.",orphan_foreign_key
RAT0087801,CUST0009692,ITEM0150,LOC0002,ORD00162017,10,2025-11-16,,invalid_rating
RAT0087809,CUST4180400,ITEM0036,LOC0001,ORD00162872,2,2025-11-16,,orphan_foreign_key
RAT0087823,CUST0002237,ITEM0016,LOC0025,ORD00162326,2,2025-11-16,,orphan_foreign_key
RAT0087827,CUST0022012,ITEM0023,LOC0003,ORD00161819,,2025-11-16,,missing_value
RAT0087829,CUST0048620,ITEM0031,LOC0001,ORD00161491,3,2025-11-16,,orphan_foreign_key
RAT0087838,CUST0027069,ITEM0091,LOC0016,ORD00163416,5,2025-11-16,,orphan_foreign_key
RAT0087842,CUST0021144,,LOC0005,ORD00162577,3,2025-11-16,"Average, nothing special.",orphan_foreign_key
RAT0087854,CUST0002237,,LOC0025,ORD00162326,3,2025-11-16,,orphan_foreign_key
RAT0087872,CUST0048467,ITEM0152,LOC0013,ORD00163862,4,2025-11-16,,orphan_foreign_key
RAT0087876,CUST0009104,ITEM0015,LOC0015,ORD00163285,4,2025-11-16,Enjoyed the meal.,orphan_foreign_key
RAT0087887,CUST0017833,ITEM0051,LOC0003,ORD00162935,10,2025-11-16,"Taste was fine, packaging poor.",invalid_rating
RAT0087919,CUST0029065,ITEM0135,LOC9418,ORD00163861,4,2025-11-16,,invalid_restaurant_id
RAT0087928,CUST0052065,ITEM0148,LOC0022,ORD00162974,10,2025-11-16,,invalid_rating
RAT0087935,CUST0048272,,LOC0003,ORD00162824,3,2025-11-16,,orphan_foreign_key
RAT0087954,CUST0000037,,LOC0007,ORD00163952,3,2025-11-16,,orphan_foreign_key
RAT0087958,CUST0052605,ITEM0045,LOC0020,ORD00163878,5,2025-11-16,"Excellent, loved it!",orphan_foreign_key
RAT0087972,CUST0008332,ITEM0056,LOC0013,ORD00163604,3,2025-11-16,,orphan_foreign_key
RAT0087983,CUST0022217,ITEM0114,LOC0005,ORD00163954,2,2025-11-16,Not fresh.,orphan_foreign_key
RAT0087984,CUST0000037,ITEM0027,LOC0007,ORD00163952,5,2025-11-16,,orphan_foreign_key
RAT0088004,CUST0005614,ITEM0155,LOC1341,ORD00162940,4,2025-11-16,,invalid_restaurant_id
RAT0088018,CUST0002609,ITEM0122,LOC5887,ORD00163924,4,2025-11-16,Nice ambience and good service.,invalid_restaurant_id
RAT0088025,CUST0010876,ITEM0151,LOC0005,ORD00162908,4,2025-11-16,Nice ambience and good service.,orphan_foreign_key
RAT0088026,CUST0019174,ITEM0048,LOC0006,ORD00161527,4,2025-11-16,,orphan_foreign_key
RAT0088031,CUST0022022,ITEM0072,LOC0022,ORD00163272,7,2025-11-16,Decent but overpriced.,invalid_rating
RAT0088032,CUST0046961,ITEM0055,LOC9527,ORD00163552,4,2025-11-16,,invalid_restaurant_id
RAT0088034,CUST0025576,ITEM0019,LOC9586,ORD00163717,5,2025-11-16,,invalid_restaurant_id
RAT0088038,CUST0012993,ITEM0057,LOC0010,ORD00163860,0,2025-11-16,Service was slow.,invalid_rating
RAT0088041,CUST0027509,ITEM0032,LOC0007,ORD00163380,4,2025-11-16,,orphan_foreign_key
RAT0088058,CUST0028272,ITEM0029,LOC0017,ORD00163166,4,2025-11-16,,orphan_foreign_key
RAT0088060,CUST0039251,ITEM0062,LOC0004,ORD00163373,,2025-11-16,,missing_value
RAT0088102,CUST0022446,ITEM0055,LOC0015,ORD00162679,5,2025-11-16,,orphan_foreign_key
RAT0088114,CUST0048053,ITEM0113,LOC0005,ORD00163306,4,,,invalid_date
RAT0088116,CUST2292892,,LOC0023,ORD00163402,3,2025-11-16,Good taste but late delivery.,orphan_foreign_key
RAT0088131,CUST0033884,ITEM0148,LOC0010,ORD00162571,,2025-11-16,Decent but overpriced.,missing_value
RAT0088143,CUST0020952,ITEM0081,LOC0008,ORD00164227,,2025-11-17,,missing_value
RAT0088174,CUST0009104,ITEM0030,LOC0015,ORD00163285,4,2025-11-17,Nice ambience and good service.,orphan_foreign_key
RAT0088185,CUST0019222,ITEM0141,LOC0015,ORD00163262,10,2025-11-17,"Taste was fine, packaging poor.",invalid_rating
RAT0088197,CUST0031486,ITEM0047,LOC0018,ORD00164020,4,2025-11-17,,orphan_foreign_key
RAT0088202,CUST0001615,ITEM0060,LOC0017,ORD00164077,0,2025-11-17,,invalid_rating
RAT0088213,CUST0020647,ITEM0061,LOC0016,ORD00164355,6,2025-11-17,Took too long to arrive.,invalid_rating
RAT0088231,CUST0034623,ITEM0068,LOC0020,ORD00163721,4,2025-11-17,,orphan_foreign_key
RAT0088241,CUST0048378,ITEM0151,LOC5057,ORD00164375,4,2025-11-17,,invalid_restaurant_id
RAT0088244,CUST0027778,ITEM0091,LOC0020,ORD00164232,3,2025-11-17,,orphan_foreign_key
RAT0088253,CUST0023912,ITEM0092,LOC0025,ORD00163521,,2025-11-17,,missing_value
RAT0088272,CUST0052669,ITEM0006,LOC0024,ORD00164283,4,2025-11-17,,orphan_foreign_key
RAT0088291,CUST0045856,ITEM0033,LOC0013,ORD00164331,3,2025-11-17,"Taste was fine, packaging poor.",orphan_foreign_key
RAT0088311,CUST0034623,ITEM0051,LOC0004,ORD00164330,,2025-11-17,Tasty and fresh.,missing_value
RAT0088317,CUST0051195,ITEM0153,LOC0021,ORD00162580,55,2025-11-17,Took too long to arrive.,invalid_rating
RAT0088322,CUST0052933,ITEM0061,LOC0023,ORD00164249,,2025-11-17,Food was cold and late.,missing_value
RAT0088324,CUST0027778,ITEM0152,LOC0020,ORD00164232,3,2025-11-17,,orphan_foreign_key
RAT0088332,CUST0020035,ITEM0148,LOC0008,ORD00163986,4,1900-01-01,,invalid_date
RAT0088347,CUST0047518,ITEM0052,LOC0009,ORD00161716,4,2025-11-17,Nice ambience and good service.,orphan_foreign_key
RAT0088348,CUST0017353,ITEM0029,LOC0024,ORD00162708,4,2025-11-17,"Good food, will order again.",orphan_foreign_key
RAT0088350,CUST0047586,ITEM0078,LOC0021,ORD00164014,,2025-11-17,,missing_value
RAT0088373,CUST0054801,ITEM0067,LOC0015,ORD00163411,,2025-11-17,,missing_value
RAT0088376,CUST0006701,ITEM0134,LOC0007,ORD00164054,,2025-11-17,,missing_value
RAT0088381,CUST0006935,ITEM0157,LOC0003,ORD00162249,3,2027-11-05,,invalid_date
RAT0088403,CUST0787944,ITEM0054,LOC0011,ORD00163099,4,2025-11-17,,orphan_foreign_key
RAT0088410,CUST1246797,ITEM0154,LOC0020,ORD00162596,4,2025-11-17,,orphan_foreign_key
RAT0088423,CUST0040496,ITEM0075,LOC0007,ORD00163170,,2025-11-17,,missing_value
RAT0088434,CUST0020722,ITEM0128,LOC0007,ORD00164097,3,2099-12-31,,invalid_date
RAT0088449,CUST0005983,ITEM0113,LOC0009,ORD00163616,,2025-11-17,,missing_value
RAT0088464,CUST0002612,ITEM0019,LOC0001,ORD00164195,4,2025-11-18,"Good food, will order again.",orphan_foreign_key
RAT0088470,CUST0002612,ITEM0041,LOC0001,ORD00164195,4,2025-11-18,,orphan_foreign_key
RAT0088511,CUST0015496,ITEM0156,LOC0001,ORD00163985,4,2025-11-18,Nice ambience and good service.,orphan_foreign_key
RAT0088553,CUST6810699,ITEM0129,LOC0004,ORD00164817,4,2025-11-18,,orphan_foreign_key
RAT0088561,CUST0000431,ITEM0152,LOC0169,ORD00164844,4,2025-11-18,,invalid_restaurant_id
RAT0088586,CUST0054548,,LOC0003,ORD00162098,,2025-11-18,,missing_value
RAT0088640,CUST0050507,,LOC0015,ORD00164494,4,2025-11-18,,orphan_foreign_key
RAT0088648,CUST0006710,ITEM0054,LOC0016,ORD00163283,4,2025-11-18,,orphan_foreign_key
RAT0088658,CUST0052669,ITEM0143,LOC0024,ORD00164283,3,2025-11-18,"Average, nothing special.",orphan_foreign_key
RAT0088661,CUST0014531,ITEM0133,LOC0011,ORD00164630,5,2025-11-18,"Excellent, loved it!",orphan_foreign_key
RAT0088675,CUST0049503,ITEM0121,LOC0014,ORD00164545,3,2025-11-18,,orphan_foreign_key
RAT0088704,CUST0030448,ITEM0102,LOC0005,ORD00163749,3,2025-11-18,,orphan_foreign_key
RAT0088706,CUST0034145,ITEM0057,LOC0003,ORD00164774,,2025-11-18,,missing_value
RAT0088717,CUST0049401,,LOC0005,ORD00164605,-1,2025-11-18,,invalid_rating
RAT0088735,CUST0048272,ITEM0010,LOC0003,ORD00162824,-1,2025-11-18,,invalid_rating
RAT0088738,CUST0048295,ITEM0068,LOC0004,ORD00164697,,2025-11-18,,missing_value
RAT0088753,CUST0002237,ITEM0148,LOC0025,ORD00162326,4,2025-11-19,"Good food, will order again.",orphan_foreign_key
RAT0088791,CUST0048272,ITEM0154,LOC0003,ORD00162824,5,2025-11-19,Highly recommended.,orphan_foreign_key
RAT0088798,CUST0049730,ITEM0055,LOC0016,ORD00164887,10,2025-11-19,,invalid_rating
RAT0088810,CUST0017550,ITEM0033,LOC0015,ORD00165254,3,2025-11-19,Good taste but late delivery.,orphan_foreign_key
RAT0088825,CUST0026965,ITEM0068,LOC0019,ORD00160285,55,2025-11-19,"Good food, will order again.",invalid_rating
RAT0088842,CUST0049503,ITEM0110,LOC0014,ORD00164545,4,2025-11-19,,orphan_foreign_key
RAT0088857,CUST0028901,ITEM0135,LOC0019,ORD00164655,3,2025-11-19,,orphan_foreign_key
RAT0088870,CUST0033434,ITEM0081,LOC0411,ORD00163500,3,2025-11-19,,invalid_restaurant_id
RAT0088873,CUST0007624,ITEM0033,LOC0009,ORD00164852,3,2025-11-19,,orphan_foreign_key
RAT0088883,CUST0033324,ITEM0040,LOC0025,ORD00164307,4,2025-11-19,Good value for money.,orphan_foreign_key
RAT0088892,CUST0028614,,LOC0002,ORD00164448,3,2025-11-19,,orphan_foreign_key
RAT0088895,CUST0032773,ITEM0113,LOC0009,ORD00164905,4,2025-11-19,Tasty and fresh.,orphan_foreign_key
RAT0088912,CUST0018658,ITEM0150,LOC4952,ORD00164291,5,2025-11-19,Highly recommended.,invalid_restaurant_id
RAT0088913,CUST0028681,ITEM0066,LOC0017,ORD00164855,4,1900-01-01,,invalid_date
RAT0088929,CUST0031486,ITEM0081,LOC0018,ORD00164020,5,2025-11-19,"Excellent, loved it!",orphan_foreign_key
RAT0088972,CUST0011373,ITEM0056,LOC0008,ORD00165151,,2025-11-19,,missing_value
RAT0088975,CUST0005855,ITEM0045,LOC0007,ORD00164943,4,2025-11-19,,orphan_foreign_key
RAT0089014,CUST0029936,ITEM0122,LOC0004,ORD00164259,10,2025-11-20,,invalid_rating
RAT0089025,CUST0004448,ITEM0137,LOC0005,ORD00165792,,2025-11-20,Tasty and fresh.,missing_value
RAT0089046,CUST0049933,,LOC0003,ORD00160118,,2025-11-20,,missing_value
RAT0089061,CUST0019844,ITEM0147,LOC0012,ORD00165478,55,2025-11-20,,invalid_rating
RAT0089068,CUST0033215,,LOC0004,ORD00163254,5,2027-11-05,,invalid_date
RAT0089095,CUST0042711,ITEM0082,LOC0022,ORD00165458,,2025-11-20,,missing_value
RAT0089152,CUST0036201,ITEM0079,LOC0008,ORD00165612,3,2099-12-31,,invalid_date
RAT0089157,CUST0025002,ITEM0134,LOC0003,ORD00165107,,2025-11-20,,missing_value
RAT0089158,CUST0041216,ITEM0093,LOC0023,ORD00165573,3,2025-11-20,"Taste was fine, packaging poor.",orphan_foreign_key
RAT0089167,CUST0036261,ITEM0008,LOC0009,ORD00165507,4,2025-11-20,Good value for money.,orphan_foreign_key
RAT0089169,CUST0022446,ITEM0048,LOC0015,ORD00165609,5,2025-11-20,,orphan_foreign_key
RAT0089204,CUST2320862,ITEM0025,LOC0003,ORD00165659,3,2025-11-20,,orphan_foreign_key
RAT0089231,CUST0032773,,LOC0009,ORD00164905,5,2025-11-20,Highly recommended.,orphan_foreign_key
RAT0089243,CUST0034288,ITEM0054,LOC0015,ORD00165361,3,2025-11-20,,orphan_foreign_key
RAT0089244,CUST0008608,ITEM0026,LOC0004,ORD00164632,3,2025-11-20,,orphan_foreign_key
RAT0089245,CUST0015686,ITEM0103,LOC0004,ORD00164685,,2025-11-20,Best in town.,missing_value
RAT0089262,CUST0017696,ITEM0054,LOC0004,ORD00164936,,2025-11-20,,missing_value
RAT0089271,CUST0009263,,LOC0002,ORD00165438,4,2025-11-20,Enjoyed the meal.,orphan_foreign_key
RAT0089284,CUST0022538,ITEM0051,LOC0010,ORD00165519,,2025-11-20,Nice ambience and good service.,missing_value
RAT0089286,CUST0012232,ITEM0061,LOC0021,ORD00165215,,2025-11-20,,missing_value
RAT0089305,CUST0054918,ITEM0048,LOC0022,ORD00166062,4,2025-11-21,,orphan_foreign_key
RAT0089332,CUST0009263,ITEM0092,LOC0002,ORD00166180,,2025-11-21,"Excellent, loved it!",missing_value
RAT0089347,CUST0009263,ITEM0041,LOC0002,ORD00165438,3,2025-11-21,,orphan_foreign_key
RAT0089352,CUST0010381,ITEM0075,LOC0019,ORD00165999,2,2025-11-21,Portion was too small.,orphan_foreign_key
RAT0089363,CUST0026618,ITEM0134,LOC0015,ORD00166091,,2025-11-21,Tasty and fresh.,missing_value
RAT0089387,CUST0049919,,LOC6808,ORD00165763,5,2025-11-21,Best in town.,invalid_restaurant_id
RAT0089399,CUST0009263,ITEM0081,LOC0002,ORD00166180,3,2025-11-21,,orphan_foreign_key
RAT0089404,CUST0036198,ITEM0124,LOC0008,ORD00166408,,2025-11-21,,missing_value
RAT0089412,CUST0015340,ITEM0027,LOC0024,ORD00165888,5,2025-11-21,,orphan_foreign_key
RAT0089414,CUST0045758,ITEM0113,LOC0003,ORD00165074,0,2025-11-21,,invalid_rating
RAT0089430,CUST0556780,ITEM0155,LOC0020,ORD00165794,3,2025-11-21,,orphan_foreign_key
RAT0089440,CUST0039801,,LOC0016,ORD00166076,7,2025-11-21,,invalid_rating
RAT0089469,CUST0010850,,LOC0025,ORD00166440,55,2025-11-21,,invalid_rating
RAT0089490,CUST0004753,,LOC0005,ORD00165879,,2025-11-21,,missing_value
RAT0089497,CUST0009263,ITEM0005,LOC0002,ORD00166180,4,2025-11-21,,orphan_foreign_key
RAT0089509,CUST0031666,,LOC0011,ORD00166166,,2025-11-21,,missing_value
RAT0089516,CUST0000812,ITEM0041,LOC0025,ORD00164322,,2025-11-21,,missing_value
RAT0089588,CUST0052669,ITEM0133,LOC0024,ORD00166714,4,2025-11-22,,orphan_foreign_key
RAT0089596,CUST0040233,ITEM0044,LOC0015,ORD00166570,5,2025-11-22,,orphan_foreign_key
RAT0089616,CUST0041396,ITEM0144,LOC0014,ORD00165192,5,2025-11-22,,orphan_foreign_key
RAT0089635,CUST0043043,ITEM0143,LOC0004,ORD00165202,5,2025-11-22,,orphan_foreign_key
RAT0089644,CUST0012775,ITEM0065,LOC0018,ORD00166449,4,2025-11-22,"Good food, will order again.",orphan_foreign_key
RAT0089658,CUST0040233,ITEM0048,LOC0015,ORD00166570,2,2025-11-22,,orphan_foreign_key
RAT0089676,CUST0049231,ITEM0033,LOC0020,ORD00166206,-1,2025-11-22,"Average, nothing special.",invalid_rating
RAT0089684,CUST0052669,ITEM0149,LOC0024,ORD00166714,3,2025-11-22,,orphan_foreign_key
RAT0089685,CUST0049401,ITEM0144,LOC0005,ORD00164605,,2025-11-22,"Good food, will order again.",missing_value
RAT0089695,CUST0024346,ITEM0054,LOC0016,ORD00166842,55,2025-11-22,,invalid_rating
RAT0089700,CUST0042058,ITEM0049,LOC0005,ORD00166964,,2025-11-22,,missing_value
RAT0089704,CUST0046454,ITEM0048,LOC0012,ORD00166865,4,2025-11-22,,orphan_foreign_key
RAT0089725,CUST9108504,ITEM0112,LOC0016,ORD00166732,4,2025-11-22,,orphan_foreign_key
RAT0089727,CUST0892483,ITEM0055,LOC0003,ORD00166390,3,2025-11-22,,orphan_foreign_key
RAT0089734,CUST0006945,ITEM0075,LOC0020,ORD00166888,4,2025-11-22,Tasty and fresh.,orphan_foreign_key
RAT0089740,CUST0027845,ITEM0147,LOC0010,ORD00166672,,2025-11-22,,missing_value
RAT0089746,CUST0043043,ITEM0091,LOC0017,ORD00167010,4,2025-11-22,,orphan_foreign_key
RAT0089748,CUST0032702,ITEM0148,LOC0024,ORD00166558,6,2025-11-22,,invalid_rating
RAT0089782,CUST0016317,ITEM0151,LOC9787,ORD00165180,3,2025-11-22,,invalid_restaurant_id
RAT0089798,CUST0014531,,LOC0011,ORD00164630,4,2025-11-22,Good value for money.,orphan_foreign_key
RAT0089809,CUST0027483,,LOC0530,ORD00165925,2,2025-11-22,,invalid_restaurant_id
RAT0089818,CUST0009783,,LOC0023,ORD00166505,4,2027-11-05,,invalid_date
RAT0089830,CUST0031402,ITEM0049,LOC0010,ORD00167105,,2025-11-22,,missing_value
RAT0089841,CUST0037867,ITEM0053,LOC0014,ORD00166887,5,,Perfect taste and quick service.,invalid_date
RAT0089852,CUST0040233,ITEM0012,LOC0015,ORD00166920,4,2025-11-22,,orphan_foreign_key
RAT0089857,CUST0006945,ITEM0134,LOC0020,ORD00166888,5,2025-11-22,,orphan_foreign_key
RAT0089914,CUST0029571,ITEM0148,LOC0006,ORD00166635,55,2025-11-22,"Good food, will order again.",invalid_rating
RAT0089989,CUST0026953,ITEM0102,LOC0005,ORD00167305,4,2025-11-23,,orphan_foreign_key
RAT0089993,CUST0054918,ITEM0081,LOC0022,ORD00166062,4,2025-11-23,"Good food, will order again.",orphan_foreign_key
RAT0090017,CUST0003822,ITEM0106,LOC0019,ORD00164496,,2025-11-23,,missing_value
RAT0090019,CUST0007533,ITEM0034,LOC0013,ORD00167152,4,2031-07-22,Enjoyed the meal.,invalid_date
RAT0090048,CUST0016832,ITEM0160,LOC0002,ORD00167445,4,2031-07-22,Enjoyed the meal.,invalid_date
RAT0090067,CUST0026953,ITEM0033,LOC0005,ORD00167305,3,2025-11-23,,orphan_foreign_key
RAT0090105,CUST0041208,ITEM0033,LOC0013,ORD00167559,4,,,invalid_date
RAT0090132,CUST0043796,ITEM0151,LOC0004,ORD00167260,5,2025-11-23,Highly recommended.,orphan_foreign_key
RAT0090149,CUST0038884,,LOC1376,ORD00167191,4,2025-11-23,Nice ambience and good service.,invalid_restaurant_id
RAT0090154,CUST0049015,ITEM0074,LOC0022,ORD00166524,3,1900-01-01,,invalid_date
RAT0090155,CUST0046454,ITEM0009,LOC0012,ORD00166865,2,2025-11-23,,orphan_foreign_key
RAT0090178,CUST0023961,ITEM0050,LOC0006,ORD00166666,4,1970-01-01,Nice ambience and good service.,invalid_date
RAT0090183,CUST0841914,ITEM0118,LOC0015,ORD00165746,3,2025-11-23,,orphan_foreign_key
RAT0090184,CUST0032896,ITEM0081,LOC0023,ORD00167648,4,2025-11-23,,orphan_foreign_key
RAT0090217,CUST0040140,ITEM0085,LOC0020,ORD00167203,3,2025-11-23,,orphan_foreign_key
RAT0090233,CUST0028901,ITEM0129,LOC0019,ORD00164655,4,2025-11-23,,orphan_foreign_key
RAT0090242,CUST0043043,,LOC0017,ORD00167010,2,2025-11-23,,orphan_foreign_key
RAT0090243,CUST0020883,ITEM0151,LOC0010,ORD00166891,,2025-11-23,Good value for money.,missing_value
RAT0090248,CUST0027940,ITEM0024,LOC0007,ORD00168051,,2025-11-24,Enjoyed the meal.,missing_value
RAT0090249,CUST0049619,,LOC0003,ORD00166710,3,2025-11-24,"Taste was fine, packaging poor.",orphan_foreign_key
RAT0090258,CUST0006221,ITEM0151,LOC0016,ORD00167064,0,2025-11-24,,invalid_rating
RAT0090280,CUST0046477,ITEM0128,LOC0025,ORD00168020,4,,Tasty and fresh.,invalid_date
RAT0090309,CUST0053340,ITEM0132,LOC0015,ORD00167791,3,2025-11-24,,orphan_foreign_key
RAT0090310,CUST0013719,ITEM0160,LOC0013,ORD00168039,,2025-11-24,,missing_value
RAT0090314,CUST0027301,ITEM0147,LOC0010,ORD00167161,,2025-11-24,Tasty and fresh.,missing_value
RAT0090370,CUST0031486,ITEM0068,LOC0019,ORD00165864,5,2025-11-24,Amazing food and friendly staff.,orphan_foreign_key
RAT0090394,CUST0039368,ITEM0151,LOC0007,ORD00165743,0,2025-11-24,Good value for money.,invalid_rating
RAT0090399,CUST0032896,,LOC0023,ORD00167648,3,2025-11-24,It was okay.,orphan_foreign_key
RAT0090412,CUST6278411,ITEM0004,LOC0023,ORD00167228,3,2025-11-24,It was okay.,orphan_foreign_key
RAT0090425,CUST0031649,ITEM0057,LOC0004,ORD00167136,,2025-11-24,,missing_value
RAT0090426,CUST0041272,ITEM0061,LOC0004,ORD00166069,1,2025-11-24,"Very disappointing, will not order again.",orphan_foreign_key
RAT0090439,CUST5496301,ITEM0134,LOC0015,ORD00166984,5,2025-11-24,Perfect taste and quick service.,orphan_foreign_key
RAT0090455,CUST0047840,ITEM0117,LOC0001,ORD00167879,5,2025-11-24,Best in town.,orphan_foreign_key
RAT0090477,CUST0005936,ITEM0102,LOC0013,ORD00167676,3,2025-11-24,,orphan_foreign_key
RAT0090480,CUST0052911,ITEM0142,LOC0014,ORD00166892,6,2025-11-24,,invalid_rating
RAT0090490,CUST0040140,ITEM0043,LOC0020,ORD00167203,3,2025-11-24,"Taste was fine, packaging poor.",orphan_foreign_key
RAT0090499,CUST0040474,ITEM0057,LOC0009,ORD00167878,,2025-11-24,Tasty and fresh.,missing_value
RAT0090539,CUST0045539,ITEM0134,LOC0003,ORD00168463,,2025-11-25,,missing_value
RAT0090564,CUST0015226,ITEM0147,LOC0013,ORD00167855,4,2025-11-25,,orphan_foreign_key
RAT0090568,CUST7047532,ITEM0145,LOC0005,ORD00166884,3,2025-11-25,,orphan_foreign_key
RAT0090585,CUST0030324,,LOC0013,ORD00165915,,2025-11-25,,missing_value
RAT0090596,CUST0033479,ITEM0031,LOC0007,ORD00167902,3,2025-11-25,,orphan_foreign_key
RAT0090617,CUST0032243,ITEM0125,LOC0016,ORD00167568,4,,,invalid_date
RAT0090618,CUST0015226,ITEM0058,LOC0013,ORD00167855,4,2025-11-25,,orphan_foreign_key
RAT0090638,CUST0005889,ITEM0134,LOC0004,ORD00168221,0,2025-11-25,,invalid_rating
RAT0090662,CUST0003778,ITEM0148,LOC0008,ORD00167799,5,2025-11-25,,orphan_foreign_key
RAT0090663,CUST0005250,ITEM0148,LOC0015,ORD00167392,4,2025-11-25,,orphan_foreign_key
RAT0090701,CUST0014495,ITEM0036,LOC0024,ORD00167633,4,2025-11-25,,orphan_foreign_key
RAT0090708,CUST0053340,ITEM0066,LOC0015,ORD00167791,4,2025-11-25,,orphan_foreign_key
RAT0090714,CUST0010762,,LOC0016,ORD00168452,5,2025-11-25,"Excellent, loved it!",orphan_foreign_key
RAT0090715,CUST0054727,,LOC0011,ORD00166935,,2025-11-25,Tasty and fresh.,missing_value
RAT0090731,CUST0003773,,LOC0015,ORD00167443,3,2025-11-25,,orphan_foreign_key
RAT0090738,CUST0005902,,LOC0023,ORD00168199,6,2025-11-25,,invalid_rating
RAT0090739,CUST0002975,ITEM0064,LOC0003,ORD00168432,4,2025-11-25,,orphan_foreign_key
RAT0090747,CUST0046808,ITEM0061,LOC0025,ORD00168418,,2025-11-25,,missing_value
RAT0090760,CUST0001691,ITEM0054,LOC0005,ORD00168291,55,2025-11-25,,invalid_rating
RAT0090763,CUST0008718,ITEM0124,LOC0008,ORD00168378,5,2025-11-25,Best in town.,orphan_foreign_key
RAT0090776,CUST0001780,ITEM0061,LOC0015,ORD00167919,,2025-11-26,Good taste but late delivery.,missing_value
RAT0090789,CUST0003751,ITEM0010,LOC0009,ORD00168698,,2025-11-26,,missing_value
RAT0090841,CUST0038960,ITEM0068,LOC0016,ORD00168639,,2025-11-26,Enjoyed the meal.,missing_value
RAT0090906,CUST0046285,ITEM0082,LOC0002,ORD00167440,2,2025-11-26,Portion was too small.,orphan_foreign_key
RAT0090954,CUST0041597,ITEM0112,LOC0003,ORD00168524,4,2025-11-26,,orphan_foreign_key
RAT0090968,CUST0005274,ITEM0147,LOC0003,ORD00168788,4,2025-11-26,,orphan_foreign_key
RAT0091010,CUST0005129,ITEM0082,LOC0020,ORD00169405,6,2025-11-27,,invalid_rating
RAT0091017,CUST0033149,,LOC6878,ORD00169156,3,2025-11-27,,invalid_restaurant_id
RAT0091040,CUST0011992,ITEM0027,LOC0016,ORD00169304,,2025-11-27,,missing_value
RAT0091051,CUST0053448,ITEM0083,LOC0017,ORD00168493,,2025-11-27,,missing_value
RAT0091059,CUST0010762,ITEM0134,LOC0016,ORD00168452,3,2025-11-27,Good taste but late delivery.,orphan_foreign_key
RAT0091072,CUST0049883,ITEM0023,LOC0004,ORD00168633,,2025-11-27,,missing_value
RAT0091077,CUST0012624,ITEM0045,LOC0010,ORD00166577,4,,,invalid_date
RAT0091095,CUST0047479,ITEM0019,LOC0002,ORD00169234,4,2025-11-27,Good value for money.,orphan_foreign_key
RAT0091097,CUST0028129,,LOC0005,ORD00169124,,2025-11-27,,missing_value
RAT0091098,CUST0002658,ITEM0134,LOC0025,ORD00169167,3,2025-11-27,"Taste was fine, packaging poor.",orphan_foreign_key
RAT0091104,CUST0003244,ITEM0061,LOC8726,ORD00169312,4,2025-11-27,,invalid_restaurant_id
RAT0091105,CUST0051410,ITEM0009,LOC0015,ORD00168900,3,2025-11-27,,orphan_foreign_key
RAT0091112,CUST0015989,ITEM0073,LOC0022,ORD00169301,,2025-11-27,,missing_value
RAT0091118,CUST0013113,ITEM0086,LOC0004,ORD00169229,3,2025-11-27,,orphan_foreign_key
RAT0091123,CUST0001780,,LOC0015,ORD00167919,3,2025-11-27,,orphan_foreign_key
RAT0091135,CUST0003900,ITEM0069,LOC0021,ORD00169101,55,2025-11-27,,invalid_rating
RAT0091185,CUST0033717,,LOC0025,ORD00168938,4,2025-11-27,,orphan_foreign_key
RAT0091197,CUST0030446,ITEM0141,LOC0013,ORD00168844,6,2025-11-27,Portion was too small.,invalid_rating
RAT0091205,CUST0008885,ITEM0057,LOC4610,ORD00168968,5,2025-11-27,,invalid_restaurant_id
RAT0091249,CUST0002658,ITEM0124,LOC0025,ORD00169167,3,2025-11-27,,orphan_foreign_key
RAT0091292,CUST0023225,ITEM0150,LOC0008,ORD00170271,3,2099-12-31,"Average, nothing special.",invalid_date
RAT0091297,CUST0053873,ITEM0099,LOC0003,ORD00170351,4,2025-11-28,,orphan_foreign_key
RAT0091322,CUST0040232,ITEM0125,LOC0001,ORD00166454,10,2025-11-28,,invalid_rating
RAT0091346,CUST0020549,ITEM0045,LOC0024,ORD00170465,4,2025-11-28,,orphan_foreign_key
RAT0091347,CUST0015514,ITEM0155,LOC0016,ORD00169533,-1,2025-11-28,,invalid_rating
RAT0091349,CUST0019181,ITEM0148,LOC0023,ORD00169556,2,2025-11-28,Service was slow.,orphan_foreign_key
RAT0091353,CUST0048584,,LOC0008,ORD00168411,6,2025-11-28,Perfect taste and quick service.,invalid_rating
RAT0091378,CUST0046454,ITEM0004,LOC0012,ORD00170430,4,2025-11-28,,orphan_foreign_key
RAT0091380,CUST0021929,ITEM0046,LOC0006,ORD00167371,,2025-11-28,,missing_value
RAT0091384,CUST0023787,ITEM0048,LOC0010,ORD00170437,3,2025-11-28,,orphan_foreign_key
RAT0091418,CUST0003626,ITEM0149,LOC0023,ORD00169534,6,2025-11-28,,invalid_rating
RAT0091419,CUST0041115,ITEM0055,LOC0003,ORD00169540,4,2025-11-28,,orphan_foreign_key
RAT0091425,CUST0043532,ITEM0112,LOC0005,ORD00170403,,2025-11-28,Nice ambience and good service.,missing_value
RAT0091461,CUST0003839,ITEM0102,LOC0007,ORD00170321,4,2025-11-28,,orphan_foreign_key
RAT0091468,CUST0005201,,LOC0023,ORD00170039,,2025-11-28,Enjoyed the meal.,missing_value
RAT0091476,CUST0032911,ITEM0126,LOC0001,ORD00169496,3,2025-11-28,,orphan_foreign_key
RAT0091479,CUST0040733,ITEM0140,LOC0022,ORD00169585,5,2025-11-28,,orphan_foreign_key
RAT0091487,CUST0013371,,LOC0009,ORD00168843,,2025-11-28,,missing_value
RAT0091495,CUST0044151,ITEM0122,LOC0002,ORD00169736,3,2025-11-28,Good taste but late delivery.,orphan_foreign_key
RAT0091496,CUST0038761,ITEM0009,LOC0004,ORD00169319,2,,,invalid_date
RAT0091500,CUST0005201,ITEM0139,LOC0023,ORD00170039,7,2025-11-28,,invalid_rating
RAT0091514,CUST0002265,ITEM0043,LOC0005,ORD00170340,3,2025-11-28,,orphan_foreign_key
RAT0091535,CUST5019207,ITEM0113,LOC0006,ORD00169455,4,2025-11-28,,orphan_foreign_key
RAT0091549,CUST6087987,ITEM0134,LOC0004,ORD00169204,3,2025-11-28,,orphan_foreign_key
RAT0091554,CUST0035645,ITEM0058,LOC0017,ORD00169603,3,2025-11-28,,orphan_foreign_key
RAT0091560,CUST0049644,ITEM0066,LOC0016,ORD00169926,,2025-11-28,"Good food, will order again.",missing_value
RAT0091567,CUST0020549,ITEM0157,LOC0024,ORD00170465,3,2025-11-28,"Taste was fine, packaging poor.",orphan_foreign_key
RAT0091588,CUST0014760,ITEM0051,LOC0008,ORD00170294,4,,,invalid_date
RAT0091598,CUST0035645,ITEM0071,LOC0017,ORD00169603,3,2025-11-28,"Taste was fine, packaging poor.",orphan_foreign_key
RAT0091602,CUST0040545,ITEM0147,LOC0008,ORD00168933,,2025-11-28,,missing_value
RAT0091604,CUST0048907,ITEM0081,LOC0004,ORD00169744,5,2027-11-05,,invalid_date
RAT0091619,CUST0047479,ITEM0147,LOC0002,ORD00169234,3,2025-11-28,,orphan_foreign_key
RAT0091624,CUST0051568,ITEM0004,LOC0017,ORD00169769,4,2025-11-28,,orphan_foreign_key
RAT0091629,CUST0044151,ITEM0004,LOC0002,ORD00169736,4,2025-11-28,,orphan_foreign_key
RAT0091631,CUST0010942,ITEM0057,LOC0016,ORD00170401,4,2025-11-28,,orphan_foreign_key
RAT0091635,CUST0003320,ITEM0075,LOC0003,ORD00170104,,2025-11-28,"Good food, will order again.",missing_value
RAT0091637,CUST0032911,ITEM0124,LOC0001,ORD00169496,4,2025-11-28,Nice ambience and good service.,orphan_foreign_key
RAT0091638,CUST0004497,ITEM0045,LOC0020,ORD00169500,,2025-11-28,,missing_value
RAT0091642,CUST0005653,ITEM0151,LOC0015,ORD00170113,4,2027-11-05,,invalid_date
RAT0091651,CUST0048533,ITEM0055,LOC0003,ORD00170000,3,1900-01-01,,invalid_date
RAT0091673,CUST0001753,ITEM0151,LOC0018,ORD00170198,3,2025-11-28,,orphan_foreign_key
RAT0091690,CUST0053473,ITEM0086,LOC0013,ORD00171102,3,2025-11-29,Decent but overpriced.,orphan_foreign_key
RAT0091692,CUST7965589,ITEM0151,LOC0001,ORD00169442,4,2025-11-29,Good value for money.,orphan_foreign_key
RAT0091696,CUST0047507,ITEM0045,LOC0009,ORD00171290,3,2025-11-29,,orphan_foreign_key
RAT0091718,CUST0022658,ITEM0150,LOC0023,ORD00170717,,2025-11-29,Enjoyed the meal.,missing_value
RAT0091719,CUST0019315,ITEM0134,LOC0018,ORD00170488,5,2025-11-29,,orphan_foreign_key
RAT0091731,CUST0003839,ITEM0086,LOC0007,ORD00170321,3,2025-11-29,,orphan_foreign_key
RAT0091766,CUST0003062,ITEM0002,LOC3419,ORD00169929,4,2025-11-29,,invalid_restaurant_id
RAT0091773,CUST0019315,ITEM0091,LOC0018,ORD00170488,5,2025-11-29,Best in town.,orphan_foreign_key
RAT0091803,CUST0026205,ITEM0134,LOC0008,ORD00169457,4,2025-11-29,Nice ambience and good service.,orphan_foreign_key
RAT0091812,CUST0044865,ITEM0040,LOC0013,ORD00170056,5,2025-11-29,,orphan_foreign_key
RAT0091813,CUST0030175,ITEM0057,LOC0018,ORD00171255,,2025-11-29,Good value for money.,missing_value
RAT0091814,CUST0021948,ITEM0146,LOC9806,ORD00171063,3,2025-11-29,,invalid_restaurant_id
RAT0091816,CUST0033133,ITEM0110,LOC0018,ORD00167272,55,2025-11-29,Good value for money.,invalid_rating
RAT0091824,CUST0044642,ITEM0045,LOC0013,ORD00170738,4,2025-11-29,,orphan_foreign_key
RAT0091878,CUST0041115,ITEM0132,LOC0003,ORD00169540,4,2025-11-29,,orphan_foreign_key
RAT0091921,CUST0049883,ITEM0066,LOC0004,ORD00168633,,2025-11-29,Nice ambience and good service.,missing_value
RAT0091938,CUST0048100,ITEM0075,LOC0001,ORD00170791,,2025-11-29,,missing_value
RAT0091946,CUST0050825,ITEM0054,LOC0020,ORD00169391,3,2025-11-29,Good taste but late delivery.,orphan_foreign_key
RAT0091961,CUST0012543,ITEM0042,LOC0002,ORD00170442,3,2025-11-29,,orphan_foreign_key
RAT0091966,CUST0009909,ITEM0087,LOC0003,ORD00170507,,2025-11-29,"Good food, will order again.",missing_value
RAT0091969,CUST0007374,ITEM0125,LOC0011,ORD00171444,,2025-11-29,Decent but overpriced.,missing_value
RAT0091997,CUST0010762,ITEM0029,LOC0016,ORD00168452,5,2025-11-29,,orphan_foreign_key
RAT0092004,CUST0050825,ITEM0081,LOC0020,ORD00169391,3,2025-11-29,It was okay.,orphan_foreign_key
RAT0092005,CUST0014199,ITEM0045,LOC0002,ORD00170270,5,2025-11-29,,orphan_foreign_key
RAT0092009,CUST0046821,ITEM0055,LOC0019,ORD00170709,4,2025-11-29,,orphan_foreign_key
RAT0092010,CUST0000679,ITEM0003,LOC0012,ORD00170715,5,2025-11-29,Best in town.,orphan_foreign_key
RAT0092051,CUST0053473,ITEM0103,LOC0013,ORD00171102,5,2025-11-29,Perfect taste and quick service.,orphan_foreign_key
RAT0092056,CUST0015323,ITEM0035,LOC0019,ORD00169605,0,2025-11-29,Good value for money.,invalid_rating
RAT0092067,CUST0031755,ITEM0102,LOC0018,ORD00171256,4,2031-07-22,"Good food, will order again.",invalid_date
RAT0092069,CUST0019872,ITEM0070,LOC6752,ORD00170052,5,2025-11-29,Best in town.,invalid_restaurant_id
RAT0092078,CUST0044151,ITEM0091,LOC0002,ORD00169736,4,2025-11-29,Enjoyed the meal.,orphan_foreign_key
RAT0092088,CUST0050846,ITEM0013,LOC2507,ORD00167516,5,2025-11-29,,invalid_restaurant_id
RAT0092100,CUST0005739,ITEM0033,LOC0012,ORD00171174,4,2025-11-29,,orphan_foreign_key
RAT0092101,CUST0054693,ITEM0159,LOC0018,ORD00171013,,2025-11-29,"Good food, will order again.",missing_value
RAT0092110,CUST0000255,ITEM0144,LOC0007,ORD00169824,10,2025-11-29,,invalid_rating
RAT0092119,CUST0025523,ITEM0048,LOC6398,ORD00170873,4,2025-11-29,,invalid_restaurant_id
RAT0092122,CUST0002827,,LOC0013,ORD00171252,3,2025-11-29,,orphan_foreign_key
RAT0092137,CUST0035645,ITEM0126,LOC0017,ORD00169603,3,2025-11-29,,orphan_foreign_key
RAT0092160,CUST0045758,,LOC0003,ORD00170705,3,2025-11-30,"Average, nothing special.",orphan_foreign_key
RAT0092198,CUST0002265,ITEM0036,LOC0005,ORD00170340,2,2025-11-30,,orphan_foreign_key
RAT0092223,CUST0037655,ITEM0081,LOC0005,ORD00171340,,2025-11-30,,missing_value
RAT0092231,CUST0008248,ITEM0088,LOC0001,ORD00171522,7,2025-11-30,Amazing food and friendly staff.,invalid_rating
RAT0092254,CUST0053873,ITEM0143,LOC0003,ORD00170351,4,2025-11-30,Good value for money.,orphan_foreign_key
RAT0092258,CUST0048808,ITEM0072,LOC0005,ORD00171732,4,2025-11-30,Enjoyed the meal.,orphan_foreign_key
RAT0092280,CUST0005739,ITEM0068,LOC0012,ORD00171174,3,2025-11-30,,orphan_foreign_key
RAT0092283,CUST0023904,ITEM0150,LOC6935,ORD00172275,4,2025-11-30,,invalid_restaurant_id
RAT0092328,CUST0041985,ITEM0019,LOC0025,ORD00170226,3,2025-11-30,"Average, nothing special.",orphan_foreign_key
RAT0092338,CUST0021784,ITEM0075,LOC0014,ORD00171679,4,2025-11-30,Enjoyed the meal.,orphan_foreign_key
RAT0092342,CUST0011126,ITEM0132,LOC0015,ORD00170569,3,2025-11-30,"Average, nothing special.",orphan_foreign_key
RAT0092347,CUST5792705,ITEM0046,LOC0007,ORD00172121,5,2025-11-30,,orphan_foreign_key
RAT0092363,CUST6405124,,LOC0008,ORD00170837,3,2025-11-30,,orphan_foreign_key
RAT0092379,CUST0044035,ITEM0033,LOC1965,ORD00171790,2,2025-11-30,,invalid_restaurant_id
RAT0092401,CUST0032764,,LOC0020,ORD00169087,,2025-11-30,,missing_value
RAT0092403,CUST0036538,ITEM0105,LOC0021,ORD00168276,0,2025-11-30,It was okay.,invalid_rating
RAT0092421,CUST0000679,ITEM0144,LOC0012,ORD00170715,4,2025-11-30,,orphan_foreign_key
RAT0092429,CUST0034742,ITEM0082,LOC0485,ORD00172297,2,2025-11-30,,invalid_restaurant_id
RAT0092461,CUST0026140,ITEM0081,LOC0020,ORD00169180,,2025-11-30,,missing_value
RAT0092480,CUST0019181,ITEM0135,LOC0023,ORD00169556,3,2025-11-30,"Average, nothing special.",orphan_foreign_key
RAT0092487,CUST0041644,,LOC0023,ORD00172181,4,1970-01-01,,invalid_date
RAT0092497,CUST0053473,ITEM0124,LOC0013,ORD00171102,3,2025-11-30,It was okay.,orphan_foreign_key
RAT0092555,CUST0045856,ITEM0023,LOC0013,ORD00171183,3,2025-11-30,,orphan_foreign_key
RAT0092565,CUST0011428,ITEM0048,LOC0016,ORD00170006,,2025-11-30,Good value for money.,missing_value
RAT0092567,CUST0033221,ITEM0145,LOC0016,ORD00171626,4,2027-11-05,Tasty and fresh.,invalid_date
RAT0092569,CUST6006423,ITEM0156,LOC0005,ORD00171223,5,2025-11-30,,orphan_foreign_key
RAT0092575,CUST0049684,,LOC2286,ORD00170201,4,2025-11-30,Good value for money.,invalid_restaurant_id
RAT0092582,CUST0010394,ITEM0054,LOC0013,ORD00170995,3,2025-11-30,,orphan_foreign_key
RAT0092588,CUST0006513,,LOC2476,ORD00172141,4,2025-11-30,"Good food, will order again.",invalid_restaurant_id
RAT0092589,CUST0046492,,LOC0008,ORD00170081,4,2031-07-22,,invalid_date
RAT0092605,CUST0007720,ITEM0002,LOC0023,ORD00169773,5,2025-11-30,Best in town.,orphan_foreign_key
RAT0092621,CUST0023400,,LOC0018,ORD00171806,3,2025-11-30,Good taste but late delivery.,orphan_foreign_key
RAT0092624,CUST0006672,ITEM0010,LOC0009,ORD00170124,,2025-11-30,"Good food, will order again.",missing_value
RAT0092626,CUST0031654,ITEM0133,LOC0007,ORD00171683,,2025-11-30,,missing_value
RAT0092627,CUST0036039,ITEM0099,LOC0004,ORD00170917,5,2025-11-30,,orphan_foreign_key
RAT0092631,CUST0026655,ITEM0035,LOC0007,ORD00170862,,2025-11-30,,missing_value
RAT0092633,CUST0021561,ITEM0060,LOC0019,ORD00170776,,2025-11-30,It was okay.,missing_value
RAT0092643,CUST0045758,ITEM0109,LOC0003,ORD00170705,3,2025-11-30,,orphan_foreign_key
RAT0092647,CUST0052910,ITEM0067,LOC0010,ORD00171906,,2025-11-30,,missing_value
RAT0092649,CUST0026451,ITEM0069,LOC0008,ORD00169839,5,2025-11-30,,orphan_foreign_key
RAT0092667,CUST0038416,,LOC0007,ORD00170971,5,,,invalid_date
RAT0092678,CUST0050277,ITEM0138,LOC0011,ORD00172860,5,2025-12-01,,orphan_foreign_key
RAT0092683,CUST0015639,ITEM0068,LOC0010,ORD00170553,4,2025-12-01,,orphan_foreign_key
RAT0092712,CUST0041934,ITEM0113,LOC0023,ORD00172551,3,2025-12-01,,orphan_foreign_key
RAT0092722,CUST0003435,ITEM0018,LOC3090,ORD00172721,4,2025-12-01,,invalid_restaurant_id
RAT0092724,CUST0047934,ITEM0065,LOC0004,ORD00172642,4,2025-12-01,,orphan_foreign_key
RAT0092769,CUST0032911,ITEM0133,LOC0001,ORD00169496,5,2025-12-01,,orphan_foreign_key
RAT0092776,CUST0016563,ITEM0124,LOC0005,ORD00172266,3,2025-12-01,,orphan_foreign_key
RAT0092795,CUST0031557,ITEM0066,LOC0016,ORD00172759,,2025-12-01,,missing_value
RAT0092798,CUST0001465,ITEM0113,LOC0008,ORD00172821,3,2025-12-01,It was okay.,orphan_foreign_key
RAT0092801,CUST0039372,ITEM0055,LOC3846,ORD00172029,3,2025-12-01,,invalid_restaurant_id
RAT0092815,CUST0022959,ITEM0068,LOC0024,ORD00172871,3,2025-12-01,,orphan_foreign_key
RAT0092817,CUST0031391,ITEM0082,LOC0018,ORD00172448,,2025-12-01,Enjoyed the meal.,missing_value
RAT0092871,CUST0021409,ITEM0078,LOC0024,ORD00170155,0,2025-12-01,,invalid_rating
RAT0092874,CUST0021359,,LOC0005,ORD00169780,,2025-12-01,Decent but overpriced.,missing_value
RAT0092887,CUST1856363,,LOC0003,ORD00168207,4,2025-12-01,,orphan_foreign_key
RAT0092890,CUST0036039,ITEM0132,LOC0004,ORD00170917,4,2025-12-01,,orphan_foreign_key
RAT0092893,CUST0018637,,LOC0012,ORD00172512,3,2025-12-01,,orphan_foreign_key
RAT0092905,CUST0031557,ITEM0138,LOC0016,ORD00172759,5,2025-12-01,,orphan_foreign_key
RAT0092927,CUST0134748,ITEM0125,LOC0004,ORD00172818,3,2025-12-01,,orphan_foreign_key
RAT0092933,CUST0053873,ITEM0075,LOC0003,ORD00172706,4,2025-12-01,,orphan_foreign_key
RAT0092961,CUST0047689,ITEM0147,LOC0014,ORD00172143,4,2025-12-01,,orphan_foreign_key
RAT0092970,CUST0032027,ITEM0055,LOC0005,ORD00171747,4,2025-12-01,,orphan_foreign_key
RAT0092991,CUST0018200,ITEM0058,LOC0007,ORD00171750,55,2025-12-01,Portion was too small.,invalid_rating
RAT0093004,CUST0028527,ITEM0138,LOC0020,ORD00172565,3,2025-12-01,,orphan_foreign_key
RAT0093021,CUST0033149,ITEM0091,LOC0013,ORD00172144,,2025-12-01,,missing_value
RAT0093032,CUST0032529,ITEM0049,LOC0020,ORD00172298,,2025-12-01,,missing_value
RAT0093046,CUST0016725,ITEM0112,LOC0011,ORD00172783,55,2025-12-01,,invalid_rating
RAT0093083,CUST0021177,ITEM0032,LOC0004,ORD00172552,,2025-12-02,,missing_value
RAT0093097,CUST0049733,ITEM0136,LOC0004,ORD00172497,3,2027-11-05,,invalid_date
RAT0093098,CUST0017693,ITEM0072,LOC0022,ORD00172885,55,2025-12-02,,invalid_rating
RAT0093120,CUST5656265,ITEM0150,LOC0011,ORD00172001,3,2025-12-02,Decent but overpriced.,orphan_foreign_key
RAT0093128,CUST0001465,ITEM0068,LOC0008,ORD00172821,5,2025-12-02,Amazing food and friendly staff.,orphan_foreign_key
RAT0093137,CUST0016387,,LOC0009,ORD00172711,7,2025-12-02,,invalid_rating
RAT0093141,CUST2055143,ITEM0068,LOC0021,ORD00173136,4,2025-12-02,"Good food, will order again.",orphan_foreign_key
RAT0093171,CUST0022452,ITEM0124,LOC0016,ORD00173138,5,2025-12-02,,orphan_foreign_key
RAT0093184,CUST0009427,ITEM0151,LOC0005,ORD00173160,6,2025-12-02,,invalid_rating
RAT0093202,CUST0022618,,LOC0020,ORD00173239,4,2025-12-02,Enjoyed the meal.,orphan_foreign_key
RAT0093210,CUST0021575,ITEM0151,LOC0001,ORD00173025,4,2025-12-02,Nice ambience and good service.,orphan_foreign_key
RAT0093233,CUST0040313,ITEM0023,LOC0016,ORD00173147,0,2025-12-02,Tasty and fresh.,invalid_rating
RAT0093235,CUST0034326,ITEM0048,LOC0001,ORD00172803,5,2025-12-02,,orphan_foreign_key
RAT0093242,CUST0041866,ITEM0132,LOC0007,ORD00173249,3,2025-12-02,"Taste was fine, packaging poor.",orphan_foreign_key
RAT0093248,CUST0040586,ITEM0151,LOC0007,ORD00171987,4,1900-01-01,Nice ambience and good service.,invalid_date
RAT0093251,CUST0009427,ITEM0068,LOC0005,ORD00173160,3,2025-12-02,,orphan_foreign_key
RAT0093262,CUST0026718,ITEM0151,LOC0022,ORD00172401,6,2025-12-02,,invalid_rating
RAT0093278,CUST0031630,ITEM0031,LOC0046,ORD00172657,4,2025-12-02,,invalid_restaurant_id
RAT0093295,CUST0004444,ITEM0147,LOC0013,ORD00171720,4,2025-12-02,Good value for money.,orphan_foreign_key
RAT0093318,CUST0038041,ITEM0138,LOC0010,ORD00172961,10,2025-12-02,Tasty and fresh.,invalid_rating
RAT0093338,CUST0015877,,LOC0021,ORD00169851,6,2025-12-02,,invalid_rating
RAT0093344,CUST0015949,,LOC0022,ORD00172572,,2025-12-02,,missing_value
RAT0093358,CUST0044785,ITEM0054,LOC0017,ORD00172989,3,2025-12-02,Good taste but late delivery.,orphan_foreign_key
RAT0093371,CUST0034774,ITEM0135,LOC0004,ORD00170487,4,2025-12-02,"Good food, will order again.",orphan_foreign_key
RAT0093389,CUST0023505,ITEM0148,LOC0019,ORD00172102,6,2025-12-02,,invalid_rating
RAT0093400,CUST0017921,ITEM0075,LOC0016,ORD00173424,3,,"Taste was fine, packaging poor.",invalid_date
RAT0093416,CUST0022446,ITEM0062,LOC0015,ORD00173723,3,2025-12-03,,orphan_foreign_key
RAT0093431,CUST0022446,,LOC0015,ORD00173723,5,2025-12-03,,orphan_foreign_key
RAT0093453,CUST0012197,ITEM0055,LOC0015,ORD00172445,,2025-12-03,Enjoyed the meal.,missing_value
RAT0093455,CUST0036964,ITEM0135,LOC0023,ORD00173063,4,2025-12-03,,orphan_foreign_key
RAT0093456,CUST0021575,ITEM0136,LOC0001,ORD00173025,3,2025-12-03,,orphan_foreign_key
RAT0093462,CUST0048607,ITEM0048,LOC0015,ORD00173311,3,2025-12-03,,orphan_foreign_key
RAT0093469,CUST0038155,ITEM0150,LOC7772,ORD00173915,3,2025-12-03,,invalid_restaurant_id
RAT0093481,CUST0038663,ITEM0054,LOC0406,ORD00173690,5,2025-12-03,"Excellent, loved it!",invalid_restaurant_id
RAT0093499,CUST0052470,ITEM0149,LOC6420,ORD00169501,4,2025-12-03,,invalid_restaurant_id
RAT0093506,CUST0050075,ITEM0124,LOC0002,ORD00173733,3,2025-12-03,,orphan_foreign_key
RAT0093508,CUST0013463,,LOC0004,ORD00173523,5,2025-12-03,,orphan_foreign_key
RAT0093531,CUST0010072,ITEM0091,LOC0011,ORD00170660,0,2025-12-03,It was okay.,invalid_rating
RAT0093548,CUST0040226,,LOC0024,ORD00173958,3,2025-12-03,,orphan_foreign_key
RAT0093549,CUST0042643,ITEM0126,LOC0023,ORD00172501,4,,,invalid_date
RAT0093555,CUST0034265,,LOC0004,ORD00171617,55,2025-12-03,,invalid_rating
RAT0093570,CUST0041223,ITEM0066,LOC0011,ORD00169941,4,2025-12-03,Nice ambience and good service.,orphan_foreign_key
RAT0093575,CUST0006353,ITEM0129,LOC0004,ORD00173613,4,2025-12-03,,orphan_foreign_key
RAT0093578,CUST0050075,,LOC0002,ORD00173733,3,2025-12-03,,orphan_foreign_key
RAT0093594,CUST0025763,ITEM0124,LOC0002,ORD00173423,4,2025-12-03,,orphan_foreign_key
RAT0093596,CUST0006240,ITEM0025,LOC0004,ORD00172875,,2025-12-03,,missing_value
RAT0093597,CUST0023221,ITEM0157,LOC0013,ORD00171721,10,2025-12-03,"Excellent, loved it!",invalid_rating
RAT0093609,CUST0011661,ITEM0086,LOC0012,ORD00173223,3,,,invalid_date
RAT0093622,CUST0008810,ITEM0133,LOC0019,ORD00173826,3,2025-12-03,"Average, nothing special.",orphan_foreign_key
RAT0093624,CUST0023334,,LOC0001,ORD00170322,0,2025-12-03,,invalid_rating
RAT0093688,CUST0035645,ITEM0134,LOC0002,ORD00173660,,2025-12-03,,missing_value
RAT0093710,CUST2604143,ITEM0055,LOC0013,ORD00170379,5,2025-12-03,,orphan_foreign_key
RAT0093732,CUST0052723,,LOC0002,ORD00174303,,2025-12-04,Good value for money.,missing_value
RAT0093739,CUST0010646,ITEM0151,LOC0004,ORD00174180,3,2025-12-04,,orphan_foreign_key
RAT0093747,CUST0043475,ITEM0006,LOC0019,ORD00173980,5,2025-12-04,,orphan_foreign_key
RAT0093748,CUST0003894,,LOC0020,ORD00173738,,2025-12-04,,missing_value
RAT0093755,CUST0006083,ITEM0046,LOC0015,ORD00173944,4,2025-12-04,,orphan_foreign_key
RAT0093764,CUST0029350,ITEM0031,LOC0023,ORD00174174,5,2025-12-04,,orphan_foreign_key
RAT0093767,CUST0026953,ITEM0071,LOC0005,ORD00174082,,2025-12-04,,missing_value
RAT0093791,CUST0022747,ITEM0135,LOC0005,ORD00174474,3,2025-12-04,,orphan_foreign_key
RAT0093805,CUST0015145,ITEM0151,LOC0013,ORD00169506,5,2025-12-04,,orphan_foreign_key
RAT0093808,CUST0037055,ITEM0113,LOC0018,ORD00173314,55,2025-12-04,It was okay.,invalid_rating
RAT0093831,CUST0038663,,LOC0007,ORD00173690,4,2025-12-04,,orphan_foreign_key
RAT0093835,CUST0002407,ITEM0068,LOC0010,ORD00173004,3,2025-12-04,"Taste was fine, packaging poor.",orphan_foreign_key
RAT0093851,CUST0023400,ITEM0156,LOC0018,ORD00171806,4,2025-12-04,,orphan_foreign_key
RAT0093852,CUST0026953,,LOC0005,ORD00174082,3,2025-12-04,,orphan_foreign_key
RAT0093912,CUST0043725,ITEM0151,LOC0015,ORD00173277,4,2025-12-04,,orphan_foreign_key
RAT0093926,CUST0054420,ITEM0074,LOC2425,ORD00171886,4,2025-12-04,,invalid_restaurant_id
RAT0093928,CUST0047049,,LOC0005,ORD00173961,10,2025-12-04,,invalid_rating
RAT0093942,CUST2382834,ITEM0151,LOC0015,ORD00173943,3,2025-12-04,,orphan_foreign_key
RAT0093943,CUST0003148,ITEM0035,LOC9804,ORD00173043,4,2025-12-04,,invalid_restaurant_id
RAT0093960,CUST0043991,ITEM0045,LOC0016,ORD00172520,5,1970-01-01,,invalid_date
RAT0093967,CUST0035645,ITEM0041,LOC0017,ORD00169603,4,2025-12-04,,orphan_foreign_key
RAT0093975,CUST0033270,ITEM0068,LOC0007,ORD00173983,2,2025-12-04,,orphan_foreign_key
RAT0093977,CUST0049219,ITEM0054,LOC0014,ORD00174457,,2025-12-04,Enjoyed the meal.,missing_value
RAT0093981,CUST0025652,ITEM0083,LOC0001,ORD00174241,,2025-12-04,,missing_value
RAT0093992,CUST0043475,ITEM0121,LOC0019,ORD00173980,4,2025-12-04,,orphan_foreign_key
RAT0094019,CUST0017056,ITEM0156,LOC0008,ORD00173557,5,1900-01-01,,invalid_date
RAT0094021,CUST0028921,ITEM0154,LOC0020,ORD00174964,3,2025-12-05,Decent but overpriced.,orphan_foreign_key
RAT0094040,CUST0004964,ITEM0035,LOC0014,ORD00173739,3,2025-12-05,,orphan_foreign_key
RAT0094050,CUST0052755,,LOC0015,ORD00174581,3,2025-12-05,,orphan_foreign_key
RAT0094065,CUST0014199,,LOC0002,ORD00175145,5,2025-12-05,Best in town.,orphan_foreign_key
RAT0094076,CUST0050736,ITEM0121,LOC0004,ORD00174831,4,2025-12-05,Enjoyed the meal.,orphan_foreign_key
RAT0094089,CUST0054960,ITEM0016,LOC0011,ORD00174157,4,,,invalid_date
RAT0094098,CUST0039532,ITEM0056,LOC0004,ORD00174232,4,2025-12-05,,orphan_foreign_key
RAT0094103,CUST0039532,ITEM0033,LOC0004,ORD00174232,4,2025-12-05,,orphan_foreign_key
RAT0094111,CUST0035041,,LOC9926,ORD00174693,3,2025-12-05,,invalid_restaurant_id
RAT0094125,CUST0004611,ITEM0148,LOC0025,ORD00175235,,2025-12-05,,missing_value
RAT0094135,CUST0046821,ITEM0020,LOC0019,ORD00170709,3,2025-12-05,Decent but overpriced.,orphan_foreign_key
RAT0094148,CUST0042231,ITEM0140,LOC0016,ORD00174606,4,2025-12-05,"Good food, will order again.",orphan_foreign_key
RAT0094156,CUST0040706,ITEM0090,LOC1771,ORD00173642,4,2025-12-05,Enjoyed the meal.,invalid_restaurant_id
RAT0094180,CUST0026213,ITEM0148,LOC0018,ORD00174577,5,2025-12-05,,orphan_foreign_key
RAT0094194,CUST0043475,ITEM0081,LOC0019,ORD00173980,5,2025-12-05,,orphan_foreign_key
RAT0094229,CUST0017201,,LOC0022,ORD00173675,,2025-12-05,Best in town.,missing_value
RAT0094230,CUST0019817,ITEM0005,LOC0025,ORD00175101,,2025-12-05,,missing_value
RAT0094239,CUST0010321,ITEM0148,LOC0006,ORD00175023,4,2025-12-05,,orphan_foreign_key
RAT0094246,CUST0051555,ITEM0041,LOC0018,ORD00174221,,2025-12-05,,missing_value
RAT0094250,CUST0017472,ITEM0047,LOC0021,ORD00174804,4,2025-12-05,,orphan_foreign_key
RAT0094253,CUST0014199,ITEM0068,LOC0002,ORD00175145,3,2025-12-05,Good taste but late delivery.,orphan_foreign_key
RAT0094254,CUST0020090,ITEM0068,LOC0001,ORD00173994,4,2027-11-05,,invalid_date
RAT0094263,CUST0006641,ITEM0014,LOC0003,ORD00175133,,2025-12-05,Decent but overpriced.,missing_value
RAT0094288,CUST0050736,ITEM0135,LOC0004,ORD00174831,3,2025-12-05,,orphan_foreign_key
RAT0094306,CUST0033176,ITEM0133,LOC0023,ORD00174033,,2025-12-05,,missing_value
RAT0094316,CUST0017472,ITEM0151,LOC0021,ORD00174804,3,2025-12-05,,orphan_foreign_key
RAT0094319,CUST0032258,ITEM0141,LOC0018,ORD00174205,3,2025-12-05,,orphan_foreign_key
RAT0094334,CUST0014150,ITEM0031,LOC0019,ORD00174760,-1,2025-12-05,,invalid_rating
RAT0094339,CUST0035419,ITEM0148,LOC0017,ORD00174183,2,2025-12-05,,orphan_foreign_key
RAT0094349,CUST0017009,ITEM0151,LOC0018,ORD00174640,5,2025-12-05,Amazing food and friendly staff.,orphan_foreign_key
RAT0094353,CUST0054266,ITEM0112,LOC0014,ORD00175029,,2025-12-05,,missing_value
RAT0094364,CUST0017142,ITEM0050,LOC0001,ORD00174548,4,1900-01-01,,invalid_date
RAT0094406,CUST0034072,ITEM0144,LOC0010,ORD00175217,,2025-12-06,,missing_value
RAT0094413,CUST0039776,ITEM0065,LOC0003,ORD00175789,4,1900-01-01,,invalid_date
RAT0094425,CUST0048365,ITEM0091,LOC0023,ORD00175907,3,2025-12-06,"Average, nothing special.",orphan_foreign_key
RAT0094454,CUST0039786,ITEM0068,LOC0006,ORD00175631,4,2025-12-06,Nice ambience and good service.,orphan_foreign_key
RAT0094456,CUST0010607,ITEM0115,LOC2351,ORD00174924,4,2025-12-06,,invalid_restaurant_id
RAT0094458,CUST0026953,ITEM0020,LOC0005,ORD00174082,3,2025-12-06,,orphan_foreign_key
RAT0094470,CUST0014173,ITEM0141,LOC0002,ORD00174181,,2025-12-06,Not fresh.,missing_value
RAT0094474,CUST0039419,ITEM0135,LOC0004,ORD00174756,,2025-12-06,,missing_value
RAT0094476,CUST0039532,,LOC0004,ORD00174232,2,2025-12-06,Took too long to arrive.,orphan_foreign_key
RAT0094551,CUST0035731,ITEM0154,LOC0013,ORD00175433,5,1900-01-01,,invalid_date
RAT0094566,CUST0001676,ITEM0003,LOC0013,ORD00175443,5,2025-12-06,,orphan_foreign_key
RAT0094582,CUST0020321,ITEM0033,LOC0018,ORD00175590,,2025-12-06,,missing_value
RAT0094596,CUST0026318,ITEM0046,LOC0014,ORD00175373,7,2025-12-06,,invalid_rating
RAT0094598,CUST0027655,ITEM0081,LOC0016,ORD00174729,4,2025-12-06,,orphan_foreign_key
RAT0094604,CUST0043111,ITEM0010,LOC0012,ORD00175062,4,2025-12-06,,orphan_foreign_key
RAT0094609,CUST0037995,ITEM0153,LOC0012,ORD00175394,,2025-12-06,,missing_value
RAT0094618,CUST0045866,ITEM0132,LOC0014,ORD00175556,,2025-12-06,,missing_value
RAT0094643,CUST0014698,ITEM0018,LOC0009,ORD00176034,,2025-12-06,"Excellent, loved it!",missing_value
RAT0094647,CUST0046236,,LOC0005,ORD00174556,,2025-12-06,,missing_value
RAT0094670,CUST0020546,ITEM0001,LOC0015,ORD00175363,4,2025-12-06,,orphan_foreign_key
RAT0094691,CUST0030589,ITEM0147,LOC0020,ORD00168802,3,2025-12-06,Decent but overpriced.,orphan_foreign_key
RAT0094696,CUST0053247,ITEM0054,LOC0009,ORD00175766,,2025-12-06,Good value for money.,missing_value
RAT0094698,CUST0006039,ITEM0065,LOC0001,ORD00175611,,2025-12-06,Good taste but late delivery.,missing_value
RAT0094741,CUST0051473,ITEM0114,LOC0018,ORD00175300,,2025-12-06,"Average, nothing special.",missing_value
RAT0094761,CUST0029350,ITEM0041,LOC0023,ORD00174174,5,2025-12-06,Best in town.,orphan_foreign_key
RAT0094766,CUST0054500,ITEM0068,LOC0023,ORD00171282,,2025-12-06,,missing_value
RAT0094771,CUST0001691,ITEM0148,LOC0005,ORD00174115,,2025-12-06,,missing_value
RAT0094814,CUST0026339,ITEM0142,LOC0015,ORD00175440,55,2025-12-07,,invalid_rating
RAT0094845,CUST0043111,,LOC0012,ORD00175062,4,2025-12-07,Enjoyed the meal.,orphan_foreign_key
RAT0094860,CUST0029896,ITEM0014,LOC0014,ORD00174886,,2025-12-07,,missing_value
RAT0094888,CUST0003773,ITEM0151,LOC0015,ORD00176287,4,2025-12-07,"Good food, will order again.",orphan_foreign_key
RAT0094889,CUST0003773,ITEM0055,LOC0015,ORD00176287,5,2025-12-07,Highly recommended.,orphan_foreign_key
RAT0094914,CUST0393094,ITEM0047,LOC0001,ORD00176731,4,2025-12-07,Enjoyed the meal.,orphan_foreign_key
RAT0094923,CUST0032678,ITEM0082,LOC0003,ORD00175498,2,2025-12-07,Below average taste.,orphan_foreign_key
RAT0094933,CUST0030299,ITEM0097,LOC0019,ORD00176446,-1,2025-12-07,Good value for money.,invalid_rating
RAT0094996,CUST0023463,ITEM0073,LOC0006,ORD00174514,6,2025-12-07,,invalid_rating
RAT0095033,CUST0010559,ITEM0148,LOC0009,ORD00176266,55,2025-12-07,,invalid_rating
RAT0095039,CUST0001353,ITEM0092,LOC0015,ORD00175927,55,2025-12-07,,invalid_rating
RAT0095047,CUST0017268,ITEM0058,LOC0015,ORD00175935,6,2025-12-07,,invalid_rating
RAT0095052,CUST0051473,ITEM0119,LOC0018,ORD00175300,,2025-12-07,,missing_value
RAT0095075,CUST0049576,,LOC0005,ORD00174700,4,2025-12-07,,orphan_foreign_key
RAT0095078,CUST0012448,ITEM0129,LOC0008,ORD00176591,4,2025-12-07,Tasty and fresh.,orphan_foreign_key
RAT0095085,CUST0036563,,LOC0002,ORD00176316,10,2025-12-07,,invalid_rating
RAT0095101,CUST0021464,ITEM0120,LOC0011,ORD00176653,4,2025-12-07,Nice ambience and good service.,orphan_foreign_key
RAT0095102,CUST0042908,ITEM0151,LOC0009,ORD00175297,4,,,invalid_date
RAT0095103,CUST0025382,ITEM0036,LOC0009,ORD00174908,7,2025-12-07,,invalid_rating
RAT0095118,CUST7988221,ITEM0143,LOC0005,ORD00175930,5,2025-12-07,Perfect taste and quick service.,orphan_foreign_key
RAT0095124,CUST0031153,ITEM0091,LOC0020,ORD00175286,3,2025-12-07,,orphan_foreign_key
RAT0095125,CUST0043686,ITEM0145,LOC0016,ORD00175241,4,2025-12-07,,orphan_foreign_key
RAT0095134,CUST0047497,,LOC0003,ORD00175616,4,2025-12-07,,orphan_foreign_key
RAT0095142,CUST0023642,ITEM0090,LOC0015,ORD00176359,55,2025-12-07,,invalid_rating
RAT0095146,CUST0030336,ITEM0019,LOC0002,ORD00176415,3,2025-12-07,It was okay.,orphan_foreign_key
RAT0095154,CUST0042361,,LOC0004,ORD00176226,4,2099-12-31,Enjoyed the meal.,invalid_date
RAT0095168,CUST0028289,,LOC0008,ORD00175658,4,2025-12-07,Tasty and fresh.,orphan_foreign_key
RAT0095170,CUST0039786,,LOC0006,ORD00175631,5,2025-12-07,,orphan_foreign_key
RAT0095177,CUST0003472,ITEM0152,LOC8125,ORD00175768,3,2025-12-07,,invalid_restaurant_id
RAT0095183,CUST0041893,ITEM0134,LOC9370,ORD00175744,4,2025-12-07,,invalid_restaurant_id
RAT0095205,CUST0030774,ITEM0133,LOC0015,ORD00176313,0,2025-12-07,Good value for money.,invalid_rating
RAT0095237,CUST0034307,ITEM0106,LOC8439,ORD00176296,4,2025-12-08,Good value for money.,invalid_restaurant_id
RAT0095266,CUST0021304,,LOC0014,ORD00176847,3,2025-12-08,,orphan_foreign_key
RAT0095280,CUST0005653,ITEM0123,LOC0015,ORD00176680,5,2025-12-08,,orphan_foreign_key
RAT0095281,CUST0047330,ITEM0148,LOC0020,ORD00177167,3,,,invalid_date
RAT0095282,CUST0241045,ITEM0041,LOC0006,ORD00174698,5,2025-12-08,,orphan_foreign_key
RAT0095298,CUST0000979,ITEM0126,LOC5017,ORD00175646,3,2025-12-08,,invalid_restaurant_id
RAT0095304,CUST0041919,ITEM0020,LOC0020,ORD00175174,,2025-12-08,"Average, nothing special.",missing_value
RAT0095315,CUST0033753,ITEM0066,LOC0009,ORD00177187,6,2025-12-08,Perfect taste and quick service.,invalid_rating
RAT0095326,CUST0033066,ITEM0016,LOC0004,ORD00177053,,2025-12-08,Good taste but late delivery.,missing_value
RAT0095328,CUST0003773,ITEM0034,LOC0015,ORD00176674,3,2025-12-08,,orphan_foreign_key
RAT0095408,CUST0007470,,LOC0010,ORD00177153,3,2025-12-08,"Taste was fine, packaging poor.",orphan_foreign_key
RAT0095426,CUST0006568,,LOC0011,ORD00176290,,2025-12-08,,missing_value
RAT0095428,CUST0047942,ITEM0085,LOC0006,ORD00173535,6,2025-12-08,Amazing food and friendly staff.,invalid_rating
RAT0095435,CUST0050465,ITEM0061,LOC0023,ORD00176991,55,2025-12-08,,invalid_rating
RAT0095449,CUST0009724,ITEM0078,LOC0014,ORD00175293,6,2025-12-08,"Taste was fine, packaging poor.",invalid_rating
RAT0095502,CUST0054435,,LOC0018,ORD00174788,2,2025-12-08,,orphan_foreign_key
RAT0095513,CUST0009044,ITEM0143,LOC0009,ORD00176707,7,2025-12-08,,invalid_rating
RAT0095516,CUST0028289,ITEM0003,LOC6048,ORD00175658,4,2025-12-08,Nice ambience and good service.,invalid_restaurant_id
RAT0095549,CUST0007470,ITEM0035,LOC0010,ORD00177153,4,2025-12-08,Enjoyed the meal.,orphan_foreign_key
RAT0095558,CUST7958534,ITEM0138,LOC0007,ORD00176716,3,2025-12-08,"Taste was fine, packaging poor.",orphan_foreign_key
RAT0095613,CUST0002005,ITEM0091,LOC0004,ORD00177468,4,2025-12-09,,orphan_foreign_key
RAT0095649,CUST0046628,ITEM0129,LOC0023,ORD00177457,,2025-12-09,,missing_value
RAT0095668,CUST0024162,ITEM0077,LOC0017,ORD00177075,3,2025-12-09,,orphan_foreign_key
RAT0095670,CUST0053826,ITEM0155,LOC0025,ORD00175671,3,2025-12-09,,orphan_foreign_key
RAT0095674,CUST0024216,ITEM0055,LOC0019,ORD00177758,,2025-12-09,,missing_value
RAT0095685,CUST0001676,ITEM0075,LOC0013,ORD00175443,4,2025-12-09,,orphan_foreign_key
RAT0095698,CUST0054213,,LOC0022,ORD00177803,5,2025-12-09,,orphan_foreign_key
RAT0095713,CUST0024036,ITEM0047,LOC0016,ORD00177717,4,2025-12-09,,orphan_foreign_key
RAT0095716,CUST0004033,ITEM0033,LOC0022,ORD00177891,,2025-12-09,,missing_value
RAT0095723,CUST0031181,ITEM0075,LOC0003,ORD00177081,6,2025-12-09,,invalid_rating
RAT0095729,CUST0020442,ITEM0152,LOC0002,ORD00177818,7,2025-12-09,It was okay.,invalid_rating
RAT0095745,CUST0054227,ITEM0046,LOC0017,ORD00176827,10,2025-12-09,,invalid_rating
RAT0095746,CUST0005402,ITEM0091,LOC0018,ORD00177715,,2025-12-09,,missing_value
RAT0095774,CUST0002005,ITEM0150,LOC0004,ORD00177468,4,2025-12-09,Nice ambience and good service.,orphan_foreign_key
RAT0095783,CUST0011464,ITEM0138,LOC0008,ORD00177798,4,2025-12-09,Nice ambience and good service.,orphan_foreign_key
RAT0095791,CUST0054027,ITEM0156,LOC0001,ORD00175431,,2025-12-09,Good taste but late delivery.,missing_value
RAT0095799,CUST0005330,ITEM0081,LOC0024,ORD00177561,-1,2025-12-09,"Good food, will order again.",invalid_rating
RAT0095813,CUST0048533,ITEM0057,LOC0003,ORD00175929,3,,,invalid_date
RAT0095814,CUST8077661,ITEM0152,LOC0020,ORD00177729,4,2025-12-09,,orphan_foreign_key
RAT0095818,CUST0013511,ITEM0113,LOC0011,ORD00177483,0,2025-12-09,Good value for money.,invalid_rating
RAT0095837,CUST0024036,ITEM0147,LOC0016,ORD00177717,3,2025-12-09,,orphan_foreign_key
RAT0095866,CUST0052358,ITEM0033,LOC0020,ORD00177680,4,2025-12-09,,orphan_foreign_key
RAT0095870,CUST0038700,ITEM0033,LOC0009,ORD00177106,,2025-12-09,,missing_value
RAT0095871,CUST0051932,,LOC0010,ORD00177851,4,2025-12-09,,orphan_foreign_key
RAT0095889,CUST0000968,ITEM0081,LOC0004,ORD00176096,4,2025-12-09,,orphan_foreign_key
RAT0095904,CUST0045681,,LOC0016,ORD00177915,4,2025-12-10,,orphan_foreign_key
RAT0095923,CUST0038998,ITEM0141,LOC0018,ORD00175547,7,2025-12-10,Decent but overpriced.,invalid_rating
RAT0095943,CUST0006058,ITEM0147,LOC0018,ORD00178235,5,2025-12-10,,orphan_foreign_key
RAT0095946,CUST0016935,,LOC0023,ORD00177111,4,2025-12-10,,orphan_foreign_key
RAT0095966,CUST0028044,ITEM0122,LOC0004,ORD00178226,3,,,invalid_date
RAT0095970,CUST0007243,ITEM0108,LOC0020,ORD00176981,4,2025-12-10,,orphan_foreign_key
RAT0095983,CUST0017505,ITEM0129,LOC0006,ORD00178087,,2025-12-10,Best in town.,missing_value
RAT0095994,CUST0024897,ITEM0082,LOC0010,ORD00176730,3,2025-12-10,,orphan_foreign_key
RAT0095998,CUST0011232,ITEM0020,LOC0004,ORD00176233,4,2025-12-10,,orphan_foreign_key
RAT0096018,CUST0022347,ITEM0081,LOC0001,ORD00178390,2,2025-12-10,Below average taste.,orphan_foreign_key
RAT0096024,CUST0053634,ITEM0148,LOC0003,ORD00177504,0,2025-12-10,Tasty and fresh.,invalid_rating
RAT0096062,CUST0010765,ITEM0045,LOC0019,ORD00177902,,2025-12-10,,missing_value
RAT0096074,CUST0052152,ITEM0057,LOC0004,ORD00177536,,2025-12-10,,missing_value
RAT0096096,CUST0030401,ITEM0077,LOC0012,ORD00178279,4,2025-12-10,Nice ambience and good service.,orphan_foreign_key
RAT0096125,CUST0026953,,LOC0005,ORD00177837,4,2025-12-10,Good value for money.,orphan_foreign_key
RAT0096130,CUST0007881,ITEM0055,LOC0020,ORD00176970,4,2025-12-10,,orphan_foreign_key
RAT0096164,CUST0045238,ITEM0157,LOC0008,ORD00177699,,2025-12-10,"Excellent, loved it!",missing_value
RAT0096166,CUST0054213,ITEM0011,LOC0022,ORD00177803,4,2025-12-10,Good value for money.,orphan_foreign_key
RAT0096182,CUST0050076,ITEM0086,LOC0007,ORD00177689,4,2025-12-11,,orphan_foreign_key
RAT0096199,CUST0036128,ITEM0068,LOC0008,ORD00178600,5,2025-12-11,Amazing food and friendly staff.,orphan_foreign_key
RAT0096201,CUST0029646,ITEM0050,LOC0018,ORD00178791,3,2025-12-11,It was okay.,orphan_foreign_key
RAT0096208,CUST0029351,ITEM0126,LOC0009,ORD00177925,4,2025-12-11,,orphan_foreign_key
RAT0096213,CUST0048272,,LOC0003,ORD00177435,3,2025-12-11,,orphan_foreign_key
RAT0096223,CUST0024897,ITEM0147,LOC0010,ORD00176730,4,2025-12-11,Good value for money.,orphan_foreign_key
RAT0096230,CUST0006156,ITEM0001,LOC0008,ORD00178816,10,2025-12-11,Good taste but late delivery.,invalid_rating
RAT0096232,CUST0022083,ITEM0054,LOC0014,ORD00178554,2,2025-12-11,,orphan_foreign_key
RAT0096237,CUST0029351,ITEM0044,LOC0009,ORD00177925,2,2025-12-11,Portion was too small.,orphan_foreign_key
RAT0096241,CUST0051983,ITEM0015,LOC0018,ORD00178899,4,2099-12-31,Nice ambience and good service.,invalid_date
RAT0096242,CUST0034774,ITEM0130,LOC0004,ORD00178970,4,2025-12-11,,orphan_foreign_key
RAT0096249,CUST0010070,,LOC0018,ORD00178569,4,,,invalid_date
RAT0096252,CUST0016624,,LOC0004,ORD00177101,4,,,invalid_date
RAT0096265,CUST0024036,ITEM0046,LOC0016,ORD00177717,3,2025-12-11,,orphan_foreign_key
RAT0096272,CUST0029646,ITEM0089,LOC0018,ORD00178791,4,2025-12-11,,orphan_foreign_key
RAT0096304,CUST0013897,ITEM0120,LOC0011,ORD00178552,4,1900-01-01,,invalid_date
RAT0096340,CUST0034663,ITEM0143,LOC0015,ORD00176947,4,,,invalid_date
RAT0096341,CUST0032836,ITEM0135,LOC0004,ORD00178489,3,2025-12-11,,orphan_foreign_key
RAT0096343,CUST0009494,ITEM0134,LOC0008,ORD00178907,,2025-12-11,,missing_value
RAT0096360,CUST0018665,,LOC0014,ORD00178513,55,2025-12-11,,invalid_rating
RAT0096380,CUST0017202,,LOC0020,ORD00177217,3,2025-12-11,"Average, nothing special.",orphan_foreign_key
RAT0096381,CUST0041566,ITEM0023,LOC7934,ORD00178921,4,2025-12-11,,invalid_restaurant_id
RAT0096391,CUST0002003,ITEM0150,LOC8404,ORD00178579,2,2025-12-11,,invalid_restaurant_id
RAT0096405,CUST0005987,ITEM0080,LOC0025,ORD00178109,,2025-12-11,"Excellent, loved it!",missing_value
RAT0096416,CUST0025044,,LOC0004,ORD00178331,4,2025-12-11,Enjoyed the meal.,orphan_foreign_key
RAT0096428,CUST0004444,ITEM0129,LOC0009,ORD00175758,3,2025-12-11,,orphan_foreign_key
RAT0096435,CUST0047073,ITEM0124,LOC0003,ORD00178266,4,,,invalid_date
RAT0096444,CUST0017582,ITEM0128,LOC0002,ORD00178450,,2025-12-11,,missing_value
RAT0096446,CUST0031844,ITEM0050,LOC0006,ORD00178239,,2025-12-11,"Taste was fine, packaging poor.",missing_value
RAT0096458,CUST0020743,ITEM0129,LOC0018,ORD00177622,5,2025-12-11,,orphan_foreign_key
RAT0096482,CUST0032636,ITEM0045,LOC0005,ORD00178280,4,2025-12-11,,orphan_foreign_key
RAT0096489,CUST0011318,ITEM0018,LOC0003,ORD00178230,,2025-12-11,,missing_value
RAT0096512,CUST0011634,ITEM0132,LOC0013,ORD00176215,3,,"Taste was fine, packaging poor.",invalid_date
RAT0096526,CUST0017836,ITEM0156,LOC0003,ORD00178228,7,2025-12-12,,invalid_rating
RAT0096548,CUST0050825,ITEM0054,LOC0020,ORD00178960,3,2025-12-12,Decent but overpriced.,orphan_foreign_key
RAT0096550,CUST0024752,ITEM0001,LOC0006,ORD00179318,,2025-12-12,"Average, nothing special.",missing_value
RAT0096568,CUST0042738,ITEM0138,LOC7374,ORD00179586,4,2025-12-12,Good value for money.,invalid_restaurant_id
RAT0096577,CUST0008232,,LOC0007,ORD00179603,4,2025-12-12,Tasty and fresh.,orphan_foreign_key
RAT0096591,CUST9582651,ITEM0055,LOC0017,ORD00179753,4,2025-12-12,Tasty and fresh.,orphan_foreign_key
RAT0096593,CUST0049231,ITEM0066,LOC0020,ORD00179694,5,2025-12-12,,orphan_foreign_key
RAT0096610,CUST0027434,ITEM0135,LOC0008,ORD00177681,,2025-12-12,,missing_value
RAT0096656,CUST0000057,ITEM0135,LOC0007,ORD00179466,4,2025-12-12,Enjoyed the meal.,orphan_foreign_key
RAT0096662,CUST0011916,ITEM0129,LOC0021,ORD00178156,,2025-12-12,,missing_value
RAT0096663,CUST0045845,ITEM0018,LOC0014,ORD00179725,,2025-12-12,,missing_value
RAT0096668,CUST0043043,ITEM0143,LOC0003,ORD00179238,4,2025-12-12,,orphan_foreign_key
RAT0096685,CUST0035443,ITEM0057,LOC0020,ORD00179382,,2025-12-12,,missing_value
RAT0096699,CUST0010053,ITEM0055,LOC0007,ORD00179546,4,2025-12-12,,orphan_foreign_key
RAT0096704,CUST0027749,ITEM0081,LOC0005,ORD00179679,,2025-12-12,,missing_value
RAT0096727,CUST0031810,ITEM0124,LOC0003,ORD00179043,6,2025-12-12,,invalid_rating
RAT0096756,CUST0017308,ITEM0081,LOC0018,ORD00177171,,2025-12-12,"Taste was fine, packaging poor.",missing_value
RAT0096775,CUST0035675,,LOC0023,ORD00179730,4,,,invalid_date
RAT0096786,CUST0050825,ITEM0046,LOC0020,ORD00178960,4,2025-12-12,Tasty and fresh.,orphan_foreign_key
RAT0096794,CUST0011369,ITEM0006,LOC0007,ORD00177572,,2025-12-12,,missing_value
RAT0096832,CUST0004647,ITEM0041,LOC0023,ORD00178731,3,2025-12-12,,orphan_foreign_key
RAT0096858,CUST0003370,ITEM0051,LOC0019,ORD00180226,3,2025-12-13,,orphan_foreign_key
RAT0096860,CUST0024147,ITEM0014,LOC0007,ORD00178445,7,2025-12-13,"Good food, will order again.",invalid_rating
RAT0096874,CUST0044879,ITEM0069,LOC0020,ORD00177503,-1,2025-12-13,"Good food, will order again.",invalid_rating
RAT0096879,CUST0033486,,LOC0008,ORD00180025,55,2025-12-13,,invalid_rating
RAT0096888,CUST0020550,ITEM0129,LOC0018,ORD00180099,,2025-12-13,"Excellent, loved it!",missing_value
RAT0096895,CUST0008561,ITEM0016,LOC5625,ORD00180051,2,2025-12-13,,invalid_restaurant_id
RAT0096899,CUST0052002,ITEM0041,LOC0001,ORD00179281,,2025-12-13,Perfect taste and quick service.,missing_value
RAT0096908,CUST0011939,ITEM0084,LOC5796,ORD00178165,5,2025-12-13,"Excellent, loved it!",invalid_restaurant_id
RAT0096925,CUST0009263,ITEM0041,LOC0002,ORD00180404,3,2025-12-13,,orphan_foreign_key
RAT0096928,CUST0041990,ITEM0122,LOC0016,ORD00180390,5,2025-12-13,,orphan_foreign_key
RAT0096954,CUST0039972,ITEM0150,LOC0016,ORD00180548,3,2025-12-13,,orphan_foreign_key
RAT0096985,CUST0031173,ITEM0003,LOC0011,ORD00179170,3,2025-12-13,It was okay.,orphan_foreign_key
RAT0096995,CUST0009263,ITEM0009,LOC0002,ORD00180404,1,2025-12-13,,orphan_foreign_key
RAT0097005,CUST0040799,ITEM0046,LOC0001,ORD00179059,3,,"Taste was fine, packaging poor.",invalid_date
RAT0097022,CUST0012651,ITEM0123,LOC0025,ORD00177848,4,2025-12-13,,orphan_foreign_key
RAT0097034,CUST0009162,ITEM0101,LOC0007,ORD00179149,7,2025-12-13,Nice ambience and good service.,invalid_rating
RAT0097042,CUST0019430,ITEM0005,LOC0004,ORD00180635,-1,2025-12-13,,invalid_rating
RAT0097051,CUST0019363,ITEM0006,LOC0015,ORD00178204,,2025-12-13,,missing_value
RAT0097066,CUST0054575,ITEM0157,LOC0015,ORD00178383,4,2025-12-13,,orphan_foreign_key
RAT0097067,CUST0010227,ITEM0151,LOC0009,ORD00180392,3,2025-12-13,Decent but overpriced.,orphan_foreign_key
RAT0097082,CUST0015431,ITEM0086,LOC0013,ORD00179899,0,2025-12-13,,invalid_rating
RAT0097083,CUST0020433,ITEM0091,LOC0001,ORD00179553,,2025-12-13,,missing_value
RAT0097088,CUST0002971,ITEM0160,LOC0022,ORD00180586,,2025-12-13,,missing_value
RAT0097099,CUST0044764,ITEM0061,LOC4469,ORD00179905,2,2025-12-13,,invalid_restaurant_id
RAT0097101,CUST0046952,ITEM0058,LOC0016,ORD00178070,,2025-12-13,,missing_value
RAT0097130,CUST0029646,ITEM0138,LOC0018,ORD00178791,4,2025-12-13,,orphan_foreign_key
RAT0097151,CUST0029782,,LOC0008,ORD00179895,5,2025-12-13,Best in town.,orphan_foreign_key
RAT0097152,CUST0004448,ITEM0092,LOC0005,ORD00180059,-1,2025-12-13,"Taste was fine, packaging poor.",invalid_rating
RAT0097157,CUST0012822,ITEM0036,LOC0005,ORD00180567,,2025-12-13,,missing_value
RAT0097186,CUST0031642,ITEM0032,LOC0013,ORD00179634,55,2025-12-13,Highly recommended.,invalid_rating
RAT0097197,CUST0040140,ITEM0077,LOC0020,ORD00180470,3,2025-12-13,"Taste was fine, packaging poor.",orphan_foreign_key
RAT0097199,CUST0037878,,LOC9427,ORD00179886,4,2025-12-13,,invalid_restaurant_id
RAT0097201,CUST0041904,ITEM0149,LOC3534,ORD00179064,3,2025-12-13,It was okay.,invalid_restaurant_id
RAT0097206,CUST0014603,ITEM0068,LOC0019,ORD00180667,-1,2025-12-13,,invalid_rating
RAT0097228,CUST0016458,ITEM0054,LOC0003,ORD00179936,10,2025-12-13,,invalid_rating
RAT0097229,CUST6852340,,LOC0020,ORD00179062,4,2025-12-13,"Good food, will order again.",orphan_foreign_key
RAT0097239,CUST0002778,ITEM0062,LOC0011,ORD00180155,4,2025-12-13,,orphan_foreign_key
RAT0097252,CUST0033436,,LOC0007,ORD00179863,,2025-12-13,Decent but overpriced.,missing_value
RAT0097257,CUST0011452,ITEM0151,LOC0008,ORD00180394,55,2025-12-13,"Good food, will order again.",invalid_rating
RAT0097262,CUST0014809,ITEM0094,LOC0012,ORD00179103,,2025-12-13,"Very disappointing, will not order again.",missing_value
RAT0097280,CUST0002778,ITEM0091,LOC0011,ORD00180155,4,2025-12-13,Tasty and fresh.,orphan_foreign_key
RAT0097302,CUST0026116,ITEM0045,LOC0016,ORD00180740,5,2025-12-14,,orphan_foreign_key
RAT0097303,CUST0054186,ITEM0020,LOC0018,ORD00181187,5,2025-12-14,,orphan_foreign_key
RAT0097307,CUST0041095,ITEM0061,LOC0008,ORD00180787,2,2025-12-14,Portion was too small.,orphan_foreign_key
RAT0097312,CUST0031859,ITEM0117,LOC0022,ORD00181033,,2025-12-14,,missing_value
RAT0097322,CUST0005080,,LOC0023,ORD00180895,4,2025-12-14,,orphan_foreign_key
RAT0097324,CUST0039352,ITEM0057,LOC0003,ORD00180258,3,2025-12-14,,orphan_foreign_key
RAT0097325,CUST0052848,ITEM0045,LOC0003,ORD00179932,5,2025-12-14,Highly recommended.,orphan_foreign_key
RAT0097337,CUST0054916,ITEM0004,LOC1027,ORD00179948,5,2025-12-14,,invalid_restaurant_id
RAT0097343,CUST6376071,ITEM0098,LOC0001,ORD00180362,3,2025-12-14,,orphan_foreign_key
RAT0097344,CUST0024700,ITEM0137,LOC0003,ORD00180662,4,2025-12-14,,orphan_foreign_key
RAT0097362,CUST0020450,ITEM0006,LOC0009,ORD00181295,10,2025-12-14,,invalid_rating
RAT0097372,CUST0030252,ITEM0149,LOC0024,ORD00180697,,2025-12-14,Decent but overpriced.,missing_value
RAT0097380,CUST0013416,ITEM0112,LOC0016,ORD00180996,10,2025-12-14,,invalid_rating
RAT0097393,CUST0032220,ITEM0023,LOC0013,ORD00180879,,2025-12-14,,missing_value
RAT0097402,CUST0028433,ITEM0094,LOC0003,ORD00181076,,2025-12-14,,missing_value
RAT0097407,CUST0052755,ITEM0072,LOC0015,ORD00180809,3,2025-12-14,It was okay.,orphan_foreign_key
RAT0097415,CUST0030669,ITEM0046,LOC7906,ORD00179963,5,2025-12-14,,invalid_restaurant_id
RAT0097416,CUST0000423,ITEM0064,LOC0009,ORD00180325,4,2025-12-14,"Good food, will order again.",orphan_foreign_key
RAT0097422,CUST0008842,ITEM0016,LOC7321,ORD00179776,2,2025-12-14,,invalid_restaurant_id
RAT0097439,CUST0002275,ITEM0004,LOC3170,ORD00180569,3,2025-12-14,"Average, nothing special.",invalid_restaurant_id
RAT0097466,CUST0018409,ITEM0054,LOC0014,ORD00181387,5,2025-12-14,,orphan_foreign_key
RAT0097507,CUST0043525,ITEM0124,LOC0013,ORD00179896,3,2025-12-14,,orphan_foreign_key
RAT0097517,CUST0000863,ITEM0125,LOC0020,ORD00179906,4,2025-12-14,,orphan_foreign_key
RAT0097524,CUST0044449,ITEM0092,LOC0016,ORD00180106,4,2025-12-14,Good value for money.,orphan_foreign_key
RAT0097525,CUST0010902,ITEM0094,LOC0016,ORD00180887,,2025-12-14,,missing_value
RAT0097530,CUST0008604,ITEM0068,LOC0018,ORD00180794,2,2025-12-14,,orphan_foreign_key
RAT0097544,CUST0001753,ITEM0050,LOC0018,ORD00181181,5,2025-12-14,,orphan_foreign_key
RAT0097546,CUST0044158,,LOC0003,ORD00180993,3,2025-12-14,,orphan_foreign_key
RAT0097550,CUST0051452,ITEM0055,LOC0014,ORD00181190,,2025-12-14,,missing_value
RAT0097571,CUST0032853,ITEM0069,LOC0007,ORD00180581,6,2025-12-14,Nice ambience and good service.,invalid_rating
RAT0097574,CUST0011647,,LOC0018,ORD00180716,10,2025-12-14,Good taste but late delivery.,invalid_rating
RAT0097593,CUST0039760,ITEM0065,LOC0019,ORD00178627,,2025-12-14,"Average, nothing special.",missing_value
RAT0097617,CUST0018409,ITEM0041,LOC0014,ORD00181387,4,2025-12-14,,orphan_foreign_key
RAT0097623,CUST0043043,,LOC0003,ORD00179238,3,2025-12-14,,orphan_foreign_key
RAT0097635,CUST0004585,ITEM0083,LOC3691,ORD00181016,5,2025-12-14,,invalid_restaurant_id
RAT0097639,CUST0047397,ITEM0030,LOC0023,ORD00181045,3,2025-12-14,,orphan_foreign_key
RAT0097677,CUST0017809,,LOC0008,ORD00180861,5,2025-12-14,,orphan_foreign_key
RAT0097687,CUST0046625,ITEM0018,LOC0021,ORD00180441,5,2099-12-31,,invalid_date
RAT0097689,CUST0018134,,LOC0017,ORD00181383,,2025-12-14,,missing_value
RAT0097698,CUST0030450,ITEM0050,LOC0017,ORD00181159,,2025-12-14,,missing_value
RAT0097709,CUST0033490,ITEM0001,LOC0015,ORD00181229,,2025-12-14,,missing_value
RAT0097712,CUST0028694,ITEM0073,LOC0009,ORD00180960,1,2025-12-14,,orphan_foreign_key
RAT0097720,CUST0001901,ITEM0156,LOC0020,ORD00181586,3,2025-12-15,,orphan_foreign_key
RAT0097722,CUST0047397,ITEM0023,LOC0023,ORD00181045,3,2025-12-15,Good taste but late delivery.,orphan_foreign_key
RAT0097723,CUST0043681,ITEM0068,LOC0013,ORD00181686,,2025-12-15,,missing_value
RAT0097727,CUST0018914,ITEM0080,LOC0003,ORD00181726,,2025-12-15,,missing_value
RAT0097743,CUST0037039,ITEM0104,LOC0008,ORD00181961,5,2025-12-15,,orphan_foreign_key
RAT0097746,CUST0052848,ITEM0134,LOC0003,ORD00179932,3,2025-12-15,"Taste was fine, packaging poor.",orphan_foreign_key
RAT0097770,CUST0024277,ITEM0032,LOC0008,ORD00180527,,2025-12-15,Amazing food and friendly staff.,missing_value
RAT0097798,CUST0047542,ITEM0021,LOC0001,ORD00181225,5,,,invalid_date
RAT0097830,CUST0020565,ITEM0053,LOC0013,ORD00180859,,2025-12-15,,missing_value
RAT0097833,CUST0019995,,LOC0023,ORD00181968,,2025-12-15,,missing_value
RAT0097850,CUST0022260,ITEM0113,LOC0008,ORD00180615,,2025-12-15,,missing_value
RAT0097853,CUST0000086,ITEM0151,LOC0022,ORD00181337,,2025-12-15,,missing_value
RAT0097868,CUST0047397,ITEM0086,LOC0023,ORD00181045,2,2025-12-15,,orphan_foreign_key
RAT0097881,CUST0024897,,LOC0010,ORD00181772,3,2025-12-15,,orphan_foreign_key
RAT0097910,CUST0020569,,LOC0017,ORD00181505,0,2025-12-15,,invalid_rating
RAT0097924,CUST0012892,ITEM0066,LOC0011,ORD00181335,,2025-12-15,,missing_value
RAT0097934,CUST0027807,ITEM0080,LOC0017,ORD00181415,3,,"Average, nothing special.",invalid_date
RAT0097946,CUST0036385,ITEM0054,LOC0014,ORD00179732,4,2025-12-15,,orphan_foreign_key
RAT0097964,CUST0000057,ITEM0033,LOC0007,ORD00179466,4,2025-12-15,Nice ambience and good service.,orphan_foreign_key
RAT0097972,CUST0043701,,LOC0008,ORD00181546,,2025-12-15,,missing_value
RAT0097975,CUST0005150,ITEM0129,LOC1050,ORD00181877,5,2025-12-15,"Excellent, loved it!",invalid_restaurant_id
RAT0097984,CUST0034977,ITEM0079,LOC0004,ORD00181150,,2025-12-15,"Average, nothing special.",missing_value
RAT0097992,CUST0015807,ITEM0087,LOC0002,ORD00181579,4,2025-12-15,Good value for money.,orphan_foreign_key
RAT0097997,CUST0032572,ITEM0145,LOC0014,ORD00181465,4,2025-12-15,,orphan_foreign_key
RAT0098014,CUST0045856,ITEM0124,LOC0013,ORD00178011,4,2025-12-15,Tasty and fresh.,orphan_foreign_key
RAT0098032,CUST0014884,,LOC0015,ORD00181926,4,2025-12-15,Enjoyed the meal.,orphan_foreign_key
RAT0098059,CUST0037039,ITEM0058,LOC0008,ORD00181961,4,2025-12-16,,orphan_foreign_key
RAT0098078,CUST0043473,ITEM0134,LOC0017,ORD00182498,4,2025-12-16,Nice ambience and good service.,orphan_foreign_key
RAT0098090,CUST0051034,ITEM0035,LOC0017,ORD00181344,4,2025-12-16,Enjoyed the meal.,orphan_foreign_key
RAT0098114,CUST0048799,ITEM0109,LOC0004,ORD00181976,4,2025-12-16,,orphan_foreign_key
RAT0098120,CUST0036568,,LOC0003,ORD00182460,,2025-12-16,Enjoyed the meal.,missing_value
RAT0098127,CUST0033742,ITEM0068,LOC0001,ORD00182369,,2025-12-16,,missing_value
RAT0098163,CUST0013405,ITEM0068,LOC0021,ORD00181621,3,,,invalid_date
RAT0098175,CUST0052749,ITEM0005,LOC0020,ORD00181023,,2025-12-16,,missing_value
RAT0098228,CUST0015515,ITEM0124,LOC0008,ORD00182017,4,2025-12-16,,orphan_foreign_key
RAT0098239,CUST0034197,ITEM0055,LOC0007,ORD00181672,4,,,invalid_date
RAT0098258,CUST0027669,,LOC0002,ORD00182010,,2025-12-16,,missing_value
RAT0098265,CUST0044651,ITEM0041,LOC0023,ORD00182525,4,2025-12-16,,orphan_foreign_key
RAT0098272,CUST0022629,ITEM0083,LOC0013,ORD00180766,6,2025-12-16,,invalid_rating
RAT0098325,CUST0053369,ITEM0061,LOC0014,ORD00180413,,2025-12-16,,missing_value
RAT0098387,CUST0035735,ITEM0147,LOC0012,ORD00181946,,2025-12-17,Good taste but late delivery.,missing_value
RAT0098394,CUST0334820,,LOC0016,ORD00180183,3,2025-12-17,It was okay.,orphan_foreign_key
RAT0098414,CUST0033298,,LOC0010,ORD00181915,3,2025-12-17,,orphan_foreign_key
RAT0098443,CUST0050304,,LOC0011,ORD00183025,4,2025-12-17,,orphan_foreign_key
RAT0098452,CUST0003069,ITEM0114,LOC0003,ORD00182853,10,2025-12-17,,invalid_rating
RAT0098476,CUST0024793,ITEM0048,LOC0011,ORD00182870,-1,2025-12-17,Tasty and fresh.,invalid_rating
RAT0098480,CUST0050716,ITEM0048,LOC0015,ORD00182714,6,2025-12-17,,invalid_rating
RAT0098495,CUST0028991,,LOC0014,ORD00182634,,2025-12-17,"Good food, will order again.",missing_value
RAT0098522,CUST0019954,ITEM0019,LOC0002,ORD00182954,,2025-12-17,,missing_value
RAT0098539,CUST0052755,ITEM0072,LOC0015,ORD00182974,3,2025-12-17,,orphan_foreign_key
RAT0098542,CUST0035730,ITEM0148,LOC0011,ORD00182729,4,2025-12-17,Tasty and fresh.,orphan_foreign_key
RAT0098552,CUST0007796,ITEM0148,LOC0001,ORD00182780,2,2025-12-17,,orphan_foreign_key
RAT0098554,CUST0007228,ITEM0138,LOC0004,ORD00182548,-1,2025-12-17,Nice ambience and good service.,invalid_rating
RAT0098579,CUST0031011,ITEM0020,LOC0011,ORD00183047,5,2025-12-17,,orphan_foreign_key
RAT0098584,CUST0054815,ITEM0054,LOC0021,ORD00180590,,2025-12-17,"Taste was fine, packaging poor.",missing_value
RAT0098590,CUST0009053,ITEM0113,LOC0008,ORD00183020,4,,,invalid_date
RAT0098597,CUST0035730,ITEM0045,LOC0011,ORD00182729,5,2025-12-17,,orphan_foreign_key
RAT0098605,CUST0015172,ITEM0080,LOC0008,ORD00182267,5,2025-12-17,Best in town.,orphan_foreign_key
RAT0098606,CUST0035976,ITEM0074,LOC0002,ORD00182576,,2025-12-17,Good taste but late delivery.,missing_value
RAT0098610,CUST0052755,ITEM0134,LOC0015,ORD00182974,3,2025-12-17,Decent but overpriced.,orphan_foreign_key
RAT0098625,CUST0050364,,LOC0023,ORD00182638,0,2025-12-17,Service was slow.,invalid_rating
RAT0098631,CUST0027551,ITEM0137,LOC0021,ORD00182896,2,2025-12-17,,orphan_foreign_key
RAT0098632,CUST0046454,,LOC0012,ORD00182940,3,2025-12-17,,orphan_foreign_key
RAT0098634,CUST0013576,ITEM0148,LOC0023,ORD00178596,0,2025-12-17,,invalid_rating
RAT0098635,CUST0014199,ITEM0125,LOC0010,ORD00180730,5,2025-12-17,,orphan_foreign_key
RAT0098640,CUST0015447,ITEM0074,LOC0020,ORD00182703,3,,It was okay.,invalid_date
RAT0098656,CUST0008212,ITEM0018,LOC8193,ORD00181489,3,2025-12-18,,invalid_restaurant_id
RAT0098680,CUST0047168,ITEM0102,LOC0025,ORD00183522,4,,,invalid_date
RAT0098684,CUST0003921,ITEM0150,LOC0017,ORD00183183,3,2025-12-18,"Taste was fine, packaging poor.",orphan_foreign_key
RAT0098694,CUST0015359,ITEM0152,LOC0001,ORD00183273,3,2025-12-18,It was okay.,orphan_foreign_key
RAT0098695,CUST0031286,ITEM0125,LOC0018,ORD00183435,5,2025-12-18,,orphan_foreign_key
RAT0098701,CUST0029437,ITEM0133,LOC0018,ORD00183382,,2025-12-18,,missing_value
RAT0098730,CUST0027213,ITEM0004,LOC0010,ORD00183343,4,2025-12-18,,orphan_foreign_key
RAT0098780,CUST0022452,ITEM0019,LOC0002,ORD00183319,3,2027-11-05,Decent but overpriced.,invalid_date
RAT0098787,CUST0028509,ITEM0055,LOC0006,ORD00182939,,2025-12-18,,missing_value
RAT0098788,CUST0007204,,LOC0020,ORD00183413,,2025-12-18,,missing_value
RAT0098792,CUST0017822,ITEM0149,LOC0018,ORD00181085,2,,,invalid_date
RAT0098810,CUST0021674,ITEM0159,LOC0004,ORD00181984,3,1970-01-01,,invalid_date
RAT0098824,CUST0031486,,LOC0019,ORD00182872,4,2025-12-18,,orphan_foreign_key
RAT0098826,CUST0003802,ITEM0041,LOC0004,ORD00182216,3,2099-12-31,,invalid_date
RAT0098842,CUST0050304,ITEM0126,LOC0011,ORD00183025,3,2025-12-18,,orphan_foreign_key
RAT0098844,CUST0017401,ITEM0093,LOC0017,ORD00182337,7,2025-12-18,Nice ambience and good service.,invalid_rating
RAT0098849,CUST0042456,ITEM0048,LOC0003,ORD00183098,3,2025-12-18,,orphan_foreign_key
RAT0098865,CUST0023422,ITEM0048,LOC0009,ORD00183354,4,2025-12-18,,orphan_foreign_key
RAT0098870,CUST0054575,ITEM0144,LOC0015,ORD00183313,4,2025-12-18,,orphan_foreign_key
RAT0098878,CUST0052755,ITEM0068,LOC0015,ORD00183370,5,2025-12-18,Perfect taste and quick service.,orphan_foreign_key
RAT0098880,CUST0018783,ITEM0019,LOC0020,ORD00183005,3,2025-12-18,"Taste was fine, packaging poor.",orphan_foreign_key
RAT0098901,CUST0020293,ITEM0152,LOC0008,ORD00182410,5,2025-12-18,,orphan_foreign_key
RAT0098903,CUST0010086,ITEM0048,LOC0016,ORD00183438,-1,2025-12-18,,invalid_rating
RAT0098911,CUST7615159,ITEM0068,LOC0009,ORD00182209,5,2025-12-18,,orphan_foreign_key
RAT0098918,CUST0048799,ITEM0056,LOC0004,ORD00181976,4,2025-12-18,,orphan_foreign_key
RAT0098922,CUST0003653,,LOC0009,ORD00183199,5,2025-12-18,,orphan_foreign_key
RAT0098930,CUST0002237,ITEM0016,LOC0025,ORD00183346,5,2025-12-18,,orphan_foreign_key
RAT0098943,CUST0003215,ITEM0155,LOC0016,ORD00183229,5,2025-12-18,"Excellent, loved it!",orphan_foreign_key
RAT0098947,CUST0008593,ITEM0031,LOC0018,ORD00183114,7,2025-12-18,,invalid_rating
RAT0098958,CUST0038091,ITEM0134,LOC0005,ORD00182390,5,2025-12-19,,orphan_foreign_key
RAT0098977,CUST0039607,ITEM0005,LOC9772,ORD00183120,4,2025-12-19,Good value for money.,invalid_restaurant_id
RAT0098992,CUST0038091,ITEM0113,LOC0005,ORD00182390,2,2025-12-19,Took too long to arrive.,orphan_foreign_key
RAT0099030,CUST0000789,ITEM0138,LOC0020,ORD00183863,,2025-12-19,,missing_value
RAT0099048,CUST0022670,ITEM0043,LOC0006,ORD00183704,,2025-12-19,,missing_value
RAT0099068,CUST0023677,ITEM0134,LOC0015,ORD00183163,3,2025-12-19,"Taste was fine, packaging poor.",orphan_foreign_key
RAT0099084,CUST0043457,ITEM0093,LOC0020,ORD00184025,3,2025-12-19,,orphan_foreign_key
RAT0099114,CUST0000489,,LOC7780,ORD00182615,5,2025-12-19,Amazing food and friendly staff.,invalid_restaurant_id
RAT0099136,CUST6278531,ITEM0082,LOC0012,ORD00184385,2,2025-12-19,,orphan_foreign_key
RAT0099157,CUST5658293,ITEM0134,LOC0019,ORD00183747,3,2025-12-19,,orphan_foreign_key
RAT0099160,CUST8167683,ITEM0134,LOC0012,ORD00183444,5,2025-12-19,,orphan_foreign_key
RAT0099167,CUST0032987,ITEM0066,LOC0014,ORD00184020,4,2025-12-19,Nice ambience and good service.,orphan_foreign_key
RAT0099169,CUST0017872,ITEM0123,LOC5585,ORD00183116,5,2025-12-19,,invalid_restaurant_id
RAT0099190,CUST0012509,ITEM0092,LOC0004,ORD00183884,4,2025-12-19,Tasty and fresh.,orphan_foreign_key
RAT0099191,CUST0012849,ITEM0051,LOC0563,ORD00183115,5,2025-12-19,,invalid_restaurant_id
RAT0099213,CUST3252364,ITEM0145,LOC0005,ORD00184163,4,2025-12-19,Enjoyed the meal.,orphan_foreign_key
RAT0099222,CUST0032107,ITEM0109,LOC0016,ORD00183792,5,2025-12-19,Perfect taste and quick service.,orphan_foreign_key
RAT0099245,CUST0028535,ITEM0054,LOC0022,ORD00183901,,2025-12-19,,missing_value
RAT0099254,CUST0012822,ITEM0041,LOC0005,ORD00183725,7,2025-12-19,,invalid_rating
RAT0099283,CUST0020521,ITEM0039,LOC0012,ORD00181583,,2025-12-19,,missing_value
RAT0099287,CUST0040233,ITEM0062,LOC0015,ORD00183915,4,2025-12-19,,orphan_foreign_key
RAT0099290,CUST0037191,ITEM0034,LOC0018,ORD00184118,10,2025-12-19,Decent but overpriced.,invalid_rating
RAT0099302,CUST0052455,ITEM0056,LOC0002,ORD00183749,4,2025-12-19,Good value for money.,orphan_foreign_key
RAT0099335,CUST0011779,ITEM0090,LOC0023,ORD00185122,0,2025-12-20,,invalid_rating
RAT0099337,CUST0012930,ITEM0113,LOC0013,ORD00184222,4,,Good value for money.,invalid_date
RAT0099369,CUST0048625,ITEM0045,LOC5473,ORD00185147,4,2025-12-20,,invalid_restaurant_id
RAT0099372,CUST0023677,ITEM0012,LOC0015,ORD00183163,4,2025-12-20,,orphan_foreign_key
RAT0099382,CUST0038506,ITEM0134,LOC0003,ORD00183868,3,2025-12-20,,orphan_foreign_key
RAT0099384,CUST4063603,ITEM0055,LOC0005,ORD00184313,3,2025-12-20,Good taste but late delivery.,orphan_foreign_key
RAT0099391,CUST0004065,ITEM0001,LOC4051,ORD00183734,4,2025-12-20,,invalid_restaurant_id
RAT0099402,CUST0039002,ITEM0053,LOC0023,ORD00184252,7,2025-12-20,Good value for money.,invalid_rating
RAT0099406,CUST0019181,ITEM0066,LOC0008,ORD00185284,4,2025-12-20,Tasty and fresh.,orphan_foreign_key
RAT0099413,CUST0028758,ITEM0072,LOC0018,ORD00185344,10,2025-12-20,,invalid_rating
RAT0099415,CUST0054747,ITEM0149,LOC0015,ORD00183997,4,2025-12-20,Enjoyed the meal.,orphan_foreign_key
RAT0099422,CUST0042245,ITEM0113,LOC0009,ORD00182833,5,2031-07-22,,invalid_date
RAT0099430,CUST0007921,ITEM0088,LOC0020,ORD00184843,5,2031-07-22,"Excellent, loved it!",invalid_date
RAT0099482,CUST0008743,ITEM0057,LOC0022,ORD00185348,0,2025-12-20,,invalid_rating
RAT0099492,CUST0009298,ITEM0135,LOC1515,ORD00184498,5,2025-12-20,Perfect taste and quick service.,invalid_restaurant_id
RAT0099512,CUST0035977,ITEM0112,LOC0005,ORD00183737,2,2025-12-20,,orphan_foreign_key
RAT0099513,CUST0038226,ITEM0142,LOC0003,ORD00183593,,2025-12-20,,missing_value
RAT0099525,CUST0003341,ITEM0061,LOC0009,ORD00184789,2,2025-12-20,,orphan_foreign_key
RAT0099526,CUST0047638,ITEM0033,LOC0013,ORD00185413,,2025-12-20,,missing_value
RAT0099544,CUST0027899,ITEM0113,LOC0023,ORD00184528,,2025-12-20,,missing_value
RAT0099549,CUST0032107,ITEM0073,LOC0016,ORD00183792,4,2025-12-20,,orphan_foreign_key
RAT0099550,CUST0048983,ITEM0005,LOC0020,ORD00185352,3,2025-12-20,,orphan_foreign_key
RAT0099574,CUST0029591,ITEM0033,LOC0020,ORD00184499,2,2025-12-20,,orphan_foreign_key
RAT0099575,CUST0012055,ITEM0159,LOC9664,ORD00183744,3,2025-12-20,"Taste was fine, packaging poor.",invalid_restaurant_id
RAT0099595,CUST0003069,ITEM0130,LOC0003,ORD00182853,7,2025-12-20,,invalid_rating
RAT0099608,CUST0004959,ITEM0037,LOC0023,ORD00185030,10,2025-12-20,,invalid_rating
RAT0099614,CUST0036165,ITEM0154,LOC0005,ORD00184474,4,2025-12-20,,orphan_foreign_key
RAT0099621,CUST0006828,ITEM0144,LOC0001,ORD00184588,2,1970-01-01,Took too long to arrive.,invalid_date
RAT0099635,CUST0036256,ITEM0134,LOC0020,ORD00184406,4,2025-12-20,Enjoyed the meal.,orphan_foreign_key
RAT0099637,CUST0048192,ITEM0021,LOC0006,ORD00184446,55,2025-12-20,,invalid_rating
RAT0099639,CUST0040233,,LOC0015,ORD00183915,3,2025-12-20,,orphan_foreign_key
RAT0099667,CUST0011019,ITEM0072,LOC0022,ORD00183902,-1,2025-12-20,,invalid_rating
RAT0099668,CUST0036165,ITEM0045,LOC0005,ORD00184474,,2025-12-20,,missing_value
RAT0099673,CUST0035410,ITEM0076,LOC0003,ORD00183897,5,2025-12-20,,orphan_foreign_key
RAT0099674,CUST0017596,ITEM0122,LOC0023,ORD00185394,3,2025-12-20,,orphan_foreign_key
RAT0099691,CUST0001947,,LOC0001,ORD00184934,3,2025-12-20,,orphan_foreign_key
RAT0099697,CUST0004272,ITEM0067,LOC0014,ORD00184482,1,2031-07-22,Food was cold and late.,invalid_date
RAT0099724,CUST0043432,ITEM0012,LOC0008,ORD00186131,4,2025-12-21,Good value for money.,orphan_foreign_key
RAT0099727,CUST0019470,ITEM0057,LOC0018,ORD00185377,3,2025-12-21,,orphan_foreign_key
RAT0099729,CUST0042231,ITEM0124,LOC0016,ORD00185820,5,2025-12-21,,orphan_foreign_key
RAT0099756,CUST0023698,ITEM0112,LOC0008,ORD00185184,4,1900-01-01,,invalid_date
RAT0099794,CUST0049058,ITEM0010,LOC0009,ORD00183006,,2025-12-21,,missing_value
RAT0099808,CUST0019802,,LOC0018,ORD00185718,4,1900-01-01,,invalid_date
RAT0099828,CUST0044367,ITEM0090,LOC0023,ORD00185626,4,2025-12-21,,orphan_foreign_key
RAT0099832,CUST0008170,ITEM0160,LOC0015,ORD00184425,5,2025-12-21,,orphan_foreign_key
RAT0099851,CUST0041862,,LOC0002,ORD00186065,,2025-12-21,,missing_value
RAT0099862,CUST0041445,ITEM0046,LOC2244,ORD00185912,4,2025-12-21,,invalid_restaurant_id
RAT0099868,CUST0047764,ITEM0124,LOC0014,ORD00185974,,2025-12-21,,missing_value
RAT0099903,CUST0039051,ITEM0074,LOC0016,ORD00183171,,2025-12-21,,missing_value
RAT0099906,CUST0012105,ITEM0035,LOC0022,ORD00185834,5,1900-01-01,,invalid_date
RAT0099907,CUST0030206,,LOC0016,ORD00186198,5,2025-12-21,,orphan_foreign_key
RAT0099926,CUST0002398,ITEM0140,LOC0005,ORD00184965,,2025-12-21,Good taste but late delivery.,missing_value
RAT0099944,CUST0041505,ITEM0126,LOC0014,ORD00182520,3,1900-01-01,"Taste was fine, packaging poor.",invalid_date
RAT0099946,CUST1336053,ITEM0054,LOC0001,ORD00185436,3,2025-12-21,Good taste but late delivery.,orphan_foreign_key
RAT0099982,CUST0032485,ITEM0078,LOC0017,ORD00184532,,2025-12-21,Good taste but late delivery.,missing_value
RAT0099986,CUST0012061,ITEM0136,LOC0016,ORD00184121,4,2025-12-21,Good value for money.,orphan_foreign_key
RAT0099998,CUST0041445,ITEM0148,LOC0022,ORD00185912,5,2025-12-21,"Excellent, loved it!",orphan_foreign_key
RAT0100003,CUST0047408,ITEM0054,LOC0023,ORD00185661,2,2025-12-21,,orphan_foreign_key
RAT0100009,CUST0011212,ITEM0016,LOC0007,ORD00185739,4,2025-12-21,Nice ambience and good service.,orphan_foreign_key
RAT0100035,CUST0032316,ITEM0153,LOC3512,ORD00186229,4,2025-12-21,,invalid_restaurant_id
RAT0100055,CUST0047318,ITEM0109,LOC0021,ORD00185932,,2025-12-21,"Good food, will order again.",missing_value
RAT0100060,CUST3783353,,LOC0013,ORD00186281,4,2025-12-21,,orphan_foreign_key
RAT0100080,CUST0002137,ITEM0120,LOC0004,ORD00186043,3,2025-12-21,Decent but overpriced.,orphan_foreign_key
RAT0100083,CUST0022848,ITEM0077,LOC0009,ORD00184179,4,2025-12-21,Good value for money.,orphan_foreign_key
RAT0100086,CUST6923167,ITEM0033,LOC0017,ORD00185491,4,2025-12-21,Enjoyed the meal.,orphan_foreign_key
RAT0100097,CUST0043457,ITEM0029,LOC0020,ORD00184025,55,2025-12-21,,invalid_rating
RAT0100104,CUST0054918,ITEM0091,LOC0022,ORD00184512,4,2025-12-21,Good value for money.,orphan_foreign_key
RAT0100114,CUST0011409,ITEM0147,LOC0016,ORD00185527,5,2025-12-21,Best in town.,orphan_foreign_key
RAT0100118,CUST0025964,ITEM0067,LOC0003,ORD00185702,3,1970-01-01,,invalid_date
RAT0100120,CUST0022090,ITEM0041,LOC0008,ORD00184793,,2025-12-21,,missing_value
RAT0100136,CUST0040140,ITEM0020,LOC0020,ORD00185985,3,2025-12-21,,orphan_foreign_key
RAT0100150,CUST0023630,ITEM0157,LOC0020,ORD00185616,-1,2025-12-21,,invalid_rating
RAT0100178,CUST0047874,ITEM0081,LOC9759,ORD00186668,4,2025-12-22,,invalid_restaurant_id
RAT0100184,CUST0044826,,LOC0021,ORD00186808,-1,2025-12-22,,invalid_rating
RAT0100189,CUST0049564,ITEM0030,LOC0017,ORD00186460,2,2025-12-22,,orphan_foreign_key
RAT0100197,CUST0043209,ITEM0019,LOC0009,ORD00186912,3,2025-12-22,Good taste but late delivery.,orphan_foreign_key
RAT0100236,CUST0026492,ITEM0002,LOC0002,ORD00186574,10,2025-12-22,Nice ambience and good service.,invalid_rating
RAT0100261,CUST0048448,ITEM0081,LOC0004,ORD00186698,4,2025-12-22,Enjoyed the meal.,orphan_foreign_key
RAT0100266,CUST0050500,ITEM0066,LOC0016,ORD00185654,4,2027-11-05,Enjoyed the meal.,invalid_date
RAT0100270,CUST0040644,ITEM0027,LOC0003,ORD00186941,7,2025-12-22,,invalid_rating
RAT0100279,CUST0493571,ITEM0124,LOC0011,ORD00184609,3,2025-12-22,,orphan_foreign_key
RAT0100288,CUST0003341,,LOC0009,ORD00184789,4,2025-12-22,Tasty and fresh.,orphan_foreign_key
RAT0100317,CUST8178301,ITEM0066,LOC0020,ORD00186773,5,2025-12-22,"Excellent, loved it!",orphan_foreign_key
RAT0100365,CUST0024321,ITEM0104,LOC0021,ORD00185587,2,2025-12-22,,orphan_foreign_key
RAT0100372,CUST0006521,ITEM0002,LOC0004,ORD00186624,,2025-12-22,,missing_value
RAT0100380,CUST0025308,ITEM0054,LOC0015,ORD00183957,,2025-12-22,,missing_value
RAT0100384,CUST0047408,ITEM0057,LOC0023,ORD00185661,4,2025-12-22,Nice ambience and good service.,orphan_foreign_key
RAT0100393,CUST0030643,,LOC0004,ORD00186519,10,2025-12-22,It was okay.,invalid_rating
RAT0100421,CUST0023057,ITEM0126,LOC0009,ORD00186670,-1,2025-12-22,,invalid_rating
RAT0100430,CUST0052104,ITEM0033,LOC0009,ORD00186694,4,,,invalid_date
RAT0100493,CUST0046833,ITEM0065,LOC0005,ORD00186939,4,2025-12-22,,orphan_foreign_key
RAT0100506,CUST0032107,ITEM0054,LOC0016,ORD00183792,5,2025-12-22,,orphan_foreign_key
RAT0100525,CUST0043432,ITEM0052,LOC0008,ORD00186131,3,2025-12-22,It was okay.,orphan_foreign_key
RAT0100554,CUST0054702,ITEM0080,LOC0023,ORD00184623,,2025-12-22,,missing_value
RAT0100568,CUST0037036,ITEM0089,LOC0004,ORD00185675,0,2025-12-22,Best in town.,invalid_rating
RAT0100583,CUST0004444,,LOC0008,ORD00186324,,2025-12-22,,missing_value
RAT0100593,CUST0042231,ITEM0058,LOC0016,ORD00185820,4,2025-12-23,,orphan_foreign_key
RAT0100613,CUST0021102,ITEM0150,LOC0016,ORD00185452,,2025-12-23,,missing_value
RAT0100627,CUST0003751,ITEM0102,LOC0009,ORD00187183,4,2025-12-23,,orphan_foreign_key
RAT0100643,CUST0026632,ITEM0126,LOC0004,ORD00187378,3,2025-12-23,,orphan_foreign_key
RAT0100646,CUST0052524,ITEM0035,LOC0015,ORD00187266,4,2025-12-23,,orphan_foreign_key
RAT0100680,CUST0010669,ITEM0069,LOC0008,ORD00187534,-1,2025-12-23,Tasty and fresh.,invalid_rating
RAT0100689,CUST0003833,ITEM0027,LOC3923,ORD00186660,4,2025-12-23,Enjoyed the meal.,invalid_restaurant_id
RAT0100706,CUST0045856,ITEM0112,LOC0013,ORD00186616,4,2025-12-23,,orphan_foreign_key
RAT0100755,CUST0013661,ITEM0124,LOC0004,ORD00187419,3,2025-12-23,"Average, nothing special.",orphan_foreign_key
RAT0100770,CUST0048675,ITEM0076,LOC0007,ORD00187047,4,2025-12-23,"Good food, will order again.",orphan_foreign_key
RAT0100789,CUST0029361,ITEM0041,LOC0017,ORD00184467,10,2025-12-23,Portion was too small.,invalid_rating
RAT0100797,CUST0010089,ITEM0049,LOC0001,ORD00186587,-1,2025-12-23,,invalid_rating
RAT0100816,CUST0010669,ITEM0147,LOC0008,ORD00187534,4,2025-12-23,Enjoyed the meal.,orphan_foreign_key
RAT0100878,CUST0029737,ITEM0081,LOC0008,ORD00187090,4,2025-12-23,,orphan_foreign_key
RAT0100879,CUST0028166,ITEM0055,LOC0519,ORD00185112,4,2025-12-23,,invalid_restaurant_id
RAT0100880,CUST0044591,,LOC0001,ORD00187519,,2025-12-23,,missing_value
RAT0100926,CUST0004444,ITEM0144,LOC0008,ORD00186324,4,2025-12-23,,orphan_foreign_key
RAT0100944,CUST0011755,,LOC2643,ORD00186154,4,2025-12-23,Nice ambience and good service.,invalid_restaurant_id
RAT0100955,CUST0020639,ITEM0147,LOC0013,ORD00187530,6,2025-12-23,Highly recommended.,invalid_rating
RAT0100971,CUST0024216,ITEM0075,LOC1012,ORD00186590,4,2025-12-23,,invalid_restaurant_id
RAT0100972,CUST0006989,ITEM0057,LOC0020,ORD00188207,4,2025-12-24,,orphan_foreign_key
RAT0100976,CUST0054881,ITEM0062,LOC0017,ORD00187565,3,2025-12-24,,orphan_foreign_key
RAT0100977,CUST0045573,ITEM0151,LOC0006,ORD00186691,3,2025-12-24,,orphan_foreign_key
RAT0101010,CUST0031574,,LOC0018,ORD00187881,,2025-12-24,Decent but overpriced.,missing_value
RAT0101013,CUST0018563,ITEM0054,LOC0007,ORD00186093,4,1970-01-01,Nice ambience and good service.,invalid_date
RAT0101017,CUST0046630,ITEM0132,LOC0005,ORD00188092,3,2025-12-24,"Taste was fine, packaging poor.",orphan_foreign_key
RAT0101051,CUST0049739,,LOC0012,ORD00186905,0,2025-12-24,,invalid_rating
RAT0101054,CUST0052661,ITEM0054,LOC0018,ORD00187310,,2025-12-24,,missing_value
RAT0101115,CUST0040285,ITEM0003,LOC0012,ORD00188033,-1,2025-12-24,,invalid_rating
RAT0101126,CUST0043209,ITEM0055,LOC0009,ORD00186912,2,2025-12-24,,orphan_foreign_key
RAT0101131,CUST0001947,ITEM0075,LOC0001,ORD00184934,4,2025-12-24,,orphan_foreign_key
RAT0101142,CUST0035856,ITEM0061,LOC0020,ORD00187861,1,2025-12-24,Order was wrong and tasted stale.,orphan_foreign_key
RAT0101149,CUST0032069,,LOC7176,ORD00187060,5,2025-12-24,,invalid_restaurant_id
RAT0101150,CUST0000300,ITEM0130,LOC0015,ORD00186310,,2025-12-24,Amazing food and friendly staff.,missing_value
RAT0101163,CUST0040140,ITEM0050,LOC0020,ORD00185985,3,2025-12-24,"Average, nothing special.",orphan_foreign_key
RAT0101177,CUST0032702,,LOC0008,ORD00187950,,2025-12-24,Amazing food and friendly staff.,missing_value
RAT0101185,CUST0033106,ITEM0148,LOC0013,ORD00185714,,2025-12-24,,missing_value
RAT0101196,CUST0052620,ITEM0093,LOC0018,ORD00187091,,2025-12-24,,missing_value
RAT0101243,CUST0005538,ITEM0080,LOC7077,ORD00187389,5,2025-12-24,,invalid_restaurant_id
RAT0101244,CUST0044470,ITEM0091,LOC0004,ORD00186745,3,2025-12-24,"Taste was fine, packaging poor.",orphan_foreign_key
RAT0101252,CUST0054918,ITEM0051,LOC0022,ORD00187845,4,2025-12-24,,orphan_foreign_key
RAT0101269,CUST0036228,ITEM0124,LOC0004,ORD00187885,,2025-12-24,,missing_value
RAT0101270,CUST0011639,ITEM0015,LOC1292,ORD00186053,4,2025-12-24,"Good food, will order again.",invalid_restaurant_id
RAT0101309,CUST0004065,ITEM0148,LOC0007,ORD00187675,4,2025-12-24,,orphan_foreign_key
RAT0101310,CUST0003751,ITEM0045,LOC0009,ORD00187183,4,2025-12-24,Enjoyed the meal.,orphan_foreign_key
RAT0101316,CUST0037867,ITEM0048,LOC0014,ORD00187918,3,2025-12-25,"Taste was fine, packaging poor.",orphan_foreign_key
RAT0101337,CUST0024197,ITEM0159,LOC0013,ORD00188079,,2025-12-25,Perfect taste and quick service.,missing_value
RAT0101344,CUST0011692,ITEM0068,LOC0014,ORD00189182,3,,,invalid_date
RAT0101353,CUST0041163,ITEM0124,LOC0010,ORD00188198,,2025-12-25,Tasty and fresh.,missing_value
RAT0101376,CUST0007584,ITEM0151,LOC0012,ORD00188309,4,2025-12-25,,orphan_foreign_key
RAT0101417,CUST0035535,ITEM0130,LOC0013,ORD00188004,7,2025-12-25,,invalid_rating
RAT0101433,CUST0029993,ITEM0045,LOC0009,ORD00188510,7,2025-12-25,,invalid_rating
RAT0101451,CUST0011115,ITEM0134,LOC0009,ORD00188940,4,2025-12-25,,orphan_foreign_key
RAT0101493,CUST0016094,ITEM0138,LOC0010,ORD00188568,3,2025-12-25,,orphan_foreign_key
RAT0101494,CUST0049698,ITEM0018,LOC0013,ORD00188279,4,2031-07-22,Good value for money.,invalid_date
RAT0101521,CUST0037948,,LOC0023,ORD00188487,4,2025-12-25,,orphan_foreign_key
RAT0101538,CUST0010651,ITEM0026,LOC0004,ORD00188654,0,2025-12-25,,invalid_rating
RAT0101549,CUST0485791,ITEM0151,LOC0008,ORD00188730,5,2025-12-25,Highly recommended.,orphan_foreign_key
RAT0101603,CUST0018088,ITEM0041,LOC0018,ORD00188558,3,2025-12-25,,orphan_foreign_key
RAT0101628,CUST0046723,ITEM0151,LOC0008,ORD00186976,5,2025-12-25,,orphan_foreign_key
RAT0101643,CUST0003751,,LOC0009,ORD00187183,1,2025-12-25,"Very disappointing, will not order again.",orphan_foreign_key
RAT0101671,CUST0036340,,LOC0016,ORD00188943,,2025-12-25,,missing_value
RAT0101708,CUST0050677,ITEM0057,LOC0016,ORD00188794,,2025-12-25,,missing_value
RAT0101732,CUST0024303,ITEM0020,LOC2178,ORD00187834,4,2025-12-25,,invalid_restaurant_id
RAT0101784,CUST0021589,ITEM0013,LOC0005,ORD00188985,,2025-12-26,,missing_value
RAT0101797,CUST0033752,ITEM0055,LOC2747,ORD00189073,5,2025-12-26,"Excellent, loved it!",invalid_restaurant_id
RAT0101845,CUST0036357,,LOC0001,ORD00190042,3,2025-12-26,,orphan_foreign_key
RAT0101854,CUST0050207,ITEM0083,LOC0008,ORD00187853,5,2025-12-26,,orphan_foreign_key
RAT0101856,CUST0048998,ITEM0081,LOC0009,ORD00188574,,2025-12-26,,missing_value
RAT0101877,CUST0054213,ITEM0086,LOC0022,ORD00189827,4,2025-12-26,Nice ambience and good service.,orphan_foreign_key
RAT0101880,CUST0034702,ITEM0081,LOC0004,ORD00190218,2,2025-12-26,,orphan_foreign_key
RAT0101887,CUST0002237,ITEM0124,LOC0020,ORD00189777,5,2025-12-26,,orphan_foreign_key
RAT0101890,CUST0029737,ITEM0045,LOC0008,ORD00187090,5,2025-12-26,,orphan_foreign_key
RAT0101900,CUST0019135,ITEM0160,LOC0006,ORD00189070,4,2025-12-26,,orphan_foreign_key
RAT0101916,CUST0022723,ITEM0103,LOC4661,ORD00188464,4,2025-12-26,,invalid_restaurant_id
RAT0101919,CUST0042485,ITEM0048,LOC0003,ORD00189131,5,2025-12-26,,orphan_foreign_key
RAT0101920,CUST0038054,ITEM0120,LOC0017,ORD00189469,4,2025-12-26,,orphan_foreign_key
RAT0101932,CUST0048956,ITEM0077,LOC0015,ORD00187010,4,2025-12-26,,orphan_foreign_key
RAT0101940,CUST0031040,ITEM0037,LOC0003,ORD00189963,4,,,invalid_date
RAT0101979,CUST0036888,ITEM0045,LOC3005,ORD00190033,4,2025-12-26,,invalid_restaurant_id
RAT0101992,CUST0035401,ITEM0148,LOC6409,ORD00189725,3,2025-12-26,,invalid_restaurant_id
RAT0102002,CUST0004972,ITEM0069,LOC0020,ORD00190122,0,2025-12-26,,invalid_rating
RAT0102003,CUST0040896,ITEM0041,LOC0018,ORD00190015,4,2025-12-26,Tasty and fresh.,orphan_foreign_key
RAT0102005,CUST0002237,ITEM0148,LOC0020,ORD00189777,4,2025-12-26,Tasty and fresh.,orphan_foreign_key
RAT0102006,CUST0020060,ITEM0120,LOC0003,ORD00189380,,2025-12-26,,missing_value
RAT0102019,CUST0000710,ITEM0092,LOC0019,ORD00189251,6,2025-12-26,"Taste was fine, packaging poor.",invalid_rating
RAT0102024,CUST0054662,ITEM0159,LOC0015,ORD00189578,4,2025-12-26,,orphan_foreign_key
RAT0102029,CUST0002894,ITEM0046,LOC0018,ORD00189231,,2025-12-26,Good taste but late delivery.,missing_value
RAT0102030,CUST0035202,ITEM0017,LOC0021,ORD00188731,4,2031-07-22,,invalid_date
RAT0102052,CUST0027599,ITEM0080,LOC0003,ORD00189120,3,2025-12-26,Decent but overpriced.,orphan_foreign_key
RAT0102063,CUST0049773,ITEM0094,LOC0009,ORD00188949,-1,2025-12-26,,invalid_rating
RAT0102066,CUST0050364,ITEM0061,LOC0879,ORD00186524,3,2025-12-26,"Taste was fine, packaging poor.",invalid_restaurant_id
RAT0102070,CUST0027745,,LOC6008,ORD00189778,3,2025-12-26,,invalid_restaurant_id
RAT0102073,CUST7813932,ITEM0012,LOC0016,ORD00186822,5,2025-12-26,,orphan_foreign_key
RAT0102074,CUST5683983,ITEM0151,LOC0009,ORD00187615,5,2025-12-26,,orphan_foreign_key
RAT0102086,CUST0053221,ITEM0073,LOC0010,ORD00181525,,2025-12-26,Food was cold and late.,missing_value
RAT0102094,CUST0037948,ITEM0139,LOC0023,ORD00188487,5,2025-12-26,,orphan_foreign_key
RAT0102112,CUST0026058,ITEM0094,LOC0014,ORD00190256,,2025-12-26,,missing_value
RAT0102194,CUST0054696,ITEM0033,LOC0002,ORD00189810,,2025-12-26,,missing_value
RAT0102201,CUST0045567,ITEM0055,LOC0015,ORD00188036,4,2025-12-26,,orphan_foreign_key
RAT0102230,CUST0040224,ITEM0120,LOC0004,ORD00187938,4,2025-12-26,,orphan_foreign_key
RAT0102235,CUST0020273,ITEM0015,LOC6154,ORD00190827,5,2025-12-27,,invalid_restaurant_id
RAT0102253,CUST0015971,ITEM0151,LOC0014,ORD00191114,4,2025-12-27,,orphan_foreign_key
RAT0102308,CUST0046175,ITEM0027,LOC0003,ORD00190271,4,2025-12-27,Enjoyed the meal.,orphan_foreign_key
RAT0102324,CUST0008466,ITEM0064,LOC1308,ORD00190386,3,2025-12-27,Decent but overpriced.,invalid_restaurant_id
RAT0102331,CUST0016062,,LOC0013,ORD00190467,3,2025-12-27,,orphan_foreign_key
RAT0102341,CUST0046925,ITEM0147,LOC0020,ORD00188600,4,2025-12-27,Good value for money.,orphan_foreign_key
RAT0102343,CUST0048483,ITEM0075,LOC0006,ORD00188625,5,2025-12-27,,orphan_foreign_key
RAT0102344,CUST0010822,ITEM0074,LOC0002,ORD00190853,10,2025-12-27,,invalid_rating
RAT0102360,CUST0005626,ITEM0112,LOC0005,ORD00190796,4,2025-12-27,"Good food, will order again.",orphan_foreign_key
RAT0102374,CUST0032486,ITEM0041,LOC0009,ORD00188772,6,2025-12-27,,invalid_rating
RAT0102383,CUST0005626,ITEM0148,LOC0005,ORD00190796,4,2025-12-27,,orphan_foreign_key
RAT0102385,CUST0002743,ITEM0049,LOC4650,ORD00190864,3,2025-12-27,,invalid_restaurant_id
RAT0102399,CUST0009314,ITEM0092,LOC0004,ORD00190424,3,2025-12-27,,orphan_foreign_key
RAT0102410,CUST0046454,ITEM0045,LOC0012,ORD00189159,4,2025-12-27,"Good food, will order again.",orphan_foreign_key
RAT0102416,CUST0020334,ITEM0121,LOC0023,ORD00190349,4,2025-12-27,Tasty and fresh.,orphan_foreign_key
RAT0102424,CUST0051979,ITEM0160,LOC0018,ORD00190697,5,2025-12-27,Highly recommended.,orphan_foreign_key
RAT0102433,CUST0011373,,LOC0003,ORD00190914,4,2025-12-27,Good value for money.,orphan_foreign_key
RAT0102464,CUST0023786,,LOC0002,ORD00190558,,2025-12-27,Portion was too small.,missing_value
RAT0102471,CUST0054662,ITEM0025,LOC0015,ORD00189578,4,2025-12-27,,orphan_foreign_key
RAT0102479,CUST0035401,ITEM0150,LOC0001,ORD00189725,,2025-12-27,,missing_value
RAT0102488,CUST0032094,ITEM0048,LOC0014,ORD00190392,3,2025-12-27,,orphan_foreign_key
RAT0102499,CUST0032195,ITEM0126,LOC0018,ORD00190475,10,2025-12-27,,invalid_rating
RAT0102517,CUST0009314,ITEM0080,LOC0004,ORD00190424,4,2025-12-27,,orphan_foreign_key
RAT0102525,CUST0052886,,LOC0004,ORD00190237,,2025-12-27,,missing_value
RAT0102544,CUST0009314,ITEM0151,LOC0004,ORD00190424,5,2025-12-27,,orphan_foreign_key
RAT0102546,CUST0010270,ITEM0040,LOC2662,ORD00188251,5,2025-12-27,,invalid_restaurant_id
RAT0102548,CUST0020175,ITEM0005,LOC0015,ORD00191080,4,2025-12-27,Nice ambience and good service.,orphan_foreign_key
RAT0102553,CUST0004651,ITEM0021,LOC4857,ORD00189284,5,2025-12-27,,invalid_restaurant_id
RAT0102559,CUST0011373,ITEM0051,LOC0003,ORD00190914,4,2027-11-05,,invalid_date
RAT0102567,CUST0015971,ITEM0086,LOC0014,ORD00191114,3,2025-12-27,,orphan_foreign_key
RAT0102584,CUST0018476,ITEM0052,LOC9424,ORD00187699,3,2025-12-27,,invalid_restaurant_id
RAT0102596,CUST4416242,ITEM0157,LOC0003,ORD00190965,3,2025-12-27,It was okay.,orphan_foreign_key
RAT0102597,CUST0045200,ITEM0072,LOC0020,ORD00191209,,2025-12-27,Good value for money.,missing_value
RAT0102605,CUST0037051,ITEM0135,LOC0004,ORD00190978,,2025-12-27,Took too long to arrive.,missing_value
RAT0102609,CUST0005714,ITEM0055,LOC0010,ORD00190300,4,2025-12-27,,orphan_foreign_key
RAT0102617,CUST0003648,ITEM0023,LOC7909,ORD00190306,3,2025-12-27,,invalid_restaurant_id
RAT0102618,CUST0025905,ITEM0055,LOC0015,ORD00187852,,2025-12-27,"Taste was fine, packaging poor.",missing_value
RAT0102659,CUST0008921,ITEM0080,LOC0011,ORD00191126,,2025-12-27,,missing_value
RAT0102666,CUST0029073,ITEM0079,LOC0008,ORD00190008,5,2025-12-27,,orphan_foreign_key
RAT0102675,CUST0049523,ITEM0151,LOC0002,ORD00188775,4,2025-12-27,,orphan_foreign_key
RAT0102677,CUST0005714,ITEM0150,LOC0010,ORD00190300,3,2025-12-27,"Average, nothing special.",orphan_foreign_key
RAT0102759,CUST0027206,ITEM0061,LOC0016,ORD00192054,2,2025-12-28,Service was slow.,orphan_foreign_key
RAT0102783,CUST0018037,,LOC0013,ORD00190173,4,2025-12-28,Good value for money.,orphan_foreign_key
RAT0102789,CUST0019135,ITEM0068,LOC0006,ORD00189070,4,2025-12-28,,orphan_foreign_key
RAT0102796,CUST0005437,ITEM0133,LOC0003,ORD00191502,,2025-12-28,Best in town.,missing_value
RAT0102819,CUST0039696,ITEM0010,LOC0014,ORD00189554,,2025-12-28,,missing_value
RAT0102838,CUST0003356,ITEM0148,LOC0012,ORD00189501,,2025-12-28,,missing_value
RAT0102842,CUST0001517,ITEM0002,LOC0017,ORD00190828,4,2025-12-28,Good value for money.,orphan_foreign_key
RAT0102852,CUST0002109,ITEM0040,LOC0009,ORD00191745,,2025-12-28,Good value for money.,missing_value
RAT0102865,CUST0050825,ITEM0098,LOC0020,ORD00192039,3,2025-12-28,Good taste but late delivery.,orphan_foreign_key
RAT0102869,CUST0026204,ITEM0081,LOC0004,ORD00190328,3,2025-12-28,,orphan_foreign_key
RAT0102874,CUST0045627,ITEM0081,LOC4514,ORD00188982,4,2025-12-28,,invalid_restaurant_id
RAT0102896,CUST0053372,,LOC0005,ORD00188528,3,2025-12-28,"Taste was fine, packaging poor.",orphan_foreign_key
RAT0102906,CUST0029749,ITEM0070,LOC0011,ORD00191401,4,2027-11-05,,invalid_date
RAT0102939,CUST0020418,ITEM0048,LOC0018,ORD00190807,4,2025-12-28,,orphan_foreign_key
RAT0102953,CUST0033606,,LOC0015,ORD00190542,4,2025-12-28,,orphan_foreign_key
RAT0102997,CUST0029023,ITEM0110,LOC0005,ORD00191744,,2025-12-28,,missing_value
RAT0103013,CUST0037236,ITEM0147,LOC0022,ORD00189607,,2025-12-28,,missing_value
RAT0103044,CUST0052579,ITEM0081,LOC0019,ORD00191814,4,2025-12-28,,orphan_foreign_key
RAT0103048,CUST0031849,ITEM0041,LOC0018,ORD00191100,-1,2025-12-28,,invalid_rating
RAT0103068,CUST0041094,ITEM0064,LOC0007,ORD00192170,4,2025-12-28,Nice ambience and good service.,orphan_foreign_key
RAT0103075,CUST0006701,ITEM0147,LOC0007,ORD00191816,4,2025-12-28,,orphan_foreign_key
RAT0103086,CUST0016499,,LOC0002,ORD00192036,6,2025-12-28,Below average taste.,invalid_rating
RAT0103102,CUST0040105,ITEM0068,LOC3403,ORD00189470,4,2025-12-28,Nice ambience and good service.,invalid_restaurant_id
RAT0103103,CUST0044006,ITEM0045,LOC3326,ORD00189493,4,2025-12-28,,invalid_restaurant_id
RAT0103139,CUST0033606,ITEM0081,LOC0015,ORD00190542,4,2025-12-28,,orphan_foreign_key
RAT0103167,CUST0010071,ITEM0045,LOC0016,ORD00191602,,2025-12-28,,missing_value
RAT0103187,CUST0041366,ITEM0048,LOC0020,ORD00191920,3,2025-12-28,It was okay.,orphan_foreign_key
RAT0103206,CUST0001101,ITEM0057,LOC0007,ORD00189956,3,2025-12-28,"Average, nothing special.",orphan_foreign_key
RAT0103210,CUST0036357,ITEM0041,LOC0001,ORD00190042,5,2025-12-28,,orphan_foreign_key
RAT0103213,CUST0008742,ITEM0148,LOC0013,ORD00191887,,2025-12-28,,missing_value
RAT0103224,CUST0029483,,LOC0011,ORD00187932,4,2025-12-28,,orphan_foreign_key
RAT0103225,CUST0003107,,LOC0005,ORD00191668,0,2025-12-28,,invalid_rating
RAT0103229,CUST0016837,ITEM0092,LOC0023,ORD00192087,5,1970-01-01,,invalid_date
RAT0103267,CUST0032094,ITEM0159,LOC0014,ORD00190392,4,2025-12-28,,orphan_foreign_key
RAT0103279,CUST0054213,,LOC0022,ORD00189827,4,2025-12-28,,orphan_foreign_key
RAT0103298,CUST0052755,ITEM0147,LOC0015,ORD00192424,5,2025-12-29,Best in town.,orphan_foreign_key
RAT0103299,CUST0016992,ITEM0148,LOC0019,ORD00192578,4,2025-12-29,,orphan_foreign_key
RAT0103322,CUST0028095,,LOC0014,ORD00191164,4,,,invalid_date
RAT0103356,CUST0011232,,LOC0004,ORD00192652,4,2025-12-29,Good value for money.,orphan_foreign_key
RAT0103362,CUST0041094,ITEM0134,LOC0007,ORD00192170,4,2025-12-29,Nice ambience and good service.,orphan_foreign_key
RAT0103376,CUST0010473,ITEM0040,LOC0015,ORD00192378,5,2025-12-29,Highly recommended.,orphan_foreign_key
RAT0103411,CUST0047156,ITEM0076,LOC0010,ORD00191089,0,2025-12-29,Decent but overpriced.,invalid_rating
RAT0103442,CUST0005970,ITEM0147,LOC0007,ORD00191064,5,,,invalid_date
RAT0103479,CUST0040105,ITEM0144,LOC0014,ORD00189470,4,,,invalid_date
RAT0103502,CUST0002757,,LOC0016,ORD00192876,55,2025-12-29,,invalid_rating
RAT0103551,CUST0032860,,LOC0018,ORD00190787,4,2025-12-29,"Good food, will order again.",orphan_foreign_key
RAT0103570,CUST0010473,,LOC0015,ORD00192378,4,2025-12-29,,orphan_foreign_key
RAT0103584,CUST0020349,ITEM0104,LOC0023,ORD00191240,5,,,invalid_date
RAT0103595,CUST0008362,ITEM0027,LOC0020,ORD00191289,3,,,invalid_date
RAT0103617,CUST0052754,,LOC0017,ORD00192373,3,2025-12-29,,orphan_foreign_key
RAT0103638,CUST0006457,ITEM0001,LOC0014,ORD00190872,55,2025-12-29,,invalid_rating
RAT0103658,CUST0037320,ITEM0097,LOC0005,ORD00191758,4,2025-12-29,,orphan_foreign_key
RAT0103671,CUST0040854,ITEM0093,LOC2101,ORD00188335,3,2025-12-29,,invalid_restaurant_id
RAT0103676,CUST0045484,ITEM0045,LOC0003,ORD00192574,2,2025-12-29,,orphan_foreign_key
RAT0103679,CUST0031666,ITEM0013,LOC0011,ORD00188123,-1,2025-12-29,,invalid_rating
RAT0103684,CUST9234281,ITEM0099,LOC0020,ORD00192711,4,2025-12-29,Nice ambience and good service.,orphan_foreign_key
RAT0103690,CUST0024052,,LOC0019,ORD00190816,4,2025-12-29,Nice ambience and good service.,orphan_foreign_key
RAT0103693,CUST0029078,ITEM0018,LOC0003,ORD00192327,3,2025-12-29,,orphan_foreign_key
RAT0103702,CUST0001517,ITEM0057,LOC0017,ORD00190828,3,2025-12-29,,orphan_foreign_key
RAT0103782,CUST0026800,ITEM0134,LOC0018,ORD00192648,5,2025-12-30,Perfect taste and quick service.,orphan_foreign_key
RAT0103801,CUST0002738,ITEM0148,LOC0007,ORD00193038,,2025-12-30,,missing_value
RAT0103810,CUST0021951,ITEM0055,LOC0019,ORD00193573,,2025-12-30,,missing_value
RAT0103815,CUST0020418,ITEM0034,LOC0018,ORD00190807,3,2025-12-30,It was okay.,orphan_foreign_key
RAT0103828,CUST0013311,ITEM0116,LOC0004,ORD00193471,10,2025-12-30,,invalid_rating
RAT0103834,CUST0032428,ITEM0095,LOC0017,ORD00193375,4,2025-12-30,,orphan_foreign_key
RAT0103841,CUST0023464,ITEM0092,LOC4300,ORD00193129,3,2025-12-30,,invalid_restaurant_id
RAT0103844,CUST9187346,ITEM0113,LOC0022,ORD00192848,3,2025-12-30,,orphan_foreign_key
RAT0103847,CUST0020204,,LOC0002,ORD00193348,4,,Enjoyed the meal.,invalid_date
RAT0103852,CUST0052579,ITEM0033,LOC0019,ORD00191814,2,2025-12-30,Took too long to arrive.,orphan_foreign_key
RAT0103857,CUST0007641,ITEM0068,LOC0016,ORD00192702,10,2025-12-30,,invalid_rating
RAT0103906,CUST0024751,ITEM0090,LOC0008,ORD00189220,,2025-12-30,,missing_value
RAT0103907,CUST0007257,ITEM0106,LOC7469,ORD00193483,4,2025-12-30,,invalid_restaurant_id
RAT0103931,CUST0044857,,LOC6096,ORD00188716,3,2025-12-30,,invalid_restaurant_id
RAT0103936,CUST1802807,ITEM0077,LOC0018,ORD00192555,3,2025-12-30,Decent but overpriced.,orphan_foreign_key
RAT0103945,CUST0002330,ITEM0052,LOC0023,ORD00193190,3,2025-12-30,Decent but overpriced.,orphan_foreign_key
RAT0103948,CUST0051333,ITEM0087,LOC0018,ORD00193062,,2025-12-30,Nice ambience and good service.,missing_value
RAT0103951,CUST0042422,ITEM0088,LOC0016,ORD00191672,4,2025-12-30,Nice ambience and good service.,orphan_foreign_key
RAT0103952,CUST0050918,ITEM0024,LOC0004,ORD00191611,5,2027-11-05,,invalid_date
RAT0103984,CUST7751851,ITEM0147,LOC0025,ORD00192319,3,2025-12-30,It was okay.,orphan_foreign_key
RAT0103989,CUST0004504,ITEM0018,LOC0024,ORD00193047,4,2025-12-30,,orphan_foreign_key
RAT0104004,CUST0051333,,LOC0018,ORD00193062,,2025-12-30,Enjoyed the meal.,missing_value
RAT0104012,CUST0007132,ITEM0151,LOC0003,ORD00193284,4,2025-12-30,Enjoyed the meal.,orphan_foreign_key
RAT0104016,CUST0044075,ITEM0054,LOC0004,ORD00193075,,2025-12-30,"Taste was fine, packaging poor.",missing_value
RAT0104021,CUST0052901,ITEM0055,LOC0023,ORD00192524,5,2025-12-30,,orphan_foreign_key
RAT0104041,CUST0037011,ITEM0004,LOC0020,ORD00188696,5,2025-12-30,,orphan_foreign_key
RAT0104046,CUST0027776,,LOC0014,ORD00193160,,2025-12-30,Amazing food and friendly staff.,missing_value
RAT0104059,CUST0048500,ITEM0055,LOC0008,ORD00192651,4,1900-01-01,Good value for money.,invalid_date
RAT0104063,CUST0045469,ITEM0147,LOC0017,ORD00191839,-1,2025-12-30,,invalid_rating
RAT0104097,CUST0050477,ITEM0112,LOC0012,ORD00192481,,2025-12-31,,missing_value
RAT0104104,CUST0010473,ITEM0065,LOC0015,ORD00192378,,2025-12-31,,missing_value
RAT0104112,CUST0025696,ITEM0034,LOC0004,ORD00193134,,2025-12-31,,missing_value
RAT0104115,CUST0001207,ITEM0081,LOC0009,ORD00192926,3,2025-12-31,,orphan_foreign_key
RAT0104116,CUST0014414,,LOC0020,ORD00194479,3,2025-12-31,It was okay.,orphan_foreign_key
RAT0104144,CUST0054356,ITEM0021,LOC0023,ORD00193644,5,2025-12-31,,orphan_foreign_key
RAT0104158,CUST0003769,ITEM0091,LOC0008,ORD00193748,,2025-12-31,,missing_value
RAT0104170,CUST0041537,ITEM0040,LOC0017,ORD00193624,7,2025-12-31,Good value for money.,invalid_rating
RAT0104181,CUST0017711,,LOC0016,ORD00193019,4,2025-12-31,Good value for money.,orphan_foreign_key
RAT0104226,CUST0014414,ITEM0124,LOC0020,ORD00194479,4,2025-12-31,Tasty and fresh.,orphan_foreign_key
RAT0104229,CUST0026020,ITEM0035,LOC0020,ORD00193997,,2025-12-31,It was okay.,missing_value
RAT0104248,CUST0013710,ITEM0021,LOC0012,ORD00194248,,2025-12-31,,missing_value
RAT0104262,CUST0023502,ITEM0089,LOC7048,ORD00193961,4,2025-12-31,Tasty and fresh.,invalid_restaurant_id
RAT0104282,CUST0002709,ITEM0091,LOC0015,ORD00194096,55,2025-12-31,,invalid_rating
RAT0104308,CUST0018037,ITEM0147,LOC0004,ORD00189461,5,2025-12-31,Best in town.,orphan_foreign_key
RAT0104309,CUST0051886,ITEM0072,LOC0023,ORD00194014,4,2025-12-31,Enjoyed the meal.,orphan_foreign_key
RAT0104315,CUST0026755,ITEM0064,LOC0007,ORD00193435,-1,2025-12-31,,invalid_rating
RAT0104319,CUST0029351,ITEM0077,LOC0001,ORD00194079,3,2025-12-31,,orphan_foreign_key
RAT0104322,CUST0027406,ITEM0147,LOC0004,ORD00194351,6,2025-12-31,,invalid_rating
RAT0104345,CUST0011425,ITEM0035,LOC0007,ORD00194023,,2025-12-31,,missing_value
RAT0104347,CUST0044051,ITEM0127,LOC0001,ORD00194108,,2025-12-31,Perfect taste and quick service.,missing_value
RAT0104371,CUST0026540,ITEM0143,LOC0015,ORD00190381,4,2025-12-31,,orphan_foreign_key
RAT0104388,CUST0045199,ITEM0003,LOC0013,ORD00194580,5,2025-12-31,,orphan_foreign_key
RAT0104404,CUST0012306,ITEM0118,LOC0012,ORD00193778,,2025-12-31,,missing_value
RAT0104411,CUST0015639,ITEM0102,LOC0010,ORD00193714,3,2025-12-31,It was okay.,orphan_foreign_key
RAT0104414,CUST0011794,ITEM0005,LOC0008,ORD00193681,,2025-12-31,,missing_value
RAT0104415,CUST0016023,,LOC0015,ORD00188353,10,2025-12-31,,invalid_rating
RAT0104416,CUST0052809,ITEM0045,LOC0013,ORD00194076,0,2025-12-31,,invalid_rating
RAT0104422,CUST0014414,ITEM0061,LOC0020,ORD00194479,2,2025-12-31,,orphan_foreign_key
RAT0104431,CUST0052755,ITEM0151,LOC0020,ORD00194333,4,2025-12-31,,orphan_foreign_key
RAT0104445,CUST0051944,ITEM0153,LOC0023,ORD00194073,,2025-12-31,Tasty and fresh.,missing_value
RAT0104467,CUST0038534,,LOC0017,ORD00194320,3,2025-12-31,"Average, nothing special.",orphan_foreign_key
RAT0104501,CUST0042422,ITEM0123,LOC0016,ORD00191672,5,2025-12-31,,orphan_foreign_key
RAT0104505,CUST0046593,ITEM0061,LOC0009,ORD00193394,,2025-12-31,,missing_value
RAT0104534,CUST0042929,ITEM0129,LOC0024,ORD00194308,5,2025-12-31,,orphan_foreign_key
RAT0104543,CUST0029153,,LOC0001,ORD00193999,4,2025-12-31,,orphan_foreign_key
RAT0104550,CUST0014028,,LOC0008,ORD00194364,4,2025-12-31,,orphan_foreign_key
RAT0104552,CUST0041366,ITEM0057,LOC0020,ORD00191920,3,2025-12-31,,orphan_foreign_key
RAT0104553,CUST0004443,ITEM0054,LOC0023,ORD00194525,3,,Decent but overpriced.,invalid_date
RAT0104556,CUST0051301,ITEM0137,LOC0004,ORD00193891,4,2025-12-31,"Good food, will order again.",orphan_foreign_key
RAT0104576,CUST0036579,ITEM0069,LOC6368,ORD00193730,5,2025-12-31,,invalid_restaurant_id
RAT0104577,CUST0050558,ITEM0041,LOC0025,ORD00193253,,2025-12-31,,missing_value
RAT0104582,CUST0023137,ITEM0139,LOC2796,ORD00193006,3,2025-12-31,,invalid_restaurant_id
RAT0104598,CUST0046491,ITEM0068,LOC6133,ORD00192623,4,2025-12-31,Good value for money.,invalid_restaurant_id
RAT0104616,CUST0047490,ITEM0041,LOC0005,ORD00193436,0,2025-12-31,Enjoyed the meal.,invalid_rating
RAT0104619,CUST0030723,ITEM0032,LOC0007,ORD00192662,,2025-12-31,,missing_value
RAT0104620,CUST0018998,ITEM0133,LOC0005,ORD00193068,,2025-12-31,,missing_value
RAT0104623,CUST0051301,ITEM0014,LOC0004,ORD00193891,3,2025-12-31,,orphan_foreign_key
RAT0104651,CUST0041366,ITEM0109,LOC0020,ORD00191920,3,2025-12-31,Decent but overpriced.,orphan_foreign_key
RAT0104661,CUST0023208,,LOC0016,ORD00193885,5,2025-12-31,,orphan_foreign_key
RAT0104663,CUST0005926,ITEM0039,LOC0002,ORD00191882,-1,2025-12-31,,invalid_rating
RAT0104664,CUST0045615,ITEM0065,LOC0017,ORD00193920,3,2025-12-31,,orphan_foreign_key
RAT0104665,CUST0054471,ITEM0047,LOC0018,ORD00192749,,2025-12-31,,missing_value
RAT0104671,CUST0017711,ITEM0061,LOC0016,ORD00193019,2,2025-12-31,Below average taste.,orphan_foreign_key
RAT0104676,CUST0050400,ITEM0020,LOC0022,ORD00193953,7,2025-12-31,,invalid_rating
RAT0104686,CUST0010205,ITEM0102,LOC0008,ORD00193743,5,1970-01-01,,invalid_date
RAT0104695,CUST0023472,ITEM0055,LOC0005,ORD00193657,,2025-12-31,,missing_value
RAT0104714,CUST0048155,ITEM0061,LOC0007,ORD00191206,3,2025-12-31,"Average, nothing special.",orphan_foreign_key
RAT0104731,CUST0048135,ITEM0048,LOC0020,ORD00193946,3,2025-12-31,,orphan_foreign_key
RAT0104740,CUST0003600,ITEM0042,LOC0460,ORD00193867,5,2025-12-31,"Excellent, loved it!",invalid_restaurant_id
RAT0104760,CUST0015124,ITEM0068,LOC0002,ORD00192064,4,,,invalid_date
RAT0104773,CUST0054213,,LOC0022,ORD00193513,,2025-12-31,,missing_value
RAT0104775,CUST0030843,ITEM0143,LOC0024,ORD00192990,3,,,invalid_date
RAT0104786,CUST0049295,ITEM0143,LOC0005,ORD00192308,0,2025-12-31,,invalid_rating
RAT0104787,CUST0053491,ITEM0065,LOC0023,ORD00194117,3,,,invalid_date
RAT0104804,CUST0035438,ITEM0033,LOC8754,ORD00192781,2,2025-12-31,,invalid_restaurant_id
RAT0104813,CUST0034123,ITEM0151,LOC0021,ORD00193378,2,2025-12-31,,orphan_foreign_key
RAT0104816,CUST0011425,ITEM0054,LOC0007,ORD00194023,10,2025-12-31,,invalid_rating
RAT0104825,CUST0010473,ITEM0135,LOC0015,ORD00194420,5,2025-12-31,,orphan_foreign_key
RAT0104830,CUST0023814,ITEM0124,LOC0008,ORD00192455,5,2027-11-05,Amazing food and friendly staff.,invalid_date
RAT0104857,CUST0048628,ITEM0034,LOC0003,ORD00193977,,2025-12-31,,missing_value
RAT0104860,CUST0015481,ITEM0061,LOC0002,ORD00194082,4,2025-12-31,,orphan_foreign_key
RAT0104881,CUST0007095,,LOC0009,ORD00194041,2,2025-12-31,,orphan_foreign_key
RAT0104893,CUST0016992,ITEM0065,LOC0019,ORD00192578,1,2025-12-31,,orphan_foreign_key
RAT0104906,CUST0052755,ITEM0134,LOC0020,ORD00194333,4,2025-12-31,Nice ambience and good service.,orphan_foreign_key
RAT0104908,CUST0053289,ITEM0081,LOC0011,ORD00193153,-1,2025-12-31,,invalid_rating
RAT0104932,CUST0051734,,LOC0005,ORD00193456,,2025-12-31,,missing_value
RAT0104958,CUST0002167,ITEM0090,LOC0012,ORD00194247,5,2025-12-31,,orphan_foreign_key
RAT0104970,CUST0045426,ITEM0010,LOC4912,ORD00191464,4,2025-12-31,,invalid_restaurant_id
RAT0104984,CUST0020473,,LOC0013,ORD00194402,5,2025-12-31,Perfect taste and quick service.,orphan_foreign_key
RAT0104988,CUST0024897,ITEM0107,LOC0010,ORD00193274,4,2025-12-31,,orphan_foreign_key
RAT0105000,CUST0034774,ITEM0151,LOC0004,ORD00192950,,2025-12-31,,missing_value
