wastage_id,item_id,location_id,date,quantity_wasted,unit,cost_of_waste,reason,quarantine_reason
WST0038494,,LOC0001,2025-08-22,1.000,pcs,46.24,Overproduction,missing_value
WST0039248,,LOC0001,2025-08-26,0.130,kg,232.24,Overproduction,missing_value
WST0057061,,LOC0001,2025-12-13,1.000,pcs,1492.61,Overproduction,missing_value
WST0009176,,LOC0002,2025-02-27,0.470,kg,538.54,PrepError,missing_value
WST0009819,,LOC0002,2025-03-03,1.000,pcs,200.14,Expired,missing_value
WST0019191,,LOC0002,2025-04-29,0.050,liters,30.00,PrepError,missing_value
WST0019389,,LOC0002,2025-04-30,1.000,pcs,151.76,Overproduction,missing_value
WST0021657,,LOC0002,2025-05-14,0.310,kg,675.02,Overproduction,missing_value
WST0032741,,LOC0002,2025-07-21,1.000,pcs,391.06,CustomerReturn,missing_value
WST0042559,,LOC0002,2025-09-15,0.790,kg,940.94,CustomerReturn,missing_value
WST0005555,,LOC0003,2025-02-04,1.030,kg,1180.19,Spoilage,missing_value
WST0006651,,LOC0003,2025-02-11,1.000,pcs,214.30,Overproduction,missing_value
WST0014027,,LOC0003,2025-03-28,1.560,kg,3396.90,CustomerReturn,missing_value
WST0022107,,LOC0003,2025-05-17,0.850,kg,849.49,Overproduction,missing_value
WST0024920,,LOC0003,2025-06-03,1.070,kg,1226.03,Overproduction,missing_value
WST0000533,,LOC0004,2025-01-04,0.630,kg,684.33,Spoilage,missing_value
WST0001399,,LOC0004,2025-01-09,0.420,kg,861.40,Expired,missing_value
WST0011507,,LOC0004,2025-03-13,0.180,liters,34.42,Expired,missing_value
WST0028098,,LOC0004,2025-06-22,0.870,kg,1036.22,PrepError,missing_value
WST0033599,,LOC0004,2025-07-26,0.920,kg,1054.15,Overproduction,missing_value
WST0042737,,LOC0004,2025-09-16,2.000,pcs,400.28,Spoilage,missing_value
WST0000223,,LOC0005,2025-01-02,1.000,pcs,186.99,Overproduction,missing_value
WST0003977,,LOC0005,2025-01-25,1.000,pcs,103.59,PrepError,missing_value
WST0006485,,LOC0005,2025-02-10,0.470,kg,538.54,Overproduction,missing_value
WST0016441,,LOC0005,2025-04-12,0.240,kg,522.60,Spoilage,missing_value
WST0025487,,LOC0005,2025-06-06,0.060,liters,19.29,Overproduction,missing_value
WST0045560,,LOC0005,2025-10-03,1.000,pcs,711.90,Overproduction,missing_value
WST0003170,,LOC0006,2025-01-20,1.000,pcs,45.55,Overproduction,missing_value
WST0003482,,LOC0006,2025-01-22,1.000,pcs,591.21,Overproduction,missing_value
WST0013523,,LOC0006,2025-03-25,1.000,pcs,200.14,Overproduction,missing_value
WST0015488,,LOC0006,2025-04-06,1.000,pcs,536.56,Spoilage,missing_value
WST0035886,,LOC0006,2025-08-08,2.000,pcs,278.70,Overproduction,missing_value
WST0035894,,LOC0006,2025-08-08,0.050,liters,13.84,Spoilage,missing_value
WST0050857,,LOC0006,2025-11-05,1.000,pcs,627.42,Overproduction,missing_value
WST0006346,,LOC0007,2025-02-09,0.080,kg,46.10,Overproduction,missing_value
WST0007183,,LOC0007,2025-02-14,1.000,pcs,403.02,Overproduction,missing_value
WST0026959,,LOC0007,2025-06-15,0.160,kg,159.90,Spoilage,missing_value
WST0007188,,LOC0008,2025-02-14,1.000,pcs,627.42,Spoilage,missing_value
WST0030990,,LOC0008,2025-07-10,0.960,kg,1143.42,Overproduction,missing_value
WST0043901,,LOC0008,2025-09-23,0.020,kg,29.34,Overproduction,missing_value
WST0038740,,LOC0009,2025-08-23,0.160,kg,285.84,Overproduction,missing_value
WST0015189,,LOC0010,2025-04-04,1.000,pcs,200.14,Expired,missing_value
WST0023476,,LOC0010,2025-05-25,0.260,kg,259.84,Expired,missing_value
WST0024787,,LOC0010,2025-06-02,0.800,kg,916.66,Spoilage,missing_value
WST0027794,,LOC0010,2025-06-20,0.070,liters,36.81,PrepError,missing_value
WST0039126,,LOC0010,2025-08-25,1.000,pcs,259.12,Overproduction,missing_value
WST0046739,,LOC0010,2025-10-10,1.000,pcs,110.76,Overproduction,missing_value
WST0055131,,LOC0010,2025-12-01,0.020,kg,34.18,Overproduction,missing_value
WST0029062,,LOC0011,2025-06-28,0.040,kg,87.10,Overproduction,missing_value
WST0021042,,LOC0012,2025-05-10,0.060,kg,59.96,Expired,missing_value
WST0023333,,LOC0013,2025-05-24,2.000,pcs,92.54,Spoilage,missing_value
WST0028626,,LOC0013,2025-06-25,0.040,liters,43.18,Spoilage,missing_value
WST0029570,,LOC0013,2025-07-01,0.400,kg,871.00,Overproduction,missing_value
WST0018474,,LOC0014,2025-04-24,1.000,pcs,151.76,CustomerReturn,missing_value
WST0026369,,LOC0014,2025-06-11,0.030,liters,19.14,Overproduction,missing_value
WST0034339,,LOC0014,2025-07-30,0.210,kg,112.00,Overproduction,missing_value
WST0014744,,LOC0015,2025-04-01,0.230,liters,109.20,Overproduction,missing_value
WST0041409,,LOC0015,2025-09-07,1.000,pcs,425.59,Spoilage,missing_value
WST0053512,,LOC0015,2025-11-21,1.000,pcs,1492.61,PrepError,missing_value
WST0058763,,LOC0015,2025-12-23,1.120,kg,1333.99,Expired,missing_value
WST0001644,,LOC0016,2025-01-10,0.010,kg,12.49,Spoilage,missing_value
WST0010605,,LOC0016,2025-03-07,1.000,pcs,200.14,Overproduction,missing_value
WST0020742,,LOC0016,2025-05-08,0.090,kg,89.95,Overproduction,missing_value
WST0028934,,LOC0016,2025-06-27,0.480,kg,479.71,Expired,missing_value
WST0023348,,LOC0017,2025-05-24,1.000,pcs,200.14,Overproduction,missing_value
WST0046279,,LOC0017,2025-10-07,0.210,kg,214.21,Overproduction,missing_value
WST0041584,,LOC0018,2025-09-08,0.150,liters,71.22,Overproduction,missing_value
WST0042203,,LOC0018,2025-09-12,1.000,pcs,711.90,Spoilage,missing_value
WST0006256,,LOC0019,2025-02-08,1.000,pcs,682.35,CustomerReturn,missing_value
WST0010288,,LOC0019,2025-03-05,1.000,pcs,986.58,Overproduction,missing_value
WST0021765,,LOC0019,2025-05-14,0.680,kg,779.16,Overproduction,missing_value
WST0043454,,LOC0019,2025-09-20,0.570,kg,678.90,Overproduction,missing_value
WST0015892,,LOC0020,2025-04-08,0.020,liters,3.76,Expired,missing_value
WST0016386,,LOC0020,2025-04-11,1.000,pcs,333.71,Overproduction,missing_value
WST0043800,,LOC0020,2025-09-22,0.030,liters,17.77,Expired,missing_value
WST0050628,,LOC0020,2025-11-03,0.430,kg,512.16,Overproduction,missing_value
WST0027219,,LOC0021,2025-06-16,0.020,kg,29.71,CustomerReturn,missing_value
WST0047261,,LOC0023,2025-10-13,1.000,pcs,331.31,Expired,missing_value
WST0056040,,LOC0023,2025-12-06,0.110,kg,165.13,Overproduction,missing_value
WST0058640,,LOC0023,2025-12-22,1.300,kg,1553.86,Spoilage,missing_value
WST0020637,,LOC0024,2025-05-07,1.000,pcs,470.19,Spoilage,missing_value
WST0025087,,LOC0024,2025-06-03,0.080,liters,28.29,PrepError,missing_value
WST0036209,,LOC0024,2025-08-09,0.210,kg,198.75,Spoilage,missing_value
WST0041618,,LOC0024,2025-09-08,1.000,pcs,267.43,Spoilage,missing_value
WST0005537,,LOC0025,2025-02-03,1.000,pcs,627.42,Overproduction,missing_value
WST0036036,,LOC0025,2025-08-08,0.050,kg,13.52,Overproduction,missing_value
WST0055281,ITEM0003,LOC2955,2025-12-02,2.000,pcs,284.34,Overproduction,invalid_restaurant_id
WST0012041,ITEM0003,LOC8467,2025-03-16,1.000,pcs,139.35,Overproduction,invalid_restaurant_id
WST0005500,ITEM0004,LOC0021,2027-11-05,1.000,pcs,214.30,Spoilage,invalid_date
WST0044366,ITEM0005,LOC0001,2025-09-26,8.000,pcs,149.00,Expired,wastage_exceeds_prepared
WST0007615,ITEM0005,LOC7216,2025-02-17,1.000,pcs,149.00,Expired,invalid_restaurant_id
WST0011054,ITEM0006,LOC0012,,1.000,pcs,296.28,Overproduction,invalid_date
WST0019473,ITEM0006,LOC0016,2025-04-30,5.000,pcs,296.28,Overproduction,wastage_exceeds_prepared
WST0038504,ITEM0007,LOC0003,2025-08-22,4.000,pcs,711.90,Overproduction,wastage_exceeds_prepared
WST0032538,ITEM0007,LOC0022,2025-07-19,4.000,pcs,711.90,Expired,wastage_exceeds_prepared
WST0020279,ITEM0007,LOC0023,2025-05-05,4.000,pcs,711.90,PrepError,wastage_exceeds_prepared
WST0039331,ITEM0007,LOC0622,2025-08-26,1.000,pcs,711.90,Overproduction,invalid_restaurant_id
WST0028893,ITEM0007,LOC8176,2025-06-27,1.000,pcs,711.90,CustomerReturn,invalid_restaurant_id
WST0005151,ITEM0007,LOC9066,2025-02-01,1.000,pcs,711.90,Spoilage,invalid_restaurant_id
WST0052340,ITEM0008,LOC0010,2025-11-14,3.000,pcs,165.58,Overproduction,wastage_exceeds_prepared
WST0021918,ITEM0008,LOC1429,2025-05-15,1.000,pcs,157.77,Overproduction,invalid_restaurant_id
WST0033374,ITEM0010,LOC0142,2025-07-24,1.000,pcs,552.35,Overproduction,invalid_restaurant_id
WST0040326,ITEM0010,LOC2862,2025-09-01,1.000,pcs,568.66,Overproduction,invalid_restaurant_id
WST0020260,ITEM0011,LOC0020,2025-05-05,5.000,pcs,332.30,Overproduction,wastage_exceeds_prepared
WST0004494,ITEM0012,LOC0012,2025-01-28,4.000,pcs,376.85,Overproduction,wastage_exceeds_prepared
WST0028833,ITEM0012,LOC0022,2027-11-05,1.000,pcs,402.60,Overproduction,invalid_date
WST0042281,ITEM0013,LOC0006,2025-09-13,8.000,pcs,179.48,Expired,wastage_exceeds_prepared
WST0042722,ITEM0016,LOC0002,2025-09-16,1.190,liters,21.08,Spoilage,wastage_exceeds_prepared
WST0032288,ITEM0016,LOC0006,2025-07-18,1.070,liters,7.03,Overproduction,wastage_exceeds_prepared
WST0031597,ITEM0018,LOC0004,,0.020,liters,15.76,Expired,invalid_date
WST0010156,ITEM0020,LOC0001,,0.020,liters,20.24,Overproduction,invalid_date
WST0025028,ITEM0020,LOC0017,2025-06-03,1.600,liters,53.97,Spoilage,wastage_exceeds_prepared
WST0045037,ITEM0023,LOC0001,,1.000,pcs,200.14,Overproduction,invalid_date
WST0051147,ITEM0023,LOC0001,,1.000,pcs,200.14,Spoilage,invalid_date
WST0050676,ITEM0023,LOC0003,2025-11-04,5.000,pcs,200.14,Spoilage,wastage_exceeds_prepared
WST0040536,ITEM0023,LOC0007,2025-09-02,5.000,pcs,200.14,Overproduction,wastage_exceeds_prepared
WST0055644,ITEM0023,LOC0011,1970-01-01,1.000,pcs,200.14,Spoilage,invalid_date
WST0054489,ITEM0023,LOC0013,2025-11-27,4.000,pcs,200.14,Spoilage,wastage_exceeds_prepared
WST0054501,ITEM0023,LOC0015,,1.000,pcs,200.14,Overproduction,invalid_date
WST0029579,ITEM0023,LOC0015,2025-07-01,4.000,pcs,200.14,Spoilage,wastage_exceeds_prepared
WST0034738,ITEM0023,LOC0020,2025-08-01,6.000,pcs,400.28,Spoilage,wastage_exceeds_prepared
WST0028518,ITEM0023,LOC0021,2025-06-24,5.000,pcs,200.14,Expired,wastage_exceeds_prepared
WST0032539,ITEM0023,LOC0022,2025-07-19,5.000,pcs,200.14,Overproduction,wastage_exceeds_prepared
WST0034420,ITEM0023,LOC0025,,1.000,pcs,200.14,Overproduction,invalid_date
WST0037183,ITEM0023,LOC2172,2025-08-15,2.000,pcs,400.28,Overproduction,invalid_restaurant_id
WST0002977,ITEM0023,LOC3879,2025-01-19,1.000,pcs,186.99,Expired,invalid_restaurant_id
WST0040302,ITEM0023,LOC5618,2025-08-31,1.000,pcs,200.14,Overproduction,invalid_restaurant_id
WST0033002,ITEM0023,LOC5996,2025-07-22,3.000,pcs,600.42,Overproduction,invalid_restaurant_id
WST0047968,ITEM0023,LOC7147,2025-10-18,1.000,pcs,200.14,Spoilage,invalid_restaurant_id
WST0056014,ITEM0024,LOC0020,2025-12-06,5.000,pcs,285.28,PrepError,wastage_exceeds_prepared
WST0038322,ITEM0027,LOC0004,2025-08-21,8.000,pcs,144.90,Expired,wastage_exceeds_prepared
WST0009144,ITEM0027,LOC4728,2025-02-26,1.000,pcs,144.90,Expired,invalid_restaurant_id
WST0007955,ITEM0027,LOC7441,2025-02-19,1.000,pcs,144.90,Overproduction,invalid_restaurant_id
WST0035247,ITEM0029,LOC0018,2025-08-04,4.000,pcs,312.12,Overproduction,wastage_exceeds_prepared
WST0033645,ITEM0031,LOC0011,2025-07-26,4.000,pcs,364.08,Overproduction,wastage_exceeds_prepared
WST0025729,ITEM0031,LOC0054,2025-06-07,1.000,pcs,364.08,Expired,invalid_restaurant_id
WST0007282,ITEM0033,LOC0001,2025-02-15,2.170,kg,277.61,Overproduction,wastage_exceeds_prepared
WST0009996,ITEM0033,LOC0001,2025-03-04,8.830,kg,861.54,Expired,wastage_exceeds_prepared
WST0030765,ITEM0033,LOC0003,,0.550,kg,549.67,Expired,invalid_date
WST0038707,ITEM0033,LOC0005,2025-08-23,8.730,kg,1279.23,Overproduction,wastage_exceeds_prepared
WST0057090,ITEM0033,LOC0006,2025-12-13,1.960,kg,91.81,Overproduction,wastage_exceeds_prepared
WST0007023,ITEM0033,LOC0008,2025-02-13,6.340,kg,583.93,Spoilage,wastage_exceeds_prepared
WST0027960,ITEM0033,LOC0009,1900-01-01,0.210,kg,209.87,Overproduction,invalid_date
WST0034659,ITEM0033,LOC0009,2025-08-01,18.240,kg,589.65,Spoilage,wastage_exceeds_prepared
WST0004819,ITEM0033,LOC0009,2031-07-22,0.340,kg,325.47,Spoilage,invalid_date
WST0029239,ITEM0033,LOC0010,1900-01-01,0.320,kg,319.81,Overproduction,invalid_date
WST0040215,ITEM0033,LOC0012,2025-08-31,5.800,kg,1029.38,PrepError,wastage_exceeds_prepared
WST0010423,ITEM0033,LOC0015,2025-03-06,2.430,kg,287.18,CustomerReturn,wastage_exceeds_prepared
WST0039897,ITEM0033,LOC0015,2025-08-29,6.870,kg,309.81,Overproduction,wastage_exceeds_prepared
WST0035807,ITEM0033,LOC0018,2025-08-07,5.700,kg,309.81,Spoilage,wastage_exceeds_prepared
WST0024376,ITEM0033,LOC0019,2025-05-30,4.120,kg,79.95,Overproduction,wastage_exceeds_prepared
WST0016872,ITEM0033,LOC0020,2031-07-22,0.150,kg,149.91,Overproduction,invalid_date
WST0046136,ITEM0033,LOC0021,2025-10-06,1.600,kg,91.81,Overproduction,wastage_exceeds_prepared
WST0031254,ITEM0033,LOC0023,2025-07-11,8.790,kg,149.91,Overproduction,wastage_exceeds_prepared
WST0047770,ITEM0033,LOC0023,2025-10-16,4.720,kg,377.42,Overproduction,wastage_exceeds_prepared
WST0000193,ITEM0033,LOC0025,,0.110,kg,105.30,Overproduction,invalid_date
WST0038097,ITEM0033,LOC0025,,0.350,kg,349.79,Spoilage,invalid_date
WST0022004,ITEM0033,LOC2031,2025-05-16,0.400,kg,399.76,Spoilage,invalid_restaurant_id
WST0029589,ITEM0033,LOC3317,2025-07-01,0.260,kg,259.84,PrepError,invalid_restaurant_id
WST0048236,ITEM0033,LOC4427,2025-10-19,0.010,kg,10.20,Overproduction,invalid_restaurant_id
WST0041809,ITEM0033,LOC7254,2025-09-10,0.080,kg,81.61,Spoilage,invalid_restaurant_id
WST0059968,ITEM0033,LOC7341,2025-12-30,1.000,kg,1020.07,Overproduction,invalid_restaurant_id
WST0036068,ITEM0033,LOC9447,2025-08-09,1.770,kg,1768.94,Overproduction,invalid_restaurant_id
WST0038992,ITEM0033,LOC9600,2025-08-24,0.830,kg,829.50,Spoilage,invalid_restaurant_id
WST0049101,ITEM0034,LOC0007,2025-10-25,1.420,kg,74.28,PrepError,wastage_exceeds_prepared
WST0020771,ITEM0035,LOC0020,,0.050,kg,67.17,Overproduction,invalid_date
WST0003459,ITEM0038,LOC0003,2025-01-22,1.450,kg,139.71,Overproduction,wastage_exceeds_prepared
WST0030523,ITEM0038,LOC0014,,0.030,kg,49.71,Overproduction,invalid_date
WST0013764,ITEM0038,LOC0014,2031-07-22,0.030,kg,49.71,PrepError,invalid_date
WST0014643,ITEM0039,LOC0024,2025-03-31,1.060,kg,15.01,Overproduction,wastage_exceeds_prepared
WST0050550,ITEM0040,LOC0008,2025-11-03,1.860,kg,44.63,PrepError,wastage_exceeds_prepared
WST0018221,ITEM0042,LOC0001,2025-04-23,1.250,kg,332.00,Expired,wastage_exceeds_prepared
WST0054757,ITEM0042,LOC0002,2025-11-29,1.300,kg,432.83,PrepError,wastage_exceeds_prepared
WST0011180,ITEM0042,LOC4931,2025-03-11,0.040,kg,317.88,Expired,invalid_restaurant_id
WST0041810,ITEM0045,LOC0002,2025-09-10,3.060,kg,1119.60,Spoilage,wastage_exceeds_prepared
WST0059931,ITEM0045,LOC0006,,1.000,kg,1191.06,Overproduction,invalid_date
WST0010026,ITEM0045,LOC0006,1970-01-01,0.340,kg,404.96,Overproduction,invalid_date
WST0035734,ITEM0045,LOC0008,2025-08-07,30.310,kg,5026.27,Overproduction,wastage_exceeds_prepared
WST0025991,ITEM0045,LOC0011,2025-06-09,13.440,kg,535.98,Spoilage,wastage_exceeds_prepared
WST0036487,ITEM0045,LOC0012,2099-12-31,2.390,kg,2846.63,Overproduction,invalid_date
WST0000962,ITEM0045,LOC0017,2025-01-06,11.400,kg,490.62,Expired,wastage_exceeds_prepared
WST0018938,ITEM0045,LOC0018,2025-04-27,20.160,kg,1429.27,Spoilage,wastage_exceeds_prepared
WST0039912,ITEM0045,LOC0018,2025-08-29,130.290,kg,15126.46,Expired,wastage_exceeds_prepared
WST0020609,ITEM0045,LOC0020,2025-05-07,9.570,kg,1917.61,Overproduction,wastage_exceeds_prepared
WST0033203,ITEM0045,LOC0021,,1.030,kg,1226.79,Spoilage,invalid_date
WST0000805,ITEM0045,LOC0021,2027-11-05,0.750,kg,855.74,Spoilage,invalid_date
WST0027220,ITEM0045,LOC0021,2027-11-05,1.220,kg,1453.09,Overproduction,invalid_date
WST0024875,ITEM0045,LOC0023,2025-06-02,11.480,kg,1286.34,Overproduction,wastage_exceeds_prepared
WST0052888,ITEM0045,LOC0023,2025-11-17,5.120,kg,774.19,Expired,wastage_exceeds_prepared
WST0027542,ITEM0045,LOC0024,2025-06-18,3.810,kg,988.58,Spoilage,wastage_exceeds_prepared
WST0008373,ITEM0045,LOC0025,1900-01-01,0.640,kg,762.28,Spoilage,invalid_date
WST0058412,ITEM0045,LOC1620,2025-12-21,2.380,kg,2834.72,Overproduction,invalid_restaurant_id
WST0013408,ITEM0045,LOC4537,2025-03-24,0.130,kg,154.84,Overproduction,invalid_restaurant_id
WST0022807,ITEM0045,LOC5159,2025-05-21,0.890,kg,1060.04,Overproduction,invalid_restaurant_id
WST0037714,ITEM0045,LOC5280,2025-08-18,2.230,kg,2656.06,Spoilage,invalid_restaurant_id
WST0048020,ITEM0045,LOC6293,2025-10-18,0.380,kg,452.60,Overproduction,invalid_restaurant_id
WST0005375,ITEM0046,LOC0002,2025-02-03,2.490,kg,762.12,Overproduction,wastage_exceeds_prepared
WST0035502,ITEM0046,LOC0002,2025-08-06,8.110,kg,631.47,Overproduction,wastage_exceeds_prepared
WST0010342,ITEM0046,LOC0003,2025-03-06,9.350,kg,1175.85,Overproduction,wastage_exceeds_prepared
WST0003472,ITEM0046,LOC0005,2025-01-22,6.560,kg,287.13,Spoilage,wastage_exceeds_prepared
WST0027941,ITEM0046,LOC0006,2025-06-21,3.870,kg,1437.15,Overproduction,wastage_exceeds_prepared
WST0052787,ITEM0046,LOC0007,2025-11-17,12.480,kg,1695.96,Overproduction,wastage_exceeds_prepared
WST0021860,ITEM0046,LOC0009,2025-05-15,2.200,kg,936.32,Spoilage,wastage_exceeds_prepared
WST0047872,ITEM0046,LOC0011,,0.230,kg,513.25,Spoilage,invalid_date
WST0002213,ITEM0046,LOC0013,,0.100,kg,205.10,Overproduction,invalid_date
WST0032645,ITEM0046,LOC0013,,1.310,kg,2852.52,Overproduction,invalid_date
WST0025696,ITEM0046,LOC0013,2025-06-07,10.190,kg,217.75,Overproduction,wastage_exceeds_prepared
WST0049786,ITEM0046,LOC0015,2025-10-29,2.380,kg,781.03,Spoilage,wastage_exceeds_prepared
WST0023684,ITEM0046,LOC0016,2025-05-26,8.720,kg,457.28,Overproduction,wastage_exceeds_prepared
WST0033834,ITEM0046,LOC0016,2025-07-27,4.920,kg,609.70,Overproduction,wastage_exceeds_prepared
WST0026573,ITEM0046,LOC0020,2025-06-12,6.970,kg,3396.90,Expired,wastage_exceeds_prepared
WST0021461,ITEM0046,LOC0024,2025-05-12,2.730,kg,1219.40,PrepError,wastage_exceeds_prepared
WST0016902,ITEM0046,LOC0025,,0.340,kg,740.35,Spoilage,invalid_date
WST0048122,ITEM0046,LOC7721,2025-10-19,0.370,kg,825.66,Spoilage,invalid_restaurant_id
WST0008914,ITEM0046,LOC9244,2025-02-25,0.240,kg,522.60,Expired,invalid_restaurant_id
WST0033948,ITEM0047,LOC0010,,0.030,kg,37.64,Spoilage,invalid_date
WST0041730,ITEM0047,LOC0016,2025-09-09,1.690,kg,175.64,Overproduction,wastage_exceeds_prepared
WST0036261,ITEM0048,LOC0007,2025-08-10,20.610,kg,1982.27,Overproduction,wastage_exceeds_prepared
WST0058024,ITEM0048,LOC0007,2025-12-19,23.590,kg,1792.92,PrepError,wastage_exceeds_prepared
WST0020528,ITEM0048,LOC0008,,0.780,kg,893.74,Overproduction,invalid_date
WST0037969,ITEM0048,LOC0008,2025-08-19,15.220,kg,1443.73,Expired,wastage_exceeds_prepared
WST0016971,ITEM0048,LOC0010,2027-11-05,0.490,kg,561.45,PrepError,invalid_date
WST0005000,ITEM0048,LOC0013,2031-07-22,0.560,kg,608.29,Spoilage,invalid_date
WST0009733,ITEM0048,LOC0015,,1.430,kg,1638.52,Spoilage,invalid_date
WST0017349,ITEM0048,LOC0015,2025-04-17,7.960,kg,1443.73,Spoilage,wastage_exceeds_prepared
WST0030859,ITEM0048,LOC0017,2025-07-09,3.630,kg,607.28,Overproduction,wastage_exceeds_prepared
WST0032403,ITEM0048,LOC0023,,0.130,kg,148.96,Spoilage,invalid_date
WST0024707,ITEM0048,LOC0023,2025-06-01,5.510,kg,710.41,Spoilage,wastage_exceeds_prepared
WST0052272,ITEM0048,LOC0024,1970-01-01,0.060,kg,71.72,PrepError,invalid_date
WST0028981,ITEM0048,LOC0024,2025-06-27,1.640,kg,320.83,Spoilage,wastage_exceeds_prepared
WST0037078,ITEM0048,LOC0082,2025-08-14,1.670,kg,1913.52,Overproduction,invalid_restaurant_id
WST0003510,ITEM0048,LOC3948,2025-01-22,0.450,kg,488.81,Spoilage,invalid_restaurant_id
WST0006438,ITEM0048,LOC5437,2025-02-09,0.230,kg,263.54,Spoilage,invalid_restaurant_id
WST0010484,ITEM0048,LOC6359,2025-03-06,1.740,kg,1993.73,Expired,invalid_restaurant_id
WST0026501,ITEM0048,LOC9449,2025-06-12,0.580,kg,664.58,Overproduction,invalid_restaurant_id
WST0046533,ITEM0049,LOC0004,2025-10-09,2.530,kg,543.63,Expired,wastage_exceeds_prepared
WST0035842,ITEM0051,LOC0023,2031-07-22,0.110,kg,58.67,Overproduction,invalid_date
WST0057809,ITEM0053,LOC0022,2099-12-31,0.100,kg,121.15,Expired,invalid_date
WST0035758,ITEM0054,LOC0011,2025-08-07,1.640,kg,155.55,Overproduction,wastage_exceeds_prepared
WST0001640,ITEM0054,LOC0016,2027-11-05,0.100,kg,77.18,Spoilage,invalid_date
WST0032529,ITEM0057,LOC0020,2025-07-19,16.540,kg,55.87,Expired,wastage_exceeds_prepared
WST0004826,ITEM0057,LOC2832,2025-01-30,0.070,kg,74.49,Expired,invalid_restaurant_id
WST0039906,ITEM0058,LOC0016,2025-08-29,7.330,kg,66.25,Expired,wastage_exceeds_prepared
WST0004700,ITEM0058,LOC0017,2025-01-29,2.170,kg,80.03,Expired,wastage_exceeds_prepared
WST0054887,ITEM0059,LOC0022,2025-11-29,7.640,kg,190.73,Spoilage,wastage_exceeds_prepared
WST0048654,ITEM0060,LOC0010,1970-01-01,0.030,kg,24.99,Overproduction,invalid_date
WST0023216,ITEM0060,LOC0019,2025-05-23,1.320,kg,16.17,CustomerReturn,wastage_exceeds_prepared
WST0018082,ITEM0061,LOC0004,,0.110,kg,100.03,Overproduction,invalid_date
WST0046579,ITEM0061,LOC0011,2025-10-09,1.480,kg,100.03,PrepError,wastage_exceeds_prepared
WST0011120,ITEM0063,LOC4636,2025-03-10,0.070,kg,40.34,Overproduction,invalid_restaurant_id
WST0054596,ITEM0064,LOC4121,2025-11-28,0.110,kg,52.56,Overproduction,invalid_restaurant_id
WST0029813,ITEM0065,LOC7070,2025-07-02,0.060,kg,73.37,PrepError,invalid_restaurant_id
WST0051227,ITEM0066,LOC0011,2025-11-07,3.860,kg,275.02,Expired,wastage_exceeds_prepared
WST0008872,ITEM0067,LOC8021,2025-02-25,0.150,kg,38.31,Expired,invalid_restaurant_id
WST0051855,ITEM0068,LOC0014,2025-11-11,12.000,pcs,470.19,Expired,wastage_exceeds_prepared
WST0010858,ITEM0069,LOC9781,2025-03-09,1.000,pcs,391.06,Overproduction,invalid_restaurant_id
WST0056251,ITEM0070,LOC0005,2025-12-08,4.000,pcs,627.42,Overproduction,wastage_exceeds_prepared
WST0019067,ITEM0070,LOC0010,,1.000,pcs,627.42,Overproduction,invalid_date
WST0015172,ITEM0072,LOC0006,2025-04-04,5.000,pcs,332.55,Overproduction,wastage_exceeds_prepared
WST0024420,ITEM0075,LOC0001,2025-05-31,9.000,pcs,269.61,Overproduction,wastage_exceeds_prepared
WST0015845,ITEM0075,LOC0013,2025-04-08,6.000,pcs,269.61,Overproduction,wastage_exceeds_prepared
WST0025301,ITEM0081,LOC0003,2025-06-05,9.000,pcs,2094.88,Overproduction,wastage_exceeds_prepared
WST0024716,ITEM0081,LOC0024,2025-06-01,12.000,pcs,1047.44,PrepError,wastage_exceeds_prepared
WST0040335,ITEM0082,LOC0003,,1.000,pcs,707.81,Spoilage,invalid_date
WST0041962,ITEM0082,LOC0025,2025-09-10,4.000,pcs,707.81,Spoilage,wastage_exceeds_prepared
WST0055794,ITEM0083,LOC1624,2025-12-05,1.000,pcs,701.86,CustomerReturn,invalid_restaurant_id
WST0028036,ITEM0084,LOC0020,2025-06-21,5.000,pcs,425.59,Expired,wastage_exceeds_prepared
WST0044888,ITEM0085,LOC0005,,1.000,pcs,650.03,Overproduction,invalid_date
WST0043725,ITEM0091,LOC0010,2025-09-22,9.000,pcs,724.96,Expired,wastage_exceeds_prepared
WST0002414,ITEM0092,LOC0019,2025-01-15,5.000,pcs,434.13,Expired,wastage_exceeds_prepared
WST0009091,ITEM0093,LOC0015,,1.000,pcs,392.41,Overproduction,invalid_date
WST0006113,ITEM0093,LOC0020,2099-12-31,1.000,pcs,392.41,Overproduction,invalid_date
WST0045241,ITEM0094,LOC0005,,1.000,pcs,716.43,Overproduction,invalid_date
WST0014567,ITEM0094,LOC0010,2025-03-31,4.000,pcs,682.35,Overproduction,wastage_exceeds_prepared
WST0020892,ITEM0094,LOC0013,,1.000,pcs,682.35,Overproduction,invalid_date
WST0002932,ITEM0094,LOC0021,2025-01-18,3.000,pcs,637.13,Overproduction,wastage_exceeds_prepared
WST0009131,ITEM0095,LOC0021,2025-02-26,4.000,pcs,485.13,Overproduction,wastage_exceeds_prepared
WST0049855,ITEM0095,LOC0025,,1.000,pcs,508.41,Overproduction,invalid_date
WST0046413,ITEM0096,LOC0011,2025-10-08,3.000,pcs,298.74,Overproduction,wastage_exceeds_prepared
WST0007931,ITEM0099,LOC0004,2027-11-05,1.000,pcs,471.54,Expired,invalid_date
WST0025746,ITEM0099,LOC0020,2025-06-07,4.000,pcs,471.54,CustomerReturn,wastage_exceeds_prepared
WST0004701,ITEM0101,LOC0017,,1.000,pcs,383.91,Overproduction,invalid_date
WST0009339,ITEM0101,LOC6943,2025-02-27,1.000,pcs,414.61,Overproduction,invalid_restaurant_id
WST0059553,ITEM0102,LOC0002,2031-07-22,0.520,kg,928.97,Overproduction,invalid_date
WST0003809,ITEM0102,LOC0003,2025-01-24,3.090,kg,384.33,Overproduction,wastage_exceeds_prepared
WST0000902,ITEM0102,LOC0008,2025-01-06,8.250,kg,551.43,Overproduction,wastage_exceeds_prepared
WST0047852,ITEM0102,LOC0008,2025-10-17,1.870,kg,464.49,Spoilage,wastage_exceeds_prepared
WST0036879,ITEM0102,LOC0009,2025-08-13,1.520,kg,232.24,Overproduction,wastage_exceeds_prepared
WST0000261,ITEM0102,LOC0012,,0.370,kg,618.27,Spoilage,invalid_date
WST0002553,ITEM0102,LOC0012,,0.220,kg,367.62,Overproduction,invalid_date
WST0018462,ITEM0102,LOC0012,2031-07-22,0.150,kg,267.97,Overproduction,invalid_date
WST0055832,ITEM0102,LOC0013,2025-12-05,7.530,kg,911.11,Overproduction,wastage_exceeds_prepared
WST0000781,ITEM0102,LOC0017,2025-01-05,5.280,kg,451.17,Overproduction,wastage_exceeds_prepared
WST0009978,ITEM0102,LOC0022,2025-03-03,1.410,kg,217.23,PrepError,wastage_exceeds_prepared
WST0031260,ITEM0102,LOC0023,2025-07-11,1.390,kg,375.16,PrepError,wastage_exceeds_prepared
WST0056718,ITEM0102,LOC0023,2025-12-10,3.770,kg,1054.03,Spoilage,wastage_exceeds_prepared
WST0011662,ITEM0102,LOC0024,2025-03-13,1.230,kg,66.84,Overproduction,wastage_exceeds_prepared
WST0048432,ITEM0102,LOC0025,2025-10-20,1.620,kg,250.11,Overproduction,wastage_exceeds_prepared
WST0051357,ITEM0102,LOC0039,2025-11-08,0.250,kg,446.62,Expired,invalid_restaurant_id
WST0040168,ITEM0102,LOC2669,2025-08-31,0.150,kg,267.97,Overproduction,invalid_restaurant_id
WST0050066,ITEM0102,LOC5116,2025-10-31,0.100,kg,178.65,Overproduction,invalid_restaurant_id
WST0043007,ITEM0103,LOC6277,2025-09-17,0.020,kg,74.17,Overproduction,invalid_restaurant_id
WST0045638,ITEM0104,LOC0017,2025-10-03,1.120,kg,13.62,Expired,wastage_exceeds_prepared
WST0031693,ITEM0105,LOC9346,2025-07-14,0.010,kg,24.04,Expired,invalid_restaurant_id
WST0029086,ITEM0107,LOC0014,2025-06-28,1.160,kg,13.25,Overproduction,wastage_exceeds_prepared
WST0040519,ITEM0107,LOC9842,2025-09-02,0.050,kg,67.60,Overproduction,invalid_restaurant_id
WST0023704,ITEM0109,LOC0018,2025-05-26,1.910,kg,161.38,Expired,wastage_exceeds_prepared
WST0003090,ITEM0109,LOC0019,2025-01-19,1.320,kg,112.22,PrepError,wastage_exceeds_prepared
WST0016331,ITEM0110,LOC0012,2025-04-11,1.090,kg,15.96,Overproduction,wastage_exceeds_prepared
WST0035085,ITEM0111,LOC0017,2025-08-03,5.000,pcs,91.26,Overproduction,wastage_exceeds_prepared
WST0035136,ITEM0112,LOC0188,2025-08-03,1.000,pcs,140.73,PrepError,invalid_restaurant_id
WST0008463,ITEM0113,LOC0016,2025-02-22,16.000,pcs,193.08,Overproduction,wastage_exceeds_prepared
WST0044988,ITEM0113,LOC0020,2025-09-29,5.000,pcs,198.15,Expired,wastage_exceeds_prepared
WST0042646,ITEM0114,LOC3762,2025-09-15,1.000,pcs,86.95,Overproduction,invalid_restaurant_id
WST0010070,ITEM0115,LOC0011,1970-01-01,1.000,pcs,186.26,Spoilage,invalid_date
WST0020465,ITEM0115,LOC0025,2025-05-06,6.000,pcs,186.26,Expired,wastage_exceeds_prepared
WST0043124,ITEM0116,LOC0013,2027-11-05,1.000,pcs,142.86,PrepError,invalid_date
WST0041168,ITEM0116,LOC9370,2025-09-06,1.000,pcs,142.86,Spoilage,invalid_restaurant_id
WST0046474,ITEM0118,LOC0019,1900-01-01,1.000,pcs,333.71,PrepError,invalid_date
WST0048798,ITEM0118,LOC4802,2025-10-23,1.000,pcs,333.71,Overproduction,invalid_restaurant_id
WST0053263,ITEM0124,LOC0004,,0.110,liters,57.85,PrepError,invalid_date
WST0053317,ITEM0124,LOC0012,2025-11-20,1.710,liters,57.85,Overproduction,wastage_exceeds_prepared
WST0014351,ITEM0124,LOC0025,2025-03-29,1.860,liters,78.89,Expired,wastage_exceeds_prepared
WST0017147,ITEM0126,LOC0012,2025-04-16,1.270,liters,11.07,Overproduction,wastage_exceeds_prepared
WST0047372,ITEM0126,LOC0014,2025-10-14,1.440,liters,5.80,Overproduction,wastage_exceeds_prepared
WST0030603,ITEM0127,LOC0002,2025-07-08,1.070,liters,3.07,Expired,wastage_exceeds_prepared
WST0035652,ITEM0128,LOC7118,2025-08-06,0.010,liters,2.82,CustomerReturn,invalid_restaurant_id
WST0017982,ITEM0128,LOC9149,2025-04-21,0.020,liters,5.63,Overproduction,invalid_restaurant_id
WST0005049,ITEM0129,LOC0022,,0.070,liters,48.96,Spoilage,invalid_date
WST0002306,ITEM0132,LOC0002,,0.090,liters,54.98,Spoilage,invalid_date
WST0054983,ITEM0132,LOC0011,2099-12-31,0.160,liters,104.49,Spoilage,invalid_date
WST0009457,ITEM0133,LOC0020,2025-02-28,1.930,liters,20.50,Overproduction,wastage_exceeds_prepared
WST0006539,ITEM0134,LOC2366,2025-02-10,0.060,liters,18.10,Overproduction,invalid_restaurant_id
WST0056346,ITEM0135,LOC0019,2025-12-08,4.190,liters,11.91,Overproduction,wastage_exceeds_prepared
WST0002193,ITEM0138,LOC0009,2025-01-14,3.640,liters,97.18,Overproduction,wastage_exceeds_prepared
WST0014241,ITEM0141,LOC0010,2025-03-29,1.390,liters,37.98,CustomerReturn,wastage_exceeds_prepared
WST0052232,ITEM0141,LOC0018,2025-11-13,3.990,liters,33.24,CustomerReturn,wastage_exceeds_prepared
WST0056999,ITEM0143,LOC0016,2027-11-05,0.050,liters,26.80,Expired,invalid_date
WST0025556,ITEM0145,LOC0017,2027-11-05,0.030,liters,12.37,Overproduction,invalid_date
WST0018226,ITEM0146,LOC0001,2025-04-23,1.460,liters,34.45,CustomerReturn,wastage_exceeds_prepared
WST0002042,ITEM0146,LOC0010,,0.030,liters,16.15,Expired,invalid_date
WST0037111,ITEM0146,LOC0013,2025-08-14,1.210,liters,11.48,Expired,wastage_exceeds_prepared
WST0013798,ITEM0146,LOC0018,2025-03-26,1.230,liters,17.22,PrepError,wastage_exceeds_prepared
WST0042729,ITEM0146,LOC9898,2025-09-16,0.060,liters,35.54,Overproduction,invalid_restaurant_id
WST0044062,ITEM0148,LOC0008,2025-09-24,71.000,pcs,834.28,Overproduction,wastage_exceeds_prepared
WST0043314,ITEM0148,LOC0022,2025-09-19,36.000,pcs,208.57,Overproduction,wastage_exceeds_prepared
WST0022564,ITEM0148,LOC0023,2025-05-19,23.000,pcs,417.14,Overproduction,wastage_exceeds_prepared
WST0008848,ITEM0148,LOC6409,2025-02-25,3.000,pcs,601.02,Overproduction,invalid_restaurant_id
WST0000693,ITEM0150,LOC0004,2099-12-31,1.000,pcs,45.55,Overproduction,invalid_date
WST0017810,ITEM0150,LOC0012,2025-04-20,5.000,pcs,48.98,PrepError,wastage_exceeds_prepared
WST0051858,ITEM0150,LOC5096,2025-11-11,1.000,pcs,50.35,Overproduction,invalid_restaurant_id
WST0044482,ITEM0150,LOC5241,2025-09-26,1.000,pcs,50.35,PrepError,invalid_restaurant_id
WST0042915,ITEM0151,LOC0006,2025-09-17,5.000,pcs,45.19,Overproduction,wastage_exceeds_prepared
WST0047527,ITEM0152,LOC0009,2099-12-31,2.000,pcs,81.48,PrepError,invalid_date
WST0007116,ITEM0152,LOC0021,2025-02-13,14.000,pcs,36.25,PrepError,wastage_exceeds_prepared
WST0050325,ITEM0155,LOC0022,2025-11-01,20.000,pcs,95.85,Expired,wastage_exceeds_prepared
WST0006105,ITEM0156,LOC0018,2025-02-07,11.000,pcs,43.10,Overproduction,wastage_exceeds_prepared
WST0011624,ITEM0159,LOC0019,2025-03-13,5.000,pcs,181.98,CustomerReturn,wastage_exceeds_prepared
WST0027737,ITEM0159,LOC1261,2025-06-20,1.000,pcs,192.62,Overproduction,invalid_restaurant_id
WST0038483,ITEM0159,LOC2603,2025-08-21,1.000,pcs,192.62,Spoilage,invalid_restaurant_id
WST0008565,ITEM0159,LOC9405,2025-02-23,1.000,pcs,181.98,Overproduction,invalid_restaurant_id
WST0037054,ITEM0160,LOC0005,2025-08-14,12.000,pcs,46.24,Spoilage,wastage_exceeds_prepared
WST0012848,ITEM0160,LOC0025,2025-03-20,4.000,pcs,46.24,PrepError,wastage_exceeds_prepared
WST0032732,,LOC0001,2025-07-21,0.040,liters,12.54,Overproduction,missing_value
WST0001232,,LOC0002,2025-01-08,0.670,kg,641.37,Spoilage,missing_value
WST0027259,,LOC0002,2025-06-17,0.030,liters,14.36,PrepError,missing_value
WST0009180,,LOC0003,2025-02-27,0.100,liters,49.53,Expired,missing_value
WST0020993,,LOC0004,2025-05-10,1.270,kg,1455.19,Overproduction,missing_value
WST0006168,,LOC0005,2025-02-08,0.020,kg,22.92,Overproduction,missing_value
WST0041830,,LOC0005,2025-09-10,0.700,kg,836.70,Spoilage,missing_value
WST0005406,,LOC0006,2025-02-03,0.040,kg,37.46,Spoilage,missing_value
WST0006488,,LOC0006,2025-02-10,1.000,pcs,200.14,Expired,missing_value
WST0018264,,LOC0006,2025-04-23,1.000,pcs,402.60,Overproduction,missing_value
WST0035721,,LOC0006,2025-08-07,0.010,kg,4.56,Expired,missing_value
WST0004810,,LOC0007,2025-01-30,1.000,pcs,499.44,Expired,missing_value
WST0015490,,LOC0007,2025-04-06,0.010,kg,9.99,Overproduction,missing_value
WST0018710,,LOC0007,2025-04-26,0.070,liters,55.15,Overproduction,missing_value
WST0028587,,LOC0007,2025-06-25,0.490,kg,583.62,Overproduction,missing_value
WST0032460,,LOC0007,2025-07-19,1.000,pcs,536.56,Overproduction,missing_value
WST0027446,,LOC0008,2025-06-18,1.000,pcs,200.14,Overproduction,missing_value
WST0025673,,LOC0009,2025-06-07,0.140,kg,250.11,Overproduction,missing_value
WST0034841,,LOC0009,2025-08-02,0.140,kg,250.11,Overproduction,missing_value
WST0056615,,LOC0009,2025-12-10,1.000,pcs,465.66,Overproduction,missing_value
WST0057426,,LOC0010,2025-12-15,1.000,pcs,269.61,Overproduction,missing_value
WST0004833,,LOC0011,2025-01-30,1.000,pcs,166.20,CustomerReturn,missing_value
WST0030817,,LOC0011,2025-07-09,1.000,pcs,702.28,Spoilage,missing_value
WST0041385,,LOC0011,2025-09-07,0.310,kg,362.87,Overproduction,missing_value
WST0054972,,LOC0011,2025-11-30,0.010,liters,6.15,Expired,missing_value
WST0054977,,LOC0011,2025-11-30,0.210,kg,178.12,PrepError,missing_value
WST0016326,,LOC0012,2025-04-11,1.000,pcs,110.76,CustomerReturn,missing_value
WST0021208,,LOC0012,2025-05-11,1.000,pcs,200.14,Overproduction,missing_value
WST0046586,,LOC0012,2025-10-09,0.390,kg,466.16,Overproduction,missing_value
WST0047194,,LOC0012,2025-10-13,0.060,liters,36.94,PrepError,missing_value
WST0000756,,LOC0014,2025-01-05,2.960,kg,3215.27,Expired,missing_value
WST0055675,,LOC0015,2025-12-04,0.140,liters,72.26,Overproduction,missing_value
WST0023528,,LOC0017,2025-05-25,0.070,liters,29.64,Overproduction,missing_value
WST0041735,,LOC0017,2025-09-09,0.050,kg,31.44,Spoilage,missing_value
WST0058596,,LOC0017,2025-12-22,1.000,pcs,192.62,Overproduction,missing_value
WST0035434,,LOC0018,2025-08-05,0.920,kg,919.45,Spoilage,missing_value
WST0039185,,LOC0018,2025-08-25,5.000,pcs,1000.70,Overproduction,missing_value
WST0041915,,LOC0018,2025-09-10,1.000,pcs,294.74,Overproduction,missing_value
WST0059154,,LOC0018,2025-12-25,0.070,kg,18.93,Expired,missing_value
WST0006937,,LOC0019,2025-02-12,0.320,liters,165.42,PrepError,missing_value
WST0021091,,LOC0019,2025-05-10,0.040,kg,129.63,Overproduction,missing_value
WST0026722,,LOC0019,2025-06-13,0.030,liters,18.46,Overproduction,missing_value
WST0028027,,LOC0019,2025-06-21,0.030,kg,249.00,Expired,missing_value
WST0051888,,LOC0019,2025-11-11,1.000,pcs,160.88,Overproduction,missing_value
WST0060253,,LOC0020,2025-12-31,0.500,kg,510.03,Spoilage,missing_value
WST0016883,,LOC0021,2025-04-14,1.000,pcs,169.51,CustomerReturn,missing_value
WST0058295,,LOC0022,2025-12-20,0.830,kg,846.66,Overproduction,missing_value
WST0032880,,LOC0023,2025-07-21,0.140,liters,49.51,Expired,missing_value
WST0058829,,LOC0024,2025-12-23,1.000,pcs,50.35,Overproduction,missing_value
WST0048116,,LOC0025,2025-10-18,1.210,kg,1446.29,Overproduction,missing_value
WST0013394,ITEM0001,LOC0013,2025-03-24,5.000,pcs,93.07,PrepError,wastage_exceeds_prepared
WST0010378,ITEM0003,LOC0009,2025-03-06,4.000,pcs,139.35,Spoilage,wastage_exceeds_prepared
WST0037770,ITEM0003,LOC0010,,2.000,pcs,278.70,Expired,invalid_date
WST0000212,ITEM0003,LOC5916,2025-01-02,2.000,pcs,267.48,Overproduction,invalid_restaurant_id
WST0031314,ITEM0004,LOC0007,2025-07-12,21.000,pcs,214.30,Overproduction,wastage_exceeds_prepared
WST0047247,ITEM0005,LOC0022,2025-10-13,3.000,pcs,149.00,Overproduction,wastage_exceeds_prepared
WST0056391,ITEM0005,LOC0025,2025-12-08,3.000,pcs,149.00,Overproduction,wastage_exceeds_prepared
WST0017128,ITEM0005,LOC4950,2025-04-16,1.000,pcs,149.00,Overproduction,invalid_restaurant_id
WST0005726,ITEM0007,LOC0007,2025-02-05,4.000,pcs,711.90,Overproduction,wastage_exceeds_prepared
WST0044670,ITEM0007,LOC0020,2027-11-05,1.000,pcs,711.90,Overproduction,invalid_date
WST0049001,ITEM0007,LOC6313,2025-10-24,1.000,pcs,711.90,PrepError,invalid_restaurant_id
WST0035138,ITEM0008,LOC0001,,1.000,pcs,157.77,Spoilage,invalid_date
WST0054072,ITEM0009,LOC0005,2025-11-25,3.000,pcs,185.03,Spoilage,wastage_exceeds_prepared
WST0051552,ITEM0011,LOC7442,2025-11-09,1.000,pcs,340.59,Overproduction,invalid_restaurant_id
WST0013886,ITEM0012,LOC0007,2025-03-27,6.000,pcs,402.60,PrepError,wastage_exceeds_prepared
WST0016797,ITEM0014,LOC0010,2025-04-14,1.170,liters,12.00,CustomerReturn,wastage_exceeds_prepared
WST0049435,ITEM0019,LOC0014,,0.020,liters,10.32,Expired,invalid_date
WST0014423,ITEM0020,LOC0012,2025-03-30,1.270,liters,75.56,Spoilage,wastage_exceeds_prepared
WST0055517,ITEM0020,LOC9730,2025-12-03,0.230,liters,248.26,CustomerReturn,invalid_restaurant_id
WST0046654,ITEM0021,LOC0021,,0.030,liters,18.47,Overproduction,invalid_date
WST0032899,ITEM0023,LOC0002,2031-07-22,1.000,pcs,200.14,Overproduction,invalid_date
WST0014991,ITEM0023,LOC0003,2025-04-03,5.000,pcs,200.14,Overproduction,wastage_exceeds_prepared
WST0027918,ITEM0023,LOC0003,2025-06-21,8.000,pcs,200.14,Overproduction,wastage_exceeds_prepared
WST0055610,ITEM0023,LOC0005,2025-12-04,3.000,pcs,200.14,Expired,wastage_exceeds_prepared
WST0036863,ITEM0023,LOC0008,2099-12-31,3.000,pcs,600.42,Spoilage,invalid_date
WST0010728,ITEM0023,LOC0009,2025-03-08,8.000,pcs,200.14,Overproduction,wastage_exceeds_prepared
WST0035393,ITEM0023,LOC0012,2025-08-05,5.000,pcs,400.28,Spoilage,wastage_exceeds_prepared
WST0002870,ITEM0023,LOC0013,,1.000,pcs,186.99,Overproduction,invalid_date
WST0035216,ITEM0023,LOC0013,,2.000,pcs,400.28,Overproduction,invalid_date
WST0010760,ITEM0023,LOC0015,2025-03-08,4.000,pcs,200.14,Spoilage,wastage_exceeds_prepared
WST0027644,ITEM0023,LOC0015,2025-06-19,5.000,pcs,200.14,Overproduction,wastage_exceeds_prepared
WST0046902,ITEM0023,LOC0015,2025-10-11,8.000,pcs,200.14,Overproduction,wastage_exceeds_prepared
WST0009285,ITEM0023,LOC0018,2025-02-27,15.000,pcs,400.28,Expired,wastage_exceeds_prepared
WST0031705,ITEM0023,LOC0020,2025-07-14,5.000,pcs,200.14,CustomerReturn,wastage_exceeds_prepared
WST0050951,ITEM0023,LOC0020,2025-11-05,7.000,pcs,400.28,Expired,wastage_exceeds_prepared
WST0022222,ITEM0023,LOC0021,2025-05-17,4.000,pcs,200.14,Overproduction,wastage_exceeds_prepared
WST0046815,ITEM0023,LOC0022,,1.000,pcs,200.14,Overproduction,invalid_date
WST0000818,ITEM0023,LOC0023,2025-01-05,21.000,pcs,560.97,Spoilage,wastage_exceeds_prepared
WST0044350,ITEM0023,LOC0024,2025-09-25,3.000,pcs,200.14,PrepError,wastage_exceeds_prepared
WST0060283,ITEM0023,LOC0025,1970-01-01,1.000,pcs,200.14,Spoilage,invalid_date
WST0027889,ITEM0023,LOC0025,2027-11-05,1.000,pcs,200.14,Expired,invalid_date
WST0011315,ITEM0023,LOC9865,2025-03-12,1.000,pcs,200.14,Spoilage,invalid_restaurant_id
WST0008683,ITEM0024,LOC0004,2027-11-05,1.000,pcs,275.47,Spoilage,invalid_date
WST0016871,ITEM0024,LOC0020,2027-11-05,1.000,pcs,275.47,Overproduction,invalid_date
WST0040825,ITEM0024,LOC0023,2025-09-03,4.000,pcs,285.28,PrepError,wastage_exceeds_prepared
WST0034329,ITEM0026,LOC0013,,1.000,pcs,239.70,Expired,invalid_date
WST0053322,ITEM0027,LOC0013,2025-11-20,8.000,pcs,144.90,Overproduction,wastage_exceeds_prepared
WST0030412,ITEM0028,LOC0023,,1.000,pcs,160.88,Spoilage,invalid_date
WST0037865,ITEM0029,LOC0021,,1.000,pcs,312.12,Overproduction,invalid_date
WST0020576,ITEM0031,LOC7235,2025-05-07,1.000,pcs,364.08,Spoilage,invalid_restaurant_id
WST0051688,ITEM0032,LOC0012,2025-11-10,2.340,kg,23.77,Expired,wastage_exceeds_prepared
WST0018812,ITEM0032,LOC0022,1900-01-01,0.080,kg,95.06,Overproduction,invalid_date
WST0035140,ITEM0032,LOC2175,2025-08-04,0.090,kg,106.94,Overproduction,invalid_restaurant_id
WST0017740,ITEM0033,LOC0001,2025-04-20,2.140,kg,189.89,Spoilage,wastage_exceeds_prepared
WST0033597,ITEM0033,LOC0004,2025-07-26,1.400,kg,189.89,PrepError,wastage_exceeds_prepared
WST0008118,ITEM0033,LOC0009,2025-02-20,2.110,kg,181.88,Spoilage,wastage_exceeds_prepared
WST0004035,ITEM0033,LOC0014,2025-01-25,4.180,kg,469.06,Overproduction,wastage_exceeds_prepared
WST0010098,ITEM0033,LOC0016,,0.190,kg,181.88,Overproduction,invalid_date
WST0038417,ITEM0033,LOC0017,2025-08-21,15.080,kg,939.44,Overproduction,wastage_exceeds_prepared
WST0025237,ITEM0033,LOC0021,2025-06-04,1.520,kg,109.93,Expired,wastage_exceeds_prepared
WST0006776,ITEM0033,LOC0022,2025-02-11,4.700,kg,536.07,PrepError,wastage_exceeds_prepared
WST0009469,ITEM0033,LOC0023,2025-02-28,4.260,kg,296.75,Spoilage,wastage_exceeds_prepared
WST0005692,ITEM0033,LOC0024,2025-02-04,2.100,kg,86.15,Expired,wastage_exceeds_prepared
WST0046824,ITEM0033,LOC0024,2025-10-10,1.870,kg,173.41,PrepError,wastage_exceeds_prepared
WST0023872,ITEM0033,LOC0948,2025-05-27,0.490,kg,489.71,Overproduction,invalid_restaurant_id
WST0052798,ITEM0033,LOC5420,2025-11-17,0.440,kg,448.83,Overproduction,invalid_restaurant_id
WST0024792,ITEM0033,LOC8295,2025-06-02,0.690,kg,689.59,Spoilage,invalid_restaurant_id
WST0013117,ITEM0033,LOC9882,2025-03-22,0.290,kg,289.83,Overproduction,invalid_restaurant_id
WST0001505,ITEM0034,LOC0021,2025-01-09,1.950,kg,14.08,CustomerReturn,wastage_exceeds_prepared
WST0001415,ITEM0035,LOC5230,2025-01-09,0.070,kg,89.06,Overproduction,invalid_restaurant_id
WST0055519,ITEM0035,LOC6827,2025-12-03,0.050,kg,69.68,Overproduction,invalid_restaurant_id
WST0051281,ITEM0036,LOC0021,2025-11-07,2.640,kg,11.27,Overproduction,wastage_exceeds_prepared
WST0046694,ITEM0037,LOC0003,2025-10-10,1.310,kg,99.55,Overproduction,wastage_exceeds_prepared
WST0041921,ITEM0037,LOC6291,2025-09-10,0.060,kg,199.10,CustomerReturn,invalid_restaurant_id
WST0014076,ITEM0038,LOC0010,2025-03-28,1.250,kg,149.12,Spoilage,wastage_exceeds_prepared
WST0018424,ITEM0040,LOC0007,2025-04-24,1.360,kg,60.42,Overproduction,wastage_exceeds_prepared
WST0027548,ITEM0041,LOC5103,2025-06-18,0.140,kg,231.44,PrepError,invalid_restaurant_id
WST0034828,ITEM0042,LOC0008,,0.030,kg,249.00,Overproduction,invalid_date
WST0009940,ITEM0042,LOC0018,1900-01-01,0.060,kg,476.82,Overproduction,invalid_date
WST0026572,ITEM0042,LOC0309,2025-06-12,0.080,kg,664.01,Expired,invalid_restaurant_id
WST0048923,ITEM0042,LOC2378,2025-10-24,0.020,kg,173.13,CustomerReturn,invalid_restaurant_id
WST0009075,ITEM0043,LOC0014,2025-02-26,1.180,kg,320.08,Expired,wastage_exceeds_prepared
WST0046028,ITEM0045,LOC0002,2025-10-06,7.900,kg,1048.13,Spoilage,wastage_exceeds_prepared
WST0012692,ITEM0045,LOC0003,2099-12-31,2.500,kg,2977.65,Overproduction,invalid_date
WST0054768,ITEM0045,LOC0004,2025-11-29,11.140,kg,857.56,Overproduction,wastage_exceeds_prepared
WST0013890,ITEM0045,LOC0007,2025-03-27,6.580,kg,1500.74,Overproduction,wastage_exceeds_prepared
WST0010213,ITEM0045,LOC0009,2025-03-05,12.680,kg,1226.79,Overproduction,wastage_exceeds_prepared
WST0035188,ITEM0045,LOC0009,2025-08-04,8.810,kg,3251.59,PrepError,wastage_exceeds_prepared
WST0025170,ITEM0045,LOC0011,2025-06-04,2.870,kg,404.96,Overproduction,wastage_exceeds_prepared
WST0056139,ITEM0045,LOC0012,2025-12-07,4.590,kg,1119.60,Spoilage,wastage_exceeds_prepared
WST0020075,ITEM0045,LOC0015,2025-05-04,4.870,kg,440.69,Overproduction,wastage_exceeds_prepared
WST0055678,ITEM0045,LOC0015,2025-12-04,4.640,kg,1262.52,Overproduction,wastage_exceeds_prepared
WST0006405,ITEM0045,LOC0017,2025-02-09,5.050,kg,333.50,Expired,wastage_exceeds_prepared
WST0019822,ITEM0045,LOC0024,2025-05-02,3.360,kg,726.55,PrepError,wastage_exceeds_prepared
WST0025057,ITEM0045,LOC0330,2025-06-03,0.790,kg,940.94,Expired,invalid_restaurant_id
WST0021204,ITEM0045,LOC2560,2025-05-11,0.190,kg,226.30,Expired,invalid_restaurant_id
WST0017852,ITEM0045,LOC3552,2025-04-20,0.280,kg,333.50,Expired,invalid_restaurant_id
WST0041717,ITEM0045,LOC6887,2025-09-09,0.360,kg,428.78,Spoilage,invalid_restaurant_id
WST0042321,ITEM0045,LOC7342,2025-09-13,0.380,kg,452.60,PrepError,invalid_restaurant_id
WST0022258,ITEM0046,LOC0002,,0.500,kg,1088.75,Spoilage,invalid_date
WST0046349,ITEM0046,LOC0002,,0.350,kg,781.03,Expired,invalid_date
WST0041529,ITEM0046,LOC0011,2025-09-08,1.900,kg,357.04,Overproduction,wastage_exceeds_prepared
WST0054125,ITEM0046,LOC0014,2031-07-22,0.320,kg,714.09,Spoilage,invalid_date
WST0044291,ITEM0046,LOC0015,2031-07-22,0.470,kg,1048.81,Spoilage,invalid_date
WST0011258,ITEM0046,LOC0016,2025-03-11,7.200,kg,1219.40,Overproduction,wastage_exceeds_prepared
WST0054844,ITEM0046,LOC0016,2025-11-29,14.910,kg,1986.05,PrepError,wastage_exceeds_prepared
WST0015411,ITEM0046,LOC0017,,0.480,kg,1045.20,Overproduction,invalid_date
WST0021925,ITEM0046,LOC0020,,0.560,kg,1219.40,Overproduction,invalid_date
WST0037658,ITEM0046,LOC0020,2025-08-17,19.310,kg,8013.20,Overproduction,wastage_exceeds_prepared
WST0022900,ITEM0046,LOC0021,2025-05-21,1.810,kg,871.00,Expired,wastage_exceeds_prepared
WST0050481,ITEM0046,LOC0023,2025-11-02,3.030,kg,1673.64,Spoilage,wastage_exceeds_prepared
WST0018038,ITEM0046,LOC0024,2025-04-21,7.310,kg,958.10,Expired,wastage_exceeds_prepared
WST0038507,ITEM0046,LOC2308,2025-08-22,0.860,kg,1872.65,Overproduction,invalid_restaurant_id
WST0022607,ITEM0046,LOC3301,2025-05-20,0.340,kg,740.35,Spoilage,invalid_restaurant_id
WST0013792,ITEM0046,LOC7256,2025-03-26,0.760,kg,1654.90,Overproduction,invalid_restaurant_id
WST0007455,ITEM0046,LOC8145,2025-02-16,0.360,kg,783.90,Expired,invalid_restaurant_id
WST0018861,ITEM0046,LOC8520,2025-04-27,0.250,kg,544.38,Spoilage,invalid_restaurant_id
WST0047197,ITEM0047,LOC0012,2031-07-22,0.070,kg,87.82,PrepError,invalid_date
WST0016585,ITEM0048,LOC0003,1970-01-01,0.960,kg,1099.99,Overproduction,invalid_date
WST0039454,ITEM0048,LOC0003,2025-08-27,17.910,kg,1764.56,Overproduction,wastage_exceeds_prepared
WST0048947,ITEM0048,LOC0006,,0.510,kg,609.59,Overproduction,invalid_date
WST0004642,ITEM0048,LOC0009,2025-01-29,3.370,kg,401.91,Overproduction,wastage_exceeds_prepared
WST0026664,ITEM0048,LOC0009,2025-06-13,11.550,kg,1776.02,Overproduction,wastage_exceeds_prepared
WST0007826,ITEM0048,LOC0012,,0.330,kg,378.12,CustomerReturn,invalid_date
WST0011561,ITEM0048,LOC0012,2025-03-13,6.040,kg,618.74,Overproduction,wastage_exceeds_prepared
WST0038385,ITEM0048,LOC0012,2025-08-21,4.560,kg,1111.45,Overproduction,wastage_exceeds_prepared
WST0030525,ITEM0048,LOC0014,2025-07-07,2.840,kg,836.45,PrepError,wastage_exceeds_prepared
WST0012600,ITEM0048,LOC0015,2025-03-19,7.130,kg,538.54,Overproduction,wastage_exceeds_prepared
WST0002246,ITEM0048,LOC0019,2025-01-14,7.740,kg,553.98,Spoilage,wastage_exceeds_prepared
WST0023732,ITEM0048,LOC0022,1900-01-01,0.490,kg,561.45,Spoilage,invalid_date
WST0023742,ITEM0048,LOC0367,2025-05-26,0.520,kg,595.83,Spoilage,invalid_restaurant_id
WST0027535,ITEM0048,LOC7772,2025-06-18,0.920,kg,1054.15,CustomerReturn,invalid_restaurant_id
WST0050492,ITEM0048,LOC7930,2025-11-02,0.240,kg,286.87,Expired,invalid_restaurant_id
WST0002424,ITEM0048,LOC8513,2025-01-15,0.920,kg,999.34,Overproduction,invalid_restaurant_id
WST0036945,ITEM0049,LOC0017,1900-01-01,0.600,kg,1328.51,Overproduction,invalid_date
WST0047861,ITEM0051,LOC7469,2025-10-17,0.030,kg,16.00,Spoilage,invalid_restaurant_id
WST0046714,ITEM0053,LOC4870,2025-10-10,0.100,kg,121.15,Overproduction,invalid_restaurant_id
WST0037566,ITEM0054,LOC8636,2025-08-17,0.320,kg,261.97,Expired,invalid_restaurant_id
WST0024052,ITEM0055,LOC0017,2025-05-28,1.720,kg,141.21,Spoilage,wastage_exceeds_prepared
WST0025755,ITEM0055,LOC0022,2025-06-07,2.570,kg,4.56,Expired,wastage_exceeds_prepared
WST0014246,ITEM0055,LOC7638,2025-03-29,0.400,kg,182.21,PrepError,invalid_restaurant_id
WST0050284,ITEM0056,LOC1556,2025-11-01,0.040,kg,37.46,PrepError,invalid_restaurant_id
WST0009694,ITEM0058,LOC0008,,0.290,kg,257.88,Expired,invalid_date
WST0017493,ITEM0059,LOC0011,2025-04-18,1.310,kg,23.84,Spoilage,wastage_exceeds_prepared
WST0008396,ITEM0061,LOC0004,2025-02-22,3.250,kg,60.41,Spoilage,wastage_exceeds_prepared
WST0053253,ITEM0061,LOC3894,2025-11-20,0.140,kg,127.31,PrepError,invalid_restaurant_id
WST0017837,ITEM0064,LOC4734,2025-04-20,0.010,kg,4.67,PrepError,invalid_restaurant_id
WST0050249,ITEM0068,LOC0011,2025-11-01,9.000,pcs,470.19,Overproduction,wastage_exceeds_prepared
WST0007037,ITEM0070,LOC0009,2027-11-05,1.000,pcs,627.42,Expired,invalid_date
WST0044591,ITEM0070,LOC0009,2027-11-05,1.000,pcs,627.42,PrepError,invalid_date
WST0050166,ITEM0070,LOC0022,2025-10-31,4.000,pcs,627.42,Overproduction,wastage_exceeds_prepared
WST0058042,ITEM0070,LOC3380,2025-12-19,1.000,pcs,627.42,Overproduction,invalid_restaurant_id
WST0008610,ITEM0070,LOC6393,2025-02-23,1.000,pcs,627.42,Spoilage,invalid_restaurant_id
WST0006722,ITEM0072,LOC0012,,1.000,pcs,332.55,Spoilage,invalid_date
WST0013850,ITEM0073,LOC0001,2025-03-27,5.000,pcs,331.31,CustomerReturn,wastage_exceeds_prepared
WST0017581,ITEM0073,LOC0001,2025-04-19,5.000,pcs,331.31,CustomerReturn,wastage_exceeds_prepared
WST0028512,ITEM0074,LOC1473,2025-06-24,1.000,pcs,536.56,Spoilage,invalid_restaurant_id
WST0000953,ITEM0075,LOC0016,,1.000,pcs,252.86,Expired,invalid_date
WST0011068,ITEM0077,LOC0014,2025-03-10,5.000,pcs,295.15,Expired,wastage_exceeds_prepared
WST0019060,ITEM0084,LOC0009,2025-04-28,5.000,pcs,425.59,Overproduction,wastage_exceeds_prepared
WST0004864,ITEM0084,LOC0016,,1.000,pcs,403.02,Spoilage,invalid_date
WST0054528,ITEM0084,LOC0019,2025-11-27,4.000,pcs,425.59,Overproduction,wastage_exceeds_prepared
WST0045799,ITEM0085,LOC0016,2025-10-04,4.000,pcs,650.03,Expired,wastage_exceeds_prepared
WST0013120,ITEM0085,LOC0020,2025-03-22,8.000,pcs,650.03,Spoilage,wastage_exceeds_prepared
WST0058503,ITEM0085,LOC6647,2025-12-22,1.000,pcs,650.03,Overproduction,invalid_restaurant_id
WST0003802,ITEM0087,LOC0002,2025-01-24,4.000,pcs,1337.75,Overproduction,wastage_exceeds_prepared
WST0005027,ITEM0087,LOC0019,2025-01-31,5.000,pcs,1337.75,Overproduction,wastage_exceeds_prepared
WST0011311,ITEM0087,LOC0024,2025-03-11,4.000,pcs,1337.75,Overproduction,wastage_exceeds_prepared
WST0006632,ITEM0087,LOC0025,2025-02-10,4.000,pcs,1337.75,Overproduction,wastage_exceeds_prepared
WST0005876,ITEM0088,LOC0005,2025-02-06,5.000,pcs,606.50,Spoilage,wastage_exceeds_prepared
WST0020193,ITEM0088,LOC0010,2025-05-05,4.000,pcs,651.22,PrepError,wastage_exceeds_prepared
WST0037632,ITEM0092,LOC0463,2025-08-17,1.000,pcs,465.66,PrepError,invalid_restaurant_id
WST0022111,ITEM0092,LOC6966,2025-05-17,2.000,pcs,931.32,Expired,invalid_restaurant_id
WST0042400,ITEM0093,LOC0024,,1.000,pcs,410.14,Spoilage,invalid_date
WST0031707,ITEM0094,LOC0020,2025-07-14,5.000,pcs,682.35,Overproduction,wastage_exceeds_prepared
WST0000324,ITEM0094,LOC0021,2025-01-02,7.000,pcs,637.13,PrepError,wastage_exceeds_prepared
WST0034153,ITEM0094,LOC5766,2025-07-29,1.000,pcs,682.35,Overproduction,invalid_restaurant_id
WST0036239,ITEM0095,LOC0003,,1.000,pcs,485.13,Overproduction,invalid_date
WST0016932,ITEM0096,LOC0004,2025-04-15,4.000,pcs,290.57,Overproduction,wastage_exceeds_prepared
WST0010408,ITEM0098,LOC0012,2025-03-06,5.000,pcs,521.65,Overproduction,wastage_exceeds_prepared
WST0016951,ITEM0099,LOC0007,2025-04-15,4.000,pcs,471.54,Spoilage,wastage_exceeds_prepared
WST0033702,ITEM0100,LOC3858,2025-07-26,1.000,pcs,549.26,Overproduction,invalid_restaurant_id
WST0057844,ITEM0101,LOC0003,2025-12-18,3.000,pcs,414.61,Expired,wastage_exceeds_prepared
WST0058666,ITEM0102,LOC0001,2025-12-23,3.730,kg,839.65,Overproduction,wastage_exceeds_prepared
WST0031761,ITEM0102,LOC0003,2025-07-15,1.650,kg,107.19,Overproduction,wastage_exceeds_prepared
WST0035164,ITEM0102,LOC0004,,0.090,kg,160.78,Expired,invalid_date
WST0019713,ITEM0102,LOC0004,2025-05-02,1.790,kg,303.70,Overproduction,wastage_exceeds_prepared
WST0038706,ITEM0102,LOC0004,2025-08-23,1.410,kg,339.43,Overproduction,wastage_exceeds_prepared
WST0045899,ITEM0102,LOC0005,2025-10-05,2.770,kg,410.89,Overproduction,wastage_exceeds_prepared
WST0018284,ITEM0102,LOC0007,2031-07-22,0.120,kg,214.38,Overproduction,invalid_date
WST0053785,ITEM0102,LOC0008,2025-11-23,6.580,kg,250.11,Spoilage,wastage_exceeds_prepared
WST0043413,ITEM0102,LOC0013,1970-01-01,0.250,kg,446.62,Expired,invalid_date
WST0040773,ITEM0102,LOC0016,2025-09-03,1.520,kg,267.97,Overproduction,wastage_exceeds_prepared
WST0053043,ITEM0102,LOC0022,2025-11-18,1.850,kg,250.11,Overproduction,wastage_exceeds_prepared
WST0056869,ITEM0102,LOC0022,2027-11-05,0.160,kg,285.84,Overproduction,invalid_date
WST0028580,ITEM0102,LOC0889,2025-06-25,0.160,kg,285.84,Overproduction,invalid_restaurant_id
WST0023695,ITEM0104,LOC0017,2025-05-26,1.090,kg,13.62,PrepError,wastage_exceeds_prepared
WST0055206,ITEM0108,LOC0021,2025-12-01,1.060,kg,18.53,Overproduction,wastage_exceeds_prepared
WST0044890,ITEM0110,LOC7710,2025-09-29,0.020,kg,31.92,Overproduction,invalid_restaurant_id
WST0050852,ITEM0111,LOC0005,2025-11-05,6.000,pcs,91.26,Expired,wastage_exceeds_prepared
WST0059629,ITEM0114,LOC0012,2025-12-28,3.000,pcs,86.95,Overproduction,wastage_exceeds_prepared
WST0053372,ITEM0114,LOC0019,2025-11-20,4.000,pcs,86.95,Overproduction,wastage_exceeds_prepared
WST0055123,ITEM0115,LOC0008,2025-12-01,5.000,pcs,186.26,CustomerReturn,wastage_exceeds_prepared
WST0055513,ITEM0115,LOC3950,2025-12-03,1.000,pcs,186.26,CustomerReturn,invalid_restaurant_id
WST0017809,ITEM0119,LOC0012,2027-11-05,1.000,pcs,169.51,Expired,invalid_date
WST0017273,ITEM0121,LOC0004,2025-04-17,9.000,pcs,121.95,Expired,wastage_exceeds_prepared
WST0041194,ITEM0121,LOC0008,,1.000,pcs,125.92,Overproduction,invalid_date
WST0036950,ITEM0122,LOC0017,2025-08-13,3.000,pcs,295.82,Spoilage,wastage_exceeds_prepared
WST0019246,ITEM0122,LOC4086,2025-04-29,1.000,pcs,295.82,Overproduction,invalid_restaurant_id
WST0000754,ITEM0122,LOC5527,2025-01-05,1.000,pcs,275.68,Overproduction,invalid_restaurant_id
WST0030049,ITEM0123,LOC0011,2027-11-05,1.000,pcs,138.90,Overproduction,invalid_date
WST0028491,ITEM0123,LOC0016,2025-06-24,5.000,pcs,138.90,Overproduction,wastage_exceeds_prepared
WST0044983,ITEM0123,LOC0019,2025-09-29,5.000,pcs,138.90,Overproduction,wastage_exceeds_prepared
WST0002101,ITEM0125,LOC0020,2025-01-13,2.870,liters,9.20,Expired,wastage_exceeds_prepared
WST0009781,ITEM0125,LOC0022,2025-03-02,2.050,liters,4.60,Expired,wastage_exceeds_prepared
WST0003930,ITEM0126,LOC8205,2025-01-24,0.040,liters,10.29,Expired,invalid_restaurant_id
WST0055438,ITEM0127,LOC0005,1900-01-01,0.080,liters,24.60,CustomerReturn,invalid_date
WST0059935,ITEM0127,LOC0006,2025-12-30,1.420,liters,18.45,Overproduction,wastage_exceeds_prepared
WST0001154,ITEM0127,LOC4709,2025-01-07,0.040,liters,11.73,CustomerReturn,invalid_restaurant_id
WST0032057,ITEM0128,LOC0021,2025-07-16,1.080,liters,2.82,Overproduction,wastage_exceeds_prepared
WST0018285,ITEM0130,LOC0007,2025-04-23,1.970,liters,45.97,Overproduction,wastage_exceeds_prepared
WST0022457,ITEM0132,LOC0009,,0.040,liters,25.52,Overproduction,invalid_date
WST0030850,ITEM0132,LOC0015,2025-07-09,1.770,liters,6.38,PrepError,wastage_exceeds_prepared
WST0003144,ITEM0132,LOC0825,2025-01-20,0.060,liters,36.65,Overproduction,invalid_restaurant_id
WST0054505,ITEM0133,LOC0015,2025-11-27,3.090,liters,12.54,PrepError,wastage_exceeds_prepared
WST0050416,ITEM0134,LOC0012,2099-12-31,0.250,liters,77.67,CustomerReturn,invalid_date
WST0029191,ITEM0135,LOC0002,,0.120,liters,23.81,Overproduction,invalid_date
WST0021549,ITEM0138,LOC0010,2025-05-13,11.300,liters,86.82,Spoilage,wastage_exceeds_prepared
WST0026063,ITEM0138,LOC3840,2025-06-09,0.440,liters,136.43,Spoilage,invalid_restaurant_id
WST0015539,ITEM0141,LOC0014,2025-04-06,3.870,liters,28.49,Expired,wastage_exceeds_prepared
WST0051409,ITEM0141,LOC0017,2025-11-08,7.900,liters,80.72,PrepError,wastage_exceeds_prepared
WST0001957,ITEM0141,LOC0022,1970-01-01,0.020,liters,8.97,Spoilage,invalid_date
WST0047455,ITEM0143,LOC5898,2025-10-14,0.100,liters,53.60,Overproduction,invalid_restaurant_id
WST0057961,ITEM0145,LOC0020,2025-12-18,5.500,liters,8.64,Overproduction,wastage_exceeds_prepared
WST0018107,ITEM0148,LOC0009,2025-04-22,46.000,pcs,417.14,Expired,wastage_exceeds_prepared
WST0000458,ITEM0148,LOC0018,2025-01-03,60.000,pcs,400.68,Expired,wastage_exceeds_prepared
WST0047709,ITEM0149,LOC0012,2031-07-22,1.000,pcs,173.20,Spoilage,invalid_date
WST0011869,ITEM0153,LOC0004,2025-03-15,9.000,pcs,16.47,Overproduction,wastage_exceeds_prepared
WST0009194,ITEM0155,LOC0004,2025-02-27,9.000,pcs,177.20,Expired,wastage_exceeds_prepared
WST0017336,ITEM0155,LOC0012,2025-04-17,9.000,pcs,93.65,PrepError,wastage_exceeds_prepared
WST0055439,ITEM0156,LOC0005,2027-11-05,1.000,pcs,48.41,Overproduction,invalid_date
WST0043776,ITEM0156,LOC0016,2025-09-22,6.000,pcs,48.41,PrepError,wastage_exceeds_prepared
WST0056587,ITEM0157,LOC0005,2025-12-10,12.000,pcs,322.21,Overproduction,wastage_exceeds_prepared
WST0029381,ITEM0157,LOC0008,,1.000,pcs,314.38,Overproduction,invalid_date
WST0001895,ITEM0157,LOC0010,2025-01-12,13.000,pcs,296.36,Overproduction,wastage_exceeds_prepared
WST0000202,,LOC0001,2025-01-02,0.220,kg,210.60,PrepError,missing_value
WST0011319,,LOC0001,2025-03-12,1.000,pcs,392.41,Overproduction,missing_value
WST0031281,,LOC0001,2025-07-12,0.040,liters,19.14,Overproduction,missing_value
WST0054051,,LOC0001,2025-11-25,1.000,pcs,627.42,Expired,missing_value
WST0003453,,LOC0002,2025-01-22,1.000,pcs,383.91,Spoilage,missing_value
WST0019840,,LOC0002,2025-05-03,1.000,pcs,295.15,Expired,missing_value
WST0024426,,LOC0002,2025-05-31,1.000,pcs,627.42,Overproduction,missing_value
WST0028395,,LOC0002,2025-06-24,1.000,pcs,72.86,Spoilage,missing_value
WST0005386,,LOC0003,2025-02-03,1.000,pcs,471.54,Overproduction,missing_value
WST0017594,,LOC0003,2025-04-19,0.470,kg,469.72,Spoilage,missing_value
WST0029664,,LOC0003,2025-07-02,0.090,kg,619.97,CustomerReturn,missing_value
WST0052758,,LOC0003,2025-11-17,1.760,kg,2103.69,Overproduction,missing_value
WST0036064,,LOC0004,2025-08-09,3.410,kg,4061.51,Overproduction,missing_value
WST0008254,,LOC0005,2025-02-21,1.000,pcs,465.66,Overproduction,missing_value
WST0023107,,LOC0005,2025-05-23,1.000,pcs,200.14,Spoilage,missing_value
WST0019234,,LOC0006,2025-04-29,1.000,pcs,414.61,Spoilage,missing_value
WST0006498,,LOC0007,2025-02-10,1.310,kg,1560.29,Overproduction,missing_value
WST0009036,,LOC0007,2025-02-26,1.000,pcs,281.82,Overproduction,missing_value
WST0018426,,LOC0007,2025-04-24,0.890,kg,1937.98,Overproduction,missing_value
WST0026468,,LOC0007,2025-06-12,1.160,kg,1381.63,Overproduction,missing_value
WST0041503,,LOC0007,2025-09-08,0.090,kg,203.86,Overproduction,missing_value
WST0048475,,LOC0007,2025-10-21,0.120,kg,214.38,Expired,missing_value
WST0013354,,LOC0008,2025-03-24,0.050,kg,56.35,Overproduction,missing_value
WST0023988,,LOC0008,2025-05-28,0.220,kg,59.49,Overproduction,missing_value
WST0049403,,LOC0008,2025-10-27,0.010,liters,6.53,CustomerReturn,missing_value
WST0017137,,LOC0010,2025-04-16,0.030,liters,17.22,Spoilage,missing_value
WST0050571,,LOC0011,2025-11-03,0.080,kg,100.36,PrepError,missing_value
WST0051518,,LOC0011,2025-11-09,1.000,pcs,200.14,Spoilage,missing_value
WST0036121,,LOC0012,2025-08-09,2.000,pcs,400.28,Overproduction,missing_value
WST0048840,,LOC0012,2025-10-23,0.100,liters,47.48,PrepError,missing_value
WST0032167,,LOC0015,2025-07-17,0.200,liters,105.18,Expired,missing_value
WST0059644,,LOC0015,2025-12-28,1.980,kg,2358.30,Overproduction,missing_value
WST0055166,,LOC0016,2025-12-01,0.020,kg,23.77,PrepError,missing_value
WST0011420,,LOC0017,2025-03-12,1.000,pcs,91.26,PrepError,missing_value
WST0014286,,LOC0017,2025-03-29,1.000,pcs,296.28,PrepError,missing_value
WST0015252,,LOC0017,2025-04-04,0.890,kg,1060.04,Spoilage,missing_value
WST0022693,,LOC0017,2025-05-20,0.020,kg,26.87,Expired,missing_value
WST0053009,,LOC0017,2025-11-18,0.070,liters,75.56,Overproduction,missing_value
WST0023707,,LOC0018,2025-05-26,2.000,pcs,77.88,PrepError,missing_value
WST0030088,,LOC0018,2025-07-04,1.000,pcs,239.70,Expired,missing_value
WST0050290,,LOC0018,2025-11-01,2.230,kg,2665.47,Overproduction,missing_value
WST0017370,,LOC0019,2025-04-17,1.000,pcs,178.25,Overproduction,missing_value
WST0001823,,LOC0020,2025-01-11,0.270,kg,451.17,Spoilage,missing_value
WST0051588,,LOC0020,2025-11-09,1.000,pcs,245.78,CustomerReturn,missing_value
WST0001358,,LOC0021,2025-01-08,0.970,kg,1053.65,Spoilage,missing_value
WST0022728,,LOC0022,2025-05-20,0.840,kg,839.50,Spoilage,missing_value
WST0033034,,LOC0022,2025-07-22,0.110,kg,196.51,PrepError,missing_value
WST0049486,,LOC0022,2025-10-27,1.000,pcs,149.00,Overproduction,missing_value
WST0023065,,LOC0023,2025-05-22,0.430,kg,492.70,Spoilage,missing_value
WST0043320,,LOC0024,2025-09-19,0.080,kg,81.61,Overproduction,missing_value
WST0043322,,LOC0024,2025-09-19,0.040,kg,34.38,Spoilage,missing_value
WST0020638,,LOC0025,2025-05-07,1.000,pcs,200.14,Expired,missing_value
WST0045901,ITEM0001,LOC0006,,1.000,pcs,95.57,Overproduction,invalid_date
WST0012786,ITEM0002,LOC0017,2025-03-20,4.000,pcs,72.86,Overproduction,wastage_exceeds_prepared
WST0006483,ITEM0002,LOC9735,2025-02-10,1.000,pcs,72.86,Overproduction,invalid_restaurant_id
WST0014406,ITEM0004,LOC7091,2025-03-30,1.000,pcs,214.30,Overproduction,invalid_restaurant_id
WST0046755,ITEM0005,LOC0012,2027-11-05,1.000,pcs,149.00,Expired,invalid_date
WST0025384,ITEM0005,LOC0015,2025-06-05,15.000,pcs,298.00,Overproduction,wastage_exceeds_prepared
WST0017695,ITEM0008,LOC0019,2027-11-05,1.000,pcs,157.77,Expired,invalid_date
WST0048750,ITEM0008,LOC0025,2025-10-22,5.000,pcs,165.58,Overproduction,wastage_exceeds_prepared
WST0021309,ITEM0008,LOC0990,2025-05-12,1.000,pcs,157.77,Overproduction,invalid_restaurant_id
WST0003306,ITEM0008,LOC7336,2025-01-21,1.000,pcs,146.52,PrepError,invalid_restaurant_id
WST0011292,ITEM0009,LOC1283,2025-03-11,1.000,pcs,178.25,Overproduction,invalid_restaurant_id
WST0046304,ITEM0011,LOC0021,2025-10-07,3.000,pcs,340.59,Expired,wastage_exceeds_prepared
WST0037476,ITEM0012,LOC0020,2025-08-16,6.000,pcs,402.60,Expired,wastage_exceeds_prepared
WST0023660,ITEM0015,LOC0013,,0.010,liters,6.15,PrepError,invalid_date
WST0015754,ITEM0016,LOC0025,2025-04-07,1.130,liters,14.06,Overproduction,wastage_exceeds_prepared
WST0017299,ITEM0017,LOC0008,2025-04-17,1.500,liters,87.69,CustomerReturn,wastage_exceeds_prepared
WST0054336,ITEM0017,LOC3850,2025-11-26,0.030,liters,29.23,Overproduction,invalid_restaurant_id
WST0001490,ITEM0018,LOC0019,2025-01-09,1.450,liters,22.27,Overproduction,wastage_exceeds_prepared
WST0005324,ITEM0018,LOC8923,2025-02-02,0.040,liters,29.69,Spoilage,invalid_restaurant_id
WST0023661,ITEM0019,LOC0013,2025-05-26,2.580,liters,25.81,Expired,wastage_exceeds_prepared
WST0045845,ITEM0020,LOC0021,,0.050,liters,53.97,Spoilage,invalid_date
WST0027438,ITEM0021,LOC0007,2025-06-18,1.310,liters,11.98,Expired,wastage_exceeds_prepared
WST0026940,ITEM0023,LOC0004,2025-06-15,6.000,pcs,200.14,Expired,wastage_exceeds_prepared
WST0003984,ITEM0023,LOC0006,2025-01-25,5.000,pcs,186.99,Spoilage,wastage_exceeds_prepared
WST0032122,ITEM0023,LOC0008,2025-07-17,4.000,pcs,200.14,Overproduction,wastage_exceeds_prepared
WST0056624,ITEM0023,LOC0011,2027-11-05,1.000,pcs,200.14,Overproduction,invalid_date
WST0049806,ITEM0023,LOC0018,2025-10-29,7.000,pcs,400.28,Overproduction,wastage_exceeds_prepared
WST0049817,ITEM0023,LOC0019,,1.000,pcs,200.14,Expired,invalid_date
WST0026220,ITEM0023,LOC0021,2025-06-10,5.000,pcs,200.14,Spoilage,wastage_exceeds_prepared
WST0025528,ITEM0023,LOC1261,2025-06-06,1.000,pcs,200.14,Overproduction,invalid_restaurant_id
WST0034939,ITEM0023,LOC2244,2025-08-02,1.000,pcs,200.14,Expired,invalid_restaurant_id
WST0026055,ITEM0023,LOC5451,2025-06-09,1.000,pcs,200.14,Overproduction,invalid_restaurant_id
WST0052327,ITEM0023,LOC7261,2025-11-14,1.000,pcs,200.14,Spoilage,invalid_restaurant_id
WST0036925,ITEM0023,LOC8822,2025-08-13,2.000,pcs,400.28,Spoilage,invalid_restaurant_id
WST0001066,ITEM0023,LOC9124,2025-01-07,1.000,pcs,186.99,Overproduction,invalid_restaurant_id
WST0036735,ITEM0025,LOC0019,2025-08-12,5.000,pcs,334.06,Overproduction,wastage_exceeds_prepared
WST0046816,ITEM0025,LOC0022,2025-10-10,4.000,pcs,334.06,PrepError,wastage_exceeds_prepared
WST0024124,ITEM0027,LOC3624,2025-05-29,1.000,pcs,144.90,Expired,invalid_restaurant_id
WST0009654,ITEM0027,LOC8797,2025-03-02,1.000,pcs,144.90,Spoilage,invalid_restaurant_id
WST0025154,ITEM0028,LOC0009,2025-06-04,5.000,pcs,160.88,Overproduction,wastage_exceeds_prepared
WST0031555,ITEM0028,LOC7843,2025-07-13,1.000,pcs,160.88,PrepError,invalid_restaurant_id
WST0016944,ITEM0029,LOC0007,2025-04-15,5.000,pcs,312.12,Overproduction,wastage_exceeds_prepared
WST0053774,ITEM0031,LOC0008,2099-12-31,1.000,pcs,364.08,Overproduction,invalid_date
WST0032737,ITEM0032,LOC0002,,0.100,kg,118.83,Expired,invalid_date
WST0028607,ITEM0032,LOC0112,2025-06-25,0.010,kg,11.88,Expired,invalid_restaurant_id
WST0012691,ITEM0033,LOC0003,2025-03-20,9.610,kg,1059.36,Spoilage,wastage_exceeds_prepared
WST0013035,ITEM0033,LOC0005,1970-01-01,0.160,kg,159.90,Overproduction,invalid_date
WST0042595,ITEM0033,LOC0007,2025-09-15,1.830,kg,163.21,Overproduction,wastage_exceeds_prepared
WST0038156,ITEM0033,LOC0008,2025-08-20,12.430,kg,1289.23,CustomerReturn,wastage_exceeds_prepared
WST0053485,ITEM0033,LOC0011,2025-11-21,2.160,kg,244.82,Expired,wastage_exceeds_prepared
WST0027325,ITEM0033,LOC0014,2025-06-17,2.240,kg,309.81,CustomerReturn,wastage_exceeds_prepared
WST0021397,ITEM0033,LOC0015,,0.150,kg,149.91,CustomerReturn,invalid_date
WST0042970,ITEM0033,LOC0016,2025-09-17,2.650,kg,30.60,Spoilage,wastage_exceeds_prepared
WST0046272,ITEM0033,LOC0016,2025-10-07,2.030,kg,163.21,Spoilage,wastage_exceeds_prepared
WST0019479,ITEM0033,LOC0017,2025-04-30,5.620,kg,149.91,Overproduction,wastage_exceeds_prepared
WST0021600,ITEM0033,LOC0019,2025-05-13,2.440,kg,189.89,Spoilage,wastage_exceeds_prepared
WST0037138,ITEM0033,LOC0019,2025-08-14,7.640,kg,969.42,Overproduction,wastage_exceeds_prepared
WST0042036,ITEM0033,LOC0309,2025-09-11,0.020,kg,20.40,PrepError,invalid_restaurant_id
WST0034600,ITEM0033,LOC2065,2025-08-01,0.390,kg,389.77,Overproduction,invalid_restaurant_id
WST0018712,ITEM0033,LOC3296,2025-04-26,0.190,kg,189.89,Overproduction,invalid_restaurant_id
WST0037555,ITEM0033,LOC7147,2025-08-17,1.850,kg,1848.89,Overproduction,invalid_restaurant_id
WST0032304,ITEM0033,LOC7265,2025-07-18,0.310,kg,309.81,Overproduction,invalid_restaurant_id
WST0055868,ITEM0033,LOC7291,2025-12-05,0.310,kg,316.22,Overproduction,invalid_restaurant_id
WST0029162,ITEM0033,LOC8069,2025-06-28,0.090,kg,89.95,Spoilage,invalid_restaurant_id
WST0059861,ITEM0034,LOC0021,,0.040,kg,59.43,Overproduction,invalid_date
WST0050866,ITEM0035,LOC2121,2025-11-05,0.020,kg,27.87,Expired,invalid_restaurant_id
WST0009621,ITEM0036,LOC0023,2027-11-05,0.050,kg,52.96,Overproduction,invalid_date
WST0025249,ITEM0037,LOC0022,1970-01-01,0.010,kg,32.41,Overproduction,invalid_date
WST0013200,ITEM0038,LOC0009,,0.070,kg,115.99,Expired,invalid_date
WST0014101,ITEM0041,LOC0013,,0.040,kg,66.13,Expired,invalid_date
WST0021808,ITEM0042,LOC0001,,0.040,kg,332.00,Overproduction,invalid_date
WST0051630,ITEM0042,LOC0003,2025-11-10,2.030,kg,1298.47,Expired,wastage_exceeds_prepared
WST0022749,ITEM0042,LOC0024,,0.010,kg,83.00,Expired,invalid_date
WST0019939,ITEM0044,LOC0018,2025-05-03,3.280,kg,16.61,Spoilage,wastage_exceeds_prepared
WST0038909,ITEM0045,LOC0008,2025-08-24,28.860,kg,5193.02,Spoilage,wastage_exceeds_prepared
WST0000717,ITEM0045,LOC0008,2099-12-31,1.670,kg,1905.44,Overproduction,invalid_date
WST0001099,ITEM0045,LOC0010,2025-01-07,4.900,kg,696.00,PrepError,wastage_exceeds_prepared
WST0009882,ITEM0045,LOC0011,2025-03-03,10.950,kg,238.21,Overproduction,wastage_exceeds_prepared
WST0044084,ITEM0045,LOC0011,2025-09-24,2.310,kg,345.41,Overproduction,wastage_exceeds_prepared
WST0009563,ITEM0045,LOC0014,,0.760,kg,905.21,Overproduction,invalid_date
WST0015218,ITEM0045,LOC0014,2025-04-04,15.780,kg,1858.05,PrepError,wastage_exceeds_prepared
WST0026371,ITEM0045,LOC0015,,0.860,kg,1024.31,Overproduction,invalid_date
WST0047045,ITEM0045,LOC0015,,0.180,kg,214.39,Overproduction,invalid_date
WST0017836,ITEM0045,LOC0017,,0.400,kg,476.42,PrepError,invalid_date
WST0042511,ITEM0045,LOC0017,,0.390,kg,464.51,Spoilage,invalid_date
WST0058120,ITEM0045,LOC0019,2025-12-19,4.490,kg,1381.63,Overproduction,wastage_exceeds_prepared
WST0036756,ITEM0045,LOC0021,2099-12-31,4.420,kg,5264.49,Overproduction,invalid_date
WST0029317,ITEM0045,LOC0022,,0.310,kg,369.23,Overproduction,invalid_date
WST0035973,ITEM0045,LOC2165,2025-08-08,10.020,kg,11934.42,Overproduction,invalid_restaurant_id
WST0004724,ITEM0045,LOC3591,2025-01-29,1.250,kg,1426.22,Expired,invalid_restaurant_id
WST0048192,ITEM0045,LOC6970,2025-10-19,1.150,kg,1369.72,Spoilage,invalid_restaurant_id
WST0049791,ITEM0045,LOC7399,2025-10-29,0.480,kg,571.71,CustomerReturn,invalid_restaurant_id
WST0036259,ITEM0045,LOC9488,2025-08-10,3.710,kg,4418.83,Spoilage,invalid_restaurant_id
WST0059725,ITEM0046,LOC0001,,1.090,kg,2432.36,PrepError,invalid_date
WST0037204,ITEM0046,LOC0004,2025-08-15,11.740,kg,1676.68,Expired,wastage_exceeds_prepared
WST0003866,ITEM0046,LOC0012,2025-01-24,5.660,kg,922.93,Spoilage,wastage_exceeds_prepared
WST0014899,ITEM0046,LOC0015,,0.340,kg,740.35,Overproduction,invalid_date
WST0052837,ITEM0046,LOC0015,2025-11-17,3.100,kg,937.24,Spoilage,wastage_exceeds_prepared
WST0058405,ITEM0046,LOC0015,2025-12-21,6.260,kg,580.20,Overproduction,wastage_exceeds_prepared
WST0046939,ITEM0046,LOC0021,2025-10-11,6.370,kg,513.25,Overproduction,wastage_exceeds_prepared
WST0053223,ITEM0046,LOC0025,1900-01-01,0.170,kg,379.36,Expired,invalid_date
WST0008967,ITEM0046,LOC3052,2025-02-25,0.220,kg,479.05,Overproduction,invalid_restaurant_id
WST0019484,ITEM0046,LOC8867,2025-04-30,0.760,kg,1654.90,Spoilage,invalid_restaurant_id
WST0036608,ITEM0047,LOC9322,2025-08-12,0.110,kg,138.00,Overproduction,invalid_restaurant_id
WST0030140,ITEM0048,LOC0001,2025-07-05,4.870,kg,57.29,Spoilage,wastage_exceeds_prepared
WST0052744,ITEM0048,LOC0001,2025-11-17,9.000,kg,47.81,Overproduction,wastage_exceeds_prepared
WST0023777,ITEM0048,LOC0003,,1.200,kg,1374.98,Expired,invalid_date
WST0002317,ITEM0048,LOC0004,2025-01-15,12.340,kg,1868.33,Overproduction,wastage_exceeds_prepared
WST0005722,ITEM0048,LOC0006,1970-01-01,0.690,kg,790.62,Overproduction,invalid_date
WST0054627,ITEM0048,LOC0009,2031-07-22,0.930,kg,1111.61,Overproduction,invalid_date
WST0028900,ITEM0048,LOC0010,2025-06-27,2.250,kg,435.41,Expired,wastage_exceeds_prepared
WST0008579,ITEM0048,LOC0011,,0.440,kg,504.16,Overproduction,invalid_date
WST0049767,ITEM0048,LOC0011,,0.570,kg,681.31,Overproduction,invalid_date
WST0007355,ITEM0048,LOC0013,1900-01-01,0.950,kg,1088.53,Overproduction,invalid_date
WST0039887,ITEM0048,LOC0014,2025-08-29,14.240,kg,1512.48,Spoilage,wastage_exceeds_prepared
WST0043470,ITEM0048,LOC0021,2025-09-20,7.740,kg,800.84,Overproduction,wastage_exceeds_prepared
WST0000327,ITEM0048,LOC0022,2025-01-02,5.210,kg,1031.93,Overproduction,wastage_exceeds_prepared
WST0044838,ITEM0048,LOC0022,2025-09-28,13.500,kg,1063.80,Overproduction,wastage_exceeds_prepared
WST0031186,ITEM0048,LOC5646,2025-07-11,0.500,kg,572.91,Overproduction,invalid_restaurant_id
WST0022847,ITEM0048,LOC7447,2025-05-21,0.690,kg,790.62,Overproduction,invalid_restaurant_id
WST0008830,ITEM0048,LOC9532,2025-02-25,0.710,kg,813.53,Overproduction,invalid_restaurant_id
WST0047026,ITEM0049,LOC0012,2025-10-12,5.160,kg,67.95,Expired,wastage_exceeds_prepared
WST0038265,ITEM0049,LOC4980,2025-08-20,0.330,kg,730.68,Expired,invalid_restaurant_id
WST0026014,ITEM0051,LOC0014,,0.180,kg,96.00,PrepError,invalid_date
WST0048736,ITEM0051,LOC0023,2025-10-22,1.710,kg,16.00,Expired,wastage_exceeds_prepared
WST0053098,ITEM0052,LOC0006,2025-11-19,1.280,kg,12.58,Spoilage,wastage_exceeds_prepared
WST0032534,ITEM0052,LOC0021,2025-07-19,1.510,kg,37.73,Spoilage,wastage_exceeds_prepared
WST0015287,ITEM0053,LOC0022,2025-04-04,1.250,kg,57.88,Expired,wastage_exceeds_prepared
WST0022557,ITEM0053,LOC0022,2025-05-19,1.280,kg,69.45,Overproduction,wastage_exceeds_prepared
WST0041755,ITEM0054,LOC0020,2031-07-22,0.220,kg,186.60,Overproduction,invalid_date
WST0014729,ITEM0056,LOC0013,2025-04-01,1.690,kg,103.01,Overproduction,wastage_exceeds_prepared
WST0043507,ITEM0057,LOC3265,2025-09-21,0.050,kg,58.53,Overproduction,invalid_restaurant_id
WST0045246,ITEM0058,LOC0006,2099-12-31,0.010,kg,9.80,Overproduction,invalid_date
WST0037659,ITEM0058,LOC0020,2025-08-17,1.660,kg,189.29,CustomerReturn,wastage_exceeds_prepared
WST0038829,ITEM0058,LOC0022,2025-08-23,3.950,kg,170.36,Overproduction,wastage_exceeds_prepared
WST0058592,ITEM0060,LOC0017,2025-12-22,2.860,kg,24.99,Overproduction,wastage_exceeds_prepared
WST0038100,ITEM0061,LOC0025,2025-08-19,1.530,kg,54.56,Expired,wastage_exceeds_prepared
WST0015493,ITEM0063,LOC0007,2027-11-05,0.010,kg,6.21,Expired,invalid_date
WST0041333,ITEM0068,LOC0004,2025-09-07,33.000,pcs,940.38,Expired,wastage_exceeds_prepared
WST0014916,ITEM0068,LOC0017,,1.000,pcs,470.19,Overproduction,invalid_date
WST0042256,ITEM0070,LOC0001,2025-09-13,9.000,pcs,627.42,CustomerReturn,wastage_exceeds_prepared
WST0012685,ITEM0070,LOC0002,2025-03-20,4.000,pcs,627.42,Spoilage,wastage_exceeds_prepared
WST0009188,ITEM0071,LOC0004,,1.000,pcs,259.12,Expired,invalid_date
WST0010029,ITEM0071,LOC0006,2025-03-04,5.000,pcs,259.12,Spoilage,wastage_exceeds_prepared
WST0011493,ITEM0072,LOC0002,,1.000,pcs,332.55,PrepError,invalid_date
WST0010181,ITEM0073,LOC0004,2025-03-05,4.000,pcs,331.31,Overproduction,wastage_exceeds_prepared
WST0012506,ITEM0074,LOC0002,1970-01-01,1.000,pcs,536.56,Overproduction,invalid_date
WST0022829,ITEM0074,LOC0010,2025-05-21,5.000,pcs,536.56,Overproduction,wastage_exceeds_prepared
WST0047289,ITEM0075,LOC0002,2025-10-14,3.000,pcs,269.61,CustomerReturn,wastage_exceeds_prepared
WST0040627,ITEM0075,LOC0022,2099-12-31,1.000,pcs,269.61,Overproduction,invalid_date
WST0024542,ITEM0077,LOC0021,2025-05-31,5.000,pcs,295.15,Overproduction,wastage_exceeds_prepared
WST0010492,ITEM0084,LOC0024,2025-03-06,3.000,pcs,403.02,Expired,wastage_exceeds_prepared
WST0054029,ITEM0085,LOC0023,2025-11-24,4.000,pcs,650.03,Expired,wastage_exceeds_prepared
WST0052274,ITEM0085,LOC0024,2025-11-13,4.000,pcs,650.03,Overproduction,wastage_exceeds_prepared
WST0018021,ITEM0090,LOC0020,2025-04-21,4.000,pcs,663.73,Overproduction,wastage_exceeds_prepared
WST0037429,ITEM0092,LOC0014,1900-01-01,1.000,pcs,465.66,Overproduction,invalid_date
WST0042453,ITEM0093,LOC0008,2025-09-14,5.000,pcs,410.14,Spoilage,wastage_exceeds_prepared
WST0001762,ITEM0095,LOC0009,2025-01-11,4.000,pcs,463.73,Expired,wastage_exceeds_prepared
WST0038577,ITEM0096,LOC0012,2025-08-22,4.000,pcs,290.57,PrepError,wastage_exceeds_prepared
WST0021132,ITEM0096,LOC0024,2025-05-10,4.000,pcs,290.57,Expired,wastage_exceeds_prepared
WST0056915,ITEM0098,LOC0003,,1.000,pcs,521.65,Expired,invalid_date
WST0018840,ITEM0101,LOC0002,2025-04-27,4.000,pcs,414.61,Overproduction,wastage_exceeds_prepared
WST0038863,ITEM0102,LOC0001,2025-08-24,1.400,kg,107.19,Overproduction,wastage_exceeds_prepared
WST0031279,ITEM0102,LOC0001,2031-07-22,0.080,kg,142.92,Expired,invalid_date
WST0040510,ITEM0102,LOC0002,2025-09-02,1.690,kg,89.32,Expired,wastage_exceeds_prepared
WST0026446,ITEM0102,LOC0004,2025-06-12,1.660,kg,321.57,Overproduction,wastage_exceeds_prepared
WST0054441,ITEM0102,LOC0005,,0.620,kg,1107.62,Overproduction,invalid_date
WST0037059,ITEM0102,LOC0006,,0.260,kg,464.49,Overproduction,invalid_date
WST0044444,ITEM0102,LOC0012,2025-09-26,1.630,kg,196.51,Expired,wastage_exceeds_prepared
WST0025532,ITEM0102,LOC0013,2025-06-06,2.500,kg,160.78,Overproduction,wastage_exceeds_prepared
WST0010600,ITEM0102,LOC0015,,0.120,kg,200.52,Overproduction,invalid_date
WST0043605,ITEM0102,LOC0016,2025-09-21,3.430,kg,107.19,Overproduction,wastage_exceeds_prepared
WST0004228,ITEM0102,LOC0019,2025-01-26,1.820,kg,350.91,CustomerReturn,wastage_exceeds_prepared
WST0038648,ITEM0102,LOC0020,2025-08-22,1.430,kg,214.38,Overproduction,wastage_exceeds_prepared
WST0045661,ITEM0102,LOC0020,2025-10-03,3.200,kg,178.65,Overproduction,wastage_exceeds_prepared
WST0028651,ITEM0102,LOC0267,2025-06-25,0.100,kg,178.65,Spoilage,invalid_restaurant_id
WST0019877,ITEM0102,LOC0625,2025-05-03,0.050,kg,89.32,Expired,invalid_restaurant_id
WST0046813,ITEM0102,LOC0739,2025-10-10,0.230,kg,410.89,Spoilage,invalid_restaurant_id
WST0008554,ITEM0102,LOC0988,2025-02-23,0.270,kg,451.17,Spoilage,invalid_restaurant_id
WST0016235,ITEM0102,LOC1082,2025-04-10,0.090,kg,160.78,Spoilage,invalid_restaurant_id
WST0042711,ITEM0102,LOC2026,2025-09-15,0.120,kg,214.38,Expired,invalid_restaurant_id
WST0019577,ITEM0102,LOC3539,2025-05-01,0.090,kg,160.78,Expired,invalid_restaurant_id
WST0049018,ITEM0102,LOC8734,2025-10-24,0.100,kg,178.65,Expired,invalid_restaurant_id
WST0002935,ITEM0102,LOC9510,2025-01-18,0.410,kg,685.11,Spoilage,invalid_restaurant_id
WST0018763,ITEM0105,LOC0014,2025-04-26,1.420,kg,192.31,Overproduction,wastage_exceeds_prepared
WST0051476,ITEM0106,LOC0003,1970-01-01,0.020,kg,104.32,Overproduction,invalid_date
WST0024512,ITEM0106,LOC0015,2025-05-31,1.140,kg,203.97,Overproduction,wastage_exceeds_prepared
WST0014124,ITEM0108,LOC0016,2025-03-28,1.160,kg,17.74,Overproduction,wastage_exceeds_prepared
WST0020108,ITEM0110,LOC0021,2027-11-05,0.040,kg,63.84,PrepError,invalid_date
WST0013477,ITEM0110,LOC0025,2025-03-24,1.050,kg,15.96,Overproduction,wastage_exceeds_prepared
WST0036837,ITEM0111,LOC0005,2025-08-13,5.000,pcs,91.26,Spoilage,wastage_exceeds_prepared
WST0020203,ITEM0111,LOC0011,,1.000,pcs,91.26,Overproduction,invalid_date
WST0039690,ITEM0111,LOC8071,2025-08-28,1.000,pcs,91.26,Expired,invalid_restaurant_id
WST0053247,ITEM0113,LOC0002,2027-11-05,1.000,pcs,198.15,Expired,invalid_date
WST0051857,ITEM0113,LOC0014,2025-11-11,13.000,pcs,198.15,PrepError,wastage_exceeds_prepared
WST0006179,ITEM0115,LOC0007,2025-02-08,3.000,pcs,186.26,Spoilage,wastage_exceeds_prepared
WST0014697,ITEM0115,LOC0008,,1.000,pcs,186.26,Overproduction,invalid_date
WST0013405,ITEM0115,LOC0014,2025-03-24,3.000,pcs,186.26,Overproduction,wastage_exceeds_prepared
WST0057188,ITEM0115,LOC0022,2025-12-13,4.000,pcs,186.26,Overproduction,wastage_exceeds_prepared
WST0007752,ITEM0118,LOC2828,2025-02-17,1.000,pcs,333.71,Overproduction,invalid_restaurant_id
WST0021917,ITEM0119,LOC0018,2027-11-05,1.000,pcs,169.51,Expired,invalid_date
WST0057361,ITEM0121,LOC0002,2025-12-15,13.000,pcs,125.92,Expired,wastage_exceeds_prepared
WST0005735,ITEM0124,LOC0007,,0.050,liters,24.75,CustomerReturn,invalid_date
WST0054098,ITEM0125,LOC0009,,0.030,liters,14.92,Overproduction,invalid_date
WST0024560,ITEM0125,LOC0023,2025-05-31,1.430,liters,9.57,Spoilage,wastage_exceeds_prepared
WST0039456,ITEM0126,LOC0003,2025-08-27,1.460,liters,13.84,Overproduction,wastage_exceeds_prepared
WST0010355,ITEM0127,LOC0004,,0.030,liters,8.80,Expired,invalid_date
WST0002581,ITEM0129,LOC0018,,0.080,liters,55.95,Spoilage,invalid_date
WST0014033,ITEM0131,LOC0003,2025-03-28,1.620,liters,62.77,CustomerReturn,wastage_exceeds_prepared
WST0020344,ITEM0133,LOC0007,2025-05-06,1.240,liters,15.67,Overproduction,wastage_exceeds_prepared
WST0030052,ITEM0134,LOC0011,2025-07-04,4.560,liters,87.50,Spoilage,wastage_exceeds_prepared
WST0022191,ITEM0134,LOC4159,2025-05-17,0.290,liters,87.50,Overproduction,invalid_restaurant_id
WST0015447,ITEM0136,LOC8917,2025-04-05,0.230,liters,110.12,Expired,invalid_restaurant_id
WST0009588,ITEM0137,LOC0018,,0.070,liters,22.50,Overproduction,invalid_date
WST0019521,ITEM0137,LOC0024,2025-04-30,1.110,liters,16.07,Overproduction,wastage_exceeds_prepared
WST0022392,ITEM0137,LOC0024,2025-05-18,1.350,liters,12.86,Spoilage,wastage_exceeds_prepared
WST0029486,ITEM0137,LOC4795,2025-06-30,0.030,liters,9.64,Overproduction,invalid_restaurant_id
WST0026966,ITEM0138,LOC0008,2025-06-15,11.900,liters,120.92,Spoilage,wastage_exceeds_prepared
WST0040979,ITEM0138,LOC0022,1970-01-01,0.040,liters,12.97,Overproduction,invalid_date
WST0033041,ITEM0139,LOC0023,2099-12-31,0.040,liters,7.65,Spoilage,invalid_date
WST0058057,ITEM0140,LOC0011,2025-12-19,1.370,liters,5.83,Expired,wastage_exceeds_prepared
WST0030411,ITEM0140,LOC0022,2025-07-06,1.200,liters,15.03,Expired,wastage_exceeds_prepared
WST0044682,ITEM0140,LOC0022,2025-09-27,1.240,liters,9.71,Expired,wastage_exceeds_prepared
WST0011309,ITEM0140,LOC0023,2025-03-11,1.380,liters,11.27,Expired,wastage_exceeds_prepared
WST0048682,ITEM0141,LOC0014,2025-10-22,1.650,liters,23.74,Expired,wastage_exceeds_prepared
WST0001537,ITEM0141,LOC1550,2025-01-10,0.180,liters,80.74,Overproduction,invalid_restaurant_id
WST0001272,ITEM0142,LOC0006,2025-01-08,3.280,liters,132.61,CustomerReturn,wastage_exceeds_prepared
WST0048453,ITEM0146,LOC0003,2099-12-31,0.100,liters,59.24,Overproduction,invalid_date
WST0051168,ITEM0148,LOC0003,2025-11-07,81.000,pcs,417.14,Spoilage,wastage_exceeds_prepared
WST0049086,ITEM0148,LOC9478,2025-10-25,2.000,pcs,417.14,PrepError,invalid_restaurant_id
WST0008843,ITEM0150,LOC0002,,1.000,pcs,45.55,Overproduction,invalid_date
WST0021004,ITEM0152,LOC0006,2025-05-10,5.000,pcs,38.94,Expired,wastage_exceeds_prepared
WST0036247,ITEM0157,LOC0004,2025-08-10,20.000,pcs,314.38,Expired,wastage_exceeds_prepared
WST0032941,ITEM0157,LOC0009,2025-07-22,5.000,pcs,314.38,Expired,wastage_exceeds_prepared
WST0052347,ITEM0159,LOC9803,2025-11-14,1.000,pcs,192.62,Spoilage,invalid_restaurant_id
WST0038867,ITEM0160,LOC0002,,1.000,pcs,46.24,Overproduction,invalid_date
WST0036396,,LOC0001,2025-08-11,4.460,kg,5312.13,Expired,missing_value
WST0017748,,LOC0002,2025-04-20,1.000,pcs,651.22,Expired,missing_value
WST0013167,,LOC0003,2025-03-23,0.050,kg,89.32,Expired,missing_value
WST0016429,,LOC0003,2025-04-12,0.120,liters,69.86,Overproduction,missing_value
WST0019201,,LOC0003,2025-04-29,1.280,kg,1279.23,Spoilage,missing_value
WST0025939,,LOC0003,2025-06-09,1.000,pcs,1047.44,Overproduction,missing_value
WST0058678,,LOC0003,2025-12-23,1.610,kg,1924.40,PrepError,missing_value
WST0046374,,LOC0006,2025-10-08,0.230,kg,513.25,Overproduction,missing_value
WST0021351,,LOC0008,2025-05-12,0.380,kg,435.41,Overproduction,missing_value
WST0032470,,LOC0008,2025-07-19,1.000,pcs,140.73,Overproduction,missing_value
WST0034830,,LOC0008,2025-08-02,2.930,kg,6380.08,PrepError,missing_value
WST0037232,,LOC0008,2025-08-15,0.060,liters,28.49,CustomerReturn,missing_value
WST0007332,,LOC0009,2025-02-15,0.260,kg,434.46,Overproduction,missing_value
WST0015820,,LOC0009,2025-04-08,0.150,kg,267.97,Overproduction,missing_value
WST0046873,,LOC0009,2025-10-11,1.400,kg,1667.48,Expired,missing_value
WST0025164,,LOC0010,2025-06-04,0.150,kg,326.62,Overproduction,missing_value
WST0038170,,LOC0010,2025-08-20,0.010,liters,3.07,Spoilage,missing_value
WST0050564,,LOC0010,2025-11-03,0.060,kg,93.15,CustomerReturn,missing_value
WST0053623,,LOC0010,2025-11-22,0.520,kg,619.35,Overproduction,missing_value
WST0054277,,LOC0010,2025-11-26,1.000,pcs,548.77,Overproduction,missing_value
WST0006705,,LOC0011,2025-02-11,0.010,liters,9.32,Spoilage,missing_value
WST0011382,,LOC0011,2025-03-12,1.000,pcs,485.13,Overproduction,missing_value
WST0015998,,LOC0011,2025-04-09,1.000,pcs,200.14,Overproduction,missing_value
WST0018894,,LOC0011,2025-04-27,0.010,liters,9.74,PrepError,missing_value
WST0027145,,LOC0011,2025-06-16,0.220,kg,219.87,Overproduction,missing_value
WST0043915,,LOC0011,2025-09-23,0.040,kg,45.08,Expired,missing_value
WST0049263,,LOC0011,2025-10-26,0.020,kg,74.17,Spoilage,missing_value
WST0003705,,LOC0012,2025-01-23,0.420,kg,861.40,Overproduction,missing_value
WST0018595,,LOC0012,2025-04-25,0.080,liters,25.72,Overproduction,missing_value
WST0049265,,LOC0012,2025-10-26,1.000,pcs,165.58,Spoilage,missing_value
WST0031184,,LOC0013,2025-07-11,1.000,pcs,425.59,Expired,missing_value
WST0051697,,LOC0013,2025-11-10,0.090,kg,779.08,Overproduction,missing_value
WST0010415,,LOC0014,2025-03-06,2.000,kg,2382.12,Overproduction,missing_value
WST0014894,,LOC0014,2025-04-02,0.130,kg,232.24,Overproduction,missing_value
WST0038593,,LOC0014,2025-08-22,0.190,kg,172.78,PrepError,missing_value
WST0052525,,LOC0014,2025-11-15,0.130,liters,47.74,Spoilage,missing_value
WST0057462,,LOC0015,2025-12-15,0.030,kg,55.59,CustomerReturn,missing_value
WST0017177,,LOC0016,2025-04-16,0.340,kg,740.35,Spoilage,missing_value
WST0011613,,LOC0017,2025-03-13,1.000,pcs,333.71,PrepError,missing_value
WST0024360,,LOC0017,2025-05-30,0.050,kg,40.42,Overproduction,missing_value
WST0032993,,LOC0017,2025-07-22,0.050,liters,53.97,PrepError,missing_value
WST0033524,,LOC0017,2025-07-25,1.000,pcs,84.81,Expired,missing_value
WST0043443,,LOC0017,2025-09-20,1.000,pcs,186.26,Overproduction,missing_value
WST0047573,,LOC0017,2025-10-15,1.000,pcs,200.14,Spoilage,missing_value
WST0037133,,LOC0018,2025-08-14,1.820,kg,1818.91,Overproduction,missing_value
WST0019799,,LOC0019,2025-05-02,0.050,kg,40.93,PrepError,missing_value
WST0054700,,LOC0019,2025-11-28,0.040,liters,7.77,Expired,missing_value
WST0020103,,LOC0020,2025-05-04,0.090,kg,160.78,Spoilage,missing_value
WST0023222,,LOC0020,2025-05-23,1.000,pcs,687.45,PrepError,missing_value
WST0059856,,LOC0020,2025-12-29,1.000,pcs,269.61,PrepError,missing_value
WST0006130,,LOC0022,2025-02-07,0.230,kg,384.33,Overproduction,missing_value
WST0013280,,LOC0022,2025-03-23,0.040,liters,25.52,Expired,missing_value
WST0038263,,LOC0022,2025-08-20,1.750,kg,3810.62,Overproduction,missing_value
WST0002271,,LOC0023,2025-01-14,2.000,pcs,373.98,Expired,missing_value
WST0036010,,LOC0023,2025-08-08,0.050,liters,35.14,Overproduction,missing_value
WST0025438,,LOC0024,2025-06-05,1.000,pcs,200.14,Overproduction,missing_value
WST0043825,,LOC0024,2025-09-22,1.000,pcs,294.74,Overproduction,missing_value
WST0050975,,LOC0024,2025-11-05,1.000,pcs,711.90,Spoilage,missing_value
WST0057195,,LOC0024,2025-12-13,0.040,kg,25.16,Expired,missing_value
WST0057817,,LOC0024,2025-12-17,1.000,pcs,200.14,Overproduction,missing_value
WST0059310,ITEM0001,LOC0014,,1.000,pcs,95.57,Expired,invalid_date
WST0012855,ITEM0002,LOC0002,,1.000,pcs,72.86,Overproduction,invalid_date
WST0027323,ITEM0002,LOC0014,1970-01-01,1.000,pcs,72.86,CustomerReturn,invalid_date
WST0032749,ITEM0005,LOC9452,2025-07-21,1.000,pcs,149.00,PrepError,invalid_restaurant_id
WST0055287,ITEM0007,LOC0009,2025-12-02,4.000,pcs,711.90,Overproduction,wastage_exceeds_prepared
WST0004711,ITEM0007,LOC0019,2025-01-29,5.000,pcs,664.76,Overproduction,wastage_exceeds_prepared
WST0041607,ITEM0007,LOC0022,2025-09-08,5.000,pcs,711.90,Expired,wastage_exceeds_prepared
WST0007928,ITEM0007,LOC0176,2025-02-19,1.000,pcs,711.90,Spoilage,invalid_restaurant_id
WST0044174,ITEM0007,LOC0243,2025-09-24,1.000,pcs,711.90,CustomerReturn,invalid_restaurant_id
WST0018540,ITEM0008,LOC0001,2025-04-25,3.000,pcs,157.77,Overproduction,wastage_exceeds_prepared
WST0013675,ITEM0009,LOC0002,2025-03-26,5.000,pcs,178.25,Expired,wastage_exceeds_prepared
WST0001065,ITEM0009,LOC0006,2025-01-07,4.000,pcs,166.20,Overproduction,wastage_exceeds_prepared
WST0052162,ITEM0009,LOC1827,2025-11-13,1.000,pcs,185.03,Expired,invalid_restaurant_id
WST0034336,ITEM0009,LOC9824,2025-07-30,1.000,pcs,178.25,CustomerReturn,invalid_restaurant_id
WST0013607,ITEM0014,LOC0017,2025-03-25,1.300,liters,12.00,Overproduction,wastage_exceeds_prepared
WST0005153,ITEM0016,LOC0017,2025-02-01,1.180,liters,13.51,PrepError,wastage_exceeds_prepared
WST0052024,ITEM0018,LOC0015,2025-11-12,1.100,liters,7.88,Expired,wastage_exceeds_prepared
WST0024765,ITEM0019,LOC0007,2025-06-02,1.170,liters,15.48,Spoilage,wastage_exceeds_prepared
WST0007653,ITEM0019,LOC0010,2025-02-17,1.110,liters,4.95,Overproduction,wastage_exceeds_prepared
WST0058121,ITEM0020,LOC0020,2027-11-05,0.040,liters,43.18,Spoilage,invalid_date
WST0037510,ITEM0020,LOC0025,2025-08-16,1.360,liters,97.15,Spoilage,wastage_exceeds_prepared
WST0028647,ITEM0021,LOC0016,2025-06-25,1.290,liters,29.96,Expired,wastage_exceeds_prepared
WST0051579,ITEM0021,LOC0019,,0.020,liters,12.31,Expired,invalid_date
WST0048436,ITEM0023,LOC0001,2025-10-21,5.000,pcs,200.14,Overproduction,wastage_exceeds_prepared
WST0046357,ITEM0023,LOC0004,2025-10-08,9.000,pcs,400.28,Overproduction,wastage_exceeds_prepared
WST0001759,ITEM0023,LOC0009,,1.000,pcs,186.99,Spoilage,invalid_date
WST0032695,ITEM0023,LOC0021,2025-07-20,4.000,pcs,200.14,Spoilage,wastage_exceeds_prepared
WST0025587,ITEM0023,LOC0022,2025-06-06,5.000,pcs,200.14,Spoilage,wastage_exceeds_prepared
WST0001958,ITEM0023,LOC0023,2025-01-12,10.000,pcs,186.99,Expired,wastage_exceeds_prepared
WST0008974,ITEM0023,LOC0024,2025-02-25,4.000,pcs,200.14,Overproduction,wastage_exceeds_prepared
WST0029641,ITEM0023,LOC0242,2025-07-01,1.000,pcs,200.14,Overproduction,invalid_restaurant_id
WST0006854,ITEM0023,LOC2507,2025-02-12,1.000,pcs,200.14,Spoilage,invalid_restaurant_id
WST0046591,ITEM0023,LOC3831,2025-10-09,2.000,pcs,400.28,Overproduction,invalid_restaurant_id
WST0050361,ITEM0023,LOC5742,2025-11-02,1.000,pcs,200.14,Expired,invalid_restaurant_id
WST0020713,ITEM0023,LOC8592,2025-05-08,1.000,pcs,200.14,Overproduction,invalid_restaurant_id
WST0022067,ITEM0025,LOC0022,1970-01-01,1.000,pcs,334.06,Overproduction,invalid_date
WST0030112,ITEM0025,LOC0022,2027-11-05,1.000,pcs,334.06,Overproduction,invalid_date
WST0007824,ITEM0027,LOC0012,1970-01-01,1.000,pcs,144.90,Overproduction,invalid_date
WST0021328,ITEM0028,LOC0005,2027-11-05,1.000,pcs,160.88,Overproduction,invalid_date
WST0059694,ITEM0028,LOC0022,2025-12-28,3.000,pcs,160.88,Expired,wastage_exceeds_prepared
WST0053436,ITEM0029,LOC0005,2025-11-21,5.000,pcs,312.12,PrepError,wastage_exceeds_prepared
WST0019831,ITEM0030,LOC0001,,1.000,pcs,110.76,PrepError,invalid_date
WST0028562,ITEM0030,LOC0003,2025-06-25,4.000,pcs,110.76,Overproduction,wastage_exceeds_prepared
WST0038692,ITEM0032,LOC0003,,0.070,kg,83.18,Overproduction,invalid_date
WST0040841,ITEM0033,LOC0001,,0.320,kg,326.42,Spoilage,invalid_date
WST0017245,ITEM0033,LOC0001,2025-04-17,4.710,kg,179.89,Spoilage,wastage_exceeds_prepared
WST0039990,ITEM0033,LOC0003,2027-11-05,1.820,kg,1818.91,Overproduction,invalid_date
WST0010195,ITEM0033,LOC0006,2025-03-05,3.800,kg,306.33,Expired,wastage_exceeds_prepared
WST0037390,ITEM0033,LOC0008,1970-01-01,2.060,kg,2058.76,Expired,invalid_date
WST0026471,ITEM0033,LOC0008,2025-06-12,3.530,kg,369.78,Overproduction,wastage_exceeds_prepared
WST0059960,ITEM0033,LOC0010,2027-11-05,0.530,kg,540.64,Overproduction,invalid_date
WST0056626,ITEM0033,LOC0011,2025-12-10,2.630,kg,234.62,Overproduction,wastage_exceeds_prepared
WST0022495,ITEM0033,LOC0015,2025-05-19,3.060,kg,169.90,Overproduction,wastage_exceeds_prepared
WST0038200,ITEM0033,LOC0015,2025-08-20,3.400,kg,709.57,Spoilage,wastage_exceeds_prepared
WST0009296,ITEM0033,LOC0019,2025-02-27,4.520,kg,153.16,PrepError,wastage_exceeds_prepared
WST0008965,ITEM0033,LOC0022,2025-02-25,6.460,kg,19.15,Overproduction,wastage_exceeds_prepared
WST0025072,ITEM0033,LOC0023,2025-06-03,3.000,kg,259.84,CustomerReturn,wastage_exceeds_prepared
WST0037915,ITEM0033,LOC0341,2025-08-19,0.940,kg,939.44,Expired,invalid_restaurant_id
WST0011880,ITEM0033,LOC1740,2025-03-15,0.170,kg,169.90,Overproduction,invalid_restaurant_id
WST0032254,ITEM0033,LOC6128,2025-07-18,0.270,kg,269.84,Overproduction,invalid_restaurant_id
WST0025834,ITEM0033,LOC9601,2025-06-08,0.120,kg,119.93,Overproduction,invalid_restaurant_id
WST0029132,ITEM0037,LOC0020,,0.150,kg,486.12,Overproduction,invalid_date
WST0051890,ITEM0038,LOC0019,1900-01-01,0.050,kg,85.11,Overproduction,invalid_date
WST0018402,ITEM0040,LOC0003,,0.140,kg,120.84,CustomerReturn,invalid_date
WST0052845,ITEM0040,LOC0017,2025-11-17,1.400,kg,35.70,Spoilage,wastage_exceeds_prepared
WST0001279,ITEM0040,LOC1041,2025-01-08,0.040,kg,32.94,Expired,invalid_restaurant_id
WST0026222,ITEM0041,LOC0021,2025-06-10,2.090,kg,49.60,Overproduction,wastage_exceeds_prepared
WST0002532,ITEM0042,LOC9978,2025-01-16,0.010,kg,79.47,Expired,invalid_restaurant_id
WST0007608,ITEM0045,LOC0004,2025-02-17,18.590,kg,2179.64,Expired,wastage_exceeds_prepared
WST0002833,ITEM0045,LOC0007,2025-01-18,15.490,kg,342.29,Expired,wastage_exceeds_prepared
WST0048801,ITEM0045,LOC0008,2025-10-23,5.500,kg,357.32,Overproduction,wastage_exceeds_prepared
WST0045770,ITEM0045,LOC0011,2025-10-04,11.760,kg,1393.54,Expired,wastage_exceeds_prepared
WST0033323,ITEM0045,LOC0014,2025-07-24,4.110,kg,214.39,Spoilage,wastage_exceeds_prepared
WST0052683,ITEM0045,LOC0015,2025-11-16,17.700,kg,1333.99,Spoilage,wastage_exceeds_prepared
WST0031370,ITEM0045,LOC0018,,0.910,kg,1083.86,Overproduction,invalid_date
WST0037664,ITEM0045,LOC0021,2025-08-17,14.930,kg,1655.57,Spoilage,wastage_exceeds_prepared
WST0027393,ITEM0045,LOC0024,2025-06-17,4.640,kg,917.12,Spoilage,wastage_exceeds_prepared
WST0028214,ITEM0045,LOC0025,2025-06-22,4.820,kg,619.35,Overproduction,wastage_exceeds_prepared
WST0053600,ITEM0045,LOC0246,2025-11-22,1.220,kg,1453.09,Spoilage,invalid_restaurant_id
WST0011460,ITEM0045,LOC1333,2025-03-12,0.960,kg,1143.42,Overproduction,invalid_restaurant_id
WST0030374,ITEM0045,LOC2129,2025-07-06,0.200,kg,238.21,Expired,invalid_restaurant_id
WST0004405,ITEM0045,LOC2643,2025-01-27,0.150,kg,171.15,Overproduction,invalid_restaurant_id
WST0009314,ITEM0045,LOC4583,2025-02-27,0.480,kg,571.71,Overproduction,invalid_restaurant_id
WST0006307,ITEM0046,LOC0001,2025-02-09,4.400,kg,871.00,Spoilage,wastage_exceeds_prepared
WST0031284,ITEM0046,LOC0002,2025-07-12,3.000,kg,805.68,Spoilage,wastage_exceeds_prepared
WST0047138,ITEM0046,LOC0003,,0.890,kg,1986.05,Spoilage,invalid_date
WST0038734,ITEM0046,LOC0009,2025-08-23,6.950,kg,2961.40,Overproduction,wastage_exceeds_prepared
WST0007346,ITEM0046,LOC0011,2025-02-15,1.950,kg,979.88,Overproduction,wastage_exceeds_prepared
WST0000745,ITEM0046,LOC0012,2031-07-22,0.850,kg,1743.32,Overproduction,invalid_date
WST0052684,ITEM0046,LOC0015,2025-11-16,5.770,kg,267.78,PrepError,wastage_exceeds_prepared
WST0047951,ITEM0046,LOC0024,2025-10-17,2.330,kg,557.88,Spoilage,wastage_exceeds_prepared
WST0042555,ITEM0046,LOC3481,2025-09-15,0.260,kg,580.20,Overproduction,invalid_restaurant_id
WST0006655,ITEM0046,LOC4201,2025-02-11,1.100,kg,2395.25,Expired,invalid_restaurant_id
WST0024746,ITEM0046,LOC5325,2025-06-02,0.960,kg,2090.40,CustomerReturn,invalid_restaurant_id
WST0051131,ITEM0046,LOC7772,2025-11-06,0.280,kg,624.83,Spoilage,invalid_restaurant_id
WST0043076,ITEM0047,LOC0007,2025-09-18,1.950,kg,175.64,Overproduction,wastage_exceeds_prepared
WST0042891,ITEM0048,LOC0002,2025-09-17,3.930,kg,585.69,Spoilage,wastage_exceeds_prepared
WST0009015,ITEM0048,LOC0004,2025-02-26,8.280,kg,584.37,Overproduction,wastage_exceeds_prepared
WST0046369,ITEM0048,LOC0005,2025-10-08,5.900,kg,609.59,Overproduction,wastage_exceeds_prepared
WST0007655,ITEM0048,LOC0010,1970-01-01,1.050,kg,1203.11,Overproduction,invalid_date
WST0001468,ITEM0048,LOC0015,1900-01-01,0.750,kg,814.68,Expired,invalid_date
WST0043463,ITEM0048,LOC0020,2025-09-20,23.870,kg,1183.33,Spoilage,wastage_exceeds_prepared
WST0008204,ITEM0048,LOC0021,1970-01-01,0.770,kg,882.28,Overproduction,invalid_date
WST0004254,ITEM0048,LOC0024,2025-01-26,2.460,kg,32.59,Overproduction,wastage_exceeds_prepared
WST0044425,ITEM0048,LOC3016,2025-09-26,1.070,kg,1278.95,Overproduction,invalid_restaurant_id
WST0037187,ITEM0048,LOC4431,2025-08-15,2.640,kg,3024.96,Expired,invalid_restaurant_id
WST0003776,ITEM0048,LOC7536,2025-01-23,0.960,kg,1042.79,Spoilage,invalid_restaurant_id
WST0036597,ITEM0048,LOC9416,2025-08-11,3.840,kg,4399.95,Overproduction,invalid_restaurant_id
WST0030649,ITEM0050,LOC3674,2025-07-08,0.040,kg,60.09,Overproduction,invalid_restaurant_id
WST0004359,ITEM0050,LOC8441,2025-01-27,0.110,kg,153.88,Overproduction,invalid_restaurant_id
WST0008390,ITEM0052,LOC0003,2025-02-22,1.470,kg,81.76,PrepError,wastage_exceeds_prepared
WST0007241,ITEM0053,LOC0019,2025-02-14,1.390,kg,57.88,Overproduction,wastage_exceeds_prepared
WST0016293,ITEM0054,LOC0006,1970-01-01,0.040,kg,32.75,PrepError,invalid_date
WST0031681,ITEM0054,LOC5418,2025-07-14,0.090,kg,73.68,Spoilage,invalid_restaurant_id
WST0027520,ITEM0054,LOC9705,2025-06-18,0.170,kg,139.17,Expired,invalid_restaurant_id
WST0057711,ITEM0055,LOC0006,2025-12-17,3.040,kg,42.41,Expired,wastage_exceeds_prepared
WST0057515,ITEM0056,LOC0001,2025-12-16,1.710,kg,84.28,CustomerReturn,wastage_exceeds_prepared
WST0048438,ITEM0056,LOC0001,2099-12-31,0.020,kg,18.73,Overproduction,invalid_date
WST0058045,ITEM0056,LOC0010,2025-12-19,1.320,kg,37.46,Expired,wastage_exceeds_prepared
WST0056051,ITEM0058,LOC0024,2025-12-06,1.700,kg,78.44,Overproduction,wastage_exceeds_prepared
WST0037079,ITEM0060,LOC0010,2027-11-05,0.020,kg,16.17,Spoilage,invalid_date
WST0040701,ITEM0061,LOC0553,2025-09-03,0.110,kg,100.03,CustomerReturn,invalid_restaurant_id
WST0055401,ITEM0062,LOC0024,2025-12-02,1.160,kg,35.05,Spoilage,wastage_exceeds_prepared
WST0013817,ITEM0065,LOC2163,2025-03-26,0.020,kg,24.46,PrepError,invalid_restaurant_id
WST0017885,ITEM0066,LOC1698,2025-04-20,0.030,kg,25.78,Expired,invalid_restaurant_id
WST0039485,ITEM0066,LOC6023,2025-08-27,0.260,kg,223.45,CustomerReturn,invalid_restaurant_id
WST0013356,ITEM0067,LOC0008,2025-03-24,2.060,kg,21.63,Expired,wastage_exceeds_prepared
WST0018212,ITEM0068,LOC0025,,2.000,pcs,940.38,Overproduction,invalid_date
WST0031767,ITEM0068,LOC1302,2025-07-15,3.000,pcs,1410.57,CustomerReturn,invalid_restaurant_id
WST0039528,ITEM0070,LOC0013,2025-08-27,4.000,pcs,627.42,Expired,wastage_exceeds_prepared
WST0054987,ITEM0070,LOC8319,2025-11-30,1.000,pcs,627.42,Spoilage,invalid_restaurant_id
WST0043428,ITEM0072,LOC0015,,1.000,pcs,332.55,Overproduction,invalid_date
WST0044088,ITEM0073,LOC0011,2027-11-05,1.000,pcs,331.31,CustomerReturn,invalid_date
WST0037325,ITEM0074,LOC0023,2099-12-31,2.000,pcs,1073.12,Spoilage,invalid_date
WST0058233,ITEM0076,LOC0012,2025-12-20,4.000,pcs,294.74,PrepError,wastage_exceeds_prepared
WST0042110,ITEM0076,LOC2927,2025-09-12,1.000,pcs,294.74,PrepError,invalid_restaurant_id
WST0019040,ITEM0082,LOC0006,2025-04-28,9.000,pcs,687.45,Overproduction,wastage_exceeds_prepared
WST0014618,ITEM0082,LOC0018,2025-03-31,5.000,pcs,1374.90,Spoilage,wastage_exceeds_prepared
WST0002634,ITEM0083,LOC0002,2025-01-17,4.000,pcs,664.65,Overproduction,wastage_exceeds_prepared
WST0037709,ITEM0085,LOC0002,2025-08-18,9.000,pcs,650.03,Overproduction,wastage_exceeds_prepared
WST0048815,ITEM0086,LOC0009,2025-10-23,3.000,pcs,560.08,Expired,wastage_exceeds_prepared
WST0022462,ITEM0086,LOC0010,2025-05-19,4.000,pcs,560.08,Spoilage,wastage_exceeds_prepared
WST0038935,ITEM0088,LOC0011,2025-08-24,5.000,pcs,651.22,Expired,wastage_exceeds_prepared
WST0052282,ITEM0090,LOC0025,2025-11-13,5.000,pcs,682.77,Overproduction,wastage_exceeds_prepared
WST0050476,ITEM0090,LOC7181,2025-11-02,1.000,pcs,682.77,Overproduction,invalid_restaurant_id
WST0031046,ITEM0092,LOC0015,2025-07-10,8.000,pcs,465.66,Overproduction,wastage_exceeds_prepared
WST0039747,ITEM0093,LOC0020,2027-11-05,1.000,pcs,392.41,Overproduction,invalid_date
WST0047613,ITEM0093,LOC0022,2025-10-15,9.000,pcs,410.14,Overproduction,wastage_exceeds_prepared
WST0039626,ITEM0094,LOC0001,2025-08-28,4.000,pcs,682.35,CustomerReturn,wastage_exceeds_prepared
WST0008553,ITEM0094,LOC0007,,1.000,pcs,682.35,Expired,invalid_date
WST0011081,ITEM0095,LOC0016,,1.000,pcs,485.13,Overproduction,invalid_date
WST0029643,ITEM0096,LOC0024,2025-07-01,3.000,pcs,290.57,Expired,wastage_exceeds_prepared
WST0051956,ITEM0099,LOC0004,2025-11-12,4.000,pcs,471.54,Expired,wastage_exceeds_prepared
WST0029527,ITEM0099,LOC0007,2025-07-01,3.000,pcs,471.54,Expired,wastage_exceeds_prepared
WST0009172,ITEM0102,LOC0001,2027-11-05,0.080,kg,133.68,Overproduction,invalid_date
WST0056407,ITEM0102,LOC0002,2025-12-09,6.320,kg,214.38,Overproduction,wastage_exceeds_prepared
WST0010694,ITEM0102,LOC0003,2025-03-08,1.790,kg,133.68,Expired,wastage_exceeds_prepared
WST0018694,ITEM0102,LOC0004,2025-04-26,1.910,kg,53.59,Expired,wastage_exceeds_prepared
WST0047157,ITEM0102,LOC0006,2027-11-05,0.120,kg,214.38,Expired,invalid_date
WST0042013,ITEM0102,LOC0009,2025-09-11,1.590,kg,285.84,Overproduction,wastage_exceeds_prepared
WST0008285,ITEM0102,LOC0010,2025-02-21,1.590,kg,284.07,Overproduction,wastage_exceeds_prepared
WST0036716,ITEM0102,LOC0016,2025-08-12,1.730,kg,357.30,Expired,wastage_exceeds_prepared
WST0048550,ITEM0102,LOC0019,2025-10-21,2.280,kg,125.05,Overproduction,wastage_exceeds_prepared
WST0059346,ITEM0102,LOC0019,2025-12-26,5.680,kg,500.22,Overproduction,wastage_exceeds_prepared
WST0038256,ITEM0102,LOC0021,2025-08-20,1.360,kg,196.51,Spoilage,wastage_exceeds_prepared
WST0019968,ITEM0102,LOC0022,,0.110,kg,196.51,Spoilage,invalid_date
WST0039037,ITEM0102,LOC0025,1900-01-01,0.110,kg,196.51,Expired,invalid_date
WST0032584,ITEM0102,LOC0042,2025-07-20,0.130,kg,232.24,Overproduction,invalid_restaurant_id
WST0038453,ITEM0102,LOC0304,2025-08-21,0.110,kg,196.51,Overproduction,invalid_restaurant_id
WST0036434,ITEM0102,LOC0717,2025-08-11,0.150,kg,267.97,Spoilage,invalid_restaurant_id
WST0036070,ITEM0102,LOC2176,2025-08-09,0.120,kg,214.38,Overproduction,invalid_restaurant_id
WST0016446,ITEM0102,LOC6532,2025-04-12,0.040,kg,71.46,Overproduction,invalid_restaurant_id
WST0030868,ITEM0102,LOC6824,2025-07-09,0.230,kg,410.89,Spoilage,invalid_restaurant_id
WST0027447,ITEM0103,LOC0008,2025-06-18,1.250,kg,106.96,Spoilage,wastage_exceeds_prepared
WST0025986,ITEM0106,LOC0010,2027-11-05,0.010,kg,50.99,Overproduction,invalid_date
WST0059037,ITEM0106,LOC4716,2025-12-25,0.020,kg,104.32,Overproduction,invalid_restaurant_id
WST0044344,ITEM0106,LOC9066,2025-09-25,0.050,kg,260.80,PrepError,invalid_restaurant_id
WST0002868,ITEM0107,LOC0012,2025-01-18,1.040,kg,12.49,Overproduction,wastage_exceeds_prepared
WST0011638,ITEM0107,LOC0021,,0.010,kg,12.49,Expired,invalid_date
WST0018796,ITEM0108,LOC0019,2025-04-26,1.230,kg,53.21,Overproduction,wastage_exceeds_prepared
WST0045064,ITEM0109,LOC0004,2025-09-30,3.700,kg,58.68,Overproduction,wastage_exceeds_prepared
WST0010532,ITEM0115,LOC0005,2025-03-07,4.000,pcs,186.26,Overproduction,wastage_exceeds_prepared
WST0002384,ITEM0115,LOC0015,,1.000,pcs,176.39,Spoilage,invalid_date
WST0052066,ITEM0115,LOC0019,2025-11-12,4.000,pcs,186.26,Expired,wastage_exceeds_prepared
WST0023539,ITEM0115,LOC7794,2025-05-25,1.000,pcs,186.26,Overproduction,invalid_restaurant_id
WST0010183,ITEM0116,LOC0004,2025-03-05,5.000,pcs,136.55,Overproduction,wastage_exceeds_prepared
WST0005626,ITEM0117,LOC0013,,1.000,pcs,139.74,Overproduction,invalid_date
WST0039630,ITEM0117,LOC1207,2025-08-28,1.000,pcs,139.74,Spoilage,invalid_restaurant_id
WST0024651,ITEM0117,LOC5593,2025-06-01,1.000,pcs,139.74,Overproduction,invalid_restaurant_id
WST0014267,ITEM0118,LOC0013,1900-01-01,1.000,pcs,333.71,Spoilage,invalid_date
WST0020466,ITEM0118,LOC0025,2025-05-06,5.000,pcs,333.71,Overproduction,wastage_exceeds_prepared
WST0054320,ITEM0119,LOC0798,2025-11-26,1.000,pcs,169.51,Overproduction,invalid_restaurant_id
WST0058396,ITEM0122,LOC0013,2099-12-31,1.000,pcs,295.82,CustomerReturn,invalid_date
WST0008008,ITEM0122,LOC0015,2025-02-19,5.000,pcs,295.82,Overproduction,wastage_exceeds_prepared
WST0021071,ITEM0124,LOC0015,,0.030,liters,15.78,Spoilage,invalid_date
WST0000913,ITEM0126,LOC0009,1900-01-01,0.080,liters,20.59,Expired,invalid_date
WST0045981,ITEM0127,LOC0018,2025-10-05,1.080,liters,9.22,Expired,wastage_exceeds_prepared
WST0011169,ITEM0128,LOC0005,,0.030,liters,7.92,Expired,invalid_date
WST0000059,ITEM0128,LOC0008,2025-01-01,1.290,liters,15.83,Expired,wastage_exceeds_prepared
WST0052237,ITEM0128,LOC9569,2025-11-13,0.020,liters,5.78,Overproduction,invalid_restaurant_id
WST0041842,ITEM0129,LOC0006,,0.160,liters,120.63,Spoilage,invalid_date
WST0028247,ITEM0129,LOC1560,2025-06-23,0.210,liters,153.78,Spoilage,invalid_restaurant_id
WST0001096,ITEM0129,LOC6213,2025-01-07,0.120,liters,83.92,PrepError,invalid_restaurant_id
WST0057679,ITEM0130,LOC0025,2031-07-22,0.050,liters,18.36,Expired,invalid_date
WST0018547,ITEM0133,LOC9844,2025-04-25,0.070,liters,21.94,Overproduction,invalid_restaurant_id
WST0027593,ITEM0136,LOC0006,2025-06-19,3.060,liters,43.09,PrepError,wastage_exceeds_prepared
WST0025768,ITEM0136,LOC0023,2027-11-05,0.420,liters,201.10,PrepError,invalid_date
WST0001123,ITEM0137,LOC0013,2025-01-07,1.870,liters,39.58,Overproduction,wastage_exceeds_prepared
WST0019586,ITEM0137,LOC1328,2025-05-01,0.090,liters,28.93,PrepError,invalid_restaurant_id
WST0024278,ITEM0138,LOC0003,2025-05-30,21.640,liters,40.31,Expired,wastage_exceeds_prepared
WST0021535,ITEM0138,LOC7894,2025-05-13,0.320,liters,99.22,CustomerReturn,invalid_restaurant_id
WST0021125,ITEM0139,LOC0023,,0.340,liters,65.02,Overproduction,invalid_date
WST0025618,ITEM0139,LOC0025,2025-06-06,1.340,liters,7.65,Overproduction,wastage_exceeds_prepared
WST0058279,ITEM0141,LOC0019,2025-12-20,1.510,liters,37.98,CustomerReturn,wastage_exceeds_prepared
WST0048599,ITEM0142,LOC0002,2099-12-31,0.010,liters,7.14,Spoilage,invalid_date
WST0014291,ITEM0142,LOC0017,2025-03-29,1.320,liters,20.94,PrepError,wastage_exceeds_prepared
WST0020606,ITEM0142,LOC0019,,0.170,liters,118.67,Expired,invalid_date
WST0056709,ITEM0143,LOC0022,2025-12-10,2.280,liters,117.92,Overproduction,wastage_exceeds_prepared
WST0012672,ITEM0143,LOC0025,2025-03-19,8.380,liters,20.68,CustomerReturn,wastage_exceeds_prepared
WST0048635,ITEM0145,LOC0007,,0.390,liters,168.47,Expired,invalid_date
WST0022143,ITEM0146,LOC0007,2025-05-17,3.430,liters,5.74,CustomerReturn,wastage_exceeds_prepared
WST0042942,ITEM0146,LOC0011,2025-09-17,1.140,liters,5.92,Overproduction,wastage_exceeds_prepared
WST0019856,ITEM0148,LOC0004,,2.000,pcs,417.14,Overproduction,invalid_date
WST0000664,ITEM0149,LOC0025,,1.000,pcs,156.59,Overproduction,invalid_date
WST0033575,ITEM0149,LOC0025,,1.000,pcs,165.96,Overproduction,invalid_date
WST0041665,ITEM0152,LOC0005,2025-09-09,5.000,pcs,40.74,Spoilage,wastage_exceeds_prepared
WST0007823,ITEM0153,LOC0011,2025-02-18,4.000,pcs,15.78,Overproduction,wastage_exceeds_prepared
WST0035906,ITEM0154,LOC0008,2025-08-08,8.000,pcs,126.03,Overproduction,wastage_exceeds_prepared
WST0054373,ITEM0154,LOC0021,2025-11-26,5.000,pcs,126.03,Overproduction,wastage_exceeds_prepared
WST0032635,ITEM0154,LOC1955,2025-07-20,1.000,pcs,126.03,PrepError,invalid_restaurant_id
WST0005270,ITEM0154,LOC4055,2025-02-02,1.000,pcs,118.60,Spoilage,invalid_restaurant_id
WST0017256,ITEM0154,LOC9999,2025-04-17,1.000,pcs,126.03,Overproduction,invalid_restaurant_id
WST0018013,ITEM0156,LOC0019,,1.000,pcs,46.27,PrepError,invalid_date
WST0000504,,LOC0001,2025-01-04,1.000,pcs,186.99,Expired,missing_value
WST0019830,,LOC0001,2025-05-03,2.000,pcs,400.28,Overproduction,missing_value
WST0045701,,LOC0001,2025-10-04,1.000,pcs,267.43,Expired,missing_value
WST0050029,,LOC0001,2025-10-31,0.090,kg,71.53,Expired,missing_value
WST0003456,,LOC0003,2025-01-22,1.000,pcs,186.99,PrepError,missing_value
WST0026630,,LOC0003,2025-06-13,1.000,pcs,465.66,Spoilage,missing_value
WST0033591,,LOC0003,2025-07-26,1.000,pcs,275.47,CustomerReturn,missing_value
WST0001732,,LOC0004,2025-01-11,1.000,pcs,166.87,Overproduction,missing_value
WST0007614,,LOC0004,2025-02-17,1.000,pcs,333.71,PrepError,missing_value
WST0021496,,LOC0004,2025-05-13,0.210,kg,457.28,Overproduction,missing_value
WST0041160,,LOC0004,2025-09-06,0.170,kg,303.70,Overproduction,missing_value
WST0003658,,LOC0005,2025-01-23,0.350,kg,584.85,Overproduction,missing_value
WST0028578,,LOC0005,2025-06-25,1.000,pcs,200.14,Expired,missing_value
WST0007179,,LOC0006,2025-02-14,1.000,pcs,143.84,PrepError,missing_value
WST0057547,,LOC0006,2025-12-16,0.600,kg,714.64,Overproduction,missing_value
WST0017293,,LOC0007,2025-04-17,0.370,kg,440.69,Expired,missing_value
WST0027768,,LOC0007,2025-06-20,0.120,kg,142.59,Overproduction,missing_value
WST0036854,,LOC0007,2025-08-13,4.270,kg,5085.83,Expired,missing_value
WST0057404,,LOC0007,2025-12-15,0.020,liters,15.08,Overproduction,missing_value
WST0010552,,LOC0008,2025-03-07,0.130,kg,121.74,Overproduction,missing_value
WST0054456,,LOC0008,2025-11-27,0.060,liters,18.80,Overproduction,missing_value
WST0034311,,LOC0010,2025-07-30,0.050,kg,89.32,Overproduction,missing_value
WST0034668,,LOC0010,2025-08-01,1.000,pcs,312.12,Expired,missing_value
WST0044770,,LOC0010,2025-09-28,0.040,liters,31.51,PrepError,missing_value
WST0057745,,LOC0011,2025-12-17,1.000,pcs,568.66,Expired,missing_value
WST0028913,,LOC0012,2025-06-27,1.000,pcs,485.13,CustomerReturn,missing_value
WST0039522,,LOC0012,2025-08-27,1.690,kg,1936.44,Spoilage,missing_value
WST0056297,,LOC0013,2025-12-08,1.010,kg,1207.23,Expired,missing_value
WST0029407,,LOC0014,2025-06-30,1.000,pcs,560.08,CustomerReturn,missing_value
WST0042638,,LOC0014,2025-09-15,2.000,pcs,940.38,Spoilage,missing_value
WST0018918,,LOC0015,2025-04-27,0.110,liters,80.55,CustomerReturn,missing_value
WST0043606,,LOC0016,2025-09-21,0.150,liters,66.09,Overproduction,missing_value
WST0049793,,LOC0016,2025-10-29,0.630,kg,753.03,Overproduction,missing_value
WST0025032,,LOC0017,2025-06-03,0.020,kg,30.04,Expired,missing_value
WST0028011,,LOC0017,2025-06-21,0.680,kg,1480.70,Spoilage,missing_value
WST0059330,,LOC0017,2025-12-26,2.240,kg,2667.97,Spoilage,missing_value
WST0003078,,LOC0018,2025-01-19,0.120,kg,98.28,Expired,missing_value
WST0058262,,LOC0018,2025-12-20,1.530,kg,1828.78,Overproduction,missing_value
WST0015882,,LOC0019,2025-04-08,1.000,pcs,200.14,Overproduction,missing_value
WST0037848,,LOC0019,2025-08-18,0.730,kg,729.56,Overproduction,missing_value
WST0053996,,LOC0019,2025-11-24,1.000,pcs,200.14,Spoilage,missing_value
WST0013440,,LOC0020,2025-03-24,1.000,pcs,364.08,Overproduction,missing_value
WST0043985,,LOC0020,2025-09-23,1.000,pcs,414.61,PrepError,missing_value
WST0025065,,LOC0022,2025-06-03,0.150,kg,178.66,Overproduction,missing_value
WST0025067,,LOC0022,2025-06-03,1.000,pcs,331.31,Overproduction,missing_value
WST0004250,,LOC0023,2025-01-26,0.730,kg,318.13,CustomerReturn,missing_value
WST0004902,,LOC0023,2025-01-30,0.080,kg,65.52,Spoilage,missing_value
WST0016549,,LOC0023,2025-04-12,0.050,kg,57.88,Overproduction,missing_value
WST0018652,,LOC0023,2025-04-25,0.700,kg,1524.25,Overproduction,missing_value
WST0018655,,LOC0023,2025-04-25,0.170,kg,303.70,Overproduction,missing_value
WST0002128,,LOC0024,2025-01-13,1.000,pcs,186.99,Spoilage,missing_value
WST0029809,,LOC0024,2025-07-02,1.000,pcs,711.90,Expired,missing_value
WST0025445,,LOC0025,2025-06-05,1.000,pcs,332.30,Expired,missing_value
WST0050533,ITEM0003,LOC0006,2025-11-03,3.000,pcs,142.17,Expired,wastage_exceeds_prepared
WST0046453,ITEM0004,LOC0017,2025-10-08,5.000,pcs,440.28,Overproduction,wastage_exceeds_prepared
WST0058489,ITEM0004,LOC3687,2025-12-22,1.000,pcs,220.14,Overproduction,invalid_restaurant_id
WST0053911,ITEM0005,LOC0006,2031-07-22,1.000,pcs,149.00,Expired,invalid_date
WST0028095,ITEM0006,LOC0004,2025-06-22,5.000,pcs,296.28,Expired,wastage_exceeds_prepared
WST0022843,ITEM0006,LOC0013,2027-11-05,1.000,pcs,296.28,Spoilage,invalid_date
WST0011347,ITEM0008,LOC0006,2025-03-12,5.000,pcs,157.77,Overproduction,wastage_exceeds_prepared
WST0016204,ITEM0008,LOC0017,2025-04-10,4.000,pcs,157.77,Spoilage,wastage_exceeds_prepared
WST0022271,ITEM0008,LOC4210,2025-05-18,1.000,pcs,157.77,Expired,invalid_restaurant_id
WST0010022,ITEM0009,LOC0006,2025-03-04,4.000,pcs,178.25,CustomerReturn,wastage_exceeds_prepared
WST0034390,ITEM0012,LOC7278,2025-07-30,1.000,pcs,402.60,Overproduction,invalid_restaurant_id
WST0011404,ITEM0014,LOC0015,,0.120,liters,68.85,PrepError,invalid_date
WST0037301,ITEM0014,LOC5998,2025-08-15,0.050,liters,30.00,Expired,invalid_restaurant_id
WST0023028,ITEM0016,LOC0017,2025-05-22,1.050,liters,14.06,Spoilage,wastage_exceeds_prepared
WST0045892,ITEM0017,LOC0004,2025-10-05,1.310,liters,9.74,Overproduction,wastage_exceeds_prepared
WST0054466,ITEM0019,LOC0010,2025-11-27,1.160,liters,5.16,Spoilage,wastage_exceeds_prepared
WST0004033,ITEM0019,LOC7020,2025-01-25,0.010,liters,4.95,CustomerReturn,invalid_restaurant_id
WST0029201,ITEM0023,LOC0004,2025-06-29,5.000,pcs,200.14,Expired,wastage_exceeds_prepared
WST0051951,ITEM0023,LOC0004,2025-11-12,11.000,pcs,200.14,Spoilage,wastage_exceeds_prepared
WST0024447,ITEM0023,LOC0005,1900-01-01,1.000,pcs,200.14,PrepError,invalid_date
WST0000043,ITEM0023,LOC0006,2025-01-01,5.000,pcs,186.99,Expired,wastage_exceeds_prepared
WST0011722,ITEM0023,LOC0007,2025-03-14,9.000,pcs,200.14,Overproduction,wastage_exceeds_prepared
WST0019729,ITEM0023,LOC0007,2025-05-02,6.000,pcs,200.14,Overproduction,wastage_exceeds_prepared
WST0002036,ITEM0023,LOC0010,2025-01-13,5.000,pcs,186.99,Overproduction,wastage_exceeds_prepared
WST0040551,ITEM0023,LOC0010,2025-09-02,4.000,pcs,200.14,Overproduction,wastage_exceeds_prepared
WST0048832,ITEM0023,LOC0012,2025-10-23,4.000,pcs,200.14,Overproduction,wastage_exceeds_prepared
WST0010621,ITEM0023,LOC0018,2027-11-05,2.000,pcs,400.28,Spoilage,invalid_date
WST0029151,ITEM0023,LOC0023,2025-06-28,5.000,pcs,400.28,Spoilage,wastage_exceeds_prepared
WST0012296,ITEM0023,LOC0024,2025-03-17,5.000,pcs,200.14,Spoilage,wastage_exceeds_prepared
WST0037433,ITEM0023,LOC6676,2025-08-16,2.000,pcs,400.28,Spoilage,invalid_restaurant_id
WST0050016,ITEM0023,LOC8118,2025-10-30,1.000,pcs,200.14,Overproduction,invalid_restaurant_id
WST0006869,ITEM0027,LOC0012,1900-01-01,1.000,pcs,144.90,Overproduction,invalid_date
WST0040415,ITEM0027,LOC0015,2025-09-01,3.000,pcs,144.90,Expired,wastage_exceeds_prepared
WST0017160,ITEM0027,LOC2834,2025-04-16,1.000,pcs,144.90,Expired,invalid_restaurant_id
WST0028444,ITEM0027,LOC4599,2025-06-24,1.000,pcs,144.90,Expired,invalid_restaurant_id
WST0030885,ITEM0029,LOC0021,2025-07-09,4.000,pcs,312.12,Overproduction,wastage_exceeds_prepared
WST0013726,ITEM0030,LOC0010,,1.000,pcs,110.76,Overproduction,invalid_date
WST0021228,ITEM0031,LOC0015,2025-05-11,7.000,pcs,364.08,Expired,wastage_exceeds_prepared
WST0023958,ITEM0033,LOC0005,,0.450,kg,449.73,Expired,invalid_date
WST0053622,ITEM0033,LOC0010,2099-12-31,0.010,kg,10.20,Spoilage,invalid_date
WST0035066,ITEM0033,LOC0015,1900-01-01,0.110,kg,109.93,Overproduction,invalid_date
WST0041568,ITEM0033,LOC0017,2025-09-08,4.240,kg,153.01,Overproduction,wastage_exceeds_prepared
WST0048092,ITEM0033,LOC0022,2099-12-31,0.360,kg,367.22,Expired,invalid_date
WST0018043,ITEM0033,LOC0025,2025-04-21,3.000,kg,119.93,Overproduction,wastage_exceeds_prepared
WST0052214,ITEM0033,LOC0174,2025-11-13,0.370,kg,377.42,PrepError,invalid_restaurant_id
WST0056969,ITEM0033,LOC0652,2025-12-12,0.100,kg,102.01,Overproduction,invalid_restaurant_id
WST0052572,ITEM0033,LOC1756,2025-11-15,0.680,kg,693.65,Expired,invalid_restaurant_id
WST0024067,ITEM0033,LOC3180,2025-05-28,0.210,kg,209.87,Overproduction,invalid_restaurant_id
WST0044945,ITEM0033,LOC6295,2025-09-29,0.340,kg,346.82,Spoilage,invalid_restaurant_id
WST0025316,ITEM0033,LOC8418,2025-06-05,0.070,kg,69.96,Overproduction,invalid_restaurant_id
WST0001589,ITEM0033,LOC9604,2025-01-10,0.370,kg,354.19,PrepError,invalid_restaurant_id
WST0054872,ITEM0040,LOC0020,2025-11-29,3.190,kg,26.78,Overproduction,wastage_exceeds_prepared
WST0019693,ITEM0045,LOC0001,2025-05-02,12.650,kg,1381.63,Overproduction,wastage_exceeds_prepared
WST0033070,ITEM0045,LOC0003,2025-07-23,5.860,kg,690.81,Overproduction,wastage_exceeds_prepared
WST0022629,ITEM0045,LOC0008,2025-05-20,12.920,kg,595.53,Spoilage,wastage_exceeds_prepared
WST0003197,ITEM0045,LOC0010,2025-01-20,6.540,kg,193.97,Expired,wastage_exceeds_prepared
WST0019064,ITEM0045,LOC0010,2025-04-28,3.720,kg,345.41,Overproduction,wastage_exceeds_prepared
WST0042642,ITEM0045,LOC0015,2025-09-15,8.080,kg,1226.79,Expired,wastage_exceeds_prepared
WST0043276,ITEM0045,LOC0015,2025-09-19,14.700,kg,571.71,Overproduction,wastage_exceeds_prepared
WST0043426,ITEM0045,LOC0015,2025-09-20,6.980,kg,1226.79,Overproduction,wastage_exceeds_prepared
WST0013785,ITEM0045,LOC0017,2025-03-26,6.920,kg,1191.06,Overproduction,wastage_exceeds_prepared
WST0023047,ITEM0045,LOC0020,2025-05-22,4.710,kg,1274.43,Overproduction,wastage_exceeds_prepared
WST0040612,ITEM0045,LOC0020,2025-09-02,6.380,kg,1262.52,Spoilage,wastage_exceeds_prepared
WST0022068,ITEM0045,LOC0022,2025-05-16,8.790,kg,297.76,Expired,wastage_exceeds_prepared
WST0020954,ITEM0045,LOC0024,2025-05-09,5.870,kg,357.32,Expired,wastage_exceeds_prepared
WST0029475,ITEM0045,LOC0024,2025-06-30,2.540,kg,273.94,Overproduction,wastage_exceeds_prepared
WST0023946,ITEM0045,LOC1257,2025-05-28,0.890,kg,1060.04,PrepError,invalid_restaurant_id
WST0059182,ITEM0045,LOC1530,2025-12-25,1.980,kg,2358.30,Spoilage,invalid_restaurant_id
WST0012268,ITEM0045,LOC8221,2025-03-17,1.510,kg,1798.50,Overproduction,invalid_restaurant_id
WST0017601,ITEM0046,LOC0004,2025-04-19,8.680,kg,239.52,Spoilage,wastage_exceeds_prepared
WST0011580,ITEM0046,LOC0014,2025-03-13,2.220,kg,849.22,Spoilage,wastage_exceeds_prepared
WST0044298,ITEM0046,LOC0016,2025-09-25,4.270,kg,490.93,Spoilage,wastage_exceeds_prepared
WST0001654,ITEM0046,LOC0018,1900-01-01,1.110,kg,2276.57,Overproduction,invalid_date
WST0055699,ITEM0046,LOC0018,2025-12-04,9.350,kg,2610.88,Overproduction,wastage_exceeds_prepared
WST0042060,ITEM0046,LOC0019,,0.540,kg,1205.02,Expired,invalid_date
WST0032841,ITEM0046,LOC0019,2025-07-21,3.350,kg,740.35,Overproduction,wastage_exceeds_prepared
WST0053542,ITEM0046,LOC0020,2025-11-21,4.200,kg,1271.97,PrepError,wastage_exceeds_prepared
WST0056854,ITEM0046,LOC0020,2025-12-11,12.130,kg,2610.88,Spoilage,wastage_exceeds_prepared
WST0041793,ITEM0046,LOC0025,2025-09-09,1.820,kg,557.88,Spoilage,wastage_exceeds_prepared
WST0023785,ITEM0046,LOC0043,2025-05-27,0.270,kg,587.93,Overproduction,invalid_restaurant_id
WST0044094,ITEM0046,LOC1296,2025-09-24,0.350,kg,781.03,Overproduction,invalid_restaurant_id
WST0018053,ITEM0047,LOC0001,,0.100,kg,125.46,Overproduction,invalid_date
WST0012339,ITEM0048,LOC0005,,0.400,kg,458.33,Overproduction,invalid_date
WST0021506,ITEM0048,LOC0005,,0.900,kg,1031.24,Spoilage,invalid_date
WST0029697,ITEM0048,LOC0007,,0.520,kg,595.83,Overproduction,invalid_date
WST0036856,ITEM0048,LOC0007,,2.480,kg,2841.63,Spoilage,invalid_date
WST0038162,ITEM0048,LOC0009,1900-01-01,1.520,kg,1741.65,Spoilage,invalid_date
WST0018126,ITEM0048,LOC0012,2099-12-31,0.400,kg,458.33,Expired,invalid_date
WST0013082,ITEM0048,LOC0013,2025-03-22,4.670,kg,1019.78,Expired,wastage_exceeds_prepared
WST0000593,ITEM0048,LOC0014,,1.090,kg,1184.00,Spoilage,invalid_date
WST0049150,ITEM0048,LOC0016,2025-10-25,6.480,kg,513.97,Overproduction,wastage_exceeds_prepared
WST0034897,ITEM0048,LOC0017,2025-08-02,19.790,kg,1145.82,Overproduction,wastage_exceeds_prepared
WST0046792,ITEM0048,LOC0017,2025-10-10,5.780,kg,525.92,PrepError,wastage_exceeds_prepared
WST0036536,ITEM0048,LOC0018,2025-08-11,27.360,kg,5339.52,Overproduction,wastage_exceeds_prepared
WST0047586,ITEM0048,LOC0019,,0.870,kg,1039.89,Spoilage,invalid_date
WST0008195,ITEM0048,LOC0019,1900-01-01,0.360,kg,412.50,Overproduction,invalid_date
WST0048570,ITEM0048,LOC0023,2025-10-21,10.150,kg,729.12,Overproduction,wastage_exceeds_prepared
WST0052900,ITEM0048,LOC0025,2025-11-17,19.400,kg,705.22,Overproduction,wastage_exceeds_prepared
WST0031968,ITEM0048,LOC2192,2025-07-16,0.080,kg,91.67,Overproduction,invalid_restaurant_id
WST0011761,ITEM0048,LOC2299,2025-03-14,1.620,kg,1856.23,Spoilage,invalid_restaurant_id
WST0034989,ITEM0048,LOC7418,2025-08-03,2.210,kg,2532.26,PrepError,invalid_restaurant_id
WST0051318,ITEM0048,LOC7643,2025-11-08,0.980,kg,1171.37,Overproduction,invalid_restaurant_id
WST0033369,ITEM0048,LOC8863,2025-07-24,0.750,kg,859.36,Spoilage,invalid_restaurant_id
WST0047000,ITEM0050,LOC0008,2025-10-12,5.830,kg,217.35,PrepError,wastage_exceeds_prepared
WST0033252,ITEM0051,LOC0004,2025-07-24,2.280,kg,64.00,Overproduction,wastage_exceeds_prepared
WST0054389,ITEM0053,LOC0024,2099-12-31,0.030,kg,36.35,Expired,invalid_date
WST0003056,ITEM0053,LOC6094,2025-01-19,0.060,kg,66.16,Overproduction,invalid_restaurant_id
WST0028450,ITEM0054,LOC0010,2031-07-22,0.280,kg,229.22,Overproduction,invalid_date
WST0035202,ITEM0054,LOC0011,,0.150,kg,122.80,Expired,invalid_date
WST0022085,ITEM0054,LOC0025,,0.010,kg,8.19,Expired,invalid_date
WST0047088,ITEM0055,LOC0021,2025-10-12,3.430,kg,94.24,Overproduction,wastage_exceeds_prepared
WST0039223,ITEM0056,LOC3834,2025-08-25,0.120,kg,112.37,Expired,invalid_restaurant_id
WST0037728,ITEM0057,LOC0005,2025-08-18,4.100,kg,44.70,Overproduction,wastage_exceeds_prepared
WST0023392,ITEM0057,LOC3411,2025-05-24,0.080,kg,89.40,Overproduction,invalid_restaurant_id
WST0024627,ITEM0058,LOC0011,2025-06-01,1.460,kg,94.64,CustomerReturn,wastage_exceeds_prepared
WST0050197,ITEM0061,LOC0001,,0.040,kg,36.37,Overproduction,invalid_date
WST0053158,ITEM0061,LOC0014,,0.080,kg,72.75,Spoilage,invalid_date
WST0015934,ITEM0062,LOC2619,2025-04-09,0.040,kg,35.05,Expired,invalid_restaurant_id
WST0045456,ITEM0062,LOC6628,2025-10-02,0.110,kg,96.40,Spoilage,invalid_restaurant_id
WST0004958,ITEM0063,LOC3606,2025-01-31,0.010,kg,5.76,Overproduction,invalid_restaurant_id
WST0042410,ITEM0066,LOC0001,2025-09-14,1.680,kg,103.13,Overproduction,wastage_exceeds_prepared
WST0008421,ITEM0068,LOC0009,2025-02-22,13.000,pcs,470.19,Overproduction,wastage_exceeds_prepared
WST0028511,ITEM0070,LOC4974,2025-06-24,1.000,pcs,627.42,Overproduction,invalid_restaurant_id
WST0040804,ITEM0074,LOC0019,2025-09-03,5.000,pcs,548.77,Overproduction,wastage_exceeds_prepared
WST0044032,ITEM0074,LOC0668,2025-09-24,1.000,pcs,548.77,Expired,invalid_restaurant_id
WST0008444,ITEM0077,LOC6432,2025-02-22,1.000,pcs,295.15,Spoilage,invalid_restaurant_id
WST0058606,ITEM0078,LOC0019,2025-12-22,5.000,pcs,560.33,Expired,wastage_exceeds_prepared
WST0055639,ITEM0080,LOC0010,2025-12-04,4.000,pcs,421.47,Overproduction,wastage_exceeds_prepared
WST0024058,ITEM0082,LOC6008,2025-05-28,1.000,pcs,687.45,Expired,invalid_restaurant_id
WST0059064,ITEM0083,LOC0005,2025-12-25,9.000,pcs,1403.72,Expired,wastage_exceeds_prepared
WST0005982,ITEM0083,LOC0023,2025-02-06,3.000,pcs,664.65,Expired,wastage_exceeds_prepared
WST0018793,ITEM0084,LOC0019,2025-04-26,4.000,pcs,425.59,PrepError,wastage_exceeds_prepared
WST0042341,ITEM0085,LOC2676,2025-09-13,1.000,pcs,650.03,Expired,invalid_restaurant_id
WST0019263,ITEM0085,LOC9878,2025-04-29,1.000,pcs,650.03,Spoilage,invalid_restaurant_id
WST0033971,ITEM0086,LOC0013,2025-07-28,5.000,pcs,560.08,Spoilage,wastage_exceeds_prepared
WST0020454,ITEM0087,LOC0023,,1.000,pcs,1425.09,Expired,invalid_date
WST0041767,ITEM0088,LOC0021,,1.000,pcs,651.22,Overproduction,invalid_date
WST0032542,ITEM0091,LOC0022,,1.000,pcs,702.28,Expired,invalid_date
WST0053214,ITEM0093,LOC0023,2025-11-19,5.000,pcs,410.14,Overproduction,wastage_exceeds_prepared
WST0001581,ITEM0094,LOC0007,2025-01-10,4.000,pcs,637.13,CustomerReturn,wastage_exceeds_prepared
WST0027628,ITEM0094,LOC5993,2025-06-19,1.000,pcs,682.35,CustomerReturn,invalid_restaurant_id
WST0019671,ITEM0095,LOC0023,2025-05-01,4.000,pcs,485.13,Overproduction,wastage_exceeds_prepared
WST0039829,ITEM0096,LOC0006,2025-08-29,3.000,pcs,290.57,Overproduction,wastage_exceeds_prepared
WST0029196,ITEM0100,LOC0003,2025-06-29,5.000,pcs,549.26,CustomerReturn,wastage_exceeds_prepared
WST0006528,ITEM0100,LOC7837,2025-02-10,1.000,pcs,549.26,Expired,invalid_restaurant_id
WST0042310,ITEM0101,LOC0010,,1.000,pcs,414.61,Spoilage,invalid_date
WST0016141,ITEM0101,LOC0605,2025-04-10,1.000,pcs,414.61,PrepError,invalid_restaurant_id
WST0042556,ITEM0102,LOC0001,2025-09-15,1.490,kg,160.78,Overproduction,wastage_exceeds_prepared
WST0011710,ITEM0102,LOC0005,2025-03-14,1.710,kg,50.13,Spoilage,wastage_exceeds_prepared
WST0025818,ITEM0102,LOC0007,,0.110,kg,196.51,Overproduction,invalid_date
WST0032773,ITEM0102,LOC0007,2025-07-21,1.440,kg,232.24,Overproduction,wastage_exceeds_prepared
WST0018578,ITEM0102,LOC0009,2025-04-25,1.550,kg,196.51,Expired,wastage_exceeds_prepared
WST0052827,ITEM0102,LOC0014,2025-11-17,6.300,kg,589.54,Overproduction,wastage_exceeds_prepared
WST0028644,ITEM0102,LOC0015,2025-06-25,1.490,kg,214.38,PrepError,wastage_exceeds_prepared
WST0005020,ITEM0102,LOC0017,2025-01-31,3.730,kg,501.30,Overproduction,wastage_exceeds_prepared
WST0053226,ITEM0102,LOC0025,1970-01-01,0.130,kg,232.24,Overproduction,invalid_date
WST0057816,ITEM0102,LOC2948,2025-12-17,0.730,kg,1304.13,Overproduction,invalid_restaurant_id
WST0059855,ITEM0102,LOC5375,2025-12-29,0.400,kg,714.59,PrepError,invalid_restaurant_id
WST0032135,ITEM0102,LOC7525,2025-07-17,0.100,kg,178.65,Overproduction,invalid_restaurant_id
WST0004134,ITEM0103,LOC0004,2025-01-26,1.570,kg,33.68,Overproduction,wastage_exceeds_prepared
WST0012945,ITEM0103,LOC9498,2025-03-21,0.030,kg,106.96,Expired,invalid_restaurant_id
WST0041645,ITEM0104,LOC0003,2025-09-09,1.260,kg,68.11,Overproduction,wastage_exceeds_prepared
WST0009531,ITEM0104,LOC0007,2025-03-01,1.330,kg,63.57,PrepError,wastage_exceeds_prepared
WST0034164,ITEM0104,LOC0014,2025-07-29,1.110,kg,13.62,Expired,wastage_exceeds_prepared
WST0043250,ITEM0104,LOC5905,2025-09-19,0.010,kg,13.62,Spoilage,invalid_restaurant_id
WST0037167,ITEM0104,LOC8225,2025-08-14,0.030,kg,40.87,Overproduction,invalid_restaurant_id
WST0059114,ITEM0105,LOC0012,2025-12-25,1.080,kg,25.10,Overproduction,wastage_exceeds_prepared
WST0048062,ITEM0107,LOC1824,2025-10-18,0.030,kg,40.56,Overproduction,invalid_restaurant_id
WST0024819,ITEM0108,LOC0014,2025-06-02,1.060,kg,35.47,Overproduction,wastage_exceeds_prepared
WST0034582,ITEM0108,LOC0022,2025-07-31,1.070,kg,17.74,Overproduction,wastage_exceeds_prepared
WST0000137,ITEM0109,LOC0374,2025-01-01,0.110,kg,154.30,Overproduction,invalid_restaurant_id
WST0039183,ITEM0109,LOC9752,2025-08-25,0.050,kg,73.35,Expired,invalid_restaurant_id
WST0004596,ITEM0110,LOC0001,1900-01-01,0.010,kg,15.03,Spoilage,invalid_date
WST0058541,ITEM0114,LOC0008,2031-07-22,1.000,pcs,86.95,Overproduction,invalid_date
WST0037084,ITEM0114,LOC0010,2025-08-14,5.000,pcs,84.81,Overproduction,wastage_exceeds_prepared
WST0004394,ITEM0114,LOC0021,,1.000,pcs,81.18,Overproduction,invalid_date
WST0003897,ITEM0118,LOC0016,2025-01-24,5.000,pcs,312.06,Overproduction,wastage_exceeds_prepared
WST0012304,ITEM0118,LOC0024,,1.000,pcs,333.71,Overproduction,invalid_date
WST0045900,ITEM0119,LOC0005,1970-01-01,1.000,pcs,169.51,Overproduction,invalid_date
WST0030502,ITEM0121,LOC0010,2025-07-07,5.000,pcs,121.95,PrepError,wastage_exceeds_prepared
WST0004354,ITEM0121,LOC0015,2025-01-27,8.000,pcs,114.60,Spoilage,wastage_exceeds_prepared
WST0007489,ITEM0123,LOC0007,,1.000,pcs,138.90,Expired,invalid_date
WST0038874,ITEM0124,LOC4855,2025-08-24,0.020,liters,10.52,CustomerReturn,invalid_restaurant_id
WST0040427,ITEM0126,LOC0016,2099-12-31,0.040,liters,11.60,Spoilage,invalid_date
WST0047240,ITEM0127,LOC0020,2025-10-13,1.110,liters,18.45,PrepError,wastage_exceeds_prepared
WST0008854,ITEM0128,LOC0004,,0.030,liters,7.92,Spoilage,invalid_date
WST0005951,ITEM0129,LOC0016,,0.110,liters,76.93,PrepError,invalid_date
WST0008024,ITEM0129,LOC6742,2025-02-19,0.170,liters,118.89,Expired,invalid_restaurant_id
WST0042351,ITEM0131,LOC0015,2025-09-13,1.110,liters,6.28,PrepError,wastage_exceeds_prepared
WST0008472,ITEM0131,LOC0017,2025-02-22,1.210,liters,5.84,Overproduction,wastage_exceeds_prepared
WST0034298,ITEM0132,LOC1813,2025-07-30,0.050,liters,31.90,Expired,invalid_restaurant_id
WST0050084,ITEM0132,LOC4032,2025-10-31,0.110,liters,71.83,Expired,invalid_restaurant_id
WST0041740,ITEM0133,LOC0017,,0.060,liters,18.80,Overproduction,invalid_date
WST0002028,ITEM0134,LOC0008,2025-01-13,3.510,liters,145.29,Overproduction,wastage_exceeds_prepared
WST0050760,ITEM0134,LOC0015,2025-11-04,12.790,liters,77.67,Spoilage,wastage_exceeds_prepared
WST0030170,ITEM0135,LOC0725,2025-07-05,0.050,liters,9.92,Overproduction,invalid_restaurant_id
WST0025152,ITEM0137,LOC0008,2027-11-05,0.130,liters,41.79,Overproduction,invalid_date
WST0023649,ITEM0138,LOC0010,1900-01-01,0.210,liters,65.11,Spoilage,invalid_date
WST0008251,ITEM0138,LOC4744,2025-02-21,0.150,liters,46.51,PrepError,invalid_restaurant_id
WST0048274,ITEM0140,LOC0004,2099-12-31,0.030,liters,5.83,Overproduction,invalid_date
WST0054408,ITEM0141,LOC0001,2025-11-27,5.070,liters,23.74,Overproduction,wastage_exceeds_prepared
WST0026971,ITEM0142,LOC0009,,0.050,liters,34.90,Expired,invalid_date
WST0028149,ITEM0142,LOC9492,2025-06-22,0.080,liters,55.85,Overproduction,invalid_restaurant_id
WST0031595,ITEM0147,LOC2505,2025-07-14,0.580,liters,245.61,Overproduction,invalid_restaurant_id
WST0028485,ITEM0147,LOC4369,2025-06-24,0.110,liters,46.58,PrepError,invalid_restaurant_id
WST0001875,ITEM0149,LOC3894,2025-01-12,1.000,pcs,156.59,PrepError,invalid_restaurant_id
WST0013406,ITEM0150,LOC0014,2025-03-24,4.000,pcs,48.98,Overproduction,wastage_exceeds_prepared
WST0056264,ITEM0150,LOC0424,2025-12-08,1.000,pcs,50.35,Overproduction,invalid_restaurant_id
WST0023640,ITEM0151,LOC2866,2025-05-26,1.000,pcs,43.08,Overproduction,invalid_restaurant_id
WST0025997,ITEM0155,LOC0011,2025-06-09,5.000,pcs,93.65,CustomerReturn,wastage_exceeds_prepared
WST0040947,ITEM0155,LOC0018,,1.000,pcs,95.85,Expired,invalid_date
