order_id,order_item_id,item_id,quantity,unit_price,unit_cost,discount_amount,line_total
ORD00154677,OI000840231,ITEM0002,1,215.00,75.87,0.00,215.00
ORD00154677,OI000840232,ITEM0059,1,730.00,317.89,0.00,730.00
ORD00154677,OI000840233,ITEM0068,2,680.00,470.19,0.00,1360.00
ORD00154677,OI000840234,ITEM0076,1,750.00,294.74,0.00,750.00
ORD00154677,OI000840235,ITEM0109,1,1500.00,513.48,0.00,1500.00
ORD00154677,OI000840236,ITEM0125,2,320.00,124.33,0.00,640.00
ORD00154677,OI000840237,ITEM0126,1,160.00,72.53,0.00,160.00
ORD00154677,OI000840238,ITEM0134,1,165.00,108.74,0.00,165.00
ORD00154678,OI000840239,ITEM0033,1,940.00,306.02,0.00,940.00
ORD00154678,OI000840240,ITEM0042,2,5470.00,2596.95,3282.00,7658.00
ORD00154678,OI000840241,ITEM0070,1,1330.00,627.42,399.00,931.00
ORD00154678,OI000840242,ITEM0151,6,65.00,45.19,117.00,273.00
ORD00154678,OI000840242,ITEM0151,6,65.00,45.19,117.00,273.00
ORD00154679,OI000840243,ITEM0040,1,750.00,267.75,0.00,750.00
ORD00154679,OI000840244,ITEM0048,1,1520.00,597.64,0.00,1520.00
ORD00154679,OI000840245,ITEM0050,2,1770.00,776.26,0.00,3540.00
ORD00154679,OI000840246,ITEM0055,1,750.00,235.61,0.00,750.00
ORD00154679,OI000840247,ITEM0113,2,510.00,198.15,0.00,1020.00
ORD00154679,OI000840248,ITEM0136,2,480.00,175.82,0.00,960.00
ORD00154679,OI000840249,ITEM0138,2,265.00,113.51,0.00,530.00
ORD00154680,OI000840250,ITEM0035,3,1000.00,418.08,0.00,3000.00
ORD00154680,OI000840251,ITEM0068,1,680.00,470.19,0.00,680.00
ORD00154680,OI000840252,ITEM0113,2,510.00,198.15,0.00,1020.00
ORD00154680,OI000840253,ITEM0132,1,410.00,163.26,0.00,410.00
ORD00154681,OI000840254,ITEM0008,2,1030.00,165.58,0.00,2060.00
ORD00154681,OI000840255,ITEM0040,1,750.00,267.75,0.00,750.00
ORD00154681,OI000840256,ITEM0041,1,1310.00,515.58,0.00,1310.00
ORD00154681,OI000840257,ITEM0043,2,5110.00,2066.57,0.00,10220.00
ORD00154681,OI000840258,ITEM0074,1,1230.00,548.77,0.00,1230.00
ORD00154681,OI000840259,ITEM0125,4,320.00,124.33,0.00,1280.00
ORD00154682,OI000840260,ITEM0020,1,810.00,323.82,0.00,810.00
ORD00154682,OI000840261,ITEM0077,2,680.00,302.29,0.00,1360.00
ORD00154682,OI000840262,ITEM0154,2,370.00,126.03,0.00,740.00
ORD00154683,OI000840263,ITEM0011,2,940.00,340.59,0.00,1880.00
ORD00154683,OI000840264,ITEM0015,1,520.00,184.59,0.00,520.00
ORD00154683,OI000840265,ITEM0040,1,750.00,267.75,0.00,750.00
ORD00154683,OI000840266,ITEM0057,3,690.00,468.22,0.00,2070.00
ORD00154683,OI000840267,ITEM0083,1,1760.00,701.86,0.00,1760.00
ORD00154683,OI000840268,ITEM0127,1,500.00,76.86,0.00,500.00
ORD00154684,OI000840269,ITEM0041,1,1310.00,515.58,0.00,1310.00
ORD00154684,OI000840270,ITEM0066,3,950.00,343.77,0.00,2850.00
ORD00154684,OI000840271,ITEM0109,1,1500.00,513.48,0.00,1500.00
ORD00154684,OI000840272,ITEM0123,1,310.00,138.90,0.00,310.00
ORD00154684,OI000840273,ITEM0132,1,410.00,163.26,0.00,410.00
ORD00154684,OI000840274,ITEM0160,1,105.00,47.30,0.00,105.00
ORD00154685,OI000840275,ITEM0060,2,830.00,333.17,0.00,1660.00
ORD00154685,OI000840276,ITEM0070,1,1330.00,627.42,0.00,1330.00
ORD00154685,OI000840277,ITEM0085,1,1630.00,650.03,0.00,1630.00
ORD00154685,OI000840278,ITEM0093,1,1140.00,410.14,0.00,1140.00
ORD00154685,OI000840279,ITEM0125,3,320.00,124.33,0.00,960.00
ORD00154685,OI000840280,ITEM0157,2,800.00,322.21,0.00,1600.00
ORD00154686,OI000840281,ITEM0049,2,2660.00,1132.57,0.00,5320.00
ORD00154686,OI000840282,ITEM0057,1,690.00,468.22,0.00,690.00
ORD00154686,OI000840283,ITEM0089,1,2070.00,892.05,0.00,2070.00
ORD00154686,OI000840284,ITEM0113,1,510.00,198.15,0.00,510.00
ORD00154686,OI000840285,ITEM0147,4,480.00,154.20,0.00,1920.00
ORD00154686,OI000840286,ITEM0148,4,320.00,208.57,0.00,1280.00
ORD00154686,OI000840287,ITEM0151,4,65.00,45.19,0.00,260.00
ORD00154687,OI000840288,ITEM0057,1,690.00,468.22,0.00,690.00
ORD00154687,OI000840289,ITEM0134,2,165.00,108.74,0.00,330.00
ORD00154687,OI000840290,ITEM0135,1,105.00,69.46,0.00,105.00
ORD00154687,OI000840291,ITEM0147,2,480.00,154.20,0.00,960.00
ORD00154687,OI000840292,ITEM0157,1,800.00,322.21,0.00,800.00
ORD00154688,OI000840293,ITEM0084,3,1240.00,425.59,0.00,3720.00
ORD00154688,OI000840294,ITEM0122,1,690.00,295.82,0.00,690.00
ORD00154688,OI000840295,ITEM0135,3,105.00,69.46,0.00,315.00
ORD00154688,OI000840296,ITEM0148,1,320.00,208.57,0.00,320.00
ORD00154688,OI000840297,ITEM0152,1,100.00,40.74,0.00,100.00
ORD00154689,OI000840298,ITEM0029,1,1030.00,312.12,0.00,1030.00
ORD00154689,OI000840299,ITEM0033,2,940.00,306.02,0.00,1880.00
ORD00154689,OI000840300,ITEM0050,1,1910.00,776.26,0.00,1910.00
ORD00154689,OI000840301,ITEM0068,1,680.00,470.19,0.00,680.00
ORD00154689,OI000840302,ITEM0077,2,730.00,302.29,0.00,1460.00
ORD00154689,OI000840303,ITEM0105,1,2870.00,878.39,0.00,2870.00
ORD00154689,OI000840304,ITEM0135,3,105.00,69.46,0.00,315.00
ORD00154689,OI000840305,ITEM0143,1,470.00,187.60,0.00,470.00
ORD00154690,OI000840306,ITEM0068,1,680.00,470.19,0.00,680.00
ORD00154690,OI000840307,ITEM0135,2,105.00,69.46,0.00,210.00
ORD00154691,OI000840308,ITEM0004,2,590.00,220.14,0.00,1180.00
ORD00154691,OI000840309,ITEM0068,2,680.00,470.19,0.00,1360.00
ORD00154691,OI000840310,ITEM0113,1,510.00,198.15,0.00,510.00
ORD00154691,OI000840311,ITEM0116,1,800.00,142.86,0.00,800.00
ORD00154691,OI000840312,ITEM0124,2,190.00,131.48,0.00,380.00
ORD00154691,OI000840313,ITEM0126,1,160.00,72.53,0.00,160.00
ORD00154691,OI000840314,ITEM0148,3,320.00,208.57,0.00,960.00
ORD00154692,OI000840315,ITEM0054,3,1330.00,424.10,0.00,3990.00
ORD00154692,OI000840316,ITEM0077,1,680.00,302.29,0.00,680.00
ORD00154692,OI000840317,ITEM0091,1,1920.00,724.96,0.00,1920.00
ORD00154692,OI000840318,ITEM0125,1,320.00,124.33,0.00,320.00
ORD00154692,OI000840319,ITEM0134,1,165.00,108.74,0.00,165.00
ORD00154692,OI000840320,ITEM0157,4,800.00,322.21,0.00,3200.00
ORD00154693,OI000840321,ITEM0011,1,940.00,340.59,0.00,940.00
ORD00154693,OI000840322,ITEM0020,1,810.00,323.82,0.00,810.00
ORD00154693,OI000840323,ITEM0067,2,320.00,108.16,0.00,640.00
ORD00154693,OI000840324,ITEM0076,1,750.00,294.74,0.00,750.00
ORD00154693,OI000840325,ITEM0134,5,165.00,108.74,247.50,577.50
ORD00154693,OI000840326,ITEM0135,3,105.00,69.46,94.50,220.50
ORD00154694,OI000840327,ITEM0073,1,850.00,331.31,0.00,850.00
ORD00154694,OI000840328,ITEM0115,1,580.00,186.26,0.00,580.00
ORD00154694,OI000840329,ITEM0129,1,600.00,188.49,0.00,600.00
ORD00154694,OI000840330,ITEM0132,2,410.00,163.26,0.00,820.00
ORD00154694,OI000840331,ITEM0133,1,180.00,78.35,0.00,180.00
ORD00154694,OI000840332,ITEM0150,3,130.00,50.35,0.00,390.00
ORD00154695,OI000840333,ITEM0065,1,1360.00,503.63,0.00,1360.00
ORD00154695,OI000840334,ITEM0136,2,480.00,175.82,0.00,960.00
ORD00154695,OI000840335,ITEM0148,1,320.00,208.57,0.00,320.00
ORD00154695,OI000840336,ITEM0151,1,65.00,45.19,0.00,65.00
ORD00154695,OI000840337,ITEM0154,1,370.00,126.03,0.00,370.00
ORD00154696,OI000840338,ITEM0002,1,215.00,75.87,0.00,215.00
ORD00154696,OI000840339,ITEM0005,2,420.00,149.00,0.00,840.00
ORD00154696,OI000840340,ITEM0015,2,520.00,184.59,0.00,1040.00
ORD00154696,OI000840341,ITEM0030,1,265.00,110.76,0.00,265.00
ORD00154696,OI000840342,ITEM0040,2,750.00,267.75,0.00,1500.00
ORD00154696,OI000840343,ITEM0124,1,190.00,131.48,0.00,190.00
ORD00154697,OI000840344,ITEM0015,2,520.00,184.59,0.00,1040.00
ORD00154697,OI000840345,ITEM0067,1,320.00,108.16,0.00,320.00
ORD00154697,OI000840346,ITEM0097,1,1080.00,539.54,0.00,1080.00
ORD00154697,OI000840347,ITEM0113,5,510.00,198.15,0.00,2550.00
ORD00154698,OI000840348,ITEM0057,1,690.00,468.22,0.00,690.00
ORD00154698,OI000840349,ITEM0062,1,670.00,350.53,0.00,670.00
ORD00154698,OI000840350,ITEM0064,1,550.00,191.14,0.00,550.00
ORD00154698,OI000840351,ITEM0151,2,65.00,45.19,0.00,130.00
ORD00154699,OI000840352,ITEM0066,2,950.00,343.77,0.00,1900.00
ORD00154699,OI000840353,ITEM0084,2,1240.00,425.59,0.00,2480.00
ORD00154699,OI000840354,ITEM0135,1,105.00,69.46,0.00,105.00
ORD00154700,OI000840355,ITEM0006,3,770.00,296.28,0.00,2310.00
ORD00154700,OI000840356,ITEM0045,1,1530.00,595.53,0.00,1530.00
ORD00154700,OI000840357,ITEM0057,1,690.00,468.22,0.00,690.00
ORD00154700,OI000840358,ITEM0081,2,1510.00,1047.44,0.00,3020.00
ORD00154700,OI000840359,ITEM0086,2,1380.00,560.08,0.00,2760.00
ORD00154700,OI000840360,ITEM0111,1,260.00,91.26,0.00,260.00
ORD00154700,OI000840361,ITEM0112,1,310.00,140.73,0.00,310.00
ORD00154700,OI000840362,ITEM0121,1,370.00,125.92,0.00,370.00
ORD00154701,OI000840363,ITEM0081,2,1510.00,1047.44,0.00,3020.00
ORD00154701,OI000840364,ITEM0088,1,1710.00,651.22,0.00,1710.00
ORD00154701,OI000840365,ITEM0123,1,330.00,138.90,0.00,330.00
ORD00154701,OI000840366,ITEM0153,2,40.00,16.47,0.00,80.00
ORD00154702,OI000840367,ITEM0007,1,1570.00,711.90,0.00,1570.00
ORD00154702,OI000840368,ITEM0038,2,1200.00,510.66,0.00,2400.00
ORD00154702,OI000840369,ITEM0057,2,690.00,468.22,0.00,1380.00
ORD00154702,OI000840370,ITEM0059,1,790.00,317.89,0.00,790.00
ORD00154702,OI000840371,ITEM0067,1,320.00,108.16,0.00,320.00
ORD00154702,OI000840372,ITEM0077,2,730.00,302.29,0.00,1460.00
ORD00154702,OI000840373,ITEM0089,1,2240.00,892.05,0.00,2240.00
ORD00154702,OI000840374,ITEM0102,1,1520.00,625.27,0.00,1520.00
ORD00154702,OI000840375,ITEM0112,1,310.00,140.73,0.00,310.00
ORD00154702,OI000840376,ITEM0130,1,235.00,91.80,0.00,235.00
ORD00154702,OI000840377,ITEM0140,1,500.00,67.98,0.00,500.00
ORD00154702,OI000840377,ITEM0140,1,500.00,67.98,0.00,500.00
ORD00154702,OI000840378,ITEM0143,1,470.00,187.60,0.00,470.00
ORD00154703,OI000840379,ITEM0055,1,750.00,235.61,0.00,750.00
ORD00154703,OI000840380,ITEM0152,3,100.00,40.74,0.00,300.00
ORD00154703,OI000840381,ITEM0160,1,105.00,47.30,0.00,105.00
ORD00154704,OI000840382,ITEM0014,1,490.00,180.01,0.00,490.00
ORD00154704,OI000840383,ITEM0023,1,470.00,200.14,0.00,470.00
ORD00154704,OI000840384,ITEM0054,1,1330.00,424.10,0.00,1330.00
ORD00154704,OI000840385,ITEM0057,1,690.00,468.22,0.00,690.00
ORD00154704,OI000840386,ITEM0124,1,190.00,131.48,0.00,190.00
ORD00154705,OI000840387,ITEM0003,1,380.00,142.17,0.00,380.00
ORD00154705,OI000840388,ITEM0020,2,810.00,323.82,0.00,1620.00
ORD00154705,OI000840389,ITEM0032,2,840.00,356.48,0.00,1680.00
ORD00154705,OI000840390,ITEM0049,5,2870.00,1132.57,0.00,14350.00
ORD00154705,OI000840391,ITEM0147,1,480.00,154.20,0.00,480.00
ORD00154705,OI000840392,ITEM0148,3,350.00,208.57,0.00,1050.00
ORD00154705,OI000840393,ITEM0151,1,70.00,45.19,0.00,70.00
ORD00154705,OI000840394,,6,130.00,48.41,0.00,780.00
ORD00154706,OI000840395,ITEM0041,1,1310.00,515.58,0.00,1310.00
ORD00154706,OI000840396,ITEM0048,2,1520.00,597.64,0.00,3040.00
ORD00154706,OI000840397,ITEM0057,1,690.00,468.22,0.00,690.00
ORD00154706,OI000840398,ITEM0068,1,680.00,470.19,0.00,680.00
ORD00154706,OI000840399,ITEM0109,1,1500.00,513.48,0.00,1500.00
ORD00154706,OI000840400,ITEM0124,2,190.00,131.48,0.00,380.00
ORD00154706,OI000840401,ITEM0125,1,320.00,124.33,0.00,320.00
ORD00154706,OI000840402,ITEM0147,1,480.00,154.20,0.00,480.00
ORD00154706,OI000840403,ITEM0151,1,65.00,45.19,0.00,65.00
ORD00154707,OI000840404,ITEM0040,1,750.00,267.75,0.00,750.00
ORD00154707,OI000840405,ITEM0041,2,1310.00,515.58,0.00,2620.00
ORD00154707,OI000840406,ITEM0046,3,2820.00,1115.76,0.00,8460.00
ORD00154707,OI000840407,ITEM0124,2,190.00,131.48,0.00,380.00
ORD00154707,OI000840408,ITEM0134,1,165.00,108.74,0.00,165.00
ORD00154707,OI000840409,ITEM0138,1,265.00,113.51,0.00,265.00
ORD00154707,OI000840410,ITEM0147,-2,480.00,154.20,0.00,960.00
ORD00154707,OI000840411,ITEM0155,3,220.00,95.85,0.00,660.00
ORD00154708,OI000840412,ITEM0013,1,400.00,179.48,0.00,400.00
ORD00154708,OI000840413,ITEM0057,2,690.00,468.22,0.00,1380.00
ORD00154708,OI000840414,ITEM0061,1,980.00,363.74,0.00,980.00
ORD00154708,OI000840415,ITEM0068,2,680.00,470.19,0.00,1360.00
ORD00154708,OI000840416,ITEM0074,2,1230.00,548.77,0.00,2460.00
ORD00154708,OI000840417,ITEM0084,1,1240.00,425.59,0.00,1240.00
ORD00154708,OI000840418,ITEM0097,3,1080.00,539.54,0.00,3240.00
ORD00154708,OI000840419,ITEM0102,3,1410.00,625.27,0.00,4230.00
ORD00154708,OI000840420,ITEM0113,2,510.00,198.15,0.00,1020.00
ORD00154708,OI000840421,ITEM0134,1,165.00,108.74,0.00,165.00
ORD00154709,OI000840422,ITEM0002,3,215.00,75.87,0.00,645.00
ORD00154709,OI000840423,ITEM0004,1,590.00,220.14,0.00,590.00
ORD00154709,OI000840424,ITEM0032,1,780.00,356.48,0.00,780.00
ORD00154709,OI000840425,ITEM0044,2,1480.00,512.67,0.00,2960.00
ORD00154709,OI000840426,ITEM0076,1,750.00,294.74,0.00,750.00
ORD00154709,OI000840427,ITEM0098,1,1220.00,521.65,0.00,1220.00
ORD00154709,OI000840428,ITEM0113,1,510.00,198.15,0.00,510.00
ORD00154709,OI000840429,ITEM0117,3,930.00,145.29,0.00,2790.00
ORD00154709,OI000840430,ITEM0125,1,320.00,124.33,0.00,320.00
ORD00154709,OI000840431,ITEM0154,1,370.00,126.03,0.00,370.00
ORD00154710,OI000840432,ITEM0029,1,950.00,312.12,0.00,950.00
ORD00154710,OI000840433,ITEM0032,1,780.00,356.48,0.00,780.00
ORD00154710,OI000840434,ITEM0057,1,690.00,468.22,0.00,690.00
ORD00154710,OI000840435,ITEM0114,1,270.00,86.95,0.00,270.00
ORD00154710,OI000840436,ITEM0129,1,600.00,188.49,0.00,600.00
ORD00154710,OI000840437,ITEM0148,2,320.00,208.57,0.00,640.00
ORD00154710,OI000840438,ITEM0157,2,800.00,322.21,0.00,1600.00
ORD00154711,OI000840439,ITEM0045,4,1530.00,595.53,0.00,6120.00
ORD00154711,OI000840440,ITEM0054,1,1440.00,424.10,0.00,1440.00
ORD00154711,OI000840441,ITEM0069,1,1180.00,407.68,0.00,1180.00
ORD00154711,OI000840442,ITEM0077,2,730.00,302.29,0.00,1460.00
ORD00154711,OI000840443,ITEM0091,2,1920.00,724.96,0.00,3840.00
ORD00154712,OI000840444,ITEM0013,1,400.00,179.48,0.00,400.00
ORD00154712,OI000840445,ITEM0028,1,390.00,160.88,0.00,390.00
ORD00154712,OI000840446,ITEM0048,3,1520.00,597.64,0.00,4560.00
ORD00154712,OI000840447,ITEM0068,2,680.00,470.19,0.00,1360.00
ORD00154712,OI000840448,ITEM0081,1,1510.00,1047.44,0.00,1510.00
ORD00154712,OI000840449,ITEM0084,1,1240.00,425.59,0.00,1240.00
ORD00154712,OI000840450,ITEM0095,2,1190.00,508.41,0.00,2380.00
ORD00154712,OI000840451,ITEM0134,1,165.00,108.74,0.00,165.00
ORD00154712,OI000840452,ITEM0151,1,65.00,45.19,0.00,65.00
ORD00154712,OI000840453,ITEM0153,2,40.00,16.47,0.00,80.00
ORD00154712,OI000840454,ITEM0157,1,800.00,322.21,0.00,800.00
ORD00154713,OI000840455,ITEM0003,1,380.00,142.17,0.00,380.00
ORD00154713,OI000840456,ITEM0004,4,590.00,220.14,0.00,2360.00
ORD00154713,OI000840457,ITEM0048,1,1520.00,597.64,0.00,1520.00
ORD00154713,OI000840458,ITEM0054,6,1330.00,424.10,0.00,7980.00
ORD00154713,OI000840459,ITEM0113,2,510.00,198.15,0.00,1020.00
ORD00154713,OI000840460,ITEM0151,6,65.00,45.19,117.00,273.00
ORD00154713,OI000840461,ITEM0160,1,105.00,47.30,31.50,73.50
ORD00154714,OI000840462,ITEM0028,1,390.00,160.88,0.00,390.00
ORD00154714,OI000840463,ITEM0036,2,840.00,338.10,0.00,1680.00
ORD00154714,OI000840464,ITEM0054,2,1330.00,424.10,0.00,2660.00
ORD00154714,OI000840465,ITEM0057,1,690.00,468.22,0.00,690.00
ORD00154714,OI000840466,ITEM0068,2,680.00,470.19,0.00,1360.00
ORD00154715,OI000840467,ITEM0011,2,1020.00,340.59,0.00,2040.00
ORD00154715,OI000840468,ITEM0045,3,1530.00,595.53,0.00,4590.00
ORD00154715,OI000840469,ITEM0050,1,1910.00,776.26,0.00,1910.00
ORD00154715,OI000840470,ITEM0068,1,680.00,470.19,0.00,680.00
ORD00154715,OI000840471,ITEM0148,3,350.00,208.57,0.00,1050.00
ORD00154715,OI000840472,ITEM0151,2,70.00,45.19,0.00,140.00
ORD00154715,OI000840473,ITEM0154,4,370.00,126.03,0.00,1480.00
ORD00154716,OI000840474,ITEM0010,1,1390.00,568.66,0.00,1390.00
ORD00154716,OI000840475,ITEM0036,2,840.00,338.10,0.00,1680.00
ORD00154716,OI000840476,ITEM0073,1,850.00,331.31,0.00,850.00
ORD00154716,OI000840477,ITEM0089,1,2070.00,892.05,0.00,2070.00
ORD00154716,OI000840478,ITEM0098,1,1220.00,521.65,0.00,1220.00
ORD00154716,OI000840479,ITEM0112,1,310.00,140.73,0.00,310.00
ORD00154716,OI000840480,ITEM0150,5,130.00,50.35,0.00,650.00
ORD00154717,OI000840481,ITEM0014,1,490.00,180.01,0.00,490.00
ORD00154717,OI000840482,ITEM0036,1,840.00,338.10,0.00,840.00
ORD00154717,OI000840483,ITEM0054,1,1440.00,424.10,0.00,1440.00
ORD00154717,OI000840484,ITEM0057,1,690.00,468.22,0.00,690.00
ORD00154717,OI000840485,ITEM0061,2,1060.00,363.74,0.00,2120.00
ORD00154717,OI000840486,ITEM0069,1,1180.00,407.68,0.00,1180.00
ORD00154717,OI000840487,ITEM0135,2,105.00,69.46,0.00,210.00
ORD00154717,OI000840488,ITEM0151,1,70.00,45.19,0.00,70.00
ORD00154718,OI000840489,ITEM0014,1,490.00,180.01,0.00,490.00
ORD00154718,OI000840490,ITEM0057,1,690.00,468.22,0.00,690.00
ORD00154719,OI000840491,ITEM0004,1,590.00,220.14,0.00,590.00
ORD00154719,OI000840492,ITEM0087,2,3170.00,1492.61,1902.00,4438.00
ORD00154719,OI000840493,ITEM0121,1,370.00,125.92,0.00,370.00
ORD00154719,OI000840494,ITEM0143,2,470.00,187.60,282.00,658.00
ORD00154720,OI000840495,ITEM0001,1,270.00,95.57,0.00,270.00
ORD00154720,OI000840496,ITEM0070,2,1330.00,627.42,798.00,1862.00
ORD00154720,OI000840497,ITEM0085,1,1630.00,650.03,0.00,1630.00
ORD00154720,OI000840498,ITEM0132,2,410.00,163.26,0.00,820.00
ORD00154720,OI000840499,ITEM0153,1,40.00,16.47,12.00,28.00
ORD00154721,OI000840500,ITEM0002,1,215.00,75.87,0.00,215.00
ORD00154721,OI000840501,ITEM0004,4,590.00,220.14,0.00,2360.00
ORD00154721,OI000840502,ITEM0023,1,470.00,200.14,0.00,470.00
ORD00154721,OI000840503,ITEM0057,4,690.00,468.22,0.00,2760.00
ORD00154721,OI000840504,ITEM0061,1,980.00,363.74,0.00,980.00
ORD00154721,OI000840505,ITEM0124,1,190.00,131.48,0.00,190.00
ORD00154721,OI000840506,ITEM0134,3,165.00,108.74,0.00,495.00
ORD00154721,OI000840507,ITEM0148,1,320.00,208.57,0.00,320.00
ORD00154722,OI000840508,ITEM0084,2,1240.00,425.59,0.00,2480.00
ORD00154722,OI000840509,ITEM0090,1,1910.00,682.77,0.00,1910.00
ORD00154722,OI000840510,ITEM0124,1,190.00,131.48,0.00,190.00
ORD00154723,OI000840511,ITEM0048,1,1520.00,597.64,0.00,1520.00
ORD00154723,OI000840512,ITEM0132,3,410.00,163.26,0.00,1230.00
ORD00154723,OI000840513,ITEM0148,3,320.00,208.57,0.00,960.00
ORD00154724,OI000840514,ITEM0007,2,1570.00,711.90,942.00,2198.00
ORD00154724,OI000840515,ITEM0046,1,2820.00,1115.76,0.00,2820.00
ORD00154724,OI000840516,ITEM0073,3,850.00,331.31,0.00,2550.00
ORD00154724,OI000840517,ITEM0140,1,460.00,67.98,138.00,322.00
ORD00154724,OI000840518,ITEM0148,2,320.00,208.57,192.00,448.00
ORD00154725,OI000840519,ITEM0033,1,940.00,306.02,0.00,940.00
ORD00154725,OI000840520,ITEM0081,3,1510.00,1047.44,0.00,4530.00
ORD00154725,OI000840521,ITEM0088,1,1710.00,651.22,0.00,1710.00
ORD00154725,OI000840522,ITEM0122,2,690.00,295.82,0.00,1380.00
ORD00154725,OI000840523,ITEM0135,2,105.00,69.46,0.00,210.00
ORD00154725,OI000840524,ITEM0151,3,65.00,45.19,0.00,195.00
ORD00154725,OI000840525,ITEM0160,1,105.00,47.30,0.00,105.00
ORD00154726,OI000840526,ITEM0014,1,490.00,180.01,0.00,490.00
ORD00154726,OI000840527,ITEM0015,1,520.00,184.59,0.00,520.00
ORD00154726,OI000840528,ITEM0024,1,820.00,285.28,0.00,820.00
ORD00154726,OI000840529,ITEM0046,1,2820.00,1115.76,0.00,2820.00
ORD00154726,OI000840530,ITEM0057,1,690.00,468.22,0.00,690.00
ORD00154726,OI000840531,ITEM0066,2,950.00,343.77,0.00,1900.00
ORD00154726,OI000840532,ITEM0094,2,1550.00,716.43,0.00,3100.00
ORD00154726,OI000840533,ITEM0147,2,480.00,154.20,0.00,960.00
ORD00154727,OI000840534,ITEM0013,1,400.00,179.48,0.00,400.00
ORD00154727,OI000840535,ITEM0048,1,1520.00,597.64,0.00,1520.00
ORD00154727,OI000840536,ITEM0068,4,680.00,470.19,0.00,2720.00
ORD00154727,OI000840537,ITEM0126,3,160.00,72.53,0.00,480.00
ORD00154727,OI000840538,ITEM0151,3,65.00,45.19,0.00,195.00
ORD00154728,OI000840539,ITEM0002,1,215.00,75.87,0.00,215.00
ORD00154728,OI000840540,ITEM0010,1,1390.00,568.66,0.00,1390.00
ORD00154728,OI000840541,ITEM0043,1,5110.00,2066.57,0.00,5110.00
ORD00154728,OI000840542,ITEM0045,1,1530.00,595.53,0.00,1530.00
ORD00154728,OI000840543,ITEM0068,1,680.00,470.19,0.00,680.00
ORD00154728,OI000840544,ITEM0073,2,850.00,331.31,0.00,1700.00
ORD00154728,OI000840545,ITEM0081,2,1510.00,1047.44,0.00,3020.00
ORD00154729,OI000840546,ITEM0081,1,1510.00,1047.44,0.00,1510.00
ORD00154729,OI000840547,ITEM0090,1,1910.00,682.77,0.00,1910.00
ORD00154729,OI000840548,ITEM0151,1,70.00,45.19,0.00,70.00
ORD00154730,OI000840549,ITEM0003,3,380.00,142.17,0.00,1140.00
ORD00154730,OI000840551,ITEM0081,1,1510.00,1047.44,0.00,1510.00
ORD00154730,OI000840552,ITEM0119,1,470.00,169.51,0.00,470.00
ORD00154730,OI000840553,ITEM0145,1,370.00,151.19,0.00,370.00
ORD00154730,OI000840554,ITEM0148,2,320.00,208.57,0.00,640.00
ORD00154731,OI000840555,ITEM0005,2,420.00,149.00,0.00,840.00
ORD00154731,OI000840556,ITEM0061,2,980.00,363.74,0.00,1960.00
ORD00154731,OI000840557,ITEM0091,4,1920.00,724.96,0.00,7680.00
ORD00154732,OI000840558,ITEM0012,1,900.00,402.60,0.00,900.00
ORD00154732,OI000840559,ITEM0129,1,600.00,188.49,0.00,600.00
ORD00154732,OI000840560,ITEM0134,1,165.00,108.74,0.00,165.00
ORD00154732,OI000840561,ITEM0156,1,130.00,48.41,0.00,130.00
ORD00154732,OI000840561,ITEM0156,1,130.00,48.41,0.00,130.00
ORD00154733,OI000840562,ITEM0016,1,560.00,210.83,0.00,560.00
ORD00154733,OI000840563,ITEM0103,1,3090.00,1298.00,0.00,3090.00
ORD00154733,OI000840564,ITEM0132,2,410.00,163.26,0.00,820.00
ORD00154733,OI000840565,ITEM0134,4,165.00,108.74,198.00,462.00
ORD00154733,OI000840566,ITEM0150,4,130.00,50.35,156.00,364.00
ORD00154734,OI000840567,ITEM0068,3,680.00,470.19,0.00,2040.00
ORD00154734,OI000840568,ITEM0112,2,310.00,140.73,0.00,620.00
ORD00154734,OI000840569,ITEM0119,1,470.00,169.51,0.00,470.00
ORD00154734,OI000840570,ITEM0143,3,470.00,187.60,0.00,1410.00
ORD00154735,OI000840571,ITEM0050,1,1770.00,776.26,0.00,1770.00
ORD00154735,OI000840572,ITEM0066,1,950.00,343.77,0.00,950.00
ORD00154735,OI000840573,ITEM0084,1,1240.00,425.59,0.00,1240.00
ORD00154735,OI000840574,ITEM0098,1,1220.00,521.65,0.00,1220.00
ORD00154735,OI000840575,ITEM0134,1,165.00,108.74,0.00,165.00
ORD00154735,OI000840576,ITEM0148,5,320.00,208.57,0.00,1600.00
ORD00154736,OI000840577,ITEM0045,1,1530.00,595.53,0.00,1530.00
ORD00154736,OI000840578,ITEM0054,2,1440.00,424.10,0.00,2880.00
ORD00154736,OI000840579,ITEM0057,1,690.00,468.22,0.00,690.00
ORD00154736,OI000840580,ITEM0145,2,370.00,151.19,0.00,740.00
ORD00154736,OI000840580,ITEM0145,2,370.00,151.19,0.00,740.00
ORD00154736,OI000840581,ITEM0159,2,460.00,192.62,0.00,920.00
ORD00154737,OI000840582,ITEM0002,1,215.00,75.87,0.00,215.00
ORD00154737,OI000840583,ITEM0113,1,510.00,198.15,0.00,510.00
ORD00154737,OI000840584,ITEM0124,2,190.00,131.48,0.00,380.00
ORD00154737,OI000840585,ITEM0134,1,165.00,108.74,0.00,165.00
ORD00154737,OI000840586,ITEM0151,3,65.00,45.19,0.00,195.00
ORD00154738,OI000840587,ITEM0004,1,590.00,220.14,0.00,590.00
ORD00154738,OI000840588,ITEM0115,1,580.00,186.26,0.00,580.00
ORD00154738,OI000840589,ITEM0139,2,410.00,69.54,0.00,820.00
ORD00154738,OI000840590,ITEM0151,1,70.00,45.19,0.00,70.00
ORD00154739,OI000840591,ITEM0047,1,1650.00,627.28,0.00,1650.00
ORD00154739,OI000840592,ITEM0068,1,680.00,470.19,0.00,680.00
ORD00154739,OI000840593,ITEM0081,1,1510.00,1047.44,0.00,1510.00
ORD00154739,OI000840594,ITEM0148,3,320.00,208.57,0.00,960.00
ORD00154739,OI000840595,ITEM0151,4,65.00,45.19,0.00,260.00
ORD00154740,OI000840596,ITEM0091,1,1920.00,724.96,0.00,1920.00
ORD00154740,OI000840597,ITEM0109,1,1500.00,513.48,0.00,1500.00
ORD00154740,OI000840598,ITEM0121,2,370.00,125.92,0.00,740.00
ORD00154740,OI000840599,ITEM0143,1,470.00,187.60,141.00,329.00
ORD00154740,OI000840600,ITEM4293,2,480.00,154.20,288.00,672.00
ORD00154741,OI000840601,ITEM0054,1,1330.00,424.10,0.00,1330.00
ORD00154741,OI000840602,ITEM0068,2,680.00,470.19,0.00,1360.00
ORD00154741,OI000840603,ITEM0129,2,600.00,188.49,0.00,1200.00
ORD00154741,OI000840604,ITEM0152,1,100.00,40.74,0.00,100.00
ORD00154742,OI000840605,ITEM0021,1,450.00,184.70,0.00,450.00
ORD00154742,OI000840606,ITEM0081,1,1510.00,1047.44,0.00,1510.00
ORD00154742,OI000840607,ITEM0089,2,2240.00,892.05,0.00,4480.00
ORD00154742,OI000840608,ITEM0134,1,165.00,108.74,0.00,165.00
ORD00154742,OI000840609,ITEM0148,2,350.00,208.57,0.00,700.00
ORD00154743,OI000840610,ITEM0016,1,560.00,210.83,0.00,560.00
ORD00154743,OI000840611,ITEM0046,1,2820.00,1115.76,0.00,2820.00
ORD00154743,OI000840612,ITEM0057,2,690.00,468.22,0.00,1380.00
ORD00154743,OI000840613,ITEM0153,3,40.00,16.47,0.00,120.00
ORD00154744,OI000840615,ITEM0127,1,500.00,76.86,0.00,500.00
ORD00154744,OI000840616,ITEM0154,3,370.00,126.03,0.00,1110.00
ORD00154745,OI000840617,ITEM0057,5,690.00,468.22,0.00,3450.00
ORD00154745,OI000840618,ITEM0068,1,680.00,470.19,0.00,680.00
ORD00154745,OI000840619,ITEM0086,1,1380.00,560.08,0.00,1380.00
ORD00154745,OI000840620,ITEM0091,2,1920.00,724.96,0.00,3840.00
ORD00154745,OI000840621,ITEM0123,1,330.00,138.90,0.00,330.00
ORD00154745,OI000840622,ITEM0138,1,265.00,113.51,0.00,265.00
ORD00154745,OI000840623,ITEM0143,4,470.00,187.60,0.00,1880.00
ORD00154746,OI000840624,ITEM0081,3,1510.00,1047.44,0.00,4530.00
ORD00154746,OI000840625,ITEM0085,1,1630.00,650.03,0.00,1630.00
ORD00154746,OI000840626,ITEM0134,-8,165.00,108.74,0.00,1320.00
ORD00154748,OI000840631,ITEM0010,1,1390.00,568.66,0.00,1390.00
ORD00154748,OI000840632,ITEM0753,2,510.00,198.15,0.00,1020.00
ORD00154748,OI000840633,ITEM0129,5,600.00,188.49,0.00,3000.00
ORD00154748,OI000840634,ITEM0138,3,265.00,113.51,0.00,795.00
ORD00154749,OI000840635,ITEM0043,1,5110.00,2066.57,0.00,5110.00
ORD00154749,OI000840636,ITEM0074,1,1230.00,548.77,0.00,1230.00
ORD00154749,OI000840637,ITEM0077,3,680.00,302.29,0.00,2040.00
ORD00154749,OI000840638,ITEM0137,1,310.00,112.52,93.00,217.00
ORD00154749,OI000840639,ITEM0145,2,370.00,151.19,222.00,518.00
ORD00154749,OI000840640,ITEM0148,4,320.00,208.57,384.00,896.00
ORD00154750,OI000840641,ITEM0039,2,980.00,450.35,0.00,1960.00
ORD00154750,OI000840642,ITEM0066,1,950.00,343.77,0.00,950.00
ORD00154750,OI000840643,ITEM0083,2,1760.00,701.86,0.00,3520.00
ORD00154750,OI000840644,ITEM0089,1,2070.00,892.05,0.00,2070.00
ORD00154750,OI000840645,ITEM0123,1,310.00,138.90,0.00,310.00
ORD00154750,OI000840646,ITEM0136,4,480.00,175.82,0.00,1920.00
ORD00154751,OI000840647,ITEM0045,1,1530.00,595.53,0.00,1530.00
ORD00154751,OI000840648,ITEM0048,3,1520.00,597.64,0.00,4560.00
ORD00154751,OI000840649,ITEM0054,1,1330.00,424.10,0.00,1330.00
ORD00154751,OI000840650,ITEM0055,1,750.00,235.61,0.00,750.00
ORD00154751,OI000840651,ITEM0066,1,950.00,343.77,0.00,950.00
ORD00154751,OI000840652,ITEM0147,3,480.00,154.20,0.00,1440.00
ORD00154751,OI000840653,ITEM0149,2,380.00,173.20,0.00,760.00
ORD00154752,OI000840654,ITEM0018,1,620.00,236.34,0.00,620.00
ORD00154752,OI000840655,ITEM0067,1,320.00,108.16,0.00,320.00
ORD00154752,OI000840656,ITEM0151,4,65.00,45.19,0.00,260.00
ORD00154752,OI000840657,ITEM0153,1,40.00,16.47,0.00,40.00
ORD00154753,OI000840658,ITEM0052,1,800.00,314.45,0.00,800.00
ORD00154753,OI000840659,ITEM0091,1,1920.00,724.96,0.00,1920.00
ORD00154753,OI000840660,ITEM0109,1,1500.00,513.48,0.00,1500.00
ORD00154753,OI000840661,ITEM0148,1,350.00,208.57,0.00,350.00
ORD00154754,OI000840662,ITEM0048,1,1520.00,597.64,0.00,1520.00
ORD00154754,OI000840663,ITEM0062,1,670.00,350.53,0.00,670.00
ORD00154754,OI000840664,ITEM0132,2,410.00,163.26,0.00,820.00
ORD00154754,OI000840665,ITEM0147,3,480.00,154.20,0.00,1440.00
ORD00154754,OI000840666,ITEM0156,2,130.00,48.41,0.00,260.00
ORD00154755,OI000840667,ITEM0070,1,1330.00,627.42,399.00,931.00
ORD00154755,OI000840668,ITEM0118,1,720.00,333.71,216.00,504.00
ORD00154755,OI000840669,ITEM0145,1,370.00,151.19,111.00,259.00
ORD00154755,OI000840670,ITEM0148,2,350.00,208.57,210.00,490.00
ORD00154755,OI000840671,ITEM0159,1,460.00,192.62,138.00,322.00
ORD00154756,OI000840672,ITEM0036,1,840.00,338.10,0.00,840.00
ORD00154756,OI000840673,ITEM0057,1,690.00,468.22,0.00,690.00
ORD00154756,OI000840674,ITEM0075,3,630.00,269.61,0.00,1890.00
ORD00154756,OI000840675,ITEM0081,2,1510.00,1047.44,0.00,3020.00
ORD00154756,OI000840676,ITEM0084,2,1240.00,425.59,0.00,2480.00
ORD00154756,OI000840677,ITEM0148,4,320.00,208.57,0.00,1280.00
ORD00154756,OI000840678,ITEM0151,1,65.00,45.19,0.00,65.00
ORD00154757,OI000840679,ITEM0040,4,750.00,267.75,0.00,3000.00
ORD00154757,OI000840680,ITEM0135,1,105.00,69.46,0.00,105.00
ORD00154757,OI000840681,ITEM0155,2,220.00,95.85,0.00,440.00
ORD00154757,OI000840682,ITEM0157,3,800.00,322.21,0.00,2400.00
ORD00154758,OI000840683,ITEM0039,1,980.00,450.35,0.00,980.00
ORD00154758,OI000840683,ITEM0039,1,980.00,450.35,0.00,980.00
ORD00154758,OI000840684,ITEM0046,3,2820.00,1115.76,0.00,8460.00
ORD00154758,OI000840685,ITEM0049,-3,2870.00,1132.57,0.00,8610.00
ORD00154758,OI000840686,ITEM0089,3,2240.00,892.05,0.00,6720.00
ORD00154758,OI000840687,ITEM0090,1,1910.00,682.77,0.00,1910.00
ORD00154758,OI000840688,ITEM0106,1,4170.00,1825.61,0.00,4170.00
ORD00154758,OI000840689,ITEM0138,2,265.00,113.51,0.00,530.00
ORD00154758,OI000840690,ITEM0147,2,480.00,154.20,0.00,960.00
ORD00154759,OI000840691,ITEM0045,1,1530.00,595.53,0.00,1530.00
ORD00154759,OI000840692,ITEM0075,1,630.00,269.61,0.00,630.00
ORD00154759,OI000840693,ITEM0109,1,1500.00,513.48,0.00,1500.00
ORD00154759,OI000840694,ITEM0133,2,180.00,78.35,0.00,360.00
ORD00154759,OI000840695,ITEM0145,2,370.00,151.19,0.00,740.00
ORD00154759,OI000840696,ITEM0153,4,40.00,16.47,0.00,160.00
ORD00154760,OI000840697,ITEM0036,1,840.00,338.10,0.00,840.00
ORD00154760,OI000840698,ITEM0045,1,1530.00,595.53,0.00,1530.00
ORD00154760,OI000840699,ITEM0066,2,950.00,343.77,0.00,1900.00
ORD00154760,OI000840700,ITEM0068,1,680.00,470.19,0.00,680.00
ORD00154760,OI000840701,ITEM0074,1,1230.00,548.77,0.00,1230.00
ORD00154760,OI000840702,ITEM0112,1,310.00,140.73,0.00,310.00
ORD00154760,OI000840703,ITEM0148,1,320.00,208.57,0.00,320.00
ORD00154760,OI000840704,ITEM0157,3,800.00,322.21,0.00,2400.00
ORD00154761,OI000840705,ITEM0033,1,940.00,306.02,0.00,940.00
ORD00154761,OI000840706,ITEM0036,1,840.00,338.10,0.00,840.00
ORD00154761,OI000840707,ITEM0055,2,750.00,235.61,0.00,1500.00
ORD00154761,OI000840708,ITEM0058,3,1250.00,392.19,0.00,3750.00
ORD00154761,OI000840709,ITEM0068,2,680.00,470.19,0.00,1360.00
ORD00154761,OI000840710,ITEM0122,1,690.00,295.82,0.00,690.00
ORD00154761,OI000840711,ITEM0133,1,180.00,78.35,0.00,180.00
ORD00154761,OI000840712,ITEM0134,3,165.00,108.74,0.00,495.00
ORD00154761,OI000840713,ITEM0145,3,370.00,151.19,0.00,1110.00
ORD00154761,OI000840714,ITEM0148,1,320.00,208.57,0.00,320.00
ORD00154762,OI000840715,ITEM0015,1,520.00,184.59,0.00,520.00
ORD00154762,OI000840716,ITEM0141,1,510.00,166.18,0.00,510.00
ORD00154762,OI000840717,ITEM0148,2,320.00,208.57,0.00,640.00
ORD00154763,OI000840718,ITEM0078,2,1250.00,560.33,0.00,2500.00
ORD00154763,OI000840719,ITEM0091,2,1920.00,724.96,0.00,3840.00
ORD00154763,OI000840720,ITEM0112,1,310.00,140.73,0.00,310.00
ORD00154763,OI000840721,ITEM0138,1,265.00,113.51,0.00,265.00
ORD00154763,OI000840722,ITEM0151,2,65.00,45.19,0.00,130.00
ORD00154764,OI000840723,ITEM0057,1,690.00,468.22,0.00,690.00
ORD00154764,OI000840724,ITEM0068,1,680.00,470.19,0.00,680.00
ORD00154764,OI000840725,ITEM0072,1,790.00,332.55,0.00,790.00
ORD00154764,OI000840726,ITEM0147,3,480.00,154.20,0.00,1440.00
ORD00154764,OI000840727,ITEM0151,6,70.00,45.19,0.00,420.00
ORD00154765,OI000840728,ITEM0050,2,1770.00,776.26,0.00,3540.00
ORD00154765,OI000840729,ITEM0081,2,1510.00,1047.44,0.00,3020.00
ORD00154765,OI000840730,ITEM0124,1,190.00,131.48,0.00,190.00
ORD00154765,OI000840731,ITEM0134,2,165.00,108.74,0.00,330.00
ORD00154765,OI000840732,ITEM0152,1,100.00,40.74,0.00,100.00
ORD00154766,OI000840733,ITEM0015,1,520.00,184.59,0.00,520.00
ORD00154766,OI000840734,ITEM0029,4,950.00,312.12,0.00,3800.00
ORD00154766,OI000840735,ITEM0030,1,265.00,110.76,0.00,265.00
ORD00154766,OI000840736,ITEM0033,1,940.00,306.02,0.00,940.00
ORD00154766,OI000840737,ITEM0046,1,2820.00,1115.76,0.00,2820.00
ORD00154766,OI000840738,ITEM0051,3,680.00,266.66,0.00,2040.00
ORD00154766,OI000840739,ITEM0054,1,1330.00,424.10,0.00,1330.00
ORD00154766,OI000840740,ITEM0091,1,1920.00,724.96,0.00,1920.00
ORD00154766,OI000840741,ITEM0149,4,380.00,173.20,0.00,1520.00
ORD00154767,OI000840742,ITEM0050,1,1910.00,776.26,0.00,1910.00
ORD00154767,OI000840743,ITEM0089,1,2240.00,892.05,0.00,2240.00
ORD00154767,OI000840744,ITEM0113,1,510.00,198.15,0.00,510.00
ORD00154767,OI000840745,ITEM0141,2,510.00,166.18,306.00,714.00
ORD00154767,OI000840746,ITEM0156,2,130.00,48.41,78.00,182.00
ORD00154768,OI000840747,ITEM0068,1,680.00,470.19,0.00,680.00
ORD00154768,OI000840748,ITEM0087,1,3170.00,1492.61,951.00,2219.00
ORD00154768,OI000840749,ITEM0108,1,1800.00,648.55,0.00,1800.00
ORD00154768,OI000840750,ITEM0151,6,65.00,45.19,117.00,273.00
ORD00154769,OI000840751,ITEM0134,3,165.00,108.74,0.00,495.00
ORD00154769,OI000840752,ITEM0154,2,370.00,126.03,0.00,740.00
ORD00154770,OI000840753,ITEM0001,1,270.00,95.57,0.00,270.00
ORD00154770,OI000840754,ITEM0005,1,450.00,149.00,0.00,450.00
ORD00154770,OI000840755,ITEM0011,1,1020.00,340.59,0.00,1020.00
ORD00154770,OI000840756,ITEM0047,1,1780.00,627.28,0.00,1780.00
ORD00154770,OI000840757,ITEM0109,1,1500.00,513.48,0.00,1500.00
ORD00154771,OI000840758,ITEM0045,1,1530.00,595.53,0.00,1530.00
ORD00154771,OI000840759,ITEM0075,1,630.00,269.61,0.00,630.00
ORD00154771,OI000840760,ITEM0150,2,130.00,50.35,0.00,260.00
ORD00154772,OI000840761,ITEM0048,1,1520.00,597.64,0.00,1520.00
ORD00154772,OI000840762,ITEM0058,1,1250.00,392.19,0.00,1250.00
ORD00154772,OI000840763,ITEM0065,1,1360.00,503.63,0.00,1360.00
ORD00154772,OI000840764,ITEM0066,3,950.00,343.77,0.00,2850.00
ORD00154772,OI000840765,ITEM0132,1,410.00,163.26,0.00,410.00
ORD00154772,OI000840766,ITEM0148,1,320.00,208.57,0.00,320.00
ORD00154773,OI000840767,ITEM0031,1,1190.00,364.08,0.00,1190.00
ORD00154773,OI000840768,ITEM0033,1,940.00,306.02,0.00,940.00
ORD00154773,OI000840769,ITEM0045,3,1530.00,595.53,0.00,4590.00
ORD00154773,OI000840770,ITEM0046,2,2820.00,1115.76,0.00,5640.00
ORD00154773,OI000840771,ITEM0061,1,1060.00,363.74,0.00,1060.00
ORD00154773,OI000840772,ITEM0113,1,510.00,198.15,0.00,510.00
ORD00154773,OI000840773,ITEM0124,1,190.00,131.48,0.00,190.00
ORD00154773,OI000840774,ITEM0148,1,350.00,208.57,0.00,350.00
ORD00154773,OI000840775,ITEM0151,5,70.00,45.19,0.00,350.00
ORD00154774,OI000840776,ITEM0054,2,1440.00,424.10,0.00,2880.00
ORD00154774,OI000840777,ITEM0151,4,70.00,45.19,0.00,280.00
ORD00154775,OI000840778,ITEM0048,3,1520.00,597.64,0.00,4560.00
ORD00154775,OI000840779,ITEM0055,2,750.00,235.61,0.00,1500.00
ORD00154775,OI000840780,ITEM0117,1,930.00,145.29,0.00,930.00
ORD00154775,OI000840781,ITEM0125,2,320.00,124.33,0.00,640.00
ORD00154775,OI000840782,ITEM0148,1,350.00,208.57,0.00,350.00
ORD00154775,OI000840783,ITEM0151,2,70.00,45.19,0.00,140.00
ORD00154776,OI000840784,ITEM0038,2,1200.00,510.66,0.00,2400.00
ORD00154776,OI000840785,ITEM0055,2,750.00,235.61,0.00,1500.00
ORD00154776,OI000840786,ITEM0112,1,310.00,140.73,0.00,310.00
ORD00154776,OI000840787,ITEM0135,2,105.00,69.46,63.00,147.00
ORD00154776,OI000840788,ITEM0138,2,265.00,113.51,159.00,371.00
ORD00154776,OI000840788,ITEM0138,2,265.00,113.51,159.00,371.00
ORD00154776,OI000840789,ITEM0141,2,510.00,166.18,306.00,714.00
ORD00154777,OI000840790,ITEM0005,1,420.00,149.00,0.00,420.00
ORD00154777,OI000840791,ITEM0020,1,810.00,323.82,0.00,810.00
ORD00154777,OI000840792,ITEM0045,1,1530.00,595.53,0.00,1530.00
ORD00154777,OI000840793,ITEM0081,1,1510.00,1047.44,0.00,1510.00
ORD00154777,OI000840794,ITEM0143,1,470.00,187.60,0.00,470.00
ORD00154777,OI000840795,ITEM0151,4,65.00,45.19,0.00,260.00
ORD00154778,OI000840796,ITEM0049,3,2660.00,1132.57,0.00,7980.00
ORD00154778,OI000840797,ITEM0051,2,680.00,266.66,0.00,1360.00
ORD00154778,OI000840798,ITEM0064,1,550.00,191.14,0.00,550.00
ORD00154778,OI000840799,ITEM0091,1,1920.00,724.96,0.00,1920.00
ORD00154778,OI000840800,ITEM0099,1,1300.00,471.54,0.00,1300.00
ORD00154778,OI000840801,ITEM0102,1,1410.00,625.27,0.00,1410.00
ORD00154779,OI000840802,ITEM0026,1,570.00,245.78,0.00,570.00
ORD00154779,OI000840803,ITEM0086,1,1380.00,560.08,0.00,1380.00
ORD00154779,OI000840804,ITEM0109,1,1500.00,513.48,0.00,1500.00
ORD00154779,OI000840805,ITEM0132,2,410.00,163.26,0.00,820.00
ORD00154779,OI000840806,ITEM0134,2,165.00,108.74,0.00,330.00
ORD00154780,OI000840807,ITEM0035,1,1000.00,418.08,0.00,1000.00
ORD00154780,OI000840808,ITEM0045,1,1530.00,595.53,0.00,1530.00
ORD00154780,OI000840808,ITEM0045,1,1530.00,595.53,0.00,1530.00
ORD00154780,OI000840809,ITEM0055,2,750.00,235.61,0.00,1500.00
ORD00154780,OI000840810,ITEM0057,1,690.00,468.22,0.00,690.00
ORD00154780,OI000840811,ITEM0081,1,1510.00,1047.44,0.00,1510.00
ORD00154780,OI000840812,ITEM0149,1,380.00,173.20,0.00,380.00
ORD00154780,OI000840813,ITEM0151,8,65.00,45.19,0.00,520.00
ORD00154781,OI000840814,ITEM0020,1,810.00,323.82,0.00,810.00
ORD00154781,OI000840815,ITEM0026,2,570.00,245.78,0.00,1140.00
ORD00154781,OI000840816,ITEM0048,2,1520.00,597.64,0.00,3040.00
ORD00154781,OI000840817,ITEM0055,1,750.00,235.61,0.00,750.00
ORD00154781,OI000840818,ITEM0132,1,410.00,163.26,0.00,410.00
ORD00154781,OI000840819,ITEM0135,2,105.00,69.46,0.00,210.00
ORD00154781,OI000840820,ITEM0138,2,265.00,113.51,0.00,530.00
ORD00154781,OI000840821,ITEM0143,2,470.00,187.60,0.00,940.00
ORD00154782,OI000840822,ITEM0001,1,270.00,95.57,0.00,270.00
ORD00154782,OI000840823,ITEM0002,2,215.00,75.87,0.00,430.00
ORD00154782,OI000840824,ITEM0015,1,520.00,184.59,0.00,520.00
ORD00154782,OI000840825,ITEM0053,1,1470.00,605.77,0.00,1470.00
ORD00154782,OI000840826,ITEM0054,1,1440.00,424.10,0.00,1440.00
ORD00154782,OI000840827,ITEM0058,1,1250.00,392.19,0.00,1250.00
ORD00154782,OI000840828,ITEM0062,1,670.00,350.53,0.00,670.00
ORD00154782,OI000840829,ITEM0135,2,105.00,69.46,0.00,210.00
ORD00154782,OI000840830,ITEM0149,1,380.00,173.20,0.00,380.00
ORD00154782,OI000840831,ITEM0157,2,800.00,322.21,0.00,1600.00
ORD00154783,OI000840832,ITEM0041,3,1310.00,515.58,0.00,3930.00
ORD00154783,OI000840833,ITEM0048,1,1520.00,597.64,0.00,1520.00
ORD00154783,OI000840834,ITEM0051,1,680.00,266.66,0.00,680.00
ORD00154783,OI000840835,ITEM0081,3,1510.00,1047.44,0.00,4530.00
ORD00154783,OI000840836,ITEM0125,1,320.00,124.33,0.00,320.00
ORD00154783,OI000840837,ITEM0148,2,320.00,208.57,0.00,640.00
ORD00154783,OI000840838,ITEM0153,2,40.00,16.47,0.00,80.00
ORD00154784,OI000840839,ITEM0091,1,1920.00,724.96,0.00,1920.00
ORD00154784,OI000840840,ITEM0148,2,320.00,208.57,0.00,640.00
ORD00154785,OI000840841,ITEM0042,1,5470.00,2596.95,0.00,5470.00
ORD00154785,OI000840842,ITEM0057,1,690.00,468.22,0.00,690.00
ORD00154785,OI000840843,ITEM0081,2,1510.00,1047.44,0.00,3020.00
ORD00154785,OI000840844,ITEM0091,2,1920.00,724.96,0.00,3840.00
ORD00154785,OI000840845,ITEM0109,1,1500.00,513.48,0.00,1500.00
ORD00154785,OI000840846,ITEM0125,2,320.00,124.33,0.00,640.00
ORD00154786,OI000840847,ITEM0002,2,215.00,75.87,0.00,430.00
ORD00154786,OI000840848,ITEM0070,1,1330.00,627.42,399.00,931.00
ORD00154786,OI000840849,ITEM0096,1,1840.00,298.74,0.00,1840.00
ORD00154786,OI000840850,ITEM0099,1,1300.00,471.54,0.00,1300.00
ORD00154786,OI000840851,ITEM0100,1,1260.00,549.26,0.00,1260.00
ORD00154786,OI000840852,ITEM0143,3,470.00,187.60,423.00,987.00
ORD00154787,OI000840853,ITEM0013,2,400.00,179.48,0.00,800.00
ORD00154787,OI000840854,ITEM0020,1,810.00,323.82,0.00,810.00
ORD00154787,OI000840855,ITEM0045,1,1530.00,595.53,0.00,1530.00
ORD00154787,OI000840856,ITEM0134,1,165.00,108.74,49.50,115.50
ORD00154787,OI000840857,ITEM0147,1,480.00,154.20,144.00,336.00
ORD00154788,OI000840858,ITEM0007,1,1570.00,711.90,471.00,1099.00
ORD00154788,OI000840859,ITEM0064,1,550.00,191.14,0.00,550.00
ORD00154788,OI000840860,ITEM0122,2,690.00,295.82,0.00,1380.00
ORD00154788,OI000840861,ITEM0133,1,180.00,78.35,0.00,180.00
ORD00154788,OI000840862,ITEM0148,3,320.00,208.57,288.00,672.00
ORD00154788,OI000840862,ITEM0148,3,320.00,208.57,288.00,672.00
ORD00154788,OI000840863,ITEM0151,5,65.00,45.19,97.50,227.50
ORD00154788,OI000840864,ITEM0160,3,105.00,47.30,94.50,220.50
ORD00154789,OI000840865,ITEM0067,1,320.00,108.16,0.00,320.00
ORD00154789,OI000840866,ITEM0135,1,105.00,69.46,0.00,105.00
ORD00154789,OI000840867,ITEM0137,1,310.00,112.52,0.00,310.00
ORD00154790,OI000840868,ITEM0023,1,470.00,200.14,0.00,470.00
ORD00154790,OI000840869,ITEM0048,2,1520.00,597.64,0.00,3040.00
ORD00154790,OI000840870,ITEM0069,1,1180.00,407.68,0.00,1180.00
ORD00154790,OI000840871,ITEM0106,1,4170.00,1825.61,0.00,4170.00
ORD00154790,OI000840872,ITEM0135,4,105.00,69.46,0.00,420.00
ORD00154790,OI000840873,ITEM0149,3,380.00,173.20,0.00,1140.00
ORD00154791,OI000840874,ITEM0081,2,1510.00,1047.44,0.00,3020.00
ORD00154791,OI000840875,ITEM0130,5,235.00,91.80,0.00,1175.00
ORD00154791,OI000840876,ITEM0139,3,410.00,69.54,0.00,1230.00
ORD00154792,OI000840877,ITEM0042,1,5470.00,2596.95,1641.00,3829.00
ORD00154792,OI000840878,ITEM0081,1,1510.00,1047.44,0.00,1510.00
ORD00154792,OI000840879,ITEM0087,2,3170.00,1492.61,1902.00,4438.00
ORD00154792,OI000840880,ITEM0105,2,2660.00,878.39,0.00,5320.00
ORD00154792,OI000840881,ITEM0118,2,670.00,333.71,402.00,938.00
ORD00154793,OI000840882,ITEM0016,1,560.00,210.83,0.00,560.00
ORD00154793,OI000840883,ITEM0054,3,1330.00,424.10,0.00,3990.00
ORD00154793,OI000840884,ITEM0059,1,730.00,317.89,0.00,730.00
ORD00154793,OI000840885,ITEM0102,2,1410.00,625.27,0.00,2820.00
ORD00154793,OI000840886,ITEM0108,1,1800.00,648.55,0.00,1800.00
ORD00154793,OI000840887,ITEM0147,2,480.00,154.20,288.00,672.00
ORD00154793,OI000840888,ITEM0148,4,320.00,208.57,384.00,896.00
ORD00154794,OI000840889,ITEM0017,1,680.00,292.31,0.00,680.00
ORD00154794,OI000840890,ITEM0040,2,750.00,267.75,0.00,1500.00
ORD00154794,OI000840891,ITEM0045,1,1530.00,595.53,0.00,1530.00
ORD00154794,OI000840892,ITEM0046,1,2820.00,1115.76,0.00,2820.00
ORD00154794,OI000840893,ITEM0135,3,105.00,69.46,94.50,220.50
ORD00154794,OI000840894,ITEM0151,1,70.00,45.19,21.00,49.00
ORD00154794,OI000840895,ITEM0156,5,130.00,48.41,195.00,455.00
ORD00154795,OI000840896,ITEM0007,1,1570.00,711.90,471.00,1099.00
ORD00154795,OI000840897,ITEM0048,1,1520.00,597.64,0.00,1520.00
ORD00154795,OI000840898,ITEM0055,1,750.00,235.61,0.00,750.00
ORD00154795,OI000840899,ITEM0086,1,1380.00,560.08,0.00,1380.00
ORD00154795,OI000840900,ITEM0148,1,320.00,208.57,96.00,224.00
ORD00154796,OI000840901,ITEM0038,3,1200.00,510.66,0.00,3600.00
ORD00154796,OI000840902,ITEM0067,2,320.00,108.16,0.00,640.00
ORD00154796,OI000840903,ITEM0086,1,1380.00,560.08,0.00,1380.00
ORD00154796,OI000840904,ITEM0102,2,1520.00,625.27,0.00,3040.00
ORD00154796,OI000840905,ITEM0113,1,510.00,198.15,0.00,510.00
ORD00154796,OI000840906,ITEM0134,4,165.00,108.74,0.00,660.00
ORD00154796,OI000840907,ITEM0154,2,370.00,126.03,0.00,740.00
ORD00154797,OI000840908,ITEM0066,3,950.00,343.77,0.00,2850.00
ORD00154797,OI000840909,ITEM0076,2,810.00,294.74,0.00,1620.00
ORD00154798,OI000840910,ITEM0045,2,1530.00,595.53,0.00,3060.00
ORD00154798,OI000840911,ITEM0050,1,1770.00,776.26,0.00,1770.00
ORD00154798,OI000840912,ITEM0133,1,180.00,78.35,0.00,180.00
ORD00154798,OI000840913,ITEM0135,3,105.00,69.46,0.00,315.00
ORD00154798,OI000840914,ITEM0145,1,370.00,151.19,0.00,370.00
ORD00154799,OI000840915,ITEM0054,1,1330.00,424.10,0.00,1330.00
ORD00154799,OI000840916,ITEM0068,1,680.00,470.19,0.00,680.00
ORD00154799,OI000840917,ITEM0081,1,1510.00,1047.44,0.00,1510.00
ORD00154799,OI000840918,ITEM0087,1,3170.00,1492.61,951.00,2219.00
ORD00154799,OI000840919,ITEM0090,2,1910.00,682.77,0.00,3820.00
ORD00154799,OI000840920,ITEM0111,1,260.00,91.26,0.00,260.00
ORD00154799,OI000840921,ITEM0135,1,105.00,69.46,31.50,73.50
ORD00154799,OI000840922,ITEM0149,1,380.00,173.20,114.00,266.00
ORD00154799,OI000840923,ITEM0151,1,65.00,45.19,19.50,45.50
ORD00154800,OI000840924,ITEM0054,1,1330.00,424.10,0.00,1330.00
ORD00154800,OI000840925,ITEM0070,1,1330.00,627.42,0.00,1330.00
ORD00154800,OI000840926,ITEM0147,3,480.00,154.20,0.00,1440.00
ORD00154800,OI000840927,ITEM0151,5,65.00,45.19,0.00,325.00
ORD00154801,OI000840928,ITEM0040,1,750.00,267.75,0.00,750.00
ORD00154801,OI000840929,ITEM0058,1,1250.00,392.19,0.00,1250.00
ORD00154801,OI000840930,ITEM0061,1,1060.00,363.74,0.00,1060.00
ORD00154801,OI000840931,ITEM0109,2,1500.00,513.48,0.00,3000.00
ORD00154801,OI000840932,ITEM0119,1,470.00,169.51,0.00,470.00
ORD00154801,OI000840933,ITEM0135,1,105.00,69.46,0.00,105.00
ORD00154801,OI000840934,ITEM0148,3,350.00,208.57,0.00,1050.00
ORD00154802,OI000840935,ITEM0048,2,1520.00,597.64,0.00,3040.00
ORD00154802,OI000840936,ITEM0057,1,690.00,468.22,0.00,690.00
ORD00154802,OI000840937,ITEM0140,1,460.00,67.98,138.00,322.00
ORD00154802,OI000840938,ITEM0155,2,220.00,95.85,132.00,308.00
ORD00154803,OI000840939,ITEM0033,1,940.00,306.02,0.00,940.00
ORD00154803,OI000840940,ITEM0054,4,1440.00,424.10,0.00,5760.00
ORD00154803,OI000840941,ITEM0102,1,1520.00,625.27,0.00,1520.00
ORD00154803,OI000840942,ITEM0150,1,130.00,50.35,0.00,130.00
ORD00154803,OI000840943,ITEM0151,4,70.00,45.19,0.00,280.00
ORD00154804,OI000840944,ITEM0055,2,750.00,235.61,0.00,1500.00
ORD00154804,OI000840945,ITEM0057,1,690.00,468.22,0.00,690.00
ORD00154804,OI000840946,ITEM0061,1,980.00,363.74,0.00,980.00
ORD00154804,OI000840947,ITEM0090,1,1910.00,682.77,0.00,1910.00
ORD00154804,OI000840948,ITEM0134,2,165.00,108.74,0.00,330.00
ORD00154804,OI000840949,ITEM0141,3,510.00,166.18,0.00,1530.00
ORD00154804,OI000840950,ITEM0152,2,100.00,40.74,0.00,200.00
ORD00154805,OI000840951,ITEM0036,2,840.00,338.10,0.00,1680.00
ORD00154805,OI000840952,ITEM0044,3,1600.00,512.67,0.00,4800.00
ORD00154805,OI000840953,ITEM0045,1,1530.00,595.53,0.00,1530.00
ORD00154805,OI000840954,ITEM0047,2,1780.00,627.28,0.00,3560.00
ORD00154806,OI000840955,ITEM0001,3,270.00,95.57,0.00,810.00
ORD00154806,OI000840956,ITEM0023,2,470.00,200.14,0.00,940.00
ORD00154806,OI000840957,ITEM0066,2,950.00,343.77,0.00,1900.00
ORD00154806,OI000840958,ITEM0081,1,1510.00,1047.44,0.00,1510.00
ORD00154806,OI000840959,ITEM0151,4,65.00,45.19,0.00,260.00
ORD00154807,OI000840960,ITEM0055,1,750.00,235.61,0.00,750.00
ORD00154807,OI000840961,ITEM0077,1,680.00,302.29,0.00,680.00
ORD00154807,OI000840962,ITEM0084,2,1240.00,425.59,0.00,2480.00
ORD00154807,OI000840963,ITEM0154,2,370.00,126.03,0.00,740.00
ORD00154808,OI000840964,ITEM0039,2,0.00,450.35,0.00,1960.00
ORD00154808,OI000840965,ITEM0054,1,1440.00,424.10,0.00,1440.00
ORD00154808,OI000840966,ITEM0057,10,690.00,468.22,0.00,6900.00
ORD00154808,OI000840967,ITEM0066,1,950.00,343.77,0.00,950.00
ORD00154808,OI000840968,ITEM0096,1,1840.00,298.74,0.00,1840.00
ORD00154808,OI000840969,ITEM0113,4,510.00,198.15,0.00,2040.00
ORD00154808,OI000840970,ITEM0148,5,350.00,208.57,0.00,1750.00
ORD00154808,OI000840971,ITEM0151,2,70.00,45.19,0.00,140.00
ORD00154809,OI000840972,ITEM0037,1,2380.00,995.51,0.00,2380.00
ORD00154809,OI000840973,ITEM0116,1,800.00,142.86,0.00,800.00
ORD00154809,OI000840974,ITEM0155,4,220.00,95.85,0.00,880.00
ORD00154809,OI000840975,ITEM0156,4,130.00,48.41,0.00,520.00
ORD00154810,OI000840976,ITEM0046,1,2820.00,1115.76,0.00,2820.00
ORD00154810,OI000840977,ITEM0056,1,1440.00,468.22,0.00,1440.00
ORD00154810,OI000840979,ITEM0086,4,1380.00,560.08,0.00,5520.00
ORD00154810,OI000840980,ITEM0113,3,510.00,198.15,0.00,1530.00
ORD00154810,OI000840981,ITEM0124,2,190.00,131.48,0.00,380.00
ORD00154810,OI000840982,ITEM0136,2,520.00,175.82,0.00,1040.00
ORD00154811,OI000840983,ITEM0048,1,1520.00,597.64,0.00,1520.00
ORD00154811,OI000840984,ITEM0050,2,1910.00,776.26,0.00,3820.00
ORD00154811,OI000840985,ITEM0065,1,1360.00,503.63,0.00,1360.00
ORD00154811,OI000840986,ITEM0096,1,1840.00,298.74,0.00,1840.00
ORD00154811,OI000840987,ITEM0148,4,350.00,208.57,0.00,1400.00
ORD00154811,OI000840988,ITEM0151,2,70.00,45.19,0.00,140.00
ORD00154812,OI000840989,ITEM0040,1,750.00,267.75,0.00,750.00
ORD00154812,OI000840990,ITEM0068,2,680.00,470.19,0.00,1360.00
ORD00154812,OI000840991,ITEM0125,1,320.00,124.33,0.00,320.00
ORD00154812,OI000840992,ITEM0129,3,600.00,188.49,0.00,1800.00
ORD00154812,OI000840993,ITEM0151,1,65.00,45.19,0.00,65.00
ORD00154812,OI000840994,ITEM0155,2,220.00,95.85,0.00,440.00
ORD00154813,OI000840995,ITEM0042,2,5470.00,2596.95,3282.00,7658.00
ORD00154813,OI000840996,ITEM0050,1,1770.00,776.26,0.00,1770.00
ORD00154813,OI000840997,ITEM0068,1,680.00,470.19,0.00,680.00
ORD00154813,OI000840998,ITEM0159,2,460.00,192.62,276.00,644.00
ORD00154813,OI000840999,ITEM0160,1,105.00,47.30,31.50,73.50
ORD00154814,OI000841000,ITEM0024,1,820.00,285.28,0.00,820.00
ORD00154814,OI000841001,ITEM0047,1,1780.00,627.28,0.00,1780.00
ORD00154814,OI000841002,ITEM0061,1,1060.00,363.74,0.00,1060.00
ORD00154814,OI000841003,ITEM0129,1,600.00,188.49,0.00,600.00
ORD00154814,OI000841004,ITEM0156,1,130.00,48.41,0.00,130.00
ORD00154815,OI000841005,ITEM0066,2,950.00,343.77,0.00,1900.00
ORD00154815,OI000841006,ITEM0077,1,730.00,302.29,0.00,730.00
ORD00154816,OI000841007,ITEM0001,-3,270.00,95.57,0.00,810.00
ORD00154816,OI000841008,ITEM0017,2,680.00,292.31,0.00,1360.00
ORD00154816,OI000841009,ITEM0051,2,680.00,266.66,0.00,1360.00
ORD00154816,OI000841010,ITEM0068,1,680.00,470.19,0.00,680.00
ORD00154816,OI000841011,ITEM0084,1,1240.00,425.59,0.00,1240.00
ORD00154816,OI000841012,ITEM0147,1,480.00,154.20,0.00,480.00
ORD00154817,OI000841013,ITEM0047,1,1780.00,627.28,0.00,1780.00
ORD00154817,OI000841014,ITEM0054,1,1440.00,424.10,0.00,1440.00
ORD00154817,OI000841015,ITEM0073,1,850.00,331.31,0.00,850.00
ORD00154817,OI000841016,ITEM0132,1,410.00,163.26,0.00,410.00
ORD00154817,OI000841017,ITEM0134,3,165.00,108.74,0.00,495.00
ORD00154817,OI000841018,ITEM0135,1,105.00,69.46,0.00,105.00
ORD00154817,OI000841019,ITEM0147,1,480.00,154.20,0.00,480.00
ORD00154818,OI000841020,ITEM0023,1,470.00,200.14,0.00,470.00
ORD00154818,OI000841021,ITEM0081,2,1510.00,1047.44,0.00,3020.00
ORD00154818,OI000841022,ITEM0091,3,1920.00,724.96,0.00,5760.00
ORD00154818,OI000841023,ITEM0151,3,65.00,45.19,0.00,195.00
ORD00154819,OI000841024,ITEM0042,1,5470.00,2596.95,0.00,5470.00
ORD00154819,OI000841025,ITEM0068,1,680.00,470.19,0.00,680.00
ORD00154819,OI000841026,ITEM0081,1,1510.00,1047.44,0.00,1510.00
ORD00154819,OI000841027,ITEM0107,1,1430.00,473.19,0.00,1430.00
ORD00154820,OI000841028,ITEM0046,2,2820.00,1115.76,0.00,5640.00
ORD00154820,OI000841029,ITEM0050,1,1770.00,776.26,0.00,1770.00
ORD00154820,OI000841030,ITEM0059,2,730.00,317.89,0.00,1460.00
ORD00154820,OI000841031,ITEM0060,1,830.00,333.17,0.00,830.00
ORD00154820,OI000841032,ITEM0064,1,550.00,191.14,0.00,550.00
ORD00154820,OI000841033,ITEM0087,2,3170.00,1492.61,1902.00,4438.00
ORD00154820,OI000841034,ITEM0113,6,510.00,198.15,0.00,3060.00
ORD00154820,OI000841035,ITEM0122,1,690.00,295.82,0.00,690.00
ORD00154820,OI000841036,ITEM0148,2,320.00,208.57,192.00,448.00
ORD00154820,OI000841037,ITEM0153,5,40.00,16.47,60.00,140.00
ORD00154821,OI000841038,ITEM0006,1,770.00,296.28,0.00,770.00
ORD00154821,OI000841039,ITEM0023,2,470.00,200.14,0.00,940.00
ORD00154821,OI000841040,ITEM0045,1,1530.00,595.53,0.00,1530.00
ORD00154821,OI000841041,ITEM0048,1,1520.00,597.64,0.00,1520.00
ORD00154821,OI000841042,ITEM0061,1,980.00,363.74,0.00,980.00
ORD00154821,OI000841043,ITEM0066,1,950.00,343.77,0.00,950.00
ORD00154822,OI000841044,ITEM0134,2,165.00,108.74,0.00,330.00
ORD00154822,OI000841045,ITEM0148,2,320.00,208.57,0.00,640.00
ORD00154822,OI000841046,ITEM0151,2,65.00,45.19,0.00,130.00
ORD00154822,OI000841047,ITEM0153,1,40.00,16.47,0.00,40.00
ORD00154823,OI000841048,ITEM0017,1,680.00,292.31,0.00,680.00
ORD00154823,OI000841049,ITEM0058,1,1250.00,392.19,0.00,1250.00
ORD00154823,OI000841050,ITEM0067,2,320.00,108.16,0.00,640.00
ORD00154824,OI000841051,ITEM0017,1,680.00,292.31,0.00,680.00
ORD00154824,OI000841052,ITEM0057,1,690.00,468.22,0.00,690.00
ORD00154824,OI000841053,ITEM0077,1,680.00,302.29,0.00,680.00
ORD00154824,OI000841054,ITEM0112,1,310.00,140.73,0.00,310.00
ORD00154824,OI000841055,ITEM0125,1,320.00,124.33,0.00,320.00
ORD00154824,OI000841056,ITEM0153,3,40.00,16.47,0.00,120.00
ORD00154824,OI000841057,ITEM0157,3,800.00,322.21,0.00,2400.00
ORD00154825,OI000841058,ITEM0045,1,1530.00,595.53,0.00,1530.00
ORD00154825,OI000841059,ITEM0054,1,1330.00,424.10,0.00,1330.00
ORD00154825,OI000841060,ITEM0098,1,1220.00,521.65,0.00,1220.00
ORD00154825,OI000841061,ITEM0101,1,1230.00,414.61,0.00,1230.00
ORD00154825,OI000841062,ITEM0113,2,510.00,198.15,0.00,1020.00
ORD00154825,OI000841063,ITEM0138,1,265.00,113.51,0.00,265.00
ORD00154825,OI000841064,ITEM0150,2,130.00,50.35,0.00,260.00
ORD00154825,OI000841065,ITEM0152,3,100.00,40.74,0.00,300.00
ORD00154826,OI000841066,ITEM0002,2,215.00,75.87,0.00,430.00
ORD00154826,OI000841067,ITEM0064,1,550.00,191.14,0.00,550.00
ORD00154826,OI000841068,ITEM0116,1,800.00,142.86,0.00,800.00
ORD00154826,OI000841069,ITEM0134,1,165.00,108.74,0.00,165.00
ORD00154826,OI000841070,ITEM0151,2,65.00,45.19,0.00,130.00
ORD00154827,OI000841071,ITEM0042,1,5470.00,2596.95,1641.00,3829.00
ORD00154827,OI000841072,ITEM0045,1,1530.00,595.53,0.00,1530.00
ORD00154827,OI000841073,ITEM0081,1,1510.00,1047.44,0.00,1510.00
ORD00154827,OI000841074,ITEM0092,2,1410.00,465.66,0.00,2820.00
ORD00154827,OI000841075,ITEM0143,2,470.00,187.60,282.00,658.00
ORD00154827,OI000841076,ITEM0147,2,480.00,154.20,288.00,672.00
ORD00154827,OI000841077,ITEM0148,3,350.00,208.57,315.00,735.00
ORD00154828,OI000841078,ITEM0045,2,1530.00,595.53,0.00,3060.00
ORD00154828,OI000841079,ITEM0068,1,680.00,470.19,0.00,680.00
ORD00154828,OI000841080,ITEM0113,1,510.00,198.15,0.00,510.00
ORD00154828,OI000841081,ITEM0124,2,190.00,131.48,0.00,380.00
ORD00154828,OI000841082,ITEM0126,1,160.00,72.53,0.00,160.00
ORD00154828,OI000841083,ITEM0132,1,410.00,163.26,0.00,410.00
ORD00154829,OI000841084,ITEM0031,1,1100.00,364.08,0.00,1100.00
ORD00154829,OI000841085,ITEM0054,1,1330.00,424.10,0.00,1330.00
ORD00154829,OI000841086,ITEM0113,1,510.00,198.15,0.00,510.00
ORD00154830,OI000841087,ITEM0024,1,820.00,285.28,0.00,820.00
ORD00154830,OI000841088,ITEM0033,1,940.00,306.02,0.00,940.00
ORD00154830,OI000841089,ITEM0094,1,1550.00,716.43,0.00,1550.00
ORD00154830,OI000841090,ITEM0113,1,510.00,198.15,0.00,510.00
ORD00154830,OI000841091,ITEM0134,2,165.00,108.74,0.00,330.00
ORD00154830,OI000841092,ITEM0147,2,480.00,154.20,0.00,960.00
ORD00154831,OI000841093,ITEM0059,1,730.00,317.89,0.00,730.00
ORD00154831,OI000841094,ITEM0081,2,1510.00,1047.44,0.00,3020.00
ORD00154831,OI000841095,ITEM0113,1,510.00,198.15,0.00,510.00
ORD00154831,OI000841096,ITEM0148,3,320.00,208.57,0.00,960.00
ORD00154832,OI000841097,ITEM0004,2,590.00,220.14,0.00,1180.00
ORD00154832,OI000841098,ITEM0033,1,940.00,306.02,0.00,940.00
ORD00154832,OI000841099,ITEM0045,1,1530.00,595.53,0.00,1530.00
ORD00154832,OI000841100,ITEM0084,1,1240.00,425.59,0.00,1240.00
ORD00154832,OI000841101,ITEM0151,2,65.00,45.19,0.00,130.00
ORD00154833,OI000841102,ITEM0002,1,215.00,75.87,0.00,215.00
ORD00154833,OI000841103,ITEM0081,1,1510.00,1047.44,0.00,1510.00
ORD00154833,OI000841104,ITEM0101,1,1230.00,414.61,0.00,1230.00
ORD00154834,OI000841105,ITEM0004,3,590.00,220.14,0.00,1770.00
ORD00154834,OI000841106,ITEM0040,1,750.00,267.75,0.00,750.00
ORD00154834,OI000841107,ITEM0041,2,1310.00,515.58,0.00,2620.00
ORD00154834,OI000841108,ITEM0050,1,1770.00,776.26,0.00,1770.00
ORD00154834,OI000841109,ITEM0065,1,1360.00,503.63,0.00,1360.00
ORD00154834,OI000841110,ITEM0091,1,1920.00,724.96,0.00,1920.00
ORD00154834,OI000841111,ITEM0135,2,105.00,69.46,0.00,210.00
ORD00154834,OI000841112,ITEM0160,4,105.00,47.30,0.00,420.00
ORD00154835,OI000841113,ITEM0148,3,320.00,208.57,0.00,960.00
ORD00154835,OI000841114,ITEM0154,2,370.00,126.03,0.00,740.00
ORD00154836,OI000841115,ITEM0039,1,980.00,450.35,0.00,980.00
ORD00154836,OI000841116,ITEM0045,1,1530.00,595.53,0.00,1530.00
ORD00154836,OI000841117,ITEM0049,1,2660.00,1132.57,0.00,2660.00
ORD00154836,OI000841118,ITEM0087,2,3170.00,1492.61,1902.00,4438.00
ORD00154836,OI000841119,ITEM0090,1,1910.00,682.77,0.00,1910.00
ORD00154836,OI000841120,ITEM0125,1,320.00,124.33,0.00,320.00
ORD00154836,OI000841121,ITEM0138,3,265.00,113.51,238.50,556.50
ORD00154836,OI000841122,ITEM0141,1,510.00,166.18,153.00,357.00
ORD00154836,OI000841123,ITEM0146,2,610.00,207.34,366.00,854.00
ORD00154836,OI000841124,ITEM0151,1,65.00,45.19,19.50,45.50
ORD00154836,OI000841125,ITEM0159,3,460.00,192.62,414.00,966.00
ORD00154837,OI000841126,ITEM0004,2,590.00,220.14,0.00,1180.00
ORD00154837,OI000841127,ITEM0045,1,1530.00,595.53,0.00,1530.00
ORD00154837,OI000841128,ITEM0151,2,65.00,45.19,0.00,130.00
ORD00154838,OI000841129,ITEM0040,1,750.00,267.75,0.00,750.00
ORD00154838,OI000841130,ITEM0056,2,1440.00,468.22,0.00,2880.00
ORD00154838,OI000841131,ITEM0075,1,630.00,269.61,0.00,630.00
ORD00154839,OI000841132,ITEM0031,5,1190.00,364.08,0.00,5950.00
ORD00154839,OI000841133,ITEM0057,1,690.00,468.22,0.00,690.00
ORD00154839,OI000841134,ITEM0061,1,1060.00,363.74,0.00,1060.00
ORD00154839,OI000841135,ITEM0077,1,730.00,302.29,0.00,730.00
ORD00154839,OI000841136,ITEM0138,1,265.00,113.51,0.00,265.00
ORD00154840,OI000841137,ITEM0059,3,730.00,317.89,0.00,2190.00
ORD00154840,OI000841138,ITEM0113,1,510.00,198.15,0.00,510.00
ORD00154840,OI000841139,ITEM0118,1,670.00,333.71,201.00,469.00
ORD00154840,OI000841140,ITEM0146,1,610.00,207.34,183.00,427.00
ORD00154840,OI000841141,ITEM0148,1,320.00,208.57,96.00,224.00
ORD00154841,OI000841142,ITEM0033,1,940.00,306.02,0.00,940.00
ORD00154841,OI000841143,ITEM0062,5,670.00,350.53,0.00,3350.00
ORD00154841,OI000841144,ITEM0093,3,1140.00,410.14,0.00,3420.00
ORD00154841,OI000841145,ITEM0109,2,1500.00,513.48,0.00,3000.00
ORD00154841,OI000841146,ITEM0113,3,510.00,198.15,0.00,1530.00
ORD00154841,OI000841147,ITEM0148,2,320.00,208.57,0.00,640.00
ORD00154842,OI000841148,ITEM0050,2,1770.00,776.26,0.00,3540.00
ORD00154842,OI000841149,ITEM0139,1,410.00,69.54,0.00,410.00
ORD00154842,OI000841150,ITEM0147,1,480.00,154.20,0.00,480.00
ORD00154843,OI000841151,ITEM0041,1,1310.00,515.58,0.00,1310.00
ORD00154843,OI000841152,ITEM0065,1,1360.00,503.63,0.00,1360.00
ORD00154843,OI000841153,ITEM0077,1,730.00,302.29,0.00,730.00
ORD00154844,OI000841154,ITEM0046,2,2820.00,1115.76,0.00,5640.00
ORD00154844,OI000841155,ITEM0113,1,510.00,198.15,0.00,510.00
ORD00154844,OI000841156,ITEM0136,5,480.00,175.82,720.00,1680.00
ORD00154844,OI000841157,ITEM0151,3,65.00,45.19,58.50,136.50
ORD00154844,OI000841158,ITEM0157,3,800.00,322.21,720.00,1680.00
ORD00154845,OI000841159,ITEM0088,4,1710.00,651.22,0.00,6840.00
ORD00154845,OI000841160,ITEM0094,3,1550.00,716.43,0.00,4650.00
ORD00154845,OI000841161,ITEM0105,2,2660.00,878.39,0.00,5320.00
ORD00154845,OI000841162,ITEM0151,5,65.00,45.19,0.00,325.00
ORD00154846,OI000841163,ITEM0048,1,1520.00,597.64,0.00,1520.00
ORD00154846,OI000841164,ITEM0050,1,1770.00,776.26,0.00,1770.00
ORD00154846,OI000841165,ITEM0147,1,480.00,154.20,0.00,480.00
ORD00154846,OI000841166,ITEM0150,2,130.00,50.35,0.00,260.00
ORD00154847,OI000841167,ITEM0004,6,590.00,220.14,0.00,3540.00
ORD00154847,OI000841168,ITEM0017,1,680.00,292.31,0.00,680.00
ORD00154847,OI000841169,ITEM0044,1,1600.00,512.67,0.00,1600.00
ORD00154847,OI000841170,ITEM0045,2,1530.00,595.53,0.00,3060.00
ORD00154847,OI000841171,ITEM0054,1,1440.00,424.10,0.00,1440.00
ORD00154847,OI000841172,ITEM0093,1,1140.00,410.14,0.00,1140.00
ORD00154847,OI000841173,ITEM0102,2,1520.00,625.27,0.00,3040.00
ORD00154847,OI000841174,ITEM0133,5,180.00,78.35,0.00,900.00
ORD00154847,OI000841175,ITEM0135,3,105.00,69.46,0.00,315.00
ORD00154847,OI000841176,ITEM0148,1,350.00,208.57,0.00,350.00
ORD00154847,OI000841177,ITEM0150,2,130.00,50.35,0.00,260.00
ORD00154847,OI000841178,ITEM0152,2,100.00,40.74,0.00,200.00
ORD00154848,OI000841179,ITEM0007,1,1570.00,711.90,471.00,1099.00
ORD00154848,OI000841180,ITEM0042,1,5470.00,2596.95,1641.00,3829.00
ORD00154848,OI000841181,ITEM0046,1,2820.00,1115.76,0.00,2820.00
ORD00154848,OI000841182,ITEM0057,1,690.00,468.22,0.00,690.00
ORD00154848,OI000841183,ITEM0066,2,950.00,343.77,0.00,1900.00
ORD00154848,OI000841184,ITEM0087,1,3170.00,1492.61,951.00,2219.00
ORD00154848,OI000841185,ITEM0091,1,1920.00,724.96,0.00,1920.00
ORD00154848,OI000841186,ITEM0133,1,180.00,78.35,0.00,180.00
ORD00154848,OI000841187,ITEM0139,2,410.00,69.54,246.00,574.00
ORD00154849,OI000841188,ITEM0081,1,1510.00,1047.44,0.00,1510.00
ORD00154850,OI000841189,ITEM0042,1,5470.00,2596.95,1641.00,3829.00
ORD00154850,OI000841190,ITEM0118,1,720.00,333.71,216.00,504.00
ORD00154850,OI000841191,ITEM0135,1,105.00,69.46,31.50,73.50
ORD00154851,OI000841192,ITEM0002,1,215.00,75.87,0.00,215.00
ORD00154851,OI000841193,ITEM0015,1,520.00,184.59,0.00,520.00
ORD00154851,OI000841194,ITEM0021,1,450.00,184.70,0.00,450.00
ORD00154851,OI000841195,ITEM0046,1,2820.00,1115.76,0.00,2820.00
ORD00154851,OI000841196,ITEM0054,1,1330.00,424.10,0.00,1330.00
ORD00154851,OI000841197,ITEM0061,1,980.00,363.74,0.00,980.00
ORD00154851,OI000841198,ITEM0094,3,1550.00,716.43,0.00,4650.00
ORD00154852,OI000841199,ITEM0047,1,1650.00,627.28,0.00,1650.00
ORD00154852,OI000841200,ITEM0113,1,510.00,198.15,0.00,510.00
ORD00154852,OI000841201,ITEM0125,1,320.00,124.33,0.00,320.00
ORD00154852,OI000841202,ITEM0130,2,235.00,91.80,0.00,470.00
ORD00154852,OI000841203,,1,410.00,163.26,0.00,410.00
ORD00154852,OI000841204,ITEM0148,3,320.00,208.57,0.00,960.00
ORD00154853,OI000841205,ITEM0003,1,380.00,142.17,0.00,380.00
ORD00154853,OI000841206,ITEM0013,2,400.00,179.48,0.00,800.00
ORD00154853,OI000841207,ITEM0113,1,510.00,198.15,0.00,510.00
ORD00154853,OI000841208,ITEM0134,2,165.00,108.74,0.00,330.00
ORD00154854,OI000841209,ITEM0155,2,220.00,95.85,0.00,440.00
ORD00154855,OI000841210,ITEM0005,1,420.00,149.00,0.00,420.00
ORD00154855,OI000841211,ITEM0133,2,180.00,78.35,0.00,360.00
ORD00154856,OI000841212,ITEM0039,1,980.00,450.35,0.00,980.00
ORD00154856,OI000841213,ITEM0056,1,1440.00,468.22,0.00,1440.00
ORD00154856,OI000841214,ITEM0089,2,2070.00,892.05,0.00,4140.00
ORD00154856,OI000841215,ITEM0090,3,1910.00,682.77,0.00,5730.00
ORD00154856,OI000841216,ITEM0108,3,1800.00,648.55,0.00,5400.00
ORD00154856,OI000841217,ITEM0134,3,165.00,108.74,0.00,495.00
ORD00154856,OI000841218,ITEM0135,1,105.00,69.46,0.00,105.00
ORD00154856,OI000841219,ITEM0148,2,320.00,208.57,0.00,640.00
ORD00154856,OI000841220,ITEM0154,2,370.00,126.03,0.00,740.00
ORD00154856,OI000841221,ITEM0157,2,800.00,322.21,0.00,1600.00
ORD00154857,OI000841222,ITEM0027,1,420.00,144.90,0.00,420.00
ORD00154857,OI000841223,ITEM0045,1,1530.00,595.53,0.00,1530.00
ORD00154857,OI000841224,ITEM0050,3,1910.00,776.26,0.00,5730.00
ORD00154857,OI000841225,ITEM0054,1,1440.00,424.10,0.00,1440.00
ORD00154857,OI000841226,ITEM0135,2,105.00,69.46,0.00,210.00
ORD00154857,OI000841227,ITEM0159,2,460.00,192.62,0.00,920.00
ORD00154858,OI000841228,ITEM0041,1,1310.00,515.58,0.00,1310.00
ORD00154858,OI000841229,ITEM0045,3,1530.00,595.53,0.00,4590.00
ORD00154858,OI000841230,ITEM0057,1,690.00,468.22,0.00,690.00
ORD00154858,OI000841231,ITEM0071,2,770.00,267.43,0.00,1540.00
ORD00154858,OI000841232,ITEM0124,-1,190.00,131.48,0.00,190.00
ORD00154858,OI000841233,ITEM0145,2,370.00,151.19,0.00,740.00
ORD00154859,OI000841234,,1,1760.00,701.86,0.00,1760.00
ORD00154859,OI000841235,ITEM0113,2,510.00,198.15,0.00,1020.00
ORD00154860,OI000841236,ITEM0004,1,590.00,220.14,0.00,590.00
ORD00154860,OI000841237,ITEM0031,2,1190.00,364.08,0.00,2380.00
ORD00154860,OI000841237,ITEM0031,2,1190.00,364.08,0.00,2380.00
ORD00154860,OI000841238,ITEM0046,1,2820.00,1115.76,0.00,2820.00
ORD00154860,OI000841239,ITEM0051,1,730.00,266.66,0.00,730.00
ORD00154860,OI000841240,ITEM0092,1,1410.00,465.66,0.00,1410.00
ORD00154860,OI000841241,ITEM0134,1,165.00,108.74,0.00,165.00
ORD00154860,OI000841242,ITEM0148,3,350.00,208.57,0.00,1050.00
ORD00154860,OI000841243,ITEM0156,2,130.00,48.41,0.00,260.00
ORD00154860,OI000841244,ITEM0160,1,105.00,47.30,0.00,105.00
ORD00154861,OI000841245,ITEM0015,2,520.00,184.59,0.00,1040.00
ORD00154861,OI000841246,ITEM0040,2,750.00,267.75,0.00,1500.00
ORD00154861,OI000841247,ITEM0071,1,770.00,267.43,0.00,770.00
ORD00154861,OI000841248,ITEM0090,2,1910.00,682.77,0.00,3820.00
ORD00154861,OI000841249,ITEM0112,1,310.00,140.73,0.00,310.00
ORD00154861,OI000841250,ITEM0138,1,265.00,113.51,0.00,265.00
ORD00154861,OI000841251,ITEM0154,6,370.00,126.03,0.00,2220.00
ORD00154862,OI000841252,ITEM0015,1,520.00,184.59,0.00,520.00
ORD00154862,OI000841253,ITEM0062,1,670.00,350.53,0.00,670.00
ORD00154862,OI000841254,ITEM0121,1,400.00,125.92,0.00,400.00
ORD00154862,OI000841255,ITEM0135,3,105.00,69.46,0.00,315.00
ORD00154862,OI000841256,ITEM0147,1,480.00,154.20,0.00,480.00
ORD00154862,OI000841257,ITEM0151,1,70.00,45.19,0.00,70.00
ORD00154863,OI000841258,ITEM0059,2,790.00,317.89,0.00,1580.00
ORD00154863,OI000841259,ITEM0076,1,810.00,294.74,0.00,810.00
ORD00154863,OI000841260,ITEM0124,3,190.00,131.48,0.00,570.00
ORD00154863,OI000841261,ITEM0147,3,480.00,154.20,0.00,1440.00
ORD00154864,OI000841262,ITEM0099,1,1300.00,471.54,0.00,1300.00
ORD00154864,OI000841263,ITEM0122,1,690.00,295.82,0.00,690.00
ORD00154865,OI000841264,ITEM0020,1,810.00,323.82,0.00,810.00
ORD00154865,OI000841265,ITEM0070,3,1330.00,627.42,1197.00,2793.00
ORD00154865,OI000841266,ITEM0071,1,770.00,267.43,0.00,770.00
ORD00154865,OI000841267,ITEM0113,1,510.00,198.15,0.00,510.00
ORD00154865,OI000841268,ITEM0129,1,600.00,188.49,0.00,600.00
ORD00154865,OI000841269,ITEM0148,1,350.00,208.57,105.00,245.00
ORD00154865,OI000841270,ITEM0156,1,130.00,48.41,39.00,91.00
ORD00154866,OI000841271,ITEM0031,1,1100.00,364.08,0.00,1100.00
ORD00154866,OI000841272,ITEM0067,1,320.00,108.16,0.00,320.00
ORD00154866,OI000841273,ITEM0068,1,680.00,470.19,0.00,680.00
ORD00154866,OI000841274,ITEM0087,4,3170.00,1492.61,3804.00,8876.00
ORD00154866,OI000841275,ITEM0118,1,670.00,333.71,201.00,469.00
ORD00154866,OI000841276,ITEM0119,3,470.00,169.51,0.00,1410.00
ORD00154866,OI000841277,ITEM0132,3,410.00,163.26,0.00,1230.00
ORD00154866,OI000841278,ITEM0133,3,180.00,78.35,0.00,540.00
ORD00154866,OI000841279,ITEM0134,3,165.00,108.74,148.50,346.50
ORD00154866,OI000841280,ITEM0151,5,65.00,45.19,97.50,227.50
ORD00154866,OI000841281,ITEM0155,1,220.00,95.85,66.00,154.00
ORD00154867,OI000841282,ITEM0019,1,390.00,154.84,0.00,390.00
ORD00154867,OI000841283,ITEM0031,1,1190.00,364.08,0.00,1190.00
ORD00154867,OI000841284,ITEM0081,1,1510.00,1047.44,0.00,1510.00
ORD00154867,OI000841285,ITEM0153,1,40.00,16.47,0.00,40.00
ORD00154868,OI000841286,ITEM0003,1,380.00,142.17,0.00,380.00
ORD00154868,OI000841287,ITEM0046,1,2820.00,1115.76,0.00,2820.00
ORD00154869,OI000841288,ITEM0046,2,2820.00,1115.76,0.00,5640.00
ORD00154869,OI000841289,ITEM0057,1,690.00,468.22,0.00,690.00
ORD00154869,OI000841290,ITEM0134,1,165.00,108.74,49.50,115.50
ORD00154869,OI000841291,ITEM0143,1,470.00,187.60,141.00,329.00
ORD00154869,OI000841292,ITEM0151,1,70.00,45.19,21.00,49.00
ORD00154870,OI000841293,ITEM0033,1,940.00,306.02,0.00,940.00
ORD00154870,OI000841294,ITEM0070,3,1330.00,627.42,1197.00,2793.00
ORD00154870,OI000841295,ITEM0148,-1,320.00,208.57,96.00,224.00
ORD00154871,OI000841296,ITEM0027,1,420.00,144.90,0.00,420.00
ORD00154871,OI000841297,ITEM0083,1,1760.00,701.86,0.00,1760.00
ORD00154871,OI000841298,ITEM0087,1,3170.00,1492.61,951.00,2219.00
ORD00154871,OI000841299,ITEM0135,2,105.00,69.46,63.00,147.00
ORD00154871,OI000841300,ITEM0141,1,510.00,166.18,153.00,357.00
ORD00154871,OI000841301,ITEM0151,1,65.00,45.19,19.50,45.50
ORD00154872,OI000841302,ITEM0004,1,590.00,220.14,0.00,590.00
ORD00154872,OI000841303,ITEM0047,1,1780.00,627.28,0.00,1780.00
ORD00154873,OI000841304,ITEM0055,1,750.00,235.61,0.00,750.00
ORD00154873,OI000841305,ITEM0118,2,670.00,333.71,0.00,1340.00
ORD00154874,OI000841306,ITEM0051,1,680.00,266.66,0.00,680.00
ORD00154874,OI000841307,ITEM0098,1,1220.00,521.65,0.00,1220.00
ORD00154874,OI000841308,ITEM0130,1,235.00,91.80,0.00,235.00
ORD00154875,OI000841309,ITEM0031,1,1190.00,364.08,0.00,1190.00
ORD00154875,OI000841310,ITEM0049,2,2870.00,1132.57,0.00,5740.00
ORD00154875,OI000841311,ITEM0066,2,950.00,343.77,0.00,1900.00
ORD00154875,OI000841312,ITEM0135,2,105.00,69.46,0.00,210.00
ORD00154875,OI000841313,ITEM0148,2,350.00,208.57,0.00,700.00
ORD00154875,OI000841314,ITEM0156,6,130.00,48.41,0.00,780.00
ORD00154876,OI000841315,ITEM0006,1,770.00,296.28,0.00,770.00
ORD00154876,OI000841316,ITEM0019,2,360.00,154.84,0.00,720.00
ORD00154876,OI000841317,ITEM0041,2,1310.00,515.58,0.00,2620.00
ORD00154876,OI000841318,ITEM0046,1,2820.00,1115.76,0.00,2820.00
ORD00154876,OI000841319,ITEM0048,1,1520.00,597.64,0.00,1520.00
ORD00154876,OI000841320,ITEM0055,2,750.00,235.61,0.00,1500.00
ORD00154876,OI000841321,ITEM0071,2,710.00,267.43,0.00,1420.00
ORD00154876,OI000841322,ITEM0081,1,1510.00,1047.44,0.00,1510.00
ORD00154876,OI000841323,ITEM0148,1,320.00,208.57,0.00,320.00
ORD00154876,OI000841324,ITEM0151,2,65.00,45.19,0.00,130.00
ORD00154876,OI000841325,ITEM0155,3,220.00,95.85,0.00,660.00
ORD00154877,OI000841326,ITEM0010,2,1390.00,568.66,0.00,2780.00
ORD00154877,OI000841327,ITEM0050,1,1910.00,776.26,0.00,1910.00
ORD00154877,OI000841328,ITEM0055,1,750.00,235.61,0.00,750.00
ORD00154877,OI000841329,ITEM0090,1,1910.00,682.77,0.00,1910.00
ORD00154877,OI000841330,ITEM0107,2,1430.00,473.19,0.00,2860.00
ORD00154877,OI000841331,ITEM0135,3,105.00,69.46,0.00,315.00
ORD00154878,OI000841332,ITEM0023,1,470.00,200.14,0.00,470.00
ORD00154878,OI000841333,ITEM0113,1,510.00,198.15,0.00,510.00
ORD00154878,OI000841334,ITEM0130,2,235.00,91.80,0.00,470.00
ORD00154878,OI000841335,ITEM0151,1,65.00,45.19,0.00,65.00
ORD00154878,OI000841336,ITEM0160,3,105.00,47.30,0.00,315.00
ORD00154879,OI000841337,ITEM0007,3,1570.00,711.90,1413.00,3297.00
ORD00154879,OI000841338,ITEM0038,-2,1200.00,510.66,0.00,2400.00
ORD00154879,OI000841339,ITEM0068,1,680.00,470.19,0.00,680.00
ORD00154879,OI000841340,ITEM0070,1,1330.00,627.42,399.00,931.00
ORD00154879,OI000841341,ITEM0088,1,1710.00,651.22,0.00,1710.00
ORD00154879,OI000841342,ITEM0138,1,265.00,113.51,79.50,185.50
ORD00154879,OI000841343,ITEM0148,1,320.00,208.57,96.00,224.00
ORD00154880,OI000841344,ITEM0152,2,100.00,40.74,0.00,200.00
ORD00154881,OI000841345,ITEM0075,2,630.00,269.61,0.00,1260.00
ORD00154881,OI000841346,ITEM0109,2,1500.00,513.48,0.00,3000.00
ORD00154882,OI000841347,ITEM0046,1,2820.00,1115.76,0.00,2820.00
ORD00154882,OI000841348,ITEM0113,1,510.00,198.15,0.00,510.00
ORD00154882,OI000841349,ITEM0152,1,100.00,40.74,0.00,100.00
ORD00154882,OI000841350,ITEM0155,1,220.00,95.85,0.00,220.00
ORD00154883,OI000841351,ITEM0033,2,940.00,306.02,0.00,1880.00
ORD00154883,OI000841352,ITEM0134,2,165.00,108.74,99.00,231.00
ORD00154883,OI000841353,ITEM0145,2,370.00,151.19,222.00,518.00
ORD00154883,OI000841354,ITEM0148,7,320.00,208.57,672.00,1568.00
ORD00154883,OI000841355,ITEM0151,1,65.00,45.19,19.50,45.50
ORD00154883,OI000841356,ITEM0153,1,40.00,16.47,12.00,28.00
ORD00154884,OI000841357,ITEM0037,1,-2380.00,995.51,0.00,2380.00
ORD00154884,OI000841358,ITEM0046,1,2820.00,1115.76,0.00,2820.00
ORD00154884,OI000841359,ITEM0057,1,690.00,468.22,0.00,690.00
ORD00154884,OI000841360,ITEM0124,2,190.00,131.48,0.00,380.00
ORD00154884,OI000841361,ITEM0157,4,800.00,322.21,0.00,3200.00
ORD00154885,OI000841362,ITEM0035,1,1000.00,418.08,0.00,1000.00
ORD00154885,OI000841363,ITEM0098,1,1220.00,521.65,0.00,1220.00
ORD00154885,OI000841364,ITEM0151,5,65.00,45.19,0.00,325.00
ORD00154886,OI000841365,ITEM0084,1,1240.00,425.59,0.00,1240.00
ORD00154886,OI000841366,ITEM0088,1,1710.00,651.22,0.00,1710.00
ORD00154886,OI000841367,ITEM0123,2,310.00,138.90,0.00,620.00
ORD00154886,OI000841368,ITEM0145,3,370.00,151.19,0.00,1110.00
ORD00154886,OI000841369,ITEM0148,5,320.00,208.57,0.00,1600.00
ORD00154887,OI000841370,ITEM0020,1,810.00,323.82,0.00,810.00
ORD00154887,OI000841371,ITEM0049,1,2870.00,1132.57,0.00,2870.00
ORD00154887,OI000841372,ITEM0066,1,950.00,343.77,0.00,950.00
ORD00154887,OI000841373,ITEM0086,3,1380.00,560.08,0.00,4140.00
ORD00154887,OI000841374,ITEM0087,1,3420.00,1492.61,1026.00,2394.00
ORD00154887,OI000841375,ITEM0095,2,1190.00,508.41,0.00,2380.00
ORD00154887,OI000841376,ITEM0151,1,70.00,45.19,21.00,49.00
ORD00154888,OI000841377,ITEM0065,3,1360.00,503.63,0.00,4080.00
ORD00154888,OI000841378,ITEM0068,1,680.00,470.19,0.00,680.00
ORD00154888,OI000841379,ITEM0099,1,1300.00,471.54,0.00,1300.00
ORD00154889,OI000841380,ITEM0032,1,780.00,356.48,0.00,780.00
ORD00154889,OI000841381,ITEM0035,1,1000.00,418.08,0.00,1000.00
ORD00154889,OI000841382,ITEM0057,1,690.00,468.22,0.00,690.00
ORD00154889,OI000841383,ITEM0068,1,680.00,470.19,0.00,680.00
ORD00154889,OI000841384,ITEM0082,1,2000.00,707.81,0.00,2000.00
ORD00154889,OI000841385,ITEM0148,2,320.00,208.57,0.00,640.00
ORD00154891,OI000841391,ITEM0002,1,215.00,75.87,0.00,215.00
ORD00154891,OI000841392,ITEM0033,1,940.00,306.02,0.00,940.00
ORD00154891,OI000841393,ITEM0057,1,690.00,468.22,0.00,690.00
ORD00154891,OI000841395,ITEM0070,1,1330.00,627.42,399.00,931.00
ORD00154891,OI000841396,ITEM0074,1,1230.00,548.77,0.00,1230.00
ORD00154891,OI000841397,ITEM0148,1,320.00,208.57,96.00,224.00
ORD00154892,OI000841398,ITEM0064,1,550.00,191.14,0.00,550.00
ORD00154892,OI000841399,ITEM0081,2,1510.00,1047.44,0.00,3020.00
ORD00154892,OI000841400,ITEM0113,4,510.00,198.15,0.00,2040.00
ORD00154892,OI000841401,ITEM0132,1,410.00,163.26,0.00,410.00
ORD00154893,OI000841402,ITEM0033,1,940.00,306.02,0.00,940.00
ORD00154893,OI000841403,ITEM0087,1,3170.00,1492.61,0.00,3170.00
ORD00154893,OI000841404,ITEM0113,2,510.00,198.15,0.00,1020.00
ORD00154893,OI000841405,ITEM0136,1,480.00,175.82,0.00,480.00
ORD00154893,OI000841406,ITEM0155,3,220.00,95.85,0.00,660.00
ORD00154894,OI000841407,ITEM0043,1,5110.00,2066.57,0.00,5110.00
ORD00154894,OI000841408,ITEM0055,2,750.00,235.61,0.00,1500.00
ORD00154894,OI000841409,ITEM0098,1,1220.00,521.65,0.00,1220.00
ORD00154894,OI000841410,ITEM0129,1,600.00,188.49,0.00,600.00
ORD00154894,OI000841411,ITEM0147,6,480.00,154.20,0.00,2880.00
ORD00154894,OI000841412,ITEM0151,3,65.00,45.19,0.00,195.00
ORD00154894,OI000841413,ITEM0160,2,105.00,47.30,0.00,210.00
ORD00154895,OI000841414,ITEM0045,1,1530.00,595.53,0.00,1530.00
ORD00154895,OI000841415,ITEM0068,2,680.00,470.19,0.00,1360.00
ORD00154895,OI000841416,ITEM0084,2,1240.00,425.59,0.00,2480.00
ORD00154895,OI000841416,ITEM0084,2,1240.00,425.59,0.00,2480.00
ORD00154895,OI000841417,ITEM0133,1,180.00,78.35,0.00,180.00
ORD00154895,OI000841418,ITEM0148,1,320.00,208.57,96.00,224.00
ORD00154895,OI000841419,ITEM0149,3,380.00,173.20,342.00,798.00
ORD00154896,OI000841420,ITEM0012,1,900.00,402.60,0.00,900.00
ORD00154896,OI000841421,ITEM0016,2,560.00,210.83,0.00,1120.00
ORD00154896,OI000841422,ITEM0020,1,810.00,323.82,0.00,810.00
ORD00154896,OI000841423,ITEM0041,1,1310.00,515.58,0.00,1310.00
ORD00154896,OI000841424,ITEM0055,1,750.00,235.61,0.00,750.00
ORD00154896,OI000841425,ITEM0124,2,190.00,131.48,0.00,380.00
ORD00154896,OI000841426,ITEM0145,5,370.00,151.19,0.00,1850.00
ORD00154896,OI000841427,ITEM0147,1,480.00,154.20,0.00,480.00
ORD00154896,OI000841428,ITEM0152,1,100.00,40.74,0.00,100.00
ORD00154896,OI000841429,ITEM0155,3,220.00,95.85,0.00,660.00
ORD00154897,OI000841430,ITEM0023,1,470.00,200.14,0.00,470.00
ORD00154897,OI000841431,ITEM0045,1,1530.00,595.53,0.00,1530.00
ORD00154897,OI000841432,ITEM0073,1,850.00,331.31,0.00,850.00
ORD00154897,OI000841433,ITEM0138,1,265.00,113.51,0.00,265.00
ORD00154898,OI000841434,ITEM0057,3,690.00,468.22,0.00,2070.00
ORD00154898,OI000841435,ITEM0135,2,105.00,69.46,0.00,210.00
ORD00154899,OI000841436,ITEM0055,1,750.00,235.61,0.00,750.00
ORD00154899,OI000841437,ITEM0093,1,1140.00,410.14,0.00,1140.00
ORD00154899,OI000841438,ITEM0123,1,330.00,138.90,0.00,330.00
ORD00154899,OI000841439,ITEM0135,1,105.00,69.46,0.00,105.00
ORD00154900,OI000841440,ITEM0015,3,520.00,184.59,0.00,1560.00
ORD00154900,OI000841441,ITEM0081,2,1510.00,1047.44,0.00,3020.00
ORD00154900,OI000841442,ITEM0143,7,470.00,187.60,0.00,3290.00
ORD00154901,OI000841443,ITEM0007,1,1570.00,711.90,471.00,1099.00
ORD00154901,OI000841444,ITEM0068,3,680.00,470.19,0.00,2040.00
ORD00154901,OI000841445,ITEM0087,2,3170.00,1492.61,1902.00,4438.00
ORD00154901,OI000841446,ITEM0127,2,500.00,76.86,0.00,1000.00
ORD00154902,OI000841447,ITEM0034,2,1220.00,445.69,0.00,2440.00
ORD00154902,OI000841448,ITEM0055,2,750.00,235.61,0.00,1500.00
ORD00154902,OI000841449,ITEM0098,2,1220.00,521.65,0.00,2440.00
ORD00154902,OI000841450,ITEM0149,4,380.00,173.20,456.00,1064.00
ORD00154902,OI000841451,ITEM0151,2,65.00,45.19,39.00,91.00
ORD00154902,OI000841452,ITEM0156,2,130.00,48.41,78.00,182.00
ORD00154903,OI000841453,ITEM0018,1,620.00,236.34,0.00,620.00
ORD00154903,OI000841454,ITEM0031,1,1100.00,364.08,0.00,1100.00
ORD00154903,OI000841455,ITEM0042,2,5470.00,2596.95,3282.00,7658.00
ORD00154903,OI000841456,ITEM0123,2,310.00,138.90,0.00,620.00
ORD00154903,OI000841457,ITEM0151,2,65.00,45.19,39.00,91.00
ORD00154903,OI000841458,ITEM0155,2,220.00,95.85,132.00,308.00
ORD00154903,OI000841459,ITEM0157,3,800.00,322.21,720.00,1680.00
ORD00154904,OI000841460,ITEM0036,1,840.00,338.10,0.00,840.00
ORD00154904,OI000841461,ITEM0046,1,2820.00,1115.76,0.00,2820.00
ORD00154904,OI000841462,ITEM0048,2,1520.00,597.64,0.00,3040.00
ORD00154904,OI000841463,ITEM0057,2,690.00,468.22,0.00,1380.00
ORD00154904,OI000841464,ITEM0067,1,320.00,108.16,0.00,320.00
ORD00154904,OI000841465,ITEM0081,1,1510.00,1047.44,0.00,1510.00
ORD00154905,OI000841466,ITEM0001,1,270.00,95.57,0.00,270.00
ORD00154905,OI000841467,ITEM0010,2,1390.00,568.66,0.00,2780.00
ORD00154905,OI000841468,ITEM0028,2,390.00,160.88,0.00,780.00
ORD00154905,OI000841469,ITEM0068,2,680.00,470.19,0.00,1360.00
ORD00154905,OI000841470,ITEM0075,1,630.00,269.61,0.00,630.00
ORD00154905,OI000841471,ITEM0081,1,1510.00,1047.44,0.00,1510.00
ORD00154905,OI000841472,ITEM0097,1,1080.00,539.54,0.00,1080.00
ORD00154905,OI000841473,ITEM0151,3,65.00,45.19,0.00,195.00
ORD00154906,OI000841474,ITEM0027,1,420.00,144.90,0.00,420.00
ORD00154906,OI000841475,ITEM0046,1,2820.00,1115.76,0.00,2820.00
ORD00154906,OI000841476,ITEM0066,1,950.00,343.77,0.00,950.00
ORD00154906,OI000841477,ITEM0068,1,680.00,470.19,0.00,680.00
ORD00154906,OI000841478,ITEM0109,3,1500.00,513.48,0.00,4500.00
ORD00154906,OI000841479,ITEM0134,1,165.00,108.74,0.00,165.00
ORD00154906,OI000841480,ITEM0148,3,320.00,208.57,0.00,960.00
ORD00154906,OI000841481,ITEM0152,3,100.00,40.74,0.00,300.00
ORD00154907,OI000841482,ITEM0074,1,1230.00,548.77,0.00,1230.00
ORD00154907,OI000841483,ITEM0081,1,1510.00,1047.44,0.00,1510.00
ORD00154907,OI000841484,ITEM0091,1,1920.00,724.96,0.00,1920.00
ORD00154907,OI000841485,ITEM0106,2,4170.00,1825.61,0.00,8340.00
ORD00154907,OI000841486,ITEM0123,2,330.00,138.90,0.00,660.00
ORD00154908,OI000841487,ITEM0012,1,900.00,402.60,0.00,900.00
ORD00154908,OI000841488,ITEM0032,2,780.00,356.48,0.00,1560.00
ORD00154908,OI000841489,ITEM0088,2,1710.00,651.22,0.00,3420.00
ORD00154908,OI000841490,ITEM0147,1,480.00,154.20,0.00,480.00
ORD00154908,OI000841491,ITEM0151,2,65.00,45.19,0.00,130.00
ORD00154908,OI000841492,ITEM0157,1,800.00,322.21,0.00,800.00
ORD00154909,OI000841493,ITEM0054,1,1330.00,424.10,0.00,1330.00
ORD00154910,OI000841494,ITEM0071,1,710.00,267.43,0.00,710.00
ORD00154910,OI000841495,ITEM0081,1,1510.00,1047.44,0.00,1510.00
ORD00154910,OI000841496,ITEM0122,2,690.00,295.82,0.00,1380.00
ORD00154910,OI000841497,ITEM0148,1,320.00,208.57,0.00,320.00
ORD00154911,OI000841498,ITEM0032,1,780.00,356.48,0.00,780.00
ORD00154911,OI000841499,ITEM0045,3,1530.00,595.53,0.00,4590.00
ORD00154911,OI000841500,ITEM0134,3,165.00,108.74,148.50,346.50
ORD00154911,OI000841501,ITEM0151,6,65.00,45.19,117.00,273.00
ORD00154911,OI000841502,ITEM0160,1,105.00,47.30,31.50,73.50
ORD00154912,OI000841503,ITEM0066,1,950.00,343.77,0.00,950.00
ORD00154912,OI000841504,ITEM0068,1,680.00,470.19,0.00,680.00
ORD00154912,OI000841505,ITEM0070,1,1330.00,627.42,399.00,931.00
ORD00154912,OI000841506,ITEM0081,2,1510.00,1047.44,0.00,3020.00
ORD00154912,OI000841507,ITEM0083,1,1760.00,701.86,0.00,1760.00
ORD00154912,OI000841508,ITEM0145,2,370.00,151.19,222.00,518.00
ORD00154912,OI000841509,ITEM0148,1,350.00,208.57,105.00,245.00
ORD00154912,OI000841510,ITEM0151,3,70.00,45.19,63.00,147.00
ORD00154912,OI000841511,ITEM0156,1,130.00,48.41,39.00,91.00
ORD00154913,OI000841512,ITEM0025,1,890.00,334.06,0.00,890.00
ORD00154913,OI000841513,ITEM0054,1,1440.00,424.10,0.00,1440.00
ORD00154913,OI000841514,ITEM0112,1,310.00,140.73,0.00,310.00
ORD00154913,OI000841515,ITEM0134,2,165.00,108.74,0.00,330.00
ORD00154913,OI000841516,ITEM0147,3,480.00,154.20,0.00,1440.00
ORD00154913,OI000841517,ITEM0151,2,70.00,45.19,0.00,140.00
ORD00154914,OI000841518,ITEM0017,1,680.00,292.31,0.00,680.00
ORD00154914,OI000841518,ITEM0017,1,680.00,292.31,0.00,680.00
ORD00154914,OI000841519,ITEM0033,1,940.00,306.02,0.00,940.00
ORD00154914,OI000841520,ITEM0157,5,800.00,322.21,0.00,4000.00
ORD00154915,OI000841521,ITEM0029,1,1030.00,312.12,0.00,1030.00
ORD00154915,OI000841522,ITEM0033,1,940.00,306.02,0.00,940.00
ORD00154915,OI000841523,ITEM0048,2,1520.00,597.64,0.00,3040.00
ORD00154915,OI000841524,ITEM0148,1,350.00,208.57,0.00,350.00
ORD00154915,OI000841525,ITEM0151,1,70.00,45.19,0.00,70.00
ORD00154916,OI000841526,ITEM0012,1,900.00,402.60,0.00,900.00
ORD00154916,OI000841527,ITEM0068,1,680.00,470.19,0.00,680.00
ORD00154916,OI000841528,ITEM0078,1,1250.00,560.33,0.00,1250.00
ORD00154916,OI000841529,ITEM0091,3,1920.00,724.96,0.00,5760.00
ORD00154916,OI000841530,ITEM0116,2,800.00,142.86,0.00,1600.00
ORD00154916,OI000841531,ITEM0151,1,65.00,45.19,0.00,65.00
ORD00154916,OI000841532,ITEM0152,2,100.00,40.74,0.00,200.00
ORD00154916,OI000841533,ITEM5186,2,370.00,126.03,0.00,740.00
ORD00154916,OI000841534,ITEM0157,5,800.00,322.21,0.00,4000.00
ORD00154917,OI000841535,ITEM7255,1,1390.00,568.66,0.00,1390.00
ORD00154917,OI000841536,ITEM0023,1,470.00,200.14,0.00,470.00
ORD00154917,OI000841537,ITEM0045,3,1530.00,595.53,0.00,4590.00
ORD00154917,OI000841538,ITEM0134,5,165.00,108.74,0.00,825.00
ORD00154917,OI000841539,ITEM0153,1,40.00,16.47,0.00,40.00
ORD00154917,OI000841540,ITEM0160,2,105.00,47.30,0.00,210.00
ORD00154918,OI000841541,ITEM0032,4,780.00,356.48,0.00,3120.00
ORD00154918,OI000841541,ITEM0032,4,780.00,356.48,0.00,3120.00
ORD00154918,OI000841542,ITEM0058,3,1250.00,392.19,0.00,3750.00
ORD00154918,OI000841543,ITEM0062,2,670.00,350.53,0.00,1340.00
ORD00154918,OI000841544,ITEM0066,1,950.00,343.77,0.00,950.00
ORD00154918,OI000841545,ITEM0071,2,710.00,267.43,0.00,1420.00
ORD00154918,OI000841546,ITEM0089,1,2070.00,892.05,0.00,2070.00
ORD00154918,OI000841547,ITEM0109,1,1500.00,513.48,0.00,1500.00
ORD00154918,OI000841548,ITEM0134,1,165.00,108.74,0.00,165.00
ORD00154918,OI000841549,ITEM0147,5,480.00,154.20,0.00,2400.00
ORD00154919,OI000841550,ITEM0002,1,215.00,75.87,0.00,215.00
ORD00154919,OI000841551,ITEM0009,2,490.00,185.03,0.00,980.00
ORD00154919,OI000841552,ITEM0062,3,670.00,350.53,0.00,2010.00
ORD00154919,OI000841553,ITEM0109,2,1500.00,513.48,0.00,3000.00
ORD00154919,OI000841554,ITEM0125,2,320.00,124.33,0.00,640.00
ORD00154920,OI000841555,ITEM0013,1,400.00,179.48,0.00,400.00
ORD00154920,OI000841556,ITEM0048,2,1520.00,597.64,0.00,3040.00
ORD00154920,OI000841557,ITEM0054,1,1330.00,424.10,0.00,1330.00
ORD00154920,OI000841558,ITEM0113,1,510.00,198.15,0.00,510.00
ORD00154920,OI000841559,ITEM0148,3,320.00,208.57,0.00,960.00
ORD00154921,OI000841560,ITEM0006,1,770.00,296.28,0.00,770.00
ORD00154921,OI000841561,ITEM0043,1,5110.00,2066.57,0.00,5110.00
ORD00154921,OI000841562,ITEM0045,2,1530.00,595.53,0.00,3060.00
ORD00154921,OI000841563,ITEM0046,1,2820.00,1115.76,0.00,2820.00
ORD00154921,OI000841564,ITEM0107,1,1430.00,473.19,0.00,1430.00
ORD00154921,OI000841565,ITEM0138,1,265.00,113.51,0.00,265.00
ORD00154921,OI000841566,ITEM0151,8,65.00,45.19,0.00,520.00
ORD00154921,OI000841567,,2,40.00,16.47,0.00,80.00
ORD00154922,OI000841568,ITEM0005,1,420.00,149.00,0.00,420.00
ORD00154922,OI000841569,ITEM0012,1,900.00,402.60,0.00,900.00
ORD00154922,OI000841570,ITEM0045,2,1530.00,595.53,0.00,3060.00
ORD00154923,OI000841571,ITEM0040,1,750.00,267.75,0.00,750.00
ORD00154923,OI000841572,ITEM0045,2,1530.00,595.53,0.00,3060.00
ORD00154923,OI000841573,ITEM0054,2,1330.00,424.10,0.00,2660.00
ORD00154923,OI000841574,ITEM0066,2,950.00,343.77,0.00,1900.00
ORD00154923,OI000841575,ITEM0091,3,1920.00,724.96,0.00,5760.00
ORD00154923,OI000841576,ITEM0137,1,310.00,112.52,0.00,310.00
ORD00154924,OI000841577,ITEM0020,1,810.00,323.82,0.00,810.00
ORD00154924,OI000841578,ITEM0041,1,1310.00,515.58,0.00,1310.00
ORD00154924,OI000841579,ITEM0048,2,1520.00,597.64,0.00,3040.00
ORD00154924,OI000841580,ITEM0082,3,2000.00,707.81,0.00,6000.00
ORD00154924,OI000841581,ITEM0134,1,165.00,108.74,0.00,165.00
ORD00154924,OI000841582,ITEM0143,1,470.00,187.60,0.00,470.00
ORD00154924,OI000841583,ITEM0148,4,350.00,208.57,0.00,1400.00
ORD00154925,OI000841584,ITEM0048,1,1520.00,597.64,0.00,1520.00
ORD00154925,OI000841585,ITEM0065,1,1360.00,503.63,0.00,1360.00
ORD00154925,OI000841586,ITEM0068,1,680.00,470.19,0.00,680.00
ORD00154925,OI000841587,ITEM0147,2,480.00,154.20,0.00,960.00
ORD00154926,OI000841588,ITEM0013,2,400.00,179.48,0.00,800.00
ORD00154926,OI000841589,ITEM0068,2,680.00,470.19,0.00,1360.00
ORD00154926,OI000841590,ITEM0109,2,1500.00,513.48,0.00,3000.00
ORD00154926,OI000841591,ITEM0113,4,510.00,198.15,0.00,2040.00
ORD00154926,OI000841592,ITEM0121,1,400.00,125.92,0.00,400.00
ORD00154926,OI000841593,ITEM0147,2,480.00,154.20,0.00,960.00
ORD00154927,OI000841594,ITEM0039,4,980.00,450.35,0.00,3920.00
ORD00154927,OI000841595,ITEM0147,1,480.00,154.20,0.00,480.00
ORD00154927,OI000841596,ITEM0148,1,320.00,208.57,0.00,320.00
ORD00154928,OI000841597,ITEM0018,1,620.00,236.34,0.00,620.00
ORD00154928,OI000841598,ITEM0042,1,5470.00,2596.95,1641.00,3829.00
ORD00154928,OI000841599,ITEM0050,2,1770.00,776.26,0.00,3540.00
ORD00154928,OI000841600,ITEM0077,1,680.00,302.29,0.00,680.00
ORD00154928,OI000841601,ITEM0132,1,410.00,163.26,0.00,410.00
ORD00154928,OI000841602,ITEM0134,2,165.00,108.74,99.00,231.00
ORD00154928,OI000841603,ITEM0148,6,320.00,208.57,576.00,1344.00
ORD00154929,OI000841604,ITEM0019,1,360.00,154.84,0.00,360.00
ORD00154929,OI000841605,ITEM0076,1,750.00,294.74,0.00,750.00
ORD00154929,OI000841606,ITEM0081,1,1510.00,1047.44,0.00,1510.00
ORD00154929,OI000841607,ITEM0135,1,105.00,69.46,0.00,105.00
ORD00154930,OI000841608,ITEM0042,1,5470.00,2596.95,1641.00,3829.00
ORD00154930,OI000841609,ITEM0050,1,1910.00,776.26,0.00,1910.00
ORD00154930,OI000841610,ITEM0057,1,690.00,468.22,0.00,690.00
ORD00154930,OI000841611,ITEM0062,1,670.00,350.53,0.00,670.00
ORD00154930,OI000841612,ITEM0086,1,1380.00,560.08,0.00,1380.00
ORD00154930,OI000841613,ITEM0147,3,480.00,154.20,432.00,1008.00
ORD00154930,OI000841614,ITEM0148,8,350.00,208.57,840.00,1960.00
ORD00154930,OI000841615,ITEM0151,4,70.00,45.19,84.00,196.00
ORD00154931,OI000841616,ITEM0042,1,5470.00,2596.95,1641.00,3829.00
ORD00154931,OI000841617,ITEM0047,1,1650.00,627.28,0.00,1650.00
ORD00154931,OI000841618,ITEM0061,1,980.00,363.74,0.00,980.00
ORD00154931,OI000841619,ITEM0076,1,750.00,294.74,0.00,750.00
ORD00154931,OI000841620,ITEM0147,2,480.00,154.20,288.00,672.00
ORD00154931,OI000841621,ITEM0149,2,380.00,173.20,228.00,532.00
ORD00154932,OI000841622,ITEM0002,1,215.00,75.87,0.00,215.00
ORD00154932,OI000841624,ITEM0074,1,1230.00,548.77,0.00,1230.00
ORD00154932,OI000841625,ITEM0148,1,320.00,208.57,0.00,320.00
ORD00154933,OI000841626,ITEM0061,2,1060.00,363.74,0.00,2120.00
ORD00154933,OI000841627,ITEM0068,1,680.00,470.19,0.00,680.00
ORD00154933,OI000841628,ITEM0074,1,1230.00,548.77,0.00,1230.00
ORD00154933,OI000841629,ITEM0124,3,190.00,131.48,0.00,570.00
ORD00154933,OI000841630,ITEM0129,2,600.00,188.49,0.00,1200.00
ORD00154933,OI000841631,ITEM0134,1,165.00,108.74,0.00,165.00
ORD00154934,OI000841632,ITEM0033,1,940.00,306.02,0.00,940.00
ORD00154934,OI000841633,ITEM0053,1,1360.00,605.77,0.00,1360.00
ORD00154934,OI000841634,ITEM0057,2,690.00,468.22,0.00,1380.00
ORD00154934,OI000841635,ITEM0091,1,1920.00,724.96,0.00,1920.00
ORD00154934,OI000841636,ITEM0092,2,1410.00,465.66,0.00,2820.00
ORD00154934,OI000841637,ITEM0148,1,320.00,208.57,0.00,320.00
ORD00154935,OI000841638,ITEM0003,1,380.00,142.17,0.00,380.00
ORD00154935,OI000841639,ITEM0070,1,1330.00,627.42,399.00,931.00
ORD00154935,OI000841640,ITEM0088,1,1710.00,651.22,0.00,1710.00
ORD00154935,OI000841641,ITEM0113,1,510.00,198.15,0.00,510.00
ORD00154935,OI000841642,ITEM0135,2,105.00,69.46,63.00,147.00
ORD00154935,OI000841643,ITEM0147,1,480.00,154.20,144.00,336.00
ORD00154935,OI000841644,ITEM0148,2,320.00,208.57,192.00,448.00
ORD00154936,OI000841645,ITEM0031,1,1100.00,364.08,0.00,1100.00
ORD00154936,OI000841646,ITEM0045,3,1530.00,595.53,0.00,4590.00
ORD00154936,OI000841647,ITEM0054,2,1330.00,424.10,0.00,2660.00
ORD00154936,OI000841648,ITEM0057,1,690.00,468.22,0.00,690.00
ORD00154936,OI000841649,ITEM0068,1,680.00,470.19,0.00,680.00
ORD00154936,OI000841650,ITEM0085,1,1630.00,650.03,0.00,1630.00
ORD00154936,OI000841651,ITEM0147,2,480.00,154.20,0.00,960.00
ORD00154936,OI000841652,ITEM0151,2,65.00,45.19,0.00,130.00
ORD00154937,OI000841653,ITEM0003,2,380.00,142.17,0.00,760.00
ORD00154937,OI000841654,ITEM0042,1,5470.00,2596.95,1641.00,3829.00
ORD00154937,OI000841655,ITEM0050,2,1770.00,776.26,0.00,3540.00
ORD00154937,OI000841656,ITEM0087,1,3170.00,1492.61,951.00,2219.00
ORD00154937,OI000841657,ITEM0118,1,670.00,333.71,201.00,469.00
ORD00154937,OI000841658,ITEM0156,3,130.00,48.41,117.00,273.00
ORD00154937,OI000841659,ITEM0157,2,800.00,322.21,480.00,1120.00
ORD00154937,OI000841660,ITEM0159,1,460.00,192.62,138.00,322.00
ORD00154938,OI000841661,ITEM0040,1,750.00,267.75,0.00,750.00
ORD00154938,OI000841662,ITEM0045,1,1530.00,595.53,0.00,1530.00
ORD00154938,OI000841663,ITEM0066,1,950.00,343.77,0.00,950.00
ORD00154938,OI000841664,ITEM0092,2,1410.00,465.66,0.00,2820.00
ORD00154939,OI000841665,ITEM0007,2,1570.00,711.90,942.00,2198.00
ORD00154939,OI000841666,ITEM0057,3,690.00,468.22,0.00,2070.00
ORD00154939,OI000841667,ITEM0133,1,180.00,78.35,0.00,180.00
ORD00154939,OI000841668,ITEM0140,2,460.00,67.98,276.00,644.00
ORD00154939,OI000841669,ITEM0143,1,470.00,187.60,141.00,329.00
ORD00154939,OI000841670,ITEM0154,2,370.00,126.03,222.00,518.00
ORD00154940,OI000841671,ITEM0024,1,820.00,285.28,0.00,820.00
ORD00154940,OI000841672,ITEM0068,1,680.00,470.19,0.00,680.00
ORD00154940,OI000841673,ITEM0114,1,270.00,86.95,0.00,270.00
ORD00154940,OI000841674,ITEM0125,1,320.00,124.33,0.00,320.00
ORD00154940,OI000841675,ITEM0136,2,480.00,175.82,0.00,960.00
ORD00154940,OI000841676,ITEM0147,2,480.00,154.20,0.00,960.00
ORD00154941,OI000841677,ITEM0048,1,1520.00,597.64,0.00,1520.00
ORD00154941,OI000841678,ITEM0068,1,680.00,470.19,0.00,680.00
ORD00154941,OI000841679,ITEM0083,1,1760.00,701.86,0.00,1760.00
ORD00154941,OI000841680,ITEM0143,1,470.00,187.60,0.00,470.00
ORD00154942,OI000841681,ITEM0041,1,1310.00,515.58,0.00,1310.00
ORD00154942,OI000841682,ITEM0054,2,1440.00,424.10,0.00,2880.00
ORD00154942,OI000841683,ITEM0057,2,690.00,468.22,0.00,1380.00
ORD00154942,OI000841684,ITEM0068,2,680.00,470.19,0.00,1360.00
ORD00154942,OI000841685,ITEM0092,1,1410.00,465.66,0.00,1410.00
ORD00154942,OI000841686,ITEM0113,3,510.00,198.15,0.00,1530.00
ORD00154942,OI000841687,ITEM0125,1,320.00,124.33,0.00,320.00
ORD00154942,OI000841688,ITEM0152,2,100.00,40.74,0.00,200.00
ORD00154943,OI000841689,ITEM0151,2,65.00,45.19,0.00,130.00
ORD00154944,OI000841690,ITEM0024,1,820.00,285.28,0.00,820.00
ORD00154944,OI000841691,ITEM0057,1,690.00,468.22,0.00,690.00
ORD00154944,OI000841692,ITEM0058,2,1250.00,392.19,0.00,2500.00
ORD00154944,OI000841693,ITEM0067,2,320.00,108.16,0.00,640.00
ORD00154944,OI000841694,ITEM0113,1,510.00,198.15,0.00,510.00
ORD00154944,OI000841695,ITEM0124,1,190.00,131.48,0.00,190.00
ORD00154944,OI000841696,ITEM0147,2,480.00,154.20,0.00,960.00
ORD00154944,OI000841697,ITEM0148,1,320.00,208.57,0.00,320.00
ORD00154945,OI000841698,ITEM0014,1,490.00,180.01,0.00,490.00
ORD00154945,OI000841699,ITEM0078,2,1250.00,560.33,0.00,2500.00
ORD00154945,OI000841700,ITEM0105,1,2660.00,878.39,0.00,2660.00
ORD00154946,OI000841701,ITEM0001,1,270.00,95.57,0.00,270.00
ORD00154946,OI000841702,ITEM0057,1,690.00,468.22,0.00,690.00
ORD00154946,OI000841703,ITEM0103,1,3090.00,1298.00,0.00,3090.00
ORD00154946,OI000841704,ITEM0147,3,480.00,154.20,0.00,1440.00
ORD00154946,OI000841705,ITEM0150,3,130.00,50.35,0.00,390.00
ORD00154947,OI000841706,ITEM0043,-1,5110.00,2066.57,0.00,5110.00
ORD00154947,OI000841707,ITEM0103,1,3090.00,1298.00,0.00,3090.00
ORD00154947,OI000841708,ITEM0129,1,600.00,188.49,0.00,600.00
ORD00154947,OI000841709,ITEM0136,5,480.00,175.82,0.00,2400.00
ORD00154947,OI000841710,ITEM0137,2,310.00,112.52,0.00,620.00
ORD00154948,OI000841711,ITEM0035,1,1000.00,418.08,0.00,1000.00
ORD00154948,OI000841712,ITEM0074,1,1230.00,548.77,0.00,1230.00
ORD00154949,OI000841713,ITEM0049,1,2870.00,1132.57,0.00,2870.00
ORD00154949,OI000841714,ITEM0068,1,680.00,470.19,0.00,680.00
ORD00154949,OI000841714,ITEM0068,1,680.00,470.19,0.00,680.00
ORD00154949,OI000841715,ITEM0134,2,165.00,108.74,0.00,330.00
ORD00154950,OI000841716,ITEM0032,2,780.00,356.48,0.00,1560.00
ORD00154950,OI000841717,ITEM0048,1,1520.00,597.64,0.00,1520.00
ORD00154950,OI000841718,ITEM0056,1,1440.00,468.22,0.00,1440.00
ORD00154950,OI000841719,ITEM0066,1,950.00,343.77,0.00,950.00
ORD00154950,OI000841720,ITEM0087,3,3170.00,1492.61,2853.00,6657.00
ORD00154950,OI000841721,ITEM0092,1,1410.00,465.66,0.00,1410.00
ORD00154950,OI000841722,ITEM8414,1,190.00,131.48,0.00,190.00
ORD00154950,OI000841723,ITEM0151,2,65.00,45.19,39.00,91.00
ORD00154950,OI000841724,ITEM0152,1,100.00,40.74,30.00,70.00
ORD00154951,OI000841725,ITEM0077,1,730.00,302.29,0.00,730.00
ORD00154951,OI000841726,ITEM0086,1,1380.00,560.08,0.00,1380.00
ORD00154951,OI000841727,ITEM0091,2,1920.00,724.96,0.00,3840.00
ORD00154951,OI000841728,ITEM0136,1,520.00,175.82,0.00,520.00
ORD00154951,OI000841729,ITEM0147,1,480.00,154.20,0.00,480.00
ORD00154951,OI000841730,ITEM0151,1,70.00,45.19,0.00,70.00
ORD00154951,OI000841731,ITEM0156,2,130.00,48.41,0.00,260.00
ORD00154952,OI000841732,ITEM0068,2,680.00,470.19,0.00,1360.00
ORD00154952,OI000841733,ITEM0088,2,1710.00,651.22,0.00,3420.00
ORD00154953,OI000841734,ITEM3805,1,390.00,160.88,0.00,390.00
ORD00154953,OI000841735,ITEM0035,4,1000.00,418.08,0.00,4000.00
ORD00154953,OI000841736,ITEM0046,1,2820.00,1115.76,0.00,2820.00
ORD00154953,OI000841737,ITEM0048,1,1520.00,597.64,0.00,1520.00
ORD00154953,OI000841738,ITEM0068,3,680.00,470.19,0.00,2040.00
ORD00154953,OI000841739,ITEM0072,3,790.00,332.55,0.00,2370.00
ORD00154953,OI000841740,ITEM0113,2,510.00,198.15,0.00,1020.00
ORD00154953,OI000841741,ITEM0148,3,320.00,208.57,0.00,960.00
ORD00154954,OI000841742,ITEM0020,1,810.00,323.82,0.00,810.00
ORD00154954,OI000841743,ITEM0055,1,750.00,235.61,0.00,750.00
ORD00154954,OI000841744,ITEM0066,1,950.00,343.77,0.00,950.00
ORD00154954,OI000841745,ITEM0068,3,680.00,470.19,0.00,2040.00
ORD00154954,OI000841746,ITEM0130,2,235.00,91.80,0.00,470.00
ORD00154954,OI000841747,ITEM0137,2,310.00,112.52,0.00,620.00
ORD00154954,OI000841748,ITEM0151,1,70.00,45.19,0.00,70.00
ORD00154954,OI000841749,ITEM0153,2,40.00,16.47,0.00,80.00
ORD00154955,OI000841750,ITEM0015,2,520.00,184.59,0.00,1040.00
ORD00154955,OI000841751,ITEM0044,2,1480.00,512.67,0.00,2960.00
ORD00154955,OI000841752,ITEM0109,1,1500.00,513.48,0.00,1500.00
ORD00154955,OI000841753,ITEM0134,2,165.00,108.74,0.00,330.00
ORD00154955,OI000841754,ITEM0148,7,320.00,208.57,0.00,2240.00
ORD00154955,OI000841755,ITEM0154,1,370.00,126.03,0.00,370.00
ORD00154956,OI000841756,ITEM0014,1,490.00,180.01,0.00,490.00
ORD00154956,OI000841757,ITEM0043,1,5110.00,2066.57,0.00,5110.00
ORD00154956,OI000841758,ITEM0159,1,460.00,192.62,0.00,460.00
ORD00154957,OI000841759,ITEM0077,1,680.00,302.29,0.00,680.00
ORD00154957,OI000841760,ITEM0082,1,2000.00,707.81,0.00,2000.00
ORD00154957,OI000841761,ITEM0105,1,2660.00,878.39,0.00,2660.00
ORD00154957,OI000841762,ITEM0110,1,-1330.00,558.62,0.00,1330.00
ORD00154957,OI000841763,ITEM0135,1,105.00,69.46,0.00,105.00
ORD00154957,OI000841764,ITEM0139,4,410.00,69.54,0.00,1640.00
ORD00154957,OI000841765,ITEM0152,1,100.00,40.74,0.00,100.00
ORD00154958,OI000841766,ITEM3069,2,690.00,468.22,0.00,1380.00
ORD00154958,OI000841767,ITEM0062,1,670.00,350.53,0.00,670.00
ORD00154958,OI000841768,ITEM0068,2,680.00,470.19,0.00,1360.00
ORD00154958,OI000841769,ITEM0077,1,730.00,302.29,0.00,730.00
ORD00154958,OI000841770,ITEM0147,1,480.00,154.20,0.00,480.00
ORD00154959,OI000841771,ITEM0012,3,900.00,402.60,0.00,2700.00
ORD00154959,OI000841772,ITEM0041,1,1310.00,515.58,0.00,1310.00
ORD00154959,OI000841773,ITEM0072,1,790.00,332.55,0.00,790.00
ORD00154959,OI000841774,ITEM0094,1,1550.00,716.43,0.00,1550.00
ORD00154959,OI000841775,ITEM0134,1,165.00,108.74,0.00,165.00
ORD00154959,OI000841776,ITEM0148,2,320.00,208.57,0.00,640.00
ORD00154960,OI000841777,ITEM0042,1,5470.00,2596.95,1641.00,3829.00
ORD00154960,OI000841778,ITEM0054,2,1330.00,424.10,0.00,2660.00
ORD00154960,OI000841779,ITEM0057,1,690.00,468.22,0.00,690.00
ORD00154960,OI000841780,ITEM0070,2,1330.00,627.42,798.00,1862.00
ORD00154960,OI000841781,ITEM0113,1,510.00,198.15,0.00,510.00
ORD00154960,OI000841782,ITEM0135,1,105.00,69.46,31.50,73.50
ORD00154960,OI000841783,ITEM0145,1,370.00,151.19,111.00,259.00
ORD00154960,OI000841784,ITEM0148,2,320.00,208.57,192.00,448.00
ORD00154960,OI000841785,ITEM0151,3,65.00,45.19,58.50,136.50
ORD00154961,OI000841786,ITEM0048,3,1520.00,597.64,0.00,4560.00
ORD00154961,OI000841787,ITEM0051,1,680.00,266.66,0.00,680.00
ORD00154961,OI000841788,ITEM0065,1,1360.00,503.63,0.00,1360.00
ORD00154961,OI000841789,ITEM0070,2,1330.00,627.42,798.00,1862.00
ORD00154961,OI000841790,ITEM0087,1,3170.00,1492.61,951.00,2219.00
ORD00154961,OI000841791,ITEM0143,1,470.00,187.60,141.00,329.00
ORD00154961,OI000841792,ITEM0159,1,460.00,192.62,138.00,322.00
ORD00154962,OI000841793,ITEM0030,1,265.00,110.76,0.00,265.00
ORD00154962,OI000841794,ITEM0062,1,670.00,350.53,0.00,670.00
ORD00154962,OI000841795,ITEM0064,1,550.00,191.14,0.00,550.00
ORD00154962,OI000841796,ITEM0114,1,270.00,86.95,0.00,270.00
ORD00154962,OI000841797,ITEM0121,1,370.00,125.92,0.00,370.00
ORD00154962,OI000841798,,1,310.00,112.52,0.00,310.00
ORD00154962,OI000841799,ITEM0155,3,220.00,95.85,0.00,660.00
ORD00154963,OI000841800,ITEM0001,1,270.00,95.57,0.00,270.00
ORD00154963,OI000841801,ITEM0044,5,1600.00,512.67,0.00,8000.00
ORD00154963,OI000841802,ITEM0126,1,160.00,72.53,0.00,160.00
ORD00154963,OI000841803,ITEM0153,3,40.00,16.47,0.00,120.00
ORD00154964,OI000841804,ITEM0040,3,750.00,267.75,0.00,2250.00
ORD00154964,OI000841805,ITEM0048,3,1520.00,597.64,0.00,4560.00
ORD00154964,OI000841806,ITEM0050,1,1770.00,776.26,0.00,1770.00
ORD00154965,OI000841807,ITEM0113,2,510.00,198.15,0.00,1020.00
ORD00154965,OI000841808,ITEM0145,1,370.00,151.19,0.00,370.00
ORD00154966,OI000841809,ITEM0030,1,265.00,110.76,0.00,265.00
ORD00154966,OI000841810,ITEM0037,2,2380.00,995.51,0.00,4760.00
ORD00154966,OI000841811,ITEM0049,1,2660.00,1132.57,0.00,2660.00
ORD00154966,OI000841812,,1,2000.00,707.81,0.00,2000.00
ORD00154966,OI000841813,ITEM0121,1,370.00,125.92,0.00,370.00
ORD00154966,OI000841814,ITEM0133,2,180.00,78.35,0.00,360.00
ORD00154966,OI000841815,ITEM0154,2,370.00,126.03,0.00,740.00
ORD00154966,OI000841816,ITEM0155,1,220.00,95.85,0.00,220.00
ORD00154967,OI000841817,ITEM0041,1,1310.00,515.58,0.00,1310.00
ORD00154967,OI000841818,ITEM0068,1,680.00,470.19,0.00,680.00
ORD00154967,OI000841819,ITEM0143,5,470.00,187.60,0.00,2350.00
ORD00154968,OI000841820,ITEM0032,1,780.00,356.48,0.00,780.00
ORD00154968,OI000841821,ITEM0113,2,510.00,198.15,0.00,1020.00
ORD00154968,OI000841822,ITEM0156,1,130.00,48.41,0.00,130.00
ORD00154969,OI000841823,ITEM0004,1,590.00,220.14,0.00,590.00
ORD00154969,OI000841824,ITEM0093,1,1140.00,410.14,0.00,1140.00
ORD00154970,OI000841825,ITEM0048,3,1520.00,597.64,0.00,4560.00
ORD00154970,OI000841826,ITEM0098,2,1220.00,521.65,0.00,2440.00
ORD00154970,OI000841827,ITEM0113,2,510.00,198.15,0.00,1020.00
ORD00154970,OI000841828,ITEM0137,2,310.00,112.52,0.00,620.00
ORD00154971,OI000841829,ITEM0033,2,940.00,306.02,0.00,1880.00
ORD00154971,OI000841831,ITEM0055,1,750.00,235.61,0.00,750.00
ORD00154971,OI000841832,ITEM0065,2,1360.00,503.63,0.00,2720.00
ORD00154971,OI000841833,ITEM0068,1,680.00,470.19,0.00,680.00
ORD00154971,OI000841834,ITEM0075,1,630.00,269.61,0.00,630.00
ORD00154971,OI000841835,ITEM0095,1,1190.00,508.41,0.00,1190.00
ORD00154971,OI000841836,ITEM0147,3,480.00,154.20,0.00,1440.00
ORD00154972,OI000841837,ITEM0006,1,770.00,296.28,0.00,770.00
ORD00154972,OI000841838,ITEM0037,1,2380.00,995.51,0.00,2380.00
ORD00154972,OI000841839,ITEM0045,1,1530.00,595.53,0.00,1530.00
ORD00154972,OI000841840,ITEM0092,1,1410.00,465.66,0.00,1410.00
ORD00154972,OI000841841,ITEM0098,1,1220.00,521.65,0.00,1220.00
ORD00154973,OI000841842,ITEM0009,1,490.00,185.03,0.00,490.00
ORD00154973,OI000841843,ITEM0036,2,840.00,338.10,0.00,1680.00
ORD00154973,OI000841844,ITEM0055,4,750.00,235.61,0.00,3000.00
ORD00154973,OI000841845,ITEM0113,2,510.00,198.15,0.00,1020.00
ORD00154973,OI000841846,ITEM0145,3,370.00,151.19,0.00,1110.00
ORD00154974,OI000841847,ITEM0062,1,670.00,350.53,0.00,670.00
ORD00154974,OI000841848,ITEM0077,1,680.00,302.29,0.00,680.00
ORD00154974,OI000841849,ITEM0092,2,1410.00,465.66,0.00,2820.00
ORD00154974,OI000841850,ITEM0094,1,1550.00,716.43,0.00,1550.00
ORD00154974,OI000841851,ITEM0135,4,105.00,69.46,0.00,420.00
ORD00154975,OI000841852,ITEM0023,3,470.00,200.14,0.00,1410.00
ORD00154975,OI000841853,ITEM0067,2,320.00,108.16,0.00,640.00
ORD00154975,OI000841854,ITEM0140,1,460.00,67.98,0.00,460.00
ORD00154975,OI000841855,ITEM0150,8,130.00,50.35,0.00,1040.00
ORD00154976,OI000841856,ITEM0019,1,360.00,154.84,0.00,360.00
ORD00154976,OI000841857,ITEM0032,1,780.00,356.48,0.00,780.00
ORD00154976,OI000841858,ITEM0033,1,940.00,306.02,0.00,940.00
ORD00154976,OI000841859,ITEM0040,1,750.00,267.75,0.00,750.00
ORD00154976,OI000841860,ITEM0046,1,2820.00,1115.76,0.00,2820.00
ORD00154976,OI000841861,ITEM0050,2,1770.00,776.26,0.00,3540.00
ORD00154976,OI000841862,ITEM0057,1,690.00,468.22,0.00,690.00
ORD00154976,OI000841863,ITEM0066,1,950.00,343.77,0.00,950.00
ORD00154976,OI000841864,ITEM0086,7,1380.00,560.08,0.00,9660.00
ORD00154976,OI000841865,ITEM0098,1,1220.00,521.65,0.00,1220.00
ORD00154976,OI000841866,ITEM0113,3,510.00,198.15,0.00,1530.00
ORD00154976,OI000841867,ITEM0134,1,165.00,108.74,0.00,165.00
ORD00154976,OI000841868,ITEM0135,1,105.00,69.46,0.00,105.00
ORD00154976,OI000841869,ITEM0143,1,470.00,187.60,0.00,470.00
ORD00154976,OI000841870,ITEM0151,5,65.00,45.19,0.00,325.00
ORD00154977,OI000841871,ITEM0068,2,680.00,470.19,0.00,1360.00
ORD00154977,OI000841872,ITEM0078,2,1250.00,560.33,0.00,2500.00
ORD00154977,OI000841873,ITEM0088,1,1710.00,651.22,0.00,1710.00
ORD00154977,OI000841874,ITEM0132,2,410.00,163.26,0.00,820.00
ORD00154977,OI000841875,ITEM0157,6,800.00,322.21,0.00,4800.00
ORD00154978,OI000841876,ITEM0031,1,1100.00,364.08,0.00,1100.00
ORD00154978,OI000841877,ITEM0046,1,2820.00,1115.76,0.00,2820.00
ORD00154978,OI000841878,ITEM0054,1,1330.00,424.10,0.00,1330.00
ORD00154978,OI000841879,ITEM0067,1,320.00,108.16,0.00,320.00
ORD00154978,OI000841880,ITEM0068,2,680.00,470.19,0.00,1360.00
ORD00154978,OI000841881,ITEM0072,2,790.00,332.55,0.00,1580.00
ORD00154978,OI000841882,ITEM0135,2,105.00,69.46,0.00,210.00
ORD00154978,OI000841883,ITEM0147,-2,480.00,154.20,0.00,960.00
ORD00154979,OI000841884,ITEM0050,2,1770.00,776.26,0.00,3540.00
ORD00154979,OI000841885,ITEM0060,1,830.00,333.17,0.00,830.00
ORD00154979,OI000841886,ITEM0061,1,980.00,363.74,0.00,980.00
ORD00154979,OI000841887,ITEM0095,2,1190.00,508.41,0.00,2380.00
ORD00154979,OI000841888,ITEM0117,2,930.00,145.29,0.00,1860.00
ORD00154980,OI000841889,ITEM0043,1,5110.00,2066.57,0.00,5110.00
ORD00154980,OI000841890,ITEM0045,1,1530.00,595.53,0.00,1530.00
ORD00154980,OI000841891,ITEM0067,1,320.00,108.16,0.00,320.00
ORD00154980,OI000841892,ITEM0118,1,720.00,333.71,216.00,504.00
ORD00154980,OI000841893,ITEM0135,1,105.00,69.46,31.50,73.50
ORD00154980,OI000841894,ITEM0151,2,70.00,45.19,42.00,98.00
ORD00154981,OI000841895,ITEM0048,1,1520.00,597.64,0.00,1520.00
ORD00154981,OI000841896,ITEM0054,1,1440.00,424.10,0.00,1440.00
ORD00154981,OI000841897,ITEM0055,1,750.00,235.61,0.00,750.00
ORD00154981,OI000841898,ITEM0126,1,160.00,72.53,0.00,160.00
ORD00154982,OI000841899,ITEM0084,1,1240.00,425.59,0.00,1240.00
ORD00154982,OI000841900,ITEM0113,1,510.00,198.15,0.00,510.00
ORD00154982,OI000841901,ITEM0148,1,320.00,208.57,0.00,320.00
ORD00154983,OI000841902,ITEM0045,1,1530.00,595.53,0.00,1530.00
ORD00154983,OI000841903,ITEM0057,2,690.00,468.22,0.00,1380.00
ORD00154983,OI000841904,ITEM0122,1,690.00,295.82,0.00,690.00
ORD00154983,OI000841905,,1,105.00,69.46,0.00,105.00
ORD00154983,OI000841906,ITEM0136,2,520.00,175.82,0.00,1040.00
ORD00154983,OI000841907,ITEM0151,2,70.00,45.19,0.00,140.00
ORD00154984,OI000841908,ITEM0014,2,490.00,180.01,0.00,980.00
ORD00154984,OI000841909,ITEM0020,1,810.00,323.82,0.00,810.00
ORD00154984,OI000841910,ITEM0051,2,680.00,266.66,0.00,1360.00
ORD00154984,OI000841911,ITEM0054,3,1330.00,424.10,0.00,3990.00
ORD00154984,OI000841912,ITEM0068,2,680.00,470.19,0.00,1360.00
ORD00154984,OI000841913,ITEM0084,1,1240.00,425.59,0.00,1240.00
ORD00154984,OI000841914,ITEM0108,2,1800.00,648.55,0.00,3600.00
ORD00154984,OI000841915,ITEM0124,1,190.00,131.48,0.00,190.00
ORD00154984,OI000841916,ITEM0147,3,480.00,154.20,0.00,1440.00
ORD00154985,OI000841917,ITEM0032,1,780.00,356.48,0.00,780.00
ORD00154985,OI000841918,ITEM0360,5,5110.00,2066.57,0.00,25550.00
ORD00154985,OI000841919,ITEM0089,1,2070.00,892.05,0.00,2070.00
ORD00154985,OI000841920,ITEM0112,1,310.00,140.73,0.00,310.00
ORD00154985,OI000841921,ITEM0113,1,510.00,198.15,0.00,510.00
ORD00154985,OI000841922,ITEM0121,1,370.00,125.92,0.00,370.00
ORD00154985,OI000841923,ITEM0125,2,320.00,124.33,0.00,640.00
ORD00154986,OI000841924,ITEM0003,3,380.00,142.17,0.00,1140.00
ORD00154986,OI000841926,ITEM0018,1,620.00,236.34,0.00,620.00
ORD00154986,OI000841927,ITEM0071,1,770.00,267.43,0.00,770.00
ORD00154986,OI000841928,ITEM0081,1,1510.00,1047.44,0.00,1510.00
ORD00154986,OI000841929,ITEM0085,1,1630.00,650.03,0.00,1630.00
ORD00154986,OI000841930,ITEM0108,1,1800.00,648.55,0.00,1800.00
ORD00154986,OI000841930,ITEM0108,1,1800.00,648.55,0.00,1800.00
ORD00154987,OI000841931,ITEM0058,2,1250.00,392.19,0.00,2500.00
ORD00154987,OI000841932,ITEM0064,5,550.00,191.14,0.00,2750.00
ORD00154987,OI000841933,ITEM0098,3,1220.00,521.65,0.00,3660.00
ORD00154987,OI000841934,ITEM0124,1,190.00,131.48,0.00,190.00
ORD00154988,OI000841935,ITEM0002,2,215.00,75.87,0.00,430.00
ORD00154988,OI000841936,ITEM0021,1,450.00,184.70,0.00,450.00
ORD00154988,OI000841937,ITEM0045,2,1530.00,595.53,0.00,3060.00
ORD00154988,OI000841938,ITEM0048,1,1520.00,597.64,0.00,1520.00
ORD00154988,OI000841939,ITEM0093,3,1140.00,410.14,0.00,3420.00
ORD00154988,OI000841940,ITEM0132,3,410.00,163.26,0.00,1230.00
ORD00154988,OI000841941,ITEM0145,2,370.00,151.19,0.00,740.00
ORD00154989,OI000841942,ITEM0065,1,1360.00,503.63,0.00,1360.00
ORD00154989,OI000841943,ITEM0068,1,680.00,470.19,0.00,680.00
ORD00154990,OI000841944,ITEM0002,1,215.00,75.87,0.00,215.00
ORD00154990,OI000841945,ITEM0019,1,390.00,154.84,0.00,390.00
ORD00154990,OI000841946,ITEM0046,1,2820.00,1115.76,0.00,2820.00
ORD00154990,OI000841947,ITEM0086,1,1380.00,560.08,0.00,1380.00
ORD00154990,OI000841948,ITEM0106,1,4170.00,1825.61,0.00,4170.00
ORD00154990,OI000841949,ITEM0155,2,220.00,95.85,0.00,440.00
ORD00154991,OI000841950,ITEM0040,1,750.00,267.75,0.00,750.00
ORD00154991,OI000841951,ITEM0151,5,70.00,45.19,0.00,350.00
ORD00154992,OI000841952,ITEM0024,3,820.00,285.28,0.00,2460.00
ORD00154992,OI000841953,ITEM0044,2,1600.00,512.67,0.00,3200.00
ORD00154992,OI000841954,ITEM0056,3,1440.00,468.22,0.00,4320.00
ORD00154992,OI000841955,ITEM0127,1,500.00,76.86,0.00,500.00
ORD00154992,OI000841956,ITEM0159,6,460.00,192.62,0.00,2760.00
ORD00154992,OI000841957,ITEM0160,2,105.00,47.30,0.00,210.00
ORD00154993,OI000841958,ITEM0066,1,950.00,343.77,0.00,950.00
ORD00154993,OI000841959,ITEM0148,2,350.00,208.57,0.00,700.00
ORD00154993,OI000841960,ITEM0151,2,70.00,45.19,0.00,140.00
ORD00154994,OI000841961,ITEM0002,1,215.00,75.87,0.00,215.00
ORD00154994,OI000841962,ITEM0032,2,780.00,356.48,0.00,1560.00
ORD00154994,OI000841963,ITEM0061,1,980.00,363.74,0.00,980.00
ORD00154994,OI000841964,ITEM0088,1,1710.00,651.22,0.00,1710.00
ORD00154994,OI000841965,ITEM0157,2,800.00,322.21,0.00,1600.00
ORD00154995,OI000841966,ITEM0026,1,570.00,245.78,0.00,570.00
ORD00154995,OI000841967,ITEM0032,1,840.00,356.48,0.00,840.00
ORD00154995,OI000841968,ITEM0048,2,1520.00,597.64,0.00,3040.00
ORD00154995,OI000841969,ITEM0074,1,1230.00,548.77,0.00,1230.00
ORD00154995,OI000841970,ITEM0126,1,160.00,72.53,0.00,160.00
ORD00154996,OI000841971,ITEM0033,1,940.00,306.02,0.00,940.00
ORD00154996,OI000841972,ITEM0055,5,750.00,235.61,0.00,3750.00
ORD00154996,OI000841973,ITEM0073,1,850.00,331.31,0.00,850.00
ORD00154997,OI000841974,ITEM0021,1,450.00,184.70,0.00,450.00
ORD00154997,OI000841975,ITEM0025,1,820.00,334.06,0.00,820.00
ORD00154997,OI000841976,ITEM0057,2,690.00,468.22,0.00,1380.00
ORD00154997,OI000841977,ITEM0139,1,410.00,69.54,0.00,410.00
ORD00154997,OI000841978,ITEM0151,3,65.00,45.19,0.00,195.00
ORD00154998,OI000841979,ITEM0041,2,1310.00,515.58,0.00,2620.00
ORD00154998,OI000841980,ITEM0044,1,1480.00,512.67,0.00,1480.00
ORD00154998,OI000841981,ITEM0066,3,950.00,343.77,0.00,2850.00
ORD00154998,OI000841982,ITEM0068,1,680.00,470.19,0.00,680.00
ORD00154998,OI000841983,ITEM0135,2,105.00,69.46,0.00,210.00
ORD00154998,OI000841984,ITEM0137,1,310.00,112.52,0.00,310.00
ORD00154998,OI000841985,ITEM0145,3,370.00,151.19,0.00,1110.00
ORD00154998,OI000841986,ITEM0151,1,65.00,45.19,0.00,65.00
ORD00154998,OI000841987,ITEM0154,3,370.00,126.03,0.00,1110.00
ORD00154999,OI000841988,ITEM0015,2,520.00,184.59,0.00,1040.00
ORD00154999,OI000841989,ITEM0033,1,940.00,306.02,0.00,940.00
ORD00154999,OI000841990,ITEM0050,2,1770.00,776.26,0.00,3540.00
ORD00154999,OI000841991,ITEM0051,1,680.00,266.66,0.00,680.00
ORD00154999,OI000841992,ITEM0062,1,670.00,350.53,0.00,670.00
ORD00154999,OI000841993,ITEM0067,1,320.00,108.16,0.00,320.00
ORD00154999,OI000841994,,2,1760.00,701.86,0.00,3520.00
ORD00155000,OI000841995,ITEM0015,1,520.00,184.59,0.00,520.00
ORD00155000,OI000841996,ITEM9690,2,265.00,113.51,0.00,530.00
ORD00155000,OI000841997,ITEM0148,2,320.00,208.57,0.00,640.00
ORD00155000,OI000841998,ITEM0155,2,220.00,95.85,0.00,440.00
ORD00155000,OI000841999,ITEM0156,1,130.00,48.41,0.00,130.00
ORD00155000,OI000842000,ITEM0157,3,800.00,322.21,0.00,2400.00
ORD00155001,OI000842001,ITEM0046,2,2820.00,1115.76,0.00,5640.00
ORD00155001,OI000842002,ITEM0068,2,680.00,470.19,0.00,1360.00
ORD00155001,OI000842003,ITEM0115,4,580.00,186.26,0.00,2320.00
ORD00155001,OI000842004,ITEM0148,1,320.00,208.57,0.00,320.00
ORD00155002,OI000842005,ITEM0040,2,750.00,267.75,0.00,1500.00
ORD00155002,OI000842006,ITEM0135,4,105.00,69.46,0.00,420.00
ORD00155002,OI000842007,ITEM0148,2,320.00,208.57,0.00,640.00
ORD00155002,OI000842008,ITEM0151,2,65.00,45.19,0.00,130.00
ORD00155003,OI000842009,ITEM0031,2,1100.00,364.08,0.00,2200.00
ORD00155003,OI000842010,ITEM0033,1,940.00,306.02,0.00,940.00
ORD00155003,OI000842011,ITEM0035,1,1000.00,418.08,0.00,1000.00
ORD00155003,OI000842012,ITEM0091,1,1920.00,724.96,0.00,1920.00
ORD00155003,OI000842013,ITEM0112,1,310.00,140.73,0.00,310.00
ORD00155003,OI000842014,ITEM0121,1,370.00,125.92,0.00,370.00
ORD00155003,OI000842015,ITEM0129,1,600.00,188.49,0.00,600.00
ORD00155004,OI000842016,ITEM0047,1,1780.00,627.28,0.00,1780.00
ORD00155004,OI000842017,ITEM0056,1,1440.00,468.22,0.00,1440.00
ORD00155004,OI000842018,ITEM0057,2,690.00,468.22,0.00,1380.00
ORD00155004,OI000842019,ITEM0098,1,1220.00,521.65,0.00,1220.00
ORD00155004,OI000842020,ITEM0124,1,190.00,131.48,0.00,190.00
ORD00155004,OI000842021,ITEM0157,3,800.00,322.21,0.00,2400.00
ORD00155005,OI000842022,ITEM0058,1,1250.00,392.19,0.00,1250.00
ORD00155005,OI000842023,ITEM0155,1,220.00,95.85,0.00,220.00
ORD00155006,OI000842024,ITEM0027,2,420.00,144.90,0.00,840.00
ORD00155006,OI000842025,ITEM0041,1,1310.00,515.58,0.00,1310.00
ORD00155006,OI000842026,ITEM0093,1,1140.00,410.14,0.00,1140.00
ORD00155006,OI000842027,ITEM0135,1,105.00,69.46,0.00,105.00
ORD00155006,OI000842028,ITEM0148,2,320.00,208.57,0.00,640.00
ORD00155006,OI000842029,ITEM0154,2,370.00,126.03,0.00,740.00
ORD00155006,OI000842029,ITEM0154,2,370.00,126.03,0.00,740.00
ORD00155007,OI000842030,ITEM0014,3,490.00,180.01,0.00,1470.00
ORD00155007,OI000842031,ITEM0045,1,1530.00,595.53,0.00,1530.00
ORD00155007,OI000842031,ITEM0045,1,1530.00,595.53,0.00,1530.00
ORD00155007,OI000842032,ITEM0147,2,480.00,154.20,0.00,960.00
ORD00155008,OI000842033,ITEM0006,1,770.00,296.28,0.00,770.00
ORD00155008,OI000842034,ITEM0070,1,1330.00,627.42,0.00,1330.00
ORD00155008,OI000842035,ITEM0148,2,320.00,208.57,0.00,640.00
ORD00155009,OI000842036,ITEM0068,1,680.00,470.19,0.00,680.00
ORD00155009,OI000842037,ITEM0112,2,310.00,140.73,0.00,620.00
ORD00155009,OI000842038,ITEM0148,1,320.00,208.57,0.00,320.00
ORD00155009,OI000842039,ITEM0157,2,800.00,322.21,0.00,1600.00
ORD00155010,OI000842040,ITEM0002,1,215.00,75.87,0.00,215.00
ORD00155010,OI000842041,ITEM0033,1,940.00,306.02,0.00,940.00
ORD00155010,OI000842042,ITEM0113,1,510.00,198.15,0.00,510.00
ORD00155010,OI000842043,ITEM0134,1,165.00,108.74,0.00,165.00
ORD00155010,OI000842044,ITEM0157,3,800.00,322.21,0.00,2400.00
ORD00155011,OI000842045,ITEM0103,2,3090.00,1298.00,0.00,6180.00
ORD00155011,OI000842046,ITEM0145,3,370.00,151.19,0.00,1110.00
ORD00155011,OI000842047,ITEM0159,2,460.00,192.62,0.00,920.00
ORD00155012,OI000842048,ITEM0044,2,1600.00,512.67,0.00,3200.00
ORD00155012,OI000842049,ITEM0134,3,165.00,108.74,148.50,346.50
ORD00155012,OI000842050,ITEM0153,1,40.00,16.47,12.00,28.00
ORD00155013,OI000842051,ITEM0001,1,270.00,95.57,0.00,270.00
ORD00155013,OI000842052,ITEM0003,1,380.00,142.17,0.00,380.00
ORD00155013,OI000842053,ITEM0083,1,1760.00,701.86,0.00,1760.00
ORD00155013,OI000842054,ITEM0114,3,270.00,86.95,0.00,810.00
ORD00155013,OI000842055,ITEM0143,1,470.00,187.60,0.00,470.00
ORD00155013,OI000842056,ITEM0150,6,130.00,50.35,0.00,780.00
ORD00155014,OI000842057,ITEM0018,1,620.00,236.34,0.00,620.00
ORD00155014,OI000842058,ITEM0051,2,730.00,266.66,0.00,1460.00
ORD00155014,OI000842059,ITEM0055,2,750.00,235.61,0.00,1500.00
ORD00155014,OI000842060,ITEM0064,1,550.00,191.14,0.00,550.00
ORD00155015,OI000842061,ITEM0113,1,510.00,198.15,0.00,510.00
ORD00155015,OI000842062,ITEM0143,2,470.00,187.60,0.00,940.00
ORD00155015,OI000842063,ITEM0149,2,380.00,173.20,0.00,760.00
ORD00155016,OI000842064,ITEM0041,3,1310.00,515.58,0.00,3930.00
ORD00155016,OI000842065,ITEM0055,1,750.00,235.61,0.00,750.00
ORD00155016,OI000842066,ITEM0073,1,850.00,331.31,0.00,850.00
ORD00155016,OI000842067,ITEM0102,1,1520.00,625.27,0.00,1520.00
ORD00155016,OI000842068,ITEM0134,2,165.00,108.74,0.00,330.00
ORD00155016,OI000842069,ITEM0145,3,370.00,151.19,0.00,1110.00
ORD00155017,OI000842070,ITEM0004,2,590.00,220.14,0.00,1180.00
ORD00155017,OI000842071,ITEM0060,2,830.00,333.17,0.00,1660.00
ORD00155017,OI000842072,ITEM0153,3,40.00,16.47,0.00,120.00
ORD00155018,OI000842073,ITEM0001,1,270.00,95.57,0.00,270.00
ORD00155018,OI000842074,ITEM0045,1,1530.00,595.53,0.00,1530.00
ORD00155018,OI000842075,ITEM0049,1,2660.00,1132.57,0.00,2660.00
ORD00155018,OI000842076,ITEM0136,4,480.00,175.82,0.00,1920.00
ORD00155019,OI000842077,ITEM0045,1,1530.00,595.53,0.00,1530.00
ORD00155019,OI000842078,ITEM0072,1,790.00,332.55,0.00,790.00
ORD00155019,OI000842079,ITEM0073,1,850.00,331.31,0.00,850.00
ORD00155020,OI000842080,ITEM0109,1,1500.00,513.48,0.00,1500.00
ORD00155020,OI000842081,ITEM0125,4,320.00,124.33,0.00,1280.00
ORD00155020,OI000842082,ITEM0132,1,410.00,163.26,0.00,410.00
ORD00155020,OI000842083,ITEM0134,2,165.00,108.74,99.00,231.00
ORD00155020,OI000842084,ITEM0135,1,105.00,69.46,31.50,73.50
ORD00155021,OI000842086,ITEM0020,1,810.00,323.82,0.00,810.00
ORD00155021,OI000842087,ITEM0045,2,1530.00,595.53,0.00,3060.00
ORD00155021,OI000842088,ITEM0068,1,680.00,470.19,0.00,680.00
ORD00155021,OI000842089,ITEM0071,2,770.00,267.43,0.00,1540.00
ORD00155021,OI000842090,ITEM0125,3,320.00,124.33,0.00,960.00
ORD00155021,OI000842091,ITEM0134,2,165.00,108.74,0.00,330.00
ORD00155021,OI000842092,ITEM0160,4,105.00,47.30,0.00,420.00
ORD00155022,OI000842093,ITEM0093,2,1140.00,410.14,0.00,2280.00
ORD00155022,OI000842094,ITEM0118,1,670.00,333.71,201.00,469.00
ORD00155022,OI000842095,ITEM0147,2,480.00,154.20,288.00,672.00
ORD00155023,OI000842096,ITEM0005,1,420.00,149.00,0.00,420.00
ORD00155023,OI000842097,ITEM0023,2,470.00,200.14,0.00,940.00
ORD00155023,OI000842098,ITEM0048,2,1520.00,597.64,0.00,3040.00
ORD00155023,OI000842099,ITEM0057,1,690.00,468.22,0.00,690.00
ORD00155023,OI000842100,ITEM0068,1,680.00,470.19,0.00,680.00
ORD00155023,OI000842101,ITEM0134,2,165.00,108.74,0.00,330.00
ORD00155023,OI000842102,ITEM0148,1,320.00,208.57,0.00,320.00
ORD00155024,OI000842103,ITEM0070,1,1330.00,627.42,0.00,1330.00
ORD00155024,OI000842104,ITEM0074,2,1230.00,548.77,0.00,2460.00
ORD00155025,OI000842105,ITEM0018,1,620.00,236.34,0.00,620.00
ORD00155025,OI000842106,ITEM0113,1,510.00,198.15,0.00,510.00
ORD00155025,OI000842107,ITEM0134,1,165.00,108.74,0.00,165.00
ORD00155026,OI000842108,ITEM0004,8,590.00,220.14,0.00,4720.00
ORD00155026,OI000842109,ITEM0033,1,940.00,306.02,0.00,940.00
ORD00155026,OI000842110,ITEM0034,2,1220.00,445.69,0.00,2440.00
ORD00155026,OI000842111,ITEM0040,1,750.00,267.75,0.00,750.00
ORD00155026,OI000842112,ITEM0045,3,1530.00,595.53,0.00,4590.00
ORD00155026,OI000842113,ITEM0047,2,1780.00,627.28,0.00,3560.00
ORD00155026,OI000842114,ITEM0054,1,1440.00,424.10,0.00,1440.00
ORD00155026,OI000842115,ITEM0064,1,550.00,191.14,0.00,550.00
ORD00155026,OI000842116,ITEM0081,1,1510.00,1047.44,0.00,1510.00
ORD00155026,OI000842117,ITEM0084,1,1240.00,425.59,0.00,1240.00
ORD00155026,OI000842118,ITEM0086,2,1380.00,560.08,0.00,2760.00
ORD00155026,OI000842119,ITEM0098,1,1220.00,521.65,0.00,1220.00
ORD00155026,OI000842120,ITEM0138,3,265.00,113.51,0.00,795.00
ORD00155026,OI000842121,ITEM0151,3,70.00,45.19,0.00,210.00
ORD00155027,OI000842122,ITEM0023,1,470.00,200.14,0.00,470.00
ORD00155027,OI000842123,ITEM0058,1,1250.00,392.19,0.00,1250.00
ORD00155027,OI000842124,ITEM0102,1,1410.00,625.27,0.00,1410.00
ORD00155027,OI000842125,ITEM0147,2,480.00,154.20,0.00,960.00
ORD00155027,OI000842126,ITEM0155,2,220.00,95.85,0.00,440.00
ORD00155028,OI000842127,ITEM0045,1,1530.00,595.53,0.00,1530.00
ORD00155028,OI000842128,ITEM0046,2,2820.00,1115.76,0.00,5640.00
ORD00155028,OI000842129,ITEM0055,1,750.00,235.61,0.00,750.00
ORD00155028,OI000842130,ITEM0058,1,1250.00,392.19,0.00,1250.00
ORD00155028,OI000842131,ITEM0113,2,510.00,198.15,0.00,1020.00
ORD00155028,OI000842132,ITEM0135,2,105.00,69.46,0.00,210.00
ORD00155028,OI000842133,ITEM0145,1,370.00,151.19,0.00,370.00
ORD00155028,OI000842134,ITEM0147,2,480.00,154.20,0.00,960.00
ORD00155028,OI000842135,ITEM0151,2,65.00,45.19,0.00,130.00
ORD00155029,OI000842136,ITEM0015,1,520.00,184.59,0.00,520.00
ORD00155029,OI000842137,ITEM0034,1,1220.00,445.69,0.00,1220.00
ORD00155029,OI000842138,ITEM0054,2,1440.00,424.10,0.00,2880.00
ORD00155030,OI000842139,ITEM0005,1,420.00,149.00,0.00,420.00
ORD00155030,OI000842140,ITEM0081,1,1510.00,1047.44,0.00,1510.00
ORD00155030,OI000842141,ITEM0090,1,1910.00,682.77,0.00,1910.00
ORD00155030,OI000842142,ITEM0135,2,105.00,69.46,0.00,210.00
ORD00155030,OI000842143,ITEM0148,1,320.00,208.57,0.00,320.00
ORD00155031,OI000842144,ITEM0042,2,5470.00,2596.95,3282.00,7658.00
ORD00155031,OI000842145,ITEM0125,1,320.00,124.33,0.00,320.00
ORD00155031,OI000842146,ITEM0130,1,235.00,91.80,0.00,235.00
ORD00155031,OI000842147,ITEM0151,3,70.00,45.19,63.00,147.00
ORD00155032,OI000842148,ITEM0090,2,1910.00,682.77,0.00,3820.00
ORD00155032,OI000842149,ITEM0092,6,1410.00,465.66,0.00,8460.00
ORD00155032,OI000842150,ITEM0113,1,510.00,198.15,0.00,510.00
ORD00155032,OI000842151,ITEM0134,1,165.00,108.74,0.00,165.00
ORD00155033,OI000842152,ITEM0054,1,1440.00,424.10,0.00,1440.00
ORD00155033,OI000842153,ITEM0121,1,400.00,125.92,0.00,400.00
ORD00155033,OI000842154,ITEM0129,2,600.00,188.49,0.00,1200.00
ORD00155033,OI000842155,ITEM0134,1,165.00,108.74,0.00,165.00
ORD00155033,OI000842156,ITEM0149,2,380.00,173.20,0.00,760.00
ORD00155033,OI000842157,ITEM0150,1,130.00,50.35,0.00,130.00
ORD00155034,OI000842158,ITEM0034,1,1220.00,445.69,0.00,1220.00
ORD00155034,OI000842159,ITEM0066,1,950.00,343.77,0.00,950.00
ORD00155034,OI000842160,ITEM0073,1,850.00,331.31,0.00,850.00
ORD00155034,OI000842161,ITEM0147,2,480.00,154.20,0.00,960.00
ORD00155034,OI000842162,ITEM0148,4,320.00,208.57,0.00,1280.00
ORD00155035,OI000842163,ITEM0014,1,490.00,180.01,0.00,490.00
ORD00155035,OI000842164,ITEM0028,3,390.00,160.88,0.00,1170.00
ORD00155035,OI000842165,ITEM0045,2,1530.00,595.53,0.00,3060.00
ORD00155035,OI000842166,ITEM0068,1,680.00,470.19,0.00,680.00
ORD00155035,OI000842167,ITEM0081,1,1510.00,1047.44,0.00,1510.00
ORD00155035,OI000842168,ITEM0156,7,130.00,48.41,0.00,910.00
ORD00155036,OI000842169,ITEM0046,1,2820.00,1115.76,0.00,2820.00
ORD00155036,OI000842170,ITEM0051,1,680.00,266.66,0.00,680.00
ORD00155036,OI000842171,ITEM0102,1,1410.00,625.27,0.00,1410.00
ORD00155036,OI000842172,ITEM0149,4,380.00,173.20,0.00,1520.00
ORD00155036,OI000842173,ITEM0153,2,40.00,16.47,0.00,80.00
ORD00155037,OI000842174,ITEM0081,2,1510.00,1047.44,0.00,3020.00
ORD00155037,OI000842175,ITEM0116,1,800.00,142.86,0.00,800.00
ORD00155037,OI000842176,ITEM0151,3,65.00,45.19,0.00,195.00
ORD00155037,OI000842177,ITEM0154,1,370.00,126.03,0.00,370.00
ORD00155038,OI000842178,ITEM0048,1,1520.00,597.64,0.00,1520.00
ORD00155038,OI000842179,,2,680.00,470.19,0.00,1360.00
ORD00155038,OI000842180,ITEM0148,2,320.00,208.57,0.00,640.00
ORD00155039,OI000842181,ITEM0018,1,620.00,236.34,0.00,620.00
ORD00155039,OI000842182,ITEM0020,1,810.00,323.82,0.00,810.00
ORD00155039,OI000842183,ITEM0046,1,2820.00,1115.76,0.00,2820.00
ORD00155039,OI000842184,ITEM0048,1,1520.00,597.64,0.00,1520.00
ORD00155039,OI000842185,ITEM0057,1,690.00,468.22,0.00,690.00
ORD00155039,OI000842186,ITEM0073,1,850.00,331.31,0.00,850.00
ORD00155039,OI000842187,ITEM7545,1,1710.00,651.22,0.00,1710.00
ORD00155039,OI000842188,ITEM0147,1,480.00,154.20,0.00,480.00
ORD00155040,OI000842189,ITEM0041,1,1310.00,515.58,0.00,1310.00
ORD00155040,OI000842190,ITEM0051,1,730.00,266.66,0.00,730.00
ORD00155040,OI000842191,ITEM0054,1,1440.00,424.10,0.00,1440.00
ORD00155040,OI000842192,ITEM0147,1,480.00,154.20,0.00,480.00
ORD00155041,OI000842193,ITEM0015,1,520.00,184.59,0.00,520.00
ORD00155041,OI000842194,ITEM0045,2,1530.00,595.53,0.00,3060.00
ORD00155041,OI000842195,ITEM0048,3,1520.00,597.64,0.00,4560.00
ORD00155041,OI000842196,ITEM0090,1,1910.00,682.77,0.00,1910.00
ORD00155041,OI000842197,ITEM0102,1,1520.00,625.27,0.00,1520.00
ORD00155042,OI000842198,ITEM0016,2,560.00,210.83,0.00,1120.00
ORD00155042,OI000842199,ITEM0020,3,810.00,323.82,0.00,2430.00
ORD00155042,OI000842200,ITEM0042,1,5470.00,2596.95,1641.00,3829.00
ORD00155042,OI000842201,ITEM0045,4,1530.00,595.53,0.00,6120.00
ORD00155042,OI000842202,ITEM0152,6,100.00,40.74,180.00,420.00
ORD00155043,OI000842203,ITEM0029,1,950.00,312.12,0.00,950.00
ORD00155043,OI000842204,ITEM0044,2,1480.00,512.67,0.00,2960.00
ORD00155043,OI000842205,ITEM0046,2,2820.00,1115.76,0.00,5640.00
ORD00155043,OI000842206,ITEM0049,1,2660.00,1132.57,0.00,2660.00
ORD00155043,OI000842207,ITEM0064,1,550.00,191.14,0.00,550.00
ORD00155043,OI000842208,ITEM0066,1,950.00,343.77,0.00,950.00
ORD00155043,OI000842209,ITEM0143,2,470.00,187.60,0.00,940.00
ORD00155044,OI000842210,ITEM0050,2,1770.00,776.26,0.00,3540.00
ORD00155044,OI000842211,ITEM0064,1,550.00,191.14,0.00,550.00
ORD00155044,OI000842212,ITEM0148,1,320.00,208.57,96.00,224.00
ORD00155044,OI000842213,ITEM0157,3,800.00,322.21,720.00,1680.00
ORD00155045,OI000842214,ITEM0003,1,380.00,142.17,0.00,380.00
ORD00155045,OI000842215,ITEM0016,2,560.00,210.83,0.00,1120.00
ORD00155045,OI000842216,ITEM0081,1,1510.00,1047.44,0.00,1510.00
ORD00155045,OI000842217,ITEM0102,1,1410.00,625.27,0.00,1410.00
ORD00155045,OI000842218,ITEM0113,1,510.00,198.15,0.00,510.00
ORD00155045,OI000842219,ITEM0138,1,265.00,113.51,0.00,265.00
ORD00155046,OI000842220,ITEM0068,1,680.00,470.19,0.00,680.00
ORD00155046,OI000842221,ITEM0072,1,790.00,332.55,0.00,790.00
ORD00155046,OI000842222,ITEM0082,2,2000.00,707.81,0.00,4000.00
ORD00155046,OI000842223,ITEM0113,2,510.00,198.15,0.00,1020.00
ORD00155046,OI000842224,ITEM0135,1,105.00,69.46,0.00,105.00
ORD00155046,OI000842225,ITEM0149,1,380.00,173.20,0.00,380.00
ORD00155046,OI000842226,ITEM0153,2,40.00,16.47,0.00,80.00
ORD00155047,OI000842227,ITEM0143,1,470.00,187.60,0.00,470.00
ORD00155048,OI000842228,ITEM0012,1,900.00,402.60,0.00,900.00
ORD00155048,OI000842229,ITEM0060,2,900.00,333.17,0.00,1800.00
ORD00155048,OI000842230,ITEM0065,1,1360.00,503.63,0.00,1360.00
ORD00155048,OI000842231,ITEM0113,1,510.00,198.15,0.00,510.00
ORD00155048,OI000842232,ITEM0117,1,930.00,145.29,0.00,930.00
ORD00155048,OI000842233,ITEM0135,1,105.00,69.46,0.00,105.00
ORD00155049,OI000842234,,1,950.00,312.12,0.00,950.00
ORD00155049,OI000842235,ITEM0055,1,750.00,235.61,0.00,750.00
ORD00155049,OI000842236,ITEM0085,1,1630.00,650.03,0.00,1630.00
ORD00155049,OI000842237,ITEM0117,2,930.00,145.29,0.00,1860.00
ORD00155049,OI000842238,ITEM0147,3,480.00,154.20,0.00,1440.00
ORD00155050,OI000842239,ITEM0061,1,980.00,363.74,0.00,980.00
ORD00155050,OI000842240,ITEM0102,2,1410.00,625.27,0.00,2820.00
ORD00155050,OI000842241,ITEM0134,3,165.00,108.74,0.00,495.00
ORD00155050,OI000842242,ITEM0140,1,460.00,67.98,0.00,460.00
ORD00155050,OI000842243,ITEM0141,2,510.00,166.18,0.00,1020.00
ORD00155051,OI000842244,ITEM0085,1,1630.00,650.03,0.00,1630.00
ORD00155051,OI000842245,ITEM0112,3,310.00,140.73,0.00,930.00
ORD00155051,OI000842246,ITEM0129,2,600.00,188.49,0.00,1200.00
ORD00155051,OI000842247,ITEM0139,6,0.00,69.54,0.00,2460.00
ORD00155051,OI000842248,ITEM0147,2,480.00,154.20,0.00,960.00
ORD00155052,OI000842249,ITEM0005,1,420.00,149.00,0.00,420.00
ORD00155052,OI000842250,ITEM0027,1,420.00,144.90,0.00,420.00
ORD00155052,OI000842251,ITEM0075,3,630.00,269.61,0.00,1890.00
ORD00155052,OI000842252,ITEM0084,2,1240.00,425.59,0.00,2480.00
ORD00155052,OI000842253,ITEM0088,2,1710.00,651.22,0.00,3420.00
ORD00155052,OI000842254,ITEM0129,2,600.00,188.49,0.00,1200.00
ORD00155052,OI000842255,ITEM0152,1,100.00,40.74,0.00,100.00
ORD00155053,OI000842256,ITEM0014,2,490.00,180.01,0.00,980.00
ORD00155053,OI000842257,ITEM0043,1,5110.00,2066.57,0.00,5110.00
ORD00155053,OI000842258,ITEM0124,8,190.00,131.48,0.00,1520.00
ORD00155053,OI000842259,ITEM0133,3,180.00,78.35,0.00,540.00
ORD00155053,OI000842260,ITEM0157,5,800.00,322.21,0.00,4000.00
ORD00155054,OI000842261,ITEM0003,1,380.00,142.17,0.00,380.00
ORD00155054,OI000842262,ITEM0004,1,590.00,220.14,0.00,590.00
ORD00155054,OI000842263,ITEM0009,2,490.00,185.03,0.00,980.00
ORD00155054,OI000842264,ITEM0032,2,780.00,356.48,0.00,1560.00
ORD00155054,OI000842265,ITEM0049,1,2660.00,1132.57,0.00,2660.00
ORD00155054,OI000842266,ITEM0064,1,550.00,191.14,0.00,550.00
ORD00155054,OI000842267,ITEM0113,1,510.00,198.15,0.00,510.00
ORD00155054,OI000842268,ITEM0125,2,320.00,124.33,0.00,640.00
ORD00155054,OI000842269,ITEM0148,5,320.00,208.57,0.00,1600.00
ORD00155054,OI000842270,ITEM0150,4,130.00,50.35,0.00,520.00
ORD00155054,OI000842271,ITEM0152,1,100.00,40.74,0.00,100.00
ORD00155055,OI000842272,ITEM0044,2,1600.00,512.67,0.00,3200.00
ORD00155055,OI000842273,ITEM0046,1,2820.00,1115.76,0.00,2820.00
ORD00155055,OI000842274,ITEM0062,1,670.00,350.53,0.00,670.00
ORD00155055,OI000842275,ITEM0130,2,235.00,91.80,0.00,470.00
ORD00155055,OI000842276,ITEM0160,1,105.00,47.30,0.00,105.00
ORD00155056,OI000842277,ITEM0055,1,750.00,235.61,0.00,750.00
ORD00155056,OI000842278,ITEM0082,1,2000.00,707.81,0.00,2000.00
ORD00155056,OI000842279,ITEM7866,1,510.00,198.15,0.00,510.00
ORD00155056,OI000842280,ITEM0133,1,180.00,78.35,0.00,180.00
ORD00155056,OI000842281,ITEM0155,1,220.00,95.85,0.00,220.00
ORD00155057,OI000842282,ITEM0027,1,420.00,144.90,0.00,420.00
ORD00155057,OI000842283,ITEM0078,1,1250.00,560.33,0.00,1250.00
ORD00155057,OI000842284,ITEM0129,2,600.00,188.49,0.00,1200.00
ORD00155057,OI000842285,ITEM0134,4,165.00,108.74,198.00,462.00
ORD00155057,OI000842286,ITEM0135,2,105.00,69.46,63.00,147.00
ORD00155057,OI000842287,ITEM0139,2,410.00,69.54,246.00,574.00
ORD00155057,OI000842288,ITEM0148,1,350.00,208.57,105.00,245.00
ORD00155057,OI000842289,ITEM0159,3,460.00,192.62,414.00,966.00
ORD00155058,OI000842290,ITEM0018,1,620.00,236.34,0.00,620.00
ORD00155058,OI000842291,ITEM0033,1,940.00,306.02,0.00,940.00
ORD00155058,OI000842292,ITEM0066,1,950.00,343.77,0.00,950.00
ORD00155058,OI000842293,ITEM0067,1,320.00,108.16,0.00,320.00
ORD00155058,OI000842294,ITEM0157,1,800.00,322.21,0.00,800.00
ORD00155059,OI000842295,ITEM0050,1,1770.00,776.26,0.00,1770.00
ORD00155059,OI000842296,ITEM0055,1,750.00,235.61,0.00,750.00
ORD00155059,OI000842297,ITEM0056,2,1440.00,468.22,0.00,2880.00
ORD00155059,OI000842298,ITEM0113,1,510.00,198.15,0.00,510.00
ORD00155059,OI000842299,ITEM0153,5,40.00,16.47,0.00,200.00
ORD00155060,OI000842300,ITEM0050,1,1770.00,776.26,0.00,1770.00
ORD00155060,OI000842301,ITEM0062,2,670.00,350.53,0.00,1340.00
ORD00155060,OI000842302,ITEM0076,2,750.00,294.74,0.00,1500.00
ORD00155060,OI000842303,ITEM0091,2,1920.00,724.96,0.00,3840.00
ORD00155060,OI000842304,ITEM0122,1,690.00,295.82,0.00,690.00
ORD00155060,OI000842305,ITEM0148,3,320.00,208.57,0.00,960.00
ORD00155061,OI000842306,ITEM0035,2,1000.00,418.08,0.00,2000.00
ORD00155061,OI000842306,ITEM0035,2,1000.00,418.08,0.00,2000.00
ORD00155061,OI000842307,ITEM0057,2,690.00,468.22,0.00,1380.00
ORD00155061,OI000842308,ITEM0145,1,370.00,151.19,111.00,259.00
ORD00155061,OI000842309,ITEM0151,2,65.00,45.19,39.00,91.00
ORD00155062,OI000842310,ITEM0051,1,680.00,266.66,0.00,680.00
ORD00155062,OI000842311,ITEM0057,1,690.00,468.22,0.00,690.00
ORD00155062,OI000842312,ITEM0070,2,1330.00,627.42,798.00,1862.00
ORD00155062,OI000842313,ITEM0134,1,165.00,108.74,49.50,115.50
ORD00155062,OI000842314,ITEM0148,3,320.00,208.57,288.00,672.00
ORD00155062,OI000842315,ITEM0151,2,65.00,45.19,39.00,91.00
ORD00155063,OI000842316,ITEM0003,2,380.00,142.17,0.00,760.00
ORD00155063,OI000842317,ITEM0086,1,1380.00,560.08,0.00,1380.00
ORD00155063,OI000842318,ITEM0115,1,580.00,186.26,0.00,580.00
ORD00155063,OI000842319,ITEM0123,1,310.00,138.90,0.00,310.00
ORD00155063,OI000842320,ITEM0151,1,65.00,45.19,0.00,65.00
ORD00155063,OI000842321,ITEM0157,1,800.00,322.21,0.00,800.00
ORD00155064,OI000842322,ITEM0016,1,560.00,210.83,0.00,560.00
ORD00155064,OI000842323,ITEM0035,2,1000.00,418.08,0.00,2000.00
ORD00155064,OI000842324,ITEM0036,1,840.00,338.10,0.00,840.00
ORD00155064,OI000842325,ITEM0054,3,1330.00,424.10,0.00,3990.00
ORD00155064,OI000842326,ITEM0075,3,630.00,269.61,0.00,1890.00
ORD00155064,OI000842327,ITEM0136,1,480.00,175.82,0.00,480.00
ORD00155065,OI000842328,ITEM0007,1,1570.00,711.90,0.00,1570.00
ORD00155065,OI000842329,ITEM0098,1,1220.00,521.65,0.00,1220.00
ORD00155065,OI000842330,ITEM0134,1,165.00,108.74,0.00,165.00
ORD00155065,OI000842331,ITEM0151,1,65.00,45.19,0.00,65.00
ORD00155065,OI000842332,ITEM0153,1,40.00,16.47,0.00,40.00
ORD00155066,OI000842333,ITEM0032,3,780.00,356.48,0.00,2340.00
ORD00155066,OI000842334,ITEM0068,2,680.00,470.19,0.00,1360.00
ORD00155066,OI000842335,ITEM0090,1,1910.00,682.77,0.00,1910.00
ORD00155066,OI000842336,ITEM0148,4,320.00,208.57,0.00,1280.00
ORD00155066,OI000842336,ITEM0148,4,320.00,208.57,0.00,1280.00
ORD00155066,OI000842337,ITEM0153,4,40.00,16.47,0.00,160.00
ORD00155067,OI000842338,ITEM0065,1,1360.00,503.63,0.00,1360.00
ORD00155067,OI000842339,ITEM0072,1,790.00,332.55,0.00,790.00
ORD00155067,OI000842341,ITEM0151,3,70.00,45.19,0.00,210.00
ORD00155067,OI000842342,ITEM0160,2,105.00,47.30,0.00,210.00
ORD00155068,OI000842343,ITEM0068,1,680.00,470.19,0.00,680.00
ORD00155068,OI000842344,ITEM0071,1,770.00,267.43,0.00,770.00
ORD00155068,OI000842345,ITEM0077,1,730.00,302.29,0.00,730.00
ORD00155068,OI000842346,ITEM0078,2,1250.00,560.33,0.00,2500.00
ORD00155068,OI000842347,ITEM0147,2,480.00,154.20,0.00,960.00
ORD00155068,OI000842348,ITEM0148,1,350.00,208.57,0.00,350.00
ORD00155069,OI000842349,ITEM0010,1,1390.00,568.66,0.00,1390.00
ORD00155069,OI000842350,ITEM0151,2,70.00,45.19,0.00,140.00
ORD00155070,OI000842351,ITEM0001,1,270.00,95.57,0.00,270.00
ORD00155070,OI000842352,ITEM0045,1,1530.00,595.53,0.00,1530.00
ORD00155070,OI000842353,ITEM0109,1,1500.00,513.48,0.00,1500.00
ORD00155070,OI000842354,ITEM0143,2,470.00,187.60,0.00,940.00
ORD00155070,OI000842355,ITEM0148,2,320.00,208.57,0.00,640.00
ORD00155070,OI000842356,ITEM0151,1,65.00,45.19,0.00,65.00
ORD00155071,OI000842357,ITEM0029,2,1030.00,312.12,0.00,2060.00
ORD00155071,OI000842358,ITEM0071,2,770.00,267.43,0.00,1540.00
ORD00155071,OI000842359,ITEM0081,1,1510.00,1047.44,0.00,1510.00
ORD00155071,OI000842360,ITEM0149,4,380.00,173.20,0.00,1520.00
ORD00155072,OI000842361,ITEM0059,6,790.00,317.89,0.00,4740.00
ORD00155072,OI000842362,ITEM0060,1,900.00,333.17,0.00,900.00
ORD00155072,OI000842363,ITEM0081,1,1510.00,1047.44,0.00,1510.00
ORD00155072,OI000842364,ITEM0125,1,320.00,124.33,0.00,320.00
ORD00155072,OI000842365,ITEM0148,2,350.00,208.57,0.00,700.00
ORD00155073,OI000842366,ITEM0045,1,1530.00,595.53,0.00,1530.00
ORD00155073,OI000842367,ITEM0046,1,2820.00,1115.76,0.00,2820.00
ORD00155073,OI000842368,ITEM0055,1,750.00,235.61,0.00,750.00
ORD00155073,OI000842369,ITEM0057,1,690.00,468.22,0.00,690.00
ORD00155073,OI000842370,ITEM0066,1,950.00,343.77,0.00,950.00
ORD00155073,OI000842371,ITEM0070,2,1330.00,627.42,798.00,1862.00
ORD00155073,OI000842372,,2,3420.00,1492.61,2052.00,4788.00
ORD00155073,OI000842373,ITEM0137,3,310.00,112.52,279.00,651.00
ORD00155073,OI000842374,ITEM0143,1,470.00,187.60,141.00,329.00
ORD00155073,OI000842375,ITEM0147,1,480.00,154.20,144.00,336.00
ORD00155074,OI000842376,ITEM0024,3,820.00,285.28,0.00,2460.00
ORD00155074,OI000842377,ITEM0054,1,1330.00,424.10,0.00,1330.00
ORD00155074,OI000842378,ITEM0058,1,1250.00,392.19,0.00,1250.00
ORD00155074,OI000842379,ITEM0067,1,320.00,108.16,0.00,320.00
ORD00155074,OI000842380,ITEM0070,1,1330.00,627.42,399.00,931.00
ORD00155074,OI000842381,ITEM0126,2,160.00,72.53,0.00,320.00
ORD00155074,OI000842382,ITEM0129,2,600.00,188.49,0.00,1200.00
ORD00155074,OI000842383,ITEM0134,1,165.00,108.74,49.50,115.50
ORD00155075,OI000842384,ITEM0017,1,680.00,292.31,0.00,680.00
ORD00155075,OI000842385,ITEM0023,1,470.00,200.14,0.00,470.00
ORD00155075,OI000842386,ITEM0068,1,680.00,470.19,0.00,680.00
ORD00155075,OI000842387,ITEM0081,2,1510.00,1047.44,0.00,3020.00
ORD00155075,OI000842388,ITEM0090,1,1910.00,682.77,0.00,1910.00
ORD00155075,OI000842389,ITEM0134,1,165.00,108.74,0.00,165.00
ORD00155076,OI000842390,ITEM0139,2,410.00,69.54,0.00,820.00
ORD00155076,OI000842391,ITEM0151,2,65.00,45.19,0.00,130.00
ORD00155077,OI000842392,ITEM0021,2,450.00,184.70,0.00,900.00
ORD00155077,OI000842393,ITEM0061,1,980.00,363.74,0.00,980.00
ORD00155077,OI000842394,ITEM0064,3,550.00,191.14,0.00,1650.00
ORD00155077,OI000842395,ITEM0077,3,680.00,302.29,0.00,2040.00
ORD00155077,OI000842396,,1,1420.00,476.78,0.00,1420.00
ORD00155077,OI000842397,ITEM0126,2,160.00,72.53,0.00,320.00
ORD00155078,OI000842398,ITEM0036,1,840.00,338.10,0.00,840.00
ORD00155078,OI000842399,ITEM0044,1,1480.00,512.67,0.00,1480.00
ORD00155078,OI000842400,ITEM0046,1,2820.00,1115.76,0.00,2820.00
ORD00155078,OI000842401,ITEM0048,2,1520.00,597.64,0.00,3040.00
ORD00155078,OI000842402,ITEM0057,2,690.00,468.22,0.00,1380.00
ORD00155078,OI000842403,ITEM0148,3,320.00,208.57,0.00,960.00
ORD00155078,OI000842404,ITEM0151,3,65.00,45.19,0.00,195.00
ORD00155079,OI000842405,ITEM0023,1,470.00,200.14,0.00,470.00
ORD00155079,OI000842406,ITEM0044,1,1480.00,512.67,0.00,1480.00
ORD00155079,OI000842407,ITEM0086,1,1380.00,560.08,0.00,1380.00
ORD00155079,OI000842408,ITEM0138,2,265.00,113.51,0.00,530.00
ORD00155079,OI000842409,ITEM0159,3,460.00,192.62,0.00,1380.00
ORD00155080,OI000842410,ITEM0020,4,810.00,323.82,0.00,3240.00
ORD00155080,OI000842411,ITEM0040,1,750.00,267.75,0.00,750.00
ORD00155080,OI000842412,ITEM0055,1,750.00,235.61,0.00,750.00
ORD00155080,OI000842413,ITEM0112,3,310.00,140.73,0.00,930.00
ORD00155080,OI000842414,ITEM0151,5,65.00,45.19,0.00,325.00
ORD00155081,OI000842415,ITEM0055,1,750.00,235.61,0.00,750.00
ORD00155081,OI000842416,ITEM0068,1,680.00,470.19,0.00,680.00
ORD00155081,OI000842417,ITEM0138,2,265.00,113.51,0.00,530.00
ORD00155082,OI000842418,ITEM0033,1,940.00,306.02,0.00,940.00
ORD00155082,OI000842419,ITEM0075,2,630.00,269.61,0.00,1260.00
ORD00155082,OI000842420,ITEM0127,2,500.00,76.86,0.00,1000.00
ORD00155082,OI000842421,ITEM0147,1,480.00,154.20,0.00,480.00
ORD00155082,OI000842422,ITEM0157,1,800.00,322.21,0.00,800.00
ORD00155083,OI000842423,ITEM0002,1,215.00,75.87,0.00,215.00
ORD00155083,OI000842424,ITEM0048,1,1520.00,597.64,0.00,1520.00
ORD00155083,OI000842425,ITEM0062,2,670.00,350.53,0.00,1340.00
ORD00155083,OI000842426,ITEM0099,1,1300.00,471.54,0.00,1300.00
ORD00155083,OI000842427,ITEM0121,1,370.00,125.92,0.00,370.00
ORD00155083,OI000842428,ITEM0148,1,320.00,208.57,96.00,224.00
ORD00155083,OI000842429,ITEM0149,2,380.00,173.20,228.00,532.00
ORD00155083,OI000842430,ITEM0150,-1,130.00,50.35,39.00,91.00
ORD00155083,OI000842431,ITEM0157,2,800.00,322.21,480.00,1120.00
ORD00155084,OI000842432,ITEM0018,2,620.00,236.34,0.00,1240.00
ORD00155084,OI000842433,ITEM0034,1,1220.00,445.69,0.00,1220.00
ORD00155084,OI000842434,ITEM0062,2,670.00,350.53,0.00,1340.00
ORD00155084,OI000842435,ITEM0077,1,680.00,302.29,0.00,680.00
ORD00155084,OI000842436,ITEM0087,1,3170.00,1492.61,951.00,2219.00
ORD00155084,OI000842437,ITEM0141,2,510.00,166.18,306.00,714.00
ORD00155084,OI000842438,ITEM0160,3,105.00,47.30,94.50,220.50
ORD00155085,OI000842439,ITEM0045,2,1530.00,595.53,0.00,3060.00
ORD00155085,OI000842440,ITEM0048,1,1520.00,597.64,0.00,1520.00
ORD00155085,OI000842441,ITEM0119,1,470.00,169.51,0.00,470.00
ORD00155086,OI000842442,ITEM0045,1,1530.00,595.53,0.00,1530.00
ORD00155086,OI000842443,ITEM0049,1,2870.00,1132.57,0.00,2870.00
ORD00155086,OI000842444,ITEM0062,2,670.00,350.53,0.00,1340.00
ORD00155086,OI000842445,ITEM0119,1,470.00,169.51,0.00,470.00
ORD00155086,OI000842446,ITEM0151,2,70.00,45.19,0.00,140.00
ORD00155087,OI000842447,ITEM0033,1,940.00,306.02,0.00,940.00
ORD00155087,OI000842448,ITEM0054,1,1330.00,424.10,0.00,1330.00
ORD00155087,OI000842449,ITEM0068,3,680.00,470.19,0.00,2040.00
ORD00155087,OI000842450,ITEM0094,2,1550.00,716.43,0.00,3100.00
ORD00155087,OI000842451,ITEM0102,1,1410.00,625.27,0.00,1410.00
ORD00155087,OI000842452,ITEM0132,1,410.00,163.26,0.00,410.00
ORD00155087,OI000842453,ITEM0149,1,380.00,173.20,0.00,380.00
ORD00155087,OI000842454,ITEM0151,2,65.00,45.19,0.00,130.00
ORD00155087,OI000842455,ITEM0157,4,800.00,322.21,0.00,3200.00
ORD00155088,OI000842456,ITEM0005,2,420.00,149.00,0.00,840.00
ORD00155088,OI000842457,ITEM0029,1,950.00,312.12,0.00,950.00
ORD00155088,OI000842458,ITEM0054,1,1330.00,424.10,0.00,1330.00
ORD00155088,OI000842459,ITEM0068,1,680.00,470.19,0.00,680.00
ORD00155088,OI000842460,ITEM0125,1,320.00,124.33,0.00,320.00
ORD00155088,OI000842461,ITEM0151,4,65.00,45.19,0.00,260.00
ORD00155089,OI000842462,ITEM0018,2,620.00,236.34,0.00,1240.00
ORD00155089,OI000842463,ITEM0047,3,1650.00,627.28,0.00,4950.00
ORD00155089,OI000842464,ITEM0054,1,1330.00,424.10,0.00,1330.00
ORD00155089,OI000842465,ITEM0067,1,320.00,108.16,0.00,320.00
ORD00155089,OI000842466,ITEM0095,1,1190.00,508.41,0.00,1190.00
ORD00155089,OI000842467,ITEM0148,2,320.00,208.57,0.00,640.00
ORD00155089,OI000842468,ITEM0151,2,65.00,45.19,0.00,130.00
ORD00155090,OI000842469,ITEM0033,2,940.00,306.02,0.00,1880.00
ORD00155090,OI000842470,ITEM0036,2,840.00,338.10,0.00,1680.00
ORD00155090,OI000842471,ITEM0055,1,750.00,235.61,0.00,750.00
ORD00155090,OI000842472,ITEM0057,1,690.00,468.22,0.00,690.00
ORD00155090,OI000842473,ITEM0073,3,850.00,331.31,0.00,2550.00
ORD00155090,OI000842474,ITEM0151,1,65.00,45.19,0.00,65.00
ORD00155091,OI000842475,ITEM0045,1,1530.00,595.53,0.00,1530.00
ORD00155091,OI000842476,ITEM0061,2,980.00,363.74,0.00,1960.00
ORD00155091,OI000842477,ITEM0145,2,370.00,151.19,0.00,740.00
ORD00155092,OI000842478,ITEM0006,1,770.00,296.28,0.00,770.00
ORD00155092,OI000842479,ITEM0057,1,690.00,468.22,0.00,690.00
ORD00155092,OI000842480,ITEM0066,2,950.00,343.77,0.00,1900.00
ORD00155092,OI000842481,ITEM0135,1,105.00,69.46,0.00,105.00
ORD00155093,OI000842482,ITEM0045,2,1530.00,595.53,0.00,3060.00
ORD00155093,OI000842483,ITEM0136,1,480.00,175.82,0.00,480.00
ORD00155094,OI000842484,ITEM0036,1,840.00,338.10,0.00,840.00
ORD00155094,OI000842485,ITEM0043,1,5110.00,2066.57,0.00,5110.00
ORD00155094,OI000842486,ITEM0045,3,1530.00,595.53,0.00,4590.00
ORD00155094,OI000842487,ITEM0050,1,1910.00,776.26,0.00,1910.00
ORD00155094,OI000842488,ITEM0074,1,1230.00,548.77,0.00,1230.00
ORD00155094,OI000842489,ITEM0075,2,630.00,269.61,0.00,1260.00
ORD00155094,OI000842490,ITEM0160,3,105.00,47.30,0.00,315.00
ORD00155095,OI000842491,ITEM0055,5,750.00,235.61,0.00,3750.00
ORD00155095,OI000842492,ITEM0067,2,320.00,108.16,0.00,640.00
ORD00155095,OI000842493,ITEM0134,3,165.00,108.74,0.00,495.00
ORD00155096,OI000842494,ITEM0014,1,490.00,180.01,0.00,490.00
ORD00155096,OI000842495,ITEM0045,1,1530.00,595.53,0.00,1530.00
ORD00155096,OI000842496,ITEM0054,1,1330.00,424.10,0.00,1330.00
ORD00155096,OI000842497,ITEM0066,1,950.00,343.77,0.00,950.00
ORD00155096,OI000842498,ITEM0068,1,680.00,470.19,0.00,680.00
ORD00155096,OI000842499,ITEM0070,1,1330.00,627.42,399.00,931.00
ORD00155096,OI000842500,ITEM0075,1,630.00,269.61,0.00,630.00
ORD00155096,OI000842501,ITEM0108,4,1800.00,648.55,0.00,7200.00
ORD00155096,OI000842502,ITEM0124,2,190.00,131.48,0.00,380.00
ORD00155096,OI000842503,ITEM0148,3,320.00,208.57,288.00,672.00
ORD00155097,OI000842504,ITEM0035,1,1000.00,418.08,0.00,1000.00
ORD00155097,OI000842505,ITEM0036,2,840.00,338.10,0.00,1680.00
ORD00155097,OI000842506,ITEM0048,2,1520.00,597.64,0.00,3040.00
ORD00155097,OI000842507,ITEM0054,1,1330.00,424.10,0.00,1330.00
ORD00155097,OI000842508,ITEM0064,1,550.00,191.14,0.00,550.00
ORD00155097,OI000842509,ITEM0068,6,680.00,470.19,0.00,4080.00
ORD00155097,OI000842510,ITEM0113,1,510.00,198.15,0.00,510.00
ORD00155097,OI000842511,ITEM0129,2,600.00,188.49,0.00,1200.00
ORD00155097,OI000842512,ITEM0134,4,165.00,108.74,0.00,660.00
ORD00155098,OI000842513,ITEM0008,1,1030.00,165.58,0.00,1030.00
ORD00155098,OI000842514,ITEM0046,2,2820.00,1115.76,0.00,5640.00
ORD00155098,OI000842515,ITEM0113,1,510.00,198.15,0.00,510.00
ORD00155098,OI000842516,ITEM0151,5,70.00,45.19,0.00,350.00
ORD00155099,OI000842517,ITEM0012,1,900.00,402.60,0.00,900.00
ORD00155099,OI000842518,ITEM0029,1,1030.00,312.12,0.00,1030.00
ORD00155099,OI000842519,ITEM0031,1,1190.00,364.08,0.00,1190.00
ORD00155099,OI000842520,ITEM0148,2,350.00,208.57,0.00,700.00
ORD00155099,OI000842521,ITEM0151,2,70.00,45.19,0.00,140.00
ORD00155100,OI000842522,ITEM0023,3,470.00,200.14,0.00,1410.00
ORD00155100,OI000842523,ITEM0031,1,1100.00,364.08,0.00,1100.00
ORD00155100,OI000842523,ITEM0031,1,1100.00,364.08,0.00,1100.00
ORD00155100,OI000842524,ITEM0054,1,1330.00,424.10,0.00,1330.00
ORD00155101,OI000842525,ITEM0066,1,950.00,343.77,0.00,950.00
ORD00155101,OI000842526,ITEM0076,1,750.00,294.74,0.00,750.00
ORD00155101,OI000842527,ITEM0136,2,480.00,175.82,0.00,960.00
ORD00155101,OI000842528,ITEM0148,3,320.00,208.57,0.00,960.00
ORD00155102,OI000842529,ITEM0046,1,2820.00,1115.76,0.00,2820.00
ORD00155102,OI000842529,ITEM0046,1,2820.00,1115.76,0.00,2820.00
ORD00155102,OI000842530,ITEM0050,2,1770.00,776.26,0.00,3540.00
ORD00155102,OI000842531,ITEM0077,1,680.00,302.29,0.00,680.00
ORD00155102,OI000842532,ITEM0078,2,1250.00,560.33,0.00,2500.00
ORD00155102,OI000842533,ITEM0143,2,470.00,187.60,0.00,940.00
ORD00155102,OI000842534,ITEM0148,3,320.00,208.57,0.00,960.00
ORD00155103,OI000842535,ITEM0037,1,2380.00,995.51,0.00,2380.00
ORD00155103,OI000842536,ITEM0102,2,1410.00,625.27,0.00,2820.00
ORD00155103,OI000842537,ITEM0135,1,105.00,69.46,0.00,105.00
ORD00155103,OI000842538,ITEM0148,5,320.00,208.57,0.00,1600.00
ORD00155103,OI000842539,ITEM0151,2,65.00,45.19,0.00,130.00
ORD00155103,OI000842540,ITEM0157,1,800.00,322.21,0.00,800.00
ORD00155104,OI000842541,ITEM0007,1,1570.00,711.90,471.00,1099.00
ORD00155104,OI000842542,ITEM0051,1,680.00,266.66,0.00,680.00
ORD00155104,OI000842543,ITEM0136,3,480.00,175.82,432.00,1008.00
ORD00155104,OI000842544,ITEM0148,2,320.00,208.57,192.00,448.00
ORD00155104,OI000842545,ITEM0151,2,65.00,45.19,39.00,91.00
ORD00155104,OI000842546,ITEM0153,2,40.00,16.47,24.00,56.00
ORD00155104,OI000842547,ITEM0154,2,370.00,126.03,222.00,518.00
ORD00155105,OI000842548,ITEM0048,1,1520.00,597.64,0.00,1520.00
ORD00155105,OI000842549,ITEM0052,2,800.00,314.45,0.00,1600.00
ORD00155105,OI000842550,ITEM0053,1,1360.00,605.77,0.00,1360.00
ORD00155105,OI000842551,ITEM0075,1,630.00,269.61,0.00,630.00
ORD00155105,OI000842552,ITEM0134,1,165.00,108.74,0.00,165.00
ORD00155105,OI000842553,ITEM0143,2,470.00,187.60,0.00,940.00
ORD00155106,OI000842554,ITEM0048,8,1520.00,597.64,0.00,12160.00
ORD00155106,OI000842555,ITEM0058,1,1250.00,392.19,0.00,1250.00
ORD00155106,OI000842556,ITEM0123,1,310.00,138.90,0.00,310.00
ORD00155107,OI000842557,ITEM0066,3,950.00,343.77,0.00,2850.00
ORD00155107,OI000842558,ITEM0081,1,1510.00,1047.44,0.00,1510.00
ORD00155107,OI000842559,ITEM0124,3,190.00,131.48,0.00,570.00
ORD00155107,OI000842560,ITEM0148,5,320.00,208.57,0.00,1600.00
ORD00155108,OI000842561,ITEM0003,2,380.00,142.17,0.00,760.00
ORD00155108,OI000842562,ITEM0023,1,470.00,200.14,0.00,470.00
ORD00155108,OI000842563,ITEM0141,2,510.00,166.18,306.00,714.00
ORD00155108,OI000842564,ITEM0148,3,320.00,208.57,288.00,672.00
ORD00155108,OI000842565,ITEM0155,2,220.00,95.85,132.00,308.00
ORD00155109,OI000842566,ITEM0045,1,1530.00,595.53,0.00,1530.00
ORD00155109,OI000842567,ITEM0143,1,470.00,187.60,0.00,470.00
ORD00155109,OI000842568,ITEM0157,1,800.00,322.21,0.00,800.00
ORD00155110,OI000842569,ITEM0057,4,690.00,468.22,0.00,2760.00
ORD00155110,OI000842570,ITEM0087,3,3170.00,1492.61,2853.00,6657.00
ORD00155110,OI000842571,ITEM0138,3,265.00,113.51,238.50,556.50
ORD00155110,OI000842572,ITEM0151,3,65.00,45.19,58.50,136.50
ORD00155111,OI000842573,ITEM0020,1,810.00,323.82,0.00,810.00
ORD00155111,OI000842574,ITEM0033,1,940.00,306.02,0.00,940.00
ORD00155111,OI000842575,ITEM0051,2,680.00,266.66,0.00,1360.00
ORD00155111,OI000842576,ITEM0113,3,510.00,198.15,0.00,1530.00
ORD00155111,OI000842577,ITEM0118,3,670.00,333.71,603.00,1407.00
ORD00155111,OI000842578,ITEM0146,2,610.00,207.34,366.00,854.00
ORD00155111,OI000842579,ITEM0148,2,320.00,208.57,192.00,448.00
ORD00155111,OI000842580,ITEM0149,1,380.00,173.20,114.00,266.00
ORD00155111,OI000842581,ITEM0150,2,130.00,50.35,78.00,182.00
ORD00155111,OI000842582,ITEM0151,1,65.00,45.19,19.50,45.50
ORD00155112,OI000842583,ITEM0006,1,770.00,296.28,0.00,770.00
ORD00155112,OI000842584,ITEM0049,1,2660.00,1132.57,0.00,2660.00
ORD00155112,OI000842585,ITEM0109,4,1500.00,513.48,0.00,6000.00
ORD00155112,OI000842586,ITEM0151,3,65.00,45.19,0.00,195.00
ORD00155113,OI000842587,ITEM0027,2,420.00,144.90,0.00,840.00
ORD00155113,OI000842588,ITEM0038,2,1200.00,510.66,0.00,2400.00
ORD00155113,OI000842589,ITEM0060,1,830.00,333.17,0.00,830.00
ORD00155113,OI000842590,ITEM0076,1,750.00,294.74,0.00,750.00
ORD00155113,OI000842591,ITEM0148,1,320.00,208.57,0.00,320.00
ORD00155114,OI000842592,ITEM0055,1,750.00,235.61,0.00,750.00
ORD00155114,OI000842593,ITEM0113,1,510.00,198.15,0.00,510.00
ORD00155114,OI000842594,ITEM0132,1,410.00,163.26,0.00,410.00
ORD00155114,OI000842595,ITEM0148,3,320.00,208.57,0.00,960.00
ORD00155115,OI000842596,ITEM0004,1,590.00,220.14,0.00,590.00
ORD00155115,OI000842597,ITEM0008,2,1030.00,165.58,0.00,2060.00
ORD00155115,OI000842598,ITEM0023,2,470.00,200.14,0.00,940.00
ORD00155115,OI000842599,ITEM0105,1,2870.00,878.39,0.00,2870.00
ORD00155115,OI000842600,ITEM0109,1,1500.00,513.48,0.00,1500.00
ORD00155115,OI000842601,ITEM0151,4,70.00,45.19,0.00,280.00
ORD00155115,OI000842602,ITEM0159,2,460.00,192.62,0.00,920.00
ORD00155116,OI000842603,ITEM0042,1,5470.00,2596.95,1641.00,3829.00
ORD00155116,OI000842604,ITEM0068,1,680.00,470.19,0.00,680.00
ORD00155116,OI000842605,ITEM0125,2,320.00,124.33,0.00,640.00
ORD00155116,OI000842606,ITEM0151,1,65.00,45.19,19.50,45.50
ORD00155117,OI000842607,ITEM0004,1,590.00,220.14,0.00,590.00
ORD00155117,OI000842608,ITEM0005,2,420.00,149.00,0.00,840.00
ORD00155117,OI000842609,ITEM0087,1,3170.00,1492.61,951.00,2219.00
ORD00155117,OI000842610,ITEM0108,1,1800.00,648.55,0.00,1800.00
ORD00155117,OI000842611,ITEM0133,1,180.00,78.35,0.00,180.00
ORD00155117,OI000842612,ITEM0148,2,320.00,208.57,192.00,448.00
ORD00155118,OI000842613,ITEM0003,1,380.00,142.17,0.00,380.00
ORD00155118,OI000842614,ITEM0054,2,1330.00,424.10,0.00,2660.00
ORD00155118,OI000842615,ITEM0091,1,1920.00,724.96,0.00,1920.00
ORD00155119,OI000842616,ITEM0004,1,590.00,220.14,0.00,590.00
ORD00155119,OI000842617,ITEM0005,1,420.00,149.00,0.00,420.00
ORD00155119,OI000842618,ITEM0055,3,750.00,235.61,0.00,2250.00
ORD00155119,OI000842619,ITEM0103,2,3090.00,1298.00,0.00,6180.00
ORD00155119,OI000842620,ITEM0113,1,510.00,198.15,0.00,510.00
ORD00155120,OI000842621,ITEM0055,2,750.00,235.61,0.00,1500.00
ORD00155120,OI000842622,ITEM0066,1,950.00,343.77,0.00,950.00
ORD00155120,OI000842623,ITEM0081,1,1510.00,1047.44,0.00,1510.00
ORD00155120,OI000842624,ITEM0157,3,800.00,322.21,0.00,2400.00
ORD00155121,OI000842625,ITEM0032,2,780.00,356.48,0.00,1560.00
ORD00155121,OI000842626,ITEM0081,2,1510.00,1047.44,0.00,3020.00
ORD00155121,OI000842627,ITEM0101,1,1230.00,414.61,0.00,1230.00
ORD00155121,OI000842628,ITEM0113,1,510.00,198.15,0.00,510.00
ORD00155121,OI000842629,ITEM0134,2,165.00,108.74,0.00,330.00
ORD00155121,OI000842630,ITEM0138,-3,265.00,113.51,0.00,795.00
ORD00155122,OI000842631,ITEM0005,1,420.00,149.00,0.00,420.00
ORD00155122,OI000842632,ITEM0025,1,820.00,334.06,0.00,820.00
ORD00155122,OI000842633,ITEM0040,1,750.00,267.75,0.00,750.00
ORD00155123,OI000842634,ITEM0034,3,1220.00,445.69,0.00,3660.00
ORD00155123,OI000842635,ITEM0132,2,410.00,163.26,0.00,820.00
ORD00155123,OI000842636,ITEM0157,2,800.00,322.21,0.00,1600.00
ORD00155124,OI000842637,ITEM0027,1,420.00,144.90,0.00,420.00
ORD00155124,OI000842638,ITEM0035,1,1000.00,418.08,0.00,1000.00
ORD00155124,OI000842639,ITEM0041,1,1310.00,515.58,0.00,1310.00
ORD00155124,OI000842640,ITEM0075,1,630.00,269.61,0.00,630.00
ORD00155124,OI000842641,ITEM0125,2,320.00,124.33,0.00,640.00
ORD00155125,OI000842642,ITEM0044,2,1600.00,512.67,0.00,3200.00
ORD00155125,OI000842643,ITEM0045,3,1530.00,595.53,0.00,4590.00
ORD00155125,OI000842644,ITEM0047,3,1780.00,627.28,0.00,5340.00
ORD00155125,OI000842645,ITEM0048,2,1520.00,597.64,0.00,3040.00
ORD00155125,OI000842646,ITEM0075,1,630.00,269.61,0.00,630.00
ORD00155125,OI000842647,ITEM0133,1,180.00,78.35,0.00,180.00
ORD00155125,OI000842648,ITEM0134,1,165.00,108.74,0.00,165.00
ORD00155125,OI000842649,ITEM0149,2,380.00,173.20,0.00,760.00
ORD00155126,OI000842650,ITEM0012,1,900.00,402.60,0.00,900.00
ORD00155126,OI000842651,ITEM0035,1,1000.00,418.08,0.00,1000.00
ORD00155126,OI000842652,ITEM0046,2,2820.00,1115.76,0.00,5640.00
ORD00155126,OI000842653,ITEM0055,2,750.00,235.61,0.00,1500.00
ORD00155126,OI000842654,ITEM0135,2,105.00,69.46,0.00,210.00
ORD00155126,OI000842655,ITEM0136,1,480.00,175.82,0.00,480.00
ORD00155127,OI000842656,ITEM0037,1,2380.00,995.51,0.00,2380.00
ORD00155127,OI000842657,ITEM0043,1,5110.00,2066.57,0.00,5110.00
ORD00155127,OI000842658,ITEM0048,1,1520.00,597.64,0.00,1520.00
ORD00155127,OI000842659,ITEM0054,1,1330.00,424.10,0.00,1330.00
ORD00155127,OI000842660,ITEM0057,4,690.00,468.22,0.00,2760.00
ORD00155127,OI000842661,ITEM0081,1,1510.00,1047.44,0.00,1510.00
ORD00155127,OI000842662,ITEM0127,1,500.00,76.86,0.00,500.00
ORD00155127,OI000842662,ITEM0127,1,500.00,76.86,0.00,500.00
ORD00155127,OI000842663,ITEM0151,2,65.00,45.19,0.00,130.00
ORD00155127,OI000842664,ITEM0155,1,220.00,95.85,0.00,220.00
ORD00155128,OI000842665,ITEM0077,1,680.00,302.29,0.00,680.00
ORD00155128,OI000842666,ITEM0149,2,380.00,173.20,0.00,760.00
ORD00155128,OI000842667,ITEM0151,1,65.00,45.19,0.00,65.00
ORD00155129,OI000842668,ITEM0033,1,940.00,306.02,0.00,940.00
ORD00155129,OI000842669,ITEM0054,1,1330.00,424.10,0.00,1330.00
ORD00155129,OI000842670,ITEM0068,1,680.00,470.19,0.00,680.00
ORD00155129,OI000842671,ITEM0094,1,1550.00,716.43,0.00,1550.00
ORD00155129,OI000842672,ITEM0148,3,320.00,208.57,0.00,960.00
ORD00155130,OI000842673,ITEM0068,1,680.00,470.19,0.00,680.00
ORD00155130,OI000842674,ITEM0070,1,1330.00,627.42,399.00,931.00
ORD00155130,OI000842675,ITEM0081,2,1510.00,1047.44,0.00,3020.00
ORD00155130,OI000842676,ITEM0087,1,3170.00,1492.61,951.00,2219.00
ORD00155130,OI000842677,ITEM0113,3,510.00,198.15,0.00,1530.00
ORD00155130,OI000842678,ITEM0118,1,670.00,333.71,201.00,469.00
ORD00155130,OI000842679,ITEM0151,3,65.00,45.19,58.50,136.50
ORD00155131,OI000842680,ITEM0043,1,5110.00,2066.57,0.00,5110.00
ORD00155131,OI000842681,ITEM0055,1,750.00,235.61,0.00,750.00
ORD00155131,OI000842682,ITEM0062,2,670.00,350.53,0.00,1340.00
ORD00155131,OI000842683,ITEM0066,2,950.00,343.77,0.00,1900.00
ORD00155131,OI000842684,ITEM0081,1,1510.00,1047.44,0.00,1510.00
ORD00155131,OI000842685,ITEM0123,1,310.00,138.90,0.00,310.00
ORD00155131,OI000842686,ITEM0148,1,320.00,208.57,0.00,320.00
ORD00155131,OI000842687,ITEM0160,1,105.00,47.30,0.00,105.00
ORD00155132,OI000842688,ITEM0002,4,215.00,75.87,0.00,860.00
ORD00155132,OI000842689,ITEM0031,1,1100.00,364.08,0.00,1100.00
ORD00155132,OI000842690,ITEM0137,1,310.00,112.52,0.00,310.00
ORD00155133,OI000842691,ITEM0011,1,940.00,340.59,0.00,940.00
ORD00155133,OI000842692,ITEM0020,1,810.00,323.82,0.00,810.00
ORD00155133,OI000842693,ITEM0054,1,1330.00,424.10,0.00,1330.00
ORD00155133,OI000842694,ITEM0081,1,1510.00,1047.44,0.00,1510.00
ORD00155133,OI000842695,ITEM0125,1,320.00,124.33,0.00,320.00
ORD00155133,OI000842696,ITEM0152,1,100.00,40.74,0.00,100.00
ORD00155134,OI000842697,ITEM0012,2,900.00,402.60,0.00,1800.00
ORD00155134,OI000842698,ITEM0081,1,1510.00,1047.44,0.00,1510.00
ORD00155134,OI000842699,ITEM0111,1,260.00,91.26,0.00,260.00
ORD00155134,OI000842700,ITEM0121,3,370.00,125.92,0.00,1110.00
ORD00155134,OI000842701,ITEM0132,1,410.00,163.26,0.00,410.00
ORD00155135,OI000842702,ITEM0034,2,1220.00,445.69,0.00,2440.00
ORD00155135,OI000842703,ITEM0045,2,1530.00,595.53,0.00,3060.00
ORD00155135,OI000842704,ITEM0057,1,690.00,468.22,0.00,690.00
ORD00155135,OI000842705,ITEM0113,1,510.00,198.15,0.00,510.00
ORD00155135,OI000842706,ITEM0132,1,410.00,163.26,0.00,410.00
ORD00155135,OI000842707,ITEM0134,2,165.00,108.74,0.00,330.00
ORD00155135,OI000842708,ITEM0135,-2,105.00,69.46,0.00,210.00
ORD00155135,OI000842709,ITEM0146,3,610.00,207.34,0.00,1830.00
ORD00155136,OI000842710,ITEM0031,2,1100.00,364.08,0.00,2200.00
ORD00155136,OI000842711,ITEM0081,1,1510.00,1047.44,0.00,1510.00
ORD00155136,OI000842712,ITEM0089,1,2070.00,892.05,0.00,2070.00
ORD00155136,OI000842713,ITEM0102,3,1410.00,625.27,0.00,4230.00
ORD00155136,OI000842714,ITEM0129,1,600.00,188.49,0.00,600.00
ORD00155137,OI000842715,ITEM0016,2,560.00,210.83,0.00,1120.00
ORD00155138,OI000842716,ITEM0055,6,750.00,235.61,0.00,4500.00
ORD00155138,OI000842717,ITEM0056,1,1440.00,468.22,0.00,1440.00
ORD00155138,OI000842718,ITEM0064,2,550.00,191.14,0.00,1100.00
ORD00155138,OI000842719,ITEM0102,1,1410.00,625.27,0.00,1410.00
ORD00155138,OI000842720,ITEM0129,4,600.00,188.49,0.00,2400.00
ORD00155138,OI000842721,ITEM0150,2,130.00,50.35,0.00,260.00
ORD00155138,OI000842722,ITEM0154,4,370.00,126.03,0.00,1480.00
ORD00155139,OI000842723,ITEM0032,1,780.00,356.48,0.00,780.00
ORD00155139,OI000842724,ITEM0055,1,750.00,235.61,0.00,750.00
ORD00155139,OI000842725,ITEM0059,5,730.00,317.89,0.00,3650.00
ORD00155139,OI000842726,ITEM0060,1,-830.00,333.17,0.00,830.00
ORD00155139,OI000842727,ITEM0061,1,980.00,363.74,0.00,980.00
ORD00155139,OI000842728,ITEM0113,1,510.00,198.15,0.00,510.00
ORD00155139,OI000842729,ITEM0124,1,190.00,131.48,0.00,190.00
ORD00155139,OI000842730,ITEM0147,2,480.00,154.20,288.00,672.00
ORD00155139,OI000842731,ITEM0152,3,100.00,40.74,90.00,210.00
ORD00155140,OI000842732,ITEM0153,2,40.00,16.47,0.00,80.00
ORD00155141,OI000842733,ITEM0035,1,1000.00,418.08,0.00,1000.00
ORD00155141,OI000842734,ITEM0055,2,750.00,235.61,0.00,1500.00
ORD00155141,OI000842735,ITEM0057,1,690.00,468.22,0.00,690.00
ORD00155141,OI000842736,ITEM0083,1,1760.00,701.86,0.00,1760.00
ORD00155141,OI000842737,ITEM0132,1,410.00,163.26,0.00,410.00
ORD00155142,OI000842738,ITEM0067,2,320.00,108.16,0.00,640.00
ORD00155142,OI000842739,ITEM0068,1,680.00,470.19,0.00,680.00
ORD00155142,OI000842740,ITEM0147,3,480.00,154.20,0.00,1440.00
ORD00155142,OI000842741,ITEM0148,7,320.00,208.57,0.00,2240.00
ORD00155143,OI000842742,ITEM0114,2,270.00,86.95,0.00,540.00
ORD00155143,OI000842743,ITEM0125,1,320.00,124.33,0.00,320.00
ORD00155143,OI000842744,ITEM0134,3,165.00,108.74,148.50,346.50
ORD00155143,OI000842745,ITEM0143,2,470.00,187.60,282.00,658.00
ORD00155143,OI000842746,ITEM0148,7,320.00,208.57,672.00,1568.00
ORD00155144,OI000842747,ITEM0002,2,215.00,75.87,0.00,430.00
ORD00155144,OI000842748,ITEM0045,1,1530.00,595.53,0.00,1530.00
ORD00155144,OI000842749,ITEM0048,1,1520.00,597.64,0.00,1520.00
ORD00155144,OI000842750,ITEM0135,1,105.00,69.46,0.00,105.00
ORD00155145,OI000842751,ITEM0047,1,1650.00,627.28,0.00,1650.00
ORD00155145,OI000842752,ITEM0154,3,370.00,126.03,0.00,1110.00
ORD00155146,OI000842753,ITEM0038,2,1200.00,510.66,0.00,2400.00
ORD00155146,OI000842753,ITEM0038,2,1200.00,510.66,0.00,2400.00
ORD00155146,OI000842754,ITEM0050,1,1770.00,776.26,0.00,1770.00
ORD00155146,OI000842755,ITEM0068,1,680.00,470.19,0.00,680.00
ORD00155146,OI000842756,ITEM0137,1,310.00,112.52,93.00,217.00
ORD00155146,OI000842757,ITEM0147,1,480.00,154.20,144.00,336.00
ORD00155146,OI000842758,ITEM0148,3,320.00,208.57,288.00,672.00
ORD00155146,OI000842759,ITEM0151,1,65.00,45.19,19.50,45.50
ORD00155147,OI000842760,ITEM0018,1,620.00,236.34,0.00,620.00
ORD00155147,OI000842761,ITEM0068,2,680.00,470.19,0.00,1360.00
ORD00155147,OI000842762,ITEM0139,1,410.00,69.54,123.00,287.00
ORD00155147,OI000842763,ITEM0143,2,470.00,187.60,282.00,658.00
ORD00155147,OI000842764,ITEM0147,3,480.00,154.20,432.00,1008.00
ORD00155147,OI000842765,ITEM0151,4,65.00,45.19,78.00,182.00
ORD00155148,OI000842766,ITEM0050,2,1910.00,776.26,0.00,3820.00
ORD00155148,OI000842767,ITEM0062,2,670.00,350.53,0.00,1340.00
ORD00155148,OI000842768,ITEM0117,1,930.00,145.29,0.00,930.00
ORD00155149,OI000842769,ITEM0045,3,1530.00,595.53,0.00,4590.00
ORD00155149,OI000842770,ITEM0054,1,1330.00,424.10,0.00,1330.00
ORD00155149,OI000842771,ITEM0068,1,680.00,470.19,0.00,680.00
ORD00155149,OI000842772,ITEM0090,1,1910.00,682.77,0.00,1910.00
ORD00155149,OI000842773,ITEM0108,1,1800.00,648.55,0.00,1800.00
ORD00155149,OI000842774,ITEM0148,1,320.00,208.57,0.00,320.00
ORD00155149,OI000842775,ITEM0157,2,800.00,322.21,0.00,1600.00
ORD00155149,OI000842776,ITEM0159,5,460.00,192.62,0.00,2300.00
ORD00155150,OI000842777,ITEM0013,1,400.00,179.48,0.00,400.00
ORD00155150,OI000842778,ITEM0021,1,450.00,184.70,0.00,450.00
ORD00155150,OI000842779,ITEM0046,2,2820.00,1115.76,0.00,5640.00
ORD00155150,OI000842780,ITEM0054,1,1330.00,424.10,0.00,1330.00
ORD00155150,OI000842781,ITEM0055,2,750.00,235.61,0.00,1500.00
ORD00155150,OI000842782,ITEM0074,1,1230.00,548.77,0.00,1230.00
ORD00155150,OI000842783,ITEM0098,2,1220.00,521.65,0.00,2440.00
ORD00155150,OI000842784,ITEM0102,1,1410.00,625.27,0.00,1410.00
ORD00155151,OI000842785,ITEM0036,1,840.00,338.10,0.00,840.00
ORD00155151,OI000842786,ITEM0048,1,1520.00,597.64,0.00,1520.00
ORD00155151,OI000842787,ITEM0057,1,690.00,468.22,0.00,690.00
ORD00155151,OI000842788,ITEM0078,1,1250.00,560.33,0.00,1250.00
ORD00155151,OI000842789,ITEM0083,1,1760.00,701.86,0.00,1760.00
ORD00155151,OI000842790,ITEM0113,1,510.00,198.15,0.00,510.00
ORD00155151,OI000842791,ITEM0125,1,320.00,124.33,0.00,320.00
ORD00155151,OI000842792,ITEM0134,2,165.00,108.74,0.00,330.00
ORD00155151,OI000842793,ITEM0155,2,220.00,95.85,0.00,440.00
ORD00155152,OI000842794,ITEM0066,2,950.00,343.77,0.00,1900.00
ORD00155152,OI000842795,ITEM0073,1,850.00,331.31,0.00,850.00
ORD00155152,OI000842796,ITEM0102,1,1410.00,625.27,0.00,1410.00
ORD00155153,OI000842797,ITEM0001,2,270.00,95.57,0.00,540.00
ORD00155153,OI000842798,ITEM0004,1,590.00,220.14,0.00,590.00
ORD00155153,OI000842799,ITEM0027,1,420.00,144.90,0.00,420.00
ORD00155153,OI000842800,ITEM0041,1,1310.00,515.58,0.00,1310.00
ORD00155153,OI000842801,ITEM0070,1,1330.00,627.42,399.00,931.00
ORD00155153,OI000842802,ITEM0143,2,470.00,187.60,282.00,658.00
ORD00155154,OI000842803,ITEM0045,1,1530.00,595.53,0.00,1530.00
ORD00155154,OI000842804,ITEM0093,1,1140.00,410.14,0.00,1140.00
ORD00155154,OI000842805,ITEM0132,2,410.00,163.26,0.00,820.00
ORD00155154,OI000842806,ITEM0148,5,320.00,208.57,0.00,1600.00
ORD00155155,OI000842807,ITEM0006,1,770.00,296.28,0.00,770.00
ORD00155155,OI000842808,ITEM0019,1,360.00,154.84,0.00,360.00
ORD00155155,OI000842809,ITEM0057,1,690.00,468.22,0.00,690.00
ORD00155155,OI000842810,ITEM0062,1,670.00,350.53,0.00,670.00
ORD00155155,OI000842811,ITEM0078,2,1250.00,560.33,0.00,2500.00
ORD00155155,OI000842812,ITEM0090,2,1910.00,682.77,0.00,3820.00
ORD00155155,OI000842813,ITEM0130,3,235.00,91.80,0.00,705.00
ORD00155155,OI000842814,ITEM0148,1,320.00,208.57,0.00,320.00
ORD00155156,OI000842815,ITEM0086,2,1380.00,560.08,0.00,2760.00
ORD00155156,OI000842816,ITEM0113,3,510.00,198.15,0.00,1530.00
ORD00155156,OI000842817,ITEM0147,2,480.00,154.20,0.00,960.00
ORD00155157,OI000842818,ITEM0015,2,520.00,184.59,0.00,1040.00
ORD00155157,OI000842819,ITEM0081,2,1510.00,1047.44,0.00,3020.00
ORD00155157,OI000842820,ITEM0108,1,1800.00,648.55,0.00,1800.00
ORD00155157,OI000842821,ITEM0132,4,410.00,163.26,0.00,1640.00
ORD00155158,OI000842823,ITEM0055,2,750.00,235.61,0.00,1500.00
ORD00155158,OI000842824,ITEM0064,3,550.00,191.14,0.00,1650.00
ORD00155158,OI000842825,ITEM8936,2,1410.00,465.66,0.00,2820.00
ORD00155158,OI000842826,ITEM0113,1,510.00,198.15,0.00,510.00
ORD00155158,OI000842827,ITEM0125,1,320.00,124.33,0.00,320.00
ORD00155158,OI000842828,ITEM0129,1,600.00,188.49,0.00,600.00
ORD00155158,OI000842829,ITEM0134,2,165.00,108.74,0.00,330.00
ORD00155158,OI000842830,ITEM0136,1,480.00,175.82,0.00,480.00
ORD00155158,OI000842831,ITEM0147,1,480.00,154.20,0.00,480.00
ORD00155158,OI000842832,ITEM0148,4,320.00,208.57,0.00,1280.00
ORD00155158,OI000842833,ITEM0151,3,65.00,45.19,0.00,195.00
ORD00155159,OI000842834,ITEM0045,1,1530.00,595.53,0.00,1530.00
ORD00155159,OI000842835,ITEM0091,2,1920.00,724.96,0.00,3840.00
ORD00155159,OI000842836,ITEM0095,1,1190.00,508.41,0.00,1190.00
ORD00155159,OI000842837,ITEM0135,2,105.00,69.46,0.00,210.00
ORD00155159,OI000842838,ITEM0146,1,610.00,207.34,0.00,610.00
ORD00155159,OI000842839,ITEM0154,3,370.00,126.03,0.00,1110.00
ORD00155160,OI000842840,ITEM0042,1,5470.00,2596.95,1641.00,3829.00
ORD00155160,OI000842841,ITEM0087,1,3420.00,1492.61,1026.00,2394.00
ORD00155160,OI000842842,ITEM0112,2,310.00,140.73,0.00,620.00
ORD00155160,OI000842843,ITEM0147,1,480.00,154.20,144.00,336.00
ORD00155160,OI000842844,ITEM0151,1,70.00,45.19,21.00,49.00
ORD00155161,OI000842845,ITEM0070,3,1330.00,627.42,1197.00,2793.00
ORD00155161,OI000842846,ITEM0129,5,600.00,188.49,0.00,3000.00
ORD00155161,OI000842847,ITEM0134,1,165.00,108.74,49.50,115.50
ORD00155161,OI000842848,ITEM0147,2,480.00,154.20,288.00,672.00
ORD00155161,OI000842849,ITEM0148,7,350.00,208.57,735.00,1715.00
ORD00155162,OI000842850,ITEM0001,1,270.00,95.57,0.00,270.00
ORD00155162,OI000842851,ITEM0004,1,590.00,220.14,0.00,590.00
ORD00155162,OI000842852,ITEM0045,2,1530.00,595.53,0.00,3060.00
ORD00155162,OI000842853,ITEM0057,1,690.00,468.22,0.00,690.00
ORD00155162,OI000842854,ITEM0136,2,480.00,175.82,0.00,960.00
ORD00155162,OI000842855,ITEM0152,2,100.00,40.74,0.00,200.00
ORD00155162,OI000842855,ITEM0152,2,100.00,40.74,0.00,200.00
ORD00155163,OI000842856,ITEM0027,1,420.00,144.90,0.00,420.00
ORD00155163,OI000842857,ITEM0077,1,680.00,302.29,0.00,680.00
ORD00155163,OI000842858,ITEM0091,1,1920.00,724.96,0.00,1920.00
ORD00155163,OI000842859,ITEM0092,1,1410.00,465.66,0.00,1410.00
ORD00155163,OI000842860,ITEM0119,-1,470.00,169.51,0.00,470.00
ORD00155163,OI000842861,ITEM0152,2,100.00,40.74,0.00,200.00
ORD00155163,OI000842862,ITEM0154,2,370.00,126.03,0.00,740.00
ORD00155163,OI000842863,ITEM0157,1,800.00,322.21,0.00,800.00
ORD00155164,OI000842864,ITEM0040,1,750.00,267.75,0.00,750.00
ORD00155164,OI000842865,ITEM0057,2,690.00,468.22,0.00,1380.00
ORD00155164,OI000842866,ITEM0078,2,1250.00,560.33,0.00,2500.00
ORD00155164,OI000842867,ITEM0081,1,1510.00,1047.44,0.00,1510.00
ORD00155165,OI000842868,ITEM0026,1,570.00,245.78,0.00,570.00
ORD00155165,OI000842869,ITEM0049,1,2660.00,1132.57,0.00,2660.00
ORD00155165,OI000842870,ITEM0134,4,165.00,108.74,0.00,660.00
ORD00155165,OI000842871,ITEM0136,2,480.00,175.82,0.00,960.00
ORD00155165,OI000842872,ITEM0154,1,370.00,126.03,0.00,370.00
ORD00155165,OI000842873,ITEM0159,1,460.00,192.62,0.00,460.00
ORD00155166,OI000842874,ITEM0045,2,1530.00,595.53,0.00,3060.00
ORD00155166,OI000842875,ITEM0058,2,1250.00,392.19,0.00,2500.00
ORD00155166,OI000842876,ITEM0064,1,550.00,191.14,0.00,550.00
ORD00155166,OI000842877,ITEM0083,1,1760.00,701.86,0.00,1760.00
ORD00155166,OI000842878,ITEM0113,2,510.00,198.15,0.00,1020.00
ORD00155167,OI000842879,ITEM0058,1,1250.00,392.19,0.00,1250.00
ORD00155167,OI000842880,ITEM0098,1,1220.00,521.65,0.00,1220.00
ORD00155167,OI000842881,ITEM0113,2,510.00,198.15,0.00,1020.00
ORD00155167,OI000842882,ITEM0122,2,690.00,295.82,0.00,1380.00
ORD00155167,OI000842883,ITEM0134,3,165.00,108.74,0.00,495.00
ORD00155167,OI000842884,,2,320.00,208.57,0.00,640.00
ORD00155167,OI000842885,ITEM0150,1,130.00,50.35,0.00,130.00
ORD00155167,OI000842886,ITEM0153,2,40.00,16.47,0.00,80.00
ORD00155168,OI000842887,ITEM0021,2,450.00,184.70,0.00,900.00
ORD00155168,OI000842888,ITEM0067,2,320.00,108.16,0.00,640.00
ORD00155168,OI000842889,ITEM0090,2,1910.00,682.77,0.00,3820.00
ORD00155168,OI000842890,ITEM0148,-2,350.00,208.57,0.00,700.00
ORD00155168,OI000842891,ITEM0159,3,460.00,192.62,0.00,1380.00
ORD00155169,OI000842892,ITEM0045,2,1530.00,595.53,0.00,3060.00
ORD00155169,OI000842893,ITEM0050,1,1770.00,776.26,0.00,1770.00
ORD00155169,OI000842894,ITEM0051,1,680.00,266.66,0.00,680.00
ORD00155169,OI000842895,ITEM0064,1,550.00,191.14,0.00,550.00
ORD00155169,OI000842896,ITEM0068,1,680.00,470.19,0.00,680.00
ORD00155169,OI000842897,ITEM0083,2,1760.00,701.86,0.00,3520.00
ORD00155169,OI000842898,,2,690.00,295.82,0.00,1380.00
ORD00155170,OI000842899,ITEM0038,2,1200.00,510.66,0.00,2400.00
ORD00155170,OI000842900,ITEM0045,1,1530.00,595.53,0.00,1530.00
ORD00155170,OI000842901,ITEM0148,1,320.00,208.57,0.00,320.00
ORD00155170,OI000842902,ITEM0153,6,40.00,16.47,0.00,240.00
ORD00155171,OI000842903,ITEM0021,1,450.00,184.70,0.00,450.00
ORD00155171,OI000842904,ITEM0041,1,1310.00,515.58,0.00,1310.00
ORD00155171,OI000842905,ITEM0076,1,810.00,294.74,0.00,810.00
ORD00155171,OI000842906,ITEM0101,1,1230.00,414.61,0.00,1230.00
ORD00155171,OI000842907,ITEM0113,1,510.00,198.15,0.00,510.00
ORD00155171,OI000842908,ITEM0128,3,550.00,72.23,0.00,1650.00
ORD00155171,OI000842909,ITEM0132,2,410.00,163.26,0.00,820.00
ORD00155171,OI000842910,ITEM0143,1,470.00,187.60,141.00,329.00
ORD00155171,OI000842911,ITEM0151,1,70.00,45.19,21.00,49.00
ORD00155171,OI000842912,ITEM0153,1,40.00,16.47,12.00,28.00
ORD00155171,OI000842913,ITEM0159,3,460.00,192.62,414.00,966.00
ORD00155172,OI000842914,ITEM0032,2,780.00,356.48,0.00,1560.00
ORD00155172,OI000842915,ITEM0042,2,5470.00,2596.95,0.00,10940.00
ORD00155172,OI000842916,ITEM0099,3,1300.00,471.54,0.00,3900.00
ORD00155172,OI000842917,ITEM0113,2,510.00,198.15,0.00,1020.00
ORD00155173,OI000842918,ITEM0016,1,560.00,210.83,0.00,560.00
ORD00155173,OI000842919,ITEM0036,3,840.00,338.10,0.00,2520.00
ORD00155173,OI000842920,ITEM0037,2,2380.00,995.51,0.00,4760.00
ORD00155173,OI000842921,ITEM0064,1,550.00,191.14,0.00,550.00
ORD00155173,OI000842922,ITEM0081,1,1510.00,1047.44,0.00,1510.00
ORD00155173,OI000842922,ITEM0081,1,1510.00,1047.44,0.00,1510.00
ORD00155173,OI000842923,ITEM0082,3,2000.00,707.81,0.00,6000.00
ORD00155173,OI000842924,ITEM0109,2,1500.00,513.48,0.00,3000.00
ORD00155173,OI000842925,ITEM0129,5,600.00,188.49,0.00,3000.00
ORD00155174,OI000842926,ITEM0013,1,400.00,179.48,0.00,400.00
ORD00155174,OI000842927,ITEM0040,1,750.00,267.75,0.00,750.00
ORD00155174,OI000842928,ITEM0055,1,750.00,235.61,0.00,750.00
ORD00155174,OI000842929,ITEM0065,1,1360.00,503.63,0.00,1360.00
ORD00155174,OI000842930,ITEM0105,1,2660.00,878.39,0.00,2660.00
ORD00155174,OI000842931,ITEM0134,1,165.00,108.74,0.00,165.00
ORD00155174,OI000842932,ITEM0139,1,410.00,69.54,0.00,410.00
ORD00155175,OI000842933,ITEM0077,1,680.00,302.29,0.00,680.00
ORD00155175,OI000842934,ITEM0126,1,160.00,72.53,0.00,160.00
ORD00155175,OI000842935,ITEM0134,1,165.00,108.74,0.00,165.00
ORD00155175,OI000842936,ITEM0146,1,610.00,207.34,0.00,610.00
ORD00155176,OI000842937,ITEM0033,1,940.00,306.02,0.00,940.00
ORD00155176,OI000842938,ITEM0038,1,1200.00,510.66,0.00,1200.00
ORD00155176,OI000842939,ITEM0048,1,1520.00,597.64,0.00,1520.00
ORD00155176,OI000842940,ITEM0132,1,410.00,163.26,0.00,410.00
ORD00155177,OI000842941,ITEM0010,1,1390.00,568.66,0.00,1390.00
ORD00155177,OI000842942,ITEM0012,3,900.00,402.60,0.00,2700.00
ORD00155177,OI000842943,ITEM0032,1,780.00,356.48,0.00,780.00
ORD00155177,OI000842944,ITEM0082,1,2000.00,707.81,0.00,2000.00
ORD00155177,OI000842945,ITEM0091,2,1920.00,724.96,0.00,3840.00
ORD00155177,OI000842946,ITEM0147,1,480.00,154.20,0.00,480.00
ORD00155177,OI000842947,ITEM0149,3,380.00,173.20,0.00,1140.00
ORD00155178,OI000842948,ITEM2243,1,490.00,180.01,0.00,490.00
ORD00155178,OI000842949,ITEM0033,1,940.00,306.02,0.00,940.00
ORD00155178,OI000842950,ITEM0068,1,680.00,470.19,0.00,680.00
ORD00155178,OI000842951,ITEM0072,4,790.00,332.55,0.00,3160.00
ORD00155179,OI000842952,ITEM0050,1,1770.00,776.26,0.00,1770.00
ORD00155179,OI000842953,ITEM0066,1,950.00,343.77,0.00,950.00
ORD00155179,OI000842954,ITEM0070,-2,1330.00,627.42,0.00,2660.00
ORD00155179,OI000842955,ITEM0113,1,510.00,198.15,0.00,510.00
ORD00155179,OI000842956,ITEM0124,3,190.00,131.48,0.00,570.00
ORD00155179,OI000842957,ITEM0134,2,165.00,108.74,0.00,330.00
ORD00155179,OI000842958,ITEM0148,2,320.00,208.57,0.00,640.00
ORD00155180,OI000842959,ITEM0042,1,5470.00,2596.95,1641.00,3829.00
ORD00155180,OI000842960,ITEM0056,1,1440.00,468.22,0.00,1440.00
ORD00155180,OI000842961,ITEM0076,1,750.00,294.74,0.00,750.00
ORD00155180,OI000842962,ITEM0152,2,100.00,40.74,60.00,140.00
ORD00155180,OI000842963,ITEM0159,1,460.00,192.62,138.00,322.00
ORD00155181,OI000842964,ITEM0029,1,950.00,312.12,0.00,950.00
ORD00155181,OI000842965,ITEM0066,1,950.00,343.77,0.00,950.00
ORD00155182,OI000842966,ITEM0033,1,940.00,306.02,0.00,940.00
ORD00155182,OI000842967,ITEM0045,1,1530.00,595.53,0.00,1530.00
ORD00155182,OI000842968,ITEM0086,4,1380.00,560.08,0.00,5520.00
ORD00155182,OI000842969,ITEM0133,2,180.00,78.35,0.00,360.00
ORD00155183,OI000842970,ITEM0007,1,1570.00,711.90,471.00,1099.00
ORD00155183,OI000842971,ITEM0040,1,750.00,267.75,0.00,750.00
ORD00155183,OI000842972,ITEM0049,1,2660.00,1132.57,0.00,2660.00
ORD00155183,OI000842973,ITEM0068,1,680.00,470.19,0.00,680.00
ORD00155183,OI000842974,ITEM0070,1,-1330.00,627.42,399.00,931.00
ORD00155183,OI000842975,ITEM0081,1,1510.00,1047.44,0.00,1510.00
ORD00155183,OI000842976,ITEM0108,1,1800.00,648.55,0.00,1800.00
ORD00155183,OI000842977,ITEM0125,2,320.00,124.33,0.00,640.00
ORD00155183,OI000842978,ITEM0132,3,410.00,163.26,0.00,1230.00
ORD00155183,OI000842979,ITEM0133,1,180.00,78.35,0.00,180.00
ORD00155184,OI000842980,ITEM0039,1,980.00,450.35,0.00,980.00
ORD00155184,OI000842981,ITEM0066,1,950.00,343.77,0.00,950.00
ORD00155184,OI000842982,ITEM0081,1,1510.00,1047.44,0.00,1510.00
ORD00155185,OI000842983,ITEM0015,2,520.00,184.59,0.00,1040.00
ORD00155185,OI000842984,ITEM0094,2,1550.00,716.43,0.00,3100.00
ORD00155185,OI000842985,ITEM0121,1,370.00,125.92,0.00,370.00
ORD00155185,OI000842986,ITEM0125,2,320.00,124.33,0.00,640.00
ORD00155185,OI000842987,ITEM0153,1,40.00,16.47,0.00,40.00
ORD00155186,OI000842988,ITEM0107,2,1430.00,473.19,0.00,2860.00
ORD00155186,OI000842989,ITEM0134,1,165.00,108.74,49.50,115.50
ORD00155186,OI000842990,ITEM0148,2,350.00,208.57,210.00,490.00
ORD00155186,OI000842991,ITEM0151,2,70.00,45.19,42.00,98.00
ORD00155187,OI000842992,ITEM0062,1,670.00,350.53,0.00,670.00
ORD00155187,OI000842993,ITEM0091,1,1920.00,724.96,0.00,1920.00
ORD00155187,OI000842994,ITEM0112,1,310.00,140.73,0.00,310.00
ORD00155187,OI000842995,ITEM0126,1,160.00,72.53,0.00,160.00
ORD00155187,OI000842996,ITEM0151,3,65.00,45.19,0.00,195.00
ORD00155188,OI000842997,ITEM0044,2,1480.00,512.67,0.00,2960.00
ORD00155188,OI000842998,ITEM0062,1,670.00,350.53,0.00,670.00
ORD00155188,OI000842999,ITEM0126,1,160.00,72.53,0.00,160.00
ORD00155188,OI000843000,ITEM0145,1,370.00,151.19,0.00,370.00
ORD00155188,OI000843001,ITEM0147,1,480.00,154.20,0.00,480.00
ORD00155189,OI000843002,ITEM0039,2,980.00,450.35,0.00,1960.00
ORD00155189,OI000843003,ITEM0045,1,1530.00,595.53,0.00,1530.00
ORD00155189,OI000843004,ITEM0098,1,1220.00,521.65,0.00,1220.00
ORD00155190,OI000843005,ITEM0091,1,1920.00,724.96,0.00,1920.00
ORD00155190,OI000843006,ITEM0139,3,410.00,69.54,0.00,1230.00
ORD00155190,OI000843007,ITEM0148,4,320.00,208.57,0.00,1280.00
ORD00155190,OI000843008,ITEM0149,2,380.00,173.20,0.00,760.00
ORD00155191,OI000843009,ITEM0052,1,800.00,314.45,0.00,800.00
ORD00155191,OI000843010,ITEM0074,1,1230.00,548.77,0.00,1230.00
ORD00155191,OI000843011,ITEM0145,4,370.00,151.19,444.00,1036.00
ORD00155191,OI000843012,ITEM0159,3,460.00,192.62,414.00,966.00
ORD00155192,OI000843013,ITEM0029,1,950.00,312.12,0.00,950.00
ORD00155192,OI000843014,ITEM0033,2,940.00,306.02,0.00,1880.00
ORD00155192,OI000843015,ITEM0045,1,1530.00,595.53,0.00,1530.00
ORD00155192,OI000843016,ITEM0048,1,1520.00,597.64,0.00,1520.00
ORD00155192,OI000843017,ITEM0070,1,1330.00,627.42,399.00,931.00
ORD00155192,OI000843018,ITEM0134,3,165.00,108.74,148.50,346.50
ORD00155192,OI000843019,ITEM0148,2,320.00,208.57,192.00,448.00
ORD00155192,OI000843020,ITEM0149,2,380.00,173.20,228.00,532.00
ORD00155193,OI000843021,ITEM0032,4,780.00,356.48,0.00,3120.00
ORD00155193,OI000843022,ITEM0037,2,2380.00,995.51,0.00,4760.00
ORD00155193,OI000843023,ITEM0075,2,630.00,269.61,0.00,1260.00
ORD00155193,OI000843024,ITEM0078,1,1250.00,560.33,0.00,1250.00
ORD00155193,OI000843025,ITEM0113,3,510.00,198.15,0.00,1530.00
ORD00155193,OI000843026,ITEM0134,1,165.00,108.74,0.00,165.00
ORD00155193,OI000843027,ITEM0135,2,105.00,69.46,0.00,210.00
ORD00155194,OI000843028,ITEM0077,1,730.00,302.29,0.00,730.00
ORD00155194,OI000843029,ITEM0081,1,1510.00,1047.44,0.00,1510.00
ORD00155194,OI000843030,ITEM0113,1,510.00,198.15,0.00,510.00
ORD00155194,OI000843031,ITEM0129,1,600.00,188.49,0.00,600.00
ORD00155194,OI000843032,ITEM0132,2,410.00,163.26,0.00,820.00
ORD00155194,OI000843033,ITEM0147,4,480.00,154.20,0.00,1920.00
ORD00155194,OI000843034,ITEM0148,3,350.00,208.57,0.00,1050.00
ORD00155195,OI000843035,ITEM0048,2,1520.00,597.64,0.00,3040.00
ORD00155195,OI000843036,ITEM0070,1,1330.00,627.42,0.00,1330.00
ORD00155195,OI000843037,ITEM0075,1,630.00,269.61,0.00,630.00
ORD00155195,OI000843038,ITEM0081,1,1510.00,1047.44,0.00,1510.00
ORD00155195,OI000843039,ITEM0082,1,2000.00,707.81,0.00,2000.00
ORD00155195,OI000843040,ITEM0111,3,260.00,91.26,0.00,780.00
ORD00155195,OI000843041,ITEM0147,1,480.00,154.20,0.00,480.00
ORD00155195,OI000843042,ITEM0153,1,40.00,16.47,0.00,40.00
ORD00155195,OI000843043,ITEM0159,4,460.00,192.62,0.00,1840.00
ORD00155196,OI000843044,ITEM0044,1,1600.00,512.67,0.00,1600.00
ORD00155196,OI000843045,ITEM0118,1,720.00,333.71,0.00,720.00
ORD00155196,OI000843046,ITEM0134,1,165.00,108.74,0.00,165.00
ORD00155196,OI000843047,ITEM0151,1,70.00,45.19,0.00,70.00
ORD00155197,OI000843048,ITEM0014,2,490.00,180.01,0.00,980.00
ORD00155197,OI000843049,ITEM0054,1,1440.00,424.10,0.00,1440.00
ORD00155197,OI000843050,ITEM0068,1,680.00,470.19,0.00,680.00
ORD00155197,OI000843051,ITEM0071,1,770.00,267.43,0.00,770.00
ORD00155197,OI000843052,ITEM0081,2,1510.00,1047.44,0.00,3020.00
ORD00155197,OI000843053,ITEM0090,2,1910.00,682.77,0.00,3820.00
ORD00155197,OI000843054,ITEM0115,1,580.00,186.26,0.00,580.00
ORD00155197,OI000843055,ITEM0138,2,265.00,113.51,0.00,530.00
ORD00155197,OI000843056,ITEM0147,2,480.00,154.20,0.00,960.00
ORD00155197,OI000843057,ITEM0149,5,380.00,173.20,0.00,1900.00
ORD00155198,OI000843058,ITEM0006,3,830.00,296.28,0.00,2490.00
ORD00155198,OI000843059,ITEM0020,1,810.00,323.82,0.00,810.00
ORD00155198,OI000843060,ITEM0041,1,1310.00,515.58,0.00,1310.00
ORD00155198,OI000843061,ITEM0048,4,1520.00,597.64,0.00,6080.00
ORD00155198,OI000843062,ITEM0094,1,1550.00,716.43,0.00,1550.00
ORD00155198,OI000843063,ITEM0135,3,105.00,69.46,0.00,315.00
ORD00155198,OI000843064,ITEM0141,2,510.00,166.18,0.00,1020.00
ORD00155198,OI000843065,ITEM0148,3,350.00,208.57,0.00,1050.00
ORD00155198,OI000843066,ITEM0153,3,40.00,16.47,0.00,120.00
ORD00155198,OI000843067,ITEM0159,3,460.00,192.62,0.00,1380.00
ORD00155199,OI000843068,ITEM0027,1,420.00,144.90,0.00,420.00
ORD00155199,OI000843069,ITEM0055,1,750.00,235.61,0.00,750.00
ORD00155199,OI000843070,ITEM0068,1,680.00,470.19,0.00,680.00
ORD00155199,OI000843071,ITEM0113,1,510.00,198.15,0.00,510.00
ORD00155199,OI000843072,ITEM0137,1,310.00,112.52,93.00,217.00
ORD00155199,OI000843073,ITEM0141,1,510.00,166.18,153.00,357.00
ORD00155199,OI000843074,ITEM0157,1,800.00,322.21,240.00,560.00
ORD00155200,OI000843075,ITEM0070,1,1330.00,627.42,399.00,931.00
ORD00155200,OI000843076,ITEM0090,4,1910.00,682.77,0.00,7640.00
ORD00155200,OI000843077,ITEM0134,2,165.00,108.74,99.00,231.00
ORD00155200,OI000843078,ITEM0150,2,130.00,50.35,78.00,182.00
ORD00155201,OI000843079,ITEM0033,2,940.00,306.02,0.00,1880.00
ORD00155201,OI000843080,ITEM0058,1,1250.00,392.19,0.00,1250.00
ORD00155201,OI000843081,ITEM0132,1,410.00,163.26,0.00,410.00
ORD00155201,OI000843082,ITEM0148,2,320.00,208.57,0.00,640.00
ORD00155202,OI000843083,ITEM0001,2,270.00,95.57,0.00,540.00
ORD00155202,OI000843084,ITEM0073,1,850.00,331.31,0.00,850.00
ORD00155202,OI000843085,ITEM1970,2,190.00,131.48,0.00,380.00
ORD00155203,OI000843086,ITEM0002,2,215.00,75.87,0.00,430.00
ORD00155203,OI000843087,ITEM0014,1,490.00,180.01,0.00,490.00
ORD00155203,OI000843087,ITEM0014,1,490.00,180.01,0.00,490.00
ORD00155203,OI000843088,ITEM0020,1,810.00,323.82,0.00,810.00
ORD00155203,OI000843089,ITEM0027,1,420.00,144.90,0.00,420.00
ORD00155203,OI000843090,ITEM0033,1,0.00,306.02,0.00,940.00
ORD00155203,OI000843091,ITEM0043,1,5110.00,2066.57,0.00,5110.00
ORD00155203,OI000843092,ITEM0046,1,2820.00,1115.76,0.00,2820.00
ORD00155203,OI000843093,ITEM0133,2,180.00,78.35,0.00,360.00
ORD00155204,OI000843094,ITEM0054,2,1330.00,424.10,0.00,2660.00
ORD00155204,OI000843095,ITEM0061,1,980.00,363.74,0.00,980.00
ORD00155204,OI000843096,ITEM0065,2,1360.00,503.63,0.00,2720.00
ORD00155204,OI000843097,ITEM0136,1,480.00,175.82,144.00,336.00
ORD00155204,OI000843098,ITEM0148,1,320.00,208.57,96.00,224.00
ORD00155204,OI000843099,ITEM0149,2,380.00,173.20,228.00,532.00
ORD00155205,OI000843100,ITEM0055,2,750.00,235.61,0.00,1500.00
ORD00155205,OI000843101,ITEM0068,1,680.00,470.19,0.00,680.00
ORD00155205,OI000843102,ITEM0081,1,1510.00,1047.44,0.00,1510.00
ORD00155205,OI000843103,ITEM0087,1,3170.00,1492.61,0.00,3170.00
ORD00155205,OI000843104,ITEM0098,1,1220.00,521.65,0.00,1220.00
ORD00155205,OI000843105,ITEM0134,1,165.00,108.74,0.00,165.00
ORD00155205,OI000843106,ITEM0145,1,370.00,151.19,0.00,370.00
ORD00155205,OI000843107,ITEM0147,5,480.00,154.20,0.00,2400.00
ORD00155206,OI000843108,ITEM0048,2,1520.00,597.64,0.00,3040.00
ORD00155206,OI000843109,ITEM0061,1,1060.00,363.74,0.00,1060.00
ORD00155206,OI000843110,ITEM0073,1,850.00,331.31,0.00,850.00
ORD00155206,OI000843111,ITEM0095,1,1190.00,508.41,0.00,1190.00
ORD00155206,OI000843112,ITEM0135,2,105.00,69.46,0.00,210.00
ORD00155206,OI000843113,ITEM0148,3,350.00,208.57,0.00,1050.00
ORD00155207,OI000843114,ITEM0038,1,1200.00,510.66,0.00,1200.00
ORD00155207,OI000843115,ITEM0145,1,370.00,151.19,0.00,370.00
ORD00155208,OI000843116,ITEM0046,1,2820.00,1115.76,0.00,2820.00
ORD00155208,OI000843117,ITEM0074,2,1230.00,548.77,0.00,2460.00
ORD00155208,OI000843118,ITEM0081,2,1510.00,1047.44,0.00,3020.00
ORD00155208,OI000843119,ITEM0090,1,1910.00,682.77,0.00,1910.00
ORD00155209,OI000843120,ITEM0033,1,940.00,306.02,0.00,940.00
ORD00155209,OI000843121,ITEM0045,1,1530.00,595.53,0.00,1530.00
ORD00155209,OI000843122,ITEM0048,1,1520.00,597.64,0.00,1520.00
ORD00155209,OI000843123,ITEM0075,1,630.00,269.61,0.00,630.00
ORD00155209,OI000843124,ITEM0112,2,310.00,140.73,0.00,620.00
ORD00155209,OI000843125,ITEM0122,2,690.00,295.82,0.00,1380.00
ORD00155209,OI000843126,ITEM0155,-1,220.00,95.85,0.00,220.00
ORD00155210,OI000843127,ITEM0004,2,590.00,220.14,0.00,1180.00
ORD00155210,OI000843129,ITEM0042,1,5470.00,2596.95,1641.00,3829.00
ORD00155210,OI000843130,ITEM0110,1,1330.00,558.62,0.00,1330.00
ORD00155210,OI000843131,ITEM0136,1,480.00,175.82,144.00,336.00
ORD00155210,OI000843132,ITEM0141,3,510.00,166.18,459.00,1071.00
ORD00155210,OI000843133,ITEM0154,1,370.00,126.03,111.00,259.00
ORD00155210,OI000843134,ITEM0160,3,105.00,47.30,94.50,220.50
ORD00155211,OI000843135,ITEM0027,1,420.00,144.90,0.00,420.00
ORD00155211,OI000843136,ITEM0055,1,750.00,235.61,0.00,750.00
ORD00155211,OI000843137,ITEM0066,3,950.00,343.77,0.00,2850.00
ORD00155211,OI000843138,ITEM0109,1,1500.00,513.48,0.00,1500.00
ORD00155211,OI000843139,ITEM0147,2,480.00,154.20,0.00,960.00
ORD00155212,OI000843140,ITEM0044,1,1600.00,512.67,0.00,1600.00
ORD00155212,OI000843141,ITEM0057,1,690.00,468.22,0.00,690.00
ORD00155212,OI000843142,ITEM0124,1,190.00,131.48,0.00,190.00
ORD00155212,OI000843143,ITEM0135,2,105.00,69.46,0.00,210.00
ORD00155212,OI000843144,ITEM0151,1,70.00,45.19,0.00,70.00
ORD00155213,OI000843145,ITEM0035,1,1000.00,418.08,0.00,1000.00
ORD00155213,OI000843146,ITEM0062,2,670.00,350.53,0.00,1340.00
ORD00155213,OI000843147,ITEM0081,2,1510.00,1047.44,0.00,3020.00
ORD00155213,OI000843148,ITEM0092,1,1410.00,465.66,0.00,1410.00
ORD00155213,OI000843149,ITEM0109,1,1500.00,513.48,0.00,1500.00
ORD00155213,OI000843150,ITEM0125,1,320.00,124.33,0.00,320.00
ORD00155213,OI000843151,ITEM0133,3,180.00,78.35,0.00,540.00
ORD00155213,OI000843152,ITEM0156,2,130.00,48.41,0.00,260.00
ORD00155213,OI000843153,ITEM0157,2,800.00,322.21,0.00,1600.00
ORD00155213,OI000843154,ITEM0159,2,460.00,192.62,0.00,920.00
ORD00155214,OI000843155,ITEM0015,1,520.00,184.59,0.00,520.00
ORD00155214,OI000843156,ITEM0031,2,1190.00,364.08,0.00,2380.00
ORD00155214,OI000843157,ITEM0091,2,1920.00,724.96,0.00,3840.00
ORD00155214,OI000843158,ITEM0121,1,400.00,125.92,0.00,400.00
ORD00155214,OI000843159,ITEM0160,3,105.00,47.30,0.00,315.00
ORD00155215,OI000843160,ITEM0001,1,270.00,95.57,0.00,270.00
ORD00155215,OI000843161,ITEM0014,3,490.00,180.01,0.00,1470.00
ORD00155215,OI000843162,ITEM0053,3,1360.00,605.77,0.00,4080.00
ORD00155215,OI000843163,ITEM0057,1,690.00,468.22,0.00,690.00
ORD00155215,OI000843164,ITEM0112,3,310.00,140.73,0.00,930.00
ORD00155215,OI000843165,ITEM0121,5,370.00,125.92,0.00,1850.00
ORD00155215,OI000843166,ITEM0126,1,160.00,72.53,0.00,160.00
ORD00155215,OI000843167,ITEM0147,2,480.00,154.20,0.00,960.00
ORD00155216,OI000843168,,1,1530.00,595.53,0.00,1530.00
ORD00155216,OI000843169,ITEM0056,1,1440.00,468.22,0.00,1440.00
ORD00155216,OI000843170,ITEM0094,1,1550.00,716.43,0.00,1550.00
ORD00155216,OI000843171,ITEM0113,1,510.00,198.15,0.00,510.00
ORD00155216,OI000843172,ITEM0125,1,320.00,124.33,0.00,320.00
ORD00155216,OI000843173,ITEM0148,3,320.00,208.57,0.00,960.00
ORD00155217,OI000843174,ITEM0005,1,420.00,149.00,0.00,420.00
ORD00155217,OI000843175,ITEM0058,2,1250.00,392.19,0.00,2500.00
ORD00155217,OI000843176,ITEM0059,1,730.00,317.89,0.00,730.00
ORD00155217,OI000843177,ITEM0134,5,165.00,108.74,0.00,825.00
ORD00155218,OI000843178,ITEM0019,1,360.00,154.84,0.00,360.00
ORD00155218,OI000843179,ITEM0029,4,950.00,312.12,0.00,3800.00
ORD00155218,OI000843180,ITEM0039,4,980.00,450.35,0.00,3920.00
ORD00155218,OI000843181,ITEM0090,2,1910.00,682.77,0.00,3820.00
ORD00155218,OI000843182,ITEM0103,1,3090.00,1298.00,0.00,3090.00
ORD00155219,OI000843183,ITEM0027,1,420.00,144.90,0.00,420.00
ORD00155219,OI000843184,ITEM0045,1,1530.00,595.53,0.00,1530.00
ORD00155219,OI000843185,ITEM0048,3,1520.00,597.64,0.00,4560.00
ORD00155219,OI000843186,ITEM0058,2,1250.00,392.19,0.00,2500.00
ORD00155219,OI000843187,ITEM0091,1,1920.00,724.96,0.00,1920.00
ORD00155219,OI000843188,ITEM0151,3,65.00,45.19,0.00,195.00
ORD00155220,OI000843189,ITEM0057,2,690.00,468.22,0.00,1380.00
ORD00155220,OI000843190,ITEM0068,2,680.00,470.19,0.00,1360.00
ORD00155220,OI000843191,ITEM0134,1,165.00,108.74,0.00,165.00
ORD00155220,OI000843192,ITEM0137,2,310.00,112.52,0.00,620.00
ORD00155220,OI000843193,ITEM0151,1,65.00,45.19,0.00,65.00
ORD00155221,OI000843194,ITEM0034,1,1220.00,445.69,0.00,1220.00
ORD00155221,OI000843195,ITEM0046,1,2820.00,1115.76,0.00,2820.00
ORD00155221,OI000843196,ITEM0068,1,680.00,470.19,0.00,680.00
ORD00155221,OI000843197,ITEM0087,2,3170.00,1492.61,1902.00,4438.00
ORD00155221,OI000843198,ITEM0133,2,180.00,78.35,0.00,360.00
ORD00155221,OI000843199,ITEM0135,3,105.00,69.46,94.50,220.50
ORD00155221,OI000843200,ITEM0148,3,320.00,208.57,288.00,672.00
ORD00155221,OI000843201,ITEM0151,2,65.00,45.19,39.00,91.00
ORD00155222,OI000843202,ITEM0045,1,1530.00,595.53,0.00,1530.00
ORD00155222,OI000843203,ITEM0055,1,750.00,235.61,0.00,750.00
ORD00155222,OI000843204,ITEM0058,3,1250.00,392.19,0.00,3750.00
ORD00155222,OI000843205,ITEM0068,2,680.00,470.19,0.00,1360.00
ORD00155222,OI000843206,ITEM0076,1,750.00,294.74,0.00,750.00
ORD00155222,OI000843207,ITEM0081,1,1510.00,1047.44,0.00,1510.00
ORD00155222,OI000843208,ITEM0088,1,1710.00,651.22,0.00,1710.00
ORD00155222,OI000843209,,1,190.00,131.48,0.00,190.00
ORD00155222,OI000843210,ITEM0148,1,320.00,208.57,0.00,320.00
ORD00155222,OI000843211,ITEM0149,9,380.00,173.20,0.00,3420.00
ORD00155222,OI000843212,ITEM0151,4,65.00,45.19,0.00,260.00
ORD00155223,OI000843213,ITEM0077,1,680.00,302.29,0.00,680.00
ORD00155223,OI000843214,ITEM0081,2,1510.00,1047.44,0.00,3020.00
ORD00155224,OI000843215,ITEM0055,1,750.00,235.61,0.00,750.00
ORD00155224,OI000843216,ITEM0062,1,670.00,350.53,0.00,670.00
ORD00155224,OI000843217,ITEM0077,1,680.00,302.29,0.00,680.00
ORD00155224,OI000843218,ITEM0130,1,235.00,91.80,0.00,235.00
ORD00155224,OI000843219,ITEM0138,2,265.00,113.51,0.00,530.00
ORD00155224,OI000843220,ITEM0147,1,480.00,154.20,0.00,480.00
ORD00155225,OI000843221,ITEM0032,2,840.00,356.48,0.00,1680.00
ORD00155225,OI000843222,ITEM0041,1,1310.00,515.58,0.00,1310.00
ORD00155225,OI000843223,ITEM0051,1,730.00,266.66,0.00,730.00
ORD00155225,OI000843224,ITEM0054,1,1440.00,424.10,0.00,1440.00
ORD00155225,OI000843225,ITEM0066,2,950.00,343.77,0.00,1900.00
ORD00155225,OI000843226,ITEM0102,2,1520.00,625.27,0.00,3040.00
ORD00155225,OI000843227,ITEM0108,1,1800.00,648.55,0.00,1800.00
ORD00155225,OI000843228,ITEM0147,2,480.00,154.20,0.00,960.00
ORD00155226,OI000843229,ITEM0006,1,770.00,296.28,0.00,770.00
ORD00155226,OI000843230,ITEM0087,1,3170.00,1492.61,0.00,3170.00
ORD00155226,OI000843231,ITEM0126,1,160.00,72.53,0.00,160.00
ORD00155227,OI000843232,ITEM0134,3,165.00,108.74,0.00,495.00
ORD00155227,OI000843233,ITEM0147,1,480.00,154.20,0.00,480.00
ORD00155227,OI000843234,ITEM0148,2,320.00,208.57,0.00,640.00
ORD00155227,OI000843235,ITEM0151,1,65.00,45.19,0.00,65.00
ORD00155228,OI000843236,ITEM0070,1,1330.00,627.42,0.00,1330.00
ORD00155228,OI000843237,ITEM0135,1,105.00,69.46,0.00,105.00
ORD00155228,OI000843238,ITEM0152,4,100.00,40.74,0.00,400.00
ORD00155229,OI000843239,ITEM0070,1,1330.00,627.42,0.00,1330.00
ORD00155229,OI000843240,ITEM0139,1,410.00,69.54,0.00,410.00
ORD00155229,OI000843241,ITEM0145,1,370.00,151.19,0.00,370.00
ORD00155230,OI000843242,ITEM0041,1,1310.00,515.58,0.00,1310.00
ORD00155230,OI000843243,ITEM0045,1,1530.00,595.53,0.00,1530.00
ORD00155230,OI000843244,ITEM0047,2,1650.00,627.28,0.00,3300.00
ORD00155230,OI000843245,ITEM0061,1,980.00,363.74,0.00,980.00
ORD00155230,OI000843246,ITEM0087,1,3170.00,1492.61,951.00,2219.00
ORD00155230,OI000843247,ITEM0105,1,2660.00,878.39,0.00,2660.00
ORD00155230,OI000843248,ITEM0118,1,670.00,333.71,201.00,469.00
ORD00155230,OI000843249,ITEM0147,1,480.00,154.20,144.00,336.00
ORD00155231,OI000843250,ITEM0136,1,480.00,175.82,0.00,480.00
ORD00155231,OI000843251,ITEM0141,1,510.00,166.18,0.00,510.00
ORD00155232,OI000843252,ITEM0023,1,470.00,200.14,0.00,470.00
ORD00155232,OI000843253,ITEM0045,2,1530.00,595.53,0.00,3060.00
ORD00155232,OI000843254,ITEM0076,2,810.00,294.74,0.00,1620.00
ORD00155232,OI000843255,ITEM0114,1,270.00,86.95,0.00,270.00
ORD00155232,OI000843256,ITEM0141,2,510.00,166.18,0.00,1020.00
ORD00155232,OI000843257,ITEM0148,2,350.00,208.57,0.00,700.00
ORD00155232,OI000843258,ITEM0151,1,70.00,45.19,0.00,70.00
ORD00155233,OI000843259,ITEM0121,3,370.00,125.92,0.00,1110.00
ORD00155233,OI000843260,ITEM0137,4,310.00,112.52,0.00,1240.00
ORD00155233,OI000843261,ITEM0143,2,470.00,187.60,0.00,940.00
ORD00155233,OI000843262,ITEM0148,3,320.00,208.57,0.00,960.00
ORD00155233,OI000843263,ITEM0154,2,370.00,126.03,0.00,740.00
ORD00155234,OI000843264,ITEM0023,2,470.00,200.14,0.00,940.00
ORD00155234,OI000843265,ITEM0057,1,690.00,468.22,0.00,690.00
ORD00155234,OI000843266,ITEM0058,1,1250.00,392.19,0.00,1250.00
ORD00155234,OI000843267,ITEM0081,1,1510.00,1047.44,0.00,1510.00
ORD00155234,OI000843268,ITEM0148,1,350.00,208.57,0.00,350.00
ORD00155235,OI000843269,ITEM0057,1,690.00,468.22,0.00,690.00
ORD00155235,OI000843270,ITEM0059,2,790.00,317.89,0.00,1580.00
ORD00155235,OI000843271,ITEM0129,1,600.00,188.49,0.00,600.00
ORD00155235,OI000843272,ITEM0132,2,410.00,163.26,0.00,820.00
ORD00155235,OI000843273,ITEM0151,4,70.00,45.19,0.00,280.00
ORD00155236,OI000843274,ITEM0053,1,1470.00,605.77,0.00,1470.00
ORD00155236,OI000843275,ITEM0055,1,750.00,235.61,0.00,750.00
ORD00155236,OI000843276,ITEM0160,1,105.00,47.30,0.00,105.00
ORD00155237,OI000843277,ITEM0018,1,620.00,236.34,0.00,620.00
ORD00155237,OI000843277,ITEM0018,1,620.00,236.34,0.00,620.00
ORD00155237,OI000843278,ITEM0050,1,1770.00,776.26,0.00,1770.00
ORD00155237,OI000843279,ITEM0061,1,980.00,363.74,0.00,980.00
ORD00155237,OI000843280,ITEM0062,1,670.00,350.53,0.00,670.00
ORD00155237,OI000843281,ITEM0113,4,510.00,198.15,0.00,2040.00
ORD00155237,OI000843282,ITEM0132,1,410.00,163.26,0.00,410.00
ORD00155237,OI000843283,ITEM0143,3,470.00,187.60,0.00,1410.00
ORD00155237,OI000843284,ITEM0148,3,320.00,208.57,0.00,960.00
ORD00155237,OI000843285,ITEM0157,4,800.00,322.21,0.00,3200.00
ORD00155238,OI000843286,ITEM0054,2,1330.00,424.10,0.00,2660.00
ORD00155238,OI000843287,ITEM0055,1,750.00,235.61,0.00,750.00
ORD00155238,OI000843288,ITEM0113,1,510.00,198.15,0.00,510.00
ORD00155238,OI000843289,ITEM0129,2,600.00,188.49,0.00,1200.00
ORD00155238,OI000843290,ITEM0148,1,320.00,208.57,0.00,320.00
ORD00155238,OI000843291,ITEM0151,1,65.00,45.19,0.00,65.00
ORD00155239,OI000843292,ITEM0049,1,2660.00,1132.57,0.00,2660.00
ORD00155239,OI000843293,ITEM0057,1,690.00,468.22,0.00,690.00
ORD00155239,OI000843294,ITEM0083,2,1760.00,701.86,0.00,3520.00
ORD00155239,OI000843295,ITEM0113,2,510.00,198.15,0.00,1020.00
ORD00155239,OI000843296,ITEM0134,1,165.00,108.74,0.00,165.00
ORD00155239,OI000843297,ITEM0148,1,320.00,208.57,0.00,320.00
ORD00155240,OI000843298,ITEM0046,3,2820.00,1115.76,0.00,8460.00
ORD00155240,OI000843299,ITEM0061,1,980.00,363.74,0.00,980.00
ORD00155240,OI000843300,ITEM0134,2,165.00,108.74,0.00,330.00
ORD00155240,OI000843301,ITEM0135,7,105.00,69.46,0.00,735.00
ORD00155240,OI000843302,ITEM0160,1,105.00,47.30,0.00,105.00
ORD00155241,OI000843303,ITEM0042,2,5470.00,2596.95,3282.00,7658.00
ORD00155241,OI000843304,ITEM0055,1,750.00,235.61,0.00,750.00
ORD00155241,OI000843305,ITEM0148,1,350.00,208.57,105.00,245.00
ORD00155241,OI000843306,ITEM0157,1,800.00,322.21,240.00,560.00
ORD00155241,OI000843307,ITEM0159,2,460.00,192.62,276.00,644.00
ORD00155242,OI000843308,ITEM0041,1,1310.00,515.58,0.00,1310.00
ORD00155242,OI000843309,ITEM0068,1,680.00,470.19,0.00,680.00
ORD00155242,OI000843310,ITEM0082,2,2000.00,707.81,0.00,4000.00
ORD00155242,OI000843311,ITEM0134,3,165.00,108.74,0.00,495.00
ORD00155243,OI000843312,ITEM0001,1,270.00,95.57,0.00,270.00
ORD00155243,OI000843313,ITEM0055,1,750.00,235.61,0.00,750.00
ORD00155243,OI000843314,ITEM0126,1,160.00,72.53,0.00,160.00
ORD00155243,OI000843315,ITEM0135,1,105.00,69.46,0.00,105.00
ORD00155243,OI000843316,ITEM0143,3,470.00,187.60,0.00,1410.00
ORD00155243,OI000843317,ITEM0148,2,320.00,208.57,0.00,640.00
ORD00155243,OI000843318,ITEM0151,1,65.00,45.19,0.00,65.00
ORD00155244,OI000843319,ITEM0148,1,320.00,208.57,0.00,320.00
ORD00155244,OI000843320,ITEM0151,1,65.00,45.19,0.00,65.00
ORD00155245,OI000843321,ITEM0013,2,400.00,179.48,0.00,800.00
ORD00155245,OI000843322,ITEM0041,1,1310.00,515.58,0.00,1310.00
ORD00155245,OI000843323,ITEM0075,1,630.00,269.61,0.00,630.00
ORD00155246,OI000843324,ITEM0151,2,70.00,45.19,0.00,140.00
ORD00155246,OI000843325,ITEM0159,2,460.00,192.62,0.00,920.00
ORD00155247,OI000843326,ITEM0039,2,980.00,450.35,0.00,1960.00
ORD00155247,OI000843327,ITEM0071,1,770.00,267.43,0.00,770.00
ORD00155247,OI000843328,ITEM0094,1,1550.00,716.43,0.00,1550.00
ORD00155247,OI000843329,ITEM0112,4,310.00,140.73,0.00,1240.00
ORD00155247,OI000843330,ITEM0113,2,510.00,198.15,0.00,1020.00
ORD00155247,OI000843331,ITEM0135,1,105.00,69.46,0.00,105.00
ORD00155247,OI000843332,ITEM0156,3,130.00,48.41,0.00,390.00
ORD00155248,OI000843333,ITEM0020,1,810.00,323.82,0.00,810.00
ORD00155248,OI000843334,ITEM0027,1,420.00,144.90,0.00,420.00
ORD00155248,OI000843335,ITEM0068,2,680.00,470.19,0.00,1360.00
ORD00155248,OI000843336,ITEM0113,2,510.00,198.15,0.00,1020.00
ORD00155248,OI000843337,ITEM0130,2,235.00,91.80,0.00,470.00
ORD00155248,OI000843338,ITEM0152,3,100.00,40.74,0.00,300.00
ORD00155248,OI000843339,ITEM0156,1,130.00,48.41,0.00,130.00
ORD00155249,OI000843340,ITEM0030,2,265.00,110.76,0.00,530.00
ORD00155249,OI000843341,ITEM0070,1,1330.00,627.42,0.00,1330.00
ORD00155249,OI000843342,ITEM0118,1,670.00,333.71,0.00,670.00
ORD00155249,OI000843343,ITEM0148,1,320.00,208.57,0.00,320.00
ORD00155250,OI000843344,ITEM0033,2,940.00,306.02,0.00,1880.00
ORD00155250,OI000843345,ITEM0046,1,2820.00,1115.76,0.00,2820.00
ORD00155250,OI000843346,ITEM0051,1,730.00,266.66,0.00,730.00
ORD00155250,OI000843347,ITEM0058,1,1250.00,392.19,0.00,1250.00
ORD00155250,OI000843348,ITEM0076,1,810.00,294.74,0.00,810.00
ORD00155250,OI000843349,ITEM0090,2,1910.00,682.77,0.00,3820.00
ORD00155250,OI000843350,ITEM0129,3,600.00,188.49,0.00,1800.00
ORD00155251,OI000843351,ITEM0005,2,420.00,149.00,0.00,840.00
ORD00155251,OI000843352,ITEM0009,1,490.00,185.03,0.00,490.00
ORD00155251,OI000843353,ITEM0014,2,490.00,180.01,0.00,980.00
ORD00155251,OI000843354,ITEM0017,2,680.00,292.31,0.00,1360.00
ORD00155251,OI000843355,ITEM0033,1,940.00,306.02,0.00,940.00
ORD00155251,OI000843356,ITEM0041,1,1310.00,515.58,0.00,1310.00
ORD00155251,OI000843357,ITEM0048,1,1520.00,597.64,0.00,1520.00
ORD00155251,OI000843358,ITEM0105,1,2660.00,878.39,0.00,2660.00
ORD00155251,OI000843359,ITEM0160,3,105.00,47.30,0.00,315.00
ORD00155252,OI000843360,ITEM0070,3,1330.00,627.42,1197.00,2793.00
ORD00155252,OI000843361,ITEM0081,2,1510.00,1047.44,0.00,3020.00
ORD00155252,OI000843362,ITEM0134,3,165.00,108.74,148.50,346.50
ORD00155252,OI000843363,ITEM0148,4,320.00,208.57,384.00,896.00
ORD00155253,OI000843364,ITEM0150,2,130.00,50.35,0.00,260.00
ORD00155253,OI000843365,ITEM0156,1,130.00,48.41,0.00,130.00
ORD00155254,OI000843366,ITEM0051,1,730.00,266.66,0.00,730.00
ORD00155254,OI000843367,ITEM0081,1,1510.00,1047.44,0.00,1510.00
ORD00155254,OI000843368,ITEM0126,1,160.00,72.53,0.00,160.00
ORD00155254,OI000843369,ITEM0130,2,235.00,91.80,0.00,470.00
ORD00155254,OI000843370,ITEM0134,2,165.00,108.74,0.00,330.00
ORD00155254,OI000843371,ITEM0135,1,105.00,69.46,0.00,105.00
ORD00155255,OI000843372,ITEM0077,1,680.00,302.29,0.00,680.00
ORD00155255,OI000843373,ITEM0134,1,165.00,108.74,0.00,165.00
ORD00155255,OI000843374,ITEM0147,1,480.00,154.20,0.00,480.00
ORD00155256,OI000843375,ITEM0014,1,490.00,180.01,0.00,490.00
ORD00155256,OI000843376,ITEM0020,2,810.00,323.82,0.00,1620.00
ORD00155256,OI000843377,ITEM0023,1,470.00,200.14,0.00,470.00
ORD00155256,OI000843378,ITEM0059,1,730.00,317.89,0.00,730.00
ORD00155256,OI000843379,ITEM0081,1,1510.00,1047.44,0.00,1510.00
ORD00155256,OI000843380,ITEM0121,1,370.00,125.92,0.00,370.00
ORD00155256,OI000843380,ITEM0121,1,370.00,125.92,0.00,370.00
ORD00155256,OI000843381,ITEM0134,1,165.00,108.74,0.00,165.00
ORD00155256,OI000843382,ITEM0148,3,320.00,208.57,0.00,960.00
ORD00155257,OI000843383,,1,1510.00,1047.44,0.00,1510.00
ORD00155257,OI000843384,ITEM0105,1,2870.00,878.39,0.00,2870.00
ORD00155257,OI000843385,ITEM0109,1,1500.00,513.48,0.00,1500.00
ORD00155257,OI000843386,ITEM0148,3,350.00,208.57,0.00,1050.00
ORD00155257,OI000843387,ITEM0151,1,70.00,45.19,0.00,70.00
ORD00155257,OI000843388,ITEM0159,4,460.00,192.62,0.00,1840.00
ORD00155258,OI000843389,ITEM0148,2,320.00,208.57,0.00,640.00
ORD00155258,OI000843390,ITEM0151,2,65.00,45.19,0.00,130.00
ORD00155259,OI000843391,ITEM0045,1,1530.00,595.53,0.00,1530.00
ORD00155259,OI000843392,ITEM0046,2,2820.00,1115.76,0.00,5640.00
ORD00155259,OI000843393,ITEM0087,2,3170.00,1492.61,1902.00,4438.00
ORD00155259,OI000843394,ITEM0143,2,470.00,187.60,282.00,658.00
ORD00155259,OI000843395,ITEM0147,1,480.00,154.20,144.00,336.00
ORD00155260,OI000843396,ITEM0058,1,1250.00,392.19,0.00,1250.00
ORD00155260,OI000843397,ITEM0085,1,1630.00,650.03,0.00,1630.00
ORD00155260,OI000843398,ITEM0134,2,165.00,108.74,0.00,330.00
ORD00155261,OI000843399,ITEM0006,2,770.00,296.28,0.00,1540.00
ORD00155261,OI000843400,ITEM0045,1,-1530.00,595.53,0.00,1530.00
ORD00155261,OI000843401,ITEM0148,2,320.00,208.57,0.00,640.00
ORD00155262,OI000843402,ITEM0020,2,810.00,323.82,0.00,1620.00
ORD00155262,OI000843403,ITEM0033,1,940.00,306.02,0.00,940.00
ORD00155262,OI000843404,ITEM0045,3,1530.00,595.53,0.00,4590.00
ORD00155262,OI000843405,ITEM0148,3,320.00,208.57,0.00,960.00
ORD00155263,OI000843406,ITEM0033,3,940.00,306.02,0.00,2820.00
ORD00155263,OI000843407,ITEM0054,1,1330.00,424.10,0.00,1330.00
ORD00155263,OI000843408,ITEM0061,1,980.00,363.74,0.00,980.00
ORD00155263,OI000843408,ITEM0061,1,980.00,363.74,0.00,980.00
ORD00155263,OI000843409,ITEM0068,1,680.00,470.19,0.00,680.00
ORD00155263,OI000843410,ITEM0141,1,510.00,166.18,0.00,510.00
ORD00155263,OI000843411,ITEM0145,1,370.00,151.19,0.00,370.00
ORD00155263,OI000843412,ITEM0147,1,480.00,154.20,0.00,480.00
ORD00155263,OI000843413,ITEM0148,1,320.00,208.57,0.00,320.00
ORD00155264,OI000843414,ITEM0034,1,1220.00,445.69,0.00,1220.00
ORD00155264,OI000843415,ITEM0151,2,65.00,45.19,0.00,130.00
ORD00155264,OI000843416,ITEM0154,1,370.00,126.03,0.00,370.00
ORD00155265,OI000843417,ITEM0045,1,1530.00,595.53,0.00,1530.00
ORD00155265,OI000843418,,2,2820.00,1115.76,0.00,5640.00
ORD00155265,OI000843419,ITEM0135,1,105.00,69.46,0.00,105.00
ORD00155265,OI000843420,ITEM0151,1,70.00,45.19,0.00,70.00
ORD00155266,OI000843421,ITEM0005,1,420.00,149.00,0.00,420.00
ORD00155266,OI000843422,ITEM0035,1,1000.00,418.08,0.00,1000.00
ORD00155266,OI000843423,ITEM0070,1,1330.00,627.42,399.00,931.00
ORD00155266,OI000843424,ITEM0147,2,480.00,154.20,288.00,672.00
ORD00155266,OI000843425,ITEM0151,2,65.00,45.19,39.00,91.00
ORD00155266,OI000843426,ITEM0155,3,220.00,95.85,198.00,462.00
ORD00155267,OI000843427,ITEM0002,1,215.00,75.87,0.00,215.00
ORD00155267,OI000843428,ITEM0031,1,1100.00,364.08,0.00,1100.00
ORD00155267,OI000843429,ITEM0045,1,1530.00,595.53,0.00,1530.00
ORD00155267,OI000843430,ITEM0151,1,65.00,45.19,0.00,65.00
ORD00155267,OI000843430,ITEM0151,1,65.00,45.19,0.00,65.00
ORD00155267,OI000843431,ITEM0152,3,100.00,40.74,0.00,300.00
ORD00155268,OI000843432,ITEM0002,1,215.00,75.87,0.00,215.00
ORD00155268,OI000843433,ITEM0026,2,570.00,245.78,0.00,1140.00
ORD00155268,OI000843434,ITEM0045,1,1530.00,595.53,0.00,1530.00
ORD00155268,OI000843435,ITEM0051,1,730.00,266.66,0.00,730.00
ORD00155268,OI000843436,ITEM0059,3,790.00,317.89,0.00,2370.00
ORD00155268,OI000843437,ITEM0068,1,680.00,470.19,0.00,680.00
ORD00155269,OI000843438,ITEM0020,1,810.00,323.82,0.00,810.00
ORD00155269,OI000843439,ITEM0032,1,780.00,356.48,0.00,780.00
ORD00155269,OI000843440,ITEM0033,1,940.00,306.02,0.00,940.00
ORD00155269,OI000843441,ITEM0050,1,1770.00,776.26,0.00,1770.00
ORD00155269,OI000843442,ITEM0098,2,1220.00,521.65,0.00,2440.00
ORD00155269,OI000843443,ITEM0121,1,370.00,125.92,0.00,370.00
ORD00155269,OI000843444,ITEM0148,1,320.00,208.57,96.00,224.00
ORD00155269,OI000843445,ITEM0151,2,65.00,45.19,39.00,91.00
ORD00155270,OI000843446,ITEM0003,1,380.00,142.17,0.00,380.00
ORD00155270,OI000843447,ITEM0013,1,400.00,179.48,0.00,400.00
ORD00155270,OI000843448,ITEM0050,1,1910.00,776.26,0.00,1910.00
ORD00155270,OI000843449,ITEM0138,1,265.00,113.51,0.00,265.00
ORD00155271,OI000843450,ITEM0037,3,2380.00,995.51,0.00,7140.00
ORD00155271,OI000843451,ITEM0046,2,2820.00,1115.76,0.00,5640.00
ORD00155271,OI000843452,ITEM0050,2,1770.00,776.26,0.00,3540.00
ORD00155271,OI000843453,ITEM0123,1,310.00,138.90,0.00,310.00
ORD00155271,OI000843454,ITEM0148,2,320.00,208.57,0.00,640.00
ORD00155272,OI000843455,ITEM0023,-1,470.00,200.14,0.00,470.00
ORD00155272,OI000843456,ITEM0099,1,1300.00,471.54,0.00,1300.00
ORD00155272,OI000843457,ITEM0102,1,1410.00,625.27,0.00,1410.00
ORD00155272,OI000843458,ITEM0147,1,480.00,154.20,0.00,480.00
ORD00155272,OI000843459,ITEM0154,2,370.00,126.03,0.00,740.00
ORD00155273,OI000843460,ITEM0040,1,750.00,267.75,0.00,750.00
ORD00155273,OI000843461,ITEM0045,2,1530.00,595.53,0.00,3060.00
ORD00155273,OI000843462,ITEM0068,2,680.00,470.19,0.00,1360.00
ORD00155273,OI000843463,ITEM0127,2,500.00,76.86,0.00,1000.00
ORD00155273,OI000843464,ITEM0151,7,65.00,45.19,0.00,455.00
ORD00155274,OI000843465,ITEM0035,1,1000.00,418.08,0.00,1000.00
ORD00155274,OI000843466,ITEM0121,1,370.00,125.92,0.00,370.00
ORD00155274,OI000843467,ITEM0148,1,320.00,208.57,0.00,320.00
ORD00155275,OI000843468,ITEM0029,1,950.00,312.12,0.00,950.00
ORD00155275,OI000843469,ITEM0042,2,5470.00,2596.95,3282.00,7658.00
ORD00155275,OI000843469,ITEM0042,2,5470.00,2596.95,3282.00,7658.00
ORD00155275,OI000843470,ITEM0151,2,65.00,45.19,39.00,91.00
ORD00155276,OI000843471,ITEM0055,1,750.00,235.61,0.00,750.00
ORD00155276,OI000843472,ITEM0099,3,1300.00,471.54,0.00,3900.00
ORD00155276,OI000843473,ITEM0125,1,320.00,124.33,0.00,320.00
ORD00155276,OI000843474,ITEM0134,1,165.00,108.74,49.50,115.50
ORD00155276,OI000843475,ITEM0135,2,105.00,69.46,63.00,147.00
ORD00155276,OI000843476,ITEM0149,3,380.00,173.20,342.00,798.00
ORD00155276,OI000843477,ITEM0151,1,70.00,45.19,21.00,49.00
ORD00155276,OI000843478,ITEM0157,2,800.00,322.21,480.00,1120.00
ORD00155277,OI000843479,ITEM0091,1,1920.00,724.96,0.00,1920.00
ORD00155277,OI000843480,ITEM0135,2,105.00,69.46,0.00,210.00
ORD00155278,OI000843481,ITEM0004,1,590.00,220.14,0.00,590.00
ORD00155278,OI000843482,ITEM0045,1,1530.00,595.53,0.00,1530.00
ORD00155278,OI000843483,ITEM0090,1,1910.00,682.77,0.00,1910.00
ORD00155278,OI000843484,ITEM0141,3,510.00,166.18,0.00,1530.00
ORD00155278,OI000843485,ITEM0147,1,480.00,154.20,0.00,480.00
ORD00155278,OI000843486,ITEM0154,2,370.00,126.03,0.00,740.00
ORD00155279,OI000843487,ITEM0010,2,1390.00,568.66,0.00,2780.00
ORD00155279,OI000843488,ITEM0121,1,370.00,125.92,0.00,370.00
ORD00155279,OI000843489,ITEM0124,1,190.00,131.48,0.00,190.00
ORD00155280,OI000843490,ITEM0025,1,820.00,334.06,0.00,820.00
ORD00155280,OI000843491,ITEM0085,1,1630.00,650.03,0.00,1630.00
ORD00155280,OI000843492,ITEM0091,1,1920.00,724.96,0.00,1920.00
ORD00155280,OI000843493,ITEM0094,1,1550.00,716.43,0.00,1550.00
ORD00155280,OI000843494,ITEM0134,2,165.00,108.74,99.00,231.00
ORD00155280,OI000843495,ITEM0155,1,220.00,95.85,66.00,154.00
ORD00155280,OI000843496,ITEM0157,4,800.00,322.21,960.00,2240.00
ORD00155281,OI000843497,ITEM0001,2,270.00,95.57,0.00,540.00
ORD00155281,OI000843498,ITEM0018,1,620.00,236.34,0.00,620.00
ORD00155281,OI000843499,ITEM0020,1,810.00,323.82,0.00,810.00
ORD00155281,OI000843500,ITEM0021,1,450.00,184.70,0.00,450.00
ORD00155281,OI000843501,ITEM0077,1,680.00,302.29,0.00,680.00
ORD00155281,OI000843502,ITEM0113,2,510.00,198.15,0.00,1020.00
ORD00155281,OI000843503,ITEM0135,2,105.00,69.46,0.00,210.00
ORD00155281,OI000843504,ITEM0148,2,320.00,208.57,0.00,640.00
ORD00155281,OI000843505,ITEM0160,3,105.00,47.30,0.00,315.00
ORD00155282,OI000843506,ITEM0068,1,680.00,470.19,0.00,680.00
ORD00155282,OI000843507,ITEM0074,1,1230.00,548.77,0.00,1230.00
ORD00155282,OI000843508,ITEM0134,2,165.00,108.74,99.00,231.00
ORD00155282,OI000843509,ITEM0148,5,320.00,208.57,480.00,1120.00
ORD00155283,OI000843510,ITEM0020,1,810.00,323.82,0.00,810.00
ORD00155283,OI000843511,ITEM0054,-1,1330.00,424.10,0.00,1330.00
ORD00155283,OI000843512,ITEM0102,2,1410.00,625.27,0.00,2820.00
ORD00155283,OI000843512,ITEM0102,2,1410.00,625.27,0.00,2820.00
ORD00155283,OI000843513,ITEM0134,3,165.00,108.74,0.00,495.00
ORD00155283,OI000843514,ITEM0157,1,800.00,322.21,0.00,800.00
ORD00155284,OI000843515,ITEM0042,3,5470.00,2596.95,4923.00,11487.00
ORD00155284,OI000843516,ITEM0117,1,930.00,145.29,0.00,930.00
ORD00155284,OI000843517,ITEM0132,1,410.00,163.26,0.00,410.00
ORD00155284,OI000843518,ITEM0141,3,510.00,166.18,459.00,1071.00
ORD00155284,OI000843519,ITEM0143,4,470.00,187.60,564.00,1316.00
ORD00155284,OI000843520,ITEM0147,1,480.00,154.20,144.00,336.00
ORD00155285,OI000843521,ITEM0039,1,980.00,450.35,0.00,980.00
ORD00155285,OI000843522,ITEM0041,2,1310.00,515.58,0.00,2620.00
ORD00155285,OI000843523,ITEM0046,2,2820.00,1115.76,0.00,5640.00
ORD00155285,OI000843524,ITEM0048,1,1520.00,597.64,0.00,1520.00
ORD00155285,OI000843525,ITEM0068,5,680.00,470.19,0.00,3400.00
ORD00155285,OI000843526,ITEM0084,3,1240.00,425.59,0.00,3720.00
ORD00155285,OI000843527,ITEM0087,1,3170.00,1492.61,0.00,3170.00
ORD00155285,OI000843528,ITEM0119,1,470.00,169.51,0.00,470.00
ORD00155286,OI000843529,ITEM0038,3,1200.00,510.66,0.00,3600.00
ORD00155286,OI000843530,ITEM0046,1,2820.00,1115.76,0.00,2820.00
ORD00155286,OI000843531,ITEM0054,1,1440.00,424.10,0.00,1440.00
ORD00155286,OI000843532,ITEM0084,1,1240.00,425.59,0.00,1240.00
ORD00155286,OI000843533,ITEM0145,1,370.00,151.19,0.00,370.00
ORD00155287,OI000843534,ITEM0031,1,1100.00,364.08,0.00,1100.00
ORD00155287,OI000843535,ITEM0054,1,1330.00,424.10,0.00,1330.00
ORD00155287,OI000843536,ITEM0062,2,670.00,350.53,0.00,1340.00
ORD00155287,OI000843537,ITEM0081,1,1510.00,1047.44,0.00,1510.00
ORD00155287,OI000843538,ITEM0124,1,190.00,131.48,0.00,190.00
ORD00155287,OI000843539,ITEM0132,1,410.00,163.26,0.00,410.00
ORD00155287,OI000843540,ITEM0147,2,480.00,154.20,0.00,960.00
ORD00155288,OI000843541,ITEM0019,1,390.00,154.84,0.00,390.00
ORD00155288,OI000843542,ITEM0092,1,1410.00,465.66,0.00,1410.00
ORD00155288,OI000843543,ITEM0133,1,180.00,78.35,0.00,180.00
ORD00155288,OI000843544,ITEM0143,4,470.00,187.60,0.00,1880.00
ORD00155288,OI000843545,ITEM0159,2,460.00,192.62,0.00,920.00
ORD00155289,OI000843546,ITEM0046,1,2820.00,1115.76,0.00,2820.00
ORD00155289,OI000843547,ITEM0068,1,680.00,470.19,0.00,680.00
ORD00155289,OI000843548,ITEM0134,5,165.00,108.74,0.00,825.00
ORD00155289,OI000843549,ITEM0136,1,480.00,175.82,0.00,480.00
ORD00155289,OI000843550,ITEM0151,4,65.00,45.19,0.00,260.00
ORD00155290,OI000843551,ITEM0004,1,590.00,220.14,0.00,590.00
ORD00155290,OI000843552,ITEM0033,1,940.00,306.02,0.00,940.00
ORD00155290,OI000843553,ITEM0042,2,5470.00,2596.95,3282.00,7658.00
ORD00155290,OI000843554,ITEM0068,1,680.00,470.19,0.00,680.00
ORD00155290,OI000843555,ITEM0076,2,750.00,294.74,0.00,1500.00
ORD00155290,OI000843556,ITEM0091,2,1920.00,724.96,0.00,3840.00
ORD00155290,OI000843557,ITEM0135,1,105.00,69.46,31.50,73.50
ORD00155290,OI000843558,ITEM0148,2,320.00,208.57,192.00,448.00
ORD00155290,OI000843559,ITEM0154,4,370.00,126.03,444.00,1036.00
ORD00155291,OI000843560,ITEM0076,1,750.00,294.74,0.00,750.00
ORD00155291,OI000843561,ITEM0077,1,680.00,302.29,0.00,680.00
ORD00155291,OI000843562,ITEM0102,1,1410.00,625.27,0.00,1410.00
ORD00155291,OI000843563,ITEM0109,2,1500.00,513.48,0.00,3000.00
ORD00155291,OI000843564,ITEM0116,1,800.00,142.86,0.00,800.00
ORD00155291,OI000843565,ITEM0140,1,460.00,67.98,0.00,460.00
ORD00155292,OI000843566,ITEM0023,2,470.00,200.14,0.00,940.00
ORD00155292,OI000843567,ITEM0045,3,1530.00,595.53,0.00,4590.00
ORD00155293,OI000843568,ITEM0014,1,490.00,180.01,0.00,490.00
ORD00155293,OI000843569,ITEM0067,1,320.00,108.16,0.00,320.00
ORD00155293,OI000843570,ITEM0098,2,1220.00,521.65,0.00,2440.00
ORD00155293,OI000843571,ITEM0129,2,600.00,188.49,0.00,1200.00
ORD00155293,OI000843572,ITEM0134,2,165.00,108.74,0.00,330.00
ORD00155294,OI000843573,ITEM0033,1,940.00,306.02,0.00,940.00
ORD00155294,OI000843574,ITEM0039,1,980.00,450.35,0.00,980.00
ORD00155294,OI000843575,ITEM0055,1,750.00,235.61,0.00,750.00
ORD00155294,OI000843576,ITEM0126,2,160.00,72.53,0.00,320.00
ORD00155295,OI000843577,ITEM0057,1,690.00,468.22,0.00,690.00
ORD00155295,OI000843578,ITEM0061,1,980.00,363.74,0.00,980.00
ORD00155295,OI000843579,ITEM0098,1,1220.00,521.65,0.00,1220.00
ORD00155295,OI000843580,ITEM0113,1,510.00,198.15,0.00,510.00
ORD00155295,OI000843581,ITEM0138,1,265.00,113.51,0.00,265.00
ORD00155295,OI000843582,ITEM0151,2,65.00,45.19,0.00,130.00
ORD00155296,OI000843583,ITEM0041,1,1310.00,515.58,0.00,1310.00
ORD00155296,OI000843584,ITEM0045,1,1530.00,595.53,0.00,1530.00
ORD00155296,OI000843585,ITEM0050,1,1770.00,776.26,0.00,1770.00
ORD00155296,OI000843586,ITEM0113,1,510.00,198.15,0.00,510.00
ORD00155296,OI000843587,ITEM0143,1,470.00,187.60,141.00,329.00
ORD00155296,OI000843588,ITEM0150,4,130.00,50.35,156.00,364.00
ORD00155296,OI000843589,ITEM0151,2,65.00,45.19,39.00,91.00
ORD00155297,OI000843590,ITEM0046,1,2820.00,1115.76,0.00,2820.00
ORD00155297,OI000843591,ITEM0113,2,510.00,198.15,0.00,1020.00
ORD00155297,OI000843592,ITEM0134,1,165.00,108.74,0.00,165.00
ORD00155298,OI000843593,ITEM0011,3,1020.00,340.59,0.00,3060.00
ORD00155298,OI000843594,ITEM0040,1,750.00,267.75,0.00,750.00
ORD00155298,OI000843595,ITEM0054,1,1440.00,424.10,0.00,1440.00
ORD00155298,OI000843596,ITEM0066,1,950.00,343.77,0.00,950.00
ORD00155299,OI000843597,ITEM0003,1,380.00,142.17,0.00,380.00
ORD00155299,OI000843598,ITEM0033,1,940.00,306.02,0.00,940.00
ORD00155299,OI000843599,ITEM0147,1,480.00,154.20,0.00,480.00
ORD00155299,OI000843600,ITEM0148,2,320.00,208.57,0.00,640.00
ORD00155299,OI000843601,ITEM0157,6,800.00,322.21,0.00,4800.00
ORD00155300,OI000843602,ITEM0037,1,2380.00,995.51,0.00,2380.00
ORD00155300,OI000843603,ITEM0054,1,1330.00,424.10,0.00,1330.00
ORD00155300,OI000843604,ITEM0068,2,680.00,470.19,0.00,1360.00
ORD00155300,OI000843605,ITEM0073,1,850.00,331.31,0.00,850.00
ORD00155300,OI000843606,ITEM0130,2,235.00,91.80,0.00,470.00
ORD00155300,OI000843607,ITEM0133,1,180.00,78.35,0.00,180.00
ORD00155300,OI000843608,ITEM0135,4,105.00,69.46,0.00,420.00
ORD00155301,OI000843609,ITEM0055,1,750.00,235.61,0.00,750.00
ORD00155301,OI000843610,ITEM0057,1,690.00,468.22,0.00,690.00
ORD00155301,OI000843611,ITEM0086,1,1380.00,560.08,0.00,1380.00
ORD00155301,OI000843612,ITEM0097,2,1080.00,539.54,0.00,2160.00
ORD00155301,OI000843613,ITEM0105,1,2660.00,878.39,0.00,2660.00
ORD00155301,OI000843614,ITEM0148,2,320.00,208.57,0.00,640.00
ORD00155302,OI000843615,ITEM0031,1,1100.00,364.08,0.00,1100.00
ORD00155302,OI000843616,ITEM0068,2,680.00,470.19,0.00,1360.00
ORD00155302,OI000843617,ITEM0117,1,930.00,145.29,0.00,930.00
ORD00155303,OI000843618,ITEM0018,1,620.00,236.34,0.00,620.00
ORD00155303,OI000843619,ITEM0045,2,1530.00,595.53,0.00,3060.00
ORD00155303,OI000843620,ITEM0061,5,1060.00,363.74,0.00,5300.00
ORD00155303,OI000843621,ITEM0113,1,510.00,198.15,0.00,510.00
ORD00155303,OI000843622,ITEM0137,1,310.00,112.52,0.00,310.00
ORD00155303,OI000843623,ITEM0143,4,470.00,187.60,0.00,1880.00
ORD00155304,OI000843624,ITEM0029,1,950.00,312.12,0.00,950.00
ORD00155304,OI000843625,ITEM0031,1,1100.00,364.08,0.00,1100.00
ORD00155304,OI000843626,ITEM0038,1,1200.00,510.66,0.00,1200.00
ORD00155304,OI000843627,ITEM0057,2,690.00,468.22,0.00,1380.00
ORD00155304,OI000843628,ITEM0151,4,65.00,45.19,0.00,260.00
ORD00155305,OI000843629,ITEM0033,1,940.00,306.02,0.00,940.00
ORD00155305,OI000843630,ITEM0045,1,1530.00,595.53,0.00,1530.00
ORD00155305,OI000843631,ITEM0048,1,1520.00,597.64,0.00,1520.00
ORD00155305,OI000843632,ITEM0068,1,680.00,470.19,0.00,680.00
ORD00155305,OI000843633,ITEM0075,1,630.00,269.61,0.00,630.00
ORD00155305,OI000843634,ITEM0081,1,1510.00,1047.44,0.00,1510.00
ORD00155305,OI000843635,ITEM0127,1,500.00,76.86,0.00,500.00
ORD00155306,OI000843636,ITEM0041,1,1310.00,515.58,0.00,1310.00
ORD00155306,OI000843637,ITEM0050,2,1770.00,776.26,0.00,3540.00
ORD00155306,OI000843638,ITEM0074,1,1230.00,548.77,0.00,1230.00
ORD00155306,OI000843639,ITEM0147,1,480.00,154.20,0.00,480.00
ORD00155307,OI000843640,ITEM0006,1,770.00,296.28,0.00,770.00
ORD00155307,OI000843641,ITEM0032,3,780.00,356.48,0.00,2340.00
ORD00155307,OI000843642,ITEM0090,1,1910.00,682.77,0.00,1910.00
ORD00155307,OI000843643,ITEM0124,2,190.00,131.48,0.00,380.00
ORD00155307,OI000843644,ITEM0148,1,320.00,208.57,0.00,320.00
ORD00155308,OI000843645,ITEM0066,3,950.00,343.77,0.00,2850.00
ORD00155308,OI000843646,ITEM0113,1,510.00,198.15,0.00,510.00
ORD00155308,OI000843647,ITEM0118,2,670.00,333.71,402.00,938.00
ORD00155308,OI000843648,ITEM0124,2,190.00,131.48,0.00,380.00
ORD00155308,OI000843649,ITEM0133,1,180.00,78.35,0.00,180.00
ORD00155308,OI000843650,ITEM0143,1,470.00,187.60,141.00,329.00
ORD00155309,OI000843651,ITEM0057,1,690.00,468.22,0.00,690.00
ORD00155309,OI000843652,ITEM0068,2,680.00,470.19,0.00,1360.00
ORD00155309,OI000843653,ITEM0082,1,2000.00,707.81,0.00,2000.00
ORD00155309,OI000843654,ITEM0105,1,2660.00,878.39,0.00,2660.00
ORD00155309,OI000843655,ITEM0113,3,510.00,198.15,0.00,1530.00
ORD00155309,OI000843656,ITEM0135,1,105.00,69.46,0.00,105.00
ORD00155310,OI000843657,ITEM0001,2,270.00,95.57,0.00,540.00
ORD00155310,OI000843658,ITEM0011,2,940.00,340.59,0.00,1880.00
ORD00155310,OI000843659,ITEM0018,1,620.00,236.34,0.00,620.00
ORD00155310,OI000843660,ITEM0084,1,1240.00,425.59,0.00,1240.00
ORD00155310,OI000843660,ITEM0084,1,1240.00,425.59,0.00,1240.00
ORD00155310,OI000843661,ITEM0089,2,2070.00,892.05,0.00,4140.00
ORD00155310,OI000843662,ITEM0129,1,600.00,188.49,0.00,600.00
ORD00155310,OI000843663,ITEM0153,3,40.00,16.47,0.00,120.00
ORD00155311,OI000843664,ITEM0055,1,750.00,235.61,0.00,750.00
ORD00155311,OI000843665,ITEM0134,3,165.00,108.74,148.50,346.50
ORD00155311,OI000843666,ITEM0135,2,105.00,69.46,63.00,147.00
ORD00155311,OI000843667,ITEM0148,4,320.00,208.57,384.00,896.00
ORD00155311,OI000843668,ITEM0151,2,65.00,45.19,39.00,91.00
ORD00155311,OI000843669,ITEM0157,1,800.00,322.21,240.00,560.00
ORD00155312,OI000843670,ITEM0005,1,420.00,149.00,0.00,420.00
ORD00155312,OI000843671,ITEM0012,1,900.00,402.60,0.00,900.00
ORD00155312,OI000843672,ITEM0023,1,470.00,200.14,0.00,470.00
ORD00155312,OI000843673,ITEM0048,1,1520.00,597.64,0.00,1520.00
ORD00155312,OI000843674,ITEM0068,4,680.00,470.19,0.00,2720.00
ORD00155312,OI000843675,ITEM0083,1,1760.00,701.86,0.00,1760.00
ORD00155312,OI000843675,ITEM0083,1,1760.00,701.86,0.00,1760.00
ORD00155312,OI000843676,ITEM0151,2,65.00,45.19,0.00,130.00
ORD00155313,OI000843677,ITEM0005,1,420.00,149.00,0.00,420.00
ORD00155313,OI000843678,ITEM0051,1,680.00,266.66,0.00,680.00
ORD00155313,OI000843679,ITEM0068,1,680.00,470.19,0.00,680.00
ORD00155313,OI000843680,ITEM0107,1,1430.00,473.19,0.00,1430.00
ORD00155313,OI000843681,ITEM0119,1,470.00,169.51,0.00,470.00
ORD00155313,OI000843682,ITEM0132,2,410.00,163.26,0.00,820.00
ORD00155313,OI000843683,ITEM0134,1,165.00,108.74,0.00,165.00
ORD00155313,OI000843684,ITEM0138,6,265.00,113.51,0.00,1590.00
ORD00155314,OI000843685,ITEM0004,2,590.00,220.14,0.00,1180.00
ORD00155314,OI000843685,ITEM0004,2,590.00,220.14,0.00,1180.00
ORD00155314,OI000843686,ITEM0014,1,490.00,180.01,0.00,490.00
ORD00155314,OI000843687,ITEM0018,1,620.00,236.34,0.00,620.00
ORD00155314,OI000843688,ITEM0057,1,690.00,468.22,0.00,690.00
ORD00155314,OI000843689,ITEM0061,2,1060.00,363.74,0.00,2120.00
ORD00155314,OI000843690,ITEM0138,1,265.00,113.51,0.00,265.00
ORD00155315,OI000843691,ITEM0021,1,450.00,184.70,0.00,450.00
ORD00155315,OI000843692,ITEM0041,1,1310.00,515.58,0.00,1310.00
ORD00155315,OI000843693,ITEM0046,4,2820.00,1115.76,0.00,11280.00
ORD00155315,OI000843694,ITEM0054,2,1440.00,424.10,0.00,2880.00
ORD00155315,OI000843695,ITEM0066,1,950.00,343.77,0.00,950.00
ORD00155315,OI000843696,ITEM0081,1,1510.00,1047.44,0.00,1510.00
ORD00155315,OI000843697,ITEM0117,1,930.00,145.29,0.00,930.00
ORD00155315,OI000843698,ITEM0119,2,470.00,169.51,0.00,940.00
ORD00155315,OI000843699,ITEM0159,1,460.00,192.62,0.00,460.00
ORD00155316,OI000843700,ITEM0023,1,470.00,200.14,0.00,470.00
ORD00155316,OI000843701,ITEM0134,2,165.00,108.74,0.00,330.00
ORD00155317,OI000843702,ITEM0051,2,730.00,266.66,0.00,1460.00
ORD00155318,OI000843703,ITEM0032,2,780.00,356.48,0.00,1560.00
ORD00155318,OI000843704,ITEM0057,1,690.00,468.22,0.00,690.00
ORD00155319,OI000843705,ITEM0036,3,840.00,338.10,0.00,2520.00
ORD00155319,OI000843706,ITEM0091,1,1920.00,724.96,0.00,1920.00
ORD00155319,OI000843707,ITEM0134,1,165.00,108.74,0.00,165.00
ORD00155319,OI000843708,ITEM0147,3,480.00,154.20,0.00,1440.00
ORD00155320,OI000843709,ITEM0045,1,1530.00,595.53,0.00,1530.00
ORD00155320,OI000843710,ITEM0155,2,220.00,95.85,0.00,440.00
ORD00155321,OI000843711,ITEM0046,1,2820.00,1115.76,0.00,2820.00
ORD00155321,OI000843712,ITEM0051,1,680.00,266.66,0.00,680.00
ORD00155321,OI000843713,ITEM0066,1,950.00,343.77,0.00,950.00
ORD00155321,OI000843714,ITEM0147,2,480.00,154.20,0.00,960.00
ORD00155321,OI000843715,ITEM0148,3,320.00,208.57,0.00,960.00
ORD00155321,OI000843716,ITEM0151,2,65.00,45.19,0.00,130.00
ORD00155321,OI000843717,ITEM0157,3,800.00,322.21,0.00,2400.00
ORD00155322,OI000843718,ITEM0042,-1,5470.00,2596.95,1641.00,3829.00
ORD00155322,OI000843719,ITEM0054,2,1330.00,424.10,0.00,2660.00
ORD00155322,OI000843720,ITEM0118,1,670.00,333.71,201.00,469.00
ORD00155322,OI000843721,ITEM0132,3,410.00,163.26,0.00,1230.00
ORD00155322,OI000843722,ITEM0143,3,470.00,187.60,423.00,987.00
ORD00155322,OI000843723,ITEM0147,2,480.00,154.20,288.00,672.00
ORD00155322,OI000843724,ITEM0151,1,65.00,45.19,19.50,45.50
ORD00155323,OI000843725,ITEM0010,2,1390.00,568.66,0.00,2780.00
ORD00155323,OI000843726,ITEM0023,1,470.00,200.14,0.00,470.00
ORD00155323,OI000843727,ITEM0092,1,1410.00,465.66,0.00,1410.00
ORD00155323,OI000843728,ITEM0134,1,165.00,108.74,49.50,115.50
ORD00155323,OI000843729,ITEM0151,1,65.00,45.19,19.50,45.50
ORD00155324,OI000843730,ITEM0036,1,840.00,338.10,0.00,840.00
ORD00155324,OI000843731,ITEM0071,1,770.00,267.43,0.00,770.00
ORD00155324,OI000843732,ITEM0083,1,1760.00,701.86,0.00,1760.00
ORD00155324,OI000843733,ITEM0091,4,1920.00,724.96,0.00,7680.00
ORD00155324,OI000843734,ITEM0147,1,480.00,154.20,0.00,480.00
ORD00155324,OI000843735,ITEM0148,3,350.00,208.57,0.00,1050.00
ORD00155325,OI000843736,ITEM0042,1,5470.00,2596.95,1641.00,3829.00
ORD00155325,OI000843737,ITEM0046,1,2820.00,1115.76,0.00,2820.00
ORD00155325,OI000843738,ITEM0070,3,1330.00,627.42,1197.00,2793.00
ORD00155325,OI000843739,ITEM0083,1,1760.00,701.86,0.00,1760.00
ORD00155325,OI000843740,ITEM0135,1,105.00,69.46,31.50,73.50
ORD00155325,OI000843741,ITEM5901,2,320.00,208.57,192.00,448.00
ORD00155325,OI000843742,ITEM0151,2,65.00,45.19,39.00,91.00
ORD00155326,OI000843743,ITEM0054,3,1330.00,424.10,0.00,3990.00
ORD00155326,OI000843744,ITEM0055,1,750.00,235.61,0.00,750.00
ORD00155326,OI000843745,ITEM0057,2,690.00,468.22,0.00,1380.00
ORD00155326,OI000843746,ITEM0089,1,2070.00,892.05,0.00,2070.00
ORD00155326,OI000843747,ITEM0113,3,510.00,198.15,0.00,1530.00
ORD00155326,OI000843748,ITEM0119,1,470.00,169.51,0.00,470.00
ORD00155326,OI000843749,ITEM0147,2,480.00,154.20,0.00,960.00
ORD00155327,OI000843750,ITEM0055,1,750.00,235.61,0.00,750.00
ORD00155327,OI000843751,ITEM0067,2,320.00,108.16,0.00,640.00
ORD00155327,OI000843752,ITEM0124,5,190.00,131.48,0.00,950.00
ORD00155327,OI000843753,ITEM0127,1,500.00,76.86,0.00,500.00
ORD00155327,OI000843754,ITEM0147,4,480.00,154.20,0.00,1920.00
ORD00155327,OI000843755,ITEM0151,3,65.00,45.19,0.00,195.00
ORD00155328,OI000843756,ITEM0032,1,840.00,356.48,0.00,840.00
ORD00155328,OI000843757,ITEM0033,1,940.00,306.02,0.00,940.00
ORD00155328,OI000843758,ITEM0051,2,730.00,266.66,0.00,1460.00
ORD00155328,OI000843759,ITEM0074,1,1230.00,548.77,0.00,1230.00
ORD00155328,OI000843760,ITEM0095,1,1190.00,508.41,0.00,1190.00
ORD00155328,OI000843761,ITEM0099,1,1300.00,471.54,0.00,1300.00
ORD00155328,OI000843762,ITEM0107,1,1430.00,473.19,0.00,1430.00
ORD00155329,OI000843763,ITEM0002,1,215.00,75.87,0.00,215.00
ORD00155329,OI000843764,ITEM0011,1,940.00,340.59,0.00,940.00
ORD00155329,OI000843765,ITEM0015,1,520.00,184.59,0.00,520.00
ORD00155329,OI000843766,ITEM0029,1,950.00,312.12,0.00,950.00
ORD00155329,OI000843767,ITEM0032,3,780.00,356.48,0.00,2340.00
ORD00155329,OI000843768,ITEM0066,4,950.00,343.77,0.00,3800.00
ORD00155329,OI000843769,ITEM0075,2,630.00,269.61,0.00,1260.00
ORD00155329,OI000843770,ITEM0086,-1,1380.00,560.08,0.00,1380.00
ORD00155329,OI000843771,ITEM0112,1,310.00,140.73,0.00,310.00
ORD00155329,OI000843772,ITEM0134,1,165.00,108.74,0.00,165.00
ORD00155329,OI000843773,ITEM0143,4,470.00,187.60,0.00,1880.00
ORD00155330,OI000843774,ITEM0007,1,1570.00,711.90,471.00,1099.00
ORD00155330,OI000843775,ITEM0020,2,810.00,323.82,0.00,1620.00
ORD00155330,OI000843776,ITEM0061,1,980.00,363.74,0.00,980.00
ORD00155330,OI000843777,ITEM0064,3,550.00,191.14,0.00,1650.00
ORD00155330,OI000843778,ITEM0070,3,1330.00,627.42,1197.00,2793.00
ORD00155330,OI000843779,ITEM0127,2,500.00,76.86,0.00,1000.00
ORD00155330,OI000843780,ITEM0138,1,265.00,113.51,79.50,185.50
ORD00155330,OI000843781,ITEM0151,3,65.00,45.19,58.50,136.50
ORD00155331,OI000843782,ITEM0029,1,1030.00,312.12,0.00,1030.00
ORD00155331,OI000843783,ITEM0039,1,980.00,450.35,0.00,980.00
ORD00155331,OI000843784,ITEM0134,1,165.00,108.74,0.00,165.00
ORD00155331,OI000843785,ITEM0140,2,500.00,67.98,0.00,1000.00
ORD00155332,OI000843786,ITEM0002,1,215.00,75.87,0.00,215.00
ORD00155332,OI000843787,ITEM0066,1,950.00,343.77,0.00,950.00
ORD00155332,OI000843788,ITEM0155,1,220.00,95.85,0.00,220.00
ORD00155333,OI000843789,ITEM0081,5,1510.00,1047.44,0.00,7550.00
ORD00155333,OI000843790,ITEM0111,2,280.00,91.26,0.00,560.00
ORD00155333,OI000843791,ITEM0114,1,270.00,86.95,0.00,270.00
ORD00155333,OI000843792,ITEM0145,2,370.00,151.19,0.00,740.00
ORD00155333,OI000843793,ITEM0155,3,220.00,95.85,0.00,660.00
ORD00155334,OI000843794,ITEM0050,5,1770.00,776.26,0.00,8850.00
ORD00155334,OI000843795,ITEM0054,2,1330.00,424.10,0.00,2660.00
ORD00155334,OI000843796,ITEM0148,1,320.00,208.57,96.00,224.00
ORD00155334,OI000843797,ITEM0157,1,800.00,322.21,240.00,560.00
ORD00155335,OI000843798,ITEM0003,2,380.00,142.17,0.00,760.00
ORD00155335,OI000843799,ITEM0054,1,1440.00,424.10,0.00,1440.00
ORD00155335,OI000843800,ITEM0066,2,950.00,343.77,0.00,1900.00
ORD00155335,OI000843801,ITEM0076,1,810.00,294.74,0.00,810.00
ORD00155335,OI000843802,ITEM0089,2,2240.00,892.05,0.00,4480.00
ORD00155335,OI000843803,ITEM0102,2,1520.00,625.27,0.00,3040.00
ORD00155335,OI000843804,ITEM0121,1,400.00,125.92,0.00,400.00
ORD00155335,OI000843805,ITEM0124,3,190.00,131.48,0.00,570.00
ORD00155335,OI000843806,ITEM0147,2,480.00,154.20,0.00,960.00
ORD00155336,OI000843807,ITEM0054,2,1330.00,424.10,0.00,2660.00
ORD00155336,OI000843808,ITEM0057,1,690.00,468.22,0.00,690.00
ORD00155336,OI000843809,ITEM0068,2,680.00,470.19,0.00,1360.00
ORD00155336,OI000843810,ITEM0070,1,1330.00,627.42,399.00,931.00
ORD00155336,OI000843811,ITEM0132,1,410.00,163.26,0.00,410.00
ORD00155336,OI000843812,ITEM0141,1,510.00,166.18,153.00,357.00
ORD00155336,OI000843813,ITEM0143,1,470.00,187.60,141.00,329.00
ORD00155336,OI000843814,ITEM0153,4,40.00,16.47,48.00,112.00
ORD00155337,OI000843815,ITEM0005,1,450.00,149.00,0.00,450.00
ORD00155337,OI000843816,ITEM0023,2,470.00,200.14,0.00,940.00
ORD00155337,OI000843817,ITEM0073,1,850.00,331.31,0.00,850.00
ORD00155337,OI000843818,ITEM0112,1,310.00,140.73,0.00,310.00
ORD00155337,OI000843819,ITEM0160,2,105.00,47.30,0.00,210.00
ORD00155338,OI000843820,ITEM0030,1,285.00,110.76,0.00,285.00
ORD00155338,OI000843821,ITEM0033,1,940.00,306.02,0.00,940.00
ORD00155338,OI000843822,ITEM0091,2,1920.00,724.96,0.00,3840.00
ORD00155338,OI000843823,ITEM0113,1,510.00,198.15,0.00,510.00
ORD00155338,OI000843824,ITEM0116,1,800.00,142.86,0.00,800.00
ORD00155338,OI000843825,ITEM0132,2,410.00,163.26,0.00,820.00
ORD00155338,OI000843826,ITEM0148,6,350.00,208.57,0.00,2100.00
ORD00155339,OI000843827,ITEM0082,1,2000.00,707.81,0.00,2000.00
ORD00155339,OI000843828,ITEM0125,2,320.00,124.33,0.00,640.00
ORD00155339,OI000843829,ITEM0134,2,165.00,108.74,0.00,330.00
ORD00155339,OI000843830,ITEM0135,1,105.00,69.46,0.00,105.00
ORD00155339,OI000843831,ITEM0148,2,350.00,208.57,0.00,700.00
ORD00155340,OI000843832,ITEM0014,1,490.00,180.01,0.00,490.00
ORD00155340,OI000843833,ITEM0042,1,5470.00,2596.95,0.00,5470.00
ORD00155340,OI000843834,ITEM0125,1,320.00,124.33,0.00,320.00
ORD00155341,OI000843835,ITEM0068,1,680.00,470.19,0.00,680.00
ORD00155341,OI000843836,ITEM0148,1,350.00,208.57,0.00,350.00
ORD00155342,OI000843837,ITEM0035,1,1000.00,418.08,0.00,1000.00
ORD00155342,OI000843838,ITEM0064,2,550.00,191.14,0.00,1100.00
ORD00155342,OI000843839,ITEM0068,1,680.00,470.19,0.00,680.00
ORD00155342,OI000843840,ITEM0076,1,810.00,294.74,0.00,810.00
ORD00155342,OI000843841,ITEM0124,1,190.00,131.48,0.00,190.00
ORD00155342,OI000843842,ITEM0148,3,350.00,208.57,0.00,1050.00
ORD00155343,OI000843843,ITEM0156,4,130.00,48.41,0.00,520.00
ORD00155343,OI000843844,ITEM0160,2,105.00,47.30,0.00,210.00
ORD00155344,OI000843845,ITEM0008,1,1030.00,165.58,0.00,1030.00
ORD00155344,OI000843846,ITEM0009,1,490.00,185.03,0.00,490.00
ORD00155344,OI000843847,ITEM0010,1,1390.00,568.66,0.00,1390.00
ORD00155344,OI000843848,ITEM0086,2,1380.00,560.08,0.00,2760.00
ORD00155344,OI000843849,ITEM0113,1,510.00,198.15,0.00,510.00
ORD00155344,OI000843850,ITEM0138,2,265.00,113.51,0.00,530.00
ORD00155345,OI000843851,ITEM0037,3,2380.00,995.51,0.00,7140.00
ORD00155345,OI000843852,ITEM0045,1,1530.00,595.53,0.00,1530.00
ORD00155345,OI000843853,ITEM0081,1,1510.00,1047.44,0.00,1510.00
ORD00155345,OI000843854,ITEM0140,1,460.00,67.98,138.00,322.00
ORD00155345,OI000843855,ITEM0143,2,470.00,187.60,282.00,658.00
ORD00155345,OI000843856,ITEM0145,3,370.00,151.19,333.00,777.00
ORD00155345,OI000843857,ITEM0147,1,480.00,154.20,144.00,336.00
ORD00155346,OI000843858,ITEM0012,3,900.00,402.60,0.00,2700.00
ORD00155346,OI000843859,ITEM0035,1,1000.00,418.08,0.00,1000.00
ORD00155346,OI000843860,ITEM0081,2,1510.00,1047.44,0.00,3020.00
ORD00155346,OI000843861,ITEM0129,1,600.00,188.49,0.00,600.00
ORD00155346,OI000843862,ITEM0134,2,165.00,108.74,0.00,330.00
ORD00155347,OI000843863,ITEM0013,1,400.00,179.48,0.00,400.00
ORD00155347,OI000843864,ITEM0033,2,940.00,306.02,0.00,1880.00
ORD00155347,OI000843865,ITEM0037,2,2380.00,995.51,0.00,4760.00
ORD00155347,OI000843866,ITEM0049,1,2660.00,1132.57,0.00,2660.00
ORD00155347,OI000843867,ITEM0075,1,630.00,269.61,0.00,630.00
ORD00155347,OI000843868,ITEM0129,1,600.00,188.49,0.00,600.00
ORD00155347,OI000843869,ITEM0133,2,180.00,78.35,0.00,360.00
ORD00155347,OI000843870,ITEM0151,1,65.00,45.19,0.00,65.00
ORD00155348,OI000843871,ITEM0035,1,1000.00,418.08,0.00,1000.00
ORD00155348,OI000843872,ITEM0068,1,680.00,470.19,0.00,680.00
ORD00155348,OI000843873,ITEM0151,4,65.00,45.19,0.00,260.00
ORD00155349,OI000843874,ITEM0011,1,940.00,340.59,0.00,940.00
ORD00155349,OI000843875,ITEM0036,1,840.00,338.10,0.00,840.00
ORD00155349,OI000843876,ITEM0045,1,1530.00,595.53,0.00,1530.00
ORD00155349,OI000843877,ITEM0046,2,2820.00,1115.76,0.00,5640.00
ORD00155349,OI000843878,ITEM0068,3,680.00,470.19,0.00,2040.00
ORD00155349,OI000843879,ITEM0070,1,1330.00,627.42,399.00,931.00
ORD00155349,OI000843880,ITEM0072,1,790.00,332.55,0.00,790.00
ORD00155349,OI000843881,ITEM0147,1,480.00,154.20,144.00,336.00
ORD00155349,OI000843882,ITEM0148,4,320.00,208.57,384.00,896.00
ORD00155350,OI000843883,ITEM0015,1,520.00,184.59,0.00,520.00
ORD00155350,OI000843884,ITEM0057,1,690.00,468.22,0.00,690.00
ORD00155350,OI000843885,ITEM0058,1,1250.00,392.19,0.00,1250.00
ORD00155350,OI000843886,ITEM0070,1,1330.00,627.42,0.00,1330.00
ORD00155350,OI000843887,ITEM0128,1,550.00,72.23,0.00,550.00
ORD00155350,OI000843888,ITEM0129,2,600.00,188.49,0.00,1200.00
ORD00155350,OI000843889,ITEM0148,2,350.00,208.57,0.00,700.00
ORD00155351,OI000843890,ITEM0040,1,750.00,267.75,0.00,750.00
ORD00155351,OI000843891,ITEM0042,1,5470.00,2596.95,1641.00,3829.00
ORD00155351,OI000843892,ITEM0068,2,680.00,470.19,0.00,1360.00
ORD00155351,OI000843893,ITEM0117,1,930.00,145.29,0.00,930.00
ORD00155351,OI000843894,ITEM0118,1,720.00,333.71,216.00,504.00
ORD00155351,OI000843895,ITEM0147,2,480.00,154.20,288.00,672.00
ORD00155351,OI000843896,ITEM0154,1,370.00,126.03,111.00,259.00
ORD00155352,OI000843897,ITEM0104,1,1420.00,476.78,0.00,1420.00
ORD00155352,OI000843898,ITEM0107,1,1430.00,473.19,0.00,1430.00
ORD00155352,OI000843899,ITEM0135,2,105.00,69.46,0.00,210.00
ORD00155352,OI000843900,ITEM0138,2,265.00,113.51,0.00,530.00
ORD00155353,OI000843901,ITEM0087,2,3170.00,1492.61,1902.00,4438.00
ORD00155353,OI000843902,ITEM0111,3,260.00,91.26,0.00,780.00
ORD00155353,OI000843903,ITEM0134,1,165.00,108.74,49.50,115.50
ORD00155353,OI000843904,ITEM0147,2,480.00,154.20,288.00,672.00
ORD00155354,OI000843905,ITEM0014,1,490.00,180.01,0.00,490.00
ORD00155354,OI000843906,ITEM0033,1,940.00,306.02,0.00,940.00
ORD00155354,OI000843907,ITEM0037,1,2380.00,995.51,0.00,2380.00
ORD00155355,OI000843908,ITEM0054,3,1330.00,424.10,0.00,3990.00
ORD00155355,OI000843909,ITEM0055,2,750.00,235.61,0.00,1500.00
ORD00155355,OI000843910,ITEM0074,1,1230.00,548.77,0.00,1230.00
ORD00155355,OI000843911,ITEM0089,3,2070.00,892.05,0.00,6210.00
ORD00155356,OI000843912,ITEM0041,1,1310.00,515.58,0.00,1310.00
ORD00155356,OI000843913,ITEM0042,1,5470.00,2596.95,1641.00,3829.00
ORD00155356,OI000843914,ITEM0072,1,790.00,332.55,0.00,790.00
ORD00155356,OI000843915,ITEM0077,2,730.00,302.29,0.00,1460.00
ORD00155356,OI000843916,ITEM0143,6,470.00,187.60,846.00,1974.00
ORD00155357,OI000843917,ITEM0003,1,380.00,142.17,0.00,380.00
ORD00155357,OI000843918,ITEM0015,1,520.00,184.59,0.00,520.00
ORD00155357,OI000843919,ITEM0051,1,730.00,266.66,0.00,730.00
ORD00155357,OI000843920,ITEM0055,2,750.00,235.61,0.00,1500.00
ORD00155357,OI000843921,ITEM0067,1,320.00,108.16,0.00,320.00
ORD00155357,OI000843922,ITEM0094,2,1550.00,716.43,0.00,3100.00
ORD00155357,OI000843923,ITEM0134,1,165.00,108.74,49.50,115.50
ORD00155357,OI000843924,ITEM0147,1,480.00,154.20,144.00,336.00
ORD00155357,OI000843925,ITEM0151,1,70.00,45.19,21.00,49.00
ORD00155357,OI000843926,ITEM0157,2,800.00,322.21,480.00,1120.00
ORD00155358,OI000843927,ITEM0133,3,180.00,78.35,0.00,540.00
ORD00155358,OI000843928,ITEM0137,3,310.00,112.52,0.00,930.00
ORD00155358,OI000843929,ITEM0143,1,470.00,187.60,0.00,470.00
ORD00155358,OI000843930,ITEM0157,1,800.00,322.21,0.00,800.00
ORD00155359,OI000843931,ITEM0021,1,450.00,184.70,0.00,450.00
ORD00155359,OI000843932,ITEM0024,1,820.00,285.28,0.00,820.00
ORD00155359,OI000843933,ITEM0049,2,2660.00,1132.57,0.00,5320.00
ORD00155359,OI000843934,ITEM0055,1,750.00,235.61,0.00,750.00
ORD00155359,OI000843935,ITEM0145,1,370.00,151.19,0.00,370.00
ORD00155360,OI000843936,ITEM0048,2,1520.00,597.64,0.00,3040.00
ORD00155360,OI000843937,ITEM0076,2,750.00,294.74,0.00,1500.00
ORD00155360,OI000843938,ITEM0082,1,2000.00,707.81,0.00,2000.00
ORD00155360,OI000843939,ITEM0138,3,265.00,113.51,0.00,795.00
ORD00155361,OI000843940,ITEM0009,3,490.00,185.03,0.00,1470.00
ORD00155361,OI000843941,ITEM0045,2,1530.00,595.53,0.00,3060.00
ORD00155361,OI000843942,ITEM0054,1,1330.00,424.10,0.00,1330.00
ORD00155361,OI000843943,ITEM0055,1,750.00,235.61,0.00,750.00
ORD00155361,OI000843944,ITEM0068,1,680.00,470.19,0.00,680.00
ORD00155361,OI000843945,ITEM0070,1,1330.00,627.42,0.00,1330.00
ORD00155361,OI000843946,ITEM0075,1,630.00,269.61,0.00,630.00
ORD00155361,OI000843947,ITEM0113,2,510.00,198.15,0.00,1020.00
ORD00155361,OI000843948,ITEM0133,1,180.00,78.35,0.00,180.00
ORD00155362,OI000843949,ITEM0011,1,1020.00,340.59,0.00,1020.00
ORD00155362,OI000843950,ITEM0139,1,410.00,69.54,0.00,410.00
ORD00155362,OI000843951,ITEM0151,1,70.00,45.19,0.00,70.00
ORD00155362,OI000843952,ITEM0160,6,105.00,47.30,0.00,630.00
ORD00155363,OI000843953,ITEM0002,1,215.00,75.87,0.00,215.00
ORD00155363,OI000843954,ITEM0004,1,590.00,220.14,0.00,590.00
ORD00155363,OI000843955,ITEM0010,1,1390.00,568.66,0.00,1390.00
ORD00155363,OI000843956,ITEM0061,1,1060.00,363.74,0.00,1060.00
ORD00155363,OI000843957,ITEM0135,1,105.00,69.46,31.50,73.50
ORD00155363,OI000843958,ITEM0150,1,130.00,50.35,39.00,91.00
ORD00155363,OI000843959,ITEM0152,2,100.00,40.74,60.00,140.00
ORD00155364,OI000843960,ITEM0045,1,1530.00,595.53,0.00,1530.00
ORD00155364,OI000843961,ITEM0147,1,480.00,154.20,0.00,480.00
ORD00155365,OI000843962,ITEM0070,1,1330.00,627.42,0.00,1330.00
ORD00155365,OI000843963,ITEM0119,1,470.00,169.51,0.00,470.00
ORD00155365,OI000843964,ITEM0152,3,100.00,40.74,0.00,300.00
ORD00155366,OI000843965,ITEM0066,1,950.00,343.77,0.00,950.00
ORD00155366,OI000843966,ITEM0069,1,1180.00,407.68,0.00,1180.00
ORD00155366,OI000843967,ITEM0072,1,790.00,332.55,0.00,790.00
ORD00155366,OI000843968,ITEM0084,1,1240.00,425.59,0.00,1240.00
ORD00155366,OI000843969,ITEM0098,1,1220.00,521.65,0.00,1220.00
ORD00155366,OI000843970,ITEM0139,2,410.00,69.54,0.00,820.00
ORD00155366,OI000843971,ITEM0150,2,130.00,50.35,0.00,260.00
ORD00155366,OI000843972,ITEM0151,2,70.00,45.19,0.00,140.00
ORD00155366,OI000843973,ITEM0155,1,220.00,95.85,0.00,220.00
ORD00155367,OI000843974,ITEM0056,1,1440.00,468.22,0.00,1440.00
ORD00155367,OI000843975,ITEM0062,1,670.00,350.53,0.00,670.00
ORD00155367,OI000843976,ITEM0082,1,2000.00,707.81,0.00,2000.00
ORD00155367,OI000843977,ITEM0139,1,410.00,69.54,0.00,410.00
ORD00155367,OI000843978,ITEM0157,2,800.00,322.21,0.00,1600.00
ORD00155368,OI000843979,ITEM0113,1,510.00,198.15,0.00,510.00
ORD00155368,OI000843980,ITEM0134,1,165.00,108.74,0.00,165.00
ORD00155369,OI000843981,ITEM0031,2,1100.00,364.08,0.00,2200.00
ORD00155369,OI000843982,ITEM0037,3,2380.00,995.51,0.00,7140.00
ORD00155369,OI000843983,ITEM0069,1,1180.00,407.68,0.00,1180.00
ORD00155369,OI000843984,ITEM0088,1,1710.00,651.22,0.00,1710.00
ORD00155369,OI000843985,ITEM0132,3,410.00,163.26,0.00,1230.00
ORD00155370,OI000843986,ITEM0004,1,590.00,220.14,0.00,590.00
ORD00155370,OI000843987,ITEM0018,2,620.00,236.34,0.00,1240.00
ORD00155370,OI000843988,ITEM0035,1,1000.00,418.08,0.00,1000.00
ORD00155370,OI000843989,ITEM0130,4,235.00,91.80,0.00,940.00
ORD00155370,OI000843990,ITEM0153,1,40.00,16.47,0.00,40.00
ORD00155371,OI000843991,ITEM0036,1,840.00,338.10,0.00,840.00
ORD00155371,OI000843992,ITEM0037,2,2380.00,995.51,0.00,4760.00
ORD00155371,OI000843993,ITEM0085,1,1630.00,650.03,0.00,1630.00
ORD00155371,OI000843994,ITEM0113,1,510.00,198.15,0.00,510.00
ORD00155371,OI000843995,ITEM0148,1,350.00,208.57,0.00,350.00
ORD00155372,OI000843996,ITEM0041,2,1310.00,515.58,0.00,2620.00
ORD00155372,OI000843997,ITEM0090,1,1910.00,682.77,0.00,1910.00
ORD00155372,OI000843998,ITEM0092,2,1410.00,465.66,0.00,2820.00
ORD00155372,OI000843999,ITEM0113,4,510.00,198.15,0.00,2040.00
ORD00155372,OI000844000,ITEM0143,5,470.00,187.60,0.00,2350.00
ORD00155372,OI000844001,ITEM0145,2,370.00,151.19,0.00,740.00
ORD00155372,OI000844002,ITEM0157,1,800.00,322.21,0.00,800.00
ORD00155373,OI000844003,ITEM0023,2,470.00,200.14,0.00,940.00
ORD00155373,OI000844004,ITEM0042,1,5470.00,2596.95,1641.00,3829.00
ORD00155373,OI000844005,ITEM0150,2,130.00,50.35,78.00,182.00
ORD00155373,OI000844006,ITEM0154,3,370.00,126.03,333.00,777.00
ORD00155374,OI000844007,ITEM0051,1,730.00,266.66,0.00,730.00
ORD00155374,OI000844008,ITEM0068,1,680.00,470.19,0.00,680.00
ORD00155375,OI000844009,ITEM0061,2,1060.00,363.74,0.00,2120.00
ORD00155375,OI000844010,ITEM0136,3,520.00,175.82,468.00,1092.00
ORD00155375,OI000844011,ITEM0143,2,470.00,187.60,282.00,658.00
ORD00155375,OI000844012,ITEM0157,2,800.00,322.21,480.00,1120.00
ORD00155376,OI000844013,ITEM0011,1,940.00,340.59,0.00,940.00
ORD00155376,OI000844013,ITEM0011,1,940.00,340.59,0.00,940.00
ORD00155376,OI000844014,ITEM0046,1,2820.00,1115.76,0.00,2820.00
ORD00155376,OI000844015,ITEM0048,1,1520.00,597.64,0.00,1520.00
ORD00155376,OI000844016,ITEM0061,3,980.00,363.74,0.00,2940.00
ORD00155376,OI000844017,ITEM0062,2,670.00,350.53,0.00,1340.00
ORD00155376,OI000844018,ITEM0074,1,1230.00,548.77,0.00,1230.00
ORD00155376,OI000844019,ITEM0125,6,320.00,124.33,0.00,1920.00
ORD00155377,OI000844020,ITEM0055,2,750.00,235.61,0.00,1500.00
ORD00155377,OI000844021,ITEM0064,2,550.00,191.14,0.00,1100.00
ORD00155377,OI000844022,ITEM0137,4,310.00,112.52,0.00,1240.00
ORD00155377,OI000844023,ITEM0139,1,410.00,69.54,0.00,410.00
ORD00155378,OI000844024,ITEM0036,3,840.00,338.10,0.00,2520.00
ORD00155378,OI000844025,ITEM0096,1,1840.00,298.74,0.00,1840.00
ORD00155378,OI000844026,ITEM0113,2,510.00,198.15,0.00,1020.00
ORD00155378,OI000844027,ITEM0134,7,165.00,108.74,0.00,1155.00
ORD00155378,OI000844028,ITEM0135,2,105.00,69.46,0.00,210.00
ORD00155378,OI000844029,ITEM0148,2,350.00,208.57,0.00,700.00
ORD00155379,OI000844030,ITEM0027,3,420.00,144.90,0.00,1260.00
ORD00155379,OI000844031,ITEM0057,1,690.00,468.22,0.00,690.00
ORD00155379,OI000844032,ITEM0126,3,160.00,72.53,0.00,480.00
ORD00155379,OI000844033,ITEM0148,4,320.00,208.57,0.00,1280.00
ORD00155380,OI000844034,ITEM0016,1,560.00,210.83,0.00,560.00
ORD00155380,OI000844035,ITEM0025,1,890.00,334.06,0.00,890.00
ORD00155380,OI000844036,ITEM0042,1,5470.00,2596.95,1641.00,3829.00
ORD00155380,OI000844037,ITEM0118,1,720.00,333.71,216.00,504.00
ORD00155380,OI000844038,ITEM0148,5,350.00,208.57,525.00,1225.00
ORD00155380,OI000844039,ITEM0160,2,105.00,47.30,63.00,147.00
ORD00155381,OI000844040,ITEM0037,1,2380.00,995.51,0.00,2380.00
ORD00155381,OI000844041,ITEM0043,2,5110.00,2066.57,0.00,10220.00
ORD00155381,OI000844042,ITEM0055,2,750.00,235.61,0.00,1500.00
ORD00155381,OI000844043,ITEM0064,1,550.00,191.14,0.00,550.00
ORD00155381,OI000844044,ITEM0071,1,710.00,267.43,0.00,710.00
ORD00155381,OI000844045,ITEM0148,6,320.00,208.57,576.00,1344.00
ORD00155381,OI000844046,ITEM0150,3,130.00,50.35,117.00,273.00
ORD00155382,OI000844047,ITEM0046,1,2820.00,1115.76,0.00,2820.00
ORD00155382,OI000844048,ITEM0047,2,1650.00,627.28,0.00,3300.00
ORD00155382,OI000844049,ITEM0055,3,750.00,235.61,0.00,2250.00
ORD00155382,OI000844050,ITEM0112,1,310.00,140.73,0.00,310.00
ORD00155382,OI000844051,ITEM0159,2,460.00,192.62,0.00,920.00
ORD00155383,OI000844052,ITEM0148,5,320.00,208.57,0.00,1600.00
ORD00155384,OI000844053,ITEM0035,5,1000.00,418.08,0.00,5000.00
ORD00155384,OI000844054,ITEM0038,1,1200.00,510.66,0.00,1200.00
ORD00155384,OI000844055,ITEM0045,2,1530.00,595.53,0.00,3060.00
ORD00155384,OI000844056,ITEM0046,2,2820.00,1115.76,0.00,5640.00
ORD00155384,OI000844057,ITEM0060,1,830.00,333.17,0.00,830.00
ORD00155384,OI000844058,ITEM0067,1,320.00,108.16,0.00,320.00
ORD00155384,OI000844059,ITEM0077,1,680.00,302.29,0.00,680.00
ORD00155384,OI000844060,ITEM0081,1,1510.00,1047.44,0.00,1510.00
ORD00155384,OI000844061,ITEM0112,2,310.00,140.73,0.00,620.00
ORD00155385,OI000844062,ITEM0049,2,2660.00,1132.57,0.00,5320.00
ORD00155385,OI000844063,ITEM0058,2,1250.00,392.19,0.00,2500.00
ORD00155385,OI000844064,ITEM0102,4,1410.00,625.27,0.00,5640.00
ORD00155385,OI000844065,ITEM0109,1,1500.00,513.48,0.00,1500.00
ORD00155385,OI000844066,ITEM0121,1,370.00,125.92,0.00,370.00
ORD00155385,OI000844067,ITEM0140,1,460.00,67.98,0.00,460.00
ORD00155385,OI000844068,ITEM0159,2,460.00,192.62,0.00,920.00
ORD00155385,OI000844069,ITEM0160,1,105.00,47.30,0.00,105.00
ORD00155386,OI000844070,ITEM0020,1,810.00,323.82,0.00,810.00
ORD00155386,OI000844071,ITEM0054,1,1330.00,424.10,0.00,1330.00
ORD00155386,OI000844072,ITEM0074,1,1230.00,548.77,0.00,1230.00
ORD00155386,OI000844073,ITEM0084,2,1240.00,425.59,0.00,2480.00
ORD00155386,OI000844074,ITEM0135,1,105.00,69.46,0.00,105.00
ORD00155387,OI000844075,ITEM0042,1,5470.00,2596.95,0.00,5470.00
ORD00155387,OI000844076,ITEM0069,2,1180.00,407.68,0.00,2360.00
ORD00155387,OI000844077,ITEM0091,1,1920.00,724.96,0.00,1920.00
ORD00155387,OI000844078,ITEM0137,5,310.00,112.52,0.00,1550.00
ORD00155388,OI000844079,ITEM0003,1,380.00,142.17,0.00,380.00
ORD00155388,OI000844080,ITEM0041,1,1310.00,515.58,0.00,1310.00
ORD00155388,OI000844081,ITEM0074,2,1230.00,548.77,0.00,2460.00
ORD00155388,OI000844082,ITEM0088,1,1710.00,651.22,0.00,1710.00
ORD00155388,OI000844083,ITEM0141,3,510.00,166.18,0.00,1530.00
ORD00155389,OI000844084,ITEM0004,1,590.00,220.14,0.00,590.00
ORD00155389,OI000844085,ITEM0147,1,480.00,154.20,0.00,480.00
ORD00155389,OI000844086,ITEM0150,3,130.00,50.35,0.00,390.00
ORD00155390,OI000844087,ITEM0004,1,590.00,220.14,0.00,590.00
ORD00155390,OI000844088,ITEM0048,3,1520.00,597.64,0.00,4560.00
ORD00155390,OI000844089,ITEM0055,1,750.00,235.61,0.00,750.00
ORD00155390,OI000844090,ITEM0081,1,1510.00,1047.44,0.00,1510.00
ORD00155390,OI000844091,ITEM0113,2,510.00,198.15,0.00,1020.00
ORD00155390,OI000844092,ITEM0156,2,130.00,48.41,0.00,260.00
ORD00155391,OI000844093,ITEM0048,1,1520.00,597.64,0.00,1520.00
ORD00155391,OI000844094,ITEM0050,1,1910.00,776.26,0.00,1910.00
ORD00155391,OI000844095,ITEM0123,1,330.00,138.90,0.00,330.00
ORD00155391,OI000844096,ITEM0147,1,480.00,154.20,0.00,480.00
ORD00155391,OI000844097,ITEM0148,2,350.00,208.57,0.00,700.00
ORD00155392,OI000844098,ITEM0057,1,690.00,468.22,0.00,690.00
ORD00155392,OI000844099,ITEM0129,1,600.00,188.49,0.00,600.00
ORD00155392,OI000844100,ITEM0151,2,65.00,45.19,0.00,130.00
ORD00155392,OI000844101,ITEM0157,1,-800.00,322.21,0.00,800.00
ORD00155393,OI000844102,ITEM0068,1,680.00,470.19,0.00,680.00
ORD00155393,OI000844103,ITEM0078,1,1250.00,560.33,0.00,1250.00
ORD00155394,OI000844104,ITEM0048,1,1520.00,597.64,0.00,1520.00
ORD00155394,OI000844105,ITEM0057,1,690.00,468.22,0.00,690.00
ORD00155394,OI000844106,ITEM0087,1,3420.00,1492.61,1026.00,2394.00
ORD00155394,OI000844107,ITEM0106,1,4170.00,1825.61,0.00,4170.00
ORD00155394,OI000844108,ITEM0117,1,930.00,145.29,0.00,930.00
ORD00155394,OI000844109,ITEM0134,1,165.00,108.74,49.50,115.50
ORD00155394,OI000844110,ITEM0135,3,105.00,69.46,94.50,220.50
ORD00155394,OI000844111,ITEM0151,6,70.00,45.19,126.00,294.00
ORD00155394,OI000844112,ITEM0156,4,130.00,48.41,156.00,364.00
ORD00155395,OI000844113,ITEM0010,1,1390.00,568.66,0.00,1390.00
ORD00155395,OI000844114,ITEM0068,1,680.00,470.19,0.00,680.00
ORD00155395,OI000844115,ITEM0075,1,630.00,269.61,0.00,630.00
ORD00155395,OI000844116,ITEM0113,3,510.00,198.15,0.00,1530.00
ORD00155395,OI000844117,ITEM0141,2,510.00,166.18,0.00,1020.00
ORD00155395,OI000844118,ITEM0147,1,480.00,154.20,0.00,480.00
ORD00155396,OI000844119,ITEM0013,1,400.00,179.48,0.00,400.00
ORD00155396,OI000844120,ITEM0041,1,1310.00,515.58,0.00,1310.00
ORD00155396,OI000844121,ITEM0045,1,1530.00,595.53,0.00,1530.00
ORD00155396,OI000844122,ITEM0048,1,1520.00,597.64,0.00,1520.00
ORD00155396,OI000844123,ITEM0088,1,1710.00,651.22,0.00,1710.00
ORD00155396,OI000844124,ITEM0159,1,460.00,192.62,0.00,460.00
ORD00155397,OI000844125,ITEM0038,2,1200.00,510.66,0.00,2400.00
ORD00155397,OI000844126,ITEM0046,1,2820.00,1115.76,0.00,2820.00
ORD00155397,OI000844127,ITEM0100,3,1260.00,549.26,0.00,3780.00
ORD00155397,OI000844128,ITEM0113,2,510.00,198.15,0.00,1020.00
ORD00155397,OI000844129,ITEM0125,1,320.00,124.33,0.00,320.00
ORD00155398,OI000844130,ITEM0037,3,2380.00,995.51,0.00,7140.00
ORD00155398,OI000844131,ITEM0055,1,750.00,235.61,0.00,750.00
ORD00155398,OI000844132,ITEM0064,2,550.00,191.14,0.00,1100.00
ORD00155398,OI000844133,ITEM0134,3,165.00,108.74,148.50,346.50
ORD00155398,OI000844134,ITEM0151,5,70.00,45.19,105.00,245.00
ORD00155398,OI000844135,ITEM0154,2,370.00,126.03,222.00,518.00
ORD00155399,OI000844136,ITEM0055,2,750.00,235.61,0.00,1500.00
ORD00155399,OI000844137,ITEM0064,2,550.00,191.14,0.00,1100.00
ORD00155399,OI000844138,ITEM0087,1,3420.00,1492.61,1026.00,2394.00
ORD00155399,OI000844139,ITEM0134,1,165.00,108.74,49.50,115.50
ORD00155399,OI000844140,ITEM0135,1,105.00,69.46,31.50,73.50
ORD00155399,OI000844141,,1,480.00,154.20,144.00,336.00
ORD00155399,OI000844142,ITEM0148,3,350.00,208.57,315.00,735.00
ORD00155399,OI000844143,ITEM0151,1,70.00,45.19,21.00,49.00
ORD00155400,OI000844144,ITEM0005,2,420.00,149.00,0.00,840.00
ORD00155400,OI000844145,ITEM0054,1,1330.00,424.10,0.00,1330.00
ORD00155400,OI000844146,ITEM0056,2,1440.00,468.22,0.00,2880.00
ORD00155400,OI000844147,ITEM0145,2,370.00,151.19,0.00,740.00
ORD00155401,OI000844148,ITEM0058,2,1250.00,392.19,0.00,2500.00
ORD00155401,OI000844149,ITEM0081,1,1510.00,1047.44,0.00,1510.00
ORD00155401,OI000844150,ITEM0106,3,4170.00,1825.61,0.00,12510.00
ORD00155401,OI000844151,ITEM0151,3,65.00,45.19,0.00,195.00
ORD00155402,OI000844152,ITEM0054,1,1330.00,424.10,0.00,1330.00
ORD00155402,OI000844153,ITEM0085,1,1630.00,650.03,0.00,1630.00
ORD00155402,OI000844154,ITEM0090,1,1910.00,682.77,0.00,1910.00
ORD00155402,OI000844155,ITEM0102,1,1410.00,625.27,0.00,1410.00
ORD00155403,OI000844156,ITEM0004,1,590.00,220.14,0.00,590.00
ORD00155403,OI000844157,ITEM0093,-4,1140.00,410.14,0.00,4560.00
ORD00155403,OI000844158,ITEM0136,1,480.00,175.82,0.00,480.00
ORD00155403,OI000844159,ITEM0148,1,320.00,208.57,0.00,320.00
ORD00155404,OI000844160,ITEM0023,1,470.00,200.14,0.00,470.00
ORD00155404,OI000844161,ITEM0055,1,750.00,235.61,0.00,750.00
ORD00155404,OI000844162,ITEM0110,2,1330.00,558.62,0.00,2660.00
ORD00155404,OI000844163,ITEM0113,1,510.00,198.15,0.00,510.00
ORD00155404,OI000844164,ITEM4900,1,600.00,188.49,0.00,600.00
ORD00155404,OI000844165,ITEM0151,1,70.00,45.19,0.00,70.00
ORD00155405,OI000844166,ITEM0035,2,1000.00,418.08,0.00,2000.00
ORD00155405,OI000844167,ITEM0037,1,2380.00,995.51,0.00,2380.00
ORD00155406,OI000844168,ITEM0031,1,1100.00,364.08,0.00,1100.00
ORD00155406,OI000844169,ITEM0046,1,2820.00,1115.76,0.00,2820.00
ORD00155406,OI000844170,ITEM0057,1,690.00,468.22,0.00,690.00
ORD00155406,OI000844171,ITEM0099,2,1300.00,471.54,0.00,2600.00
ORD00155406,OI000844173,ITEM0147,2,480.00,154.20,0.00,960.00
ORD00155406,OI000844174,ITEM0148,1,320.00,208.57,0.00,320.00
ORD00155406,OI000844175,ITEM0157,1,800.00,322.21,0.00,800.00
ORD00155407,OI000844176,ITEM0002,1,215.00,75.87,0.00,215.00
ORD00155407,OI000844177,ITEM0049,2,2660.00,1132.57,0.00,5320.00
ORD00155407,OI000844178,ITEM0062,1,670.00,350.53,0.00,670.00
ORD00155407,OI000844179,ITEM0068,1,680.00,470.19,0.00,680.00
ORD00155407,OI000844180,ITEM0104,1,1420.00,476.78,0.00,1420.00
ORD00155408,OI000844181,ITEM0033,1,940.00,306.02,0.00,940.00
ORD00155408,OI000844182,ITEM0045,2,1530.00,595.53,0.00,3060.00
ORD00155408,OI000844183,ITEM0059,2,790.00,317.89,0.00,1580.00
ORD00155408,OI000844184,ITEM0075,1,630.00,269.61,0.00,630.00
ORD00155408,OI000844185,ITEM0092,1,1410.00,465.66,0.00,1410.00
ORD00155408,OI000844186,ITEM0098,2,1220.00,521.65,0.00,2440.00
ORD00155408,OI000844187,ITEM0109,7,1500.00,513.48,0.00,10500.00
ORD00155408,OI000844188,ITEM0132,1,410.00,163.26,0.00,410.00
ORD00155408,OI000844189,ITEM0135,2,105.00,69.46,0.00,210.00
ORD00155409,OI000844190,ITEM0049,1,2870.00,1132.57,0.00,2870.00
ORD00155409,OI000844191,ITEM0055,2,750.00,235.61,0.00,1500.00
ORD00155409,OI000844192,ITEM0064,4,550.00,191.14,0.00,2200.00
ORD00155409,OI000844193,ITEM0154,5,370.00,126.03,0.00,1850.00
ORD00155410,OI000844194,ITEM0011,1,940.00,340.59,0.00,940.00
ORD00155410,OI000844195,ITEM0050,1,1770.00,776.26,0.00,1770.00
ORD00155410,OI000844196,ITEM0090,2,1910.00,682.77,0.00,3820.00
ORD00155410,OI000844197,ITEM0148,3,320.00,208.57,0.00,960.00
ORD00155411,OI000844198,ITEM0014,1,490.00,180.01,0.00,490.00
ORD00155411,OI000844199,ITEM0057,3,690.00,468.22,0.00,2070.00
ORD00155411,OI000844200,ITEM0064,1,550.00,191.14,0.00,550.00
ORD00155411,OI000844201,ITEM0084,1,1240.00,425.59,0.00,1240.00
ORD00155411,OI000844202,ITEM0098,1,1220.00,521.65,0.00,1220.00
ORD00155411,OI000844203,ITEM0135,2,105.00,69.46,0.00,210.00
ORD00155412,OI000844204,ITEM0050,1,1770.00,776.26,0.00,1770.00
ORD00155412,OI000844205,ITEM0148,4,320.00,208.57,0.00,1280.00
ORD00155412,OI000844206,ITEM0151,2,65.00,45.19,0.00,130.00
ORD00155412,OI000844207,ITEM0157,1,800.00,322.21,0.00,800.00
ORD00155413,OI000844208,ITEM0040,1,750.00,267.75,0.00,750.00
ORD00155413,OI000844209,ITEM0087,1,3170.00,1492.61,0.00,3170.00
ORD00155413,OI000844210,ITEM0126,1,160.00,72.53,0.00,160.00
ORD00155413,OI000844211,ITEM0129,2,600.00,188.49,0.00,1200.00
ORD00155414,OI000844212,ITEM0068,1,680.00,470.19,0.00,680.00
ORD00155414,OI000844213,ITEM0156,2,130.00,48.41,0.00,260.00
ORD00155415,OI000844214,ITEM0011,1,940.00,340.59,0.00,940.00
ORD00155415,OI000844215,ITEM0062,3,670.00,350.53,0.00,2010.00
ORD00155415,OI000844216,ITEM0066,1,950.00,343.77,0.00,950.00
ORD00155415,OI000844217,ITEM0134,3,165.00,108.74,148.50,346.50
ORD00155415,OI000844218,ITEM0146,1,610.00,207.34,183.00,427.00
ORD00155415,OI000844219,ITEM0148,1,320.00,208.57,96.00,224.00
ORD00155416,OI000844220,ITEM0061,1,1060.00,363.74,0.00,1060.00
ORD00155416,OI000844221,ITEM0068,2,680.00,470.19,0.00,1360.00
ORD00155416,OI000844222,ITEM0135,5,105.00,69.46,0.00,525.00
ORD00155416,OI000844222,ITEM0135,5,105.00,69.46,0.00,525.00
ORD00155416,OI000844223,ITEM0139,1,410.00,69.54,0.00,410.00
ORD00155416,OI000844224,ITEM0160,1,105.00,47.30,0.00,105.00
ORD00155417,OI000844225,ITEM0046,1,2820.00,1115.76,0.00,2820.00
ORD00155417,OI000844226,ITEM0053,1,1360.00,605.77,0.00,1360.00
ORD00155418,OI000844227,ITEM0054,1,1440.00,424.10,0.00,1440.00
ORD00155418,OI000844228,ITEM0147,1,480.00,154.20,0.00,480.00
ORD00155418,OI000844229,ITEM0151,3,70.00,45.19,0.00,210.00
ORD00155419,OI000844230,ITEM0058,1,1250.00,392.19,0.00,1250.00
ORD00155419,OI000844231,ITEM0134,1,165.00,108.74,0.00,165.00
ORD00155419,OI000844232,ITEM0159,1,460.00,192.62,0.00,460.00
ORD00155420,OI000844233,ITEM0066,2,950.00,343.77,0.00,1900.00
ORD00155420,OI000844234,ITEM0068,1,680.00,470.19,0.00,680.00
ORD00155420,OI000844235,,1,1920.00,724.96,0.00,1920.00
ORD00155420,OI000844236,ITEM0152,1,100.00,40.74,0.00,100.00
ORD00155420,OI000844237,ITEM0156,3,130.00,48.41,0.00,390.00
ORD00155421,OI000844238,ITEM0005,1,420.00,149.00,0.00,420.00
ORD00155421,OI000844239,,1,690.00,468.22,0.00,690.00
ORD00155421,OI000844240,ITEM0069,2,1180.00,407.68,0.00,2360.00
ORD00155421,OI000844241,ITEM0124,2,190.00,131.48,0.00,380.00
ORD00155421,OI000844242,ITEM0127,1,500.00,76.86,0.00,500.00
ORD00155422,OI000844243,ITEM0003,2,380.00,142.17,0.00,760.00
ORD00155422,OI000844244,ITEM0010,4,1390.00,568.66,0.00,5560.00
ORD00155422,OI000844245,ITEM0045,2,1530.00,595.53,0.00,3060.00
ORD00155422,OI000844246,ITEM0054,2,1330.00,424.10,0.00,2660.00
ORD00155422,OI000844247,ITEM0058,1,1250.00,392.19,0.00,1250.00
ORD00155422,OI000844248,ITEM0089,2,2070.00,892.05,0.00,4140.00
ORD00155422,OI000844249,ITEM0149,2,380.00,173.20,0.00,760.00
ORD00155422,OI000844250,ITEM0151,6,65.00,45.19,0.00,390.00
ORD00155422,OI000844250,ITEM0151,6,65.00,45.19,0.00,390.00
ORD00155423,OI000844251,ITEM0042,1,5470.00,2596.95,1641.00,3829.00
ORD00155423,OI000844252,ITEM0065,2,1360.00,503.63,0.00,2720.00
ORD00155423,OI000844253,ITEM0087,1,3170.00,1492.61,951.00,2219.00
ORD00155423,OI000844254,ITEM0151,2,65.00,45.19,39.00,91.00
ORD00155424,OI000844255,ITEM0004,1,590.00,220.14,0.00,590.00
ORD00155424,OI000844256,ITEM0035,1,1000.00,418.08,0.00,1000.00
ORD00155424,OI000844257,ITEM0109,1,1500.00,513.48,0.00,1500.00
ORD00155424,OI000844258,ITEM0135,1,105.00,69.46,31.50,73.50
ORD00155424,OI000844259,ITEM0154,2,370.00,126.03,222.00,518.00
ORD00155425,OI000844260,,1,420.00,149.00,0.00,420.00
ORD00155425,OI000844261,ITEM0056,1,1440.00,468.22,0.00,1440.00
ORD00155425,OI000844262,ITEM0068,1,680.00,470.19,0.00,680.00
ORD00155425,OI000844263,ITEM0081,2,1510.00,1047.44,0.00,3020.00
ORD00155425,OI000844264,ITEM0134,1,165.00,108.74,0.00,165.00
ORD00155425,OI000844265,ITEM0151,1,65.00,45.19,0.00,65.00
ORD00155426,OI000844266,ITEM0045,2,1530.00,595.53,0.00,3060.00
ORD00155426,OI000844267,ITEM0091,1,1920.00,724.96,0.00,1920.00
ORD00155426,OI000844267,ITEM0091,1,1920.00,724.96,0.00,1920.00
ORD00155426,OI000844268,ITEM0097,1,1080.00,539.54,0.00,1080.00
ORD00155426,OI000844269,ITEM0113,1,510.00,198.15,0.00,510.00
ORD00155426,OI000844270,ITEM0125,1,320.00,124.33,0.00,320.00
ORD00155426,OI000844271,ITEM0129,3,600.00,188.49,0.00,1800.00
ORD00155426,OI000844272,ITEM0138,2,265.00,113.51,0.00,530.00
ORD00155426,OI000844273,ITEM0154,-2,370.00,126.03,0.00,740.00
ORD00155427,OI000844274,ITEM0034,2,1220.00,445.69,0.00,2440.00
ORD00155427,OI000844275,ITEM0078,1,1250.00,560.33,0.00,1250.00
ORD00155427,OI000844276,ITEM0119,1,470.00,169.51,0.00,470.00
ORD00155427,OI000844277,ITEM0138,6,265.00,113.51,477.00,1113.00
ORD00155427,OI000844278,ITEM0143,3,470.00,187.60,423.00,987.00
ORD00155427,OI000844279,ITEM0148,3,350.00,208.57,315.00,735.00
ORD00155428,OI000844280,ITEM0062,1,670.00,350.53,0.00,670.00
ORD00155428,OI000844281,ITEM0114,1,270.00,86.95,0.00,270.00
ORD00155428,OI000844282,ITEM0157,6,800.00,322.21,0.00,4800.00
ORD00155429,OI000844283,ITEM0073,2,850.00,331.31,0.00,1700.00
ORD00155429,OI000844284,ITEM0138,1,265.00,113.51,79.50,185.50
ORD00155429,OI000844285,ITEM0147,3,480.00,154.20,432.00,1008.00
ORD00155429,OI000844286,ITEM0148,3,350.00,208.57,315.00,735.00
ORD00155429,OI000844287,ITEM0156,1,130.00,48.41,39.00,91.00
ORD00155430,OI000844288,ITEM0028,2,390.00,160.88,0.00,780.00
ORD00155430,OI000844289,ITEM0054,2,1330.00,424.10,0.00,2660.00
ORD00155430,OI000844290,ITEM0147,4,480.00,154.20,0.00,1920.00
ORD00155431,OI000844291,ITEM0049,3,2660.00,1132.57,0.00,7980.00
ORD00155431,OI000844292,ITEM0113,2,510.00,198.15,0.00,1020.00
ORD00155431,OI000844293,ITEM0134,3,165.00,108.74,148.50,346.50
ORD00155431,OI000844294,ITEM0148,2,320.00,208.57,192.00,448.00
ORD00155432,OI000844295,ITEM0023,2,470.00,200.14,0.00,940.00
ORD00155432,OI000844296,,1,840.00,338.10,0.00,840.00
ORD00155432,OI000844297,ITEM0048,2,1520.00,597.64,0.00,3040.00
ORD00155432,OI000844298,ITEM0102,1,1520.00,625.27,0.00,1520.00
ORD00155433,OI000844299,ITEM0014,1,490.00,180.01,0.00,490.00
ORD00155433,OI000844300,ITEM0018,1,620.00,236.34,0.00,620.00
ORD00155433,OI000844301,ITEM0060,1,830.00,333.17,0.00,830.00
ORD00155433,OI000844302,ITEM0089,1,2070.00,892.05,0.00,2070.00
ORD00155433,OI000844303,ITEM0134,6,165.00,108.74,0.00,990.00
ORD00155433,OI000844304,ITEM0147,1,480.00,154.20,0.00,480.00
ORD00155434,OI000844305,ITEM0055,3,750.00,235.61,0.00,2250.00
ORD00155434,OI000844306,ITEM0143,2,470.00,187.60,0.00,940.00
ORD00155434,OI000844307,ITEM0151,2,65.00,45.19,0.00,130.00
ORD00155434,OI000844308,ITEM0155,3,220.00,95.85,0.00,660.00
ORD00155434,OI000844309,ITEM0157,3,800.00,322.21,0.00,2400.00
ORD00155435,OI000844310,ITEM0024,1,820.00,285.28,0.00,820.00
ORD00155435,OI000844311,ITEM0055,1,750.00,235.61,0.00,750.00
ORD00155435,OI000844312,ITEM0078,1,1250.00,560.33,0.00,1250.00
ORD00155435,OI000844313,ITEM0084,2,1240.00,425.59,0.00,2480.00
ORD00155435,OI000844314,ITEM0138,2,265.00,113.51,0.00,530.00
ORD00155435,OI000844315,ITEM0143,2,470.00,187.60,0.00,940.00
ORD00155435,OI000844316,ITEM0146,1,610.00,207.34,0.00,610.00
ORD00155435,OI000844317,ITEM0149,3,380.00,173.20,0.00,1140.00
ORD00155436,OI000844318,ITEM0013,2,400.00,179.48,0.00,800.00
ORD00155436,OI000844319,ITEM0082,2,2000.00,707.81,0.00,4000.00
ORD00155436,OI000844320,ITEM0148,4,350.00,208.57,0.00,1400.00
ORD00155437,OI000844321,ITEM0042,1,5470.00,2596.95,1641.00,3829.00
ORD00155437,OI000844322,ITEM0077,1,730.00,302.29,0.00,730.00
ORD00155437,OI000844323,ITEM0147,3,480.00,154.20,432.00,1008.00
ORD00155437,OI000844324,ITEM0153,1,40.00,16.47,12.00,28.00
ORD00155437,OI000844325,ITEM0155,4,220.00,95.85,264.00,616.00
ORD00155438,OI000844326,ITEM0031,1,1190.00,364.08,0.00,1190.00
ORD00155438,OI000844327,ITEM0037,2,2380.00,995.51,0.00,4760.00
ORD00155438,OI000844328,ITEM0046,2,2820.00,1115.76,0.00,5640.00
ORD00155438,OI000844329,ITEM0068,2,680.00,470.19,0.00,1360.00
ORD00155438,OI000844330,ITEM0094,2,1550.00,716.43,0.00,3100.00
ORD00155438,OI000844331,ITEM0134,5,165.00,108.74,0.00,825.00
ORD00155439,OI000844332,ITEM0006,2,770.00,296.28,0.00,1540.00
ORD00155439,OI000844333,ITEM0008,1,1030.00,165.58,0.00,1030.00
ORD00155439,OI000844334,ITEM0015,2,520.00,184.59,0.00,1040.00
ORD00155439,OI000844335,ITEM0020,1,810.00,323.82,0.00,810.00
ORD00155439,OI000844336,ITEM0033,1,940.00,306.02,0.00,940.00
ORD00155439,OI000844337,ITEM0041,1,1310.00,515.58,0.00,1310.00
ORD00155439,OI000844338,ITEM0048,1,1520.00,597.64,0.00,1520.00
ORD00155439,OI000844339,ITEM0078,1,1250.00,560.33,0.00,1250.00
ORD00155439,OI000844340,ITEM0083,3,1760.00,701.86,0.00,5280.00
ORD00155439,OI000844341,ITEM0112,5,310.00,140.73,0.00,1550.00
ORD00155439,OI000844342,ITEM0151,3,65.00,45.19,0.00,195.00
ORD00155439,OI000844343,ITEM0156,2,130.00,48.41,0.00,260.00
ORD00155440,OI000844344,ITEM0046,2,2820.00,1115.76,0.00,5640.00
ORD00155440,OI000844345,ITEM0070,1,1330.00,627.42,399.00,931.00
ORD00155440,OI000844346,ITEM0081,1,1510.00,1047.44,0.00,1510.00
ORD00155440,OI000844347,ITEM0098,1,1220.00,521.65,0.00,1220.00
ORD00155440,OI000844348,ITEM0100,3,1260.00,549.26,0.00,3780.00
ORD00155440,OI000844349,ITEM0151,3,65.00,45.19,58.50,136.50
ORD00155441,OI000844350,ITEM0038,1,1200.00,510.66,0.00,1200.00
ORD00155441,OI000844351,ITEM0108,1,1800.00,648.55,0.00,1800.00
ORD00155441,OI000844352,ITEM0113,1,510.00,198.15,0.00,510.00
ORD00155441,OI000844353,ITEM0122,2,690.00,295.82,0.00,1380.00
ORD00155441,OI000844354,ITEM0134,1,165.00,108.74,0.00,165.00
ORD00155441,OI000844355,ITEM0148,3,320.00,208.57,0.00,960.00
ORD00155441,OI000844356,ITEM0156,2,130.00,48.41,0.00,260.00
ORD00155442,OI000844357,ITEM0041,1,1310.00,515.58,0.00,1310.00
ORD00155442,OI000844358,ITEM0064,1,550.00,191.14,0.00,550.00
ORD00155442,OI000844359,ITEM0086,1,1380.00,560.08,0.00,1380.00
ORD00155442,OI000844360,ITEM0102,1,1410.00,625.27,0.00,1410.00
ORD00155442,OI000844361,ITEM0135,2,105.00,69.46,0.00,210.00
ORD00155442,OI000844362,ITEM0138,1,265.00,113.51,0.00,265.00
ORD00155442,OI000844363,ITEM0143,3,470.00,187.60,0.00,1410.00
ORD00155443,OI000844364,ITEM0010,1,1390.00,568.66,0.00,1390.00
ORD00155443,OI000844365,ITEM0041,1,1310.00,515.58,0.00,1310.00
ORD00155443,OI000844366,ITEM0059,1,730.00,317.89,0.00,730.00
ORD00155443,OI000844367,ITEM0092,2,1410.00,465.66,0.00,2820.00
ORD00155443,OI000844368,ITEM0102,1,1410.00,625.27,0.00,1410.00
ORD00155443,OI000844369,ITEM0133,1,180.00,78.35,0.00,180.00
ORD00155443,OI000844370,ITEM0154,1,370.00,126.03,0.00,370.00
ORD00155444,OI000844371,ITEM0027,1,420.00,144.90,0.00,420.00
ORD00155444,OI000844372,ITEM0060,1,830.00,333.17,0.00,830.00
ORD00155444,OI000844373,ITEM0099,1,0.00,471.54,0.00,1300.00
ORD00155444,OI000844374,ITEM0145,1,370.00,151.19,0.00,370.00
ORD00155444,OI000844375,ITEM0151,3,65.00,45.19,0.00,195.00
ORD00155444,OI000844376,ITEM0153,1,40.00,16.47,0.00,40.00
ORD00155445,OI000844377,ITEM0029,1,950.00,312.12,0.00,950.00
ORD00155445,OI000844378,ITEM0041,1,1310.00,515.58,0.00,1310.00
ORD00155445,OI000844379,ITEM0046,1,2820.00,1115.76,0.00,2820.00
ORD00155445,OI000844380,ITEM0086,1,1380.00,560.08,0.00,1380.00
ORD00155445,OI000844381,ITEM0151,2,65.00,45.19,0.00,130.00
ORD00155445,OI000844382,ITEM0155,2,220.00,95.85,0.00,440.00
ORD00155446,OI000844383,ITEM0007,1,1570.00,711.90,471.00,1099.00
ORD00155446,OI000844384,ITEM0040,3,750.00,267.75,0.00,2250.00
ORD00155446,OI000844385,ITEM0041,4,1310.00,515.58,0.00,5240.00
ORD00155446,OI000844386,ITEM0042,1,5470.00,2596.95,1641.00,3829.00
ORD00155446,OI000844387,ITEM0070,1,1330.00,627.42,399.00,931.00
ORD00155446,OI000844388,ITEM0089,1,2240.00,892.05,0.00,2240.00
ORD00155446,OI000844389,ITEM0123,2,330.00,138.90,0.00,660.00
ORD00155446,OI000844390,ITEM0134,1,165.00,108.74,49.50,115.50
ORD00155446,OI000844391,ITEM0148,2,350.00,208.57,210.00,490.00
ORD00155446,OI000844392,ITEM0153,1,40.00,16.47,12.00,28.00
ORD00155446,OI000844393,ITEM0156,3,130.00,48.41,117.00,273.00
ORD00155447,OI000844394,ITEM0001,1,270.00,95.57,0.00,270.00
ORD00155447,OI000844395,ITEM0009,1,490.00,185.03,0.00,490.00
ORD00155447,OI000844396,ITEM0048,1,1520.00,597.64,0.00,1520.00
ORD00155447,OI000844397,ITEM0143,1,470.00,187.60,0.00,470.00
ORD00155447,OI000844398,ITEM0151,2,70.00,45.19,0.00,140.00
ORD00155448,OI000844399,ITEM0019,2,390.00,154.84,0.00,780.00
ORD00155448,OI000844400,ITEM0046,1,2820.00,1115.76,0.00,2820.00
ORD00155448,OI000844401,ITEM0058,1,1250.00,392.19,0.00,1250.00
ORD00155448,OI000844402,ITEM0133,1,180.00,78.35,0.00,180.00
ORD00155448,OI000844403,ITEM0145,2,370.00,151.19,0.00,740.00
ORD00155448,OI000844404,ITEM0150,5,130.00,50.35,0.00,650.00
ORD00155449,OI000844405,ITEM0048,1,1520.00,597.64,0.00,1520.00
ORD00155449,OI000844406,ITEM0051,1,680.00,266.66,0.00,680.00
ORD00155449,OI000844407,ITEM0078,1,1250.00,560.33,0.00,1250.00
ORD00155449,OI000844408,ITEM0134,1,165.00,108.74,0.00,165.00
ORD00155450,OI000844409,ITEM1768,1,1330.00,424.10,0.00,1330.00
ORD00155450,OI000844410,ITEM0061,1,980.00,363.74,0.00,980.00
ORD00155450,OI000844411,ITEM0112,1,310.00,140.73,0.00,310.00
ORD00155451,OI000844412,ITEM0054,2,1330.00,424.10,0.00,2660.00
ORD00155451,OI000844413,ITEM0058,1,1250.00,392.19,0.00,1250.00
ORD00155451,OI000844414,ITEM0068,1,680.00,470.19,0.00,680.00
ORD00155451,OI000844415,ITEM0091,1,1920.00,724.96,0.00,1920.00
ORD00155451,OI000844416,ITEM0147,2,480.00,154.20,0.00,960.00
ORD00155452,OI000844417,ITEM0050,1,1770.00,776.26,0.00,1770.00
ORD00155452,OI000844418,ITEM0078,1,1250.00,560.33,0.00,1250.00
ORD00155452,OI000844419,ITEM0091,2,1920.00,724.96,0.00,3840.00
ORD00155452,OI000844420,ITEM0094,1,1550.00,716.43,0.00,1550.00
ORD00155452,OI000844421,ITEM0097,1,1080.00,539.54,0.00,1080.00
ORD00155452,OI000844422,ITEM0113,2,510.00,198.15,0.00,1020.00
ORD00155452,OI000844423,ITEM0125,2,320.00,124.33,0.00,640.00
ORD00155452,OI000844424,ITEM0147,4,480.00,154.20,0.00,1920.00
ORD00155452,OI000844425,ITEM0152,1,100.00,40.74,0.00,100.00
ORD00155452,OI000844426,ITEM0153,2,40.00,16.47,0.00,80.00
ORD00155453,OI000844427,ITEM0058,1,1250.00,392.19,0.00,1250.00
ORD00155453,OI000844428,ITEM0077,1,730.00,302.29,0.00,730.00
ORD00155453,OI000844429,ITEM0113,2,510.00,198.15,0.00,1020.00
ORD00155453,OI000844430,,2,600.00,188.49,0.00,1200.00
ORD00155453,OI000844431,ITEM0134,1,165.00,108.74,0.00,165.00
ORD00155453,OI000844432,ITEM0143,1,470.00,187.60,0.00,470.00
ORD00155453,OI000844433,ITEM0145,1,370.00,151.19,0.00,370.00
ORD00155454,OI000844434,ITEM0003,2,380.00,142.17,0.00,760.00
ORD00155454,OI000844435,ITEM0046,1,2820.00,1115.76,0.00,2820.00
ORD00155454,OI000844436,ITEM0118,1,670.00,333.71,201.00,469.00
ORD00155454,OI000844437,ITEM0151,1,65.00,45.19,19.50,45.50
ORD00155454,OI000844438,ITEM0156,6,130.00,48.41,234.00,546.00
ORD00155455,OI000844439,ITEM0033,2,940.00,306.02,0.00,1880.00
ORD00155455,OI000844440,ITEM0038,1,1200.00,510.66,0.00,1200.00
ORD00155455,OI000844441,ITEM0045,1,1530.00,595.53,0.00,1530.00
ORD00155455,OI000844442,ITEM0048,1,1520.00,597.64,0.00,1520.00
ORD00155455,OI000844443,ITEM0057,1,690.00,468.22,0.00,690.00
ORD00155455,OI000844444,ITEM0097,1,1080.00,539.54,0.00,1080.00
ORD00155455,OI000844445,ITEM0142,3,810.00,249.91,0.00,2430.00
ORD00155455,OI000844446,ITEM0148,1,320.00,208.57,0.00,320.00
ORD00155456,OI000844447,ITEM0004,1,590.00,220.14,0.00,590.00
ORD00155456,OI000844448,ITEM0058,1,1250.00,392.19,0.00,1250.00
ORD00155456,OI000844449,ITEM0059,2,730.00,317.89,0.00,1460.00
ORD00155456,OI000844450,ITEM0109,1,1500.00,513.48,0.00,1500.00
ORD00155456,OI000844451,ITEM0148,2,320.00,208.57,0.00,640.00
ORD00155457,OI000844452,ITEM0006,1,770.00,296.28,0.00,770.00
ORD00155457,OI000844453,,1,490.00,185.03,0.00,490.00
ORD00155457,OI000844454,ITEM0057,1,690.00,468.22,0.00,690.00
ORD00155457,OI000844454,ITEM0057,1,690.00,468.22,0.00,690.00
ORD00155457,OI000844455,ITEM0061,1,980.00,363.74,0.00,980.00
ORD00155457,OI000844456,ITEM0132,2,410.00,163.26,0.00,820.00
ORD00155457,OI000844457,ITEM0140,1,460.00,67.98,0.00,460.00
ORD00155457,OI000844458,ITEM0141,1,510.00,166.18,0.00,510.00
ORD00155457,OI000844459,ITEM0147,2,480.00,154.20,0.00,960.00
ORD00155458,OI000844460,ITEM0033,1,940.00,306.02,0.00,940.00
ORD00155458,OI000844461,ITEM0116,1,800.00,142.86,0.00,800.00
ORD00155458,OI000844462,ITEM0148,1,320.00,208.57,96.00,224.00
ORD00155458,OI000844463,ITEM0149,5,380.00,173.20,570.00,1330.00
ORD00155458,OI000844464,ITEM0155,3,220.00,95.85,198.00,462.00
ORD00155458,OI000844465,ITEM0159,2,460.00,192.62,276.00,644.00
ORD00155459,OI000844466,ITEM0015,1,520.00,184.59,0.00,520.00
ORD00155459,OI000844467,ITEM0134,2,165.00,108.74,0.00,330.00
ORD00155459,OI000844468,ITEM0148,2,320.00,208.57,0.00,640.00
ORD00155460,OI000844469,ITEM0036,2,840.00,338.10,0.00,1680.00
ORD00155460,OI000844470,ITEM0068,1,680.00,470.19,0.00,680.00
ORD00155460,OI000844471,ITEM0134,1,165.00,108.74,0.00,165.00
ORD00155460,OI000844472,ITEM0159,1,460.00,192.62,0.00,460.00
ORD00155461,OI000844473,ITEM0036,1,840.00,338.10,0.00,840.00
ORD00155461,OI000844474,ITEM0047,2,1650.00,627.28,0.00,3300.00
ORD00155461,OI000844475,ITEM0067,1,320.00,108.16,0.00,320.00
ORD00155461,OI000844476,ITEM0151,4,65.00,45.19,0.00,260.00
ORD00155462,OI000844477,ITEM0035,4,1000.00,418.08,0.00,4000.00
ORD00155462,OI000844478,ITEM0051,2,680.00,266.66,0.00,1360.00
ORD00155462,OI000844479,ITEM0057,1,690.00,468.22,0.00,690.00
ORD00155462,OI000844480,ITEM0062,1,670.00,350.53,0.00,670.00
ORD00155462,OI000844481,ITEM0083,1,1760.00,701.86,0.00,1760.00
ORD00155462,OI000844482,ITEM0129,1,600.00,188.49,0.00,600.00
ORD00155462,OI000844483,ITEM0134,1,165.00,108.74,0.00,165.00
ORD00155463,OI000844484,ITEM0057,1,690.00,468.22,0.00,690.00
ORD00155463,OI000844485,ITEM0152,1,100.00,40.74,0.00,100.00
ORD00155464,OI000844486,ITEM0003,1,380.00,142.17,0.00,380.00
ORD00155464,OI000844487,ITEM0004,1,590.00,220.14,0.00,590.00
ORD00155464,OI000844488,ITEM0105,1,2660.00,878.39,0.00,2660.00
ORD00155464,OI000844489,ITEM0112,2,310.00,140.73,0.00,620.00
ORD00155464,OI000844490,ITEM0147,1,480.00,154.20,0.00,480.00
ORD00155464,OI000844491,ITEM0160,1,105.00,47.30,0.00,105.00
ORD00155465,OI000844492,ITEM0010,1,1390.00,568.66,0.00,1390.00
ORD00155465,OI000844493,ITEM0018,1,620.00,236.34,0.00,620.00
ORD00155465,OI000844494,ITEM0020,1,810.00,323.82,0.00,810.00
ORD00155465,OI000844495,ITEM0041,1,1310.00,515.58,0.00,1310.00
ORD00155465,OI000844496,ITEM0056,1,1440.00,468.22,0.00,1440.00
ORD00155465,OI000844497,ITEM0057,2,690.00,468.22,0.00,1380.00
ORD00155465,OI000844498,ITEM0067,3,320.00,108.16,0.00,960.00
ORD00155465,OI000844499,ITEM0081,3,1510.00,1047.44,0.00,4530.00
ORD00155465,OI000844500,ITEM0112,1,310.00,140.73,0.00,310.00
ORD00155465,OI000844501,ITEM0134,3,165.00,108.74,0.00,495.00
ORD00155465,OI000844502,ITEM0154,4,370.00,126.03,0.00,1480.00
ORD00155466,OI000844503,,2,1530.00,595.53,0.00,3060.00
ORD00155466,OI000844504,ITEM0050,2,1770.00,776.26,0.00,3540.00
ORD00155466,OI000844505,ITEM0053,2,1360.00,605.77,0.00,2720.00
ORD00155466,OI000844506,ITEM0085,3,1630.00,650.03,0.00,4890.00
ORD00155466,OI000844507,ITEM0129,2,600.00,188.49,0.00,1200.00
ORD00155466,OI000844508,ITEM0147,3,480.00,154.20,0.00,1440.00
ORD00155466,OI000844509,ITEM0160,1,105.00,47.30,0.00,105.00
ORD00155467,OI000844510,ITEM0043,1,5110.00,2066.57,0.00,5110.00
ORD00155467,OI000844511,ITEM0049,2,2660.00,1132.57,0.00,5320.00
ORD00155467,OI000844512,ITEM0055,2,750.00,235.61,0.00,1500.00
ORD00155467,OI000844513,ITEM0056,2,1440.00,468.22,0.00,2880.00
ORD00155467,OI000844514,ITEM0102,1,1410.00,625.27,0.00,1410.00
ORD00155467,OI000844515,ITEM0126,3,160.00,72.53,0.00,480.00
ORD00155467,OI000844515,ITEM0126,3,160.00,72.53,0.00,480.00
ORD00155467,OI000844516,ITEM0134,1,165.00,108.74,0.00,165.00
ORD00155468,OI000844517,ITEM0018,2,620.00,236.34,0.00,1240.00
ORD00155468,OI000844518,ITEM0048,2,1520.00,597.64,0.00,3040.00
ORD00155468,OI000844519,ITEM0068,1,680.00,470.19,0.00,680.00
ORD00155468,OI000844520,ITEM0088,2,1710.00,651.22,0.00,3420.00
ORD00155468,OI000844521,ITEM0148,1,320.00,208.57,0.00,320.00
ORD00155468,OI000844522,ITEM0155,2,220.00,95.85,0.00,440.00
ORD00155469,OI000844523,ITEM0124,2,190.00,131.48,0.00,380.00
ORD00155469,OI000844524,ITEM0150,2,130.00,50.35,0.00,260.00
ORD00155469,OI000844525,ITEM0151,3,70.00,45.19,0.00,210.00
ORD00155470,OI000844526,ITEM0064,2,550.00,191.14,0.00,1100.00
ORD00155470,OI000844527,ITEM0065,2,1360.00,503.63,0.00,2720.00
ORD00155470,OI000844528,ITEM0106,3,4170.00,1825.61,0.00,12510.00
ORD00155470,OI000844529,ITEM0138,1,265.00,113.51,0.00,265.00
ORD00155471,OI000844530,ITEM0001,1,270.00,95.57,0.00,270.00
ORD00155471,OI000844531,ITEM0083,4,1760.00,701.86,0.00,7040.00
ORD00155471,OI000844532,ITEM0100,1,1260.00,549.26,0.00,1260.00
ORD00155472,OI000844533,ITEM0021,1,450.00,184.70,0.00,450.00
ORD00155472,OI000844534,ITEM0027,3,420.00,144.90,0.00,1260.00
ORD00155472,OI000844535,ITEM0055,2,750.00,235.61,0.00,1500.00
ORD00155472,OI000844536,ITEM0083,2,1760.00,701.86,0.00,3520.00
ORD00155472,OI000844537,ITEM0151,8,65.00,45.19,156.00,364.00
ORD00155472,OI000844538,ITEM0156,2,130.00,48.41,78.00,182.00
ORD00155472,OI000844539,ITEM0157,1,800.00,322.21,240.00,560.00
ORD00155473,OI000844540,ITEM0050,1,1770.00,776.26,0.00,1770.00
ORD00155473,OI000844541,ITEM0098,1,1220.00,521.65,0.00,1220.00
ORD00155473,OI000844542,ITEM0135,1,105.00,69.46,0.00,105.00
ORD00155474,OI000844543,ITEM0018,1,620.00,236.34,0.00,620.00
ORD00155474,OI000844544,ITEM0032,1,780.00,356.48,0.00,780.00
ORD00155474,OI000844545,ITEM0048,3,1520.00,597.64,0.00,4560.00
ORD00155475,OI000844546,ITEM0148,1,350.00,208.57,0.00,350.00
ORD00155476,OI000844547,ITEM0036,1,840.00,338.10,0.00,840.00
ORD00155476,OI000844548,ITEM0045,1,1530.00,595.53,0.00,1530.00
ORD00155476,OI000844549,ITEM0102,1,1410.00,625.27,0.00,1410.00
ORD00155476,OI000844550,ITEM0148,2,320.00,208.57,0.00,640.00
ORD00155477,OI000844551,ITEM0015,1,520.00,184.59,0.00,520.00
ORD00155477,OI000844552,ITEM0043,1,5110.00,2066.57,0.00,5110.00
ORD00155477,OI000844553,ITEM8362,1,1330.00,424.10,0.00,1330.00
ORD00155477,OI000844554,ITEM0076,2,750.00,294.74,0.00,1500.00
ORD00155477,OI000844555,ITEM0107,1,1430.00,473.19,0.00,1430.00
ORD00155477,OI000844556,ITEM0121,2,370.00,125.92,0.00,740.00
ORD00155477,OI000844557,ITEM0122,1,690.00,295.82,0.00,690.00
ORD00155477,OI000844558,ITEM0134,2,165.00,108.74,0.00,330.00
ORD00155477,OI000844559,ITEM0147,2,480.00,154.20,0.00,960.00
ORD00155478,OI000844560,ITEM0010,1,1390.00,568.66,0.00,1390.00
ORD00155478,OI000844561,ITEM0042,1,5470.00,2596.95,1641.00,3829.00
ORD00155478,OI000844562,ITEM0043,1,5110.00,2066.57,0.00,5110.00
ORD00155478,OI000844563,ITEM0048,1,1520.00,597.64,0.00,1520.00
ORD00155478,OI000844564,ITEM0087,1,3420.00,1492.61,1026.00,2394.00
ORD00155478,OI000844565,ITEM0135,2,105.00,69.46,63.00,147.00
ORD00155478,OI000844566,ITEM0136,4,520.00,175.82,624.00,1456.00
ORD00155479,OI000844567,ITEM0050,1,1770.00,776.26,0.00,1770.00
ORD00155479,OI000844568,ITEM0076,1,750.00,294.74,0.00,750.00
ORD00155479,OI000844569,ITEM0136,2,480.00,175.82,288.00,672.00
ORD00155479,OI000844570,ITEM0151,3,65.00,45.19,58.50,136.50
ORD00155480,OI000844571,ITEM0020,1,810.00,323.82,0.00,810.00
ORD00155480,OI000844572,ITEM0038,1,1200.00,510.66,0.00,1200.00
ORD00155480,OI000844573,ITEM0124,1,190.00,131.48,0.00,190.00
ORD00155480,OI000844574,ITEM0149,1,380.00,173.20,0.00,380.00
ORD00155481,OI000844575,ITEM0019,1,390.00,154.84,0.00,390.00
ORD00155481,OI000844576,ITEM0054,3,1440.00,424.10,0.00,4320.00
ORD00155481,OI000844577,ITEM0081,1,1510.00,1047.44,0.00,1510.00
ORD00155481,OI000844578,ITEM0113,1,510.00,198.15,0.00,510.00
ORD00155481,OI000844579,ITEM0148,1,350.00,208.57,0.00,350.00
ORD00155482,OI000844580,ITEM0012,1,900.00,402.60,0.00,900.00
ORD00155482,OI000844581,ITEM0041,1,1310.00,515.58,0.00,1310.00
ORD00155482,OI000844582,ITEM0061,2,1060.00,363.74,0.00,2120.00
ORD00155482,OI000844583,ITEM0081,2,1510.00,1047.44,0.00,3020.00
ORD00155482,OI000844584,ITEM0134,1,165.00,108.74,0.00,165.00
ORD00155482,OI000844585,ITEM0153,3,40.00,16.47,0.00,120.00
ORD00155482,OI000844586,ITEM0156,2,130.00,48.41,0.00,260.00
ORD00155483,OI000844587,ITEM0004,1,590.00,220.14,0.00,590.00
ORD00155483,OI000844588,ITEM0032,1,780.00,356.48,0.00,780.00
ORD00155483,OI000844589,ITEM0071,2,710.00,267.43,0.00,1420.00
ORD00155483,OI000844590,ITEM0087,1,3170.00,1492.61,951.00,2219.00
ORD00155483,OI000844591,ITEM0152,1,100.00,40.74,30.00,70.00
ORD00155484,OI000844592,ITEM0041,1,1310.00,515.58,0.00,1310.00
ORD00155484,OI000844593,ITEM0057,1,690.00,468.22,0.00,690.00
ORD00155484,OI000844594,ITEM0068,-1,680.00,470.19,0.00,680.00
ORD00155484,OI000844595,ITEM0074,2,1230.00,548.77,0.00,2460.00
ORD00155484,OI000844596,ITEM0082,3,2000.00,707.81,0.00,6000.00
ORD00155484,OI000844597,ITEM0143,1,470.00,187.60,0.00,470.00
ORD00155485,OI000844598,ITEM0055,3,750.00,235.61,0.00,2250.00
ORD00155485,OI000844599,ITEM0081,1,1510.00,1047.44,0.00,1510.00
ORD00155485,OI000844600,ITEM0102,1,1410.00,625.27,0.00,1410.00
ORD00155485,OI000844601,ITEM0113,1,510.00,198.15,0.00,510.00
ORD00155485,OI000844602,ITEM0150,4,130.00,50.35,0.00,520.00
ORD00155486,OI000844603,ITEM0038,1,1200.00,510.66,0.00,1200.00
ORD00155486,OI000844604,ITEM0064,2,550.00,191.14,0.00,1100.00
ORD00155486,OI000844605,ITEM0134,3,165.00,108.74,0.00,495.00
ORD00155487,OI000844606,ITEM0065,1,1360.00,503.63,0.00,1360.00
ORD00155487,OI000844607,ITEM0066,1,950.00,343.77,0.00,950.00
ORD00155487,OI000844608,ITEM0134,1,165.00,108.74,0.00,165.00
ORD00155487,OI000844609,ITEM0135,1,105.00,69.46,0.00,105.00
ORD00155487,OI000844610,ITEM0151,1,65.00,45.19,0.00,65.00
ORD00155487,OI000844611,ITEM0156,2,130.00,48.41,0.00,260.00
ORD00155488,OI000844612,ITEM0043,1,5110.00,2066.57,0.00,5110.00
ORD00155488,OI000844613,ITEM0045,1,1530.00,595.53,0.00,1530.00
ORD00155488,OI000844614,ITEM0049,1,2660.00,1132.57,0.00,2660.00
ORD00155488,OI000844615,ITEM0057,1,690.00,468.22,0.00,690.00
ORD00155488,OI000844616,ITEM0061,1,-980.00,363.74,0.00,980.00
ORD00155488,OI000844617,ITEM0112,1,310.00,140.73,0.00,310.00
ORD00155488,OI000844618,ITEM0135,1,105.00,69.46,0.00,105.00
ORD00155489,OI000844619,ITEM0039,1,980.00,450.35,0.00,980.00
ORD00155489,OI000844620,ITEM0048,1,1520.00,597.64,0.00,1520.00
ORD00155489,OI000844621,ITEM0054,2,1330.00,424.10,0.00,2660.00
ORD00155489,OI000844622,ITEM0055,2,750.00,235.61,0.00,1500.00
ORD00155489,OI000844623,ITEM0091,1,1920.00,724.96,0.00,1920.00
ORD00155489,OI000844624,ITEM0113,1,510.00,198.15,0.00,510.00
ORD00155489,OI000844625,ITEM0148,5,320.00,208.57,0.00,1600.00
ORD00155490,OI000844626,ITEM0048,1,1520.00,597.64,0.00,1520.00
ORD00155490,OI000844627,ITEM0055,1,750.00,235.61,0.00,750.00
ORD00155490,OI000844628,ITEM0057,3,690.00,468.22,0.00,2070.00
ORD00155490,OI000844629,ITEM0109,1,1500.00,513.48,0.00,1500.00
ORD00155490,OI000844630,ITEM0113,1,510.00,198.15,0.00,510.00
ORD00155490,OI000844631,ITEM0129,5,600.00,188.49,0.00,3000.00
ORD00155490,OI000844632,ITEM0132,1,410.00,163.26,0.00,410.00
ORD00155490,OI000844633,ITEM0160,6,105.00,47.30,0.00,630.00
ORD00155491,OI000844634,ITEM0005,1,450.00,149.00,0.00,450.00
ORD00155491,OI000844635,ITEM0033,2,940.00,306.02,0.00,1880.00
ORD00155491,OI000844636,ITEM0054,3,1440.00,424.10,0.00,4320.00
ORD00155491,OI000844637,ITEM0055,1,750.00,235.61,0.00,750.00
ORD00155491,OI000844638,ITEM0081,1,1510.00,1047.44,0.00,1510.00
ORD00155491,OI000844639,ITEM0110,1,1330.00,558.62,0.00,1330.00
ORD00155491,OI000844640,ITEM0138,1,265.00,113.51,0.00,265.00
ORD00155492,OI000844641,ITEM0018,2,620.00,236.34,0.00,1240.00
ORD00155492,OI000844642,ITEM0068,1,680.00,470.19,0.00,680.00
ORD00155492,OI000844643,ITEM0073,1,850.00,331.31,0.00,850.00
ORD00155492,OI000844644,ITEM0124,2,190.00,131.48,0.00,380.00
ORD00155492,OI000844645,ITEM0125,3,320.00,124.33,0.00,960.00
ORD00155492,OI000844646,ITEM0148,5,320.00,208.57,0.00,1600.00
ORD00155492,OI000844647,ITEM0155,1,220.00,95.85,0.00,220.00
ORD00155493,OI000844648,ITEM0007,2,1570.00,711.90,942.00,2198.00
ORD00155493,OI000844649,ITEM0046,1,2820.00,1115.76,0.00,2820.00
ORD00155493,OI000844650,ITEM0053,1,1470.00,605.77,0.00,1470.00
ORD00155493,OI000844651,ITEM0068,1,680.00,470.19,0.00,680.00
ORD00155493,OI000844652,ITEM0084,1,1240.00,425.59,0.00,1240.00
ORD00155493,OI000844653,ITEM0107,4,1430.00,473.19,0.00,5720.00
ORD00155493,OI000844654,ITEM0142,1,810.00,249.91,243.00,567.00
ORD00155493,OI000844655,ITEM0159,2,460.00,192.62,276.00,644.00
ORD00155494,OI000844656,ITEM0057,1,690.00,468.22,0.00,690.00
ORD00155494,OI000844657,ITEM0088,1,1710.00,651.22,0.00,1710.00
ORD00155495,OI000844658,ITEM0036,2,840.00,338.10,0.00,1680.00
ORD00155495,OI000844659,ITEM0055,2,750.00,235.61,0.00,1500.00
ORD00155495,OI000844660,ITEM0113,1,510.00,198.15,0.00,510.00
ORD00155495,OI000844661,ITEM0126,2,160.00,72.53,0.00,320.00
ORD00155495,OI000844662,ITEM0135,1,105.00,69.46,0.00,105.00
ORD00155495,OI000844663,ITEM0145,1,370.00,151.19,0.00,370.00
ORD00155495,OI000844664,ITEM0153,2,40.00,16.47,0.00,80.00
ORD00155496,OI000844665,ITEM0005,1,420.00,149.00,0.00,420.00
ORD00155496,OI000844666,ITEM0035,2,1000.00,418.08,0.00,2000.00
ORD00155496,OI000844667,ITEM0054,1,1330.00,424.10,0.00,1330.00
ORD00155497,OI000844668,ITEM0034,1,1220.00,445.69,0.00,1220.00
ORD00155497,OI000844669,ITEM0046,1,2820.00,1115.76,0.00,2820.00
ORD00155497,OI000844670,ITEM0064,1,550.00,191.14,0.00,550.00
ORD00155497,OI000844671,ITEM0092,1,1410.00,465.66,0.00,1410.00
ORD00155497,OI000844672,ITEM0157,1,800.00,322.21,0.00,800.00
ORD00155498,OI000844673,ITEM0009,1,490.00,185.03,0.00,490.00
ORD00155498,OI000844674,ITEM0159,2,460.00,192.62,0.00,920.00
ORD00155499,OI000844675,ITEM0005,1,450.00,149.00,0.00,450.00
ORD00155499,OI000844676,ITEM0070,1,1330.00,627.42,399.00,931.00
ORD00155499,OI000844677,ITEM0113,1,510.00,198.15,0.00,510.00
ORD00155499,OI000844678,ITEM0135,2,105.00,69.46,63.00,147.00
ORD00155499,OI000844679,ITEM0147,4,480.00,154.20,576.00,1344.00
ORD00155499,OI000844680,ITEM0148,2,350.00,208.57,210.00,490.00
ORD00155500,OI000844681,ITEM0016,1,560.00,210.83,0.00,560.00
ORD00155500,OI000844682,ITEM0042,2,5470.00,2596.95,3282.00,7658.00
ORD00155500,OI000844683,ITEM0148,3,320.00,208.57,288.00,672.00
ORD00155500,OI000844683,ITEM0148,3,320.00,208.57,288.00,672.00
ORD00155501,OI000844684,ITEM0029,3,950.00,312.12,0.00,2850.00
ORD00155501,OI000844685,ITEM0074,1,1230.00,548.77,0.00,1230.00
ORD00155501,OI000844686,ITEM0151,8,65.00,45.19,0.00,520.00
ORD00155502,OI000844687,ITEM0033,1,940.00,306.02,0.00,940.00
ORD00155502,OI000844688,ITEM0045,1,1530.00,595.53,0.00,1530.00
ORD00155502,OI000844689,ITEM0062,1,670.00,350.53,0.00,670.00
ORD00155502,OI000844690,ITEM0068,3,680.00,470.19,0.00,2040.00
ORD00155503,OI000844691,ITEM0033,1,940.00,306.02,0.00,940.00
ORD00155503,OI000844692,ITEM0037,3,2380.00,995.51,0.00,7140.00
ORD00155503,OI000844693,ITEM0054,2,1330.00,424.10,0.00,2660.00
ORD00155503,OI000844694,ITEM0083,1,1760.00,701.86,0.00,1760.00
ORD00155503,OI000844695,ITEM0122,3,690.00,295.82,0.00,2070.00
ORD00155503,OI000844696,ITEM0151,1,65.00,45.19,0.00,65.00
ORD00155503,OI000844697,ITEM0152,4,100.00,40.74,0.00,400.00
ORD00155504,OI000844698,ITEM0021,1,450.00,184.70,0.00,450.00
ORD00155504,OI000844699,ITEM0068,2,680.00,470.19,0.00,1360.00
ORD00155504,OI000844700,ITEM0143,5,470.00,187.60,0.00,2350.00
ORD00155505,OI000844701,ITEM0078,1,1250.00,560.33,0.00,1250.00
ORD00155505,OI000844702,ITEM0129,1,600.00,188.49,0.00,600.00
ORD00155505,OI000844703,ITEM0135,3,105.00,69.46,94.50,220.50
ORD00155505,OI000844704,ITEM0157,2,800.00,322.21,480.00,1120.00
ORD00155506,OI000844705,ITEM0045,2,1530.00,595.53,0.00,3060.00
ORD00155506,OI000844706,ITEM0048,1,1520.00,597.64,0.00,1520.00
ORD00155506,OI000844707,ITEM0139,1,410.00,69.54,0.00,410.00
ORD00155506,OI000844708,ITEM0157,3,800.00,322.21,0.00,2400.00
ORD00155507,OI000844709,ITEM0004,1,590.00,220.14,0.00,590.00
ORD00155507,OI000844710,ITEM0033,1,940.00,306.02,0.00,940.00
ORD00155507,OI000844711,ITEM0090,1,1910.00,682.77,0.00,1910.00
ORD00155507,OI000844712,ITEM0098,2,1220.00,521.65,0.00,2440.00
ORD00155507,OI000844713,ITEM0100,2,1260.00,549.26,0.00,2520.00
ORD00155507,OI000844714,ITEM0103,1,3090.00,1298.00,0.00,3090.00
ORD00155507,OI000844715,ITEM0135,1,105.00,69.46,0.00,105.00
ORD00155507,OI000844716,ITEM0138,1,265.00,113.51,0.00,265.00
ORD00155507,OI000844717,ITEM0148,4,350.00,208.57,0.00,1400.00
ORD00155508,OI000844718,ITEM0035,1,1000.00,418.08,0.00,1000.00
ORD00155508,OI000844719,ITEM0055,3,750.00,235.61,0.00,2250.00
ORD00155508,OI000844720,ITEM0102,1,1410.00,625.27,0.00,1410.00
ORD00155508,OI000844721,ITEM0124,1,190.00,131.48,0.00,190.00
ORD00155508,OI000844722,ITEM0130,3,235.00,91.80,0.00,705.00
ORD00155508,OI000844723,ITEM0145,3,370.00,151.19,0.00,1110.00
ORD00155509,OI000844724,ITEM0091,1,1920.00,724.96,0.00,1920.00
ORD00155509,OI000844725,ITEM0102,2,1410.00,625.27,0.00,2820.00
ORD00155509,OI000844726,ITEM0124,2,190.00,131.48,0.00,380.00
ORD00155509,OI000844727,ITEM0147,2,480.00,154.20,0.00,960.00
ORD00155510,OI000844728,ITEM0036,1,840.00,338.10,0.00,840.00
ORD00155510,OI000844729,ITEM0066,1,950.00,343.77,0.00,950.00
ORD00155510,OI000844730,ITEM0135,1,105.00,69.46,0.00,105.00
ORD00155510,OI000844731,ITEM0145,1,370.00,151.19,0.00,370.00
ORD00155510,OI000844732,ITEM0159,1,460.00,192.62,0.00,460.00
ORD00155511,OI000844733,ITEM0001,2,270.00,95.57,0.00,540.00
ORD00155511,OI000844734,ITEM0121,2,370.00,125.92,0.00,740.00
ORD00155511,OI000844735,ITEM0138,2,265.00,113.51,0.00,530.00
ORD00155512,OI000844736,ITEM0006,2,830.00,296.28,0.00,1660.00
ORD00155512,OI000844737,ITEM0049,1,2870.00,1132.57,0.00,2870.00
ORD00155512,OI000844738,ITEM0061,1,1060.00,363.74,0.00,1060.00
ORD00155512,OI000844739,ITEM0090,1,1910.00,682.77,0.00,1910.00
ORD00155512,OI000844740,ITEM0113,1,510.00,198.15,0.00,510.00
ORD00155512,OI000844741,ITEM0118,1,720.00,333.71,216.00,504.00
ORD00155512,OI000844742,ITEM0119,1,470.00,169.51,0.00,470.00
ORD00155512,OI000844743,ITEM0135,1,105.00,69.46,31.50,73.50
ORD00155512,OI000844744,ITEM0151,3,70.00,45.19,63.00,147.00
ORD00155513,OI000844745,ITEM0046,3,2820.00,1115.76,0.00,8460.00
ORD00155513,OI000844746,ITEM0054,1,1440.00,424.10,0.00,1440.00
ORD00155513,OI000844747,ITEM0055,1,750.00,235.61,0.00,750.00
ORD00155513,OI000844748,ITEM0068,2,680.00,470.19,0.00,1360.00
ORD00155513,OI000844749,ITEM0129,2,600.00,188.49,0.00,1200.00
ORD00155513,OI000844750,ITEM0145,2,370.00,151.19,0.00,740.00
ORD00155513,OI000844751,ITEM0150,1,130.00,50.35,0.00,130.00
ORD00155514,OI000844752,ITEM0048,1,1520.00,597.64,0.00,1520.00
ORD00155514,OI000844753,ITEM0057,1,690.00,468.22,0.00,690.00
ORD00155514,OI000844754,ITEM0058,2,1250.00,392.19,0.00,2500.00
ORD00155514,OI000844755,ITEM0068,1,680.00,470.19,0.00,680.00
ORD00155514,OI000844756,ITEM0081,1,1510.00,1047.44,0.00,1510.00
ORD00155514,OI000844757,ITEM0098,1,1220.00,521.65,0.00,1220.00
ORD00155515,OI000844758,ITEM0013,1,400.00,179.48,0.00,400.00
ORD00155515,OI000844759,ITEM0020,2,810.00,323.82,0.00,1620.00
ORD00155515,OI000844760,ITEM0027,3,420.00,144.90,0.00,1260.00
ORD00155515,OI000844761,ITEM0047,1,1780.00,627.28,0.00,1780.00
ORD00155515,OI000844762,ITEM0054,3,1440.00,424.10,0.00,4320.00
ORD00155515,OI000844763,ITEM0124,2,190.00,131.48,0.00,380.00
ORD00155515,OI000844764,ITEM0145,1,370.00,151.19,0.00,370.00
ORD00155516,OI000844765,ITEM0091,1,1920.00,724.96,0.00,1920.00
ORD00155516,OI000844766,ITEM0098,1,1220.00,521.65,0.00,1220.00
ORD00155516,OI000844767,ITEM0134,2,165.00,108.74,0.00,330.00
ORD00155516,OI000844768,ITEM0151,1,65.00,45.19,0.00,65.00
ORD00155517,OI000844769,ITEM0033,2,940.00,306.02,0.00,1880.00
ORD00155517,OI000844770,ITEM0066,1,950.00,343.77,0.00,950.00
ORD00155517,OI000844771,ITEM0070,1,1330.00,627.42,399.00,931.00
ORD00155517,OI000844772,ITEM0074,1,1230.00,548.77,0.00,1230.00
ORD00155517,OI000844773,ITEM0077,1,680.00,302.29,0.00,680.00
ORD00155517,OI000844774,ITEM0141,2,510.00,166.18,306.00,714.00
ORD00155517,OI000844775,ITEM0147,1,480.00,154.20,144.00,336.00
ORD00155517,OI000844776,ITEM0150,3,130.00,50.35,117.00,273.00
ORD00155517,OI000844777,ITEM0151,3,65.00,45.19,58.50,136.50
ORD00155517,OI000844778,ITEM0155,1,220.00,95.85,66.00,154.00
ORD00155518,OI000844779,ITEM0033,2,940.00,306.02,0.00,1880.00
ORD00155518,OI000844780,ITEM0062,1,670.00,350.53,0.00,670.00
ORD00155518,OI000844781,ITEM0065,2,1360.00,503.63,0.00,2720.00
ORD00155518,OI000844782,ITEM0084,3,1240.00,425.59,0.00,3720.00
ORD00155518,OI000844783,ITEM0147,3,480.00,154.20,0.00,1440.00
ORD00155519,OI000844784,ITEM0020,1,810.00,323.82,0.00,810.00
ORD00155519,OI000844785,ITEM0045,1,1530.00,595.53,0.00,1530.00
ORD00155519,OI000844786,ITEM0048,1,1520.00,597.64,0.00,1520.00
ORD00155519,OI000844787,ITEM0113,2,510.00,198.15,0.00,1020.00
ORD00155519,OI000844788,ITEM0129,3,600.00,188.49,0.00,1800.00
ORD00155519,OI000844789,ITEM0141,2,510.00,166.18,0.00,1020.00
ORD00155520,OI000844790,ITEM0009,1,490.00,185.03,0.00,490.00
ORD00155520,OI000844791,ITEM0020,1,810.00,323.82,0.00,810.00
ORD00155520,OI000844792,ITEM0042,1,5470.00,2596.95,1641.00,3829.00
ORD00155520,OI000844793,ITEM0048,1,1520.00,597.64,0.00,1520.00
ORD00155520,OI000844794,ITEM0113,1,510.00,198.15,0.00,510.00
ORD00155520,OI000844795,ITEM0135,1,105.00,69.46,31.50,73.50
ORD00155520,OI000844796,ITEM0147,2,480.00,154.20,288.00,672.00
ORD00155520,OI000844797,ITEM0157,1,800.00,322.21,240.00,560.00
ORD00155521,OI000844798,ITEM0151,3,65.00,45.19,0.00,195.00
ORD00155522,OI000844799,ITEM0008,1,1030.00,165.58,0.00,1030.00
ORD00155522,OI000844799,ITEM0008,1,1030.00,165.58,0.00,1030.00
ORD00155522,OI000844800,ITEM0045,1,1530.00,595.53,0.00,1530.00
ORD00155522,OI000844801,ITEM0054,2,1330.00,424.10,0.00,2660.00
ORD00155522,OI000844802,ITEM0075,1,630.00,269.61,0.00,630.00
ORD00155522,OI000844803,ITEM0148,4,320.00,208.57,0.00,1280.00
ORD00155522,OI000844804,ITEM0151,4,65.00,45.19,0.00,260.00
ORD00155523,OI000844805,ITEM0015,4,520.00,184.59,0.00,2080.00
ORD00155523,OI000844806,ITEM0041,1,1310.00,515.58,0.00,1310.00
ORD00155523,OI000844807,ITEM0054,1,1330.00,424.10,0.00,1330.00
ORD00155523,OI000844808,ITEM0068,1,680.00,470.19,0.00,680.00
ORD00155523,OI000844809,ITEM0135,1,105.00,69.46,0.00,105.00
ORD00155523,OI000844810,ITEM0138,1,265.00,113.51,0.00,265.00
ORD00155523,OI000844811,ITEM0148,3,320.00,208.57,0.00,960.00
ORD00155523,OI000844812,ITEM0151,3,65.00,45.19,0.00,195.00
ORD00155523,OI000844813,ITEM0159,7,460.00,192.62,0.00,3220.00
ORD00155524,OI000844814,ITEM0045,2,1530.00,595.53,0.00,3060.00
ORD00155524,OI000844815,ITEM0058,1,1250.00,392.19,0.00,1250.00
ORD00155524,OI000844816,ITEM0077,1,680.00,302.29,0.00,680.00
ORD00155524,OI000844817,ITEM0113,1,510.00,198.15,0.00,510.00
ORD00155524,OI000844818,ITEM0124,1,190.00,131.48,0.00,190.00
ORD00155524,OI000844819,ITEM0126,1,160.00,72.53,0.00,160.00
ORD00155524,OI000844820,ITEM0148,1,320.00,208.57,0.00,320.00
ORD00155525,OI000844821,ITEM0054,1,1330.00,424.10,0.00,1330.00
ORD00155525,OI000844822,ITEM0065,1,1360.00,503.63,0.00,1360.00
ORD00155525,OI000844823,ITEM0066,2,950.00,343.77,0.00,1900.00
ORD00155525,OI000844824,ITEM0077,1,680.00,302.29,0.00,680.00
ORD00155525,OI000844825,ITEM0083,1,1760.00,701.86,0.00,1760.00
ORD00155525,OI000844826,ITEM0091,2,1920.00,724.96,0.00,3840.00
ORD00155525,OI000844827,ITEM0109,2,1500.00,513.48,0.00,3000.00
ORD00155525,OI000844828,ITEM0113,2,510.00,198.15,0.00,1020.00
ORD00155525,OI000844829,ITEM0135,3,105.00,69.46,0.00,315.00
ORD00155525,OI000844830,ITEM0153,3,40.00,16.47,0.00,120.00
ORD00155525,OI000844831,ITEM0157,2,800.00,322.21,0.00,1600.00
ORD00155526,OI000844832,ITEM0040,1,750.00,267.75,0.00,750.00
ORD00155526,OI000844833,ITEM0091,1,1920.00,724.96,0.00,1920.00
ORD00155526,OI000844834,ITEM0113,2,510.00,198.15,0.00,1020.00
ORD00155526,OI000844835,ITEM0138,1,265.00,113.51,0.00,265.00
ORD00155526,OI000844836,ITEM0153,5,40.00,16.47,0.00,200.00
ORD00155527,OI000844837,ITEM0058,1,1250.00,392.19,0.00,1250.00
ORD00155527,OI000844838,ITEM0059,1,730.00,317.89,0.00,730.00
ORD00155527,OI000844839,ITEM0112,1,310.00,140.73,0.00,310.00
ORD00155528,OI000844840,ITEM0015,2,520.00,184.59,0.00,1040.00
ORD00155528,OI000844841,ITEM0045,1,1530.00,595.53,0.00,1530.00
ORD00155528,OI000844842,ITEM0113,4,510.00,198.15,0.00,2040.00
ORD00155529,OI000844843,ITEM0048,2,1520.00,597.64,0.00,3040.00
ORD00155529,OI000844844,ITEM0068,1,680.00,470.19,0.00,680.00
ORD00155529,OI000844845,ITEM0087,1,3170.00,1492.61,951.00,2219.00
ORD00155529,OI000844846,ITEM0132,2,410.00,163.26,0.00,820.00
ORD00155529,OI000844847,ITEM0141,1,510.00,166.18,153.00,357.00
ORD00155529,OI000844848,ITEM0156,3,130.00,48.41,117.00,273.00
ORD00155530,OI000844849,ITEM0050,1,1910.00,776.26,0.00,1910.00
ORD00155530,OI000844850,ITEM0064,1,550.00,191.14,0.00,550.00
ORD00155530,OI000844851,ITEM0065,1,1360.00,503.63,0.00,1360.00
ORD00155530,OI000844852,ITEM0134,1,165.00,108.74,0.00,165.00
ORD00155530,OI000844853,ITEM0139,4,410.00,69.54,0.00,1640.00
ORD00155530,OI000844854,ITEM0150,1,130.00,50.35,0.00,130.00
ORD00155531,OI000844855,ITEM0023,4,470.00,200.14,0.00,1880.00
ORD00155531,OI000844856,ITEM0049,2,2660.00,1132.57,0.00,5320.00
ORD00155531,OI000844857,ITEM0068,1,680.00,470.19,0.00,680.00
ORD00155531,OI000844858,ITEM0083,2,1760.00,701.86,0.00,3520.00
ORD00155531,OI000844859,ITEM0110,2,1330.00,558.62,0.00,2660.00
ORD00155531,OI000844860,ITEM0128,2,510.00,72.23,0.00,1020.00
ORD00155531,OI000844861,ITEM0134,1,165.00,108.74,0.00,165.00
ORD00155531,OI000844862,ITEM0148,3,320.00,208.57,0.00,960.00
ORD00155532,OI000844863,ITEM0118,1,670.00,333.71,0.00,670.00
ORD00155532,OI000844864,ITEM0129,1,600.00,188.49,0.00,600.00
ORD00155532,OI000844864,ITEM0129,1,600.00,188.49,0.00,600.00
ORD00155532,OI000844865,ITEM0134,3,165.00,108.74,0.00,495.00
ORD00155532,OI000844866,ITEM0135,1,105.00,69.46,0.00,105.00
ORD00155532,OI000844867,ITEM0151,2,65.00,45.19,0.00,130.00
ORD00155533,OI000844868,ITEM0053,1,1360.00,605.77,0.00,1360.00
ORD00155533,OI000844869,ITEM0054,1,1330.00,424.10,0.00,1330.00
ORD00155533,OI000844870,ITEM0057,2,690.00,468.22,0.00,1380.00
ORD00155533,OI000844871,ITEM0091,1,1920.00,724.96,0.00,1920.00
ORD00155534,OI000844872,ITEM0033,1,940.00,306.02,0.00,940.00
ORD00155534,OI000844873,ITEM0151,3,65.00,45.19,0.00,195.00
ORD00155535,OI000844874,ITEM0004,1,590.00,220.14,0.00,590.00
ORD00155535,OI000844875,ITEM0124,1,190.00,131.48,0.00,190.00
ORD00155535,OI000844876,ITEM0148,1,350.00,208.57,0.00,350.00
ORD00155536,OI000844877,ITEM0018,1,620.00,236.34,0.00,620.00
ORD00155536,OI000844878,ITEM0045,2,1530.00,595.53,0.00,3060.00
ORD00155536,OI000844879,ITEM0062,2,670.00,350.53,0.00,1340.00
ORD00155536,OI000844880,ITEM0081,1,1510.00,1047.44,0.00,1510.00
ORD00155536,OI000844881,ITEM0138,1,265.00,113.51,0.00,265.00
ORD00155537,OI000844882,ITEM0054,1,1440.00,424.10,0.00,1440.00
ORD00155537,OI000844883,,1,190.00,131.48,0.00,190.00
ORD00155538,OI000844884,ITEM0002,1,215.00,75.87,0.00,215.00
ORD00155538,OI000844885,ITEM0081,1,1510.00,1047.44,0.00,1510.00
ORD00155538,OI000844886,ITEM0135,1,105.00,69.46,0.00,105.00
ORD00155538,OI000844887,ITEM0154,2,370.00,126.03,0.00,740.00
ORD00155539,OI000844888,ITEM0016,1,560.00,210.83,0.00,560.00
ORD00155539,OI000844889,ITEM0043,1,5110.00,2066.57,0.00,5110.00
ORD00155539,OI000844890,ITEM0047,1,1650.00,627.28,0.00,1650.00
ORD00155539,OI000844891,ITEM0048,2,1520.00,597.64,0.00,3040.00
ORD00155539,OI000844892,ITEM0054,2,1330.00,424.10,0.00,2660.00
ORD00155539,OI000844893,ITEM0056,1,1440.00,468.22,0.00,1440.00
ORD00155539,OI000844894,ITEM0059,1,730.00,317.89,0.00,730.00
ORD00155539,OI000844895,ITEM0081,1,1510.00,1047.44,0.00,1510.00
ORD00155539,OI000844896,ITEM0091,2,1920.00,724.96,0.00,3840.00
ORD00155539,OI000844897,ITEM0092,1,1410.00,465.66,0.00,1410.00
ORD00155539,OI000844898,ITEM0105,1,2660.00,878.39,0.00,2660.00
ORD00155539,OI000844899,ITEM0109,2,1500.00,513.48,0.00,3000.00
ORD00155539,OI000844900,ITEM0133,2,180.00,78.35,0.00,360.00
ORD00155539,OI000844901,ITEM0151,8,65.00,45.19,0.00,520.00
ORD00155540,OI000844902,ITEM0010,1,1390.00,568.66,0.00,1390.00
ORD00155540,OI000844903,ITEM0055,1,750.00,235.61,0.00,750.00
ORD00155540,OI000844904,ITEM0125,1,320.00,124.33,0.00,320.00
ORD00155540,OI000844905,ITEM0134,4,165.00,108.74,0.00,660.00
ORD00155540,OI000844906,ITEM0139,5,410.00,69.54,0.00,2050.00
ORD00155540,OI000844907,ITEM0157,2,800.00,322.21,0.00,1600.00
ORD00155541,OI000844908,ITEM0042,1,5470.00,2596.95,1641.00,3829.00
ORD00155541,OI000844909,ITEM0081,2,1510.00,1047.44,0.00,3020.00
ORD00155541,OI000844910,ITEM0114,2,270.00,86.95,0.00,540.00
ORD00155541,OI000844911,ITEM0125,1,320.00,124.33,0.00,320.00
ORD00155541,OI000844912,ITEM0134,2,165.00,108.74,99.00,231.00
ORD00155542,OI000844913,ITEM0148,4,320.00,208.57,0.00,1280.00
ORD00155542,OI000844914,ITEM0151,2,65.00,45.19,0.00,130.00
ORD00155543,OI000844915,ITEM0043,1,5110.00,2066.57,0.00,5110.00
ORD00155543,OI000844916,ITEM0147,1,480.00,154.20,0.00,480.00
ORD00155543,OI000844917,ITEM0148,3,320.00,208.57,0.00,960.00
ORD00155544,OI000844918,ITEM0032,1,840.00,356.48,0.00,840.00
ORD00155544,OI000844919,ITEM0055,1,750.00,235.61,0.00,750.00
ORD00155544,OI000844920,ITEM0081,1,1510.00,1047.44,0.00,1510.00
ORD00155544,OI000844921,ITEM0160,2,105.00,47.30,0.00,210.00
ORD00155545,OI000844922,ITEM0025,2,820.00,334.06,0.00,1640.00
ORD00155545,OI000844923,ITEM0046,1,2820.00,1115.76,0.00,2820.00
ORD00155545,OI000844924,,1,680.00,266.66,0.00,680.00
ORD00155545,OI000844925,ITEM0122,3,690.00,295.82,0.00,2070.00
ORD00155546,OI000844926,ITEM0012,1,900.00,402.60,0.00,900.00
ORD00155546,OI000844927,ITEM0068,1,680.00,470.19,0.00,680.00
ORD00155546,OI000844928,ITEM0092,1,1410.00,465.66,0.00,1410.00
ORD00155546,OI000844929,ITEM0106,1,4170.00,1825.61,0.00,4170.00
ORD00155546,OI000844930,ITEM0117,1,930.00,145.29,0.00,930.00
ORD00155547,OI000844931,ITEM0013,1,400.00,179.48,0.00,400.00
ORD00155547,OI000844932,ITEM0050,1,1770.00,776.26,0.00,1770.00
ORD00155547,OI000844933,ITEM0058,1,0.00,392.19,0.00,1250.00
ORD00155547,OI000844934,ITEM0068,1,680.00,470.19,0.00,680.00
ORD00155547,OI000844935,ITEM0075,1,630.00,269.61,0.00,630.00
ORD00155547,OI000844936,ITEM0102,2,1410.00,625.27,0.00,2820.00
ORD00155547,OI000844937,ITEM0124,1,190.00,131.48,0.00,190.00
ORD00155547,OI000844938,ITEM0129,2,600.00,188.49,0.00,1200.00
ORD00155547,OI000844939,ITEM0132,1,410.00,163.26,0.00,410.00
ORD00155547,OI000844940,ITEM0143,1,470.00,187.60,0.00,470.00
ORD00155547,OI000844941,ITEM0145,1,370.00,151.19,0.00,370.00
ORD00155547,OI000844942,ITEM0148,3,320.00,208.57,0.00,960.00
ORD00155548,OI000844943,ITEM0044,1,1600.00,512.67,0.00,1600.00
ORD00155548,OI000844944,ITEM0045,1,1530.00,595.53,0.00,1530.00
ORD00155548,OI000844945,ITEM0068,2,680.00,470.19,0.00,1360.00
ORD00155548,OI000844946,ITEM0081,1,1510.00,1047.44,0.00,1510.00
ORD00155548,OI000844947,ITEM0130,1,235.00,91.80,0.00,235.00
ORD00155548,OI000844948,ITEM0157,1,800.00,322.21,0.00,800.00
ORD00155549,OI000844949,ITEM0048,2,1520.00,597.64,0.00,3040.00
ORD00155549,OI000844950,ITEM0054,1,1440.00,424.10,0.00,1440.00
ORD00155549,OI000844951,ITEM0066,3,950.00,343.77,0.00,2850.00
ORD00155549,OI000844952,ITEM0082,2,2000.00,707.81,0.00,4000.00
ORD00155549,OI000844953,ITEM0124,1,190.00,131.48,0.00,190.00
ORD00155549,OI000844954,ITEM0133,4,180.00,78.35,0.00,720.00
ORD00155549,OI000844955,ITEM0147,2,480.00,154.20,0.00,960.00
ORD00155549,OI000844956,ITEM0155,4,220.00,95.85,0.00,880.00
ORD00155550,OI000844957,ITEM0067,1,320.00,108.16,0.00,320.00
ORD00155550,OI000844958,ITEM0112,1,310.00,140.73,0.00,310.00
ORD00155550,OI000844959,ITEM0133,2,180.00,78.35,0.00,360.00
ORD00155551,OI000844960,ITEM0045,1,1530.00,595.53,0.00,1530.00
ORD00155551,OI000844961,ITEM0054,1,1330.00,424.10,0.00,1330.00
ORD00155551,OI000844962,ITEM0055,1,750.00,235.61,0.00,750.00
ORD00155551,OI000844963,ITEM0057,1,690.00,468.22,0.00,690.00
ORD00155551,OI000844964,ITEM0091,1,1920.00,724.96,0.00,1920.00
ORD00155551,OI000844965,ITEM0125,1,320.00,124.33,0.00,320.00
ORD00155551,OI000844966,ITEM0152,2,100.00,40.74,0.00,200.00
ORD00155551,OI000844966,ITEM0152,2,100.00,40.74,0.00,200.00
ORD00155552,OI000844967,ITEM0048,1,1520.00,597.64,0.00,1520.00
ORD00155553,OI000844968,ITEM0015,1,520.00,184.59,0.00,520.00
ORD00155553,OI000844969,ITEM0057,2,690.00,468.22,0.00,1380.00
ORD00155553,OI000844970,ITEM0068,1,680.00,470.19,0.00,680.00
ORD00155553,OI000844971,ITEM0151,2,65.00,45.19,0.00,130.00
ORD00155554,OI000844972,ITEM0092,2,1410.00,465.66,0.00,2820.00
ORD00155554,OI000844973,ITEM0123,1,310.00,138.90,0.00,310.00
ORD00155554,OI000844974,ITEM0135,1,105.00,69.46,0.00,105.00
ORD00155554,OI000844975,ITEM0148,3,320.00,208.57,0.00,960.00
ORD00155555,OI000844976,ITEM0041,1,1310.00,515.58,0.00,1310.00
ORD00155555,OI000844977,ITEM0048,2,1520.00,597.64,0.00,3040.00
ORD00155555,OI000844977,ITEM0048,2,1520.00,597.64,0.00,3040.00
ORD00155555,OI000844978,ITEM0075,1,630.00,269.61,0.00,630.00
ORD00155555,OI000844979,ITEM0156,4,130.00,48.41,0.00,520.00
ORD00155555,OI000844980,ITEM0157,5,800.00,322.21,0.00,4000.00
ORD00155556,OI000844981,ITEM0054,3,1330.00,424.10,0.00,3990.00
ORD00155556,OI000844982,ITEM0113,1,510.00,198.15,0.00,510.00
ORD00155556,OI000844983,ITEM0129,1,600.00,188.49,0.00,600.00
ORD00155556,OI000844984,ITEM0143,1,470.00,187.60,0.00,470.00
ORD00155556,OI000844985,ITEM0147,2,480.00,154.20,0.00,960.00
ORD00155557,OI000844986,ITEM0045,3,1530.00,595.53,0.00,4590.00
ORD00155558,OI000844987,ITEM0035,1,1000.00,418.08,0.00,1000.00
ORD00155558,OI000844988,ITEM0057,1,690.00,468.22,0.00,690.00
ORD00155558,OI000844989,ITEM0062,1,670.00,350.53,0.00,670.00
ORD00155558,OI000844990,ITEM0077,2,680.00,302.29,0.00,1360.00
ORD00155558,OI000844991,ITEM0083,1,1760.00,701.86,0.00,1760.00
ORD00155558,OI000844992,ITEM0091,2,1920.00,724.96,0.00,3840.00
ORD00155558,OI000844993,ITEM0147,2,480.00,154.20,0.00,960.00
ORD00155558,OI000844994,ITEM0151,2,65.00,45.19,0.00,130.00
ORD00155559,OI000844995,ITEM0042,1,5470.00,2596.95,1641.00,3829.00
ORD00155559,OI000844996,ITEM0054,1,1330.00,424.10,0.00,1330.00
ORD00155559,OI000844997,ITEM0070,1,1330.00,627.42,399.00,931.00
ORD00155559,OI000844998,ITEM0143,2,470.00,187.60,282.00,658.00
ORD00155559,OI000844999,ITEM0151,1,65.00,45.19,19.50,45.50
ORD00155559,OI000845000,ITEM0154,2,370.00,126.03,222.00,518.00
ORD00155560,OI000845001,ITEM0045,1,1530.00,595.53,0.00,1530.00
ORD00155560,OI000845002,ITEM0073,1,850.00,331.31,0.00,850.00
ORD00155560,OI000845003,ITEM3968,2,1510.00,1047.44,0.00,3020.00
ORD00155560,OI000845004,ITEM0137,3,310.00,112.52,0.00,930.00
ORD00155560,OI000845005,ITEM0154,2,370.00,126.03,0.00,740.00
ORD00155561,OI000845006,ITEM0013,1,400.00,179.48,0.00,400.00
ORD00155561,OI000845007,ITEM0057,1,690.00,468.22,0.00,690.00
ORD00155561,OI000845008,ITEM0062,1,670.00,350.53,0.00,670.00
ORD00155561,OI000845009,ITEM0081,1,1510.00,1047.44,0.00,1510.00
ORD00155561,OI000845010,ITEM0087,1,3170.00,1492.61,951.00,2219.00
ORD00155561,OI000845011,ITEM0142,1,810.00,249.91,243.00,567.00
ORD00155561,OI000845012,ITEM0143,1,470.00,187.60,141.00,329.00
ORD00155561,OI000845013,ITEM0151,4,65.00,45.19,78.00,182.00
ORD00155561,OI000845014,ITEM0157,1,800.00,322.21,240.00,560.00
ORD00155562,OI000845015,ITEM0046,1,2820.00,1115.76,0.00,2820.00
ORD00155562,OI000845016,ITEM0087,1,3420.00,1492.61,1026.00,2394.00
ORD00155562,OI000845017,ITEM0094,1,1550.00,716.43,0.00,1550.00
ORD00155562,OI000845018,ITEM0113,2,510.00,198.15,0.00,1020.00
ORD00155562,OI000845019,ITEM0135,1,105.00,69.46,31.50,73.50
ORD00155562,OI000845020,ITEM0151,1,70.00,45.19,21.00,49.00
ORD00155562,OI000845021,ITEM0152,1,100.00,40.74,30.00,70.00
ORD00155563,OI000845022,ITEM0002,2,215.00,75.87,0.00,430.00
ORD00155563,OI000845023,ITEM0014,1,490.00,180.01,0.00,490.00
ORD00155563,OI000845024,ITEM0015,1,520.00,184.59,0.00,520.00
ORD00155563,OI000845025,ITEM0139,1,410.00,69.54,0.00,410.00
ORD00155563,OI000845026,ITEM0157,2,800.00,322.21,0.00,1600.00
ORD00155564,OI000845027,ITEM0058,3,1250.00,392.19,0.00,3750.00
ORD00155564,OI000845028,ITEM0087,1,3170.00,1492.61,951.00,2219.00
ORD00155564,OI000845029,ITEM0148,1,320.00,208.57,96.00,224.00
ORD00155565,OI000845030,ITEM0005,1,420.00,149.00,0.00,420.00
ORD00155565,OI000845031,ITEM0033,1,940.00,306.02,0.00,940.00
ORD00155565,OI000845032,ITEM0068,4,680.00,470.19,0.00,2720.00
ORD00155565,OI000845033,ITEM0075,1,630.00,269.61,0.00,630.00
ORD00155565,OI000845034,ITEM0103,2,3090.00,1298.00,0.00,6180.00
ORD00155565,OI000845035,ITEM0151,3,65.00,45.19,0.00,195.00
ORD00155566,OI000845036,ITEM0081,1,1510.00,1047.44,0.00,1510.00
ORD00155566,OI000845037,ITEM0154,2,370.00,126.03,0.00,740.00
ORD00155567,OI000845038,ITEM0003,2,380.00,142.17,0.00,760.00
ORD00155567,OI000845039,ITEM0042,1,5470.00,2596.95,0.00,5470.00
ORD00155567,OI000845040,ITEM0047,1,1780.00,627.28,0.00,1780.00
ORD00155567,OI000845041,ITEM0061,1,1060.00,363.74,0.00,1060.00
ORD00155567,OI000845042,ITEM0134,4,165.00,108.74,0.00,660.00
ORD00155567,OI000845043,ITEM0147,1,480.00,154.20,0.00,480.00
ORD00155568,OI000845044,ITEM0013,1,400.00,179.48,0.00,400.00
ORD00155568,OI000845045,ITEM0036,2,840.00,338.10,0.00,1680.00
ORD00155568,OI000845046,ITEM0048,1,1520.00,597.64,0.00,1520.00
ORD00155568,OI000845047,ITEM0090,1,1910.00,682.77,0.00,1910.00
ORD00155568,OI000845048,ITEM0135,2,105.00,69.46,0.00,210.00
ORD00155569,OI000845049,ITEM0003,4,380.00,142.17,0.00,1520.00
ORD00155569,OI000845050,ITEM0020,4,810.00,323.82,0.00,3240.00
ORD00155569,OI000845051,ITEM0045,2,1530.00,595.53,0.00,3060.00
ORD00155569,OI000845052,ITEM0048,2,1520.00,597.64,0.00,3040.00
ORD00155569,OI000845053,ITEM0102,1,1520.00,625.27,0.00,1520.00
ORD00155570,OI000845054,ITEM0029,1,950.00,312.12,0.00,950.00
ORD00155570,OI000845055,ITEM0036,2,840.00,338.10,0.00,1680.00
ORD00155570,OI000845056,ITEM0070,1,1330.00,627.42,399.00,931.00
ORD00155570,OI000845057,ITEM0113,1,510.00,198.15,0.00,510.00
ORD00155570,OI000845058,ITEM0148,1,320.00,208.57,96.00,224.00
ORD00155571,OI000845059,ITEM0055,1,750.00,235.61,0.00,750.00
ORD00155571,OI000845060,ITEM0057,1,690.00,468.22,0.00,690.00
ORD00155571,OI000845061,ITEM0124,2,190.00,131.48,0.00,380.00
ORD00155571,OI000845062,ITEM0133,2,180.00,78.35,0.00,360.00
ORD00155571,OI000845063,ITEM0138,2,265.00,113.51,0.00,530.00
ORD00155571,OI000845064,ITEM0148,2,320.00,208.57,0.00,640.00
ORD00155572,OI000845065,ITEM0039,1,980.00,450.35,0.00,980.00
ORD00155572,OI000845066,ITEM0045,1,1530.00,595.53,0.00,1530.00
ORD00155572,OI000845067,ITEM0049,2,2870.00,1132.57,0.00,5740.00
ORD00155572,OI000845068,ITEM0055,1,750.00,235.61,0.00,750.00
ORD00155572,OI000845069,ITEM0090,1,1910.00,682.77,0.00,1910.00
ORD00155572,OI000845070,ITEM0112,3,310.00,140.73,0.00,930.00
ORD00155572,OI000845071,ITEM0113,2,510.00,198.15,0.00,1020.00
ORD00155572,OI000845072,ITEM0148,4,350.00,208.57,0.00,1400.00
ORD00155573,OI000845073,ITEM0042,1,5470.00,2596.95,1641.00,3829.00
ORD00155573,OI000845074,ITEM0045,1,1530.00,595.53,0.00,1530.00
ORD00155573,OI000845075,ITEM0074,1,1230.00,548.77,0.00,1230.00
ORD00155573,OI000845076,ITEM0126,2,160.00,72.53,0.00,320.00
ORD00155573,OI000845077,ITEM0151,2,70.00,45.19,42.00,98.00
ORD00155573,OI000845078,ITEM0155,1,220.00,95.85,66.00,154.00
ORD00155574,OI000845079,ITEM0041,1,1310.00,515.58,0.00,1310.00
ORD00155574,OI000845080,ITEM0112,1,310.00,140.73,0.00,310.00
ORD00155574,OI000845081,ITEM0139,5,410.00,69.54,0.00,2050.00
ORD00155574,OI000845082,ITEM0141,2,510.00,166.18,0.00,1020.00
ORD00155574,OI000845083,ITEM0145,3,370.00,151.19,0.00,1110.00
ORD00155574,OI000845084,ITEM0148,1,320.00,208.57,0.00,320.00
ORD00155574,OI000845085,ITEM0155,1,220.00,95.85,0.00,220.00
ORD00155575,OI000845086,ITEM0530,1,840.00,338.10,0.00,840.00
ORD00155575,OI000845087,ITEM0045,1,1530.00,595.53,0.00,1530.00
ORD00155575,OI000845088,ITEM0048,1,1520.00,597.64,0.00,1520.00
ORD00155575,OI000845089,ITEM0055,2,750.00,235.61,0.00,1500.00
ORD00155575,OI000845090,ITEM0061,3,980.00,363.74,0.00,2940.00
ORD00155575,OI000845091,ITEM0068,1,680.00,470.19,0.00,680.00
ORD00155575,OI000845092,ITEM0122,1,690.00,295.82,0.00,690.00
ORD00155575,OI000845093,ITEM0148,1,320.00,208.57,0.00,320.00
ORD00155575,OI000845094,ITEM0151,1,65.00,45.19,0.00,65.00
ORD00155576,OI000845095,ITEM0033,1,940.00,306.02,0.00,940.00
ORD00155576,OI000845096,ITEM0118,1,670.00,333.71,0.00,670.00
ORD00155576,OI000845097,ITEM0126,1,160.00,72.53,0.00,160.00
ORD00155576,OI000845098,ITEM0148,1,320.00,208.57,0.00,320.00
ORD00155576,OI000845099,ITEM0151,1,65.00,45.19,0.00,65.00
ORD00155577,OI000845100,ITEM0036,1,840.00,338.10,0.00,840.00
ORD00155577,OI000845101,ITEM0134,2,165.00,108.74,0.00,330.00
ORD00155577,OI000845102,ITEM0148,1,320.00,208.57,0.00,320.00
ORD00155578,OI000845103,ITEM0042,2,5470.00,2596.95,3282.00,7658.00
ORD00155578,OI000845104,ITEM0054,1,1330.00,424.10,0.00,1330.00
ORD00155578,OI000845105,ITEM0125,3,320.00,124.33,0.00,960.00
ORD00155578,OI000845106,ITEM0145,4,370.00,151.19,444.00,1036.00
ORD00155578,OI000845107,ITEM0148,2,320.00,208.57,192.00,448.00
ORD00155579,OI000845108,ITEM0050,3,1910.00,776.26,0.00,5730.00
ORD00155579,OI000845109,ITEM0061,2,1060.00,363.74,0.00,2120.00
ORD00155579,OI000845110,ITEM0124,3,190.00,131.48,0.00,570.00
ORD00155579,OI000845111,ITEM0143,1,470.00,187.60,0.00,470.00
ORD00155579,OI000845112,ITEM0151,1,70.00,45.19,0.00,70.00
ORD00155579,OI000845113,ITEM0154,1,370.00,126.03,0.00,370.00
ORD00155580,OI000845114,ITEM0005,3,420.00,149.00,0.00,1260.00
ORD00155580,OI000845115,,1,550.00,191.14,0.00,550.00
ORD00155580,OI000845116,ITEM0081,1,1510.00,1047.44,0.00,1510.00
ORD00155580,OI000845117,ITEM0126,1,160.00,72.53,0.00,160.00
ORD00155580,OI000845118,ITEM0132,1,410.00,163.26,0.00,410.00
ORD00155580,OI000845119,ITEM0151,4,65.00,45.19,0.00,260.00
ORD00155581,OI000845120,ITEM0003,1,380.00,142.17,0.00,380.00
ORD00155581,OI000845121,ITEM0072,1,790.00,332.55,0.00,790.00
ORD00155581,OI000845122,ITEM0076,1,810.00,294.74,0.00,810.00
ORD00155581,OI000845123,ITEM0134,2,165.00,108.74,0.00,330.00
ORD00155582,OI000845124,ITEM0016,1,560.00,210.83,0.00,560.00
ORD00155582,OI000845125,ITEM0075,1,630.00,269.61,0.00,630.00
ORD00155582,OI000845126,ITEM0133,1,180.00,78.35,0.00,180.00
ORD00155583,OI000845127,ITEM0033,1,940.00,306.02,0.00,940.00
ORD00155583,OI000845128,ITEM0055,2,750.00,235.61,0.00,1500.00
ORD00155583,OI000845129,ITEM0059,3,790.00,317.89,0.00,2370.00
ORD00155583,OI000845130,ITEM0068,1,680.00,470.19,0.00,680.00
ORD00155583,OI000845131,ITEM0077,1,730.00,302.29,0.00,730.00
ORD00155584,OI000845132,ITEM0113,1,510.00,198.15,0.00,510.00
ORD00155584,OI000845133,ITEM0127,2,500.00,76.86,0.00,1000.00
ORD00155584,OI000845134,ITEM0152,3,100.00,40.74,0.00,300.00
ORD00155585,OI000845135,ITEM0011,1,940.00,340.59,0.00,940.00
ORD00155585,OI000845136,ITEM0068,2,680.00,470.19,0.00,1360.00
ORD00155585,OI000845137,ITEM0089,1,2070.00,892.05,0.00,2070.00
ORD00155585,OI000845138,ITEM0102,1,1410.00,625.27,0.00,1410.00
ORD00155585,OI000845139,ITEM0147,1,480.00,154.20,0.00,480.00
ORD00155585,OI000845140,ITEM0151,2,65.00,45.19,0.00,130.00
ORD00155586,OI000845141,ITEM0036,1,840.00,338.10,0.00,840.00
ORD00155586,OI000845142,ITEM0138,4,265.00,113.51,0.00,1060.00
ORD00155586,OI000845143,ITEM0154,1,370.00,126.03,0.00,370.00
ORD00155587,OI000845144,ITEM0020,2,810.00,323.82,0.00,1620.00
ORD00155587,OI000845145,ITEM0061,2,1060.00,363.74,0.00,2120.00
ORD00155587,OI000845146,ITEM0113,1,510.00,198.15,0.00,510.00
ORD00155588,OI000845147,ITEM0042,1,5470.00,2596.95,1641.00,3829.00
ORD00155588,OI000845148,ITEM0050,2,1770.00,776.26,0.00,3540.00
ORD00155588,OI000845149,ITEM0135,2,105.00,69.46,63.00,147.00
ORD00155588,OI000845150,ITEM0147,2,480.00,154.20,288.00,672.00
ORD00155589,OI000845151,ITEM0001,1,270.00,95.57,0.00,270.00
ORD00155589,OI000845152,ITEM0047,2,1650.00,627.28,0.00,3300.00
ORD00155589,OI000845153,ITEM0113,1,510.00,198.15,0.00,510.00
ORD00155589,OI000845154,ITEM0141,1,510.00,166.18,0.00,510.00
ORD00155590,OI000845155,ITEM0002,2,215.00,75.87,0.00,430.00
ORD00155590,OI000845156,ITEM0018,3,620.00,236.34,0.00,1860.00
ORD00155590,OI000845157,ITEM0031,1,1100.00,364.08,0.00,1100.00
ORD00155590,OI000845158,ITEM0077,1,680.00,302.29,0.00,680.00
ORD00155590,OI000845159,ITEM0094,2,1550.00,716.43,0.00,3100.00
ORD00155590,OI000845160,ITEM0113,1,510.00,198.15,0.00,510.00
ORD00155590,OI000845161,ITEM0138,2,265.00,113.51,159.00,371.00
ORD00155590,OI000845162,ITEM0156,3,130.00,48.41,117.00,273.00
ORD00155590,OI000845163,ITEM0157,1,800.00,322.21,240.00,560.00
ORD00155591,OI000845164,ITEM0002,1,215.00,75.87,0.00,215.00
ORD00155591,OI000845165,ITEM0033,1,940.00,306.02,0.00,940.00
ORD00155591,OI000845166,ITEM0046,1,2820.00,1115.76,0.00,2820.00
ORD00155591,OI000845167,ITEM0081,2,1510.00,1047.44,0.00,3020.00
ORD00155592,OI000845168,ITEM0033,1,940.00,306.02,0.00,940.00
ORD00155592,OI000845169,ITEM0048,1,1520.00,597.64,0.00,1520.00
ORD00155592,OI000845170,ITEM0050,2,1770.00,776.26,0.00,3540.00
ORD00155592,OI000845171,ITEM0068,1,680.00,470.19,0.00,680.00
ORD00155592,OI000845172,ITEM0091,2,1920.00,724.96,0.00,3840.00
ORD00155592,OI000845173,ITEM0102,2,1410.00,625.27,0.00,2820.00
ORD00155592,OI000845173,ITEM0102,2,1410.00,625.27,0.00,2820.00
ORD00155592,OI000845174,ITEM0118,3,670.00,333.71,603.00,1407.00
ORD00155592,OI000845175,ITEM0135,3,105.00,69.46,94.50,220.50
ORD00155592,OI000845176,ITEM0140,2,460.00,67.98,276.00,644.00
ORD00155592,OI000845177,ITEM0151,4,65.00,45.19,78.00,182.00
ORD00155593,OI000845178,ITEM0015,2,520.00,184.59,0.00,1040.00
ORD00155593,OI000845179,ITEM0060,1,830.00,333.17,0.00,830.00
ORD00155593,OI000845180,ITEM0066,1,950.00,343.77,0.00,950.00
ORD00155593,OI000845181,ITEM0067,1,320.00,108.16,0.00,320.00
ORD00155593,OI000845182,ITEM0092,1,1410.00,465.66,0.00,1410.00
ORD00155593,OI000845183,ITEM0101,3,1230.00,414.61,0.00,3690.00
ORD00155594,OI000845184,ITEM0025,1,820.00,334.06,0.00,820.00
ORD00155594,OI000845185,ITEM0137,2,310.00,112.52,0.00,620.00
ORD00155594,OI000845186,ITEM0151,3,65.00,45.19,0.00,195.00
ORD00155594,OI000845187,ITEM0152,2,100.00,40.74,0.00,200.00
ORD00155595,OI000845188,ITEM0037,2,2380.00,995.51,0.00,4760.00
ORD00155595,OI000845189,ITEM0045,1,1530.00,595.53,0.00,1530.00
ORD00155595,OI000845190,ITEM0052,1,800.00,314.45,0.00,800.00
ORD00155595,OI000845190,ITEM0052,1,800.00,314.45,0.00,800.00
ORD00155595,OI000845191,ITEM0055,1,750.00,235.61,0.00,750.00
ORD00155595,OI000845192,ITEM0062,2,670.00,350.53,0.00,1340.00
ORD00155595,OI000845193,ITEM0147,2,480.00,154.20,0.00,960.00
ORD00155595,OI000845194,ITEM0151,4,65.00,45.19,0.00,260.00
ORD00155595,OI000845195,ITEM0157,4,800.00,322.21,0.00,3200.00
ORD00155596,OI000845196,ITEM0002,2,215.00,75.87,0.00,430.00
ORD00155596,OI000845197,ITEM0006,3,830.00,296.28,0.00,2490.00
ORD00155596,OI000845198,ITEM0041,1,1310.00,515.58,0.00,1310.00
ORD00155596,OI000845199,ITEM0044,1,1600.00,512.67,0.00,1600.00
ORD00155596,OI000845200,ITEM0048,2,1520.00,597.64,0.00,3040.00
ORD00155596,OI000845201,ITEM0054,1,1440.00,424.10,0.00,1440.00
ORD00155596,OI000845202,ITEM0070,2,1330.00,627.42,798.00,1862.00
ORD00155596,OI000845203,ITEM0143,2,470.00,187.60,282.00,658.00
ORD00155596,OI000845204,ITEM0150,4,130.00,50.35,156.00,364.00
ORD00155596,OI000845205,ITEM0153,2,40.00,16.47,24.00,56.00
ORD00155597,OI000845206,ITEM0040,1,750.00,267.75,0.00,750.00
ORD00155597,OI000845207,ITEM0061,1,980.00,363.74,0.00,980.00
ORD00155597,OI000845208,ITEM0157,1,800.00,322.21,0.00,800.00
ORD00155598,OI000845209,ITEM0061,1,980.00,363.74,0.00,980.00
ORD00155598,OI000845210,ITEM0066,1,950.00,343.77,0.00,950.00
ORD00155598,OI000845211,ITEM0125,1,320.00,124.33,0.00,320.00
ORD00155598,OI000845212,ITEM0142,1,810.00,249.91,243.00,567.00
ORD00155598,OI000845213,ITEM0152,1,100.00,40.74,30.00,70.00
ORD00155598,OI000845214,ITEM0157,3,800.00,322.21,720.00,1680.00
ORD00155599,OI000845215,ITEM0054,2,1330.00,424.10,0.00,2660.00
ORD00155599,OI000845216,ITEM0082,3,2000.00,707.81,0.00,6000.00
ORD00155599,OI000845217,ITEM0125,2,320.00,124.33,0.00,640.00
ORD00155599,OI000845218,ITEM0130,2,235.00,91.80,0.00,470.00
ORD00155599,OI000845219,ITEM0150,3,130.00,50.35,0.00,390.00
ORD00155600,OI000845220,ITEM0036,2,840.00,338.10,0.00,1680.00
ORD00155600,OI000845221,ITEM0042,2,5470.00,2596.95,3282.00,7658.00
ORD00155600,OI000845222,ITEM0048,1,1520.00,597.64,0.00,1520.00
ORD00155600,OI000845223,ITEM0117,1,930.00,145.29,0.00,930.00
ORD00155600,OI000845224,ITEM0134,3,165.00,108.74,148.50,346.50
ORD00155600,OI000845225,ITEM0143,3,470.00,187.60,423.00,987.00
ORD00155600,OI000845226,ITEM0154,4,370.00,126.03,444.00,1036.00
ORD00155601,OI000845227,ITEM0005,1,420.00,149.00,0.00,420.00
ORD00155601,OI000845228,,2,840.00,338.10,0.00,1680.00
ORD00155601,OI000845229,ITEM0042,2,5470.00,2596.95,3282.00,7658.00
ORD00155601,OI000845231,ITEM0140,3,460.00,67.98,414.00,966.00
ORD00155601,OI000845232,ITEM0151,1,65.00,45.19,19.50,45.50
ORD00155602,OI000845233,ITEM0048,1,1520.00,597.64,0.00,1520.00
ORD00155602,OI000845234,ITEM0134,2,165.00,108.74,0.00,330.00
ORD00155602,OI000845235,ITEM0151,2,70.00,45.19,0.00,140.00
ORD00155602,OI000845236,ITEM0152,3,100.00,40.74,0.00,300.00
ORD00155603,OI000845237,ITEM0018,2,620.00,236.34,0.00,1240.00
ORD00155603,OI000845238,ITEM0045,1,1530.00,595.53,0.00,1530.00
ORD00155603,OI000845239,ITEM0068,4,680.00,470.19,0.00,2720.00
ORD00155603,OI000845240,ITEM0148,1,320.00,208.57,96.00,224.00
ORD00155603,OI000845241,ITEM0157,4,800.00,322.21,960.00,2240.00
ORD00155604,OI000845242,ITEM0035,2,1000.00,418.08,0.00,2000.00
ORD00155604,OI000845243,ITEM0042,2,5470.00,2596.95,3282.00,7658.00
ORD00155604,OI000845244,ITEM0049,1,2870.00,1132.57,0.00,2870.00
ORD00155604,OI000845245,ITEM0085,1,1630.00,650.03,0.00,1630.00
ORD00155604,OI000845246,ITEM0134,1,165.00,108.74,49.50,115.50
ORD00155604,OI000845247,ITEM0147,2,480.00,154.20,288.00,672.00
ORD00155604,OI000845248,ITEM0148,4,350.00,208.57,420.00,980.00
ORD00155604,OI000845249,ITEM0160,2,105.00,47.30,63.00,147.00
ORD00155605,OI000845250,ITEM0034,1,1220.00,445.69,0.00,1220.00
ORD00155605,OI000845251,ITEM0074,2,1230.00,548.77,0.00,2460.00
ORD00155605,OI000845252,ITEM0078,2,1250.00,560.33,0.00,2500.00
ORD00155605,OI000845253,ITEM0098,1,1220.00,521.65,0.00,1220.00
ORD00155605,OI000845254,ITEM0113,1,510.00,198.15,0.00,510.00
ORD00155605,OI000845255,ITEM0135,5,105.00,69.46,0.00,525.00
ORD00155605,OI000845256,ITEM0140,1,460.00,67.98,0.00,460.00
ORD00155605,OI000845257,ITEM0147,2,480.00,154.20,0.00,960.00
ORD00155606,OI000845258,ITEM0002,2,215.00,75.87,0.00,430.00
ORD00155606,OI000845259,ITEM0020,1,810.00,323.82,0.00,810.00
ORD00155606,OI000845260,ITEM0041,1,1310.00,515.58,0.00,1310.00
ORD00155606,OI000845261,ITEM0055,3,750.00,235.61,0.00,2250.00
ORD00155606,OI000845262,ITEM0068,1,680.00,470.19,0.00,680.00
ORD00155606,OI000845263,ITEM0077,1,680.00,302.29,0.00,680.00
ORD00155606,OI000845264,ITEM0090,2,1910.00,682.77,0.00,3820.00
ORD00155606,OI000845265,ITEM0112,1,310.00,140.73,0.00,310.00
ORD00155607,OI000845266,ITEM0051,1,680.00,266.66,0.00,680.00
ORD00155607,OI000845267,ITEM0055,1,750.00,235.61,0.00,750.00
ORD00155607,OI000845268,ITEM0070,1,1330.00,627.42,0.00,1330.00
ORD00155607,OI000845269,ITEM0151,4,65.00,45.19,0.00,260.00
ORD00155608,OI000845270,ITEM0064,1,550.00,191.14,0.00,550.00
ORD00155608,OI000845271,ITEM0109,1,1500.00,513.48,0.00,1500.00
ORD00155608,OI000845272,ITEM0113,2,510.00,198.15,0.00,1020.00
ORD00155609,OI000845273,ITEM0005,2,420.00,149.00,0.00,840.00
ORD00155609,OI000845274,ITEM0068,1,680.00,470.19,0.00,680.00
ORD00155609,OI000845275,ITEM0118,1,670.00,333.71,0.00,670.00
ORD00155610,OI000845276,ITEM0044,1,1600.00,512.67,0.00,1600.00
ORD00155610,OI000845277,ITEM0066,1,950.00,343.77,0.00,950.00
ORD00155610,OI000845278,ITEM0084,1,1240.00,425.59,0.00,1240.00
ORD00155610,OI000845279,ITEM0102,1,1520.00,625.27,0.00,1520.00
ORD00155610,OI000845280,ITEM0135,2,105.00,69.46,0.00,210.00
ORD00155610,OI000845281,ITEM0151,2,70.00,45.19,0.00,140.00
ORD00155611,OI000845282,ITEM0032,2,780.00,356.48,0.00,1560.00
ORD00155611,OI000845283,ITEM0055,3,750.00,235.61,0.00,2250.00
ORD00155611,OI000845284,ITEM0068,2,680.00,470.19,0.00,1360.00
ORD00155611,OI000845285,ITEM0124,1,190.00,131.48,0.00,190.00
ORD00155612,OI000845286,ITEM0055,2,750.00,235.61,0.00,1500.00
ORD00155612,OI000845287,ITEM0123,1,310.00,138.90,0.00,310.00
ORD00155612,OI000845288,ITEM0148,1,320.00,208.57,0.00,320.00
ORD00155612,OI000845289,ITEM0151,6,65.00,45.19,0.00,390.00
ORD00155612,OI000845290,ITEM0160,1,105.00,47.30,0.00,105.00
ORD00155613,OI000845291,,1,1440.00,468.22,0.00,1440.00
ORD00155613,OI000845292,ITEM0136,1,520.00,175.82,0.00,520.00
ORD00155613,OI000845293,ITEM0147,1,480.00,154.20,0.00,480.00
ORD00155614,OI000845294,ITEM0048,2,1520.00,597.64,0.00,3040.00
ORD00155614,OI000845295,ITEM0058,3,1250.00,392.19,0.00,3750.00
ORD00155614,OI000845296,ITEM0103,1,3090.00,1298.00,0.00,3090.00
ORD00155614,OI000845297,ITEM0129,1,600.00,188.49,0.00,600.00
ORD00155615,OI000845298,ITEM0058,2,1250.00,392.19,0.00,2500.00
ORD00155615,OI000845299,ITEM0067,1,320.00,108.16,0.00,320.00
ORD00155615,OI000845300,ITEM0076,1,750.00,294.74,0.00,750.00
ORD00155615,OI000845301,ITEM0124,5,190.00,131.48,0.00,950.00
ORD00155615,OI000845302,ITEM0152,2,100.00,40.74,0.00,200.00
ORD00155615,OI000845303,ITEM0155,1,220.00,95.85,0.00,220.00
ORD00155616,OI000845304,ITEM0002,1,215.00,75.87,0.00,215.00
ORD00155616,OI000845305,ITEM0027,1,420.00,144.90,0.00,420.00
ORD00155616,OI000845306,ITEM0045,1,1530.00,595.53,0.00,1530.00
ORD00155616,OI000845307,ITEM0046,1,2820.00,1115.76,0.00,2820.00
ORD00155616,OI000845308,ITEM0050,3,1770.00,776.26,0.00,5310.00
ORD00155616,OI000845309,ITEM0064,1,550.00,191.14,0.00,550.00
ORD00155616,OI000845310,ITEM0068,1,680.00,470.19,0.00,680.00
ORD00155616,OI000845311,ITEM0091,4,1920.00,724.96,0.00,7680.00
ORD00155616,OI000845312,ITEM0135,2,105.00,69.46,0.00,210.00
ORD00155616,OI000845313,ITEM0147,3,480.00,154.20,0.00,1440.00
ORD00155616,OI000845314,ITEM0153,2,40.00,16.47,0.00,80.00
ORD00155617,OI000845315,ITEM0045,1,1530.00,595.53,0.00,1530.00
ORD00155617,OI000845316,ITEM0046,1,2820.00,1115.76,0.00,2820.00
ORD00155617,OI000845317,ITEM0054,2,1440.00,424.10,0.00,2880.00
ORD00155617,OI000845318,ITEM0066,2,950.00,343.77,0.00,1900.00
ORD00155617,OI000845319,ITEM0081,2,1510.00,1047.44,0.00,3020.00
ORD00155617,OI000845321,ITEM0153,1,40.00,16.47,0.00,40.00
ORD00155618,OI000845322,ITEM0041,1,1310.00,515.58,0.00,1310.00
ORD00155618,OI000845323,ITEM0054,1,1330.00,424.10,0.00,1330.00
ORD00155618,OI000845324,ITEM0057,1,690.00,468.22,0.00,690.00
ORD00155618,OI000845325,ITEM0061,1,980.00,363.74,0.00,980.00
ORD00155618,OI000845326,ITEM0097,2,1080.00,539.54,0.00,2160.00
ORD00155618,OI000845327,ITEM0139,1,410.00,69.54,0.00,410.00
ORD00155618,OI000845328,ITEM0143,1,470.00,187.60,0.00,470.00
ORD00155618,OI000845329,ITEM0147,1,480.00,154.20,0.00,480.00
ORD00155619,OI000845330,ITEM0055,2,750.00,235.61,0.00,1500.00
ORD00155619,OI000845331,ITEM0068,2,680.00,470.19,0.00,1360.00
ORD00155619,OI000845332,ITEM0151,2,65.00,45.19,0.00,130.00
ORD00155620,OI000845333,ITEM0005,1,420.00,149.00,0.00,420.00
ORD00155620,OI000845334,ITEM0046,1,2820.00,1115.76,0.00,2820.00
ORD00155620,OI000845335,ITEM0053,1,1360.00,605.77,0.00,1360.00
ORD00155620,OI000845336,ITEM0075,1,630.00,269.61,0.00,630.00
ORD00155620,OI000845337,ITEM0132,3,410.00,163.26,0.00,1230.00
ORD00155621,OI000845338,ITEM0058,1,1250.00,392.19,0.00,1250.00
ORD00155621,OI000845339,ITEM0067,6,320.00,108.16,0.00,1920.00
ORD00155621,OI000845340,ITEM0085,1,1630.00,650.03,0.00,1630.00
ORD00155621,OI000845341,ITEM0143,2,470.00,187.60,0.00,940.00
ORD00155622,OI000845343,ITEM0048,1,1520.00,597.64,0.00,1520.00
ORD00155622,OI000845344,ITEM0054,2,1330.00,424.10,0.00,2660.00
ORD00155622,OI000845345,ITEM0100,1,1260.00,549.26,0.00,1260.00
ORD00155622,OI000845346,ITEM0122,1,690.00,295.82,0.00,690.00
ORD00155622,OI000845347,ITEM0143,1,470.00,187.60,0.00,470.00
ORD00155622,OI000845348,ITEM0147,2,480.00,154.20,0.00,960.00
ORD00155622,OI000845349,ITEM0148,1,320.00,208.57,0.00,320.00
ORD00155622,OI000845350,ITEM0152,1,100.00,40.74,0.00,100.00
ORD00155623,OI000845351,ITEM0045,2,1530.00,595.53,0.00,3060.00
ORD00155623,OI000845352,ITEM0055,1,750.00,235.61,0.00,750.00
ORD00155623,OI000845353,ITEM0061,1,1060.00,363.74,0.00,1060.00
ORD00155623,OI000845354,ITEM0073,1,850.00,331.31,0.00,850.00
ORD00155623,OI000845355,ITEM0077,2,730.00,302.29,0.00,1460.00
ORD00155623,OI000845356,ITEM0095,3,1190.00,508.41,0.00,3570.00
ORD00155623,OI000845357,ITEM0125,2,320.00,124.33,0.00,640.00
ORD00155623,OI000845358,ITEM0133,1,180.00,78.35,0.00,180.00
ORD00155624,OI000845359,ITEM0014,2,490.00,180.01,0.00,980.00
ORD00155624,OI000845360,ITEM0033,1,940.00,306.02,0.00,940.00
ORD00155624,OI000845361,ITEM0034,1,1220.00,445.69,0.00,1220.00
ORD00155624,OI000845362,ITEM0049,1,2660.00,1132.57,0.00,2660.00
ORD00155624,OI000845363,ITEM0055,1,750.00,235.61,0.00,750.00
ORD00155624,OI000845364,ITEM0065,1,1360.00,503.63,0.00,1360.00
ORD00155624,OI000845365,ITEM0066,1,950.00,343.77,0.00,950.00
ORD00155625,OI000845366,ITEM0055,1,750.00,235.61,0.00,750.00
ORD00155625,OI000845367,ITEM0091,1,1920.00,724.96,0.00,1920.00
ORD00155625,OI000845368,ITEM0145,4,370.00,151.19,0.00,1480.00
ORD00155626,OI000845369,ITEM0068,1,680.00,470.19,0.00,680.00
ORD00155626,OI000845370,ITEM0112,1,310.00,140.73,0.00,310.00
ORD00155626,OI000845371,ITEM0138,2,265.00,113.51,0.00,530.00
ORD00155627,OI000845372,ITEM0015,2,520.00,184.59,0.00,1040.00
ORD00155627,OI000845373,ITEM0024,1,820.00,285.28,0.00,820.00
ORD00155627,OI000845374,ITEM0055,2,750.00,235.61,0.00,1500.00
ORD00155627,OI000845375,ITEM0068,2,680.00,470.19,0.00,1360.00
ORD00155627,OI000845376,ITEM0072,2,790.00,332.55,0.00,1580.00
ORD00155627,OI000845377,ITEM0076,1,750.00,294.74,0.00,750.00
ORD00155627,OI000845378,ITEM0119,1,470.00,169.51,0.00,470.00
ORD00155627,OI000845379,ITEM0148,3,320.00,208.57,0.00,960.00
ORD00155628,OI000845380,ITEM0033,1,940.00,306.02,0.00,940.00
ORD00155628,OI000845381,ITEM0048,1,1520.00,597.64,0.00,1520.00
ORD00155628,OI000845382,ITEM0054,2,1330.00,424.10,0.00,2660.00
ORD00155628,OI000845383,ITEM0057,1,690.00,468.22,0.00,690.00
ORD00155628,OI000845384,ITEM0058,1,1250.00,392.19,0.00,1250.00
ORD00155628,OI000845385,ITEM0072,1,790.00,332.55,0.00,790.00
ORD00155628,OI000845386,ITEM0123,1,310.00,138.90,0.00,310.00
ORD00155629,OI000845387,ITEM0006,1,830.00,296.28,0.00,830.00
ORD00155629,OI000845388,ITEM0045,3,1530.00,595.53,0.00,4590.00
ORD00155629,OI000845389,ITEM0048,1,1520.00,597.64,0.00,1520.00
ORD00155629,OI000845390,ITEM0059,1,790.00,317.89,0.00,790.00
ORD00155629,OI000845391,ITEM0077,1,730.00,302.29,0.00,730.00
ORD00155629,OI000845392,ITEM0089,2,2240.00,892.05,0.00,4480.00
ORD00155629,OI000845393,ITEM0109,1,1500.00,513.48,0.00,1500.00
ORD00155629,OI000845394,ITEM0132,1,410.00,163.26,0.00,410.00
ORD00155629,OI000845395,ITEM0148,3,350.00,208.57,0.00,1050.00
ORD00155630,OI000845396,ITEM0045,2,1530.00,595.53,0.00,3060.00
ORD00155630,OI000845397,ITEM0068,1,680.00,470.19,0.00,680.00
ORD00155630,OI000845398,ITEM0138,1,265.00,113.51,0.00,265.00
ORD00155631,OI000845399,ITEM0018,2,620.00,236.34,0.00,1240.00
ORD00155631,OI000845400,ITEM0054,2,1330.00,424.10,0.00,2660.00
ORD00155631,OI000845401,ITEM0071,1,710.00,267.43,0.00,710.00
ORD00155631,OI000845402,ITEM0134,2,165.00,108.74,0.00,330.00
ORD00155631,OI000845403,ITEM0142,1,810.00,249.91,0.00,810.00
ORD00155631,OI000845404,ITEM0151,3,65.00,45.19,0.00,195.00
ORD00155632,OI000845405,ITEM0061,2,980.00,363.74,0.00,1960.00
ORD00155632,OI000845406,ITEM0068,1,680.00,470.19,0.00,680.00
ORD00155632,OI000845407,ITEM0111,1,260.00,91.26,0.00,260.00
ORD00155634,OI000845414,ITEM0002,2,215.00,75.87,0.00,430.00
ORD00155634,OI000845415,ITEM0016,1,560.00,210.83,0.00,560.00
ORD00155634,OI000845416,ITEM0128,2,550.00,72.23,0.00,1100.00
ORD00155634,OI000845417,ITEM0138,1,265.00,113.51,0.00,265.00
ORD00155634,OI000845418,ITEM0154,1,370.00,126.03,0.00,370.00
ORD00155635,OI000845419,ITEM0048,1,1520.00,597.64,0.00,1520.00
ORD00155635,OI000845420,ITEM0058,1,1250.00,392.19,0.00,1250.00
ORD00155635,OI000845421,ITEM0060,1,830.00,333.17,0.00,830.00
ORD00155635,OI000845422,ITEM0087,1,3170.00,1492.61,951.00,2219.00
ORD00155635,OI000845423,ITEM0129,2,600.00,188.49,0.00,1200.00
ORD00155635,OI000845424,ITEM0147,3,480.00,154.20,432.00,1008.00
ORD00155635,OI000845425,ITEM0155,3,220.00,95.85,198.00,462.00
ORD00155636,OI000845426,ITEM0043,2,5110.00,2066.57,0.00,10220.00
ORD00155636,OI000845427,ITEM0086,1,1380.00,560.08,0.00,1380.00
ORD00155636,OI000845428,ITEM0133,3,180.00,78.35,0.00,540.00
ORD00155636,OI000845429,ITEM0159,3,460.00,192.62,0.00,1380.00
ORD00155637,OI000845430,ITEM0010,1,1390.00,568.66,0.00,1390.00
ORD00155637,OI000845431,ITEM0018,1,620.00,236.34,0.00,620.00
ORD00155637,OI000845432,ITEM0030,1,265.00,110.76,0.00,265.00
ORD00155637,OI000845433,ITEM0035,2,1000.00,418.08,0.00,2000.00
ORD00155637,OI000845434,ITEM0066,1,950.00,343.77,0.00,950.00
ORD00155637,OI000845435,ITEM0092,2,1410.00,465.66,0.00,2820.00
ORD00155637,OI000845436,ITEM0104,2,1420.00,476.78,0.00,2840.00
ORD00155637,OI000845437,ITEM0109,3,1500.00,513.48,0.00,4500.00
ORD00155637,OI000845438,ITEM0112,1,310.00,140.73,0.00,310.00
ORD00155637,OI000845439,ITEM0151,2,65.00,45.19,0.00,130.00
ORD00155638,OI000845440,ITEM0010,1,1390.00,568.66,0.00,1390.00
ORD00155638,OI000845441,ITEM0044,2,1480.00,512.67,0.00,2960.00
ORD00155638,OI000845442,ITEM0048,2,-1520.00,597.64,0.00,3040.00
ORD00155638,OI000845443,ITEM0054,3,1330.00,424.10,0.00,3990.00
ORD00155638,OI000845444,ITEM0059,1,730.00,317.89,0.00,730.00
ORD00155638,OI000845445,ITEM0066,2,950.00,343.77,0.00,1900.00
ORD00155638,OI000845446,ITEM0091,2,1920.00,724.96,0.00,3840.00
ORD00155638,OI000845447,ITEM0125,1,320.00,124.33,0.00,320.00
ORD00155638,OI000845448,ITEM0139,2,410.00,69.54,0.00,820.00
ORD00155638,OI000845449,ITEM0150,2,130.00,50.35,0.00,260.00
ORD00155638,OI000845450,ITEM0159,7,460.00,192.62,0.00,3220.00
ORD00155639,OI000845451,ITEM0036,1,840.00,338.10,0.00,840.00
ORD00155639,OI000845452,ITEM0054,1,1440.00,424.10,0.00,1440.00
ORD00155639,OI000845453,ITEM0123,2,330.00,138.90,0.00,660.00
ORD00155639,OI000845454,ITEM0147,2,480.00,154.20,0.00,960.00
ORD00155639,OI000845455,ITEM0148,2,350.00,208.57,0.00,700.00
ORD00155639,OI000845456,ITEM0151,3,70.00,45.19,0.00,210.00
ORD00155639,OI000845457,ITEM0159,2,460.00,192.62,0.00,920.00
ORD00155640,OI000845458,ITEM0023,1,470.00,200.14,0.00,470.00
ORD00155640,OI000845459,ITEM0041,1,1310.00,515.58,0.00,1310.00
ORD00155640,OI000845460,ITEM0054,2,1330.00,424.10,0.00,2660.00
ORD00155640,OI000845461,ITEM0062,2,670.00,350.53,0.00,1340.00
ORD00155640,OI000845462,ITEM0083,1,1760.00,701.86,0.00,1760.00
ORD00155640,OI000845463,ITEM0105,1,2660.00,878.39,0.00,2660.00
ORD00155641,OI000845464,ITEM0021,1,450.00,184.70,0.00,450.00
ORD00155641,OI000845465,ITEM0038,2,1200.00,510.66,0.00,2400.00
ORD00155641,OI000845466,ITEM0056,1,1440.00,468.22,0.00,1440.00
ORD00155641,OI000845467,ITEM0076,1,750.00,294.74,0.00,750.00
ORD00155641,OI000845468,ITEM0124,1,190.00,131.48,0.00,190.00
ORD00155641,OI000845469,ITEM0129,1,600.00,188.49,0.00,600.00
ORD00155641,OI000845470,ITEM0135,1,105.00,69.46,0.00,105.00
ORD00155642,OI000845471,ITEM0011,1,1020.00,340.59,0.00,1020.00
ORD00155642,OI000845472,ITEM0068,1,680.00,470.19,0.00,680.00
ORD00155642,OI000845473,ITEM0134,3,165.00,108.74,0.00,495.00
ORD00155642,OI000845474,ITEM0135,1,105.00,69.46,0.00,105.00
ORD00155642,OI000845475,ITEM0139,-2,410.00,69.54,0.00,820.00
ORD00155643,OI000845476,ITEM0004,2,590.00,220.14,0.00,1180.00
ORD00155643,OI000845477,ITEM0077,1,680.00,302.29,0.00,680.00
ORD00155643,OI000845478,ITEM0098,2,1220.00,521.65,0.00,2440.00
ORD00155643,OI000845479,ITEM0148,2,320.00,208.57,0.00,640.00
ORD00155643,OI000845480,ITEM0149,1,380.00,173.20,0.00,380.00
ORD00155643,OI000845481,ITEM0156,2,130.00,48.41,0.00,260.00
ORD00155644,OI000845482,ITEM0042,1,5470.00,2596.95,1641.00,3829.00
ORD00155644,OI000845483,ITEM0075,2,630.00,269.61,0.00,1260.00
ORD00155644,OI000845484,ITEM0121,1,370.00,125.92,0.00,370.00
ORD00155644,OI000845485,ITEM0122,1,690.00,295.82,0.00,690.00
ORD00155644,OI000845486,ITEM0135,1,105.00,69.46,31.50,73.50
ORD00155644,OI000845487,ITEM0160,4,105.00,47.30,126.00,294.00
ORD00155645,OI000845488,ITEM0046,1,2820.00,1115.76,0.00,2820.00
ORD00155645,OI000845489,ITEM0058,2,1250.00,392.19,0.00,2500.00
ORD00155645,OI000845490,ITEM0087,1,3170.00,1492.61,951.00,2219.00
ORD00155645,OI000845491,ITEM0133,1,180.00,78.35,0.00,180.00
ORD00155645,OI000845492,ITEM0150,1,130.00,50.35,39.00,91.00
ORD00155645,OI000845493,ITEM0159,3,460.00,192.62,414.00,966.00
ORD00155646,OI000845494,ITEM0050,-1,1770.00,776.26,0.00,1770.00
ORD00155646,OI000845495,ITEM0058,2,1250.00,392.19,0.00,2500.00
ORD00155646,OI000845496,ITEM0082,2,2000.00,707.81,0.00,4000.00
ORD00155646,OI000845497,ITEM0105,1,2660.00,878.39,0.00,2660.00
ORD00155646,OI000845498,ITEM0134,1,165.00,108.74,0.00,165.00
ORD00155647,OI000845499,ITEM0048,2,1520.00,597.64,0.00,3040.00
ORD00155647,OI000845500,ITEM0113,2,510.00,198.15,0.00,1020.00
ORD00155647,OI000845501,ITEM0148,2,350.00,208.57,0.00,700.00
ORD00155648,OI000845502,ITEM0011,2,1020.00,340.59,0.00,2040.00
ORD00155648,OI000845503,ITEM0040,1,750.00,267.75,0.00,750.00
ORD00155648,OI000845504,ITEM0066,1,950.00,343.77,0.00,950.00
ORD00155648,OI000845505,ITEM0098,1,1220.00,521.65,0.00,1220.00
ORD00155648,OI000845506,ITEM0113,1,510.00,198.15,0.00,510.00
ORD00155648,OI000845507,ITEM0130,1,235.00,91.80,0.00,235.00
ORD00155649,OI000845508,ITEM0045,1,1530.00,595.53,0.00,1530.00
ORD00155649,OI000845509,ITEM0074,1,1230.00,548.77,0.00,1230.00
ORD00155649,OI000845510,ITEM0117,2,930.00,145.29,0.00,1860.00
ORD00155649,OI000845511,ITEM0125,1,320.00,124.33,0.00,320.00
ORD00155649,OI000845512,ITEM0148,1,320.00,208.57,0.00,320.00
ORD00155649,OI000845513,ITEM0149,1,380.00,173.20,0.00,380.00
ORD00155650,OI000845514,ITEM0016,1,560.00,210.83,0.00,560.00
ORD00155650,OI000845515,ITEM0047,1,1780.00,627.28,0.00,1780.00
ORD00155650,OI000845516,ITEM0055,1,750.00,235.61,0.00,750.00
ORD00155650,OI000845517,ITEM0124,2,190.00,131.48,0.00,380.00
ORD00155650,OI000845518,ITEM0148,3,350.00,208.57,0.00,1050.00
ORD00155650,OI000845519,ITEM0149,2,380.00,173.20,0.00,760.00
ORD00155650,OI000845520,ITEM0151,2,70.00,45.19,0.00,140.00
ORD00155651,OI000845521,ITEM0004,1,590.00,220.14,0.00,590.00
ORD00155651,OI000845522,ITEM0015,1,520.00,184.59,0.00,520.00
ORD00155651,OI000845523,ITEM0018,1,620.00,236.34,0.00,620.00
ORD00155651,OI000845524,ITEM0046,3,2820.00,1115.76,0.00,8460.00
ORD00155651,OI000845525,ITEM0122,2,690.00,295.82,0.00,1380.00
ORD00155651,OI000845526,ITEM0138,1,265.00,113.51,0.00,265.00
ORD00155652,OI000845527,ITEM0018,1,620.00,236.34,0.00,620.00
ORD00155652,OI000845528,ITEM0027,1,420.00,144.90,0.00,420.00
ORD00155652,OI000845529,ITEM0033,3,940.00,306.02,0.00,2820.00
ORD00155652,OI000845530,ITEM0034,1,1220.00,445.69,0.00,1220.00
ORD00155652,OI000845531,ITEM0040,1,750.00,267.75,0.00,750.00
ORD00155652,OI000845532,ITEM0119,1,470.00,169.51,0.00,470.00
ORD00155652,OI000845533,ITEM0138,3,265.00,113.51,0.00,795.00
ORD00155652,OI000845534,ITEM0152,3,100.00,40.74,0.00,300.00
ORD00155653,OI000845535,ITEM0057,2,690.00,468.22,0.00,1380.00
ORD00155653,OI000845536,ITEM0083,3,1760.00,701.86,0.00,5280.00
ORD00155653,OI000845537,ITEM0085,2,1630.00,650.03,0.00,3260.00
ORD00155654,OI000845538,ITEM0033,1,940.00,306.02,0.00,940.00
ORD00155654,OI000845539,ITEM0057,1,690.00,468.22,0.00,690.00
ORD00155654,OI000845540,ITEM0153,3,40.00,16.47,0.00,120.00
ORD00155654,OI000845541,ITEM0157,1,800.00,322.21,0.00,800.00
ORD00155655,OI000845542,ITEM0082,2,2000.00,707.81,0.00,4000.00
ORD00155655,OI000845543,ITEM0103,1,3090.00,1298.00,0.00,3090.00
ORD00155655,OI000845544,ITEM0112,1,310.00,140.73,0.00,310.00
ORD00155655,OI000845545,ITEM0113,1,510.00,198.15,0.00,510.00
ORD00155655,OI000845546,ITEM0124,1,190.00,131.48,0.00,190.00
ORD00155655,OI000845547,ITEM0140,2,460.00,67.98,0.00,920.00
ORD00155655,OI000845548,ITEM0154,1,370.00,126.03,0.00,370.00
ORD00155656,OI000845549,ITEM0102,1,1410.00,625.27,0.00,1410.00
ORD00155656,OI000845550,ITEM0113,1,510.00,198.15,0.00,510.00
ORD00155656,OI000845551,ITEM0129,2,600.00,188.49,0.00,1200.00
ORD00155656,OI000845552,ITEM0132,1,410.00,163.26,0.00,410.00
ORD00155657,OI000845553,ITEM0040,1,750.00,267.75,0.00,750.00
ORD00155657,OI000845554,ITEM0042,1,5470.00,2596.95,1641.00,3829.00
ORD00155657,OI000845555,ITEM0046,1,2820.00,1115.76,0.00,2820.00
ORD00155657,OI000845556,ITEM0081,2,1510.00,1047.44,0.00,3020.00
ORD00155657,OI000845557,ITEM0134,2,165.00,108.74,99.00,231.00
ORD00155657,OI000845558,ITEM0138,2,265.00,113.51,159.00,371.00
ORD00155657,OI000845559,ITEM0147,3,480.00,154.20,432.00,1008.00
ORD00155658,OI000845560,ITEM0024,1,820.00,285.28,0.00,820.00
ORD00155658,OI000845561,ITEM0044,1,1480.00,512.67,0.00,1480.00
ORD00155658,OI000845562,ITEM0054,1,1330.00,424.10,0.00,1330.00
ORD00155658,OI000845563,ITEM0055,2,750.00,235.61,0.00,1500.00
ORD00155658,OI000845564,ITEM0119,1,470.00,169.51,0.00,470.00
ORD00155659,OI000845565,ITEM0033,1,940.00,306.02,0.00,940.00
ORD00155659,OI000845566,ITEM0068,1,680.00,470.19,0.00,680.00
ORD00155659,OI000845567,ITEM0081,1,1510.00,1047.44,0.00,1510.00
ORD00155659,OI000845568,ITEM0151,1,70.00,45.19,0.00,70.00
ORD00155660,OI000845569,ITEM0071,1,770.00,267.43,0.00,770.00
ORD00155660,OI000845570,ITEM0085,1,1630.00,650.03,0.00,1630.00
ORD00155660,OI000845571,ITEM0117,1,930.00,145.29,0.00,930.00
ORD00155660,OI000845572,ITEM0143,4,470.00,187.60,0.00,1880.00
ORD00155660,OI000845573,ITEM0147,1,480.00,154.20,0.00,480.00
ORD00155661,OI000845574,ITEM0021,2,450.00,184.70,0.00,900.00
ORD00155661,OI000845575,ITEM0137,2,310.00,112.52,0.00,620.00
ORD00155661,OI000845576,ITEM0138,2,265.00,113.51,0.00,530.00
ORD00155661,OI000845577,ITEM0148,2,320.00,208.57,0.00,640.00
ORD00155662,OI000845578,ITEM0077,1,680.00,302.29,0.00,680.00
ORD00155662,OI000845579,ITEM0113,2,510.00,198.15,0.00,1020.00
ORD00155662,OI000845580,ITEM0135,1,105.00,69.46,0.00,105.00
ORD00155662,OI000845581,ITEM0148,3,320.00,208.57,0.00,960.00
ORD00155663,OI000845582,ITEM0032,1,780.00,356.48,0.00,780.00
ORD00155663,OI000845583,ITEM0049,2,2660.00,1132.57,0.00,5320.00
ORD00155663,OI000845584,ITEM0066,4,950.00,343.77,0.00,3800.00
ORD00155663,OI000845585,ITEM0068,3,680.00,470.19,0.00,2040.00
ORD00155663,OI000845586,ITEM0081,3,1510.00,1047.44,0.00,4530.00
ORD00155663,OI000845587,ITEM0083,1,1760.00,701.86,0.00,1760.00
ORD00155663,OI000845588,ITEM0134,3,165.00,108.74,148.50,346.50
ORD00155663,OI000845589,ITEM0154,4,370.00,126.03,444.00,1036.00
ORD00155664,OI000845590,ITEM0049,1,2870.00,1132.57,0.00,2870.00
ORD00155664,OI000845591,ITEM0055,3,750.00,235.61,0.00,2250.00
ORD00155664,OI000845592,ITEM0099,1,1300.00,471.54,0.00,1300.00
ORD00155664,OI000845593,ITEM0112,1,310.00,140.73,0.00,310.00
ORD00155664,OI000845594,ITEM0143,1,470.00,187.60,0.00,470.00
ORD00155665,OI000845595,ITEM0041,2,1310.00,515.58,0.00,2620.00
ORD00155665,OI000845596,ITEM0046,2,2820.00,1115.76,0.00,5640.00
ORD00155665,OI000845597,ITEM0054,1,1330.00,424.10,0.00,1330.00
ORD00155665,OI000845598,ITEM0058,1,1250.00,392.19,0.00,1250.00
ORD00155665,OI000845599,ITEM0081,2,1510.00,1047.44,0.00,3020.00
ORD00155665,OI000845600,ITEM0113,1,510.00,198.15,0.00,510.00
ORD00155665,OI000845601,ITEM0134,3,165.00,108.74,0.00,495.00
ORD00155665,OI000845601,ITEM0134,3,165.00,108.74,0.00,495.00
ORD00155666,OI000845602,ITEM0087,1,3170.00,1492.61,0.00,3170.00
ORD00155666,OI000845603,ITEM0152,1,100.00,40.74,0.00,100.00
ORD00155667,OI000845604,ITEM0002,1,215.00,75.87,0.00,215.00
ORD00155667,OI000845605,ITEM0018,1,620.00,236.34,0.00,620.00
ORD00155667,OI000845606,ITEM0054,1,1330.00,424.10,0.00,1330.00
ORD00155667,OI000845607,ITEM0055,1,750.00,235.61,0.00,750.00
ORD00155667,OI000845608,ITEM0112,2,310.00,140.73,0.00,620.00
ORD00155667,OI000845609,ITEM0124,2,190.00,131.48,0.00,380.00
ORD00155667,OI000845610,ITEM0133,1,180.00,78.35,0.00,180.00
ORD00155667,OI000845611,ITEM0134,1,165.00,108.74,0.00,165.00
ORD00155668,OI000845612,ITEM0014,1,490.00,180.01,0.00,490.00
ORD00155668,OI000845613,ITEM0020,1,810.00,323.82,0.00,810.00
ORD00155668,OI000845614,ITEM0048,1,1520.00,597.64,0.00,1520.00
ORD00155668,OI000845615,ITEM0101,4,1230.00,414.61,0.00,4920.00
ORD00155668,OI000845616,ITEM0102,1,1410.00,625.27,0.00,1410.00
ORD00155668,OI000845617,ITEM0112,1,310.00,140.73,0.00,310.00
ORD00155668,OI000845618,ITEM0151,1,65.00,45.19,0.00,65.00
ORD00155669,OI000845619,ITEM0021,1,450.00,184.70,0.00,450.00
ORD00155669,OI000845620,ITEM0024,1,820.00,285.28,0.00,820.00
ORD00155669,OI000845621,ITEM0032,2,780.00,356.48,0.00,1560.00
ORD00155669,OI000845622,ITEM0051,2,680.00,266.66,0.00,1360.00
ORD00155669,OI000845623,ITEM0070,1,1330.00,627.42,399.00,931.00
ORD00155669,OI000845624,ITEM0101,1,1230.00,414.61,0.00,1230.00
ORD00155669,OI000845625,ITEM0147,1,480.00,154.20,144.00,336.00
ORD00155670,OI000845626,ITEM0017,2,680.00,292.31,0.00,1360.00
ORD00155670,OI000845627,ITEM0048,1,1520.00,597.64,0.00,1520.00
ORD00155670,OI000845628,ITEM0049,2,2870.00,1132.57,0.00,5740.00
ORD00155670,OI000845629,ITEM0068,1,680.00,470.19,0.00,680.00
ORD00155670,OI000845630,ITEM0071,1,770.00,267.43,0.00,770.00
ORD00155670,OI000845631,ITEM0106,2,4170.00,1825.61,0.00,8340.00
ORD00155670,OI000845632,ITEM0143,1,470.00,187.60,141.00,329.00
ORD00155670,OI000845633,ITEM0148,4,350.00,208.57,420.00,980.00
ORD00155671,OI000845634,ITEM0004,1,590.00,220.14,0.00,590.00
ORD00155671,OI000845635,ITEM0019,1,360.00,154.84,0.00,360.00
ORD00155671,OI000845636,ITEM0033,2,940.00,306.02,0.00,1880.00
ORD00155671,OI000845637,ITEM0041,1,1310.00,515.58,0.00,1310.00
ORD00155671,OI000845638,ITEM0068,4,680.00,470.19,0.00,2720.00
ORD00155671,OI000845639,ITEM0124,3,190.00,131.48,0.00,570.00
ORD00155671,OI000845640,ITEM0132,1,410.00,163.26,0.00,410.00
ORD00155672,OI000845641,ITEM0045,1,1530.00,595.53,0.00,1530.00
ORD00155672,OI000845642,ITEM0098,2,1220.00,521.65,0.00,2440.00
ORD00155672,OI000845643,ITEM0113,1,510.00,198.15,0.00,510.00
ORD00155672,OI000845644,ITEM0121,1,400.00,125.92,0.00,400.00
ORD00155672,OI000845645,ITEM0134,1,165.00,108.74,49.50,115.50
ORD00155672,OI000845646,ITEM0157,4,800.00,322.21,960.00,2240.00
ORD00155673,OI000845647,ITEM0035,2,1000.00,418.08,0.00,2000.00
ORD00155673,OI000845648,ITEM0055,1,750.00,235.61,0.00,750.00
ORD00155673,OI000845649,ITEM0072,2,790.00,332.55,0.00,1580.00
ORD00155674,OI000845650,ITEM0023,2,470.00,200.14,0.00,940.00
ORD00155674,OI000845651,ITEM0051,1,730.00,266.66,0.00,730.00
ORD00155674,OI000845652,ITEM0062,1,670.00,350.53,0.00,670.00
ORD00155674,OI000845653,ITEM0081,1,1510.00,1047.44,0.00,1510.00
ORD00155675,OI000845654,ITEM0055,1,750.00,235.61,0.00,750.00
ORD00155675,OI000845655,ITEM0066,1,950.00,343.77,0.00,950.00
ORD00155675,OI000845656,ITEM0147,1,480.00,154.20,0.00,480.00
ORD00155676,OI000845657,ITEM0005,2,450.00,149.00,0.00,900.00
ORD00155676,OI000845658,ITEM0045,1,1530.00,595.53,0.00,1530.00
ORD00155676,OI000845659,ITEM0061,1,1060.00,363.74,0.00,1060.00
ORD00155676,OI000845660,ITEM0066,1,950.00,343.77,0.00,950.00
ORD00155676,OI000845661,ITEM0112,1,310.00,140.73,0.00,310.00
ORD00155677,OI000845662,ITEM0092,1,1410.00,465.66,0.00,1410.00
ORD00155677,OI000845663,ITEM0141,3,510.00,166.18,0.00,1530.00
ORD00155677,OI000845664,ITEM0148,3,320.00,208.57,0.00,960.00
ORD00155678,OI000845665,ITEM0017,1,680.00,292.31,0.00,680.00
ORD00155678,OI000845666,ITEM0045,1,1530.00,595.53,0.00,1530.00
ORD00155678,OI000845667,ITEM0048,1,1520.00,597.64,0.00,1520.00
ORD00155678,OI000845668,ITEM0068,1,680.00,470.19,0.00,680.00
ORD00155678,OI000845669,ITEM0077,1,730.00,302.29,0.00,730.00
ORD00155678,OI000845670,ITEM0113,1,510.00,198.15,0.00,510.00
ORD00155678,OI000845671,ITEM0148,1,350.00,208.57,0.00,350.00
ORD00155678,OI000845671,ITEM0148,1,350.00,208.57,0.00,350.00
ORD00155678,OI000845672,ITEM0160,1,105.00,47.30,0.00,105.00
ORD00155679,OI000845673,ITEM0019,1,360.00,154.84,0.00,360.00
ORD00155679,OI000845674,ITEM0033,2,940.00,306.02,0.00,1880.00
ORD00155679,OI000845675,ITEM0037,1,2380.00,995.51,0.00,2380.00
ORD00155679,OI000845676,ITEM0081,1,1510.00,1047.44,0.00,1510.00
ORD00155679,OI000845677,ITEM0084,2,1240.00,425.59,0.00,2480.00
ORD00155679,OI000845678,ITEM0098,1,1220.00,521.65,0.00,1220.00
ORD00155679,OI000845679,ITEM0102,1,1410.00,625.27,0.00,1410.00
ORD00155679,OI000845680,ITEM0113,1,510.00,198.15,0.00,510.00
ORD00155679,OI000845681,ITEM0138,2,265.00,113.51,0.00,530.00
ORD00155679,OI000845682,ITEM0148,3,320.00,208.57,0.00,960.00
ORD00155680,OI000845683,ITEM0035,2,1000.00,418.08,0.00,2000.00
ORD00155680,OI000845684,ITEM0041,1,1310.00,515.58,0.00,1310.00
ORD00155680,OI000845685,ITEM0151,2,65.00,45.19,0.00,130.00
ORD00155680,OI000845686,ITEM0152,1,100.00,40.74,0.00,100.00
ORD00155681,OI000845687,ITEM0021,1,450.00,184.70,0.00,450.00
ORD00155681,OI000845688,ITEM0037,1,2380.00,995.51,0.00,2380.00
ORD00155681,OI000845689,ITEM0054,3,1330.00,424.10,0.00,3990.00
ORD00155681,OI000845690,ITEM0057,1,690.00,468.22,0.00,690.00
ORD00155681,OI000845691,ITEM0068,4,680.00,470.19,0.00,2720.00
ORD00155681,OI000845692,ITEM0100,1,1260.00,549.26,0.00,1260.00
ORD00155682,OI000845693,ITEM0054,1,1330.00,424.10,0.00,1330.00
ORD00155682,OI000845694,ITEM0067,2,320.00,108.16,0.00,640.00
ORD00155682,OI000845695,ITEM0087,3,3170.00,1492.61,2853.00,6657.00
ORD00155682,OI000845696,ITEM0134,3,165.00,108.74,148.50,346.50
ORD00155682,OI000845697,ITEM0135,4,105.00,69.46,126.00,294.00
ORD00155682,OI000845698,ITEM0151,4,65.00,45.19,78.00,182.00
ORD00155683,OI000845699,ITEM0041,2,1310.00,515.58,0.00,2620.00
ORD00155683,OI000845700,ITEM0068,2,680.00,470.19,0.00,1360.00
ORD00155683,OI000845701,ITEM0134,3,165.00,108.74,148.50,346.50
ORD00155683,OI000845702,ITEM0136,1,520.00,175.82,156.00,364.00
ORD00155683,OI000845703,ITEM0148,2,350.00,208.57,210.00,490.00
ORD00155684,OI000845704,ITEM0090,1,1910.00,682.77,0.00,1910.00
ORD00155685,OI000845705,ITEM0043,3,5110.00,2066.57,0.00,15330.00
ORD00155685,OI000845706,ITEM0121,5,370.00,125.92,0.00,1850.00
ORD00155685,OI000845707,ITEM0145,2,370.00,151.19,0.00,740.00
ORD00155685,OI000845708,ITEM0151,2,65.00,45.19,0.00,130.00
ORD00155685,OI000845709,ITEM0159,2,460.00,192.62,0.00,920.00
ORD00155686,OI000845710,ITEM0040,1,750.00,267.75,0.00,750.00
ORD00155686,OI000845711,ITEM0050,6,1770.00,776.26,0.00,10620.00
ORD00155686,OI000845712,ITEM0081,1,1510.00,1047.44,0.00,1510.00
ORD00155687,OI000845713,ITEM0005,2,450.00,149.00,0.00,900.00
ORD00155687,OI000845714,ITEM0057,1,690.00,468.22,0.00,690.00
ORD00155687,OI000845715,ITEM0090,2,1910.00,682.77,0.00,3820.00
ORD00155687,OI000845716,ITEM0091,3,1920.00,724.96,0.00,5760.00
ORD00155687,OI000845717,ITEM0101,1,1230.00,414.61,0.00,1230.00
ORD00155687,OI000845718,ITEM0111,1,280.00,91.26,0.00,280.00
ORD00155687,OI000845719,ITEM0132,2,410.00,163.26,0.00,820.00
ORD00155688,OI000845720,ITEM0046,1,2820.00,1115.76,0.00,2820.00
ORD00155688,OI000845721,ITEM0062,1,670.00,350.53,0.00,670.00
ORD00155688,OI000845722,ITEM0070,2,1330.00,627.42,798.00,1862.00
ORD00155688,OI000845723,ITEM0087,3,3170.00,1492.61,2853.00,6657.00
ORD00155688,OI000845724,ITEM0113,2,510.00,198.15,0.00,1020.00
ORD00155688,OI000845725,ITEM0151,2,65.00,45.19,39.00,91.00
ORD00155688,OI000845726,ITEM0157,3,800.00,322.21,720.00,1680.00
ORD00155689,OI000845727,ITEM0023,2,470.00,200.14,0.00,940.00
ORD00155689,OI000845728,ITEM0083,-2,1760.00,701.86,0.00,3520.00
ORD00155689,OI000845729,ITEM0091,2,1920.00,724.96,0.00,3840.00
ORD00155689,OI000845730,ITEM0134,1,165.00,108.74,0.00,165.00
ORD00155689,OI000845731,ITEM0150,1,130.00,50.35,0.00,130.00
ORD00155689,OI000845732,ITEM0153,3,40.00,16.47,0.00,120.00
ORD00155690,OI000845733,ITEM0044,1,1600.00,512.67,0.00,1600.00
ORD00155690,OI000845734,ITEM0057,1,690.00,468.22,0.00,690.00
ORD00155690,OI000845735,ITEM0074,1,1230.00,548.77,0.00,1230.00
ORD00155690,OI000845736,ITEM0148,1,350.00,208.57,0.00,350.00
ORD00155691,OI000845737,ITEM0055,1,750.00,235.61,0.00,750.00
ORD00155691,OI000845738,ITEM0081,3,1510.00,1047.44,0.00,4530.00
ORD00155691,OI000845739,ITEM0091,1,1920.00,724.96,0.00,1920.00
ORD00155691,OI000845740,ITEM0140,2,460.00,67.98,0.00,920.00
ORD00155691,OI000845741,ITEM0151,4,65.00,45.19,0.00,260.00
ORD00155691,OI000845742,ITEM0157,2,800.00,322.21,0.00,1600.00
ORD00155692,OI000845743,ITEM0002,1,215.00,75.87,0.00,215.00
ORD00155692,OI000845743,ITEM0002,1,215.00,75.87,0.00,215.00
ORD00155692,OI000845744,ITEM0013,3,400.00,179.48,0.00,1200.00
ORD00155692,OI000845745,ITEM0045,1,1530.00,595.53,0.00,1530.00
ORD00155692,OI000845745,ITEM0045,1,1530.00,595.53,0.00,1530.00
ORD00155692,OI000845746,ITEM0134,1,165.00,108.74,0.00,165.00
ORD00155692,OI000845747,ITEM0151,10,65.00,45.19,0.00,650.00
ORD00155693,OI000845748,ITEM0049,2,2660.00,1132.57,0.00,5320.00
ORD00155693,OI000845749,ITEM0054,2,1330.00,424.10,0.00,2660.00
ORD00155693,OI000845750,ITEM0056,3,1440.00,468.22,0.00,4320.00
ORD00155693,OI000845751,ITEM0059,1,730.00,317.89,0.00,730.00
ORD00155693,OI000845752,ITEM0097,1,1080.00,539.54,0.00,1080.00
ORD00155693,OI000845753,ITEM0148,2,320.00,208.57,0.00,640.00
ORD00155694,OI000845754,ITEM0045,1,1530.00,595.53,0.00,1530.00
ORD00155694,OI000845755,ITEM0050,1,1910.00,776.26,0.00,1910.00
ORD00155694,OI000845756,ITEM0087,1,3420.00,1492.61,1026.00,2394.00
ORD00155694,OI000845757,ITEM0118,1,720.00,333.71,216.00,504.00
ORD00155694,OI000845758,ITEM0126,1,160.00,72.53,0.00,160.00
ORD00155694,OI000845759,ITEM0134,3,165.00,108.74,148.50,346.50
ORD00155694,OI000845760,ITEM0147,1,480.00,154.20,144.00,336.00
ORD00155694,OI000845761,ITEM0148,1,350.00,208.57,105.00,245.00
ORD00155694,OI000845762,ITEM0155,1,220.00,95.85,66.00,154.00
ORD00155695,OI000845763,ITEM0033,1,940.00,306.02,0.00,940.00
ORD00155695,OI000845764,ITEM0039,1,980.00,450.35,0.00,980.00
ORD00155695,OI000845765,ITEM0055,2,750.00,235.61,0.00,1500.00
ORD00155695,OI000845766,ITEM0074,1,1230.00,548.77,0.00,1230.00
ORD00155695,OI000845767,ITEM0151,5,65.00,45.19,0.00,325.00
ORD00155696,OI000845768,ITEM0048,2,1520.00,597.64,0.00,3040.00
ORD00155696,OI000845769,ITEM0071,1,770.00,267.43,0.00,770.00
ORD00155696,OI000845770,ITEM0098,1,1220.00,521.65,0.00,1220.00
ORD00155696,OI000845771,ITEM0109,1,1500.00,513.48,0.00,1500.00
ORD00155697,OI000845772,ITEM0045,1,1530.00,595.53,0.00,1530.00
ORD00155697,OI000845773,ITEM0086,1,1380.00,560.08,0.00,1380.00
ORD00155697,OI000845774,ITEM0087,1,3420.00,1492.61,1026.00,2394.00
ORD00155697,OI000845775,ITEM0149,1,380.00,173.20,114.00,266.00
ORD00155698,OI000845776,ITEM0001,1,270.00,95.57,0.00,270.00
ORD00155698,OI000845777,ITEM0016,1,560.00,210.83,0.00,560.00
ORD00155698,OI000845778,ITEM0110,1,1330.00,558.62,0.00,1330.00
ORD00155698,OI000845779,ITEM0138,4,265.00,113.51,0.00,1060.00
ORD00155699,OI000845780,ITEM0010,1,1390.00,568.66,0.00,1390.00
ORD00155699,OI000845781,ITEM0016,2,560.00,210.83,0.00,1120.00
ORD00155699,OI000845782,ITEM0043,2,5110.00,2066.57,0.00,10220.00
ORD00155699,OI000845783,ITEM0048,3,1520.00,597.64,0.00,4560.00
ORD00155699,OI000845784,ITEM0054,1,1440.00,424.10,0.00,1440.00
ORD00155699,OI000845785,ITEM0055,2,750.00,235.61,0.00,1500.00
ORD00155699,OI000845786,ITEM0073,1,850.00,331.31,0.00,850.00
ORD00155699,OI000845787,ITEM0076,1,810.00,294.74,0.00,810.00
ORD00155699,OI000845788,ITEM0077,1,730.00,302.29,0.00,730.00
ORD00155699,OI000845789,ITEM0113,3,510.00,198.15,0.00,1530.00
ORD00155699,OI000845790,ITEM0148,1,350.00,208.57,0.00,350.00
ORD00155700,OI000845791,ITEM0014,1,490.00,180.01,0.00,490.00
ORD00155700,OI000845792,ITEM0055,3,750.00,235.61,0.00,2250.00
ORD00155700,OI000845793,ITEM0068,1,680.00,470.19,0.00,680.00
ORD00155700,OI000845794,ITEM0077,1,730.00,302.29,0.00,730.00
ORD00155700,OI000845795,ITEM0091,1,1920.00,724.96,0.00,1920.00
ORD00155700,OI000845796,ITEM0102,3,1520.00,625.27,0.00,4560.00
ORD00155700,OI000845797,ITEM0147,4,480.00,154.20,0.00,1920.00
ORD00155701,OI000845798,ITEM0009,1,490.00,185.03,0.00,490.00
ORD00155701,OI000845799,ITEM0064,1,550.00,191.14,0.00,550.00
ORD00155701,OI000845800,ITEM0068,2,680.00,470.19,0.00,1360.00
ORD00155701,OI000845801,ITEM0087,1,3170.00,1492.61,951.00,2219.00
ORD00155701,OI000845802,ITEM0132,1,410.00,163.26,0.00,410.00
ORD00155701,OI000845803,ITEM0133,1,180.00,78.35,0.00,180.00
ORD00155701,OI000845804,ITEM0151,3,65.00,45.19,58.50,136.50
ORD00155701,OI000845805,ITEM0152,1,100.00,40.74,30.00,70.00
ORD00155702,OI000845806,ITEM0041,1,1310.00,515.58,0.00,1310.00
ORD00155702,OI000845807,ITEM0139,2,410.00,69.54,0.00,820.00
ORD00155704,OI000845815,ITEM0055,2,750.00,235.61,0.00,1500.00
ORD00155704,OI000845816,ITEM0065,1,1360.00,503.63,0.00,1360.00
ORD00155704,OI000845817,ITEM0089,1,2070.00,892.05,0.00,2070.00
ORD00155704,OI000845818,ITEM0148,4,320.00,208.57,0.00,1280.00
ORD00155704,OI000845819,ITEM0157,2,800.00,322.21,0.00,1600.00
ORD00155705,OI000845820,ITEM0046,2,2820.00,1115.76,0.00,5640.00
ORD00155705,OI000845821,ITEM0065,2,1360.00,503.63,0.00,2720.00
ORD00155705,OI000845822,ITEM0068,3,680.00,470.19,0.00,2040.00
ORD00155705,OI000845823,ITEM0081,1,1510.00,1047.44,0.00,1510.00
ORD00155705,OI000845824,ITEM0124,1,190.00,131.48,0.00,190.00
ORD00155705,OI000845825,ITEM0125,1,320.00,124.33,0.00,320.00
ORD00155705,OI000845826,ITEM0145,1,370.00,151.19,111.00,259.00
ORD00155705,OI000845827,ITEM0151,1,65.00,45.19,19.50,45.50
ORD00155706,OI000845828,ITEM0020,1,810.00,323.82,0.00,810.00
ORD00155706,OI000845829,ITEM0057,3,690.00,468.22,0.00,2070.00
ORD00155706,OI000845830,ITEM0148,1,320.00,208.57,96.00,224.00
ORD00155706,OI000845831,ITEM0151,1,65.00,45.19,19.50,45.50
ORD00155706,OI000845832,ITEM0157,2,800.00,322.21,480.00,1120.00
ORD00155706,OI000845833,ITEM0160,2,105.00,47.30,63.00,147.00
ORD00155707,OI000845834,ITEM0010,2,1390.00,568.66,0.00,2780.00
ORD00155707,OI000845835,ITEM0043,1,5110.00,2066.57,0.00,5110.00
ORD00155707,OI000845836,ITEM0057,1,690.00,468.22,0.00,690.00
ORD00155707,OI000845837,ITEM0148,3,350.00,208.57,315.00,735.00
ORD00155707,OI000845838,ITEM0151,2,70.00,45.19,42.00,98.00
ORD00155708,OI000845839,ITEM0014,3,490.00,180.01,0.00,1470.00
ORD00155708,OI000845840,ITEM0046,1,2820.00,1115.76,0.00,2820.00
ORD00155708,OI000845841,ITEM0050,2,1770.00,776.26,0.00,3540.00
ORD00155708,OI000845842,ITEM0052,2,800.00,314.45,0.00,1600.00
ORD00155708,OI000845843,ITEM0093,1,1140.00,410.14,0.00,1140.00
ORD00155708,OI000845844,ITEM0113,2,510.00,198.15,0.00,1020.00
ORD00155708,OI000845845,ITEM0151,3,65.00,45.19,0.00,195.00
ORD00155709,OI000845846,ITEM0040,1,750.00,267.75,0.00,750.00
ORD00155709,OI000845847,ITEM0054,1,1330.00,424.10,0.00,1330.00
ORD00155709,OI000845848,ITEM0068,1,680.00,470.19,0.00,680.00
ORD00155709,OI000845849,ITEM0113,2,510.00,198.15,0.00,1020.00
ORD00155709,OI000845850,ITEM8014,1,690.00,295.82,0.00,690.00
ORD00155709,OI000845851,ITEM0135,1,105.00,69.46,0.00,105.00
ORD00155710,OI000845852,ITEM0046,2,2820.00,1115.76,0.00,5640.00
ORD00155710,OI000845853,ITEM0118,2,670.00,333.71,402.00,938.00
ORD00155710,OI000845854,ITEM0126,2,160.00,72.53,0.00,320.00
ORD00155710,OI000845855,ITEM0140,2,460.00,67.98,276.00,644.00
ORD00155710,OI000845856,ITEM0147,1,480.00,154.20,144.00,336.00
ORD00155710,OI000845857,ITEM0148,3,320.00,208.57,288.00,672.00
ORD00155711,OI000845858,ITEM0019,2,360.00,154.84,0.00,720.00
ORD00155711,OI000845859,ITEM0037,1,2380.00,995.51,0.00,2380.00
ORD00155711,OI000845860,ITEM0054,2,1330.00,424.10,0.00,2660.00
ORD00155711,OI000845861,ITEM0065,1,1360.00,503.63,0.00,1360.00
ORD00155711,OI000845862,ITEM0109,2,1500.00,513.48,0.00,3000.00
ORD00155712,OI000845863,ITEM0008,1,1030.00,165.58,0.00,1030.00
ORD00155712,OI000845864,ITEM0024,1,820.00,285.28,0.00,820.00
ORD00155712,OI000845865,ITEM0045,1,1530.00,595.53,0.00,1530.00
ORD00155712,OI000845866,ITEM0068,1,680.00,470.19,0.00,680.00
ORD00155712,OI000845867,ITEM0081,1,1510.00,1047.44,0.00,1510.00
ORD00155712,OI000845868,ITEM0089,1,2070.00,892.05,0.00,2070.00
ORD00155712,OI000845869,ITEM0132,2,410.00,163.26,0.00,820.00
ORD00155713,OI000845870,ITEM0021,1,450.00,184.70,0.00,450.00
ORD00155713,OI000845871,ITEM0119,3,470.00,169.51,0.00,1410.00
ORD00155713,OI000845871,ITEM0119,3,470.00,169.51,0.00,1410.00
ORD00155714,OI000845872,ITEM0046,1,2820.00,1115.76,0.00,2820.00
ORD00155714,OI000845873,ITEM0091,1,1920.00,724.96,0.00,1920.00
ORD00155714,OI000845874,ITEM0121,1,400.00,125.92,0.00,400.00
ORD00155714,OI000845875,ITEM0124,1,190.00,131.48,0.00,190.00
ORD00155714,OI000845876,ITEM0148,3,350.00,208.57,0.00,1050.00
ORD00155715,OI000845877,ITEM0057,2,690.00,468.22,0.00,1380.00
ORD00155715,OI000845878,ITEM0143,1,470.00,187.60,0.00,470.00
ORD00155715,OI000845879,ITEM0160,2,105.00,47.30,0.00,210.00
ORD00155716,OI000845880,ITEM0046,1,2820.00,1115.76,0.00,2820.00
ORD00155716,OI000845881,ITEM7452,1,610.00,207.34,0.00,610.00
ORD00155716,OI000845882,ITEM0151,3,65.00,45.19,0.00,195.00
ORD00155716,OI000845883,ITEM0157,2,800.00,322.21,0.00,1600.00
ORD00155717,OI000845884,ITEM0033,1,940.00,306.02,0.00,940.00
ORD00155717,OI000845885,ITEM0055,1,750.00,235.61,0.00,750.00
ORD00155717,OI000845886,ITEM0058,1,1250.00,392.19,0.00,1250.00
ORD00155717,OI000845887,ITEM0077,2,680.00,302.29,0.00,1360.00
ORD00155717,OI000845888,ITEM0119,2,470.00,169.51,0.00,940.00
ORD00155717,OI000845889,ITEM0121,1,370.00,125.92,0.00,370.00
ORD00155717,OI000845890,ITEM0129,3,600.00,188.49,0.00,1800.00
ORD00155717,OI000845891,ITEM0134,3,165.00,108.74,0.00,495.00
ORD00155717,OI000845892,ITEM0137,4,310.00,112.52,0.00,1240.00
ORD00155718,OI000845893,ITEM0023,1,470.00,200.14,0.00,470.00
ORD00155718,OI000845894,ITEM0046,2,2820.00,1115.76,0.00,5640.00
ORD00155718,OI000845895,ITEM0054,1,1330.00,424.10,0.00,1330.00
ORD00155718,OI000845896,ITEM0074,1,1230.00,548.77,0.00,1230.00
ORD00155718,OI000845897,ITEM0089,1,2070.00,892.05,0.00,2070.00
ORD00155718,OI000845898,ITEM0147,2,480.00,154.20,0.00,960.00
ORD00155718,OI000845899,ITEM0151,2,65.00,45.19,0.00,130.00
ORD00155719,OI000845900,ITEM0048,1,1520.00,597.64,0.00,1520.00
ORD00155719,OI000845901,ITEM0132,1,410.00,163.26,0.00,410.00
ORD00155720,OI000845902,ITEM0009,1,490.00,185.03,0.00,490.00
ORD00155720,OI000845903,ITEM0014,1,490.00,180.01,0.00,490.00
ORD00155720,OI000845903,ITEM0014,1,490.00,180.01,0.00,490.00
ORD00155720,OI000845904,ITEM0044,2,1480.00,512.67,0.00,2960.00
ORD00155720,OI000845905,ITEM0045,1,1530.00,595.53,0.00,1530.00
ORD00155720,OI000845906,ITEM0075,1,630.00,269.61,0.00,630.00
ORD00155720,OI000845907,ITEM0087,1,3170.00,1492.61,0.00,3170.00
ORD00155721,OI000845908,ITEM0013,1,400.00,179.48,0.00,400.00
ORD00155721,OI000845909,ITEM0043,1,5110.00,2066.57,0.00,5110.00
ORD00155721,OI000845910,ITEM0148,1,320.00,208.57,0.00,320.00
ORD00155722,OI000845911,ITEM0005,1,420.00,149.00,0.00,420.00
ORD00155722,OI000845912,ITEM0007,1,1570.00,711.90,471.00,1099.00
ORD00155722,OI000845913,ITEM0018,1,620.00,236.34,0.00,620.00
ORD00155722,OI000845914,ITEM0068,1,680.00,470.19,0.00,680.00
ORD00155722,OI000845915,ITEM0077,1,680.00,302.29,0.00,680.00
ORD00155722,OI000845916,ITEM0087,1,3170.00,1492.61,951.00,2219.00
ORD00155722,OI000845917,ITEM0124,2,190.00,131.48,0.00,380.00
ORD00155722,OI000845918,ITEM0135,1,105.00,69.46,31.50,73.50
ORD00155722,OI000845919,ITEM0147,2,480.00,154.20,288.00,672.00
ORD00155723,OI000845920,ITEM0021,1,450.00,184.70,0.00,450.00
ORD00155723,OI000845921,ITEM0037,2,2380.00,995.51,0.00,4760.00
ORD00155723,OI000845922,ITEM0045,1,1530.00,595.53,0.00,1530.00
ORD00155723,OI000845923,ITEM0057,1,690.00,468.22,0.00,690.00
ORD00155723,OI000845924,ITEM0074,1,1230.00,548.77,0.00,1230.00
ORD00155723,OI000845925,ITEM0102,2,1410.00,625.27,0.00,2820.00
ORD00155723,OI000845926,ITEM0112,1,310.00,140.73,0.00,310.00
ORD00155723,OI000845927,ITEM0113,2,510.00,198.15,0.00,1020.00
ORD00155723,OI000845928,ITEM0124,3,190.00,131.48,0.00,570.00
ORD00155723,OI000845929,ITEM0132,2,410.00,163.26,0.00,820.00
ORD00155724,OI000845930,ITEM0003,2,380.00,142.17,0.00,760.00
ORD00155724,OI000845931,ITEM0004,3,590.00,220.14,0.00,1770.00
ORD00155724,OI000845932,ITEM0055,2,750.00,235.61,0.00,1500.00
ORD00155724,OI000845933,ITEM0077,1,730.00,302.29,0.00,730.00
ORD00155724,OI000845934,ITEM0093,2,1140.00,410.14,0.00,2280.00
ORD00155724,OI000845935,ITEM0112,2,310.00,140.73,0.00,620.00
ORD00155724,OI000845936,ITEM0113,1,510.00,198.15,0.00,510.00
ORD00155725,OI000845937,ITEM0016,1,560.00,210.83,0.00,560.00
ORD00155725,OI000845938,ITEM0070,1,1330.00,627.42,0.00,1330.00
ORD00155725,OI000845939,ITEM0118,1,670.00,333.71,0.00,670.00
ORD00155725,OI000845940,ITEM0138,1,265.00,113.51,0.00,265.00
ORD00155726,OI000845941,ITEM0006,1,770.00,296.28,0.00,770.00
ORD00155726,OI000845942,ITEM0054,2,1330.00,424.10,0.00,2660.00
ORD00155726,OI000845943,ITEM0056,2,1440.00,468.22,0.00,2880.00
ORD00155726,OI000845944,ITEM0068,2,680.00,470.19,0.00,1360.00
ORD00155726,OI000845945,ITEM0078,1,1250.00,560.33,0.00,1250.00
ORD00155726,OI000845946,ITEM0114,1,270.00,86.95,0.00,270.00
ORD00155726,OI000845947,ITEM0152,2,100.00,40.74,0.00,200.00
ORD00155727,OI000845948,ITEM0020,1,810.00,323.82,0.00,810.00
ORD00155727,OI000845949,ITEM0060,1,830.00,333.17,0.00,830.00
ORD00155727,OI000845950,ITEM0138,2,265.00,113.51,0.00,530.00
ORD00155727,OI000845951,ITEM0148,3,320.00,208.57,0.00,960.00
ORD00155727,OI000845952,ITEM0155,1,220.00,95.85,0.00,220.00
ORD00155728,OI000845953,ITEM0049,2,2870.00,1132.57,0.00,5740.00
ORD00155728,OI000845954,ITEM0081,1,1510.00,1047.44,0.00,1510.00
ORD00155728,OI000845955,ITEM0090,1,1910.00,682.77,0.00,1910.00
ORD00155728,OI000845956,ITEM0113,1,510.00,198.15,0.00,510.00
ORD00155728,OI000845957,ITEM0118,1,720.00,333.71,0.00,720.00
ORD00155729,OI000845958,ITEM0005,1,420.00,149.00,0.00,420.00
ORD00155729,OI000845959,ITEM0033,1,940.00,306.02,0.00,940.00
ORD00155729,OI000845960,ITEM0054,2,1330.00,424.10,0.00,2660.00
ORD00155729,OI000845961,ITEM0055,1,750.00,235.61,0.00,750.00
ORD00155729,OI000845962,ITEM0057,1,690.00,468.22,0.00,690.00
ORD00155729,OI000845963,ITEM0102,1,1410.00,625.27,0.00,1410.00
ORD00155729,OI000845964,ITEM0109,1,1500.00,513.48,0.00,1500.00
ORD00155729,OI000845965,ITEM0113,1,510.00,198.15,0.00,510.00
ORD00155729,OI000845966,ITEM0148,1,320.00,208.57,0.00,320.00
ORD00155729,OI000845967,ITEM0151,2,65.00,45.19,0.00,130.00
ORD00155730,OI000845968,ITEM0068,1,680.00,470.19,0.00,680.00
ORD00155730,OI000845969,,2,680.00,302.29,0.00,1360.00
ORD00155730,OI000845970,ITEM0156,2,130.00,48.41,0.00,260.00
ORD00155731,OI000845971,ITEM0045,1,1530.00,595.53,0.00,1530.00
ORD00155731,OI000845972,ITEM0047,1,1780.00,627.28,0.00,1780.00
ORD00155731,OI000845973,ITEM0059,1,790.00,317.89,0.00,790.00
ORD00155731,OI000845974,ITEM0134,2,165.00,108.74,0.00,330.00
ORD00155731,OI000845975,ITEM0147,1,480.00,154.20,0.00,480.00
ORD00155732,OI000845976,ITEM0012,1,900.00,402.60,0.00,900.00
ORD00155732,OI000845977,ITEM0037,1,2380.00,995.51,0.00,2380.00
ORD00155732,OI000845978,ITEM0068,5,680.00,470.19,0.00,3400.00
ORD00155732,OI000845979,ITEM0081,1,1510.00,1047.44,0.00,1510.00
ORD00155732,OI000845980,ITEM0091,2,1920.00,724.96,0.00,3840.00
ORD00155732,OI000845981,ITEM0132,1,410.00,163.26,0.00,410.00
ORD00155733,OI000845982,ITEM0002,1,215.00,75.87,0.00,215.00
ORD00155733,OI000845983,ITEM0061,2,1060.00,363.74,0.00,2120.00
ORD00155733,OI000845984,ITEM0068,4,680.00,470.19,0.00,2720.00
ORD00155733,OI000845985,ITEM0085,2,1630.00,650.03,0.00,3260.00
ORD00155733,OI000845986,ITEM0087,2,3420.00,1492.61,2052.00,4788.00
ORD00155733,OI000845986,ITEM0087,2,3420.00,1492.61,2052.00,4788.00
ORD00155733,OI000845987,ITEM0134,1,165.00,108.74,49.50,115.50
ORD00155734,OI000845988,ITEM1889,1,1920.00,724.96,0.00,1920.00
ORD00155735,OI000845989,ITEM0005,1,420.00,149.00,0.00,420.00
ORD00155735,OI000845990,ITEM0055,1,750.00,235.61,0.00,750.00
ORD00155735,OI000845991,ITEM0057,2,690.00,468.22,0.00,1380.00
ORD00155735,OI000845992,ITEM0062,1,670.00,350.53,0.00,670.00
ORD00155735,OI000845993,ITEM0068,1,680.00,470.19,0.00,680.00
ORD00155735,OI000845994,ITEM0109,1,1500.00,513.48,0.00,1500.00
ORD00155736,OI000845995,ITEM0020,1,810.00,323.82,0.00,810.00
ORD00155736,OI000845996,ITEM0068,1,680.00,470.19,0.00,680.00
ORD00155736,OI000845997,ITEM0082,3,2000.00,707.81,0.00,6000.00
ORD00155737,OI000845998,ITEM0042,2,5470.00,2596.95,3282.00,7658.00
ORD00155737,OI000845999,ITEM0045,4,1530.00,595.53,0.00,6120.00
ORD00155737,OI000846000,ITEM0049,1,2870.00,1132.57,0.00,2870.00
ORD00155737,OI000846001,ITEM0065,1,1360.00,503.63,0.00,1360.00
ORD00155737,OI000846002,ITEM0148,2,350.00,208.57,210.00,490.00
ORD00155738,OI000846003,ITEM0003,1,380.00,142.17,0.00,380.00
ORD00155738,OI000846004,ITEM0045,1,1530.00,595.53,0.00,1530.00
ORD00155738,OI000846005,ITEM0058,1,1250.00,392.19,0.00,1250.00
ORD00155738,OI000846006,ITEM0060,1,830.00,333.17,0.00,830.00
ORD00155738,OI000846007,ITEM0066,3,950.00,343.77,0.00,2850.00
ORD00155738,OI000846008,ITEM0081,1,1510.00,1047.44,0.00,1510.00
ORD00155738,OI000846009,ITEM0148,4,320.00,208.57,0.00,1280.00
ORD00155739,OI000846010,ITEM0010,1,1390.00,568.66,0.00,1390.00
ORD00155739,OI000846011,ITEM0105,1,2660.00,878.39,0.00,2660.00
ORD00155739,OI000846012,ITEM0125,3,320.00,124.33,0.00,960.00
ORD00155739,OI000846013,ITEM0154,4,370.00,126.03,0.00,1480.00
ORD00155740,OI000846014,ITEM0107,2,1430.00,473.19,0.00,2860.00
ORD00155740,OI000846015,ITEM0116,1,800.00,142.86,0.00,800.00
ORD00155740,OI000846016,ITEM0159,1,460.00,192.62,0.00,460.00
ORD00155741,OI000846017,ITEM0005,1,420.00,149.00,0.00,420.00
ORD00155741,OI000846018,ITEM0043,1,5110.00,2066.57,0.00,5110.00
ORD00155741,OI000846019,ITEM0044,1,1480.00,512.67,0.00,1480.00
ORD00155741,OI000846020,ITEM0090,2,1910.00,682.77,0.00,3820.00
ORD00155742,OI000846021,ITEM0005,1,450.00,149.00,0.00,450.00
ORD00155742,OI000846022,ITEM0037,1,2380.00,995.51,0.00,2380.00
ORD00155742,OI000846023,ITEM0148,3,350.00,208.57,0.00,1050.00
ORD00155743,OI000846024,ITEM0091,4,1920.00,724.96,0.00,7680.00
ORD00155743,OI000846025,ITEM0138,3,265.00,113.51,0.00,795.00
ORD00155743,OI000846026,ITEM0143,4,470.00,187.60,0.00,1880.00
ORD00155744,OI000846027,ITEM0062,1,670.00,350.53,0.00,670.00
ORD00155744,OI000846028,ITEM0135,2,105.00,69.46,0.00,210.00
ORD00155744,OI000846029,ITEM0143,1,470.00,187.60,0.00,470.00
ORD00155744,OI000846030,ITEM0148,2,350.00,208.57,0.00,700.00
ORD00155744,OI000846031,ITEM0156,3,130.00,48.41,0.00,390.00
ORD00155744,OI000846032,ITEM0160,2,105.00,47.30,0.00,210.00
ORD00155745,OI000846033,ITEM0041,1,1310.00,515.58,0.00,1310.00
ORD00155745,OI000846034,ITEM0087,1,3420.00,1492.61,0.00,3420.00
ORD00155745,OI000846035,ITEM0090,1,1910.00,682.77,0.00,1910.00
ORD00155745,OI000846036,ITEM0092,2,1410.00,465.66,0.00,2820.00
ORD00155745,OI000846037,ITEM0113,1,510.00,198.15,0.00,510.00
ORD00155746,OI000846038,ITEM0014,2,490.00,180.01,0.00,980.00
ORD00155746,OI000846039,ITEM0045,1,1530.00,595.53,0.00,1530.00
ORD00155746,OI000846040,ITEM0064,1,550.00,191.14,0.00,550.00
ORD00155746,OI000846041,ITEM0102,1,1520.00,625.27,0.00,1520.00
ORD00155746,OI000846042,,1,510.00,198.15,0.00,510.00
ORD00155746,OI000846043,ITEM0134,1,165.00,108.74,0.00,165.00
ORD00155747,OI000846044,ITEM0020,1,810.00,323.82,0.00,810.00
ORD00155747,OI000846045,ITEM0036,1,840.00,338.10,0.00,840.00
ORD00155747,OI000846046,ITEM0045,1,1530.00,595.53,0.00,1530.00
ORD00155747,OI000846047,ITEM0067,1,320.00,108.16,0.00,320.00
ORD00155747,OI000846048,ITEM0068,3,680.00,470.19,0.00,2040.00
ORD00155747,OI000846049,ITEM0124,1,190.00,131.48,0.00,190.00
ORD00155747,OI000846050,ITEM0129,1,600.00,188.49,0.00,600.00
ORD00155747,OI000846051,ITEM0148,5,350.00,208.57,0.00,1750.00
ORD00155748,OI000846052,ITEM0003,1,380.00,142.17,0.00,380.00
ORD00155748,OI000846053,ITEM0057,1,690.00,468.22,0.00,690.00
ORD00155748,OI000846054,ITEM0083,1,1760.00,701.86,0.00,1760.00
ORD00155748,OI000846055,ITEM0145,3,370.00,151.19,0.00,1110.00
ORD00155748,OI000846056,ITEM0147,1,480.00,154.20,0.00,480.00
ORD00155749,OI000846057,ITEM0070,2,1330.00,627.42,798.00,1862.00
ORD00155749,OI000846058,ITEM0134,3,165.00,108.74,148.50,346.50
ORD00155749,OI000846059,ITEM0135,1,105.00,69.46,31.50,73.50
ORD00155749,OI000846060,ITEM0147,1,480.00,154.20,144.00,336.00
ORD00155749,OI000846061,ITEM0151,1,70.00,45.19,21.00,49.00
ORD00155749,OI000846062,ITEM0160,4,105.00,47.30,126.00,294.00
ORD00155750,OI000846063,ITEM0075,2,630.00,269.61,0.00,1260.00
ORD00155750,OI000846064,ITEM0091,1,1920.00,724.96,0.00,1920.00
ORD00155750,OI000846065,ITEM0148,1,320.00,208.57,0.00,320.00
ORD00155750,OI000846066,ITEM0151,1,65.00,45.19,0.00,65.00
ORD00155750,OI000846067,ITEM0152,1,100.00,40.74,0.00,100.00
ORD00155751,OI000846068,ITEM0004,2,590.00,220.14,0.00,1180.00
ORD00155751,OI000846069,ITEM0019,2,360.00,154.84,0.00,720.00
ORD00155751,OI000846070,ITEM0068,1,680.00,470.19,0.00,680.00
ORD00155751,OI000846071,ITEM0071,2,710.00,267.43,0.00,1420.00
ORD00155751,OI000846072,ITEM0113,1,510.00,198.15,0.00,510.00
ORD00155751,OI000846073,ITEM0134,2,165.00,108.74,0.00,330.00
ORD00155751,OI000846074,ITEM0148,3,320.00,208.57,0.00,960.00
ORD00155751,OI000846075,ITEM0151,1,65.00,45.19,0.00,65.00
ORD00155752,OI000846076,ITEM0020,5,810.00,323.82,0.00,4050.00
ORD00155752,OI000846077,ITEM0031,2,1190.00,364.08,0.00,2380.00
ORD00155752,OI000846078,ITEM0076,1,810.00,294.74,0.00,810.00
ORD00155752,OI000846079,,1,330.00,138.90,0.00,330.00
ORD00155752,OI000846080,ITEM0133,1,180.00,78.35,0.00,180.00
ORD00155752,OI000846081,ITEM0134,2,165.00,108.74,0.00,330.00
ORD00155752,OI000846082,ITEM0143,1,470.00,187.60,0.00,470.00
ORD00155752,OI000846083,ITEM0149,2,380.00,173.20,0.00,760.00
ORD00155753,OI000846084,ITEM0021,2,450.00,184.70,0.00,900.00
ORD00155753,OI000846085,ITEM0064,1,550.00,191.14,0.00,550.00
ORD00155753,OI000846086,ITEM0072,2,790.00,332.55,0.00,1580.00
ORD00155753,OI000846087,ITEM0121,1,370.00,125.92,0.00,370.00
ORD00155753,OI000846088,ITEM0153,2,40.00,16.47,0.00,80.00
ORD00155754,OI000846089,ITEM0031,1,1100.00,364.08,0.00,1100.00
ORD00155754,OI000846090,ITEM0152,9,100.00,40.74,270.00,630.00
ORD00155754,OI000846091,ITEM0157,2,800.00,322.21,480.00,1120.00
ORD00155755,OI000846092,ITEM0046,3,2820.00,1115.76,0.00,8460.00
ORD00155755,OI000846093,ITEM0056,2,1440.00,468.22,0.00,2880.00
ORD00155755,OI000846094,ITEM0092,1,1410.00,465.66,0.00,1410.00
ORD00155756,OI000846095,ITEM0019,1,390.00,154.84,0.00,390.00
ORD00155756,OI000846096,ITEM0041,1,1310.00,515.58,0.00,1310.00
ORD00155756,OI000846097,ITEM0057,-1,690.00,468.22,0.00,690.00
ORD00155756,OI000846098,ITEM0108,1,1800.00,648.55,0.00,1800.00
ORD00155756,OI000846099,ITEM0129,2,600.00,188.49,0.00,1200.00
ORD00155756,OI000846100,ITEM0149,3,380.00,173.20,0.00,1140.00
ORD00155757,OI000846101,ITEM0077,1,680.00,302.29,0.00,680.00
ORD00155757,OI000846102,ITEM0122,2,690.00,295.82,0.00,1380.00
ORD00155757,OI000846103,ITEM0147,2,480.00,154.20,0.00,960.00
ORD00155757,OI000846104,ITEM0148,5,320.00,208.57,0.00,1600.00
ORD00155757,OI000846105,ITEM0150,2,130.00,50.35,0.00,260.00
ORD00155757,OI000846106,ITEM0152,3,100.00,40.74,0.00,300.00
ORD00155758,OI000846107,ITEM0005,1,450.00,149.00,0.00,450.00
ORD00155758,OI000846108,ITEM0045,1,1530.00,595.53,0.00,1530.00
ORD00155758,OI000846109,ITEM0046,1,2820.00,1115.76,0.00,2820.00
ORD00155758,OI000846110,ITEM0051,-1,730.00,266.66,0.00,730.00
ORD00155758,OI000846111,ITEM0054,2,1440.00,424.10,0.00,2880.00
ORD00155758,OI000846112,ITEM0057,3,690.00,468.22,0.00,2070.00
ORD00155758,OI000846113,ITEM0061,1,1060.00,363.74,0.00,1060.00
ORD00155758,OI000846114,ITEM0103,3,3090.00,1298.00,0.00,9270.00
ORD00155759,OI000846115,ITEM0068,2,680.00,470.19,0.00,1360.00
ORD00155759,OI000846116,ITEM0070,2,1330.00,627.42,0.00,2660.00
ORD00155759,OI000846117,ITEM0091,2,1920.00,724.96,0.00,3840.00
ORD00155759,OI000846118,ITEM0145,1,370.00,151.19,0.00,370.00
ORD00155759,OI000846119,ITEM0147,1,480.00,154.20,0.00,480.00
ORD00155759,OI000846120,ITEM0157,3,800.00,322.21,0.00,2400.00
ORD00155760,OI000846121,ITEM0014,1,490.00,180.01,0.00,490.00
ORD00155760,OI000846122,ITEM0068,3,680.00,470.19,0.00,2040.00
ORD00155760,OI000846123,ITEM0070,2,1330.00,627.42,798.00,1862.00
ORD00155760,OI000846124,ITEM0125,2,320.00,124.33,0.00,640.00
ORD00155760,OI000846125,ITEM0134,5,165.00,108.74,247.50,577.50
ORD00155761,OI000846126,ITEM0034,1,1220.00,445.69,0.00,1220.00
ORD00155761,OI000846127,ITEM0054,1,1330.00,424.10,0.00,1330.00
ORD00155761,OI000846128,ITEM0058,3,1250.00,392.19,0.00,3750.00
ORD00155761,OI000846129,ITEM0078,1,1250.00,560.33,0.00,1250.00
ORD00155761,OI000846130,ITEM0081,1,1510.00,1047.44,0.00,1510.00
ORD00155761,OI000846131,ITEM0082,1,0.00,707.81,0.00,2000.00
ORD00155761,OI000846132,ITEM0104,1,1420.00,476.78,0.00,1420.00
ORD00155761,OI000846133,ITEM0152,1,100.00,40.74,0.00,100.00
ORD00155762,OI000846134,ITEM0001,1,270.00,95.57,0.00,270.00
ORD00155762,OI000846135,ITEM0002,3,215.00,75.87,0.00,645.00
ORD00155762,OI000846136,ITEM0041,1,1310.00,515.58,0.00,1310.00
ORD00155762,OI000846137,ITEM0112,2,310.00,140.73,0.00,620.00
ORD00155762,OI000846138,ITEM0113,1,510.00,198.15,0.00,510.00
ORD00155762,OI000846139,ITEM0150,1,130.00,50.35,0.00,130.00
ORD00155763,OI000846140,ITEM0066,1,950.00,343.77,0.00,950.00
ORD00155763,OI000846141,ITEM0075,3,630.00,269.61,0.00,1890.00
ORD00155763,OI000846142,ITEM0147,1,480.00,154.20,0.00,480.00
ORD00155764,OI000846143,ITEM0005,1,420.00,149.00,0.00,420.00
ORD00155764,OI000846144,ITEM0050,2,1770.00,776.26,0.00,3540.00
ORD00155764,OI000846145,ITEM0102,1,1410.00,625.27,0.00,1410.00
ORD00155764,OI000846146,ITEM0134,3,165.00,108.74,0.00,495.00
ORD00155765,OI000846147,ITEM0003,1,380.00,142.17,0.00,380.00
ORD00155765,OI000846148,ITEM0033,1,940.00,306.02,0.00,940.00
ORD00155765,OI000846149,ITEM0056,1,1440.00,468.22,0.00,1440.00
ORD00155765,OI000846150,ITEM0077,1,730.00,302.29,0.00,730.00
ORD00155765,OI000846151,ITEM0135,2,105.00,69.46,0.00,210.00
ORD00155765,OI000846152,ITEM0143,1,470.00,187.60,0.00,470.00
ORD00155765,OI000846153,ITEM0151,2,70.00,45.19,0.00,140.00
ORD00155766,OI000846154,ITEM0061,1,980.00,363.74,0.00,980.00
ORD00155766,OI000846155,ITEM0113,4,510.00,198.15,0.00,2040.00
ORD00155766,OI000846156,ITEM0134,2,165.00,108.74,0.00,330.00
ORD00155766,OI000846157,ITEM0157,2,800.00,322.21,0.00,1600.00
ORD00155767,OI000846158,ITEM0012,1,900.00,402.60,0.00,900.00
ORD00155767,OI000846159,ITEM0019,1,390.00,154.84,0.00,390.00
ORD00155767,OI000846160,ITEM0046,3,2820.00,1115.76,0.00,8460.00
ORD00155767,OI000846161,ITEM0062,2,670.00,350.53,0.00,1340.00
ORD00155767,OI000846162,ITEM0082,1,2000.00,707.81,0.00,2000.00
ORD00155767,OI000846163,ITEM0091,1,1920.00,724.96,0.00,1920.00
ORD00155767,OI000846164,ITEM0127,1,500.00,76.86,0.00,500.00
ORD00155767,OI000846165,ITEM0129,1,600.00,188.49,0.00,600.00
ORD00155767,OI000846166,ITEM0134,2,165.00,108.74,0.00,330.00
ORD00155767,OI000846167,ITEM0136,3,520.00,175.82,0.00,1560.00
ORD00155768,OI000846168,ITEM0059,1,730.00,317.89,0.00,730.00
ORD00155768,OI000846169,ITEM0112,1,310.00,140.73,0.00,310.00
ORD00155768,OI000846170,ITEM0135,2,105.00,69.46,0.00,210.00
ORD00155769,OI000846171,ITEM0018,1,620.00,236.34,0.00,620.00
ORD00155769,OI000846172,ITEM0045,1,1530.00,595.53,0.00,1530.00
ORD00155769,OI000846173,ITEM0047,1,1650.00,627.28,0.00,1650.00
ORD00155769,OI000846174,ITEM0132,4,410.00,163.26,0.00,1640.00
ORD00155769,OI000846175,ITEM0134,1,165.00,108.74,0.00,165.00
ORD00155769,OI000846176,ITEM0151,3,65.00,45.19,0.00,195.00
ORD00155770,OI000846177,,2,1020.00,340.59,0.00,2040.00
ORD00155770,OI000846178,ITEM0032,1,840.00,356.48,0.00,840.00
ORD00155770,OI000846179,ITEM0042,1,5470.00,2596.95,1641.00,3829.00
ORD00155770,OI000846180,ITEM0049,3,2870.00,1132.57,0.00,8610.00
ORD00155770,OI000846181,ITEM0155,8,220.00,95.85,528.00,1232.00
ORD00155771,OI000846182,ITEM0039,3,980.00,450.35,0.00,2940.00
ORD00155771,OI000846183,ITEM0058,2,1250.00,392.19,0.00,2500.00
ORD00155771,OI000846184,ITEM0075,1,630.00,269.61,0.00,630.00
ORD00155771,OI000846185,ITEM0090,1,1910.00,682.77,0.00,1910.00
ORD00155771,OI000846186,ITEM0113,1,510.00,198.15,0.00,510.00
ORD00155771,OI000846187,ITEM0125,2,320.00,124.33,0.00,640.00
ORD00155771,OI000846188,ITEM0148,4,320.00,208.57,0.00,1280.00
ORD00155771,OI000846189,ITEM0152,4,100.00,40.74,0.00,400.00
ORD00155772,OI000846190,ITEM0087,1,3170.00,1492.61,951.00,2219.00
ORD00155772,OI000846191,ITEM0136,2,480.00,175.82,288.00,672.00
ORD00155772,OI000846192,ITEM0147,3,480.00,154.20,432.00,1008.00
ORD00155772,OI000846193,ITEM0152,1,100.00,40.74,30.00,70.00
ORD00155773,OI000846194,ITEM0057,1,690.00,468.22,0.00,690.00
ORD00155773,OI000846195,ITEM0070,2,1330.00,627.42,798.00,1862.00
ORD00155773,OI000846196,ITEM0081,2,1510.00,1047.44,0.00,3020.00
ORD00155773,OI000846197,ITEM0135,2,105.00,69.46,63.00,147.00
ORD00155774,OI000846198,ITEM0004,1,590.00,220.14,0.00,590.00
ORD00155774,OI000846199,ITEM0054,1,1440.00,424.10,0.00,1440.00
ORD00155774,OI000846200,ITEM0151,1,70.00,45.19,0.00,70.00
ORD00155775,OI000846201,ITEM0036,1,840.00,338.10,0.00,840.00
ORD00155775,OI000846202,ITEM0134,1,165.00,108.74,0.00,165.00
ORD00155775,OI000846203,ITEM0147,1,480.00,154.20,0.00,480.00
ORD00155776,OI000846204,ITEM0006,1,770.00,296.28,0.00,770.00
ORD00155776,OI000846205,ITEM0037,1,2380.00,995.51,0.00,2380.00
ORD00155776,OI000846206,ITEM0050,1,1770.00,776.26,0.00,1770.00
ORD00155776,OI000846207,ITEM0135,2,105.00,69.46,0.00,210.00
ORD00155776,OI000846208,ITEM0138,4,265.00,113.51,0.00,1060.00
ORD00155777,OI000846209,ITEM0020,1,810.00,323.82,0.00,810.00
ORD00155777,OI000846210,ITEM0021,1,450.00,184.70,0.00,450.00
ORD00155777,OI000846211,ITEM0023,1,470.00,200.14,0.00,470.00
ORD00155777,OI000846212,ITEM0037,1,2380.00,995.51,0.00,2380.00
ORD00155777,OI000846213,ITEM0046,2,2820.00,1115.76,0.00,5640.00
ORD00155777,OI000846214,ITEM0062,1,670.00,350.53,0.00,670.00
ORD00155778,OI000846215,ITEM0027,1,420.00,144.90,0.00,420.00
ORD00155778,OI000846216,ITEM0043,1,5110.00,2066.57,0.00,5110.00
ORD00155778,OI000846217,ITEM0058,2,1250.00,392.19,0.00,2500.00
ORD00155778,OI000846218,ITEM0071,1,710.00,267.43,0.00,710.00
ORD00155779,OI000846219,ITEM0005,1,450.00,149.00,0.00,450.00
ORD00155779,OI000846220,ITEM0012,3,900.00,402.60,0.00,2700.00
ORD00155779,OI000846221,ITEM0128,6,550.00,72.23,0.00,3300.00
ORD00155779,OI000846222,ITEM0133,1,180.00,78.35,0.00,180.00
ORD00155780,OI000846223,ITEM0074,1,1230.00,548.77,0.00,1230.00
ORD00155780,OI000846224,ITEM0113,1,510.00,198.15,0.00,510.00
ORD00155780,OI000846225,ITEM0134,1,165.00,108.74,0.00,165.00
ORD00155780,OI000846226,ITEM0147,2,480.00,154.20,0.00,960.00
ORD00155780,OI000846227,ITEM0159,8,460.00,192.62,0.00,3680.00
ORD00155781,OI000846228,ITEM0033,1,940.00,306.02,0.00,940.00
ORD00155781,OI000846229,ITEM0045,1,1530.00,595.53,0.00,1530.00
ORD00155781,OI000846230,ITEM0129,1,600.00,188.49,0.00,600.00
ORD00155781,OI000846231,ITEM0138,3,265.00,113.51,0.00,795.00
ORD00155781,OI000846232,ITEM0148,3,350.00,208.57,0.00,1050.00
ORD00155781,OI000846233,ITEM0151,3,70.00,45.19,0.00,210.00
ORD00155781,OI000846234,ITEM0152,3,100.00,40.74,0.00,300.00
ORD00155781,OI000846235,ITEM0157,4,800.00,322.21,0.00,3200.00
ORD00155782,OI000846236,ITEM0014,1,490.00,180.01,0.00,490.00
ORD00155782,OI000846237,ITEM0024,1,820.00,285.28,0.00,820.00
ORD00155782,OI000846238,ITEM0055,2,0.00,235.61,0.00,1500.00
ORD00155782,OI000846239,ITEM0114,2,270.00,86.95,0.00,540.00
ORD00155783,OI000846240,ITEM0049,1,2660.00,1132.57,0.00,2660.00
ORD00155783,OI000846241,ITEM0059,1,730.00,317.89,0.00,730.00
ORD00155783,OI000846242,ITEM0068,1,680.00,470.19,0.00,680.00
ORD00155783,OI000846243,ITEM0081,2,1510.00,1047.44,0.00,3020.00
ORD00155783,OI000846244,ITEM0084,3,1240.00,425.59,0.00,3720.00
ORD00155784,OI000846245,ITEM0001,2,270.00,95.57,0.00,540.00
ORD00155784,OI000846246,ITEM0004,1,590.00,220.14,0.00,590.00
ORD00155784,OI000846247,ITEM0050,1,1770.00,776.26,0.00,1770.00
ORD00155784,OI000846248,ITEM0068,3,680.00,470.19,0.00,2040.00
ORD00155784,OI000846249,ITEM0106,2,4170.00,1825.61,0.00,8340.00
ORD00155784,OI000846250,ITEM0136,2,480.00,175.82,0.00,960.00
ORD00155784,OI000846251,ITEM0150,4,130.00,50.35,0.00,520.00
ORD00155785,OI000846252,ITEM0012,1,900.00,402.60,0.00,900.00
ORD00155785,OI000846253,ITEM0106,1,4170.00,1825.61,0.00,4170.00
ORD00155785,OI000846254,ITEM0112,1,310.00,140.73,0.00,310.00
ORD00155785,OI000846255,ITEM0123,2,330.00,138.90,0.00,660.00
ORD00155785,OI000846256,ITEM0145,1,370.00,151.19,0.00,370.00
ORD00155785,OI000846257,ITEM0146,2,610.00,207.34,0.00,1220.00
ORD00155786,OI000846258,ITEM0046,1,2820.00,1115.76,0.00,2820.00
ORD00155786,OI000846259,ITEM0048,1,1520.00,597.64,0.00,1520.00
ORD00155786,OI000846260,ITEM0054,1,1330.00,424.10,0.00,1330.00
ORD00155786,OI000846261,ITEM0055,1,750.00,235.61,0.00,750.00
ORD00155786,OI000846262,ITEM0100,1,1260.00,549.26,0.00,1260.00
ORD00155786,OI000846263,ITEM0103,1,3090.00,1298.00,0.00,3090.00
ORD00155786,OI000846264,ITEM0115,1,580.00,186.26,0.00,580.00
ORD00155786,OI000846265,ITEM0129,1,600.00,188.49,0.00,600.00
ORD00155786,OI000846266,ITEM0132,3,410.00,163.26,0.00,1230.00
ORD00155786,OI000846267,ITEM0145,1,370.00,151.19,0.00,370.00
ORD00155787,OI000846268,ITEM0002,1,215.00,75.87,0.00,215.00
ORD00155787,OI000846269,ITEM0039,1,980.00,450.35,0.00,980.00
ORD00155787,OI000846270,ITEM0059,2,790.00,317.89,0.00,1580.00
ORD00155787,OI000846271,ITEM0068,1,680.00,470.19,0.00,680.00
ORD00155787,OI000846272,ITEM5071,2,630.00,269.61,0.00,1260.00
ORD00155787,OI000846273,ITEM0124,2,190.00,131.48,0.00,380.00
ORD00155788,OI000846274,ITEM0037,1,2380.00,995.51,0.00,2380.00
ORD00155788,OI000846275,ITEM0046,1,2820.00,1115.76,0.00,2820.00
ORD00155788,OI000846276,ITEM0057,2,690.00,468.22,0.00,1380.00
ORD00155788,OI000846277,ITEM0074,3,1230.00,548.77,0.00,3690.00
ORD00155788,OI000846278,ITEM0077,2,680.00,302.29,0.00,1360.00
ORD00155788,OI000846279,ITEM0084,1,1240.00,425.59,0.00,1240.00
ORD00155788,OI000846280,ITEM0133,1,180.00,78.35,0.00,180.00
ORD00155789,OI000846281,ITEM0075,2,630.00,269.61,0.00,1260.00
ORD00155789,OI000846282,ITEM0081,3,1510.00,1047.44,0.00,4530.00
ORD00155790,OI000846283,ITEM0012,1,900.00,402.60,0.00,900.00
ORD00155790,OI000846284,ITEM0046,1,2820.00,1115.76,0.00,2820.00
ORD00155790,OI000846285,ITEM0124,2,190.00,131.48,0.00,380.00
ORD00155790,OI000846286,ITEM0152,1,100.00,40.74,0.00,100.00
ORD00155791,OI000846287,ITEM0020,4,-810.00,323.82,0.00,3240.00
ORD00155791,OI000846288,ITEM0023,2,470.00,200.14,0.00,940.00
ORD00155791,OI000846289,ITEM0029,1,950.00,312.12,0.00,950.00
ORD00155791,OI000846290,ITEM0042,1,5470.00,2596.95,0.00,5470.00
ORD00155791,OI000846291,ITEM0068,1,680.00,470.19,0.00,680.00
ORD00155791,OI000846292,ITEM0129,2,600.00,188.49,0.00,1200.00
ORD00155792,OI000846293,ITEM0033,1,940.00,306.02,0.00,940.00
ORD00155792,OI000846294,ITEM0045,2,1530.00,595.53,0.00,3060.00
ORD00155792,OI000846295,ITEM0046,1,2820.00,1115.76,0.00,2820.00
ORD00155792,OI000846296,ITEM0049,1,2870.00,1132.57,0.00,2870.00
ORD00155792,OI000846297,ITEM0051,1,730.00,266.66,0.00,730.00
ORD00155792,OI000846298,ITEM0058,1,1250.00,392.19,0.00,1250.00
ORD00155792,OI000846299,ITEM0065,1,1360.00,503.63,0.00,1360.00
ORD00155792,OI000846300,ITEM0070,2,1330.00,627.42,798.00,1862.00
ORD00155792,OI000846301,ITEM0134,2,165.00,108.74,99.00,231.00
ORD00155792,OI000846302,ITEM0141,1,510.00,166.18,153.00,357.00
ORD00155792,OI000846303,ITEM0147,1,480.00,154.20,144.00,336.00
ORD00155792,OI000846304,ITEM0148,3,350.00,208.57,315.00,735.00
ORD00155792,OI000846305,ITEM0160,4,105.00,47.30,126.00,294.00
ORD00155793,OI000846306,ITEM0015,1,520.00,184.59,0.00,520.00
ORD00155793,OI000846307,,2,1330.00,424.10,0.00,2660.00
ORD00155793,OI000846308,ITEM0152,4,100.00,40.74,0.00,400.00
ORD00155794,OI000846309,ITEM0014,1,490.00,180.01,0.00,490.00
ORD00155794,OI000846310,ITEM0015,1,520.00,184.59,0.00,520.00
ORD00155794,OI000846311,ITEM0044,1,1480.00,512.67,0.00,1480.00
ORD00155794,OI000846312,ITEM0129,3,600.00,188.49,0.00,1800.00
ORD00155794,OI000846313,ITEM0156,2,130.00,48.41,0.00,260.00
ORD00155794,OI000846314,ITEM0157,9,800.00,322.21,0.00,7200.00
ORD00155795,OI000846315,ITEM0048,1,1520.00,597.64,0.00,1520.00
ORD00155795,OI000846316,ITEM0062,1,670.00,350.53,0.00,670.00
ORD00155795,OI000846317,ITEM0147,3,480.00,154.20,0.00,1440.00
ORD00155795,OI000846318,ITEM0149,1,380.00,173.20,0.00,380.00
ORD00155795,OI000846319,ITEM0157,3,800.00,322.21,0.00,2400.00
ORD00155795,OI000846320,ITEM0159,3,460.00,192.62,0.00,1380.00
ORD00155797,OI000846326,ITEM0002,1,215.00,75.87,0.00,215.00
ORD00155797,OI000846327,ITEM0011,1,940.00,340.59,0.00,940.00
ORD00155797,OI000846328,ITEM0136,3,480.00,175.82,0.00,1440.00
ORD00155798,OI000846329,ITEM0016,2,560.00,210.83,0.00,1120.00
ORD00155798,OI000846330,ITEM0061,1,980.00,363.74,0.00,980.00
ORD00155798,OI000846331,ITEM0068,1,680.00,470.19,0.00,680.00
ORD00155798,OI000846332,ITEM0077,2,680.00,302.29,0.00,1360.00
ORD00155798,OI000846333,ITEM0091,2,1920.00,724.96,0.00,3840.00
ORD00155798,OI000846334,ITEM0096,1,1840.00,298.74,0.00,1840.00
ORD00155798,OI000846335,ITEM0102,-1,1410.00,625.27,0.00,1410.00
ORD00155799,OI000846336,ITEM0048,1,1520.00,597.64,0.00,1520.00
ORD00155799,OI000846337,ITEM0050,1,1910.00,776.26,0.00,1910.00
ORD00155799,OI000846338,ITEM0051,3,730.00,266.66,0.00,2190.00
ORD00155799,OI000846339,ITEM0055,1,750.00,235.61,0.00,750.00
ORD00155799,OI000846340,ITEM0098,1,1220.00,521.65,0.00,1220.00
ORD00155799,OI000846341,ITEM0134,2,165.00,108.74,0.00,330.00
ORD00155800,OI000846342,ITEM0041,1,1310.00,515.58,0.00,1310.00
ORD00155800,OI000846343,ITEM0057,1,690.00,468.22,0.00,690.00
ORD00155800,OI000846344,ITEM0060,2,900.00,333.17,0.00,1800.00
ORD00155800,OI000846345,ITEM0081,1,1510.00,1047.44,0.00,1510.00
ORD00155800,OI000846346,ITEM0148,5,350.00,208.57,525.00,1225.00
ORD00155800,OI000846347,ITEM0151,3,70.00,45.19,63.00,147.00
ORD00155800,OI000846348,ITEM0152,3,100.00,40.74,90.00,210.00
ORD00155801,OI000846349,ITEM0033,1,940.00,306.02,0.00,940.00
ORD00155801,OI000846350,ITEM0047,2,1650.00,627.28,0.00,3300.00
ORD00155801,OI000846351,ITEM0067,1,320.00,108.16,0.00,320.00
ORD00155801,OI000846352,ITEM0160,1,105.00,47.30,0.00,105.00
ORD00155802,OI000846353,ITEM0025,1,820.00,334.06,0.00,820.00
ORD00155802,OI000846354,ITEM0112,1,310.00,140.73,0.00,310.00
ORD00155802,OI000846355,,2,165.00,108.74,0.00,330.00
ORD00155803,OI000846356,ITEM0007,1,1570.00,711.90,0.00,1570.00
ORD00155803,OI000846357,ITEM0036,3,840.00,338.10,0.00,2520.00
ORD00155803,OI000846358,ITEM0051,2,680.00,266.66,0.00,1360.00
ORD00155803,OI000846359,ITEM0113,1,510.00,198.15,0.00,510.00
ORD00155804,OI000846360,ITEM0058,1,1250.00,392.19,0.00,1250.00
ORD00155804,OI000846361,ITEM0134,3,165.00,108.74,0.00,495.00
ORD00155804,OI000846362,ITEM0159,2,460.00,192.62,0.00,920.00
ORD00155804,OI000846363,ITEM0160,6,105.00,47.30,0.00,630.00
ORD00155804,OI000846363,ITEM0160,6,105.00,47.30,0.00,630.00
ORD00155805,OI000846364,ITEM0018,1,620.00,236.34,0.00,620.00
ORD00155805,OI000846365,ITEM0032,1,840.00,356.48,0.00,840.00
ORD00155805,OI000846366,ITEM0045,1,1530.00,595.53,0.00,1530.00
ORD00155805,OI000846367,ITEM0123,3,330.00,138.90,0.00,990.00
ORD00155805,OI000846368,ITEM0125,1,320.00,124.33,0.00,320.00
ORD00155805,OI000846369,ITEM0134,1,165.00,108.74,0.00,165.00
ORD00155805,OI000846370,ITEM0135,2,105.00,69.46,0.00,210.00
ORD00155806,OI000846371,ITEM0045,1,1530.00,595.53,0.00,1530.00
ORD00155806,OI000846372,ITEM0048,2,1520.00,597.64,0.00,3040.00
ORD00155806,OI000846373,ITEM0055,1,750.00,235.61,0.00,750.00
ORD00155806,OI000846374,ITEM0067,1,320.00,108.16,0.00,320.00
ORD00155806,OI000846375,ITEM0068,1,680.00,470.19,0.00,680.00
ORD00155806,OI000846376,ITEM0075,2,630.00,269.61,0.00,1260.00
ORD00155806,OI000846377,ITEM0134,2,165.00,108.74,0.00,330.00
ORD00155806,OI000846378,ITEM0139,2,410.00,69.54,0.00,820.00
ORD00155807,OI000846379,ITEM0036,1,840.00,338.10,0.00,840.00
ORD00155807,OI000846380,,2,750.00,235.61,0.00,1500.00
ORD00155807,OI000846381,ITEM0145,7,370.00,151.19,0.00,2590.00
ORD00155807,OI000846382,ITEM0151,1,65.00,45.19,0.00,65.00
ORD00155808,OI000846383,ITEM0014,1,490.00,180.01,0.00,490.00
ORD00155808,OI000846384,ITEM0046,1,2820.00,1115.76,0.00,2820.00
ORD00155808,OI000846385,ITEM0054,1,1330.00,424.10,0.00,1330.00
ORD00155808,OI000846386,ITEM0074,2,1230.00,548.77,0.00,2460.00
ORD00155808,OI000846387,ITEM0092,2,1410.00,465.66,0.00,2820.00
ORD00155808,OI000846388,ITEM0124,1,190.00,131.48,0.00,190.00
ORD00155808,OI000846389,ITEM0127,3,500.00,76.86,0.00,1500.00
ORD00155808,OI000846390,ITEM0141,3,510.00,166.18,0.00,1530.00
ORD00155808,OI000846391,ITEM0147,4,480.00,154.20,0.00,1920.00
ORD00155809,OI000846392,ITEM0025,1,820.00,334.06,0.00,820.00
ORD00155809,OI000846393,ITEM0138,1,265.00,113.51,0.00,265.00
ORD00155809,OI000846394,ITEM0157,3,800.00,322.21,0.00,2400.00
ORD00155810,OI000846395,ITEM0035,1,1000.00,418.08,0.00,1000.00
ORD00155810,OI000846396,ITEM0074,4,1230.00,548.77,0.00,4920.00
ORD00155810,OI000846397,ITEM0113,2,510.00,198.15,0.00,1020.00
ORD00155811,OI000846398,ITEM0013,2,400.00,179.48,0.00,800.00
ORD00155811,OI000846399,ITEM0035,1,1000.00,418.08,0.00,1000.00
ORD00155811,OI000846400,ITEM0038,1,1200.00,510.66,0.00,1200.00
ORD00155811,OI000846401,ITEM0043,1,5110.00,2066.57,0.00,5110.00
ORD00155811,OI000846402,ITEM0054,3,1330.00,424.10,0.00,3990.00
ORD00155811,OI000846404,ITEM0061,2,980.00,363.74,0.00,1960.00
ORD00155811,OI000846405,ITEM0066,1,950.00,343.77,0.00,950.00
ORD00155811,OI000846406,ITEM0068,2,680.00,470.19,0.00,1360.00
ORD00155811,OI000846407,ITEM0112,3,310.00,140.73,0.00,930.00
ORD00155811,OI000846408,ITEM0125,2,320.00,124.33,0.00,640.00
ORD00155811,OI000846409,ITEM0157,1,800.00,322.21,0.00,800.00
ORD00155812,OI000846410,ITEM0031,1,1100.00,364.08,0.00,1100.00
ORD00155812,OI000846411,ITEM0051,1,680.00,266.66,0.00,680.00
ORD00155812,OI000846412,ITEM0068,2,680.00,470.19,0.00,1360.00
ORD00155812,OI000846413,ITEM0084,2,1240.00,425.59,0.00,2480.00
ORD00155812,OI000846414,ITEM0127,1,500.00,76.86,0.00,500.00
ORD00155812,OI000846415,ITEM0136,1,480.00,175.82,144.00,336.00
ORD00155812,OI000846416,ITEM0147,1,480.00,154.20,144.00,336.00
ORD00155812,OI000846417,ITEM0148,2,320.00,208.57,192.00,448.00
ORD00155813,OI000846418,ITEM0065,2,1360.00,503.63,0.00,2720.00
ORD00155813,OI000846419,ITEM0132,4,410.00,163.26,0.00,1640.00
ORD00155814,OI000846420,ITEM0046,1,2820.00,1115.76,0.00,2820.00
ORD00155814,OI000846421,ITEM0049,1,2660.00,1132.57,0.00,2660.00
ORD00155814,OI000846422,ITEM0050,1,1770.00,776.26,0.00,1770.00
ORD00155814,OI000846423,ITEM0058,2,1250.00,392.19,0.00,2500.00
ORD00155814,OI000846424,ITEM0102,1,1410.00,625.27,0.00,1410.00
ORD00155814,OI000846425,ITEM0113,2,510.00,198.15,0.00,1020.00
ORD00155814,OI000846426,ITEM0135,2,105.00,69.46,0.00,210.00
ORD00155814,OI000846427,ITEM0148,1,320.00,208.57,0.00,320.00
ORD00155815,OI000846428,ITEM0057,1,690.00,468.22,0.00,690.00
ORD00155815,OI000846429,ITEM0127,1,0.00,76.86,0.00,500.00
ORD00155815,OI000846430,ITEM0141,2,510.00,166.18,0.00,1020.00
ORD00155815,OI000846431,ITEM0151,1,65.00,45.19,0.00,65.00
ORD00155815,OI000846432,ITEM0154,1,370.00,126.03,0.00,370.00
ORD00155816,OI000846433,ITEM0045,1,1530.00,595.53,0.00,1530.00
ORD00155816,OI000846434,ITEM0048,1,1520.00,597.64,0.00,1520.00
ORD00155816,OI000846435,ITEM0062,1,670.00,350.53,0.00,670.00
ORD00155816,OI000846436,ITEM0091,1,1920.00,724.96,0.00,1920.00
ORD00155816,OI000846437,ITEM0092,3,1410.00,465.66,0.00,4230.00
ORD00155816,OI000846438,ITEM0109,1,1500.00,513.48,0.00,1500.00
ORD00155816,OI000846439,ITEM0135,4,105.00,69.46,0.00,420.00
ORD00155816,OI000846440,ITEM0143,4,470.00,187.60,0.00,1880.00
ORD00155816,OI000846441,ITEM0151,2,65.00,45.19,0.00,130.00
ORD00155817,OI000846442,ITEM0045,1,1530.00,595.53,0.00,1530.00
ORD00155817,OI000846443,ITEM0048,2,1520.00,597.64,0.00,3040.00
ORD00155817,OI000846444,ITEM0109,2,1500.00,513.48,0.00,3000.00
ORD00155818,OI000846445,ITEM0051,1,730.00,266.66,0.00,730.00
ORD00155818,OI000846446,ITEM0061,1,1060.00,363.74,0.00,1060.00
ORD00155818,OI000846447,ITEM0106,1,4170.00,1825.61,0.00,4170.00
ORD00155818,OI000846448,ITEM0129,2,600.00,188.49,0.00,1200.00
ORD00155818,OI000846448,ITEM0129,2,600.00,188.49,0.00,1200.00
ORD00155819,OI000846449,ITEM0014,1,490.00,180.01,0.00,490.00
ORD00155819,OI000846450,ITEM0042,1,5470.00,2596.95,1641.00,3829.00
ORD00155819,OI000846451,ITEM0045,2,1530.00,595.53,0.00,3060.00
ORD00155819,OI000846452,ITEM0070,2,1330.00,627.42,798.00,1862.00
ORD00155819,OI000846453,ITEM0098,2,1220.00,521.65,0.00,2440.00
ORD00155819,OI000846454,ITEM0112,1,310.00,140.73,0.00,310.00
ORD00155819,OI000846455,ITEM0134,1,165.00,108.74,49.50,115.50
ORD00155819,OI000846456,ITEM0151,4,65.00,45.19,78.00,182.00
ORD00155819,OI000846457,ITEM0152,2,100.00,40.74,60.00,140.00
ORD00155820,OI000846458,ITEM0015,1,520.00,184.59,0.00,520.00
ORD00155820,OI000846459,ITEM0068,1,680.00,470.19,0.00,680.00
ORD00155820,OI000846460,ITEM0113,3,510.00,198.15,0.00,1530.00
ORD00155820,OI000846461,ITEM0129,2,600.00,188.49,0.00,1200.00
ORD00155820,OI000846462,ITEM0148,2,320.00,208.57,0.00,640.00
ORD00155821,OI000846463,ITEM0027,1,420.00,144.90,0.00,420.00
ORD00155821,OI000846464,ITEM0036,1,840.00,338.10,0.00,840.00
ORD00155821,OI000846465,ITEM0057,1,690.00,468.22,0.00,690.00
ORD00155821,OI000846466,ITEM0066,3,950.00,343.77,0.00,2850.00
ORD00155821,OI000846467,ITEM0068,2,680.00,470.19,0.00,1360.00
ORD00155821,OI000846468,ITEM0099,2,1300.00,471.54,0.00,2600.00
ORD00155821,OI000846469,ITEM0148,1,320.00,208.57,0.00,320.00
ORD00155821,OI000846470,ITEM0157,2,800.00,322.21,0.00,1600.00
ORD00155822,OI000846471,ITEM0014,1,490.00,180.01,0.00,490.00
ORD00155822,OI000846472,ITEM0038,1,1200.00,510.66,0.00,1200.00
ORD00155822,OI000846473,ITEM0068,1,680.00,470.19,0.00,680.00
ORD00155822,OI000846474,ITEM0141,1,510.00,166.18,0.00,510.00
ORD00155822,OI000846475,ITEM0147,2,480.00,154.20,0.00,960.00
ORD00155822,OI000846476,ITEM0151,2,65.00,45.19,0.00,130.00
ORD00155823,OI000846477,ITEM0033,2,940.00,306.02,0.00,1880.00
ORD00155823,OI000846478,ITEM7635,2,165.00,108.74,99.00,231.00
ORD00155823,OI000846479,ITEM0142,3,810.00,249.91,729.00,1701.00
ORD00155824,OI000846480,ITEM0026,3,570.00,245.78,0.00,1710.00
ORD00155824,OI000846481,ITEM0104,1,1420.00,476.78,0.00,1420.00
ORD00155824,OI000846482,ITEM0114,1,270.00,86.95,0.00,270.00
ORD00155824,OI000846483,ITEM0134,2,165.00,108.74,0.00,330.00
ORD00155825,OI000846484,ITEM0004,6,590.00,220.14,0.00,3540.00
ORD00155825,OI000846485,ITEM0155,2,220.00,95.85,0.00,440.00
ORD00155826,OI000846486,ITEM0055,1,750.00,235.61,0.00,750.00
ORD00155826,OI000846486,ITEM0055,1,750.00,235.61,0.00,750.00
ORD00155826,OI000846487,ITEM0065,1,1360.00,503.63,0.00,1360.00
ORD00155826,OI000846488,ITEM0134,2,165.00,108.74,0.00,330.00
ORD00155827,OI000846489,ITEM0048,1,1520.00,597.64,0.00,1520.00
ORD00155827,OI000846490,ITEM0049,1,2660.00,1132.57,0.00,2660.00
ORD00155827,OI000846491,ITEM0157,3,800.00,322.21,0.00,2400.00
ORD00155828,OI000846492,ITEM0038,1,1200.00,510.66,0.00,1200.00
ORD00155828,OI000846493,ITEM0040,4,750.00,267.75,0.00,3000.00
ORD00155828,OI000846494,ITEM0098,1,1220.00,521.65,0.00,1220.00
ORD00155828,OI000846495,ITEM0109,1,1500.00,513.48,0.00,1500.00
ORD00155828,OI000846496,ITEM0129,2,600.00,188.49,0.00,1200.00
ORD00155828,OI000846497,ITEM0148,1,350.00,208.57,105.00,245.00
ORD00155828,OI000846498,ITEM0151,2,70.00,45.19,42.00,98.00
ORD00155829,OI000846499,ITEM0018,1,620.00,236.34,0.00,620.00
ORD00155829,OI000846500,ITEM0026,1,570.00,245.78,0.00,570.00
ORD00155829,OI000846501,ITEM0033,1,940.00,306.02,0.00,940.00
ORD00155829,OI000846502,ITEM0045,1,1530.00,595.53,0.00,1530.00
ORD00155829,OI000846503,ITEM0103,3,3090.00,1298.00,0.00,9270.00
ORD00155829,OI000846504,ITEM0134,3,165.00,108.74,0.00,495.00
ORD00155830,OI000846505,ITEM0062,1,670.00,350.53,0.00,670.00
ORD00155830,OI000846506,ITEM0118,1,720.00,333.71,0.00,720.00
ORD00155830,OI000846507,ITEM0135,2,105.00,69.46,0.00,210.00
ORD00155830,OI000846508,ITEM0156,1,130.00,48.41,0.00,130.00
ORD00155831,OI000846509,ITEM0007,1,1570.00,711.90,471.00,1099.00
ORD00155831,OI000846510,ITEM0034,1,1220.00,445.69,0.00,1220.00
ORD00155831,OI000846511,ITEM0042,2,5470.00,2596.95,3282.00,7658.00
ORD00155831,OI000846512,ITEM0048,6,1520.00,597.64,0.00,9120.00
ORD00155831,OI000846513,ITEM0068,1,680.00,470.19,0.00,680.00
ORD00155831,OI000846514,ITEM0084,1,1240.00,425.59,0.00,1240.00
ORD00155831,OI000846515,ITEM0123,2,330.00,138.90,0.00,660.00
ORD00155831,OI000846516,ITEM0134,1,165.00,108.74,49.50,115.50
ORD00155831,OI000846517,ITEM0148,7,350.00,208.57,735.00,1715.00
ORD00155832,OI000846518,ITEM0004,1,590.00,220.14,0.00,590.00
ORD00155832,OI000846519,ITEM0018,1,620.00,236.34,0.00,620.00
ORD00155832,OI000846520,ITEM0081,2,1510.00,1047.44,0.00,3020.00
ORD00155832,OI000846521,ITEM0134,4,165.00,108.74,0.00,660.00
ORD00155832,OI000846522,ITEM0156,7,130.00,48.41,0.00,910.00
ORD00155832,OI000846523,ITEM0157,3,800.00,322.21,0.00,2400.00
ORD00155833,OI000846524,ITEM0031,1,1100.00,364.08,0.00,1100.00
ORD00155833,OI000846525,ITEM0045,1,1530.00,595.53,0.00,1530.00
ORD00155833,OI000846526,ITEM0129,2,600.00,188.49,0.00,1200.00
ORD00155833,OI000846527,ITEM0147,1,480.00,154.20,0.00,480.00
ORD00155834,OI000846528,ITEM0066,1,950.00,343.77,0.00,950.00
ORD00155834,OI000846529,ITEM0071,1,770.00,267.43,0.00,770.00
ORD00155834,OI000846530,ITEM0134,2,165.00,108.74,0.00,330.00
ORD00155834,OI000846531,ITEM0156,2,130.00,48.41,0.00,260.00
ORD00155835,OI000846532,ITEM0045,1,1530.00,595.53,0.00,1530.00
ORD00155835,OI000846533,ITEM0055,2,750.00,235.61,0.00,1500.00
ORD00155835,OI000846534,ITEM0113,2,510.00,198.15,0.00,1020.00
ORD00155835,OI000846535,ITEM0129,2,600.00,188.49,0.00,1200.00
ORD00155835,OI000846536,ITEM0132,1,410.00,163.26,0.00,410.00
ORD00155836,OI000846537,ITEM0004,1,590.00,220.14,0.00,590.00
ORD00155836,OI000846538,ITEM0035,1,1000.00,418.08,0.00,1000.00
ORD00155836,OI000846539,ITEM0042,1,5470.00,2596.95,1641.00,3829.00
ORD00155836,OI000846540,ITEM0068,1,680.00,470.19,0.00,680.00
ORD00155836,OI000846541,ITEM0074,1,1230.00,548.77,0.00,1230.00
ORD00155836,OI000846542,ITEM0134,3,165.00,108.74,148.50,346.50
ORD00155836,OI000846543,ITEM0147,4,480.00,154.20,576.00,1344.00
ORD00155837,OI000846544,ITEM0041,1,1310.00,515.58,0.00,1310.00
ORD00155837,OI000846545,ITEM0057,1,690.00,468.22,0.00,690.00
ORD00155837,OI000846546,ITEM0134,2,165.00,108.74,0.00,330.00
ORD00155838,OI000846547,ITEM0002,1,215.00,75.87,0.00,215.00
ORD00155838,OI000846548,ITEM0081,1,1510.00,1047.44,0.00,1510.00
ORD00155838,OI000846549,ITEM0113,1,510.00,198.15,0.00,510.00
ORD00155839,OI000846550,ITEM0020,2,810.00,323.82,0.00,1620.00
ORD00155839,OI000846551,ITEM0033,1,940.00,306.02,0.00,940.00
ORD00155839,OI000846552,ITEM0041,2,1310.00,515.58,0.00,2620.00
ORD00155839,OI000846553,ITEM0045,1,1530.00,595.53,0.00,1530.00
ORD00155839,OI000846554,ITEM0046,1,2820.00,1115.76,0.00,2820.00
ORD00155839,OI000846555,ITEM0048,2,1520.00,597.64,0.00,3040.00
ORD00155839,OI000846556,ITEM0050,1,1910.00,776.26,0.00,1910.00
ORD00155839,OI000846557,ITEM0051,2,730.00,266.66,0.00,1460.00
ORD00155839,OI000846558,ITEM0057,1,690.00,468.22,0.00,690.00
ORD00155839,OI000846559,ITEM0132,1,410.00,163.26,0.00,410.00
ORD00155839,OI000846560,ITEM0151,4,70.00,45.19,0.00,280.00
ORD00155840,OI000846561,ITEM0023,1,470.00,200.14,0.00,470.00
ORD00155840,OI000846562,ITEM0048,1,1520.00,597.64,0.00,1520.00
ORD00155840,OI000846563,ITEM0070,1,1330.00,627.42,399.00,931.00
ORD00155840,OI000846564,ITEM0098,2,1220.00,521.65,0.00,2440.00
ORD00155840,OI000846565,ITEM0102,1,1410.00,625.27,0.00,1410.00
ORD00155840,OI000846566,ITEM0118,1,670.00,333.71,201.00,469.00
ORD00155840,OI000846567,ITEM0134,1,165.00,108.74,49.50,115.50
ORD00155841,OI000846568,ITEM0033,1,940.00,306.02,0.00,940.00
ORD00155841,OI000846569,ITEM0050,1,1770.00,776.26,0.00,1770.00
ORD00155841,OI000846570,ITEM0071,1,710.00,267.43,0.00,710.00
ORD00155841,OI000846571,ITEM0129,1,600.00,188.49,0.00,600.00
ORD00155841,OI000846572,ITEM0147,1,480.00,154.20,0.00,480.00
ORD00155841,OI000846573,ITEM0149,4,380.00,173.20,0.00,1520.00
ORD00155842,OI000846574,ITEM0015,1,520.00,184.59,0.00,520.00
ORD00155842,OI000846575,ITEM0027,1,420.00,144.90,0.00,420.00
ORD00155842,OI000846576,ITEM0068,1,680.00,470.19,0.00,680.00
ORD00155842,OI000846577,ITEM0082,1,2000.00,707.81,0.00,2000.00
ORD00155842,OI000846578,ITEM0147,3,480.00,154.20,0.00,1440.00
ORD00155843,OI000846579,ITEM0012,1,900.00,402.60,0.00,900.00
ORD00155843,OI000846580,ITEM0057,2,690.00,468.22,0.00,1380.00
ORD00155843,OI000846581,ITEM0086,1,1380.00,560.08,0.00,1380.00
ORD00155843,OI000846582,ITEM0132,1,410.00,163.26,0.00,410.00
ORD00155843,OI000846583,ITEM0134,2,165.00,108.74,99.00,231.00
ORD00155843,OI000846584,ITEM0135,1,105.00,69.46,31.50,73.50
ORD00155844,OI000846585,ITEM0157,2,800.00,322.21,0.00,1600.00
ORD00155845,OI000846586,ITEM0012,2,900.00,402.60,0.00,1800.00
ORD00155845,OI000846587,ITEM0013,1,400.00,179.48,0.00,400.00
ORD00155845,OI000846588,ITEM0023,1,470.00,200.14,0.00,470.00
ORD00155845,OI000846589,ITEM0054,1,1330.00,424.10,0.00,1330.00
ORD00155845,OI000846590,ITEM0077,1,680.00,302.29,0.00,680.00
ORD00155845,OI000846591,ITEM0091,1,1920.00,724.96,0.00,1920.00
ORD00155845,OI000846592,ITEM0113,1,510.00,198.15,0.00,510.00
ORD00155845,OI000846593,ITEM0147,1,480.00,154.20,0.00,480.00
ORD00155845,OI000846594,ITEM0148,6,320.00,208.57,0.00,1920.00
ORD00155846,OI000846595,ITEM0059,2,730.00,317.89,0.00,1460.00
ORD00155846,OI000846596,ITEM0064,1,550.00,191.14,0.00,550.00
ORD00155846,OI000846597,ITEM0066,1,950.00,343.77,0.00,950.00
ORD00155846,OI000846598,ITEM0148,3,320.00,208.57,0.00,960.00
ORD00155846,OI000846599,ITEM0152,4,100.00,40.74,0.00,400.00
ORD00155846,OI000846599,ITEM0152,4,100.00,40.74,0.00,400.00
ORD00155846,OI000846600,ITEM0157,2,800.00,322.21,0.00,1600.00
ORD00155847,OI000846601,ITEM0014,1,490.00,180.01,0.00,490.00
ORD00155847,OI000846602,ITEM0046,1,2820.00,1115.76,0.00,2820.00
ORD00155847,OI000846603,ITEM0049,1,2660.00,1132.57,0.00,2660.00
ORD00155847,OI000846604,ITEM0141,2,510.00,166.18,306.00,714.00
ORD00155847,OI000846605,ITEM0152,2,100.00,40.74,60.00,140.00
ORD00155848,OI000846606,ITEM0004,2,590.00,220.14,0.00,1180.00
ORD00155848,OI000846607,ITEM0068,1,680.00,470.19,0.00,680.00
ORD00155848,OI000846608,ITEM0108,1,1800.00,648.55,0.00,1800.00
ORD00155848,OI000846609,ITEM0138,2,265.00,113.51,0.00,530.00
ORD00155849,OI000846610,ITEM0018,1,620.00,236.34,0.00,620.00
ORD00155849,OI000846611,ITEM0045,3,1530.00,595.53,0.00,4590.00
ORD00155849,OI000846612,ITEM0068,1,680.00,470.19,0.00,680.00
ORD00155849,OI000846613,ITEM0081,1,1510.00,1047.44,0.00,1510.00
ORD00155850,OI000846614,ITEM0038,1,1200.00,510.66,0.00,1200.00
ORD00155850,OI000846615,ITEM0064,1,550.00,191.14,0.00,550.00
ORD00155850,OI000846616,ITEM0125,1,320.00,124.33,0.00,320.00
ORD00155851,OI000846617,ITEM0070,1,1330.00,627.42,0.00,1330.00
ORD00155851,OI000846618,ITEM0151,5,65.00,45.19,0.00,325.00
ORD00155852,OI000846619,ITEM0050,2,1910.00,776.26,0.00,3820.00
ORD00155852,OI000846620,ITEM0064,1,550.00,191.14,0.00,550.00
ORD00155852,OI000846621,ITEM0067,1,320.00,108.16,0.00,320.00
ORD00155852,OI000846622,ITEM0125,1,320.00,124.33,0.00,320.00
ORD00155852,OI000846623,ITEM0150,1,130.00,50.35,0.00,130.00
ORD00155853,OI000846624,ITEM0045,2,1530.00,595.53,0.00,3060.00
ORD00155853,OI000846625,ITEM0054,1,1330.00,424.10,0.00,1330.00
ORD00155853,OI000846626,ITEM0060,2,830.00,333.17,0.00,1660.00
ORD00155853,OI000846627,ITEM0113,1,510.00,198.15,0.00,510.00
ORD00155853,OI000846628,ITEM0135,7,105.00,69.46,0.00,735.00
ORD00155854,OI000846629,ITEM0042,1,5470.00,2596.95,1641.00,3829.00
ORD00155854,OI000846630,ITEM0045,1,1530.00,595.53,0.00,1530.00
ORD00155854,OI000846631,ITEM0048,1,1520.00,597.64,0.00,1520.00
ORD00155854,OI000846632,ITEM0064,2,550.00,191.14,0.00,1100.00
ORD00155854,OI000846633,ITEM0077,1,680.00,302.29,0.00,680.00
ORD00155854,OI000846634,ITEM0087,1,3170.00,1492.61,951.00,2219.00
ORD00155854,OI000846635,ITEM0134,2,165.00,108.74,99.00,231.00
ORD00155855,OI000846636,ITEM0081,1,1510.00,1047.44,0.00,1510.00
ORD00155855,OI000846637,ITEM0127,1,500.00,76.86,0.00,500.00
ORD00155856,OI000846638,ITEM0011,1,940.00,340.59,0.00,940.00
ORD00155856,OI000846639,ITEM0033,2,940.00,306.02,0.00,1880.00
ORD00155856,OI000846640,ITEM0048,1,1520.00,597.64,0.00,1520.00
ORD00155856,OI000846641,ITEM0051,1,680.00,266.66,0.00,680.00
ORD00155856,OI000846642,ITEM0151,6,65.00,45.19,0.00,390.00
ORD00155856,OI000846643,ITEM0153,2,40.00,16.47,0.00,80.00
ORD00155856,OI000846643,ITEM0153,2,40.00,16.47,0.00,80.00
ORD00155857,OI000846644,ITEM0010,2,1390.00,568.66,0.00,2780.00
ORD00155857,OI000846645,ITEM0011,2,940.00,340.59,0.00,1880.00
ORD00155857,OI000846646,ITEM0051,1,680.00,266.66,0.00,680.00
ORD00155857,OI000846647,ITEM0070,1,1330.00,627.42,399.00,931.00
ORD00155857,OI000846648,ITEM0112,4,310.00,140.73,0.00,1240.00
ORD00155857,OI000846649,ITEM0117,1,930.00,145.29,0.00,930.00
ORD00155857,OI000846650,ITEM0135,1,105.00,69.46,31.50,73.50
ORD00155857,OI000846651,ITEM0142,2,810.00,249.91,486.00,1134.00
ORD00155857,OI000846652,ITEM0154,3,370.00,126.03,333.00,777.00
ORD00155858,OI000846653,ITEM0013,1,400.00,179.48,0.00,400.00
ORD00155858,OI000846654,ITEM0034,2,1220.00,445.69,0.00,2440.00
ORD00155858,OI000846655,ITEM0049,2,2870.00,1132.57,0.00,5740.00
ORD00155858,OI000846656,ITEM0053,1,1470.00,605.77,0.00,1470.00
ORD00155858,OI000846657,ITEM0068,2,680.00,470.19,0.00,1360.00
ORD00155858,OI000846658,ITEM0113,3,510.00,198.15,0.00,1530.00
ORD00155858,OI000846659,ITEM0134,3,165.00,108.74,0.00,495.00
ORD00155859,OI000846660,ITEM0046,1,2820.00,1115.76,0.00,2820.00
ORD00155859,OI000846661,ITEM0055,1,750.00,235.61,0.00,750.00
ORD00155859,OI000846662,ITEM0057,1,690.00,468.22,0.00,690.00
ORD00155859,OI000846663,ITEM0061,2,1060.00,363.74,0.00,2120.00
ORD00155859,OI000846664,ITEM0102,1,1520.00,625.27,0.00,1520.00
ORD00155859,OI000846665,ITEM0151,4,70.00,45.19,0.00,280.00
ORD00155860,OI000846666,ITEM0037,1,2380.00,995.51,0.00,2380.00
ORD00155860,OI000846667,ITEM0042,1,5470.00,2596.95,1641.00,3829.00
ORD00155860,OI000846668,ITEM0057,1,690.00,468.22,0.00,690.00
ORD00155860,OI000846669,ITEM0081,1,1510.00,1047.44,0.00,1510.00
ORD00155860,OI000846670,ITEM0148,3,320.00,208.57,288.00,672.00
ORD00155860,OI000846671,ITEM0151,2,65.00,45.19,39.00,91.00
ORD00155861,OI000846672,ITEM0039,1,980.00,450.35,0.00,980.00
ORD00155861,OI000846673,ITEM0059,1,730.00,317.89,0.00,730.00
ORD00155861,OI000846674,ITEM0124,2,190.00,131.48,0.00,380.00
ORD00155861,OI000846675,ITEM0133,2,180.00,78.35,0.00,360.00
ORD00155862,OI000846677,ITEM0055,1,750.00,235.61,0.00,750.00
ORD00155862,OI000846678,ITEM0072,1,790.00,332.55,0.00,790.00
ORD00155862,OI000846679,ITEM0098,-1,1220.00,521.65,0.00,1220.00
ORD00155862,OI000846680,ITEM0130,2,235.00,91.80,0.00,470.00
ORD00155863,OI000846681,ITEM0132,1,410.00,163.26,0.00,410.00
ORD00155863,OI000846682,ITEM0134,1,165.00,108.74,0.00,165.00
ORD00155863,OI000846683,ITEM0147,3,480.00,154.20,0.00,1440.00
ORD00155863,OI000846684,ITEM0160,3,105.00,47.30,0.00,315.00
ORD00155864,OI000846685,ITEM0040,2,750.00,267.75,0.00,1500.00
ORD00155864,OI000846686,ITEM0057,1,690.00,468.22,0.00,690.00
ORD00155864,OI000846687,ITEM0125,2,320.00,124.33,0.00,640.00
ORD00155864,OI000846688,ITEM0135,1,105.00,69.46,0.00,105.00
ORD00155864,OI000846689,ITEM0149,1,380.00,173.20,0.00,380.00
ORD00155864,OI000846690,ITEM0154,2,370.00,126.03,0.00,740.00
ORD00155865,OI000846691,ITEM0052,2,800.00,314.45,0.00,1600.00
ORD00155865,OI000846692,ITEM0066,1,950.00,343.77,0.00,950.00
ORD00155865,OI000846693,ITEM0070,1,1330.00,627.42,399.00,931.00
ORD00155865,OI000846694,ITEM0134,1,165.00,108.74,49.50,115.50
ORD00155865,OI000846695,ITEM0145,2,370.00,151.19,222.00,518.00
ORD00155865,OI000846696,ITEM0148,3,350.00,208.57,315.00,735.00
ORD00155865,OI000846697,ITEM0151,3,70.00,45.19,63.00,147.00
ORD00155865,OI000846698,ITEM0155,1,220.00,95.85,66.00,154.00
ORD00155865,OI000846699,ITEM0157,3,800.00,322.21,720.00,1680.00
ORD00155866,OI000846700,ITEM0048,2,1520.00,597.64,0.00,3040.00
ORD00155866,OI000846700,ITEM0048,2,1520.00,597.64,0.00,3040.00
ORD00155866,OI000846701,ITEM0057,1,690.00,468.22,0.00,690.00
ORD00155866,OI000846702,ITEM0089,1,2070.00,892.05,0.00,2070.00
ORD00155866,OI000846703,ITEM0150,4,130.00,50.35,0.00,520.00
ORD00155866,OI000846704,ITEM0153,3,40.00,16.47,0.00,120.00
ORD00155867,OI000846705,ITEM0045,1,1530.00,595.53,0.00,1530.00
ORD00155867,OI000846706,ITEM0048,1,1520.00,597.64,0.00,1520.00
ORD00155867,OI000846707,ITEM0082,-2,2000.00,707.81,0.00,4000.00
ORD00155867,OI000846708,ITEM0127,1,500.00,76.86,0.00,500.00
ORD00155867,OI000846709,ITEM0151,2,65.00,45.19,0.00,130.00
ORD00155868,OI000846710,ITEM0049,1,2660.00,1132.57,0.00,2660.00
ORD00155868,OI000846711,ITEM0057,1,690.00,468.22,0.00,690.00
ORD00155868,OI000846712,ITEM0149,2,380.00,173.20,0.00,760.00
ORD00155869,OI000846713,ITEM0036,2,840.00,338.10,0.00,1680.00
ORD00155869,OI000846714,ITEM0055,2,750.00,235.61,0.00,1500.00
ORD00155869,OI000846715,ITEM0151,1,65.00,45.19,0.00,65.00
ORD00155870,OI000846716,ITEM0020,1,810.00,323.82,0.00,810.00
ORD00155870,OI000846716,ITEM0020,1,810.00,323.82,0.00,810.00
ORD00155870,OI000846717,ITEM0031,1,1100.00,364.08,0.00,1100.00
ORD00155870,OI000846718,ITEM0143,2,470.00,187.60,0.00,940.00
ORD00155870,OI000846719,ITEM0145,1,370.00,151.19,0.00,370.00
ORD00155870,OI000846720,ITEM0149,2,380.00,173.20,0.00,760.00
ORD00155871,OI000846721,ITEM0004,2,590.00,220.14,0.00,1180.00
ORD00155871,OI000846722,ITEM0011,1,940.00,340.59,0.00,940.00
ORD00155871,OI000846723,ITEM0030,1,265.00,110.76,0.00,265.00
ORD00155871,OI000846724,ITEM0050,1,1770.00,776.26,0.00,1770.00
ORD00155871,OI000846725,ITEM0068,1,680.00,470.19,0.00,680.00
ORD00155871,OI000846726,ITEM0151,2,65.00,45.19,0.00,130.00
ORD00155872,OI000846727,ITEM0068,1,680.00,470.19,0.00,680.00
ORD00155872,OI000846728,ITEM0125,2,320.00,124.33,0.00,640.00
ORD00155872,OI000846729,ITEM0134,2,165.00,108.74,0.00,330.00
ORD00155873,OI000846730,ITEM0048,2,1520.00,597.64,0.00,3040.00
ORD00155873,OI000846731,ITEM0124,1,190.00,131.48,0.00,190.00
ORD00155873,OI000846732,ITEM0134,2,165.00,108.74,0.00,330.00
ORD00155873,OI000846733,ITEM0145,1,370.00,151.19,0.00,370.00
ORD00155874,OI000846734,ITEM0001,1,270.00,95.57,0.00,270.00
ORD00155874,OI000846735,ITEM0019,1,360.00,154.84,0.00,360.00
ORD00155874,OI000846736,ITEM0036,1,840.00,338.10,0.00,840.00
ORD00155874,OI000846737,ITEM0135,1,105.00,69.46,31.50,73.50
ORD00155874,OI000846738,ITEM0139,1,410.00,69.54,123.00,287.00
ORD00155874,OI000846739,ITEM0148,4,320.00,208.57,384.00,896.00
ORD00155874,OI000846740,ITEM0152,3,100.00,40.74,90.00,210.00
ORD00155874,OI000846741,ITEM0154,2,370.00,126.03,222.00,518.00
ORD00155874,OI000846742,ITEM0157,5,800.00,322.21,1200.00,2800.00
ORD00155875,OI000846743,ITEM0030,1,265.00,110.76,0.00,265.00
ORD00155875,OI000846744,ITEM0058,2,1250.00,392.19,0.00,2500.00
ORD00155875,OI000846745,ITEM0125,2,320.00,124.33,0.00,640.00
ORD00155875,OI000846746,ITEM0133,1,180.00,78.35,0.00,180.00
ORD00155875,OI000846747,ITEM0145,3,370.00,151.19,333.00,777.00
ORD00155875,OI000846748,ITEM0157,3,800.00,322.21,720.00,1680.00
ORD00155875,OI000846749,ITEM0159,3,460.00,192.62,414.00,966.00
ORD00155876,OI000846750,ITEM0014,1,490.00,180.01,0.00,490.00
ORD00155876,OI000846751,ITEM0035,3,1000.00,418.08,0.00,3000.00
ORD00155876,OI000846752,ITEM0068,-2,680.00,470.19,0.00,1360.00
ORD00155876,OI000846753,ITEM0105,1,2660.00,878.39,0.00,2660.00
ORD00155876,OI000846754,ITEM0112,4,310.00,140.73,0.00,1240.00
ORD00155876,OI000846755,ITEM0125,1,320.00,124.33,0.00,320.00
ORD00155876,OI000846756,ITEM0148,1,320.00,208.57,0.00,320.00
ORD00155876,OI000846757,ITEM0157,2,800.00,322.21,0.00,1600.00
ORD00155877,OI000846758,ITEM0050,1,1770.00,776.26,0.00,1770.00
ORD00155877,OI000846759,ITEM0072,1,790.00,332.55,0.00,790.00
ORD00155877,OI000846760,ITEM0126,2,160.00,72.53,0.00,320.00
ORD00155877,OI000846761,ITEM0151,3,65.00,45.19,0.00,195.00
ORD00155878,OI000846762,ITEM0057,1,690.00,468.22,0.00,690.00
ORD00155878,OI000846763,ITEM0068,1,680.00,470.19,0.00,680.00
ORD00155878,OI000846764,ITEM0073,5,850.00,331.31,0.00,4250.00
ORD00155878,OI000846765,ITEM0134,2,165.00,108.74,0.00,330.00
ORD00155878,OI000846766,ITEM0135,1,105.00,69.46,0.00,105.00
ORD00155878,OI000846767,ITEM0148,1,350.00,208.57,0.00,350.00
ORD00155879,OI000846768,ITEM0068,1,680.00,470.19,0.00,680.00
ORD00155879,OI000846769,ITEM0087,2,3170.00,1492.61,1902.00,4438.00
ORD00155879,OI000846770,ITEM0102,1,1410.00,625.27,0.00,1410.00
ORD00155879,OI000846771,ITEM0148,2,320.00,208.57,192.00,448.00
ORD00155880,OI000846772,ITEM0004,1,590.00,220.14,0.00,590.00
ORD00155880,OI000846773,ITEM0058,1,1250.00,392.19,0.00,1250.00
ORD00155880,OI000846774,ITEM0065,1,1360.00,503.63,0.00,1360.00
ORD00155880,OI000846775,ITEM0134,2,165.00,108.74,99.00,231.00
ORD00155880,OI000846776,ITEM0148,1,320.00,208.57,96.00,224.00
ORD00155880,OI000846777,ITEM0159,2,460.00,192.62,276.00,644.00
ORD00155881,OI000846778,ITEM0019,1,390.00,154.84,0.00,390.00
ORD00155881,OI000846779,ITEM0042,1,5470.00,2596.95,1641.00,3829.00
ORD00155881,OI000846780,ITEM0067,1,320.00,108.16,0.00,320.00
ORD00155881,OI000846781,ITEM0070,1,1330.00,627.42,399.00,931.00
ORD00155881,OI000846782,ITEM0092,3,1410.00,465.66,0.00,4230.00
ORD00155881,OI000846783,ITEM0113,1,510.00,198.15,0.00,510.00
ORD00155881,OI000846784,ITEM0123,1,330.00,138.90,0.00,330.00
ORD00155881,OI000846785,ITEM0135,2,105.00,69.46,63.00,147.00
ORD00155881,OI000846786,ITEM0143,2,470.00,187.60,282.00,658.00
ORD00155882,OI000846787,ITEM0024,1,820.00,285.28,0.00,820.00
ORD00155882,OI000846788,ITEM0054,2,1330.00,424.10,0.00,2660.00
ORD00155882,OI000846789,ITEM0061,2,980.00,363.74,0.00,1960.00
ORD00155882,OI000846790,ITEM0071,1,710.00,267.43,0.00,710.00
ORD00155882,OI000846791,ITEM0081,1,1510.00,1047.44,0.00,1510.00
ORD00155882,OI000846792,ITEM0129,2,600.00,188.49,0.00,1200.00
ORD00155882,OI000846793,ITEM0130,2,235.00,91.80,0.00,470.00
ORD00155882,OI000846794,ITEM0138,2,265.00,113.51,159.00,371.00
ORD00155882,OI000846795,ITEM0148,3,320.00,208.57,288.00,672.00
ORD00155883,OI000846796,ITEM0086,2,1380.00,560.08,0.00,2760.00
ORD00155883,OI000846797,ITEM0126,2,160.00,72.53,0.00,320.00
ORD00155883,OI000846798,ITEM0145,2,370.00,151.19,222.00,518.00
ORD00155883,OI000846799,ITEM0147,1,480.00,154.20,144.00,336.00
ORD00155884,OI000846800,ITEM0040,1,750.00,267.75,0.00,750.00
ORD00155884,OI000846801,ITEM0057,3,690.00,468.22,0.00,2070.00
ORD00155884,OI000846802,ITEM0068,2,680.00,470.19,0.00,1360.00
ORD00155884,OI000846803,ITEM0082,2,2000.00,707.81,0.00,4000.00
ORD00155884,OI000846804,ITEM0102,5,1410.00,625.27,0.00,7050.00
ORD00155884,OI000846805,ITEM0134,1,165.00,108.74,0.00,165.00
ORD00155884,OI000846806,ITEM0135,1,105.00,69.46,0.00,105.00
ORD00155884,OI000846807,ITEM0145,1,370.00,151.19,0.00,370.00
ORD00155884,OI000846808,ITEM0151,3,65.00,45.19,0.00,195.00
ORD00155885,OI000846809,ITEM0011,2,940.00,340.59,0.00,1880.00
ORD00155885,OI000846810,ITEM0042,1,5470.00,2596.95,1641.00,3829.00
ORD00155885,OI000846811,ITEM0070,1,1330.00,627.42,399.00,931.00
ORD00155885,OI000846812,ITEM0118,1,670.00,333.71,201.00,469.00
ORD00155885,OI000846813,ITEM0135,2,105.00,69.46,63.00,147.00
ORD00155885,OI000846814,ITEM0147,1,480.00,154.20,144.00,336.00
ORD00155885,OI000846815,ITEM0148,2,320.00,208.57,192.00,448.00
ORD00155886,OI000846816,ITEM0013,1,400.00,179.48,0.00,400.00
ORD00155886,OI000846817,ITEM0035,1,1000.00,418.08,0.00,1000.00
ORD00155886,OI000846818,ITEM0044,1,1480.00,512.67,0.00,1480.00
ORD00155886,OI000846819,ITEM0070,1,1330.00,627.42,399.00,931.00
ORD00155886,OI000846820,ITEM0148,3,320.00,208.57,288.00,672.00
ORD00155886,OI000846821,ITEM0151,-3,65.00,45.19,58.50,136.50
ORD00155886,OI000846822,ITEM0155,1,220.00,95.85,66.00,154.00
ORD00155887,OI000846823,ITEM0027,4,420.00,144.90,0.00,1680.00
ORD00155887,OI000846824,ITEM0054,1,1330.00,424.10,0.00,1330.00
ORD00155887,OI000846825,ITEM0065,2,1360.00,503.63,0.00,2720.00
ORD00155887,OI000846826,ITEM0092,3,1410.00,465.66,0.00,4230.00
ORD00155887,OI000846827,ITEM0151,1,65.00,45.19,0.00,65.00
ORD00155888,OI000846828,ITEM0016,1,560.00,210.83,0.00,560.00
ORD00155888,OI000846829,ITEM0059,1,790.00,317.89,0.00,790.00
ORD00155888,OI000846830,ITEM0086,1,1380.00,560.08,0.00,1380.00
ORD00155888,OI000846831,ITEM0098,1,1220.00,521.65,0.00,1220.00
ORD00155888,OI000846832,ITEM0138,3,265.00,113.51,0.00,795.00
ORD00155888,OI000846833,ITEM0154,2,370.00,126.03,0.00,740.00
ORD00155889,OI000846834,ITEM0023,1,470.00,200.14,0.00,470.00
ORD00155889,OI000846835,ITEM0142,1,810.00,249.91,0.00,810.00
ORD00155889,OI000846836,ITEM0147,1,480.00,154.20,0.00,480.00
ORD00155889,OI000846837,ITEM0151,1,70.00,45.19,0.00,70.00
ORD00155889,OI000846838,ITEM0154,1,370.00,126.03,0.00,370.00
ORD00155890,OI000846839,ITEM0113,2,510.00,198.15,0.00,1020.00
ORD00155890,OI000846840,ITEM0139,1,410.00,69.54,0.00,410.00
ORD00155891,OI000846841,ITEM0042,2,5470.00,2596.95,3282.00,7658.00
ORD00155891,OI000846842,ITEM0050,2,1770.00,776.26,0.00,3540.00
ORD00155891,OI000846843,ITEM0062,1,670.00,350.53,0.00,670.00
ORD00155891,OI000846844,ITEM0090,1,1910.00,682.77,0.00,1910.00
ORD00155891,OI000846845,ITEM0147,1,480.00,154.20,144.00,336.00
ORD00155892,OI000846846,ITEM0011,1,940.00,340.59,0.00,940.00
ORD00155892,OI000846847,ITEM0068,1,680.00,470.19,0.00,680.00
ORD00155892,OI000846848,ITEM0072,2,790.00,332.55,0.00,1580.00
ORD00155892,OI000846849,ITEM0126,2,160.00,72.53,0.00,320.00
ORD00155892,OI000846850,ITEM0134,1,165.00,108.74,49.50,115.50
ORD00155892,OI000846851,ITEM0159,2,460.00,192.62,276.00,644.00
ORD00155893,OI000846852,ITEM0068,1,680.00,470.19,0.00,680.00
ORD00155893,OI000846853,ITEM0135,1,105.00,69.46,0.00,105.00
ORD00155893,OI000846854,ITEM0151,3,65.00,45.19,0.00,195.00
ORD00155893,OI000846855,ITEM0157,3,800.00,322.21,0.00,2400.00
ORD00155894,OI000846856,ITEM0054,1,1330.00,424.10,0.00,1330.00
ORD00155894,OI000846857,ITEM0057,1,690.00,468.22,0.00,690.00
ORD00155894,OI000846858,ITEM0066,1,950.00,343.77,0.00,950.00
ORD00155894,OI000846859,ITEM0114,2,270.00,86.95,0.00,540.00
ORD00155894,OI000846860,ITEM0125,1,320.00,124.33,0.00,320.00
ORD00155895,OI000846861,ITEM0040,2,750.00,267.75,0.00,1500.00
ORD00155895,OI000846862,ITEM0042,2,5470.00,2596.95,3282.00,7658.00
ORD00155895,OI000846863,ITEM0065,1,1360.00,503.63,0.00,1360.00
ORD00155895,OI000846864,ITEM0070,2,1330.00,627.42,798.00,1862.00
ORD00155895,OI000846865,ITEM0087,2,3170.00,1492.61,1902.00,4438.00
ORD00155895,OI000846866,ITEM0118,2,670.00,333.71,402.00,938.00
ORD00155895,OI000846867,ITEM0141,1,510.00,166.18,153.00,357.00
ORD00155895,OI000846868,ITEM0148,4,320.00,208.57,384.00,896.00
ORD00155895,OI000846869,ITEM0150,1,130.00,50.35,39.00,91.00
ORD00155896,OI000846870,ITEM0056,1,1440.00,468.22,0.00,1440.00
ORD00155896,OI000846871,ITEM0061,1,1060.00,363.74,0.00,1060.00
ORD00155896,OI000846872,ITEM0081,2,1510.00,1047.44,0.00,3020.00
ORD00155896,OI000846873,ITEM0129,1,600.00,188.49,0.00,600.00
ORD00155896,OI000846874,ITEM0147,1,480.00,154.20,0.00,480.00
ORD00155897,OI000846875,ITEM0036,1,840.00,338.10,0.00,840.00
ORD00155897,OI000846876,ITEM0075,1,630.00,269.61,0.00,630.00
ORD00155897,OI000846877,ITEM0113,1,510.00,198.15,0.00,510.00
ORD00155897,OI000846878,ITEM0138,1,265.00,113.51,0.00,265.00
ORD00155897,OI000846879,ITEM0151,2,65.00,45.19,0.00,130.00
ORD00155898,OI000846880,ITEM0032,2,780.00,356.48,0.00,1560.00
ORD00155898,OI000846881,ITEM0091,1,1920.00,724.96,0.00,1920.00
ORD00155898,OI000846882,ITEM0106,1,4170.00,1825.61,0.00,4170.00
ORD00155898,OI000846883,ITEM0107,1,1430.00,473.19,0.00,1430.00
ORD00155899,OI000846884,ITEM0087,2,3170.00,1492.61,1902.00,4438.00
ORD00155899,OI000846885,ITEM0104,1,1420.00,476.78,0.00,1420.00
ORD00155899,OI000846886,ITEM0134,6,165.00,108.74,297.00,693.00
ORD00155899,OI000846887,ITEM0143,2,470.00,187.60,282.00,658.00
ORD00155899,OI000846888,ITEM0147,2,480.00,154.20,288.00,672.00
ORD00155899,OI000846889,ITEM0157,1,800.00,322.21,240.00,560.00
ORD00155900,OI000846890,ITEM0033,3,940.00,306.02,0.00,2820.00
ORD00155900,OI000846891,ITEM0043,1,5110.00,2066.57,0.00,5110.00
ORD00155900,OI000846892,ITEM0062,1,670.00,350.53,0.00,670.00
ORD00155900,OI000846893,ITEM0141,1,510.00,166.18,0.00,510.00
ORD00155901,OI000846894,ITEM0047,1,1650.00,627.28,0.00,1650.00
ORD00155901,OI000846895,ITEM0061,1,980.00,363.74,0.00,980.00
ORD00155901,OI000846896,ITEM0077,2,680.00,302.29,0.00,1360.00
ORD00155901,OI000846897,ITEM0147,1,480.00,154.20,0.00,480.00
ORD00155901,OI000846898,ITEM0148,4,320.00,208.57,0.00,1280.00
ORD00155902,OI000846899,ITEM0046,2,2820.00,1115.76,0.00,5640.00
ORD00155902,OI000846900,ITEM0060,1,830.00,333.17,0.00,830.00
ORD00155902,OI000846901,ITEM0074,1,1230.00,548.77,0.00,1230.00
ORD00155902,OI000846902,ITEM0134,1,165.00,108.74,0.00,165.00
ORD00155902,OI000846903,ITEM0138,2,265.00,113.51,0.00,530.00
ORD00155902,OI000846904,ITEM0148,2,320.00,208.57,0.00,640.00
ORD00155902,OI000846905,ITEM0157,3,800.00,322.21,0.00,2400.00
ORD00155903,OI000846906,ITEM0045,2,1530.00,595.53,0.00,3060.00
ORD00155903,OI000846907,ITEM0084,2,1240.00,425.59,0.00,2480.00
ORD00155903,OI000846908,ITEM0151,1,70.00,45.19,0.00,70.00
ORD00155904,OI000846909,ITEM0004,1,590.00,220.14,0.00,590.00
ORD00155904,OI000846910,ITEM0078,1,1250.00,560.33,0.00,1250.00
ORD00155904,OI000846911,ITEM0085,1,1630.00,650.03,0.00,1630.00
ORD00155904,OI000846912,ITEM0125,2,320.00,124.33,0.00,640.00
ORD00155904,OI000846913,ITEM0148,1,320.00,208.57,0.00,320.00
ORD00155904,OI000846914,ITEM0151,3,65.00,45.19,0.00,195.00
ORD00155904,OI000846915,ITEM0157,2,800.00,322.21,0.00,1600.00
ORD00155905,OI000846916,ITEM0054,1,1330.00,424.10,0.00,1330.00
ORD00155905,OI000846917,ITEM0106,1,4170.00,1825.61,0.00,4170.00
ORD00155905,OI000846918,ITEM0147,1,480.00,154.20,0.00,480.00
ORD00155905,OI000846919,ITEM0151,1,65.00,45.19,0.00,65.00
ORD00155906,OI000846920,ITEM0020,1,810.00,323.82,0.00,810.00
ORD00155906,OI000846921,ITEM0062,3,670.00,350.53,0.00,2010.00
ORD00155906,OI000846922,ITEM0068,1,680.00,470.19,0.00,680.00
ORD00155906,OI000846923,ITEM0081,1,1510.00,1047.44,0.00,1510.00
ORD00155906,OI000846924,ITEM0090,3,1910.00,682.77,0.00,5730.00
ORD00155906,OI000846925,ITEM0108,5,1800.00,648.55,0.00,9000.00
ORD00155906,OI000846926,ITEM0121,2,370.00,125.92,0.00,740.00
ORD00155906,OI000846927,ITEM0138,3,265.00,113.51,0.00,795.00
ORD00155906,OI000846928,ITEM0141,1,510.00,166.18,0.00,510.00
ORD00155906,OI000846929,ITEM0151,2,65.00,45.19,0.00,130.00
ORD00155907,OI000846930,ITEM0038,1,1200.00,510.66,0.00,1200.00
ORD00155907,OI000846931,ITEM0039,1,980.00,450.35,0.00,980.00
ORD00155907,OI000846932,ITEM0102,1,1410.00,625.27,0.00,1410.00
ORD00155907,OI000846933,ITEM0139,2,410.00,69.54,0.00,820.00
ORD00155908,OI000846934,ITEM0010,1,1390.00,568.66,0.00,1390.00
ORD00155908,OI000846935,ITEM0054,1,1440.00,424.10,0.00,1440.00
ORD00155908,OI000846936,ITEM0085,1,1630.00,650.03,0.00,1630.00
ORD00155908,OI000846937,,2,350.00,208.57,0.00,700.00
ORD00155909,OI000846938,ITEM0035,3,1000.00,418.08,0.00,3000.00
ORD00155909,OI000846939,ITEM0049,1,2660.00,1132.57,0.00,2660.00
ORD00155909,OI000846940,ITEM0075,1,630.00,269.61,0.00,630.00
ORD00155909,OI000846941,ITEM0134,2,165.00,108.74,99.00,231.00
ORD00155909,OI000846942,ITEM0156,3,130.00,48.41,117.00,273.00
ORD00155910,OI000846943,ITEM0081,1,1510.00,1047.44,0.00,1510.00
ORD00155910,OI000846944,ITEM0118,2,670.00,333.71,402.00,938.00
ORD00155910,OI000846945,ITEM0147,1,480.00,154.20,144.00,336.00
ORD00155910,OI000846946,ITEM0148,2,320.00,208.57,192.00,448.00
ORD00155910,OI000846947,ITEM0159,1,460.00,192.62,138.00,322.00
ORD00155911,OI000846948,ITEM0004,1,590.00,220.14,0.00,590.00
ORD00155911,OI000846949,ITEM0045,2,1530.00,595.53,0.00,3060.00
ORD00155911,OI000846950,ITEM0076,1,750.00,294.74,0.00,750.00
ORD00155911,OI000846951,ITEM0081,2,1510.00,1047.44,0.00,3020.00
ORD00155911,OI000846952,ITEM0151,4,65.00,45.19,0.00,260.00
ORD00155911,OI000846953,ITEM0156,2,130.00,48.41,0.00,260.00
ORD00155912,OI000846954,ITEM0014,1,490.00,180.01,0.00,490.00
ORD00155912,OI000846955,ITEM0020,2,810.00,323.82,0.00,1620.00
ORD00155912,OI000846956,ITEM0045,1,1530.00,595.53,0.00,1530.00
ORD00155912,OI000846957,ITEM0113,3,510.00,198.15,0.00,1530.00
ORD00155912,OI000846958,ITEM0133,1,180.00,78.35,0.00,180.00
ORD00155913,OI000846959,ITEM0001,2,270.00,95.57,0.00,540.00
ORD00155913,OI000846960,ITEM0075,1,630.00,269.61,0.00,630.00
ORD00155913,OI000846961,ITEM0082,1,2000.00,707.81,0.00,2000.00
ORD00155913,OI000846962,ITEM0102,1,1410.00,625.27,0.00,1410.00
ORD00155913,OI000846963,ITEM0148,2,320.00,208.57,0.00,640.00
ORD00155914,OI000846964,ITEM0087,2,3420.00,1492.61,2052.00,4788.00
ORD00155914,OI000846965,ITEM0090,3,1910.00,682.77,0.00,5730.00
ORD00155914,OI000846966,ITEM0135,1,105.00,69.46,31.50,73.50
ORD00155914,OI000846967,ITEM0148,4,350.00,208.57,420.00,980.00
ORD00155914,OI000846968,ITEM0152,3,100.00,40.74,90.00,210.00
ORD00155914,OI000846969,ITEM0154,2,370.00,126.03,222.00,518.00
ORD00155915,OI000846970,ITEM0005,1,450.00,149.00,0.00,450.00
ORD00155915,OI000846971,ITEM0021,1,450.00,184.70,0.00,450.00
ORD00155915,OI000846972,ITEM0023,2,470.00,200.14,0.00,940.00
ORD00155915,OI000846973,ITEM0045,2,1530.00,595.53,0.00,3060.00
ORD00155915,OI000846974,ITEM0046,2,2820.00,1115.76,0.00,5640.00
ORD00155915,OI000846975,,1,480.00,154.20,0.00,480.00
ORD00155915,OI000846976,ITEM0148,3,350.00,208.57,0.00,1050.00
ORD00155915,OI000846977,ITEM0153,5,40.00,16.47,0.00,200.00
ORD00155916,OI000846978,ITEM0030,1,265.00,110.76,0.00,265.00
ORD00155916,OI000846979,ITEM0041,1,1310.00,515.58,0.00,1310.00
ORD00155916,OI000846980,ITEM0042,1,5470.00,2596.95,0.00,5470.00
ORD00155916,OI000846981,ITEM0061,1,980.00,363.74,0.00,980.00
ORD00155917,OI000846982,ITEM0001,1,270.00,95.57,0.00,270.00
ORD00155917,OI000846983,ITEM0006,1,830.00,296.28,0.00,830.00
ORD00155917,OI000846984,ITEM0010,1,1390.00,568.66,0.00,1390.00
ORD00155917,OI000846985,ITEM0034,1,1220.00,445.69,0.00,1220.00
ORD00155917,OI000846986,ITEM0046,2,2820.00,1115.76,0.00,5640.00
ORD00155917,OI000846987,ITEM0071,1,770.00,267.43,0.00,770.00
ORD00155917,OI000846988,ITEM0151,4,70.00,45.19,0.00,280.00
ORD00155917,OI000846989,ITEM0159,1,460.00,192.62,0.00,460.00
ORD00155917,OI000846990,ITEM0160,1,105.00,47.30,0.00,105.00
ORD00155918,OI000846991,ITEM0041,1,1310.00,515.58,0.00,1310.00
ORD00155918,OI000846992,ITEM0058,5,1250.00,392.19,0.00,6250.00
ORD00155918,OI000846993,ITEM0112,2,310.00,140.73,0.00,620.00
ORD00155919,OI000846994,ITEM0068,1,680.00,470.19,0.00,680.00
ORD00155919,OI000846995,ITEM0081,1,1510.00,1047.44,0.00,1510.00
ORD00155919,OI000846996,ITEM0124,3,190.00,131.48,0.00,570.00
ORD00155919,OI000846997,ITEM0152,2,100.00,40.74,0.00,200.00
ORD00155920,OI000846998,ITEM0045,1,1530.00,595.53,0.00,1530.00
ORD00155920,OI000846999,ITEM0046,3,2820.00,1115.76,0.00,8460.00
ORD00155920,OI000847000,ITEM0059,1,730.00,317.89,0.00,730.00
ORD00155920,OI000847000,ITEM0059,1,730.00,317.89,0.00,730.00
ORD00155920,OI000847001,ITEM0073,3,850.00,331.31,0.00,2550.00
ORD00155920,OI000847002,ITEM0075,3,630.00,269.61,0.00,1890.00
ORD00155920,OI000847003,ITEM0082,1,2000.00,707.81,0.00,2000.00
ORD00155920,OI000847004,ITEM0129,2,600.00,188.49,0.00,1200.00
ORD00155920,OI000847005,ITEM0134,1,165.00,108.74,0.00,165.00
ORD00155921,OI000847006,ITEM0010,1,1390.00,568.66,0.00,1390.00
ORD00155921,OI000847007,ITEM8680,1,520.00,184.59,0.00,520.00
ORD00155921,OI000847008,ITEM0051,1,730.00,266.66,0.00,730.00
ORD00155921,OI000847009,ITEM0054,1,1440.00,424.10,0.00,1440.00
ORD00155921,OI000847010,ITEM0129,3,600.00,188.49,0.00,1800.00
ORD00155922,OI000847011,ITEM0003,2,380.00,142.17,0.00,760.00
ORD00155922,OI000847012,ITEM0009,1,490.00,185.03,0.00,490.00
ORD00155922,OI000847013,ITEM0011,2,1020.00,340.59,0.00,2040.00
ORD00155922,OI000847014,ITEM0017,2,680.00,292.31,0.00,1360.00
ORD00155922,OI000847015,ITEM0046,1,2820.00,1115.76,0.00,2820.00
ORD00155922,OI000847016,ITEM0048,1,1520.00,597.64,0.00,1520.00
ORD00155922,OI000847017,ITEM0068,1,680.00,470.19,0.00,680.00
ORD00155922,OI000847018,ITEM0147,2,480.00,154.20,0.00,960.00
ORD00155922,OI000847019,ITEM0150,2,130.00,50.35,0.00,260.00
ORD00155922,OI000847020,ITEM0157,2,800.00,322.21,0.00,1600.00
ORD00155923,OI000847021,ITEM0005,1,420.00,149.00,0.00,420.00
ORD00155923,OI000847022,ITEM0076,1,750.00,294.74,0.00,750.00
ORD00155923,OI000847023,ITEM0085,2,1630.00,650.03,0.00,3260.00
ORD00155923,OI000847024,ITEM0091,1,1920.00,724.96,0.00,1920.00
ORD00155923,OI000847025,ITEM0113,1,510.00,198.15,0.00,510.00
ORD00155923,OI000847026,ITEM0152,3,100.00,40.74,0.00,300.00
ORD00155924,OI000847027,ITEM0007,1,1570.00,711.90,0.00,1570.00
ORD00155924,OI000847028,ITEM0014,1,490.00,180.01,0.00,490.00
ORD00155924,OI000847029,ITEM0034,4,1220.00,445.69,0.00,4880.00
ORD00155924,OI000847030,ITEM0083,1,1760.00,701.86,0.00,1760.00
ORD00155924,OI000847031,ITEM0095,1,1190.00,508.41,0.00,1190.00
ORD00155925,OI000847032,ITEM0033,1,940.00,306.02,0.00,940.00
ORD00155925,OI000847033,ITEM0050,1,1770.00,776.26,0.00,1770.00
ORD00155925,OI000847034,ITEM0057,2,-690.00,468.22,0.00,1380.00
ORD00155925,OI000847035,ITEM0066,1,950.00,343.77,0.00,950.00
ORD00155925,OI000847036,ITEM0070,1,1330.00,627.42,0.00,1330.00
ORD00155925,OI000847037,ITEM0081,1,1510.00,1047.44,0.00,1510.00
ORD00155925,OI000847038,ITEM0112,1,310.00,140.73,0.00,310.00
ORD00155925,OI000847039,ITEM0143,1,470.00,187.60,0.00,470.00
ORD00155925,OI000847040,ITEM0157,3,800.00,322.21,0.00,2400.00
ORD00155926,OI000847041,ITEM0127,1,500.00,76.86,0.00,500.00
ORD00155926,OI000847042,ITEM0147,1,480.00,154.20,0.00,480.00
ORD00155926,OI000847043,ITEM0157,2,800.00,322.21,0.00,1600.00
ORD00155927,OI000847044,ITEM0057,2,690.00,468.22,0.00,1380.00
ORD00155927,OI000847045,ITEM0130,2,235.00,91.80,0.00,470.00
ORD00155927,OI000847046,ITEM0141,2,510.00,166.18,0.00,1020.00
ORD00155928,OI000847047,,2,1510.00,1047.44,0.00,3020.00
ORD00155928,OI000847048,ITEM0086,1,1380.00,560.08,0.00,1380.00
ORD00155928,OI000847049,ITEM0153,2,40.00,16.47,0.00,80.00
ORD00155929,OI000847050,ITEM0076,1,750.00,294.74,0.00,750.00
ORD00155929,OI000847051,ITEM0090,1,1910.00,682.77,0.00,1910.00
ORD00155929,OI000847052,ITEM0111,1,260.00,91.26,0.00,260.00
ORD00155929,OI000847053,ITEM0113,2,510.00,198.15,0.00,1020.00
ORD00155929,OI000847054,ITEM0149,1,380.00,173.20,0.00,380.00
ORD00155930,OI000847055,ITEM0034,2,1220.00,445.69,0.00,2440.00
ORD00155930,OI000847056,ITEM0055,1,750.00,235.61,0.00,750.00
ORD00155930,OI000847057,ITEM0121,2,370.00,125.92,0.00,740.00
ORD00155930,OI000847058,ITEM0126,2,160.00,72.53,0.00,320.00
ORD00155930,OI000847059,ITEM0134,1,165.00,108.74,0.00,165.00
ORD00155930,OI000847060,ITEM0148,1,320.00,208.57,0.00,320.00
ORD00155930,OI000847061,ITEM0154,3,370.00,126.03,0.00,1110.00
ORD00155931,OI000847062,ITEM0033,1,940.00,306.02,0.00,940.00
ORD00155931,OI000847063,ITEM0054,1,1440.00,424.10,0.00,1440.00
ORD00155931,OI000847064,ITEM0065,2,1360.00,503.63,0.00,2720.00
ORD00155931,OI000847065,ITEM0091,1,1920.00,724.96,0.00,1920.00
ORD00155931,OI000847066,ITEM0135,1,105.00,69.46,0.00,105.00
ORD00155931,OI000847067,ITEM0143,3,470.00,187.60,0.00,1410.00
ORD00155932,OI000847068,ITEM0068,2,680.00,470.19,0.00,1360.00
ORD00155932,OI000847069,ITEM0134,4,165.00,108.74,0.00,660.00
ORD00155933,OI000847070,ITEM0009,1,490.00,185.03,0.00,490.00
ORD00155933,OI000847071,ITEM0025,2,820.00,334.06,0.00,1640.00
ORD00155933,OI000847072,ITEM0041,2,1310.00,515.58,0.00,2620.00
ORD00155933,OI000847073,ITEM0054,3,1330.00,424.10,0.00,3990.00
ORD00155933,OI000847074,ITEM0081,1,1510.00,1047.44,0.00,1510.00
ORD00155933,OI000847075,ITEM0123,1,310.00,138.90,0.00,310.00
ORD00155934,OI000847076,ITEM0007,1,1570.00,711.90,0.00,1570.00
ORD00155934,OI000847077,ITEM0048,2,1520.00,597.64,0.00,3040.00
ORD00155934,OI000847078,ITEM0062,1,670.00,350.53,0.00,670.00
ORD00155934,OI000847079,ITEM0066,1,950.00,343.77,0.00,950.00
ORD00155934,OI000847080,ITEM0067,3,320.00,108.16,0.00,960.00
ORD00155934,OI000847081,ITEM0068,1,680.00,470.19,0.00,680.00
ORD00155934,OI000847082,ITEM0147,1,480.00,154.20,0.00,480.00
ORD00155934,OI000847083,ITEM0160,2,105.00,47.30,0.00,210.00
ORD00155935,OI000847084,ITEM0048,1,1520.00,597.64,0.00,1520.00
ORD00155935,OI000847085,ITEM0076,1,750.00,294.74,0.00,750.00
ORD00155936,OI000847086,ITEM0029,2,950.00,312.12,0.00,1900.00
ORD00155936,OI000847087,ITEM0045,1,1530.00,595.53,0.00,1530.00
ORD00155936,OI000847088,ITEM0150,6,130.00,50.35,0.00,780.00
ORD00155937,OI000847089,ITEM0042,1,5470.00,2596.95,1641.00,3829.00
ORD00155937,OI000847090,ITEM0054,1,1330.00,424.10,0.00,1330.00
ORD00155937,OI000847091,ITEM0088,2,1710.00,651.22,0.00,3420.00
ORD00155937,OI000847092,ITEM0092,2,1410.00,465.66,0.00,2820.00
ORD00155937,OI000847093,ITEM0135,1,105.00,69.46,31.50,73.50
ORD00155937,OI000847094,ITEM0138,1,265.00,113.51,79.50,185.50
ORD00155938,OI000847095,ITEM0003,1,380.00,142.17,0.00,380.00
ORD00155938,OI000847096,ITEM0033,1,940.00,306.02,0.00,940.00
ORD00155938,OI000847097,ITEM0062,1,670.00,350.53,0.00,670.00
ORD00155938,OI000847098,ITEM0127,2,0.00,76.86,0.00,1000.00
ORD00155938,OI000847099,ITEM0129,1,600.00,188.49,0.00,600.00
ORD00155938,OI000847100,ITEM0151,2,65.00,45.19,0.00,130.00
ORD00155939,OI000847101,ITEM0006,1,770.00,296.28,0.00,770.00
ORD00155939,OI000847102,ITEM0045,2,1530.00,595.53,0.00,3060.00
ORD00155939,OI000847103,ITEM0066,1,950.00,343.77,0.00,950.00
ORD00155939,OI000847104,ITEM0087,1,3170.00,1492.61,951.00,2219.00
ORD00155939,OI000847105,ITEM0125,5,320.00,124.33,0.00,1600.00
ORD00155939,OI000847106,ITEM0134,1,165.00,108.74,49.50,115.50
ORD00155939,OI000847107,ITEM0151,5,65.00,45.19,97.50,227.50
ORD00155940,OI000847108,ITEM0020,1,810.00,323.82,0.00,810.00
ORD00155940,OI000847109,ITEM0113,2,510.00,198.15,0.00,1020.00
ORD00155940,OI000847110,ITEM0141,2,510.00,166.18,0.00,1020.00
ORD00155940,OI000847111,ITEM0147,1,480.00,154.20,0.00,480.00
ORD00155940,OI000847112,ITEM0156,1,130.00,48.41,0.00,130.00
ORD00155941,OI000847113,ITEM6712,1,1330.00,627.42,399.00,931.00
ORD00155941,OI000847114,ITEM0081,3,1510.00,1047.44,0.00,4530.00
ORD00155941,OI000847115,ITEM0100,1,1260.00,549.26,0.00,1260.00
ORD00155941,OI000847116,ITEM0141,2,510.00,166.18,306.00,714.00
ORD00155941,OI000847117,ITEM0151,1,65.00,45.19,19.50,45.50
ORD00155941,OI000847118,ITEM0157,2,800.00,322.21,480.00,1120.00
ORD00155942,OI000847119,ITEM0020,1,810.00,323.82,0.00,810.00
ORD00155942,OI000847120,ITEM0032,1,780.00,356.48,0.00,780.00
ORD00155942,OI000847121,ITEM0040,1,750.00,267.75,0.00,750.00
ORD00155942,OI000847122,ITEM0121,1,370.00,125.92,0.00,370.00
ORD00155942,OI000847123,ITEM0129,2,600.00,188.49,0.00,1200.00
ORD00155942,OI000847124,ITEM0134,4,165.00,108.74,0.00,660.00
ORD00155942,OI000847125,ITEM0137,4,310.00,112.52,0.00,1240.00
ORD00155942,OI000847126,ITEM0157,5,800.00,322.21,0.00,4000.00
ORD00155943,OI000847127,ITEM0006,1,770.00,296.28,0.00,770.00
ORD00155943,OI000847128,ITEM0128,1,510.00,72.23,0.00,510.00
ORD00155943,OI000847129,ITEM0151,2,65.00,45.19,0.00,130.00
ORD00155944,OI000847130,ITEM0005,1,420.00,149.00,0.00,420.00
ORD00155944,OI000847131,ITEM0011,1,940.00,340.59,0.00,940.00
ORD00155944,OI000847132,ITEM0032,1,780.00,356.48,0.00,780.00
ORD00155944,OI000847133,ITEM0046,1,2820.00,1115.76,0.00,2820.00
ORD00155944,OI000847134,ITEM0081,3,1510.00,1047.44,0.00,4530.00
ORD00155944,OI000847135,ITEM0091,1,1920.00,724.96,0.00,1920.00
ORD00155944,OI000847136,ITEM0145,4,370.00,151.19,0.00,1480.00
ORD00155944,OI000847137,ITEM0148,2,320.00,208.57,0.00,640.00
ORD00155945,OI000847138,ITEM0040,1,750.00,267.75,0.00,750.00
ORD00155945,OI000847139,ITEM0124,2,190.00,131.48,0.00,380.00
ORD00155945,OI000847140,ITEM0148,1,320.00,208.57,0.00,320.00
ORD00155946,OI000847142,ITEM0057,3,690.00,468.22,0.00,2070.00
ORD00155946,OI000847142,ITEM0057,3,690.00,468.22,0.00,2070.00
ORD00155946,OI000847143,ITEM0138,2,265.00,113.51,0.00,530.00
ORD00155946,OI000847144,ITEM0147,2,480.00,154.20,0.00,960.00
ORD00155946,OI000847145,ITEM0148,3,350.00,208.57,0.00,1050.00
ORD00155946,OI000847146,ITEM0151,4,70.00,45.19,0.00,280.00
ORD00155947,OI000847147,ITEM0036,2,840.00,338.10,0.00,1680.00
ORD00155947,OI000847148,ITEM0045,1,1530.00,595.53,0.00,1530.00
ORD00155947,OI000847149,ITEM0062,3,670.00,350.53,0.00,2010.00
ORD00155947,OI000847150,ITEM0102,1,1410.00,625.27,0.00,1410.00
ORD00155948,OI000847151,ITEM0045,1,1530.00,595.53,0.00,1530.00
ORD00155948,OI000847152,ITEM0054,1,1440.00,424.10,0.00,1440.00
ORD00155948,OI000847153,ITEM0088,1,1710.00,651.22,0.00,1710.00
ORD00155948,OI000847154,ITEM0113,2,510.00,198.15,0.00,1020.00
ORD00155948,OI000847155,ITEM0127,1,500.00,76.86,0.00,500.00
ORD00155948,OI000847156,ITEM0160,2,105.00,47.30,0.00,210.00
ORD00155949,OI000847157,ITEM0029,1,950.00,312.12,0.00,950.00
ORD00155949,OI000847158,ITEM0036,1,840.00,338.10,0.00,840.00
ORD00155949,OI000847159,ITEM0055,2,750.00,235.61,0.00,1500.00
ORD00155949,OI000847160,ITEM0134,1,165.00,108.74,0.00,165.00
ORD00155950,OI000847161,ITEM0031,5,1190.00,364.08,0.00,5950.00
ORD00155950,OI000847162,ITEM0062,1,670.00,350.53,0.00,670.00
ORD00155950,OI000847163,ITEM0075,1,630.00,269.61,0.00,630.00
ORD00155951,OI000847164,ITEM0055,1,750.00,235.61,0.00,750.00
ORD00155951,OI000847165,ITEM0081,1,1510.00,1047.44,0.00,1510.00
ORD00155951,OI000847166,ITEM0125,2,320.00,124.33,0.00,640.00
ORD00155951,OI000847167,ITEM0129,2,600.00,188.49,0.00,1200.00
ORD00155951,OI000847168,ITEM0135,3,105.00,69.46,0.00,315.00
ORD00155951,OI000847169,ITEM0152,3,100.00,40.74,0.00,300.00
ORD00155952,OI000847170,ITEM0020,2,810.00,323.82,0.00,1620.00
ORD00155952,OI000847171,ITEM0050,1,1770.00,776.26,0.00,1770.00
ORD00155952,OI000847172,ITEM0055,1,750.00,235.61,0.00,750.00
ORD00155952,OI000847173,ITEM0061,1,980.00,363.74,0.00,980.00
ORD00155952,OI000847174,ITEM0066,2,950.00,343.77,0.00,1900.00
ORD00155952,OI000847175,ITEM0067,2,320.00,108.16,0.00,640.00
ORD00155952,OI000847176,ITEM0075,5,630.00,269.61,0.00,3150.00
ORD00155952,OI000847177,ITEM0129,1,600.00,188.49,0.00,600.00
ORD00155953,OI000847178,,1,890.00,334.06,0.00,890.00
ORD00155953,OI000847179,ITEM0033,1,940.00,306.02,0.00,940.00
ORD00155953,OI000847180,ITEM0043,1,5110.00,2066.57,0.00,5110.00
ORD00155953,OI000847181,ITEM0046,1,2820.00,1115.76,0.00,2820.00
ORD00155953,OI000847182,ITEM0092,1,1410.00,465.66,0.00,1410.00
ORD00155953,OI000847183,ITEM0134,1,165.00,108.74,0.00,165.00
ORD00155954,OI000847184,ITEM0077,1,680.00,302.29,0.00,680.00
ORD00155954,OI000847185,ITEM0088,2,1710.00,651.22,0.00,3420.00
ORD00155954,OI000847186,ITEM0133,1,180.00,78.35,0.00,180.00
ORD00155955,OI000847187,ITEM0078,2,1250.00,560.33,0.00,2500.00
ORD00155955,OI000847188,ITEM0143,1,470.00,187.60,0.00,470.00
ORD00155956,OI000847189,ITEM0002,1,215.00,75.87,0.00,215.00
ORD00155956,OI000847190,ITEM0040,2,750.00,267.75,0.00,1500.00
ORD00155956,OI000847191,ITEM0050,2,1770.00,776.26,0.00,3540.00
ORD00155956,OI000847192,ITEM0058,2,1250.00,392.19,0.00,2500.00
ORD00155956,OI000847193,ITEM0094,1,1550.00,716.43,0.00,1550.00
ORD00155956,OI000847194,ITEM0117,1,930.00,145.29,0.00,930.00
ORD00155956,OI000847195,ITEM0123,1,310.00,138.90,0.00,310.00
ORD00155956,OI000847196,ITEM0147,1,480.00,154.20,144.00,336.00
ORD00155956,OI000847197,ITEM0149,2,380.00,173.20,228.00,532.00
ORD00155956,OI000847198,ITEM0153,2,40.00,16.47,24.00,56.00
ORD00155957,OI000847199,ITEM0057,1,690.00,468.22,0.00,690.00
ORD00155957,OI000847200,ITEM0081,1,1510.00,1047.44,0.00,1510.00
ORD00155957,OI000847201,ITEM0109,2,1500.00,513.48,0.00,3000.00
ORD00155957,OI000847202,ITEM0139,2,410.00,69.54,246.00,574.00
ORD00155957,OI000847203,ITEM0142,1,810.00,249.91,243.00,567.00
ORD00155957,OI000847204,ITEM0143,2,470.00,187.60,282.00,658.00
ORD00155957,OI000847205,ITEM0147,2,480.00,154.20,288.00,672.00
ORD00155957,OI000847206,ITEM0148,2,320.00,208.57,192.00,448.00
ORD00155957,OI000847207,ITEM0154,2,370.00,126.03,222.00,518.00
ORD00155958,OI000847208,ITEM0033,1,940.00,306.02,0.00,940.00
ORD00155958,OI000847209,ITEM0051,1,680.00,266.66,0.00,680.00
ORD00155958,OI000847210,ITEM0089,3,2070.00,892.05,0.00,6210.00
ORD00155958,OI000847211,ITEM0111,1,260.00,91.26,0.00,260.00
ORD00155958,OI000847212,ITEM0135,2,105.00,69.46,0.00,210.00
ORD00155959,OI000847213,ITEM0040,1,750.00,267.75,0.00,750.00
ORD00155959,OI000847214,ITEM0045,1,1530.00,595.53,0.00,1530.00
ORD00155959,OI000847215,ITEM0057,1,690.00,468.22,0.00,690.00
ORD00155959,OI000847216,ITEM0143,1,470.00,187.60,141.00,329.00
ORD00155959,OI000847217,ITEM0148,2,350.00,208.57,210.00,490.00
ORD00155960,OI000847218,ITEM0042,1,5470.00,2596.95,0.00,5470.00
ORD00155960,OI000847219,ITEM0055,1,750.00,235.61,0.00,750.00
ORD00155960,OI000847220,ITEM0057,2,690.00,468.22,0.00,1380.00
ORD00155960,OI000847221,ITEM0071,1,770.00,267.43,0.00,770.00
ORD00155961,OI000847222,ITEM0049,1,2870.00,1132.57,0.00,2870.00
ORD00155961,OI000847223,ITEM0050,1,1910.00,776.26,0.00,1910.00
ORD00155961,OI000847224,ITEM0054,1,1440.00,424.10,0.00,1440.00
ORD00155961,OI000847225,ITEM0062,1,670.00,350.53,0.00,670.00
ORD00155961,OI000847226,ITEM0064,1,550.00,191.14,0.00,550.00
ORD00155961,OI000847227,ITEM0070,2,1330.00,627.42,798.00,1862.00
ORD00155961,OI000847228,ITEM0135,2,105.00,69.46,63.00,147.00
ORD00155962,OI000847229,ITEM0046,1,2820.00,1115.76,0.00,2820.00
ORD00155962,OI000847230,ITEM0064,3,550.00,191.14,0.00,1650.00
ORD00155962,OI000847231,ITEM0123,1,310.00,138.90,0.00,310.00
ORD00155962,OI000847232,ITEM0130,2,235.00,91.80,0.00,470.00
ORD00155962,OI000847233,ITEM0152,2,100.00,40.74,0.00,200.00
ORD00155963,OI000847234,ITEM0124,2,190.00,131.48,0.00,380.00
ORD00155963,OI000847235,ITEM0134,2,165.00,108.74,0.00,330.00
ORD00155964,OI000847236,ITEM0046,1,2820.00,1115.76,0.00,2820.00
ORD00155964,OI000847237,ITEM0055,1,750.00,235.61,0.00,750.00
ORD00155964,OI000847238,ITEM0118,1,720.00,333.71,216.00,504.00
ORD00155964,OI000847239,ITEM0121,1,400.00,125.92,0.00,400.00
ORD00155964,OI000847240,ITEM0142,1,810.00,249.91,243.00,567.00
ORD00155964,OI000847241,ITEM0148,3,350.00,208.57,315.00,735.00
ORD00155964,OI000847242,ITEM0152,1,100.00,40.74,30.00,70.00
ORD00155965,OI000847243,ITEM0011,2,1020.00,340.59,0.00,2040.00
ORD00155965,OI000847244,ITEM0042,1,5470.00,2596.95,1641.00,3829.00
ORD00155965,OI000847245,ITEM0054,2,1440.00,424.10,0.00,2880.00
ORD00155965,OI000847246,ITEM0069,3,1180.00,407.68,0.00,3540.00
ORD00155965,OI000847247,ITEM0084,2,1240.00,425.59,0.00,2480.00
ORD00155965,OI000847248,ITEM0086,1,1380.00,560.08,0.00,1380.00
ORD00155965,OI000847249,ITEM0134,2,165.00,108.74,99.00,231.00
ORD00155965,OI000847250,ITEM0141,1,510.00,166.18,153.00,357.00
ORD00155965,OI000847251,ITEM0156,2,130.00,48.41,78.00,182.00
ORD00155966,OI000847252,ITEM0014,1,490.00,180.01,0.00,490.00
ORD00155966,OI000847253,ITEM0057,1,690.00,468.22,0.00,690.00
ORD00155966,OI000847254,ITEM0084,1,1240.00,425.59,0.00,1240.00
ORD00155966,OI000847255,ITEM0147,1,480.00,154.20,0.00,480.00
ORD00155967,OI000847256,ITEM0043,2,5110.00,2066.57,0.00,10220.00
ORD00155967,OI000847257,ITEM0050,2,1910.00,776.26,0.00,3820.00
ORD00155967,OI000847258,ITEM0055,1,750.00,235.61,0.00,750.00
ORD00155967,OI000847259,ITEM0143,2,470.00,187.60,0.00,940.00
ORD00155967,OI000847260,ITEM0157,4,800.00,322.21,0.00,3200.00
ORD00155968,OI000847261,ITEM0029,1,950.00,312.12,0.00,950.00
ORD00155968,OI000847262,ITEM0070,3,1330.00,627.42,1197.00,2793.00
ORD00155968,OI000847263,ITEM0097,1,1080.00,539.54,0.00,1080.00
ORD00155968,OI000847264,ITEM0124,2,190.00,131.48,0.00,380.00
ORD00155968,OI000847265,ITEM0125,2,320.00,124.33,0.00,640.00
ORD00155968,OI000847266,ITEM0148,3,320.00,208.57,288.00,672.00
ORD00155968,OI000847267,ITEM0151,1,65.00,45.19,19.50,45.50
ORD00155969,OI000847268,ITEM0033,2,940.00,306.02,0.00,1880.00
ORD00155969,OI000847269,ITEM0092,1,1410.00,465.66,0.00,1410.00
ORD00155969,OI000847269,ITEM0092,1,1410.00,465.66,0.00,1410.00
ORD00155969,OI000847270,ITEM0134,4,165.00,108.74,0.00,660.00
ORD00155970,OI000847271,ITEM0045,1,1530.00,595.53,0.00,1530.00
ORD00155970,OI000847272,ITEM0054,1,1330.00,424.10,0.00,1330.00
ORD00155970,OI000847273,ITEM0087,2,3170.00,1492.61,0.00,6340.00
ORD00155971,OI000847274,ITEM0055,1,750.00,235.61,0.00,750.00
ORD00155971,OI000847275,ITEM0113,1,510.00,198.15,0.00,510.00
ORD00155971,OI000847276,ITEM0116,2,800.00,142.86,0.00,1600.00
ORD00155971,OI000847277,ITEM0143,1,470.00,187.60,0.00,470.00
ORD00155971,OI000847278,ITEM0150,3,130.00,50.35,0.00,390.00
ORD00155971,OI000847279,ITEM0151,2,70.00,45.19,0.00,140.00
ORD00155971,OI000847280,ITEM0152,1,100.00,40.74,0.00,100.00
ORD00155972,OI000847281,ITEM0003,3,380.00,142.17,0.00,1140.00
ORD00155972,OI000847282,ITEM0014,2,490.00,180.01,0.00,980.00
ORD00155972,OI000847283,ITEM0066,2,950.00,343.77,0.00,1900.00
ORD00155972,OI000847284,ITEM0152,3,100.00,40.74,90.00,210.00
ORD00155972,OI000847285,ITEM0156,3,130.00,48.41,117.00,273.00
ORD00155973,OI000847286,ITEM0023,1,470.00,200.14,0.00,470.00
ORD00155973,OI000847287,ITEM0033,3,940.00,306.02,0.00,2820.00
ORD00155973,OI000847288,ITEM0045,4,1530.00,595.53,0.00,6120.00
ORD00155973,OI000847289,ITEM0066,1,950.00,343.77,0.00,950.00
ORD00155973,OI000847290,ITEM0071,1,710.00,267.43,0.00,710.00
ORD00155973,OI000847291,ITEM0081,2,1510.00,1047.44,0.00,3020.00
ORD00155973,OI000847292,ITEM0125,1,320.00,124.33,0.00,320.00
ORD00155973,OI000847293,ITEM0157,1,800.00,322.21,0.00,800.00
ORD00155974,OI000847294,ITEM0046,2,2820.00,1115.76,0.00,5640.00
ORD00155974,OI000847295,ITEM0061,1,980.00,363.74,0.00,980.00
ORD00155974,OI000847296,ITEM0098,3,1220.00,521.65,0.00,3660.00
ORD00155975,OI000847297,ITEM0012,1,900.00,402.60,0.00,900.00
ORD00155975,OI000847298,ITEM0042,2,5470.00,2596.95,3282.00,7658.00
ORD00155975,OI000847299,ITEM0134,2,165.00,108.74,99.00,231.00
ORD00155975,OI000847300,ITEM0151,1,70.00,45.19,21.00,49.00
ORD00155975,OI000847301,ITEM0159,1,460.00,192.62,138.00,322.00
ORD00155976,OI000847302,ITEM0021,2,450.00,184.70,0.00,900.00
ORD00155976,OI000847303,ITEM0038,1,1200.00,510.66,0.00,1200.00
ORD00155976,OI000847304,ITEM0040,1,750.00,267.75,0.00,750.00
ORD00155976,OI000847305,ITEM0057,1,690.00,468.22,0.00,690.00
ORD00155976,OI000847306,ITEM0113,1,510.00,198.15,0.00,510.00
ORD00155976,OI000847307,ITEM0143,2,470.00,187.60,0.00,940.00
ORD00155976,OI000847308,ITEM0150,3,130.00,50.35,0.00,390.00
ORD00155977,OI000847309,ITEM0048,1,1520.00,597.64,0.00,1520.00
ORD00155977,OI000847310,ITEM0057,1,690.00,468.22,0.00,690.00
ORD00155977,OI000847311,ITEM0068,1,680.00,470.19,0.00,680.00
ORD00155977,OI000847312,ITEM0148,2,320.00,208.57,192.00,448.00
ORD00155977,OI000847313,ITEM0156,1,130.00,48.41,39.00,91.00
ORD00155978,OI000847314,ITEM0014,1,490.00,180.01,0.00,490.00
ORD00155978,OI000847315,ITEM0034,1,1220.00,445.69,0.00,1220.00
ORD00155978,OI000847316,ITEM0051,1,730.00,266.66,0.00,730.00
ORD00155978,OI000847317,ITEM0154,2,370.00,126.03,0.00,740.00
ORD00155979,OI000847318,ITEM0042,2,5470.00,2596.95,3282.00,7658.00
ORD00155979,OI000847319,ITEM0054,1,1330.00,424.10,0.00,1330.00
ORD00155979,OI000847320,ITEM0055,1,750.00,235.61,0.00,750.00
ORD00155979,OI000847321,ITEM0070,1,1330.00,627.42,399.00,931.00
ORD00155979,OI000847322,ITEM0102,1,1410.00,625.27,0.00,1410.00
ORD00155979,OI000847323,ITEM0113,1,510.00,198.15,0.00,510.00
ORD00155979,OI000847324,ITEM0134,4,165.00,108.74,198.00,462.00
ORD00155979,OI000847325,ITEM0135,1,105.00,69.46,31.50,73.50
ORD00155979,OI000847326,ITEM0145,1,370.00,151.19,111.00,259.00
ORD00155980,OI000847327,ITEM0004,1,590.00,220.14,0.00,590.00
ORD00155980,OI000847328,ITEM0036,1,840.00,338.10,0.00,840.00
ORD00155980,OI000847329,ITEM0092,1,1410.00,465.66,0.00,1410.00
ORD00155980,OI000847330,ITEM0100,1,1260.00,549.26,0.00,1260.00
ORD00155980,OI000847331,ITEM0129,3,600.00,188.49,0.00,1800.00
ORD00155981,OI000847332,ITEM0004,1,590.00,220.14,0.00,590.00
ORD00155981,OI000847333,ITEM0018,2,620.00,236.34,0.00,1240.00
ORD00155981,OI000847334,ITEM0054,2,1330.00,424.10,0.00,2660.00
ORD00155981,OI000847335,ITEM0059,2,730.00,317.89,0.00,1460.00
ORD00155981,OI000847336,ITEM0062,1,670.00,350.53,0.00,670.00
ORD00155981,OI000847337,ITEM0064,1,550.00,191.14,0.00,550.00
ORD00155981,OI000847338,ITEM0076,1,750.00,294.74,0.00,750.00
ORD00155981,OI000847339,ITEM0081,2,1510.00,1047.44,0.00,3020.00
ORD00155981,OI000847340,ITEM0109,1,1500.00,513.48,0.00,1500.00
ORD00155981,OI000847341,ITEM0134,1,165.00,108.74,0.00,165.00
ORD00155981,OI000847342,ITEM0159,2,460.00,192.62,0.00,920.00
ORD00155982,OI000847343,ITEM0012,2,900.00,402.60,0.00,1800.00
ORD00155982,OI000847344,ITEM0046,1,2820.00,1115.76,0.00,2820.00
ORD00155982,OI000847345,ITEM0050,2,1910.00,776.26,0.00,3820.00
ORD00155982,OI000847346,ITEM0081,1,1510.00,1047.44,0.00,1510.00
ORD00155982,OI000847347,ITEM0090,1,1910.00,682.77,0.00,1910.00
ORD00155982,OI000847348,ITEM0124,1,190.00,131.48,0.00,190.00
ORD00155982,OI000847349,ITEM0133,3,180.00,78.35,0.00,540.00
ORD00155983,OI000847350,ITEM0036,3,840.00,338.10,0.00,2520.00
ORD00155983,OI000847351,ITEM0048,1,1520.00,597.64,0.00,1520.00
ORD00155983,OI000847352,ITEM0081,1,1510.00,1047.44,0.00,1510.00
ORD00155983,OI000847353,ITEM0130,2,235.00,91.80,0.00,470.00
ORD00155983,OI000847354,ITEM0152,1,100.00,40.74,0.00,100.00
ORD00155983,OI000847355,ITEM0160,2,105.00,47.30,0.00,210.00
ORD00155984,OI000847356,ITEM0020,1,810.00,323.82,0.00,810.00
ORD00155984,OI000847357,ITEM0033,2,940.00,306.02,0.00,1880.00
ORD00155984,OI000847358,ITEM0081,1,1510.00,1047.44,0.00,1510.00
ORD00155984,OI000847359,ITEM0091,1,1920.00,724.96,0.00,1920.00
ORD00155984,OI000847360,ITEM0096,1,1840.00,298.74,0.00,1840.00
ORD00155984,OI000847361,ITEM0134,2,165.00,108.74,0.00,330.00
ORD00155984,OI000847362,ITEM0147,1,480.00,154.20,0.00,480.00
ORD00155984,OI000847363,ITEM0148,2,320.00,208.57,0.00,640.00
ORD00155985,OI000847364,ITEM0031,1,1100.00,364.08,0.00,1100.00
ORD00155985,OI000847365,ITEM0046,1,2820.00,1115.76,0.00,2820.00
ORD00155985,OI000847366,ITEM0068,1,680.00,470.19,0.00,680.00
ORD00155985,OI000847367,ITEM0091,3,1920.00,724.96,0.00,5760.00
ORD00155985,OI000847368,ITEM0113,2,510.00,198.15,0.00,1020.00
ORD00155985,OI000847369,ITEM0134,1,165.00,108.74,0.00,165.00
ORD00155985,OI000847370,ITEM0147,2,480.00,154.20,0.00,960.00
ORD00155985,OI000847371,ITEM0151,2,65.00,45.19,0.00,130.00
ORD00155986,OI000847372,ITEM0027,1,420.00,144.90,0.00,420.00
ORD00155986,OI000847373,ITEM0046,1,2820.00,1115.76,0.00,2820.00
ORD00155986,OI000847374,ITEM0055,1,750.00,235.61,0.00,750.00
ORD00155986,OI000847375,ITEM0126,1,160.00,72.53,0.00,160.00
ORD00155987,OI000847376,ITEM0030,1,265.00,110.76,0.00,265.00
ORD00155987,OI000847377,ITEM0045,3,1530.00,595.53,0.00,4590.00
ORD00155987,OI000847378,ITEM0055,1,750.00,235.61,0.00,750.00
ORD00155987,OI000847379,ITEM0124,1,190.00,131.48,0.00,190.00
ORD00155987,OI000847380,ITEM0134,2,165.00,108.74,0.00,330.00
ORD00155988,OI000847381,ITEM0094,1,1550.00,716.43,0.00,1550.00
ORD00155988,OI000847383,ITEM0106,2,4170.00,1825.61,0.00,8340.00
ORD00155988,OI000847384,ITEM0149,3,380.00,173.20,342.00,798.00
ORD00155988,OI000847385,ITEM0160,2,105.00,47.30,63.00,147.00
ORD00155989,OI000847386,ITEM0050,1,1770.00,776.26,0.00,1770.00
ORD00155989,OI000847387,ITEM0068,1,680.00,470.19,0.00,680.00
ORD00155989,OI000847388,ITEM0091,1,1920.00,724.96,0.00,1920.00
ORD00155989,OI000847389,ITEM0137,2,310.00,112.52,0.00,620.00
ORD00155989,OI000847390,ITEM0147,4,480.00,154.20,0.00,1920.00
ORD00155990,OI000847391,ITEM0040,1,750.00,267.75,0.00,750.00
ORD00155990,OI000847392,ITEM0057,1,690.00,468.22,0.00,690.00
ORD00155990,OI000847393,ITEM0062,1,670.00,350.53,0.00,670.00
ORD00155990,OI000847394,ITEM0076,1,750.00,294.74,0.00,750.00
ORD00155990,OI000847395,ITEM0147,1,480.00,154.20,144.00,336.00
ORD00155990,OI000847396,ITEM0148,2,320.00,208.57,192.00,448.00
ORD00155990,OI000847397,ITEM0151,1,65.00,45.19,19.50,45.50
ORD00155991,OI000847398,ITEM0020,1,810.00,323.82,0.00,810.00
ORD00155991,OI000847399,ITEM0054,1,1330.00,424.10,0.00,1330.00
ORD00155991,OI000847400,ITEM0081,3,1510.00,1047.44,0.00,4530.00
ORD00155991,OI000847401,ITEM0119,1,470.00,169.51,0.00,470.00
ORD00155991,OI000847402,ITEM0121,1,370.00,125.92,0.00,370.00
ORD00155991,OI000847403,ITEM0133,2,180.00,78.35,0.00,360.00
ORD00155992,OI000847404,ITEM0118,1,720.00,333.71,216.00,504.00
ORD00155992,OI000847405,ITEM0147,1,480.00,154.20,144.00,336.00
ORD00155992,OI000847406,ITEM0152,3,100.00,40.74,90.00,210.00
ORD00155992,OI000847407,ITEM0157,3,800.00,322.21,720.00,1680.00
ORD00155993,OI000847408,ITEM0032,1,780.00,356.48,0.00,780.00
ORD00155993,OI000847408,ITEM0032,1,780.00,356.48,0.00,780.00
ORD00155993,OI000847409,ITEM0043,2,5110.00,2066.57,0.00,10220.00
ORD00155993,OI000847410,ITEM0107,1,1430.00,473.19,0.00,1430.00
ORD00155993,OI000847411,ITEM0109,1,1500.00,513.48,0.00,1500.00
ORD00155994,OI000847412,ITEM0010,1,1390.00,568.66,0.00,1390.00
ORD00155994,OI000847413,ITEM0033,2,940.00,306.02,0.00,1880.00
ORD00155994,OI000847414,ITEM0045,1,1530.00,595.53,0.00,1530.00
ORD00155994,OI000847415,ITEM0054,2,1330.00,424.10,0.00,2660.00
ORD00155994,OI000847416,ITEM0125,2,320.00,124.33,0.00,640.00
ORD00155994,OI000847417,ITEM0151,3,65.00,45.19,0.00,195.00
ORD00155995,OI000847418,ITEM0012,1,900.00,402.60,0.00,900.00
ORD00155995,OI000847419,ITEM0020,2,810.00,323.82,0.00,1620.00
ORD00155995,OI000847420,ITEM0033,3,940.00,306.02,0.00,2820.00
ORD00155995,OI000847421,ITEM0043,1,5110.00,2066.57,0.00,5110.00
ORD00155995,OI000847422,ITEM0058,3,1250.00,392.19,0.00,3750.00
ORD00155995,OI000847423,ITEM0062,1,670.00,350.53,0.00,670.00
ORD00155995,OI000847424,ITEM0145,2,370.00,151.19,0.00,740.00
ORD00155995,OI000847425,ITEM0148,2,350.00,208.57,0.00,700.00
ORD00155996,OI000847426,ITEM0015,1,520.00,184.59,0.00,520.00
ORD00155996,OI000847427,ITEM0034,1,1220.00,445.69,0.00,1220.00
ORD00155996,OI000847428,ITEM0077,1,680.00,302.29,0.00,680.00
ORD00155996,OI000847429,ITEM0094,1,1550.00,716.43,0.00,1550.00
ORD00155996,OI000847430,ITEM0113,1,510.00,198.15,0.00,510.00
ORD00155996,OI000847431,ITEM0143,1,470.00,187.60,0.00,470.00
ORD00155996,OI000847432,ITEM0160,2,105.00,47.30,0.00,210.00
ORD00155997,OI000847433,ITEM0134,1,165.00,108.74,0.00,165.00
ORD00155997,OI000847434,ITEM0147,1,480.00,154.20,0.00,480.00
ORD00155997,OI000847435,ITEM0148,5,320.00,208.57,0.00,1600.00
ORD00155998,OI000847436,ITEM0091,1,1920.00,724.96,0.00,1920.00
ORD00155998,OI000847437,ITEM0145,1,370.00,151.19,0.00,370.00
ORD00155999,OI000847438,ITEM0010,1,1390.00,568.66,0.00,1390.00
ORD00155999,OI000847439,ITEM0036,2,840.00,338.10,0.00,1680.00
ORD00155999,OI000847440,ITEM0098,1,1220.00,521.65,0.00,1220.00
ORD00155999,OI000847441,ITEM0113,3,510.00,198.15,0.00,1530.00
ORD00155999,OI000847442,ITEM0148,1,350.00,208.57,0.00,350.00
ORD00156000,OI000847443,ITEM0004,2,590.00,220.14,0.00,1180.00
ORD00156000,OI000847444,ITEM0042,1,5470.00,2596.95,1641.00,3829.00
ORD00156000,OI000847445,ITEM0090,2,1910.00,682.77,0.00,3820.00
ORD00156000,OI000847446,ITEM0106,1,4170.00,1825.61,0.00,4170.00
ORD00156000,OI000847447,ITEM0143,1,470.00,187.60,141.00,329.00
ORD00156001,OI000847448,ITEM0001,1,270.00,95.57,0.00,270.00
ORD00156001,OI000847449,ITEM0045,2,1530.00,595.53,0.00,3060.00
ORD00156001,OI000847450,ITEM0050,2,1770.00,776.26,0.00,3540.00
ORD00156001,OI000847451,ITEM0068,1,680.00,470.19,0.00,680.00
ORD00156001,OI000847452,ITEM0077,2,680.00,302.29,0.00,1360.00
ORD00156001,OI000847453,ITEM0123,1,310.00,138.90,0.00,310.00
ORD00156001,OI000847454,ITEM0151,1,65.00,45.19,0.00,65.00
ORD00156001,OI000847455,ITEM0154,1,370.00,126.03,0.00,370.00
ORD00156002,OI000847456,ITEM0019,1,360.00,154.84,0.00,360.00
ORD00156002,OI000847457,ITEM0025,2,820.00,334.06,0.00,1640.00
ORD00156002,OI000847458,ITEM0068,2,680.00,470.19,0.00,1360.00
ORD00156002,OI000847459,ITEM0081,1,1510.00,1047.44,0.00,1510.00
ORD00156002,OI000847460,ITEM0126,1,160.00,72.53,0.00,160.00
ORD00156002,OI000847461,ITEM0135,1,105.00,69.46,0.00,105.00
ORD00156002,OI000847462,ITEM0151,2,65.00,45.19,0.00,130.00
ORD00156003,OI000847463,ITEM0004,1,590.00,220.14,0.00,590.00
ORD00156003,OI000847464,ITEM0046,1,2820.00,1115.76,0.00,2820.00
ORD00156003,OI000847465,ITEM0048,2,1520.00,597.64,0.00,3040.00
ORD00156003,OI000847466,ITEM0055,2,750.00,235.61,0.00,1500.00
ORD00156003,OI000847467,ITEM0081,1,1510.00,1047.44,0.00,1510.00
ORD00156003,OI000847468,ITEM0134,1,165.00,108.74,0.00,165.00
ORD00156003,OI000847469,ITEM0143,2,470.00,187.60,0.00,940.00
ORD00156004,OI000847470,ITEM0003,1,380.00,142.17,0.00,380.00
ORD00156004,OI000847471,ITEM0030,2,265.00,110.76,0.00,530.00
ORD00156004,OI000847472,ITEM0054,1,1330.00,424.10,0.00,1330.00
ORD00156005,OI000847473,ITEM0028,2,390.00,160.88,0.00,780.00
ORD00156005,OI000847474,ITEM0036,1,840.00,338.10,0.00,840.00
ORD00156005,OI000847475,ITEM0124,1,190.00,131.48,0.00,190.00
ORD00156005,OI000847476,ITEM0134,1,165.00,108.74,0.00,165.00
ORD00156006,OI000847477,ITEM0023,1,470.00,200.14,0.00,470.00
ORD00156006,OI000847478,ITEM0044,1,1480.00,512.67,0.00,1480.00
ORD00156006,OI000847479,ITEM0081,1,1510.00,1047.44,0.00,1510.00
ORD00156006,OI000847480,ITEM0086,2,1380.00,560.08,0.00,2760.00
ORD00156006,OI000847481,ITEM0109,1,1500.00,513.48,0.00,1500.00
ORD00156006,OI000847482,ITEM0151,1,65.00,45.19,0.00,65.00
ORD00156007,OI000847483,ITEM0015,1,520.00,184.59,0.00,520.00
ORD00156007,OI000847484,ITEM0046,1,2820.00,1115.76,0.00,2820.00
ORD00156007,OI000847485,ITEM0048,1,1520.00,597.64,0.00,1520.00
ORD00156007,OI000847486,ITEM0112,1,310.00,140.73,0.00,310.00
ORD00156007,OI000847487,ITEM0125,1,320.00,124.33,0.00,320.00
ORD00156007,OI000847488,ITEM0147,2,480.00,154.20,0.00,960.00
ORD00156007,OI000847489,ITEM0160,2,105.00,47.30,0.00,210.00
ORD00156008,OI000847490,ITEM0052,2,800.00,314.45,0.00,1600.00
ORD00156008,OI000847491,ITEM0055,2,750.00,235.61,0.00,1500.00
ORD00156008,OI000847492,ITEM0102,2,1410.00,625.27,0.00,2820.00
ORD00156008,OI000847493,ITEM0134,4,165.00,108.74,0.00,660.00
ORD00156009,OI000847494,ITEM0034,1,1220.00,445.69,0.00,1220.00
ORD00156009,OI000847495,ITEM0067,1,320.00,108.16,0.00,320.00
ORD00156009,OI000847496,ITEM0087,2,3170.00,1492.61,1902.00,4438.00
ORD00156009,OI000847497,ITEM0134,2,165.00,108.74,99.00,231.00
ORD00156009,OI000847498,ITEM0148,1,320.00,208.57,96.00,224.00
ORD00156009,OI000847499,ITEM0151,1,65.00,45.19,19.50,45.50
ORD00156010,OI000847500,ITEM0033,1,940.00,306.02,0.00,940.00
ORD00156010,OI000847501,ITEM0046,1,2820.00,1115.76,0.00,2820.00
ORD00156010,OI000847502,ITEM0056,1,1440.00,468.22,0.00,1440.00
ORD00156010,OI000847503,ITEM0061,1,1060.00,363.74,0.00,1060.00
ORD00156010,OI000847504,ITEM0106,2,4170.00,1825.61,0.00,8340.00
ORD00156011,OI000847505,ITEM0081,1,1510.00,1047.44,0.00,1510.00
ORD00156011,OI000847506,ITEM0113,1,510.00,198.15,0.00,510.00
ORD00156011,OI000847507,ITEM0134,1,165.00,108.74,0.00,165.00
ORD00156011,OI000847508,ITEM0151,1,65.00,45.19,0.00,65.00
ORD00156012,OI000847509,ITEM0030,2,265.00,110.76,0.00,530.00
ORD00156012,OI000847510,ITEM0035,1,1000.00,418.08,0.00,1000.00
ORD00156012,OI000847511,ITEM0054,1,1330.00,424.10,0.00,1330.00
ORD00156012,OI000847512,ITEM0091,1,1920.00,724.96,0.00,1920.00
ORD00156012,OI000847513,ITEM0152,1,100.00,40.74,0.00,100.00
ORD00156013,OI000847514,ITEM0023,1,470.00,200.14,0.00,470.00
ORD00156013,OI000847515,ITEM0045,2,1530.00,595.53,0.00,3060.00
ORD00156013,OI000847516,ITEM0105,1,2660.00,878.39,0.00,2660.00
ORD00156013,OI000847517,ITEM0134,2,165.00,108.74,0.00,330.00
ORD00156014,OI000847518,ITEM0073,4,850.00,331.31,0.00,3400.00
ORD00156014,OI000847519,ITEM0077,2,680.00,302.29,0.00,1360.00
ORD00156014,OI000847520,ITEM0127,1,500.00,76.86,0.00,500.00
ORD00156014,OI000847521,ITEM0157,4,800.00,322.21,0.00,3200.00
ORD00156015,OI000847522,ITEM0045,1,1530.00,595.53,0.00,1530.00
ORD00156015,OI000847523,ITEM0048,1,1520.00,597.64,0.00,1520.00
ORD00156015,OI000847524,ITEM0054,1,1440.00,424.10,0.00,1440.00
ORD00156015,OI000847525,ITEM0113,1,510.00,198.15,0.00,510.00
ORD00156016,OI000847526,ITEM0013,-1,400.00,179.48,0.00,400.00
ORD00156016,OI000847527,ITEM0026,2,570.00,245.78,0.00,1140.00
ORD00156016,OI000847528,ITEM0031,1,1100.00,364.08,0.00,1100.00
ORD00156016,OI000847529,ITEM0055,1,750.00,235.61,0.00,750.00
ORD00156016,OI000847530,ITEM0057,2,690.00,468.22,0.00,1380.00
ORD00156016,OI000847531,ITEM0146,3,610.00,207.34,0.00,1830.00
ORD00156017,OI000847532,ITEM0025,1,890.00,334.06,0.00,890.00
ORD00156017,OI000847533,ITEM0040,1,750.00,267.75,0.00,750.00
ORD00156017,OI000847534,ITEM0061,1,1060.00,363.74,0.00,1060.00
ORD00156017,OI000847535,ITEM0067,2,320.00,108.16,0.00,640.00
ORD00156017,OI000847536,ITEM0113,1,510.00,198.15,0.00,510.00
ORD00156017,OI000847537,ITEM0134,3,165.00,108.74,0.00,495.00
ORD00156018,OI000847538,ITEM0023,1,470.00,200.14,0.00,470.00
ORD00156018,OI000847539,ITEM0112,1,310.00,140.73,0.00,310.00
ORD00156018,OI000847540,ITEM0124,1,190.00,131.48,0.00,190.00
ORD00156018,OI000847541,ITEM0143,4,470.00,187.60,0.00,1880.00
ORD00156019,OI000847542,ITEM0023,1,470.00,200.14,0.00,470.00
ORD00156019,OI000847543,ITEM0048,1,1520.00,597.64,0.00,1520.00
ORD00156019,OI000847544,ITEM0057,3,690.00,468.22,0.00,2070.00
ORD00156019,OI000847545,ITEM0154,2,370.00,126.03,0.00,740.00
ORD00156019,OI000847546,ITEM0156,5,130.00,48.41,0.00,650.00
ORD00156020,OI000847547,ITEM0050,3,1770.00,776.26,0.00,5310.00
ORD00156020,OI000847548,ITEM0054,2,1330.00,424.10,0.00,2660.00
ORD00156020,OI000847549,ITEM0068,2,680.00,470.19,0.00,1360.00
ORD00156020,OI000847550,ITEM0098,1,1220.00,521.65,0.00,1220.00
ORD00156020,OI000847551,ITEM0148,6,320.00,208.57,576.00,1344.00
ORD00156020,OI000847552,ITEM0155,1,220.00,95.85,66.00,154.00
ORD00156021,OI000847553,ITEM0042,1,5470.00,2596.95,1641.00,3829.00
ORD00156021,OI000847554,ITEM0058,2,1250.00,392.19,0.00,2500.00
ORD00156021,OI000847555,ITEM0119,1,470.00,169.51,0.00,470.00
ORD00156021,OI000847556,ITEM0148,1,320.00,208.57,96.00,224.00
ORD00156022,OI000847557,ITEM0036,4,840.00,338.10,0.00,3360.00
ORD00156022,OI000847558,ITEM0048,1,1520.00,597.64,0.00,1520.00
ORD00156022,OI000847559,ITEM0065,2,1360.00,503.63,0.00,2720.00
ORD00156022,OI000847560,ITEM0102,2,1520.00,625.27,0.00,3040.00
ORD00156022,OI000847561,ITEM0113,2,510.00,198.15,0.00,1020.00
ORD00156022,OI000847562,ITEM0123,1,330.00,138.90,0.00,330.00
ORD00156022,OI000847563,ITEM0148,3,350.00,208.57,0.00,1050.00
ORD00156023,OI000847564,ITEM0004,1,590.00,220.14,0.00,590.00
ORD00156023,OI000847565,ITEM0037,2,2380.00,995.51,0.00,4760.00
ORD00156023,OI000847566,ITEM0041,1,1310.00,515.58,0.00,1310.00
ORD00156023,OI000847567,ITEM0044,2,1480.00,512.67,0.00,2960.00
ORD00156023,OI000847568,ITEM0048,1,1520.00,597.64,0.00,1520.00
ORD00156023,OI000847569,ITEM0057,1,690.00,468.22,0.00,690.00
ORD00156023,OI000847570,ITEM0068,5,680.00,470.19,0.00,3400.00
ORD00156023,OI000847571,ITEM0134,1,165.00,108.74,0.00,165.00
ORD00156023,OI000847572,ITEM0138,2,265.00,113.51,0.00,530.00
ORD00156023,OI000847573,ITEM0145,1,370.00,151.19,0.00,370.00
ORD00156024,OI000847574,ITEM0057,3,690.00,468.22,0.00,2070.00
ORD00156024,OI000847575,ITEM0109,1,1500.00,513.48,0.00,1500.00
ORD00156024,OI000847576,ITEM0124,1,190.00,131.48,0.00,190.00
ORD00156024,OI000847577,ITEM0133,4,180.00,78.35,0.00,720.00
ORD00156024,OI000847578,ITEM0138,1,265.00,113.51,0.00,265.00
ORD00156025,OI000847579,ITEM0009,1,490.00,185.03,0.00,490.00
ORD00156025,OI000847580,ITEM0021,1,450.00,184.70,0.00,450.00
ORD00156025,OI000847581,ITEM0045,2,1530.00,595.53,0.00,3060.00
ORD00156025,OI000847582,ITEM0050,1,1910.00,776.26,0.00,1910.00
ORD00156025,OI000847583,ITEM0074,2,1230.00,548.77,0.00,2460.00
ORD00156025,OI000847584,ITEM0113,2,510.00,198.15,0.00,1020.00
ORD00156025,OI000847585,ITEM0148,1,350.00,208.57,0.00,350.00
ORD00156026,OI000847586,ITEM0037,1,2380.00,995.51,0.00,2380.00
ORD00156026,OI000847587,ITEM0050,1,1770.00,776.26,0.00,1770.00
ORD00156026,OI000847588,ITEM0074,1,1230.00,548.77,0.00,1230.00
ORD00156026,OI000847589,ITEM0108,1,1800.00,648.55,0.00,1800.00
ORD00156027,OI000847590,ITEM0023,1,470.00,200.14,0.00,470.00
ORD00156027,OI000847591,ITEM0054,1,1330.00,424.10,0.00,1330.00
ORD00156027,OI000847592,ITEM0055,1,750.00,235.61,0.00,750.00
ORD00156028,OI000847593,ITEM0045,1,1530.00,595.53,0.00,1530.00
ORD00156028,OI000847594,ITEM0068,2,680.00,470.19,0.00,1360.00
ORD00156028,OI000847595,ITEM0073,1,850.00,331.31,0.00,850.00
ORD00156028,OI000847596,ITEM0086,1,1380.00,560.08,0.00,1380.00
ORD00156028,OI000847597,ITEM0113,1,510.00,198.15,0.00,510.00
ORD00156029,OI000847598,ITEM0041,3,1310.00,515.58,0.00,3930.00
ORD00156029,OI000847599,ITEM0057,1,690.00,468.22,0.00,690.00
ORD00156029,OI000847600,ITEM0113,1,510.00,198.15,0.00,510.00
ORD00156030,OI000847601,ITEM0014,2,490.00,180.01,0.00,980.00
ORD00156030,OI000847602,ITEM0040,2,750.00,267.75,0.00,1500.00
ORD00156030,OI000847603,ITEM0048,2,1520.00,597.64,0.00,3040.00
ORD00156030,OI000847604,ITEM0054,2,1330.00,424.10,0.00,2660.00
ORD00156030,OI000847605,ITEM0055,1,750.00,235.61,0.00,750.00
ORD00156030,OI000847606,ITEM0057,1,690.00,468.22,0.00,690.00
ORD00156030,OI000847607,ITEM0068,2,680.00,470.19,0.00,1360.00
ORD00156030,OI000847608,ITEM0075,2,630.00,269.61,0.00,1260.00
ORD00156030,OI000847609,ITEM0139,1,410.00,69.54,0.00,410.00
ORD00156030,OI000847610,ITEM0153,4,40.00,16.47,0.00,160.00
ORD00156031,OI000847611,ITEM0045,1,1530.00,595.53,0.00,1530.00
ORD00156031,OI000847612,ITEM0048,1,1520.00,597.64,0.00,1520.00
ORD00156031,OI000847613,ITEM0068,2,680.00,470.19,0.00,1360.00
ORD00156031,OI000847614,ITEM0124,2,190.00,131.48,0.00,380.00
ORD00156032,OI000847615,ITEM0047,1,1780.00,627.28,0.00,1780.00
ORD00156032,OI000847616,,1,1440.00,424.10,0.00,1440.00
ORD00156032,OI000847617,ITEM0132,3,410.00,163.26,0.00,1230.00
ORD00156032,OI000847618,ITEM0148,1,350.00,208.57,0.00,350.00
ORD00156032,OI000847619,ITEM0151,1,70.00,45.19,0.00,70.00
ORD00156033,OI000847620,ITEM0049,4,2660.00,1132.57,0.00,10640.00
ORD00156033,OI000847621,ITEM0054,2,1330.00,424.10,0.00,2660.00
ORD00156033,OI000847622,ITEM0068,2,680.00,470.19,0.00,1360.00
ORD00156033,OI000847623,ITEM0113,4,510.00,198.15,0.00,2040.00
ORD00156033,OI000847624,ITEM0147,1,480.00,154.20,0.00,480.00
ORD00156034,OI000847625,ITEM0055,1,750.00,235.61,0.00,750.00
ORD00156034,OI000847626,ITEM0057,2,690.00,468.22,0.00,1380.00
ORD00156034,OI000847627,ITEM0127,1,500.00,76.86,0.00,500.00
ORD00156034,OI000847628,ITEM0134,3,165.00,108.74,0.00,495.00
ORD00156034,OI000847629,ITEM0151,7,65.00,45.19,0.00,455.00
ORD00156034,OI000847630,ITEM0156,2,130.00,48.41,0.00,260.00
ORD00156035,OI000847631,ITEM0002,1,215.00,75.87,0.00,215.00
ORD00156035,OI000847632,ITEM0041,2,1310.00,515.58,0.00,2620.00
ORD00156035,OI000847633,ITEM0057,1,690.00,468.22,0.00,690.00
ORD00156035,OI000847634,ITEM0076,2,750.00,294.74,0.00,1500.00
ORD00156035,OI000847635,ITEM0121,1,370.00,125.92,0.00,370.00
ORD00156035,OI000847636,ITEM0137,2,310.00,112.52,0.00,620.00
ORD00156036,OI000847637,ITEM0070,1,1330.00,627.42,399.00,931.00
ORD00156036,OI000847638,ITEM0087,1,3170.00,1492.61,951.00,2219.00
ORD00156036,OI000847639,ITEM0097,1,1080.00,539.54,0.00,1080.00
ORD00156036,OI000847640,ITEM0155,3,220.00,95.85,198.00,462.00
ORD00156037,OI000847641,ITEM0045,1,1530.00,595.53,0.00,1530.00
ORD00156037,OI000847642,ITEM0089,2,2070.00,892.05,0.00,4140.00
ORD00156037,OI000847643,ITEM0099,1,1300.00,471.54,0.00,1300.00
ORD00156037,OI000847644,ITEM0141,2,510.00,166.18,0.00,1020.00
ORD00156037,OI000847645,ITEM0154,2,370.00,126.03,0.00,740.00
ORD00156038,OI000847646,ITEM0091,1,1920.00,724.96,0.00,1920.00
ORD00156038,OI000847647,ITEM0113,1,510.00,198.15,0.00,510.00
ORD00156038,OI000847648,ITEM0143,1,470.00,187.60,0.00,470.00
ORD00156038,OI000847649,ITEM0154,1,370.00,126.03,0.00,370.00
ORD00156039,OI000847650,ITEM0048,2,1520.00,597.64,0.00,3040.00
ORD00156039,OI000847651,ITEM0064,3,550.00,191.14,0.00,1650.00
ORD00156039,OI000847652,ITEM0091,1,1920.00,724.96,0.00,1920.00
ORD00156039,OI000847653,ITEM0102,2,1520.00,625.27,0.00,3040.00
ORD00156039,OI000847654,ITEM0112,3,310.00,140.73,0.00,930.00
ORD00156039,OI000847655,ITEM0130,2,235.00,91.80,0.00,470.00
ORD00156039,OI000847656,ITEM0154,3,370.00,126.03,0.00,1110.00
ORD00156040,OI000847657,ITEM0046,2,2820.00,1115.76,0.00,5640.00
ORD00156040,OI000847658,ITEM0077,1,680.00,302.29,0.00,680.00
ORD00156040,OI000847659,ITEM0116,1,800.00,142.86,0.00,800.00
ORD00156041,OI000847660,ITEM0050,1,1770.00,776.26,0.00,1770.00
ORD00156041,OI000847661,ITEM0054,1,1330.00,424.10,0.00,1330.00
ORD00156041,OI000847662,ITEM0068,1,680.00,470.19,0.00,680.00
ORD00156041,OI000847663,ITEM0087,1,3170.00,1492.61,951.00,2219.00
ORD00156041,OI000847664,ITEM0147,2,480.00,154.20,288.00,672.00
ORD00156041,OI000847665,ITEM0151,2,65.00,45.19,39.00,91.00
ORD00156042,OI000847666,ITEM0043,2,5110.00,2066.57,0.00,10220.00
ORD00156042,OI000847667,ITEM0068,2,680.00,470.19,0.00,1360.00
ORD00156042,OI000847668,ITEM0072,1,790.00,332.55,0.00,790.00
ORD00156042,OI000847669,ITEM0111,1,280.00,91.26,0.00,280.00
ORD00156042,OI000847670,ITEM0147,2,480.00,154.20,0.00,960.00
ORD00156042,OI000847671,ITEM0148,3,350.00,208.57,0.00,1050.00
ORD00156042,OI000847672,ITEM0154,3,370.00,126.03,0.00,1110.00
ORD00156043,OI000847673,ITEM0079,2,990.00,454.64,0.00,1980.00
ORD00156044,OI000847674,ITEM0032,2,780.00,356.48,0.00,1560.00
ORD00156044,OI000847675,ITEM0061,1,980.00,363.74,0.00,980.00
ORD00156044,OI000847676,ITEM0091,1,1920.00,724.96,0.00,1920.00
ORD00156044,OI000847677,ITEM0151,3,65.00,45.19,0.00,195.00
ORD00156045,OI000847678,ITEM0002,2,215.00,75.87,0.00,430.00
ORD00156045,OI000847679,ITEM0087,1,3170.00,1492.61,0.00,3170.00
ORD00156045,OI000847680,ITEM0148,2,320.00,208.57,0.00,640.00
ORD00156046,OI000847681,ITEM0026,1,570.00,245.78,0.00,570.00
ORD00156046,OI000847682,ITEM0057,-1,690.00,468.22,0.00,690.00
ORD00156046,OI000847683,ITEM0081,1,1510.00,1047.44,0.00,1510.00
ORD00156046,OI000847684,ITEM0128,1,510.00,72.23,0.00,510.00
ORD00156046,OI000847685,ITEM0147,2,480.00,154.20,0.00,960.00
ORD00156047,OI000847686,ITEM0021,1,450.00,184.70,0.00,450.00
ORD00156047,OI000847687,ITEM0056,1,1440.00,468.22,0.00,1440.00
ORD00156047,OI000847688,ITEM0077,4,730.00,302.29,0.00,2920.00
ORD00156047,OI000847689,ITEM0135,1,105.00,69.46,0.00,105.00
ORD00156047,OI000847690,ITEM0138,2,265.00,113.51,0.00,530.00
ORD00156047,OI000847691,ITEM0152,1,100.00,40.74,0.00,100.00
ORD00156047,OI000847692,ITEM0156,2,130.00,48.41,0.00,260.00
ORD00156048,OI000847693,ITEM0138,1,265.00,113.51,0.00,265.00
ORD00156049,OI000847694,ITEM0029,2,950.00,312.12,0.00,1900.00
ORD00156049,OI000847695,ITEM0032,2,780.00,356.48,0.00,1560.00
ORD00156049,OI000847696,ITEM0081,2,1510.00,1047.44,0.00,3020.00
ORD00156049,OI000847697,ITEM0138,2,265.00,113.51,0.00,530.00
ORD00156049,OI000847698,ITEM0151,1,65.00,45.19,0.00,65.00
ORD00156050,OI000847699,ITEM0048,1,1520.00,597.64,0.00,1520.00
ORD00156050,OI000847700,ITEM0049,1,2660.00,1132.57,0.00,2660.00
ORD00156050,OI000847701,ITEM0077,1,680.00,302.29,0.00,680.00
ORD00156050,OI000847702,ITEM0124,2,190.00,131.48,0.00,380.00
ORD00156050,OI000847703,ITEM0134,1,165.00,108.74,0.00,165.00
ORD00156050,OI000847704,ITEM0145,2,370.00,151.19,0.00,740.00
ORD00156051,OI000847705,ITEM0033,1,940.00,306.02,0.00,940.00
ORD00156051,OI000847706,ITEM0081,1,1510.00,1047.44,0.00,1510.00
ORD00156051,OI000847707,ITEM0157,3,800.00,322.21,720.00,1680.00
ORD00156051,OI000847708,ITEM0160,3,105.00,47.30,94.50,220.50
ORD00156052,OI000847709,ITEM0045,3,1530.00,595.53,0.00,4590.00
ORD00156052,OI000847710,ITEM0087,1,3170.00,1492.61,951.00,2219.00
ORD00156052,OI000847711,ITEM0135,1,105.00,69.46,31.50,73.50
ORD00156052,OI000847712,ITEM0148,1,320.00,208.57,96.00,224.00
ORD00156052,OI000847713,ITEM0151,7,65.00,45.19,136.50,318.50
ORD00156053,OI000847714,ITEM0013,1,400.00,179.48,0.00,400.00
ORD00156053,OI000847715,ITEM0043,1,5110.00,2066.57,0.00,5110.00
ORD00156053,OI000847716,ITEM0045,1,1530.00,595.53,0.00,1530.00
ORD00156053,OI000847717,ITEM0057,1,690.00,468.22,0.00,690.00
ORD00156053,OI000847718,ITEM0064,2,550.00,191.14,0.00,1100.00
ORD00156053,OI000847719,ITEM0071,2,770.00,267.43,0.00,1540.00
ORD00156053,OI000847720,ITEM0129,3,600.00,188.49,0.00,1800.00
ORD00156053,OI000847721,ITEM0148,2,350.00,208.57,0.00,700.00
ORD00156053,OI000847722,ITEM0154,2,370.00,126.03,0.00,740.00
ORD00156054,OI000847723,ITEM0038,2,1200.00,510.66,0.00,2400.00
ORD00156054,OI000847724,ITEM0043,2,5110.00,2066.57,0.00,10220.00
ORD00156054,OI000847725,ITEM0066,1,950.00,343.77,0.00,950.00
ORD00156054,OI000847726,ITEM0078,1,1250.00,560.33,0.00,1250.00
ORD00156054,OI000847726,ITEM0078,1,1250.00,560.33,0.00,1250.00
ORD00156054,OI000847727,ITEM0111,1,260.00,91.26,0.00,260.00
ORD00156054,OI000847728,ITEM0121,1,370.00,125.92,0.00,370.00
ORD00156054,OI000847729,ITEM0160,3,105.00,47.30,0.00,315.00
ORD00156055,OI000847730,ITEM0141,2,510.00,166.18,0.00,1020.00
ORD00156056,OI000847731,ITEM0045,2,1530.00,595.53,0.00,3060.00
ORD00156056,OI000847732,ITEM0068,1,680.00,470.19,0.00,680.00
ORD00156056,OI000847733,ITEM0081,1,1510.00,1047.44,0.00,1510.00
ORD00156056,OI000847734,ITEM0134,3,165.00,108.74,148.50,346.50
ORD00156056,OI000847735,ITEM0147,2,480.00,154.20,288.00,672.00
ORD00156057,OI000847736,ITEM0020,2,810.00,323.82,0.00,1620.00
ORD00156057,OI000847737,ITEM0052,2,800.00,314.45,0.00,1600.00
ORD00156057,OI000847738,ITEM0062,1,670.00,350.53,0.00,670.00
ORD00156057,OI000847739,ITEM0070,1,1330.00,627.42,0.00,1330.00
ORD00156057,OI000847740,ITEM0082,3,2000.00,707.81,0.00,6000.00
ORD00156057,OI000847741,ITEM0138,1,265.00,113.51,0.00,265.00
ORD00156058,OI000847742,ITEM0043,1,5110.00,2066.57,0.00,5110.00
ORD00156058,OI000847743,ITEM0062,1,670.00,350.53,0.00,670.00
ORD00156058,OI000847744,ITEM0068,2,680.00,470.19,0.00,1360.00
ORD00156058,OI000847745,ITEM0102,1,1410.00,625.27,0.00,1410.00
ORD00156058,OI000847746,ITEM0151,1,65.00,45.19,19.50,45.50
ORD00156058,OI000847747,ITEM0154,5,370.00,126.03,555.00,1295.00
ORD00156059,OI000847748,ITEM0002,1,215.00,75.87,0.00,215.00
ORD00156059,OI000847749,ITEM0004,1,590.00,220.14,0.00,590.00
ORD00156059,OI000847750,ITEM0040,1,750.00,267.75,0.00,750.00
ORD00156059,OI000847751,ITEM0041,1,1310.00,515.58,0.00,1310.00
ORD00156059,OI000847752,ITEM0045,1,1530.00,595.53,0.00,1530.00
ORD00156059,OI000847753,ITEM0070,1,1330.00,627.42,0.00,1330.00
ORD00156060,OI000847754,ITEM0003,1,380.00,142.17,0.00,380.00
ORD00156060,OI000847755,ITEM0005,1,420.00,149.00,0.00,420.00
ORD00156060,OI000847756,ITEM0016,1,560.00,210.83,0.00,560.00
ORD00156060,OI000847757,,1,810.00,323.82,0.00,810.00
ORD00156060,OI000847758,ITEM0113,1,510.00,198.15,0.00,510.00
ORD00156060,OI000847759,ITEM0143,3,470.00,187.60,0.00,1410.00
ORD00156060,OI000847760,ITEM0147,2,480.00,154.20,0.00,960.00
ORD00156061,OI000847761,ITEM0020,1,810.00,323.82,0.00,810.00
ORD00156061,OI000847762,ITEM0066,2,950.00,343.77,0.00,1900.00
ORD00156061,OI000847763,ITEM0081,1,1510.00,1047.44,0.00,1510.00
ORD00156061,OI000847764,ITEM0135,2,105.00,69.46,0.00,210.00
ORD00156061,OI000847765,ITEM0160,2,105.00,47.30,0.00,210.00
ORD00156062,OI000847766,ITEM0010,1,1390.00,568.66,0.00,1390.00
ORD00156062,OI000847766,ITEM0010,1,1390.00,568.66,0.00,1390.00
ORD00156062,OI000847767,ITEM0027,1,420.00,144.90,0.00,420.00
ORD00156062,OI000847768,ITEM0044,1,1480.00,512.67,0.00,1480.00
ORD00156062,OI000847769,ITEM0072,1,790.00,332.55,0.00,790.00
ORD00156062,OI000847770,ITEM0147,2,480.00,154.20,0.00,960.00
ORD00156063,OI000847771,ITEM0045,1,1530.00,595.53,0.00,1530.00
ORD00156063,OI000847772,ITEM0082,1,2000.00,707.81,0.00,2000.00
ORD00156063,OI000847773,ITEM0098,2,1220.00,521.65,0.00,2440.00
ORD00156063,OI000847774,ITEM0102,1,1410.00,625.27,0.00,1410.00
ORD00156063,OI000847775,ITEM0113,1,510.00,198.15,0.00,510.00
ORD00156063,OI000847776,ITEM0128,1,510.00,72.23,0.00,510.00
ORD00156063,OI000847777,ITEM0148,4,320.00,208.57,0.00,1280.00
ORD00156064,OI000847778,ITEM0014,1,490.00,180.01,0.00,490.00
ORD00156064,OI000847779,ITEM0017,1,680.00,292.31,0.00,680.00
ORD00156064,OI000847780,ITEM0018,1,620.00,236.34,0.00,620.00
ORD00156064,OI000847781,ITEM0062,3,670.00,350.53,0.00,2010.00
ORD00156064,OI000847782,ITEM0147,4,480.00,154.20,576.00,1344.00
ORD00156064,OI000847783,ITEM0151,4,70.00,45.19,84.00,196.00
ORD00156064,OI000847784,ITEM0155,3,220.00,95.85,198.00,462.00
ORD00156065,OI000847785,ITEM0077,4,680.00,302.29,0.00,2720.00
ORD00156065,OI000847786,ITEM0134,2,165.00,108.74,0.00,330.00
ORD00156066,OI000847787,ITEM0065,1,1360.00,503.63,0.00,1360.00
ORD00156066,OI000847788,ITEM0085,2,1630.00,650.03,0.00,3260.00
ORD00156066,OI000847789,ITEM0150,2,130.00,50.35,0.00,260.00
ORD00156066,OI000847790,ITEM0152,1,100.00,40.74,0.00,100.00
ORD00156067,OI000847791,ITEM0042,1,5470.00,2596.95,1641.00,3829.00
ORD00156067,OI000847792,ITEM0068,1,680.00,470.19,0.00,680.00
ORD00156067,OI000847793,ITEM0135,3,105.00,69.46,94.50,220.50
ORD00156067,OI000847794,ITEM0147,2,480.00,154.20,288.00,672.00
ORD00156068,OI000847795,ITEM0055,4,750.00,235.61,0.00,3000.00
ORD00156068,OI000847796,ITEM0078,2,1250.00,560.33,0.00,2500.00
ORD00156068,OI000847797,ITEM0134,2,165.00,108.74,0.00,330.00
ORD00156068,OI000847798,ITEM0141,2,510.00,166.18,0.00,1020.00
ORD00156068,OI000847799,ITEM0157,7,800.00,322.21,0.00,5600.00
ORD00156069,OI000847800,ITEM0071,2,710.00,267.43,0.00,1420.00
ORD00156069,OI000847801,ITEM0090,1,1910.00,682.77,0.00,1910.00
ORD00156069,OI000847802,ITEM0101,4,1230.00,414.61,0.00,4920.00
ORD00156069,OI000847803,ITEM0121,3,370.00,125.92,0.00,1110.00
ORD00156070,OI000847804,ITEM0066,5,950.00,343.77,0.00,4750.00
ORD00156071,OI000847805,ITEM0099,6,1300.00,471.54,0.00,7800.00
ORD00156071,OI000847806,ITEM0126,2,160.00,72.53,0.00,320.00
ORD00156071,OI000847807,ITEM0129,1,600.00,188.49,0.00,600.00
ORD00156071,OI000847808,ITEM0145,1,370.00,151.19,0.00,370.00
ORD00156071,OI000847809,ITEM0153,2,40.00,16.47,0.00,80.00
ORD00156071,OI000847810,ITEM0157,4,800.00,322.21,0.00,3200.00
ORD00156072,OI000847811,ITEM0012,1,900.00,402.60,0.00,900.00
ORD00156072,OI000847812,ITEM0019,1,390.00,154.84,0.00,390.00
ORD00156072,OI000847813,ITEM0068,2,680.00,470.19,0.00,1360.00
ORD00156072,OI000847814,ITEM0082,3,2000.00,707.81,0.00,6000.00
ORD00156072,OI000847815,ITEM0148,3,350.00,208.57,0.00,1050.00
ORD00156073,OI000847816,ITEM0039,1,980.00,450.35,0.00,980.00
ORD00156073,OI000847817,ITEM0046,1,2820.00,1115.76,0.00,2820.00
ORD00156073,OI000847818,ITEM0048,1,1520.00,597.64,0.00,1520.00
ORD00156073,OI000847819,ITEM0070,1,1330.00,627.42,0.00,1330.00
ORD00156073,OI000847820,ITEM0072,1,790.00,332.55,0.00,790.00
ORD00156073,OI000847821,ITEM0106,1,4170.00,1825.61,0.00,4170.00
ORD00156073,OI000847822,ITEM0113,1,510.00,198.15,0.00,510.00
ORD00156073,OI000847823,ITEM0125,1,320.00,124.33,0.00,320.00
ORD00156074,OI000847824,ITEM0064,1,550.00,191.14,0.00,550.00
ORD00156074,OI000847825,ITEM0113,1,510.00,198.15,0.00,510.00
ORD00156074,OI000847826,ITEM0138,1,265.00,113.51,0.00,265.00
ORD00156075,OI000847827,ITEM0068,1,680.00,470.19,0.00,680.00
ORD00156075,OI000847828,ITEM0113,1,510.00,198.15,0.00,510.00
ORD00156075,OI000847829,ITEM0125,3,320.00,124.33,0.00,960.00
ORD00156075,OI000847830,ITEM0132,4,410.00,163.26,0.00,1640.00
ORD00156075,OI000847831,ITEM0134,5,165.00,108.74,0.00,825.00
ORD00156075,OI000847832,ITEM0135,2,105.00,69.46,0.00,210.00
ORD00156075,OI000847833,ITEM0151,2,65.00,45.19,0.00,130.00
ORD00156076,OI000847834,ITEM0041,1,1310.00,515.58,0.00,1310.00
ORD00156076,OI000847835,ITEM0049,2,2660.00,1132.57,0.00,5320.00
ORD00156076,OI000847836,ITEM0081,6,1510.00,1047.44,0.00,9060.00
ORD00156076,OI000847837,ITEM0091,1,1920.00,724.96,0.00,1920.00
ORD00156076,OI000847838,ITEM0134,3,165.00,108.74,0.00,495.00
ORD00156076,OI000847839,ITEM0141,1,510.00,166.18,0.00,510.00
ORD00156076,OI000847840,ITEM0143,4,470.00,187.60,0.00,1880.00
ORD00156077,OI000847842,ITEM0005,1,420.00,149.00,0.00,420.00
ORD00156077,OI000847843,ITEM0014,1,490.00,180.01,0.00,490.00
ORD00156077,OI000847844,ITEM0081,2,1510.00,1047.44,0.00,3020.00
ORD00156077,OI000847845,ITEM0113,1,510.00,198.15,0.00,510.00
ORD00156077,OI000847846,ITEM0123,1,310.00,138.90,0.00,310.00
ORD00156078,OI000847847,ITEM0002,1,215.00,75.87,0.00,215.00
ORD00156078,OI000847848,ITEM0020,1,810.00,323.82,0.00,810.00
ORD00156078,OI000847849,ITEM0040,2,750.00,267.75,0.00,1500.00
ORD00156078,OI000847850,ITEM0055,1,750.00,235.61,0.00,750.00
ORD00156078,OI000847851,ITEM0135,1,105.00,69.46,0.00,105.00
ORD00156078,OI000847852,ITEM0157,5,800.00,322.21,0.00,4000.00
ORD00156079,OI000847853,ITEM0032,1,780.00,356.48,0.00,780.00
ORD00156079,OI000847854,ITEM0067,4,320.00,108.16,0.00,1280.00
ORD00156079,OI000847855,ITEM0136,1,480.00,175.82,144.00,336.00
ORD00156079,OI000847856,ITEM0145,4,370.00,151.19,444.00,1036.00
ORD00156079,OI000847857,ITEM0148,4,320.00,208.57,384.00,896.00
ORD00156079,OI000847858,ITEM0151,1,65.00,45.19,19.50,45.50
ORD00156079,OI000847859,ITEM0157,2,800.00,322.21,480.00,1120.00
ORD00156080,OI000847860,ITEM0020,1,810.00,323.82,0.00,810.00
ORD00156080,OI000847861,ITEM0055,4,750.00,235.61,0.00,3000.00
ORD00156080,OI000847862,ITEM0061,1,980.00,363.74,0.00,980.00
ORD00156080,OI000847863,ITEM0123,1,310.00,138.90,0.00,310.00
ORD00156080,OI000847864,ITEM0134,4,165.00,108.74,0.00,660.00
ORD00156081,OI000847865,ITEM0041,2,1310.00,515.58,0.00,2620.00
ORD00156081,OI000847866,ITEM0055,2,750.00,235.61,0.00,1500.00
ORD00156081,OI000847867,ITEM0088,1,1710.00,651.22,0.00,1710.00
ORD00156081,OI000847868,ITEM0148,1,320.00,208.57,0.00,320.00
ORD00156082,OI000847869,ITEM0145,1,370.00,151.19,0.00,370.00
ORD00156082,OI000847870,ITEM0151,1,65.00,45.19,0.00,65.00
ORD00156083,OI000847871,ITEM3889,1,560.00,210.83,0.00,560.00
ORD00156083,OI000847872,ITEM0054,1,1330.00,424.10,0.00,1330.00
ORD00156083,OI000847873,ITEM0090,1,1910.00,682.77,0.00,1910.00
ORD00156083,OI000847874,ITEM0091,1,1920.00,724.96,0.00,1920.00
ORD00156083,OI000847875,ITEM0134,1,165.00,108.74,49.50,115.50
ORD00156083,OI000847876,ITEM0143,1,470.00,187.60,141.00,329.00
ORD00156084,OI000847877,ITEM0002,1,215.00,75.87,0.00,215.00
ORD00156084,OI000847878,ITEM0045,1,1530.00,595.53,0.00,1530.00
ORD00156084,OI000847879,ITEM0148,2,320.00,208.57,0.00,640.00
ORD00156085,OI000847880,ITEM0062,8,670.00,350.53,0.00,5360.00
ORD00156085,OI000847881,ITEM0064,1,550.00,191.14,0.00,550.00
ORD00156085,OI000847883,ITEM0151,9,65.00,45.19,0.00,585.00
ORD00156085,OI000847884,ITEM0154,1,370.00,126.03,0.00,370.00
ORD00156085,OI000847884,ITEM0154,1,370.00,126.03,0.00,370.00
ORD00156086,OI000847885,ITEM0009,2,490.00,185.03,0.00,980.00
ORD00156086,OI000847886,ITEM0033,1,940.00,306.02,0.00,940.00
ORD00156086,OI000847887,ITEM0056,2,1440.00,468.22,0.00,2880.00
ORD00156086,OI000847888,ITEM0057,1,690.00,468.22,0.00,690.00
ORD00156086,OI000847889,ITEM0062,2,670.00,350.53,0.00,1340.00
ORD00156086,OI000847890,ITEM0070,1,1330.00,627.42,399.00,931.00
ORD00156086,OI000847891,ITEM0141,2,510.00,166.18,306.00,714.00
ORD00156086,OI000847892,ITEM0147,1,480.00,154.20,144.00,336.00
ORD00156086,OI000847893,ITEM0157,4,800.00,322.21,960.00,2240.00
ORD00156087,OI000847894,ITEM0032,1,780.00,356.48,0.00,780.00
ORD00156087,OI000847895,ITEM0036,1,840.00,338.10,0.00,840.00
ORD00156087,OI000847896,ITEM0041,2,1310.00,515.58,0.00,2620.00
ORD00156087,OI000847897,ITEM0050,1,1770.00,776.26,0.00,1770.00
ORD00156087,OI000847898,ITEM0054,1,1330.00,424.10,0.00,1330.00
ORD00156087,OI000847899,ITEM0086,2,1380.00,560.08,0.00,2760.00
ORD00156087,OI000847900,ITEM0116,2,800.00,142.86,0.00,1600.00
ORD00156088,OI000847901,ITEM0051,1,680.00,266.66,0.00,680.00
ORD00156088,OI000847902,ITEM0066,2,950.00,343.77,0.00,1900.00
ORD00156088,OI000847903,ITEM0067,1,320.00,108.16,0.00,320.00
ORD00156088,OI000847904,ITEM0126,2,160.00,72.53,0.00,320.00
ORD00156088,OI000847905,ITEM0147,2,480.00,154.20,0.00,960.00
ORD00156088,OI000847906,ITEM0152,4,100.00,40.74,0.00,400.00
ORD00156089,OI000847907,ITEM0019,1,390.00,154.84,0.00,390.00
ORD00156089,OI000847908,ITEM0055,1,750.00,235.61,0.00,750.00
ORD00156089,OI000847909,ITEM0133,1,180.00,78.35,0.00,180.00
ORD00156089,OI000847910,ITEM0148,1,350.00,208.57,0.00,350.00
ORD00156090,OI000847911,ITEM0034,2,1220.00,445.69,0.00,2440.00
ORD00156090,OI000847912,ITEM0036,1,840.00,338.10,0.00,840.00
ORD00156090,OI000847913,ITEM0041,1,1310.00,515.58,0.00,1310.00
ORD00156090,OI000847914,ITEM0045,1,1530.00,595.53,0.00,1530.00
ORD00156090,OI000847915,ITEM0081,1,1510.00,1047.44,0.00,1510.00
ORD00156090,OI000847916,ITEM0134,6,165.00,108.74,0.00,990.00
ORD00156090,OI000847917,ITEM0157,2,800.00,322.21,0.00,1600.00
ORD00156091,OI000847918,ITEM0060,1,900.00,333.17,0.00,900.00
ORD00156091,OI000847919,ITEM0062,-2,670.00,350.53,0.00,1340.00
ORD00156091,OI000847920,ITEM0152,2,100.00,40.74,0.00,200.00
ORD00156092,OI000847921,ITEM0003,1,380.00,142.17,0.00,380.00
ORD00156092,OI000847922,ITEM0019,1,360.00,154.84,0.00,360.00
ORD00156093,OI000847923,ITEM0042,1,5470.00,2596.95,1641.00,3829.00
ORD00156093,OI000847924,ITEM0045,1,1530.00,595.53,0.00,1530.00
ORD00156093,OI000847925,ITEM0077,1,680.00,302.29,0.00,680.00
ORD00156093,OI000847926,ITEM0087,1,3170.00,1492.61,951.00,2219.00
ORD00156093,OI000847927,ITEM0143,3,470.00,187.60,423.00,987.00
ORD00156094,OI000847928,ITEM0004,1,590.00,220.14,0.00,590.00
ORD00156094,OI000847929,ITEM0013,1,400.00,179.48,0.00,400.00
ORD00156094,OI000847930,ITEM0045,1,1530.00,595.53,0.00,1530.00
ORD00156094,OI000847931,ITEM0109,1,1500.00,513.48,0.00,1500.00
ORD00156094,OI000847932,ITEM0146,2,610.00,207.34,0.00,1220.00
ORD00156095,OI000847934,ITEM0023,1,470.00,200.14,0.00,470.00
ORD00156095,OI000847935,ITEM0055,1,750.00,235.61,0.00,750.00
ORD00156095,OI000847936,ITEM0157,2,800.00,322.21,0.00,1600.00
ORD00156096,OI000847937,ITEM0023,2,470.00,200.14,0.00,940.00
ORD00156096,OI000847938,ITEM0042,1,5470.00,2596.95,1641.00,3829.00
ORD00156096,OI000847939,ITEM0065,1,1360.00,503.63,0.00,1360.00
ORD00156096,OI000847940,ITEM0102,1,1410.00,625.27,0.00,1410.00
ORD00156096,OI000847941,ITEM0117,1,930.00,145.29,0.00,930.00
ORD00156096,OI000847942,ITEM0150,3,130.00,50.35,117.00,273.00
ORD00156096,OI000847943,ITEM0157,4,800.00,322.21,960.00,2240.00
ORD00156097,OI000847944,ITEM0001,1,270.00,95.57,0.00,270.00
ORD00156097,OI000847945,ITEM0053,1,1360.00,605.77,0.00,1360.00
ORD00156097,OI000847946,ITEM0076,1,750.00,294.74,0.00,750.00
ORD00156097,OI000847947,ITEM0128,1,510.00,72.23,0.00,510.00
ORD00156097,OI000847948,ITEM0153,3,40.00,16.47,0.00,120.00
ORD00156098,OI000847949,ITEM0054,1,1440.00,424.10,0.00,1440.00
ORD00156098,OI000847950,ITEM0057,1,690.00,468.22,0.00,690.00
ORD00156098,OI000847951,ITEM0069,2,1180.00,407.68,0.00,2360.00
ORD00156098,OI000847952,ITEM0070,1,1330.00,627.42,0.00,1330.00
ORD00156098,OI000847953,ITEM0091,1,1920.00,724.96,0.00,1920.00
ORD00156098,OI000847954,ITEM0129,1,600.00,188.49,0.00,600.00
ORD00156098,OI000847955,ITEM0135,2,105.00,69.46,0.00,210.00
ORD00156099,OI000847956,ITEM0035,2,1000.00,418.08,0.00,2000.00
ORD00156099,OI000847957,ITEM0054,1,1440.00,424.10,0.00,1440.00
ORD00156099,OI000847958,ITEM0056,1,1440.00,468.22,0.00,1440.00
ORD00156100,OI000847959,ITEM0004,1,590.00,220.14,0.00,590.00
ORD00156100,OI000847960,ITEM0048,1,1520.00,597.64,0.00,1520.00
ORD00156100,OI000847961,ITEM0055,1,750.00,235.61,0.00,750.00
ORD00156100,OI000847962,ITEM0091,1,1920.00,724.96,0.00,1920.00
ORD00156100,OI000847963,ITEM0098,1,1220.00,521.65,0.00,1220.00
ORD00156100,OI000847964,ITEM0151,2,70.00,45.19,0.00,140.00
ORD00156101,OI000847965,ITEM0042,1,5470.00,2596.95,1641.00,3829.00
ORD00156101,OI000847966,ITEM0043,1,5110.00,2066.57,0.00,5110.00
ORD00156101,OI000847967,ITEM0047,1,1780.00,627.28,0.00,1780.00
ORD00156101,OI000847968,ITEM0112,1,310.00,140.73,0.00,310.00
ORD00156101,OI000847969,ITEM0143,1,470.00,187.60,141.00,329.00
ORD00156101,OI000847970,ITEM0145,2,370.00,151.19,222.00,518.00
ORD00156102,OI000847971,ITEM0068,3,680.00,470.19,0.00,2040.00
ORD00156102,OI000847972,ITEM0148,6,320.00,208.57,0.00,1920.00
ORD00156103,OI000847973,ITEM0041,1,1310.00,515.58,0.00,1310.00
ORD00156103,OI000847974,ITEM0067,1,320.00,108.16,0.00,320.00
ORD00156103,OI000847975,ITEM0086,2,1380.00,560.08,0.00,2760.00
ORD00156103,OI000847976,ITEM0143,1,470.00,187.60,0.00,470.00
ORD00156104,OI000847977,ITEM0103,1,3090.00,1298.00,0.00,3090.00
ORD00156104,OI000847978,ITEM0113,1,510.00,198.15,0.00,510.00
ORD00156104,OI000847979,ITEM0136,3,480.00,175.82,0.00,1440.00
ORD00156104,OI000847980,ITEM0147,3,480.00,154.20,0.00,1440.00
ORD00156104,OI000847981,ITEM0148,1,320.00,208.57,0.00,320.00
ORD00156105,OI000847982,ITEM0023,1,470.00,200.14,0.00,470.00
ORD00156105,OI000847983,ITEM0036,2,840.00,338.10,0.00,1680.00
ORD00156105,OI000847984,ITEM0071,1,710.00,267.43,0.00,710.00
ORD00156105,OI000847985,ITEM0106,1,4170.00,1825.61,0.00,4170.00
ORD00156105,OI000847986,ITEM0119,1,470.00,169.51,0.00,470.00
ORD00156105,OI000847987,ITEM0143,3,470.00,187.60,0.00,1410.00
ORD00156105,OI000847988,ITEM0154,3,370.00,126.03,0.00,1110.00
ORD00156105,OI000847989,ITEM0155,3,220.00,95.85,0.00,660.00
ORD00156106,OI000847990,ITEM0041,2,1310.00,515.58,0.00,2620.00
ORD00156106,OI000847991,ITEM0081,3,1510.00,1047.44,0.00,4530.00
ORD00156106,OI000847992,ITEM0134,1,165.00,108.74,0.00,165.00
ORD00156106,OI000847993,ITEM0141,1,510.00,166.18,0.00,510.00
ORD00156106,OI000847994,ITEM0143,1,470.00,187.60,0.00,470.00
ORD00156106,OI000847995,ITEM0148,2,320.00,208.57,0.00,640.00
ORD00156106,OI000847996,ITEM0156,3,130.00,48.41,0.00,390.00
ORD00156107,OI000847997,ITEM0023,1,470.00,200.14,0.00,470.00
ORD00156107,OI000847998,ITEM0034,1,1220.00,445.69,0.00,1220.00
ORD00156107,OI000847999,ITEM0053,1,1360.00,605.77,0.00,1360.00
ORD00156107,OI000848000,ITEM0061,2,980.00,363.74,0.00,1960.00
ORD00156107,OI000848001,ITEM0102,1,1410.00,625.27,0.00,1410.00
ORD00156107,OI000848002,ITEM0109,1,1500.00,513.48,0.00,1500.00
ORD00156107,OI000848003,ITEM0129,1,600.00,188.49,0.00,600.00
ORD00156107,OI000848004,ITEM0135,2,105.00,69.46,0.00,210.00
ORD00156108,OI000848005,ITEM0066,2,950.00,343.77,0.00,1900.00
ORD00156108,OI000848006,ITEM0113,2,510.00,198.15,0.00,1020.00
ORD00156108,OI000848007,ITEM0132,2,410.00,163.26,0.00,820.00
ORD00156108,OI000848008,ITEM0135,6,105.00,69.46,189.00,441.00
ORD00156108,OI000848009,ITEM0148,2,320.00,208.57,192.00,448.00
ORD00156108,OI000848010,ITEM0155,1,220.00,95.85,66.00,154.00
ORD00156109,OI000848011,ITEM0068,1,680.00,470.19,0.00,680.00
ORD00156109,OI000848012,ITEM0070,1,1330.00,627.42,0.00,1330.00
ORD00156109,OI000848013,ITEM0147,3,480.00,154.20,0.00,1440.00
ORD00156110,OI000848014,ITEM0045,1,1530.00,595.53,0.00,1530.00
ORD00156110,OI000848015,ITEM0073,1,850.00,331.31,0.00,850.00
ORD00156110,OI000848016,ITEM0081,1,1510.00,1047.44,0.00,1510.00
ORD00156110,OI000848017,ITEM0099,1,1300.00,471.54,0.00,1300.00
ORD00156111,OI000848018,ITEM0003,1,380.00,142.17,0.00,380.00
ORD00156111,OI000848019,ITEM0012,1,900.00,402.60,0.00,900.00
ORD00156111,OI000848020,ITEM0050,2,1770.00,776.26,0.00,3540.00
ORD00156111,OI000848020,ITEM0050,2,1770.00,776.26,0.00,3540.00
ORD00156111,OI000848021,ITEM0053,1,1360.00,605.77,0.00,1360.00
ORD00156111,OI000848022,ITEM0055,2,750.00,235.61,0.00,1500.00
ORD00156111,OI000848023,ITEM0113,1,510.00,198.15,0.00,510.00
ORD00156111,OI000848024,ITEM0145,2,370.00,151.19,0.00,740.00
ORD00156112,OI000848025,ITEM0057,2,690.00,468.22,0.00,1380.00
ORD00156112,OI000848026,ITEM0085,3,1630.00,650.03,0.00,4890.00
ORD00156113,OI000848027,ITEM0010,1,1390.00,568.66,0.00,1390.00
ORD00156113,OI000848028,ITEM0049,3,2660.00,1132.57,0.00,7980.00
ORD00156113,OI000848028,ITEM0049,3,2660.00,1132.57,0.00,7980.00
ORD00156113,OI000848029,ITEM0088,1,1710.00,651.22,0.00,1710.00
ORD00156113,OI000848030,ITEM0137,2,310.00,112.52,0.00,620.00
ORD00156113,OI000848031,ITEM0148,4,320.00,208.57,0.00,1280.00
ORD00156114,OI000848032,ITEM0038,2,1200.00,510.66,0.00,2400.00
ORD00156114,OI000848033,ITEM0055,2,750.00,235.61,0.00,1500.00
ORD00156114,OI000848034,ITEM0070,1,1330.00,627.42,399.00,931.00
ORD00156114,OI000848035,ITEM0118,2,670.00,333.71,402.00,938.00
ORD00156114,OI000848036,ITEM0143,3,470.00,187.60,423.00,987.00
ORD00156115,OI000848037,ITEM0042,4,5470.00,2596.95,6564.00,15316.00
ORD00156115,OI000848038,ITEM0068,2,680.00,470.19,0.00,1360.00
ORD00156115,OI000848039,ITEM0110,1,1330.00,558.62,0.00,1330.00
ORD00156115,OI000848040,ITEM0134,1,165.00,108.74,49.50,115.50
ORD00156115,OI000848041,ITEM0145,4,370.00,151.19,444.00,1036.00
ORD00156115,OI000848041,ITEM0145,4,370.00,151.19,444.00,1036.00
ORD00156115,OI000848042,ITEM0147,1,480.00,154.20,144.00,336.00
ORD00156116,OI000848043,ITEM0023,1,470.00,200.14,0.00,470.00
ORD00156116,OI000848044,ITEM0048,1,1520.00,597.64,0.00,1520.00
ORD00156116,OI000848045,ITEM0067,1,320.00,108.16,0.00,320.00
ORD00156116,OI000848046,ITEM0084,1,1240.00,425.59,0.00,1240.00
ORD00156116,OI000848047,ITEM0147,2,480.00,154.20,288.00,672.00
ORD00156116,OI000848048,ITEM0153,4,40.00,16.47,48.00,112.00
ORD00156117,OI000848049,ITEM0042,1,5470.00,2596.95,1641.00,3829.00
ORD00156117,OI000848050,ITEM0151,4,65.00,45.19,78.00,182.00
ORD00156118,OI000848051,ITEM0002,1,215.00,75.87,0.00,215.00
ORD00156118,OI000848052,ITEM0046,1,2820.00,1115.76,0.00,2820.00
ORD00156118,OI000848053,ITEM0054,2,1330.00,424.10,0.00,2660.00
ORD00156118,OI000848054,ITEM0055,1,750.00,235.61,0.00,750.00
ORD00156118,OI000848055,ITEM0057,1,690.00,468.22,0.00,690.00
ORD00156119,OI000848056,ITEM0057,2,690.00,468.22,0.00,1380.00
ORD00156119,OI000848057,ITEM0100,1,1260.00,549.26,0.00,1260.00
ORD00156119,OI000848058,ITEM0121,1,370.00,125.92,0.00,370.00
ORD00156119,OI000848059,ITEM0124,3,190.00,131.48,0.00,570.00
ORD00156119,OI000848060,ITEM0147,1,480.00,154.20,0.00,480.00
ORD00156119,OI000848061,ITEM0151,2,65.00,45.19,0.00,130.00
ORD00156120,OI000848062,ITEM0007,1,1570.00,711.90,471.00,1099.00
ORD00156120,OI000848063,ITEM0042,1,5470.00,2596.95,1641.00,3829.00
ORD00156120,OI000848064,ITEM0068,1,680.00,470.19,0.00,680.00
ORD00156120,OI000848065,ITEM0087,1,3420.00,1492.61,1026.00,2394.00
ORD00156120,OI000848066,ITEM0134,1,165.00,108.74,49.50,115.50
ORD00156121,OI000848067,ITEM0020,1,810.00,323.82,0.00,810.00
ORD00156121,OI000848068,ITEM0026,2,570.00,245.78,0.00,1140.00
ORD00156121,OI000848069,ITEM0045,5,1530.00,595.53,0.00,7650.00
ORD00156121,OI000848070,ITEM0055,1,750.00,235.61,0.00,750.00
ORD00156121,OI000848071,ITEM0121,1,400.00,125.92,0.00,400.00
ORD00156122,OI000848072,ITEM0048,2,1520.00,597.64,0.00,3040.00
ORD00156122,OI000848073,ITEM0087,1,3420.00,1492.61,1026.00,2394.00
ORD00156122,OI000848074,ITEM0134,1,165.00,108.74,49.50,115.50
ORD00156122,OI000848075,ITEM0156,3,130.00,48.41,117.00,273.00
ORD00156123,OI000848076,ITEM0081,2,1510.00,1047.44,0.00,3020.00
ORD00156123,OI000848077,ITEM0151,1,65.00,45.19,0.00,65.00
ORD00156123,OI000848077,ITEM0151,1,65.00,45.19,0.00,65.00
ORD00156123,OI000848078,ITEM0157,1,800.00,322.21,0.00,800.00
ORD00156124,OI000848079,ITEM0091,1,1920.00,724.96,0.00,1920.00
ORD00156124,OI000848080,ITEM0138,1,265.00,113.51,79.50,185.50
ORD00156124,OI000848081,ITEM0145,1,370.00,151.19,111.00,259.00
ORD00156124,OI000848082,ITEM0147,3,480.00,154.20,432.00,1008.00
ORD00156125,OI000848083,ITEM0039,2,980.00,450.35,0.00,1960.00
ORD00156125,OI000848084,ITEM0087,2,3170.00,1492.61,1902.00,4438.00
ORD00156125,OI000848085,ITEM0098,1,1220.00,521.65,0.00,1220.00
ORD00156125,OI000848086,ITEM0122,2,690.00,295.82,0.00,1380.00
ORD00156125,OI000848087,ITEM0151,1,65.00,45.19,19.50,45.50
ORD00156126,OI000848088,ITEM0048,1,1520.00,597.64,0.00,1520.00
ORD00156126,OI000848089,ITEM0054,4,1440.00,424.10,0.00,5760.00
ORD00156126,OI000848090,ITEM0113,2,510.00,198.15,0.00,1020.00
ORD00156126,OI000848091,ITEM0124,1,190.00,131.48,0.00,190.00
ORD00156126,OI000848092,ITEM0134,2,165.00,108.74,0.00,330.00
ORD00156127,OI000848093,ITEM0056,2,1440.00,468.22,0.00,2880.00
ORD00156127,OI000848094,ITEM0064,1,550.00,191.14,0.00,550.00
ORD00156127,OI000848095,,1,1380.00,560.08,0.00,1380.00
ORD00156128,OI000848096,ITEM0044,1,1480.00,512.67,0.00,1480.00
ORD00156128,OI000848097,ITEM0113,1,510.00,198.15,0.00,510.00
ORD00156129,OI000848098,ITEM0026,2,570.00,245.78,0.00,1140.00
ORD00156129,OI000848099,ITEM0048,1,1520.00,597.64,0.00,1520.00
ORD00156129,OI000848100,ITEM0049,1,2660.00,1132.57,0.00,2660.00
ORD00156129,OI000848101,ITEM0064,2,550.00,191.14,0.00,1100.00
ORD00156129,OI000848102,ITEM0086,1,1380.00,560.08,0.00,1380.00
ORD00156129,OI000848103,ITEM0113,1,510.00,198.15,0.00,510.00
ORD00156129,OI000848104,ITEM0138,4,265.00,113.51,0.00,1060.00
ORD00156130,OI000848105,ITEM0015,1,520.00,184.59,0.00,520.00
ORD00156130,OI000848106,ITEM0033,3,940.00,306.02,0.00,2820.00
ORD00156130,OI000848107,ITEM0066,4,950.00,343.77,0.00,3800.00
ORD00156130,OI000848108,ITEM0130,1,235.00,91.80,0.00,235.00
ORD00156130,OI000848109,ITEM0139,1,410.00,69.54,0.00,410.00
ORD00156130,OI000848110,ITEM0154,2,370.00,126.03,0.00,740.00
ORD00156130,OI000848111,ITEM0160,3,105.00,47.30,0.00,315.00
ORD00156131,OI000848112,ITEM0066,1,950.00,343.77,0.00,950.00
ORD00156131,OI000848113,,1,1330.00,627.42,0.00,1330.00
ORD00156131,OI000848114,ITEM0118,1,670.00,333.71,0.00,670.00
ORD00156131,OI000848115,ITEM0148,1,320.00,208.57,0.00,320.00
ORD00156131,OI000848116,ITEM0153,2,40.00,16.47,0.00,80.00
ORD00156132,OI000848117,ITEM0068,1,680.00,470.19,0.00,680.00
ORD00156132,OI000848118,ITEM0085,1,1630.00,650.03,0.00,1630.00
ORD00156132,OI000848119,ITEM0091,1,1920.00,724.96,0.00,1920.00
ORD00156132,OI000848120,ITEM0136,2,480.00,175.82,0.00,960.00
ORD00156132,OI000848120,ITEM0136,2,480.00,175.82,0.00,960.00
ORD00156132,OI000848121,ITEM0147,2,480.00,154.20,0.00,960.00
ORD00156133,OI000848122,ITEM0025,1,820.00,334.06,0.00,820.00
ORD00156133,OI000848123,ITEM0049,1,2660.00,1132.57,0.00,2660.00
ORD00156133,OI000848124,ITEM0075,1,630.00,269.61,0.00,630.00
ORD00156133,OI000848125,ITEM0147,1,480.00,154.20,0.00,480.00
ORD00156133,OI000848126,ITEM0151,2,65.00,45.19,0.00,130.00
ORD00156134,OI000848127,ITEM0005,1,420.00,149.00,0.00,420.00
ORD00156134,OI000848128,ITEM0027,1,420.00,144.90,0.00,420.00
