order_id,order_item_id,item_id,quantity,unit_price,unit_cost,discount_amount,line_total
ORD00104564,OI000565916,ITEM0112,1,310.00,140.73,0.00,310.00
ORD00104564,OI000565917,ITEM0134,1,160.00,105.60,0.00,160.00
ORD00104564,OI000565918,ITEM0138,2,270.00,108.52,0.00,540.00
ORD00104565,OI000565919,ITEM0033,1,900.00,299.82,0.00,900.00
ORD00104565,OI000565920,ITEM0057,2,670.00,446.99,0.00,1340.00
ORD00104565,OI000565921,ITEM0132,2,390.00,159.49,0.00,780.00
ORD00104565,OI000565922,ITEM0143,2,460.00,180.93,0.00,920.00
ORD00104565,OI000565923,ITEM0151,7,60.00,43.08,0.00,420.00
ORD00104565,OI000565924,ITEM0157,3,770.00,314.38,0.00,2310.00
ORD00104566,OI000565925,ITEM0003,2,380.00,139.35,0.00,760.00
ORD00104566,OI000565926,,2,440.00,144.90,0.00,880.00
ORD00104566,OI000565927,ITEM0076,1,780.00,281.82,0.00,780.00
ORD00104566,OI000565928,ITEM0113,1,480.00,193.08,0.00,480.00
ORD00104566,OI000565929,ITEM0130,2,240.00,88.41,0.00,480.00
ORD00104566,OI000565930,ITEM0134,3,160.00,105.60,0.00,480.00
ORD00104567,OI000565931,ITEM0028,2,410.00,160.88,0.00,820.00
ORD00104567,OI000565932,ITEM0040,1,730.00,258.94,0.00,730.00
ORD00104567,OI000565933,ITEM0091,2,1850.00,702.28,0.00,3700.00
ORD00104567,OI000565934,ITEM0151,3,65.00,43.08,0.00,195.00
ORD00104568,OI000565935,ITEM0004,2,600.00,214.30,172.66,1027.34
ORD00104568,OI000565936,ITEM0045,1,1530.00,595.53,0.00,1530.00
ORD00104568,OI000565937,ITEM0111,2,260.00,91.26,0.00,520.00
ORD00104568,OI000565938,ITEM0121,1,360.00,121.95,0.00,360.00
ORD00104568,OI000565939,ITEM0124,1,190.00,131.48,27.34,162.66
ORD00104568,OI000565940,ITEM0157,2,770.00,314.38,0.00,1540.00
ORD00104568,OI000565941,ITEM0159,1,460.00,192.62,0.00,460.00
ORD00104569,OI000565942,ITEM0109,2,1500.00,513.48,0.00,3000.00
ORD00104570,OI000565943,ITEM0027,1,440.00,144.90,0.00,440.00
ORD00104570,OI000565944,ITEM0068,1,680.00,470.19,0.00,680.00
ORD00104570,OI000565945,ITEM0148,6,320.00,208.57,0.00,1920.00
ORD00104570,OI000565946,ITEM0157,3,770.00,314.38,0.00,2310.00
ORD00104571,OI000565947,ITEM0004,1,600.00,214.30,78.95,521.05
ORD00104571,OI000565948,ITEM0011,1,920.00,332.30,121.05,798.95
ORD00104572,OI000565949,ITEM0006,1,830.00,296.28,200.00,630.00
ORD00104572,OI000565950,ITEM0046,2,2740.00,1088.75,0.00,5480.00
ORD00104572,OI000565951,ITEM0061,1,1060.00,363.74,0.00,1060.00
ORD00104572,OI000565952,ITEM0066,1,950.00,343.77,0.00,950.00
ORD00104572,OI000565953,ITEM0081,2,1510.00,1047.44,0.00,3020.00
ORD00104572,OI000565954,ITEM0092,2,1410.00,465.66,0.00,2820.00
ORD00104572,OI000565955,ITEM0094,2,1500.00,682.35,0.00,3000.00
ORD00104572,OI000565956,ITEM0112,1,310.00,140.73,0.00,310.00
ORD00104573,OI000565957,ITEM0004,1,600.00,214.30,200.00,400.00
ORD00104573,OI000565958,ITEM0034,1,1220.00,445.69,0.00,1220.00
ORD00104573,OI000565959,ITEM0075,3,630.00,269.61,0.00,1890.00
ORD00104573,OI000565960,ITEM0112,1,310.00,140.73,0.00,310.00
ORD00104573,OI000565961,ITEM0121,3,360.00,121.95,0.00,1080.00
ORD00104573,OI000565962,ITEM0151,3,60.00,43.08,0.00,180.00
ORD00104573,OI000565963,ITEM0152,3,95.00,38.94,0.00,285.00
ORD00104574,OI000565964,ITEM0003,1,380.00,139.35,0.00,380.00
ORD00104574,OI000565965,ITEM8105,1,2310.00,972.25,0.00,2310.00
ORD00104574,OI000565966,ITEM0134,2,160.00,105.60,0.00,320.00
ORD00104574,OI000565967,ITEM0151,1,60.00,43.08,0.00,60.00
ORD00104575,OI000565968,ITEM0021,2,430.00,179.74,0.00,860.00
ORD00104575,OI000565969,ITEM0033,1,900.00,299.82,0.00,900.00
ORD00104575,OI000565970,ITEM0065,-2,1300.00,489.16,0.00,2600.00
ORD00104575,OI000565971,ITEM0068,1,680.00,470.19,0.00,680.00
ORD00104575,OI000565972,ITEM0077,1,710.00,295.15,0.00,710.00
ORD00104575,OI000565973,ITEM0143,1,460.00,180.93,0.00,460.00
ORD00104576,OI000565974,ITEM0074,2,1200.00,536.56,0.00,2400.00
ORD00104576,OI000565975,ITEM0090,1,1840.00,663.73,0.00,1840.00
ORD00104576,OI000565976,ITEM0135,4,105.00,69.46,0.00,420.00
ORD00104576,OI000565977,ITEM0145,1,350.00,144.29,0.00,350.00
ORD00104577,OI000565978,ITEM0041,1,1250.00,495.95,0.00,1250.00
ORD00104577,OI000565979,ITEM0073,1,850.00,331.31,0.00,850.00
ORD00104577,OI000565980,ITEM0129,2,540.00,183.07,200.00,880.00
ORD00104577,OI000565981,ITEM0155,3,210.00,93.65,0.00,630.00
ORD00104578,OI000565982,ITEM0008,1,990.00,157.77,0.00,990.00
ORD00104578,OI000565983,ITEM0089,2,2070.00,892.05,0.00,4140.00
ORD00104578,OI000565984,ITEM0110,1,1330.00,558.62,0.00,1330.00
ORD00104578,OI000565985,ITEM0143,2,460.00,180.93,0.00,920.00
ORD00104578,OI000565986,ITEM0157,1,770.00,314.38,0.00,770.00
ORD00104578,OI000565987,ITEM0159,3,460.00,192.62,0.00,1380.00
ORD00104579,OI000565988,ITEM0004,3,600.00,214.30,157.89,1642.11
ORD00104579,OI000565989,ITEM0068,2,680.00,470.19,0.00,1360.00
ORD00104579,OI000565990,ITEM0115,2,610.00,186.26,0.00,1220.00
ORD00104579,OI000565991,ITEM0123,1,330.00,138.90,0.00,330.00
ORD00104579,OI000565992,ITEM0130,2,240.00,88.41,42.11,437.89
ORD00104579,OI000565993,ITEM0135,1,105.00,69.46,0.00,105.00
ORD00104579,OI000565994,ITEM0153,1,40.00,16.47,0.00,40.00
ORD00104580,OI000565995,ITEM0013,1,420.00,179.48,200.00,220.00
ORD00104580,OI000565996,ITEM0016,3,540.00,210.83,0.00,1620.00
ORD00104580,OI000565997,ITEM0017,1,680.00,292.31,0.00,680.00
ORD00104580,OI000565998,ITEM0089,2,2070.00,892.05,0.00,4140.00
ORD00104580,OI000565999,ITEM0113,1,480.00,193.08,0.00,480.00
ORD00104580,OI000566000,ITEM0143,1,460.00,180.93,0.00,460.00
ORD00104581,OI000566001,ITEM0005,2,450.00,149.00,57.69,842.31
ORD00104581,OI000566002,ITEM0069,2,1130.00,391.06,0.00,2260.00
ORD00104581,OI000566002,ITEM0069,2,1130.00,391.06,0.00,2260.00
ORD00104581,OI000566003,ITEM0128,1,540.00,70.39,34.62,505.38
ORD00104581,OI000566004,ITEM0130,7,240.00,88.41,107.69,1572.31
ORD00104581,OI000566005,ITEM0145,1,350.00,144.29,0.00,350.00
ORD00104582,OI000566006,ITEM0050,1,1720.00,751.10,0.00,1720.00
ORD00104582,OI000566007,ITEM0099,3,1300.00,471.54,0.00,3900.00
ORD00104582,OI000566008,ITEM0134,1,160.00,105.60,0.00,160.00
ORD00104582,OI000566009,ITEM0157,3,770.00,314.38,0.00,2310.00
ORD00104583,OI000566010,ITEM0072,1,790.00,332.55,0.00,790.00
ORD00104583,OI000566011,ITEM0081,2,1510.00,1047.44,0.00,3020.00
ORD00104583,OI000566012,ITEM0119,2,470.00,169.51,0.00,940.00
ORD00104584,OI000566013,ITEM0033,1,900.00,299.82,0.00,900.00
ORD00104584,OI000566014,ITEM0037,4,2310.00,972.25,0.00,9240.00
ORD00104584,OI000566015,ITEM0039,1,980.00,450.35,0.00,980.00
ORD00104584,OI000566016,ITEM0049,2,2540.00,1107.09,0.00,5080.00
ORD00104584,OI000566017,ITEM0050,1,1720.00,751.10,0.00,1720.00
ORD00104584,OI000566018,ITEM0103,2,3020.00,1247.87,0.00,6040.00
ORD00104584,OI000566019,ITEM0148,3,320.00,208.57,0.00,960.00
ORD00104584,OI000566020,ITEM0155,2,210.00,93.65,0.00,420.00
ORD00104584,OI000566021,ITEM0160,2,105.00,46.24,0.00,210.00
ORD00104585,OI000566022,ITEM0002,1,210.00,72.86,0.00,210.00
ORD00104585,OI000566023,ITEM0027,1,440.00,144.90,0.00,440.00
ORD00104585,OI000566024,ITEM0068,1,680.00,470.19,0.00,680.00
ORD00104585,OI000566025,ITEM0092,1,1410.00,465.66,0.00,1410.00
ORD00104585,OI000566026,ITEM0151,2,60.00,43.08,0.00,120.00
ORD00104586,OI000566027,ITEM0002,3,210.00,72.86,124.75,505.25
ORD00104586,OI000566028,ITEM0003,1,380.00,139.35,75.25,304.75
ORD00104586,OI000566029,ITEM0086,4,1380.00,560.08,0.00,5520.00
ORD00104586,OI000566030,ITEM0151,5,60.00,43.08,0.00,300.00
ORD00104587,OI000566031,ITEM0004,1,600.00,214.30,0.00,600.00
ORD00104587,OI000566032,ITEM0031,1,1190.00,364.08,0.00,1190.00
ORD00104587,OI000566033,ITEM0061,1,1060.00,363.74,0.00,1060.00
ORD00104587,OI000566034,ITEM0085,2,1630.00,650.03,0.00,3260.00
ORD00104587,OI000566035,ITEM0132,5,390.00,159.49,0.00,1950.00
ORD00104587,OI000566036,ITEM0138,1,270.00,108.52,0.00,270.00
ORD00104587,OI000566037,ITEM0141,2,510.00,166.18,0.00,1020.00
ORD00104587,OI000566038,ITEM0151,1,65.00,43.08,0.00,65.00
ORD00104588,OI000566039,ITEM0004,2,600.00,214.30,0.00,1200.00
ORD00104588,OI000566040,ITEM0037,1,2310.00,972.25,0.00,2310.00
ORD00104588,OI000566041,ITEM0124,2,190.00,131.48,0.00,380.00
ORD00104588,OI000566042,ITEM0148,4,320.00,208.57,0.00,1280.00
ORD00104589,OI000566043,ITEM0074,1,1200.00,536.56,0.00,1200.00
ORD00104589,OI000566044,ITEM0089,1,2070.00,892.05,0.00,2070.00
ORD00104589,OI000566045,ITEM0138,1,270.00,108.52,0.00,270.00
ORD00104589,OI000566046,ITEM0142,1,780.00,244.33,0.00,780.00
ORD00104590,OI000566047,ITEM0021,4,430.00,179.74,0.00,1720.00
ORD00104590,OI000566048,ITEM0088,1,1710.00,651.22,0.00,1710.00
ORD00104590,OI000566049,ITEM0122,1,690.00,295.82,0.00,690.00
ORD00104590,OI000566050,ITEM0135,2,105.00,69.46,0.00,210.00
ORD00104591,OI000566051,ITEM0031,1,1190.00,364.08,0.00,1190.00
ORD00104591,OI000566052,ITEM0072,1,790.00,332.55,0.00,790.00
ORD00104591,OI000566053,ITEM0123,1,330.00,138.90,0.00,330.00
ORD00104591,OI000566054,ITEM0134,1,160.00,105.60,0.00,160.00
ORD00104591,OI000566055,ITEM0138,2,270.00,108.52,0.00,540.00
ORD00104591,OI000566056,ITEM0157,3,770.00,314.38,0.00,2310.00
ORD00104592,OI000566057,ITEM0067,3,320.00,108.16,0.00,960.00
ORD00104592,OI000566058,ITEM0074,1,1200.00,536.56,0.00,1200.00
ORD00104592,OI000566059,ITEM0089,1,2240.00,892.05,0.00,2240.00
ORD00104592,OI000566060,ITEM0099,1,1300.00,471.54,0.00,1300.00
ORD00104592,OI000566061,ITEM0138,1,270.00,108.52,0.00,270.00
ORD00104592,OI000566062,ITEM0153,5,40.00,16.47,0.00,200.00
ORD00104593,OI000566063,ITEM0116,1,780.00,136.55,0.00,780.00
ORD00104593,OI000566064,ITEM0124,4,190.00,131.48,0.00,760.00
ORD00104593,OI000566065,ITEM0133,1,180.00,78.35,0.00,180.00
ORD00104594,OI000566066,ITEM0065,2,1300.00,489.16,0.00,2600.00
ORD00104594,OI000566067,ITEM0091,1,1850.00,702.28,0.00,1850.00
ORD00104594,OI000566068,ITEM0139,1,400.00,66.93,0.00,400.00
ORD00104594,OI000566069,ITEM0159,3,460.00,192.62,0.00,1380.00
ORD00104595,OI000566070,ITEM0041,2,1250.00,495.95,0.00,2500.00
ORD00104595,OI000566071,ITEM0065,1,1300.00,489.16,0.00,1300.00
ORD00104595,OI000566072,ITEM0076,1,720.00,281.82,0.00,720.00
ORD00104595,OI000566073,ITEM0151,1,60.00,43.08,0.00,60.00
ORD00104596,OI000566074,ITEM0004,1,600.00,214.30,0.00,600.00
ORD00104596,OI000566075,ITEM0011,2,990.00,332.30,0.00,1980.00
ORD00104596,OI000566076,ITEM0068,2,680.00,470.19,0.00,1360.00
ORD00104596,OI000566077,ITEM0112,2,310.00,140.73,0.00,620.00
ORD00104596,OI000566078,ITEM0131,3,360.00,156.93,0.00,1080.00
ORD00104596,OI000566079,ITEM0135,1,105.00,69.46,0.00,105.00
ORD00104597,OI000566080,ITEM0043,1,5110.00,2066.57,0.00,5110.00
ORD00104597,OI000566081,ITEM0044,2,1440.00,498.16,0.00,2880.00
ORD00104597,OI000566082,ITEM0066,1,950.00,343.77,0.00,950.00
ORD00104597,OI000566083,ITEM0067,1,320.00,108.16,0.00,320.00
ORD00104597,OI000566084,ITEM0082,1,1920.00,687.45,0.00,1920.00
ORD00104597,OI000566085,ITEM0092,1,0.00,465.66,0.00,1410.00
ORD00104597,OI000566086,ITEM0138,1,270.00,108.52,0.00,270.00
ORD00104598,OI000566087,ITEM0001,1,260.00,93.07,0.00,260.00
ORD00104598,OI000566088,ITEM0036,1,840.00,338.10,0.00,840.00
ORD00104598,OI000566089,ITEM0068,2,680.00,470.19,0.00,1360.00
ORD00104598,OI000566089,ITEM0068,2,680.00,470.19,0.00,1360.00
ORD00104598,OI000566090,ITEM0122,2,690.00,295.82,0.00,1380.00
ORD00104598,OI000566091,ITEM0136,1,490.00,167.58,0.00,490.00
ORD00104598,OI000566092,ITEM0145,2,350.00,144.29,0.00,700.00
ORD00104599,OI000566093,ITEM0004,2,600.00,214.30,91.43,1108.57
ORD00104599,OI000566094,ITEM0107,2,1400.00,463.91,0.00,2800.00
ORD00104599,OI000566095,ITEM0112,1,310.00,140.73,0.00,310.00
ORD00104599,OI000566096,ITEM0126,3,155.00,69.21,35.43,429.57
ORD00104599,OI000566097,ITEM0130,4,240.00,88.41,73.14,886.86
ORD00104599,OI000566098,ITEM0148,1,320.00,208.57,0.00,320.00
ORD00104600,OI000566099,ITEM0003,1,380.00,139.35,95.00,285.00
ORD00104600,OI000566100,ITEM0005,1,420.00,149.00,105.00,315.00
ORD00104600,OI000566101,ITEM0049,1,2540.00,1107.09,0.00,2540.00
ORD00104600,OI000566102,ITEM0134,1,160.00,105.60,0.00,160.00
ORD00104600,OI000566103,ITEM0155,2,210.00,93.65,0.00,420.00
ORD00104601,OI000566104,ITEM0027,3,440.00,144.90,0.00,1320.00
ORD00104601,OI000566105,ITEM0068,2,680.00,470.19,0.00,1360.00
ORD00104601,OI000566106,ITEM0076,1,720.00,281.82,0.00,720.00
ORD00104602,OI000566107,ITEM0038,1,1140.00,497.08,0.00,1140.00
ORD00104602,OI000566108,ITEM0048,1,1460.00,572.91,0.00,1460.00
ORD00104602,OI000566109,ITEM0057,1,670.00,446.99,0.00,670.00
ORD00104602,OI000566110,ITEM0074,1,1200.00,536.56,0.00,1200.00
ORD00104602,OI000566111,ITEM0112,1,310.00,140.73,0.00,310.00
ORD00104602,OI000566112,ITEM0138,3,270.00,108.52,0.00,810.00
ORD00104602,OI000566113,ITEM0148,4,350.00,208.57,0.00,1400.00
ORD00104603,OI000566114,ITEM0004,2,600.00,214.30,150.94,1049.06
ORD00104603,OI000566115,ITEM0023,1,470.00,200.14,0.00,470.00
ORD00104603,OI000566116,ITEM0051,1,730.00,266.66,0.00,730.00
ORD00104603,OI000566117,ITEM0064,2,530.00,186.68,0.00,1060.00
ORD00104603,OI000566118,ITEM0075,2,630.00,269.61,0.00,1260.00
ORD00104603,OI000566118,ITEM0075,2,630.00,269.61,0.00,1260.00
ORD00104603,OI000566119,ITEM0132,1,390.00,159.49,49.06,340.94
ORD00104604,OI000566120,ITEM0013,1,420.00,179.48,73.68,346.32
ORD00104604,OI000566121,ITEM0070,1,1330.00,627.42,0.00,1330.00
ORD00104604,OI000566122,ITEM0121,1,360.00,121.95,0.00,360.00
ORD00104604,OI000566123,ITEM0130,3,240.00,88.41,126.32,593.68
ORD00104604,OI000566124,ITEM0148,1,320.00,208.57,0.00,320.00
ORD00104604,OI000566125,ITEM0151,1,60.00,43.08,0.00,60.00
ORD00104605,OI000566126,ITEM0004,2,600.00,214.30,0.00,1200.00
ORD00104605,OI000566127,ITEM0012,2,900.00,402.60,0.00,1800.00
ORD00104605,OI000566128,ITEM0048,1,1460.00,572.91,0.00,1460.00
ORD00104605,OI000566129,ITEM0068,1,680.00,470.19,0.00,680.00
ORD00104605,OI000566130,ITEM0137,3,330.00,112.52,0.00,990.00
ORD00104605,OI000566131,ITEM0151,1,60.00,43.08,0.00,60.00
ORD00104606,OI000566132,ITEM0023,1,470.00,200.14,0.00,470.00
ORD00104606,OI000566133,ITEM0062,1,670.00,350.53,0.00,670.00
ORD00104606,OI000566134,ITEM0102,2,1340.00,625.27,0.00,2680.00
ORD00104606,OI000566135,ITEM0136,2,490.00,167.58,0.00,980.00
ORD00104606,OI000566136,ITEM0137,3,330.00,112.52,0.00,990.00
ORD00104606,OI000566137,ITEM0149,1,370.00,165.96,0.00,370.00
ORD00104607,OI000566138,ITEM0036,1,840.00,338.10,0.00,840.00
ORD00104607,OI000566139,ITEM0045,1,1530.00,595.53,0.00,1530.00
ORD00104607,OI000566140,ITEM0081,1,1510.00,1047.44,0.00,1510.00
ORD00104607,OI000566141,ITEM0083,1,1760.00,701.86,0.00,1760.00
ORD00104607,OI000566142,ITEM0091,1,1850.00,702.28,0.00,1850.00
ORD00104607,OI000566143,ITEM0131,1,360.00,156.93,0.00,360.00
ORD00104607,OI000566144,ITEM0151,2,60.00,43.08,0.00,120.00
ORD00104608,OI000566145,ITEM0132,1,390.00,159.49,0.00,390.00
ORD00104609,OI000566146,ITEM0085,2,1630.00,650.03,0.00,3260.00
ORD00104609,OI000566147,ITEM0148,3,320.00,208.57,0.00,960.00
ORD00104609,OI000566148,ITEM0149,3,370.00,165.96,0.00,1110.00
ORD00104610,OI000566149,ITEM0002,1,210.00,72.86,0.00,210.00
ORD00104610,OI000566150,ITEM0003,1,380.00,139.35,0.00,380.00
ORD00104610,OI000566151,ITEM0048,1,1460.00,572.91,0.00,1460.00
ORD00104610,OI000566152,ITEM0057,3,670.00,446.99,0.00,2010.00
ORD00104610,OI000566153,ITEM0148,3,320.00,208.57,0.00,960.00
ORD00104610,OI000566154,ITEM0154,2,370.00,126.03,0.00,740.00
ORD00104611,OI000566155,ITEM0003,2,380.00,139.35,0.00,760.00
ORD00104611,OI000566156,ITEM0048,1,1460.00,572.91,0.00,1460.00
ORD00104611,OI000566157,ITEM0068,1,680.00,470.19,0.00,680.00
ORD00104611,OI000566158,ITEM0074,1,1200.00,536.56,0.00,1200.00
ORD00104611,OI000566159,ITEM0077,1,660.00,295.15,0.00,660.00
ORD00104611,OI000566160,ITEM0129,2,540.00,183.07,0.00,1080.00
ORD00104611,OI000566161,ITEM0134,5,160.00,105.60,0.00,800.00
ORD00104611,OI000566162,ITEM0137,1,330.00,112.52,0.00,330.00
ORD00104612,OI000566163,ITEM0002,2,210.00,72.86,48.55,371.45
ORD00104612,OI000566164,ITEM0006,1,770.00,296.28,89.02,680.98
ORD00104612,OI000566165,ITEM0129,1,540.00,183.07,62.43,477.57
ORD00104612,OI000566166,ITEM0134,2,160.00,105.60,0.00,320.00
ORD00104612,OI000566167,ITEM0135,1,105.00,69.46,0.00,105.00
ORD00104612,OI000566168,ITEM0148,4,320.00,208.57,0.00,1280.00
ORD00104612,OI000566169,ITEM0151,3,60.00,43.08,0.00,180.00
ORD00104612,OI000566170,ITEM0154,-2,370.00,126.03,0.00,740.00
ORD00104612,OI000566171,ITEM0155,7,210.00,93.65,0.00,1470.00
ORD00104613,OI000566172,ITEM0048,1,1460.00,572.91,0.00,1460.00
ORD00104613,OI000566173,ITEM0054,2,1220.00,409.33,0.00,2440.00
ORD00104613,OI000566174,ITEM0134,2,160.00,105.60,0.00,320.00
ORD00104613,OI000566175,ITEM0135,1,105.00,69.46,0.00,105.00
ORD00104613,OI000566176,ITEM0137,3,330.00,112.52,0.00,990.00
ORD00104614,OI000566177,ITEM0050,2,1720.00,751.10,0.00,3440.00
ORD00104614,OI000566178,ITEM0103,4,3020.00,1247.87,0.00,12080.00
ORD00104614,OI000566179,ITEM0112,1,310.00,140.73,0.00,310.00
ORD00104614,OI000566180,ITEM0130,3,240.00,88.41,0.00,720.00
ORD00104614,OI000566181,ITEM0148,1,320.00,208.57,0.00,320.00
ORD00104615,OI000566182,ITEM0035,1,960.00,403.00,0.00,960.00
ORD00104615,OI000566183,ITEM0075,2,630.00,269.61,0.00,1260.00
ORD00104615,OI000566184,ITEM0134,1,160.00,105.60,0.00,160.00
ORD00104615,OI000566185,ITEM0143,1,460.00,180.93,0.00,460.00
ORD00104616,OI000566186,ITEM0036,1,840.00,338.10,0.00,840.00
ORD00104616,OI000566187,ITEM0103,3,3020.00,1247.87,0.00,9060.00
ORD00104617,OI000566188,ITEM0004,1,600.00,214.30,0.00,600.00
ORD00104617,OI000566189,ITEM0046,4,2740.00,1088.75,0.00,10960.00
ORD00104617,OI000566190,ITEM0064,1,530.00,186.68,0.00,530.00
ORD00104617,OI000566191,ITEM0068,1,680.00,470.19,0.00,680.00
ORD00104617,OI000566192,ITEM0091,1,1850.00,702.28,0.00,1850.00
ORD00104617,OI000566193,ITEM0112,1,310.00,140.73,0.00,310.00
ORD00104618,OI000566194,ITEM0017,1,680.00,292.31,0.00,680.00
ORD00104618,OI000566195,ITEM0046,1,2740.00,1088.75,0.00,2740.00
ORD00104618,OI000566196,ITEM0047,1,1650.00,627.28,0.00,1650.00
ORD00104618,OI000566197,ITEM0050,1,1720.00,751.10,0.00,1720.00
ORD00104618,OI000566198,ITEM0110,1,1330.00,558.62,0.00,1330.00
ORD00104618,OI000566199,ITEM0134,1,160.00,105.60,0.00,160.00
ORD00104618,OI000566200,ITEM0142,3,780.00,244.33,0.00,2340.00
ORD00104619,OI000566201,,1,380.00,139.35,0.00,380.00
ORD00104619,OI000566202,ITEM0007,1,1570.00,711.90,0.00,1570.00
ORD00104619,OI000566203,ITEM0058,2,1210.00,378.58,0.00,2420.00
ORD00104619,OI000566204,ITEM0134,3,160.00,105.60,0.00,480.00
ORD00104619,OI000566205,ITEM0138,3,270.00,108.52,0.00,810.00
ORD00104619,OI000566206,ITEM0151,2,60.00,43.08,0.00,120.00
ORD00104620,OI000566207,ITEM0004,2,600.00,214.30,0.00,1200.00
ORD00104620,OI000566208,ITEM0011,1,920.00,332.30,0.00,920.00
ORD00104620,OI000566209,ITEM0027,1,440.00,144.90,0.00,440.00
ORD00104620,OI000566210,ITEM0046,1,2740.00,1088.75,0.00,2740.00
ORD00104620,OI000566211,ITEM0074,1,1200.00,536.56,0.00,1200.00
ORD00104620,OI000566212,ITEM0135,1,105.00,69.46,0.00,105.00
ORD00104621,OI000566213,ITEM0032,2,780.00,356.48,0.00,1560.00
ORD00104621,OI000566214,ITEM0099,1,1300.00,471.54,0.00,1300.00
ORD00104621,OI000566215,ITEM0132,1,390.00,159.49,0.00,390.00
ORD00104621,OI000566216,ITEM0135,1,105.00,69.46,0.00,105.00
ORD00104621,OI000566217,ITEM0148,4,320.00,208.57,0.00,1280.00
ORD00104622,OI000566218,ITEM0023,2,470.00,200.14,0.00,940.00
ORD00104622,OI000566219,ITEM0067,1,320.00,108.16,0.00,320.00
ORD00104622,OI000566220,ITEM0081,1,1510.00,1047.44,0.00,1510.00
ORD00104623,OI000566221,ITEM0003,3,380.00,139.35,0.00,1140.00
ORD00104623,OI000566222,ITEM0046,1,2740.00,1088.75,0.00,2740.00
ORD00104623,OI000566223,ITEM0051,1,680.00,266.66,0.00,680.00
ORD00104623,OI000566224,ITEM0124,1,190.00,131.48,0.00,190.00
ORD00104623,OI000566225,ITEM0132,2,390.00,159.49,0.00,780.00
ORD00104623,OI000566226,ITEM0133,1,180.00,78.35,0.00,180.00
ORD00104623,OI000566227,ITEM0138,1,270.00,108.52,0.00,270.00
ORD00104624,OI000566228,ITEM0143,3,460.00,180.93,0.00,1380.00
ORD00104625,OI000566229,ITEM0005,1,420.00,149.00,0.00,420.00
ORD00104625,OI000566230,ITEM0104,3,1420.00,476.78,0.00,4260.00
ORD00104625,OI000566231,ITEM0148,2,320.00,208.57,0.00,640.00
ORD00104626,OI000566232,ITEM0033,2,900.00,299.82,0.00,1800.00
ORD00104626,OI000566233,ITEM0051,2,680.00,266.66,0.00,1360.00
ORD00104626,OI000566234,ITEM0100,1,1260.00,549.26,0.00,1260.00
ORD00104626,OI000566235,ITEM0113,1,480.00,193.08,0.00,480.00
ORD00104626,OI000566236,ITEM0148,5,320.00,208.57,0.00,1600.00
ORD00104626,OI000566237,ITEM0151,1,60.00,43.08,0.00,60.00
ORD00104627,OI000566238,ITEM0004,1,600.00,214.30,0.00,600.00
ORD00104627,OI000566239,ITEM0033,1,900.00,299.82,0.00,900.00
ORD00104627,OI000566240,ITEM0041,4,1250.00,495.95,0.00,5000.00
ORD00104627,OI000566241,ITEM0075,1,630.00,269.61,0.00,630.00
ORD00104627,OI000566242,ITEM0160,2,105.00,46.24,0.00,210.00
ORD00104628,OI000566243,ITEM0081,1,1510.00,1047.44,0.00,1510.00
ORD00104628,OI000566244,ITEM0091,2,1850.00,702.28,0.00,3700.00
ORD00104628,OI000566245,ITEM0130,2,240.00,88.41,0.00,480.00
ORD00104628,OI000566246,ITEM0134,3,160.00,105.60,0.00,480.00
ORD00104628,OI000566247,ITEM0157,1,770.00,314.38,0.00,770.00
ORD00104629,OI000566248,ITEM0004,2,600.00,214.30,0.00,1200.00
ORD00104629,OI000566249,ITEM0048,3,1460.00,572.91,0.00,4380.00
ORD00104629,OI000566250,ITEM0081,2,1510.00,1047.44,0.00,3020.00
ORD00104629,OI000566251,ITEM0090,1,1840.00,663.73,0.00,1840.00
ORD00104629,OI000566252,ITEM0098,2,1220.00,521.65,0.00,2440.00
ORD00104629,OI000566253,ITEM0136,6,490.00,167.58,0.00,2940.00
ORD00104629,OI000566254,ITEM0142,1,780.00,244.33,0.00,780.00
ORD00104629,OI000566255,ITEM0148,10,320.00,208.57,0.00,3200.00
ORD00104629,OI000566256,ITEM0151,1,60.00,43.08,0.00,60.00
ORD00104629,OI000566257,ITEM0158,2,370.00,151.76,0.00,740.00
ORD00104630,OI000566258,ITEM0046,1,2740.00,1088.75,0.00,2740.00
ORD00104630,OI000566259,ITEM0088,2,1710.00,651.22,0.00,3420.00
ORD00104630,OI000566260,ITEM0114,1,280.00,84.81,0.00,280.00
ORD00104630,OI000566261,ITEM0137,3,330.00,112.52,0.00,990.00
ORD00104630,OI000566261,ITEM0137,3,330.00,112.52,0.00,990.00
ORD00104630,OI000566262,ITEM0148,2,320.00,208.57,0.00,640.00
ORD00104630,OI000566263,ITEM0157,1,770.00,314.38,0.00,770.00
ORD00104631,OI000566264,ITEM0016,2,540.00,210.83,0.00,1080.00
ORD00104631,OI000566265,ITEM0020,1,810.00,323.82,0.00,810.00
ORD00104631,OI000566266,ITEM0041,1,1250.00,495.95,0.00,1250.00
ORD00104631,OI000566267,ITEM0050,1,1720.00,751.10,0.00,1720.00
ORD00104631,OI000566268,ITEM0068,1,680.00,470.19,0.00,680.00
ORD00104631,OI000566269,ITEM0114,1,280.00,84.81,0.00,280.00
ORD00104631,OI000566270,ITEM0124,1,190.00,131.48,0.00,190.00
ORD00104631,OI000566271,ITEM0135,1,105.00,69.46,0.00,105.00
ORD00104631,OI000566272,ITEM0137,2,330.00,112.52,0.00,660.00
ORD00104631,OI000566273,ITEM0148,1,320.00,208.57,0.00,320.00
ORD00104632,OI000566274,ITEM0004,2,600.00,214.30,0.00,1200.00
ORD00104632,OI000566275,ITEM0013,3,420.00,179.48,0.00,1260.00
ORD00104632,OI000566276,ITEM0023,1,470.00,200.14,0.00,470.00
ORD00104632,OI000566277,ITEM0030,1,265.00,110.76,0.00,265.00
ORD00104632,OI000566278,ITEM0038,2,1140.00,497.08,0.00,2280.00
ORD00104632,OI000566279,ITEM0048,2,1460.00,572.91,0.00,2920.00
ORD00104632,OI000566279,ITEM0048,2,1460.00,572.91,0.00,2920.00
ORD00104632,OI000566280,ITEM0068,3,680.00,470.19,0.00,2040.00
ORD00104633,OI000566281,ITEM0004,2,600.00,214.30,0.00,1200.00
ORD00104633,OI000566281,ITEM0004,2,600.00,214.30,0.00,1200.00
ORD00104633,OI000566282,ITEM0130,1,240.00,88.41,0.00,240.00
ORD00104633,OI000566283,ITEM0134,2,160.00,105.60,0.00,320.00
ORD00104633,OI000566284,ITEM0138,2,270.00,108.52,0.00,540.00
ORD00104634,OI000566285,ITEM0028,1,410.00,160.88,0.00,410.00
ORD00104634,OI000566286,ITEM0067,1,320.00,108.16,0.00,320.00
ORD00104634,OI000566287,ITEM0081,4,1510.00,1047.44,0.00,6040.00
ORD00104634,OI000566288,ITEM0093,1,1090.00,392.41,0.00,1090.00
ORD00104634,OI000566289,ITEM0112,2,310.00,140.73,0.00,620.00
ORD00104634,OI000566290,ITEM0114,2,280.00,84.81,0.00,560.00
ORD00104634,OI000566291,ITEM0151,7,60.00,43.08,0.00,420.00
ORD00104634,OI000566292,ITEM0152,2,95.00,38.94,0.00,190.00
ORD00104635,OI000566293,ITEM0136,2,490.00,167.58,0.00,980.00
ORD00104635,OI000566294,ITEM0151,1,60.00,43.08,0.00,60.00
ORD00104635,OI000566295,ITEM0154,1,370.00,126.03,0.00,370.00
ORD00104636,OI000566296,ITEM0010,2,1350.00,552.35,142.86,2557.14
ORD00104636,OI000566297,ITEM0049,1,2540.00,1107.09,0.00,2540.00
ORD00104636,OI000566298,ITEM0066,1,950.00,343.77,0.00,950.00
ORD00104636,OI000566299,ITEM0130,3,240.00,88.41,38.10,681.90
ORD00104636,OI000566300,ITEM0131,1,360.00,156.93,19.05,340.95
ORD00104636,OI000566301,ITEM0151,2,60.00,43.08,0.00,120.00
ORD00104637,OI000566302,ITEM0048,1,1460.00,572.91,0.00,1460.00
ORD00104637,OI000566303,ITEM0143,3,460.00,180.93,0.00,1380.00
ORD00104638,OI000566304,ITEM0035,1,960.00,403.00,0.00,960.00
ORD00104638,OI000566305,ITEM0109,1,1500.00,513.48,0.00,1500.00
ORD00104638,OI000566306,ITEM0135,1,105.00,69.46,0.00,105.00
ORD00104638,OI000566307,ITEM0136,1,530.00,167.58,0.00,530.00
ORD00104638,OI000566308,ITEM0139,2,400.00,66.93,0.00,800.00
ORD00104638,OI000566309,ITEM0157,2,770.00,314.38,0.00,1540.00
ORD00104639,OI000566310,ITEM0037,1,2310.00,972.25,0.00,2310.00
ORD00104639,OI000566311,ITEM0054,1,1220.00,409.33,0.00,1220.00
ORD00104639,OI000566312,ITEM0072,1,790.00,332.55,0.00,790.00
ORD00104639,OI000566313,ITEM0075,1,630.00,269.61,0.00,630.00
ORD00104639,OI000566314,ITEM0130,2,240.00,88.41,0.00,480.00
ORD00104639,OI000566315,ITEM0135,1,105.00,69.46,0.00,105.00
ORD00104640,OI000566316,ITEM0041,1,1250.00,495.95,0.00,1250.00
ORD00104640,OI000566317,ITEM0066,1,950.00,343.77,0.00,950.00
ORD00104640,OI000566318,ITEM0077,1,710.00,295.15,0.00,710.00
ORD00104640,OI000566319,ITEM0088,3,1710.00,651.22,0.00,5130.00
ORD00104640,OI000566320,ITEM0121,2,390.00,121.95,0.00,780.00
ORD00104640,OI000566321,ITEM0148,1,350.00,208.57,0.00,350.00
ORD00104641,OI000566322,ITEM0003,1,380.00,139.35,95.00,285.00
ORD00104641,OI000566323,ITEM0013,1,420.00,179.48,105.00,315.00
ORD00104641,OI000566324,ITEM0030,2,265.00,110.76,0.00,530.00
ORD00104641,OI000566325,ITEM0040,3,730.00,258.94,0.00,2190.00
ORD00104641,OI000566326,ITEM0050,2,1720.00,751.10,0.00,3440.00
ORD00104641,OI000566327,ITEM0081,1,1510.00,1047.44,0.00,1510.00
ORD00104641,OI000566328,ITEM0086,2,1380.00,560.08,0.00,2760.00
ORD00104642,OI000566329,ITEM0004,2,600.00,214.30,0.00,1200.00
ORD00104642,OI000566330,ITEM0053,1,1300.00,578.78,0.00,1300.00
ORD00104642,OI000566331,ITEM0067,1,320.00,108.16,0.00,320.00
ORD00104642,OI000566332,ITEM0073,1,850.00,331.31,0.00,850.00
ORD00104642,OI000566333,ITEM0074,1,1200.00,536.56,0.00,1200.00
ORD00104642,OI000566334,ITEM0081,1,1510.00,1047.44,0.00,1510.00
ORD00104642,OI000566335,ITEM0132,2,390.00,159.49,0.00,780.00
ORD00104642,OI000566336,ITEM0134,2,160.00,105.60,0.00,320.00
ORD00104642,OI000566337,ITEM0148,5,320.00,208.57,0.00,1600.00
ORD00104642,OI000566338,ITEM0151,5,60.00,43.08,0.00,300.00
ORD00104643,OI000566339,ITEM0028,4,410.00,160.88,0.00,1640.00
ORD00104643,OI000566340,ITEM0041,2,1250.00,495.95,0.00,2500.00
ORD00104643,OI000566341,ITEM0066,2,950.00,343.77,0.00,1900.00
ORD00104643,OI000566342,ITEM0068,2,680.00,470.19,0.00,1360.00
ORD00104643,OI000566343,ITEM0093,5,1090.00,392.41,0.00,5450.00
ORD00104643,OI000566344,ITEM0135,2,105.00,69.46,0.00,210.00
ORD00104643,OI000566345,ITEM0148,1,350.00,208.57,0.00,350.00
ORD00104643,OI000566346,ITEM0157,1,770.00,314.38,0.00,770.00
ORD00104644,OI000566347,ITEM0064,1,530.00,186.68,0.00,530.00
ORD00104644,OI000566348,ITEM0109,3,1500.00,513.48,0.00,4500.00
ORD00104644,OI000566349,ITEM0138,1,270.00,108.52,0.00,270.00
ORD00104644,OI000566350,ITEM0151,1,60.00,43.08,0.00,60.00
ORD00104645,OI000566351,ITEM0001,2,260.00,93.07,0.00,520.00
ORD00104645,OI000566352,ITEM0043,1,5110.00,2066.57,0.00,5110.00
ORD00104645,OI000566353,ITEM0050,1,1720.00,751.10,0.00,1720.00
ORD00104645,OI000566354,ITEM0057,5,670.00,446.99,0.00,3350.00
ORD00104645,OI000566355,ITEM0151,3,60.00,43.08,0.00,180.00
ORD00104646,OI000566356,ITEM0066,1,950.00,343.77,0.00,950.00
ORD00104646,OI000566357,ITEM0093,2,1090.00,392.41,0.00,2180.00
ORD00104646,OI000566358,ITEM0135,1,105.00,69.46,0.00,105.00
ORD00104646,OI000566359,ITEM0156,3,125.00,46.27,0.00,375.00
ORD00104647,OI000566360,ITEM0012,2,900.00,402.60,136.36,1663.64
ORD00104647,OI000566361,ITEM0013,2,420.00,179.48,63.64,776.36
ORD00104647,OI000566362,ITEM0025,1,820.00,334.06,0.00,820.00
ORD00104647,OI000566363,ITEM0081,1,1510.00,1047.44,0.00,1510.00
ORD00104647,OI000566364,ITEM0091,2,1850.00,702.28,0.00,3700.00
ORD00104647,OI000566365,ITEM0096,1,1760.00,290.57,0.00,1760.00
ORD00104647,OI000566366,ITEM0140,2,450.00,65.77,0.00,900.00
ORD00104647,OI000566367,ITEM0151,1,60.00,43.08,0.00,60.00
ORD00104648,OI000566368,ITEM0002,2,210.00,72.86,36.52,383.48
ORD00104648,OI000566369,ITEM0004,1,600.00,214.30,52.17,547.83
ORD00104648,OI000566370,ITEM0013,1,420.00,179.48,36.52,383.48
ORD00104648,OI000566371,ITEM0121,1,360.00,121.95,0.00,360.00
ORD00104648,OI000566372,ITEM0124,2,190.00,131.48,33.04,346.96
ORD00104648,OI000566373,ITEM0130,2,240.00,88.41,41.74,438.26
ORD00104648,OI000566374,ITEM0134,3,160.00,105.60,0.00,480.00
ORD00104649,OI000566375,ITEM0081,1,1510.00,1047.44,0.00,1510.00
ORD00104650,OI000566376,ITEM0054,2,1220.00,409.33,0.00,2440.00
ORD00104650,OI000566377,ITEM0076,1,720.00,281.82,0.00,720.00
ORD00104650,OI000566378,ITEM0138,3,270.00,108.52,0.00,810.00
ORD00104650,OI000566379,ITEM0152,1,95.00,38.94,0.00,95.00
ORD00104651,OI000566380,ITEM0025,2,820.00,334.06,0.00,1640.00
ORD00104651,OI000566381,ITEM0067,2,320.00,108.16,0.00,640.00
ORD00104651,OI000566382,ITEM0148,2,320.00,208.57,0.00,640.00
ORD00104651,OI000566382,ITEM0148,2,320.00,208.57,0.00,640.00
ORD00104651,OI000566383,ITEM0157,3,770.00,314.38,0.00,2310.00
ORD00104652,OI000566384,ITEM0010,1,1350.00,552.35,126.76,1223.24
ORD00104652,OI000566385,ITEM0037,1,2310.00,972.25,0.00,2310.00
ORD00104652,OI000566386,ITEM0081,1,1510.00,1047.44,0.00,1510.00
ORD00104652,OI000566387,ITEM0100,2,1260.00,549.26,0.00,2520.00
ORD00104652,OI000566388,ITEM0132,2,390.00,159.49,73.24,706.76
ORD00104652,OI000566389,ITEM0135,2,105.00,69.46,0.00,210.00
ORD00104652,OI000566390,ITEM0155,3,210.00,93.65,0.00,630.00
ORD00104653,OI000566391,ITEM0001,1,260.00,93.07,0.00,260.00
ORD00104653,OI000566392,ITEM0027,1,440.00,144.90,0.00,440.00
ORD00104653,OI000566393,ITEM0058,2,1210.00,378.58,0.00,2420.00
ORD00104653,OI000566394,ITEM0067,1,320.00,108.16,0.00,320.00
ORD00104653,OI000566395,ITEM0068,1,680.00,470.19,0.00,680.00
ORD00104653,OI000566396,ITEM0081,1,1510.00,1047.44,0.00,1510.00
ORD00104653,OI000566397,ITEM0103,2,3020.00,1247.87,0.00,6040.00
ORD00104653,OI000566398,ITEM0109,1,1500.00,513.48,0.00,1500.00
ORD00104653,OI000566399,ITEM0143,2,460.00,180.93,0.00,920.00
ORD00104653,OI000566400,ITEM0153,1,40.00,16.47,0.00,40.00
ORD00104654,OI000566401,ITEM0068,3,680.00,470.19,0.00,2040.00
ORD00104654,OI000566402,ITEM0114,1,280.00,84.81,0.00,280.00
ORD00104654,OI000566403,ITEM0134,1,160.00,105.60,0.00,160.00
ORD00104654,OI000566404,ITEM0137,1,330.00,112.52,0.00,330.00
ORD00104654,OI000566405,ITEM0148,1,320.00,208.57,0.00,320.00
ORD00104654,OI000566406,ITEM0150,1,125.00,48.98,0.00,125.00
ORD00104654,OI000566407,ITEM0151,1,60.00,43.08,0.00,60.00
ORD00104655,OI000566408,ITEM0027,1,440.00,144.90,0.00,440.00
ORD00104655,OI000566409,ITEM0045,1,1530.00,595.53,0.00,1530.00
ORD00104655,OI000566410,ITEM0046,1,2740.00,1088.75,0.00,2740.00
ORD00104655,OI000566411,ITEM0047,1,1650.00,627.28,0.00,1650.00
ORD00104655,OI000566412,ITEM0091,1,1850.00,702.28,0.00,1850.00
ORD00104655,OI000566413,ITEM0108,1,1730.00,620.80,0.00,1730.00
ORD00104655,OI000566414,ITEM0136,1,490.00,167.58,0.00,490.00
ORD00104655,OI000566415,ITEM0137,3,330.00,112.52,0.00,990.00
ORD00104655,OI000566416,ITEM0139,1,400.00,66.93,0.00,400.00
ORD00104655,OI000566417,ITEM0145,1,350.00,144.29,0.00,350.00
ORD00104656,OI000566418,ITEM0041,1,1250.00,495.95,0.00,1250.00
ORD00104656,OI000566419,ITEM0065,2,1300.00,489.16,0.00,2600.00
ORD00104656,OI000566420,ITEM0068,2,680.00,470.19,0.00,1360.00
ORD00104656,OI000566421,ITEM0091,1,1850.00,702.28,0.00,1850.00
ORD00104656,OI000566422,ITEM0135,3,105.00,69.46,0.00,315.00
ORD00104657,OI000566423,ITEM0001,2,260.00,93.07,44.16,475.84
ORD00104657,OI000566423,ITEM0001,2,260.00,93.07,44.16,475.84
ORD00104657,OI000566424,ITEM0004,1,600.00,214.30,50.96,549.04
ORD00104657,OI000566425,ITEM0048,1,1460.00,572.91,0.00,1460.00
ORD00104657,OI000566426,ITEM0060,1,790.00,323.39,0.00,790.00
ORD00104657,OI000566427,ITEM0068,1,680.00,470.19,0.00,680.00
ORD00104657,OI000566428,ITEM0076,1,720.00,281.82,0.00,720.00
ORD00104657,OI000566429,ITEM0126,1,155.00,69.21,13.16,141.84
ORD00104657,OI000566430,ITEM0129,2,540.00,183.07,91.72,988.28
ORD00104658,OI000566431,ITEM0033,1,900.00,299.82,0.00,900.00
ORD00104658,OI000566432,ITEM0147,1,450.00,148.21,0.00,450.00
ORD00104659,OI000566433,ITEM0013,1,420.00,179.48,0.00,420.00
ORD00104660,OI000566434,ITEM0001,1,260.00,93.07,0.00,260.00
ORD00104660,OI000566435,ITEM0028,1,410.00,160.88,0.00,410.00
ORD00104660,OI000566436,ITEM0037,1,2310.00,972.25,0.00,2310.00
ORD00104660,OI000566437,ITEM0088,1,1710.00,651.22,0.00,1710.00
ORD00104660,OI000566438,ITEM0119,1,470.00,169.51,0.00,470.00
ORD00104661,OI000566439,ITEM0004,1,600.00,214.30,200.00,400.00
ORD00104661,OI000566440,ITEM0064,1,530.00,186.68,0.00,530.00
ORD00104661,OI000566441,ITEM0081,4,1510.00,1047.44,0.00,6040.00
ORD00104661,OI000566442,ITEM0085,2,1630.00,650.03,0.00,3260.00
ORD00104661,OI000566443,ITEM0152,2,95.00,38.94,0.00,190.00
ORD00104661,OI000566444,ITEM0157,4,770.00,314.38,0.00,3080.00
ORD00104662,OI000566445,ITEM0050,1,1860.00,751.10,0.00,1860.00
ORD00104662,OI000566446,ITEM0054,1,1320.00,409.33,0.00,1320.00
ORD00104662,OI000566447,ITEM0062,1,670.00,350.53,0.00,670.00
ORD00104662,OI000566448,ITEM0081,1,1510.00,1047.44,0.00,1510.00
ORD00104662,OI000566449,ITEM0157,3,770.00,314.38,0.00,2310.00
ORD00104662,OI000566450,ITEM0159,1,460.00,192.62,0.00,460.00
ORD00104663,OI000566451,ITEM0084,1,1240.00,425.59,0.00,1240.00
ORD00104663,OI000566452,ITEM0134,1,160.00,105.60,0.00,160.00
ORD00104663,OI000566453,ITEM0148,3,320.00,208.57,0.00,960.00
ORD00104664,OI000566454,ITEM0027,1,440.00,144.90,0.00,440.00
ORD00104664,OI000566455,ITEM0041,1,1250.00,495.95,0.00,1250.00
ORD00104664,OI000566456,ITEM0050,1,1720.00,751.10,0.00,1720.00
ORD00104664,OI000566457,ITEM0068,2,680.00,470.19,0.00,1360.00
ORD00104664,OI000566458,ITEM0077,1,660.00,295.15,0.00,660.00
ORD00104664,OI000566459,ITEM0103,1,3020.00,1247.87,0.00,3020.00
ORD00104664,OI000566459,ITEM0103,1,3020.00,1247.87,0.00,3020.00
ORD00104664,OI000566460,ITEM0138,4,270.00,108.52,0.00,1080.00
ORD00104665,OI000566461,ITEM0009,1,470.00,178.25,0.00,470.00
ORD00104665,OI000566462,ITEM0036,1,840.00,338.10,0.00,840.00
ORD00104665,OI000566463,ITEM0064,1,530.00,186.68,0.00,530.00
ORD00104665,OI000566464,ITEM0151,3,60.00,43.08,0.00,180.00
ORD00104666,OI000566465,ITEM0002,1,210.00,72.86,18.67,191.33
ORD00104666,OI000566466,ITEM0013,3,420.00,179.48,112.00,1148.00
ORD00104666,OI000566467,ITEM0035,1,960.00,403.00,0.00,960.00
ORD00104666,OI000566468,ITEM0043,1,5110.00,2066.57,0.00,5110.00
ORD00104666,OI000566469,ITEM0058,1,1210.00,378.58,0.00,1210.00
ORD00104666,OI000566470,ITEM0132,2,390.00,159.49,69.33,710.67
ORD00104667,OI000566471,ITEM0033,2,900.00,299.82,0.00,1800.00
ORD00104667,OI000566472,ITEM0081,3,1510.00,1047.44,0.00,4530.00
ORD00104667,OI000566473,ITEM0105,1,2550.00,841.34,0.00,2550.00
ORD00104667,OI000566474,ITEM0108,1,1730.00,620.80,0.00,1730.00
ORD00104667,OI000566475,ITEM0138,1,270.00,108.52,0.00,270.00
ORD00104667,OI000566476,ITEM0148,2,320.00,208.57,0.00,640.00
ORD00104667,OI000566477,ITEM0151,2,60.00,43.08,0.00,120.00
ORD00104668,OI000566478,ITEM0049,1,2540.00,1107.09,0.00,2540.00
ORD00104668,OI000566479,ITEM0081,1,1510.00,1047.44,0.00,1510.00
ORD00104668,OI000566480,ITEM0134,1,160.00,105.60,0.00,160.00
ORD00104668,OI000566481,ITEM0148,6,320.00,208.57,0.00,1920.00
ORD00104668,OI000566482,ITEM0156,2,125.00,46.27,0.00,250.00
ORD00104669,OI000566483,ITEM0004,3,600.00,214.30,0.00,1800.00
ORD00104669,OI000566484,ITEM0045,1,1530.00,595.53,0.00,1530.00
ORD00104669,OI000566485,ITEM0067,1,320.00,108.16,0.00,320.00
ORD00104669,OI000566486,ITEM0102,1,1340.00,625.27,0.00,1340.00
ORD00104669,OI000566487,ITEM0112,1,310.00,140.73,0.00,310.00
ORD00104669,OI000566488,ITEM7624,2,105.00,69.46,0.00,210.00
ORD00104669,OI000566489,ITEM0146,1,580.00,200.95,0.00,580.00
ORD00104669,OI000566490,ITEM0148,1,320.00,208.57,0.00,320.00
ORD00104670,OI000566491,ITEM0048,1,1460.00,572.91,0.00,1460.00
ORD00104670,OI000566492,ITEM0051,1,730.00,266.66,0.00,730.00
ORD00104670,OI000566493,ITEM0137,1,330.00,112.52,0.00,330.00
ORD00104670,OI000566494,ITEM0138,2,270.00,108.52,0.00,540.00
ORD00104671,OI000566495,ITEM0034,2,1220.00,445.69,0.00,2440.00
ORD00104671,OI000566496,ITEM0041,1,1250.00,495.95,0.00,1250.00
ORD00104671,OI000566497,ITEM0059,1,730.00,317.89,0.00,730.00
ORD00104671,OI000566498,ITEM0066,1,950.00,343.77,0.00,950.00
ORD00104671,OI000566499,ITEM0114,1,280.00,84.81,0.00,280.00
ORD00104671,OI000566500,ITEM0130,1,240.00,88.41,0.00,240.00
ORD00104671,OI000566501,ITEM0137,2,330.00,112.52,0.00,660.00
ORD00104671,OI000566502,ITEM0147,2,450.00,148.21,0.00,900.00
ORD00104671,OI000566503,ITEM0148,3,320.00,208.57,0.00,960.00
ORD00104671,OI000566504,ITEM0157,4,770.00,314.38,0.00,3080.00
ORD00104672,OI000566505,ITEM0003,1,380.00,139.35,38.78,341.22
ORD00104672,OI000566506,ITEM0004,2,600.00,214.30,122.45,1077.55
ORD00104672,OI000566507,ITEM0112,1,310.00,140.73,0.00,310.00
ORD00104672,OI000566508,ITEM0124,2,190.00,131.48,38.78,341.22
ORD00104672,OI000566509,ITEM0151,2,60.00,43.08,0.00,120.00
ORD00104673,OI000566510,ITEM0033,1,900.00,299.82,0.00,900.00
ORD00104673,OI000566511,ITEM0034,1,1220.00,445.69,0.00,1220.00
ORD00104673,OI000566512,ITEM0134,3,160.00,105.60,0.00,480.00
ORD00104673,OI000566513,ITEM0135,2,105.00,69.46,0.00,210.00
ORD00104673,OI000566514,ITEM0136,1,530.00,167.58,0.00,530.00
ORD00104674,OI000566515,ITEM0031,1,1190.00,364.08,0.00,1190.00
ORD00104674,OI000566516,ITEM0041,1,1250.00,495.95,0.00,1250.00
ORD00104674,OI000566517,ITEM0148,4,350.00,208.57,0.00,1400.00
ORD00104675,OI000566518,ITEM0003,1,380.00,139.35,0.00,380.00
ORD00104675,OI000566519,ITEM0033,2,900.00,299.82,0.00,1800.00
ORD00104675,OI000566520,ITEM0036,3,840.00,338.10,0.00,2520.00
ORD00104675,OI000566521,ITEM0064,1,530.00,186.68,0.00,530.00
ORD00104675,OI000566522,ITEM0081,1,1510.00,1047.44,0.00,1510.00
ORD00104675,OI000566523,ITEM0103,1,3020.00,1247.87,0.00,3020.00
ORD00104675,OI000566524,ITEM0150,2,125.00,48.98,0.00,250.00
ORD00104676,OI000566525,ITEM0003,1,380.00,139.35,0.00,380.00
ORD00104676,OI000566526,ITEM0012,2,900.00,402.60,0.00,1800.00
ORD00104676,OI000566527,ITEM0031,2,1100.00,364.08,0.00,2200.00
ORD00104676,OI000566528,ITEM0045,2,1530.00,595.53,0.00,3060.00
ORD00104676,OI000566529,ITEM0058,1,1210.00,378.58,0.00,1210.00
ORD00104676,OI000566530,ITEM0084,1,1240.00,425.59,0.00,1240.00
ORD00104676,OI000566531,ITEM0127,1,500.00,76.86,0.00,500.00
ORD00104676,OI000566532,ITEM0129,1,540.00,183.07,0.00,540.00
ORD00104677,OI000566533,ITEM0002,1,210.00,72.86,12.54,197.46
ORD00104677,OI000566534,ITEM0007,2,1570.00,711.90,187.46,2952.54
ORD00104677,OI000566535,ITEM0060,1,790.00,323.39,0.00,790.00
ORD00104677,OI000566536,ITEM0134,4,160.00,105.60,0.00,640.00
ORD00104677,OI000566537,ITEM0143,2,460.00,180.93,0.00,920.00
ORD00104677,OI000566538,ITEM0151,3,60.00,43.08,0.00,180.00
ORD00104678,OI000566539,ITEM0135,3,105.00,69.46,0.00,315.00
ORD00104678,OI000566540,ITEM0141,2,510.00,166.18,0.00,1020.00
ORD00104678,OI000566541,ITEM0148,1,320.00,208.57,0.00,320.00
ORD00104679,OI000566542,ITEM0009,2,470.00,178.25,0.00,940.00
ORD00104679,OI000566543,ITEM0033,1,900.00,299.82,0.00,900.00
ORD00104679,OI000566544,ITEM0045,1,1530.00,595.53,0.00,1530.00
ORD00104679,OI000566545,ITEM0092,2,1410.00,465.66,0.00,2820.00
ORD00104679,OI000566546,ITEM0111,1,260.00,91.26,0.00,260.00
ORD00104679,OI000566547,ITEM0135,1,105.00,69.46,0.00,105.00
ORD00104679,OI000566548,ITEM0150,4,125.00,48.98,0.00,500.00
ORD00104679,OI000566549,ITEM0151,1,60.00,43.08,0.00,60.00
ORD00104679,OI000566549,ITEM0151,1,60.00,43.08,0.00,60.00
ORD00104680,OI000566550,ITEM0003,1,380.00,139.35,77.55,302.45
ORD00104680,OI000566551,ITEM0004,1,600.00,214.30,122.45,477.55
ORD00104680,OI000566552,ITEM0068,1,680.00,470.19,0.00,680.00
ORD00104680,OI000566553,ITEM0143,1,460.00,180.93,0.00,460.00
ORD00104681,OI000566554,ITEM0057,3,670.00,446.99,0.00,2010.00
ORD00104681,OI000566555,ITEM0081,1,1510.00,1047.44,0.00,1510.00
ORD00104681,OI000566556,ITEM0135,2,105.00,69.46,0.00,210.00
ORD00104681,OI000566557,ITEM0143,2,460.00,180.93,0.00,920.00
ORD00104682,OI000566558,ITEM0003,1,380.00,139.35,122.58,257.42
ORD00104682,OI000566559,ITEM0130,1,240.00,88.41,77.42,162.58
ORD00104682,OI000566560,ITEM0140,1,450.00,65.77,0.00,450.00
ORD00104682,OI000566561,ITEM0148,3,320.00,208.57,0.00,960.00
ORD00104683,OI000566562,ITEM0013,2,420.00,179.48,0.00,840.00
ORD00104683,OI000566563,ITEM0062,1,670.00,350.53,0.00,670.00
ORD00104683,OI000566564,ITEM0074,1,1200.00,536.56,0.00,1200.00
ORD00104683,OI000566565,ITEM0081,1,1510.00,1047.44,0.00,1510.00
ORD00104683,OI000566566,ITEM0092,1,1410.00,465.66,0.00,1410.00
ORD00104683,OI000566567,ITEM0135,1,105.00,69.46,0.00,105.00
ORD00104683,OI000566568,ITEM0136,3,490.00,167.58,0.00,1470.00
ORD00104684,OI000566569,ITEM0003,1,380.00,139.35,122.58,257.42
ORD00104684,OI000566570,ITEM0045,1,1530.00,595.53,0.00,1530.00
ORD00104684,OI000566571,ITEM0068,1,680.00,470.19,0.00,680.00
ORD00104684,OI000566572,ITEM0077,1,710.00,295.15,0.00,710.00
ORD00104684,OI000566573,ITEM0130,1,240.00,88.41,77.42,162.58
ORD00104685,OI000566574,ITEM0003,1,380.00,139.35,0.00,380.00
ORD00104685,OI000566575,ITEM0004,1,600.00,214.30,0.00,600.00
ORD00104685,OI000566576,ITEM0068,1,680.00,470.19,0.00,680.00
ORD00104685,OI000566577,ITEM0087,1,3090.00,1425.09,0.00,3090.00
ORD00104685,OI000566578,ITEM0100,1,1260.00,549.26,0.00,1260.00
ORD00104685,OI000566579,ITEM0138,2,270.00,108.52,0.00,540.00
ORD00104686,OI000566580,ITEM0148,4,320.00,208.57,0.00,1280.00
ORD00104686,OI000566581,ITEM0159,2,460.00,192.62,0.00,920.00
ORD00104687,OI000566582,ITEM0002,1,210.00,72.86,0.00,210.00
ORD00104687,OI000566583,ITEM0061,3,980.00,363.74,0.00,2940.00
ORD00104687,OI000566583,ITEM0061,3,980.00,363.74,0.00,2940.00
ORD00104687,OI000566584,ITEM0068,1,680.00,470.19,0.00,680.00
ORD00104687,OI000566585,ITEM0104,1,1420.00,476.78,0.00,1420.00
ORD00104687,OI000566586,ITEM0124,1,190.00,131.48,0.00,190.00
ORD00104687,OI000566587,,4,330.00,112.52,0.00,1320.00
ORD00104687,OI000566588,ITEM0140,1,450.00,65.77,0.00,450.00
ORD00104688,OI000566589,ITEM0034,2,1220.00,445.69,0.00,2440.00
ORD00104688,OI000566590,ITEM0040,1,730.00,258.94,0.00,730.00
ORD00104688,OI000566591,ITEM0135,3,105.00,69.46,0.00,315.00
ORD00104688,OI000566592,ITEM0151,6,60.00,43.08,0.00,360.00
ORD00104689,OI000566593,ITEM0019,1,360.00,154.84,0.00,360.00
ORD00104689,OI000566594,ITEM0081,3,1510.00,1047.44,0.00,4530.00
ORD00104689,OI000566595,ITEM0135,1,105.00,69.46,0.00,105.00
ORD00104689,OI000566596,ITEM0138,2,270.00,108.52,0.00,540.00
ORD00104689,OI000566597,ITEM0139,3,400.00,66.93,0.00,1200.00
ORD00104689,OI000566598,ITEM0141,1,510.00,166.18,0.00,510.00
ORD00104690,OI000566599,ITEM0003,1,380.00,139.35,0.00,380.00
ORD00104690,OI000566600,ITEM0039,1,980.00,450.35,0.00,980.00
ORD00104690,OI000566601,ITEM0041,1,1250.00,495.95,0.00,1250.00
ORD00104690,OI000566602,ITEM0091,1,1850.00,702.28,0.00,1850.00
ORD00104690,OI000566603,ITEM0136,1,530.00,167.58,0.00,530.00
ORD00104690,OI000566603,ITEM0136,1,530.00,167.58,0.00,530.00
ORD00104691,OI000566604,ITEM0048,1,1460.00,572.91,0.00,1460.00
ORD00104691,OI000566605,ITEM0049,2,2740.00,1107.09,0.00,5480.00
ORD00104691,OI000566606,ITEM0065,2,1300.00,489.16,0.00,2600.00
ORD00104691,OI000566607,ITEM0143,1,460.00,180.93,0.00,460.00
ORD00104691,OI000566608,ITEM0148,2,350.00,208.57,0.00,700.00
ORD00104692,OI000566609,ITEM0050,1,1720.00,751.10,0.00,1720.00
ORD00104692,OI000566610,ITEM0074,2,1200.00,536.56,0.00,2400.00
ORD00104692,OI000566611,ITEM0081,3,1510.00,1047.44,0.00,4530.00
ORD00104692,OI000566612,ITEM0091,1,1850.00,702.28,0.00,1850.00
ORD00104692,OI000566613,ITEM0115,2,610.00,186.26,0.00,1220.00
ORD00104693,OI000566614,ITEM0010,1,1350.00,552.35,0.00,1350.00
ORD00104693,OI000566615,ITEM0019,1,390.00,154.84,0.00,390.00
ORD00104693,OI000566616,ITEM0036,1,840.00,338.10,0.00,840.00
ORD00104693,OI000566617,ITEM0045,2,1530.00,595.53,0.00,3060.00
ORD00104693,OI000566618,ITEM0057,1,670.00,446.99,0.00,670.00
ORD00104693,OI000566619,ITEM0109,1,1500.00,513.48,0.00,1500.00
ORD00104693,OI000566620,ITEM0129,1,540.00,183.07,0.00,540.00
ORD00104694,OI000566621,ITEM0004,1,600.00,214.30,0.00,600.00
ORD00104694,OI000566622,ITEM0041,3,1250.00,495.95,0.00,3750.00
ORD00104694,OI000566623,ITEM0134,3,160.00,105.60,0.00,480.00
ORD00104694,OI000566624,ITEM0138,4,270.00,108.52,0.00,1080.00
ORD00104694,OI000566625,ITEM0145,3,350.00,144.29,0.00,1050.00
ORD00104694,OI000566626,ITEM0148,5,320.00,208.57,0.00,1600.00
ORD00104695,OI000566627,ITEM0054,1,1220.00,409.33,0.00,1220.00
ORD00104695,OI000566628,ITEM0068,1,680.00,470.19,0.00,680.00
ORD00104695,OI000566629,ITEM0133,2,180.00,78.35,0.00,360.00
ORD00104695,OI000566630,ITEM0153,3,40.00,16.47,0.00,120.00
ORD00104696,OI000566631,ITEM0045,1,1530.00,595.53,0.00,1530.00
ORD00104696,OI000566632,ITEM0055,1,680.00,227.76,0.00,680.00
ORD00104696,OI000566633,ITEM0062,1,670.00,350.53,0.00,670.00
ORD00104696,OI000566634,ITEM0077,1,660.00,295.15,0.00,660.00
ORD00104696,OI000566635,ITEM0146,1,580.00,200.95,0.00,580.00
ORD00104697,OI000566636,ITEM0029,3,950.00,312.12,0.00,2850.00
ORD00104697,OI000566637,ITEM0081,2,1510.00,1047.44,0.00,3020.00
ORD00104697,OI000566638,ITEM0088,2,1710.00,651.22,0.00,3420.00
ORD00104697,OI000566639,ITEM0135,3,105.00,69.46,0.00,315.00
ORD00104697,OI000566640,ITEM0151,3,60.00,43.08,0.00,180.00
ORD00104697,OI000566641,ITEM0159,1,460.00,192.62,0.00,460.00
ORD00104698,OI000566642,ITEM0003,1,380.00,139.35,200.00,180.00
ORD00104698,OI000566643,ITEM0035,2,960.00,403.00,0.00,1920.00
ORD00104698,OI000566644,ITEM0057,4,670.00,446.99,0.00,2680.00
ORD00104698,OI000566645,ITEM0136,5,490.00,167.58,0.00,2450.00
ORD00104698,OI000566646,ITEM0142,3,780.00,244.33,0.00,2340.00
ORD00104698,OI000566647,ITEM0151,2,60.00,43.08,0.00,120.00
ORD00104699,OI000566648,ITEM0068,1,680.00,470.19,0.00,680.00
ORD00104699,OI000566649,ITEM0098,1,1220.00,521.65,0.00,1220.00
ORD00104699,OI000566650,ITEM0134,1,160.00,105.60,0.00,160.00
ORD00104699,OI000566651,ITEM0136,1,530.00,167.58,0.00,530.00
ORD00104699,OI000566652,ITEM0138,1,270.00,108.52,0.00,270.00
ORD00104699,OI000566653,ITEM0155,1,210.00,93.65,0.00,210.00
ORD00104700,OI000566654,ITEM0004,1,600.00,214.30,200.00,400.00
ORD00104700,OI000566655,ITEM0148,3,320.00,208.57,0.00,960.00
ORD00104701,OI000566656,ITEM0003,1,380.00,139.35,122.58,257.42
ORD00104701,OI000566657,ITEM0057,2,670.00,446.99,0.00,1340.00
ORD00104701,OI000566657,ITEM0057,2,670.00,446.99,0.00,1340.00
ORD00104701,OI000566658,ITEM0058,1,1210.00,378.58,0.00,1210.00
ORD00104701,OI000566659,ITEM0068,3,680.00,470.19,0.00,2040.00
ORD00104701,OI000566660,ITEM0076,1,780.00,281.82,0.00,780.00
ORD00104701,OI000566661,ITEM0112,1,310.00,140.73,0.00,310.00
ORD00104701,OI000566662,ITEM0130,1,240.00,88.41,77.42,162.58
ORD00104701,OI000566663,ITEM0137,2,330.00,112.52,0.00,660.00
ORD00104701,OI000566664,ITEM0160,3,105.00,46.24,0.00,315.00
ORD00104702,OI000566665,ITEM0004,1,600.00,214.30,0.00,600.00
ORD00104702,OI000566666,ITEM0048,1,1460.00,572.91,0.00,1460.00
ORD00104702,OI000566667,ITEM0055,2,680.00,227.76,0.00,1360.00
ORD00104702,OI000566668,ITEM0067,2,320.00,108.16,0.00,640.00
ORD00104702,OI000566669,ITEM0068,1,680.00,470.19,0.00,680.00
ORD00104702,OI000566670,ITEM0095,1,1140.00,485.13,0.00,1140.00
ORD00104702,OI000566671,ITEM0148,2,350.00,208.57,0.00,700.00
ORD00104703,OI000566672,ITEM0004,3,600.00,214.30,0.00,1800.00
ORD00104703,OI000566673,ITEM0045,1,1530.00,595.53,0.00,1530.00
ORD00104703,OI000566674,ITEM0048,1,1460.00,572.91,0.00,1460.00
ORD00104703,OI000566675,ITEM0099,2,1300.00,471.54,0.00,2600.00
ORD00104703,OI000566676,ITEM0134,3,160.00,105.60,0.00,480.00
ORD00104703,OI000566677,ITEM0142,2,780.00,244.33,0.00,1560.00
ORD00104704,OI000566678,ITEM0074,1,1200.00,536.56,0.00,1200.00
ORD00104704,OI000566679,ITEM0130,2,240.00,88.41,200.00,280.00
ORD00104704,OI000566680,ITEM0138,2,270.00,108.52,0.00,540.00
ORD00104705,OI000566681,ITEM0003,1,380.00,139.35,0.00,380.00
ORD00104705,OI000566682,ITEM0040,2,730.00,258.94,0.00,1460.00
ORD00104705,OI000566683,ITEM0065,2,1300.00,489.16,0.00,2600.00
ORD00104705,OI000566684,ITEM0151,5,60.00,43.08,0.00,300.00
ORD00104706,OI000566685,ITEM0009,1,470.00,178.25,200.00,270.00
ORD00104706,OI000566686,ITEM0050,1,1720.00,751.10,0.00,1720.00
ORD00104706,OI000566687,ITEM0057,1,670.00,446.99,0.00,670.00
ORD00104706,OI000566688,ITEM0081,1,1510.00,1047.44,0.00,1510.00
ORD00104706,OI000566689,ITEM0113,1,480.00,193.08,0.00,480.00
ORD00104706,OI000566690,ITEM0142,6,780.00,244.33,0.00,4680.00
ORD00104707,OI000566691,ITEM0068,2,680.00,470.19,0.00,1360.00
ORD00104707,OI000566692,ITEM0130,2,240.00,88.41,0.00,480.00
ORD00104707,OI000566693,ITEM0150,1,125.00,48.98,0.00,125.00
ORD00104708,OI000566694,ITEM0010,2,1350.00,552.35,0.00,2700.00
ORD00104708,OI000566695,ITEM0027,1,440.00,144.90,0.00,440.00
ORD00104708,OI000566696,ITEM0066,1,950.00,343.77,0.00,950.00
ORD00104708,OI000566697,ITEM0083,1,1760.00,701.86,0.00,1760.00
ORD00104708,OI000566698,ITEM0135,1,105.00,69.46,0.00,105.00
ORD00104708,OI000566699,ITEM0137,1,330.00,112.52,0.00,330.00
ORD00104709,OI000566700,ITEM0027,2,440.00,144.90,0.00,880.00
ORD00104709,OI000566701,ITEM2723,2,1460.00,572.91,0.00,2920.00
ORD00104709,OI000566702,ITEM0057,1,670.00,446.99,0.00,670.00
ORD00104709,OI000566703,ITEM0086,1,1380.00,560.08,0.00,1380.00
ORD00104709,OI000566704,ITEM0134,4,160.00,105.60,0.00,640.00
ORD00104709,OI000566705,ITEM0160,6,105.00,46.24,0.00,630.00
ORD00104710,OI000566706,ITEM0046,2,2740.00,1088.75,0.00,5480.00
ORD00104710,OI000566707,ITEM0061,2,980.00,363.74,0.00,1960.00
ORD00104710,OI000566708,ITEM0094,2,1500.00,682.35,0.00,3000.00
ORD00104710,OI000566709,ITEM0124,1,190.00,131.48,0.00,190.00
ORD00104710,OI000566710,ITEM0125,2,290.00,119.62,0.00,580.00
ORD00104710,OI000566711,ITEM0134,3,160.00,105.60,0.00,480.00
ORD00104710,OI000566712,ITEM0137,1,330.00,112.52,0.00,330.00
ORD00104710,OI000566713,ITEM0151,7,60.00,43.08,0.00,420.00
ORD00104711,OI000566714,ITEM0001,1,260.00,93.07,71.23,188.77
ORD00104711,OI000566715,ITEM0009,1,470.00,178.25,128.77,341.23
ORD00104711,OI000566716,ITEM0134,2,160.00,105.60,0.00,320.00
ORD00104711,OI000566717,ITEM0151,1,60.00,43.08,0.00,60.00
ORD00104712,OI000566718,ITEM0042,1,5310.00,2490.02,0.00,5310.00
ORD00104712,OI000566719,ITEM0066,1,950.00,343.77,0.00,950.00
ORD00104712,OI000566720,ITEM0081,3,1510.00,1047.44,0.00,4530.00
ORD00104712,OI000566721,ITEM0112,2,310.00,140.73,0.00,620.00
ORD00104712,OI000566722,ITEM0123,1,310.00,138.90,0.00,310.00
ORD00104713,OI000566723,ITEM0032,2,780.00,356.48,0.00,1560.00
ORD00104713,OI000566724,ITEM0068,1,680.00,470.19,0.00,680.00
ORD00104713,OI000566725,ITEM0091,1,1850.00,702.28,0.00,1850.00
ORD00104713,OI000566726,ITEM0136,1,490.00,167.58,0.00,490.00
ORD00104713,OI000566727,ITEM0137,1,330.00,112.52,0.00,330.00
ORD00104714,OI000566728,ITEM0082,1,1920.00,687.45,0.00,1920.00
ORD00104714,OI000566729,ITEM0093,1,1090.00,392.41,0.00,1090.00
ORD00104714,OI000566730,ITEM0134,1,160.00,105.60,0.00,160.00
ORD00104714,OI000566731,ITEM0135,1,105.00,69.46,0.00,105.00
ORD00104714,OI000566732,ITEM0137,1,330.00,112.52,0.00,330.00
ORD00104714,OI000566733,ITEM0151,2,60.00,43.08,0.00,120.00
ORD00104715,OI000566734,ITEM0013,4,420.00,179.48,200.00,1480.00
ORD00104715,OI000566735,ITEM0027,1,440.00,144.90,0.00,440.00
ORD00104715,OI000566736,ITEM0088,1,1710.00,651.22,0.00,1710.00
ORD00104715,OI000566737,ITEM0111,2,260.00,91.26,0.00,520.00
ORD00104716,OI000566738,ITEM0047,2,1780.00,627.28,0.00,3560.00
ORD00104716,OI000566739,ITEM0050,2,1860.00,751.10,0.00,3720.00
ORD00104716,OI000566740,ITEM0067,1,320.00,108.16,0.00,320.00
ORD00104717,OI000566741,ITEM0027,1,440.00,144.90,0.00,440.00
ORD00104717,OI000566742,ITEM0068,1,680.00,470.19,0.00,680.00
ORD00104717,OI000566743,ITEM0132,3,390.00,159.49,0.00,1170.00
ORD00104717,OI000566744,ITEM0135,6,105.00,69.46,0.00,630.00
ORD00104717,OI000566745,ITEM0136,1,530.00,167.58,0.00,530.00
ORD00104717,OI000566746,ITEM0137,1,330.00,112.52,0.00,330.00
ORD00104718,OI000566747,ITEM0045,1,1530.00,595.53,0.00,1530.00
ORD00104718,OI000566748,ITEM0136,1,490.00,167.58,0.00,490.00
ORD00104718,OI000566749,ITEM0137,1,330.00,112.52,0.00,330.00
ORD00104718,OI000566750,ITEM0138,3,270.00,108.52,0.00,810.00
ORD00104718,OI000566751,ITEM0148,3,320.00,208.57,0.00,960.00
ORD00104718,OI000566752,ITEM0151,1,60.00,43.08,0.00,60.00
ORD00104719,OI000566753,ITEM0003,2,380.00,139.35,77.55,682.45
ORD00104719,OI000566754,ITEM0004,2,600.00,214.30,122.45,1077.55
ORD00104719,OI000566755,ITEM0050,2,1860.00,751.10,0.00,3720.00
ORD00104719,OI000566756,ITEM0081,1,1510.00,1047.44,0.00,1510.00
ORD00104719,OI000566757,ITEM0135,3,105.00,69.46,0.00,315.00
ORD00104719,OI000566758,ITEM0136,1,530.00,167.58,0.00,530.00
ORD00104719,OI000566759,ITEM0148,2,350.00,208.57,0.00,700.00
ORD00104720,OI000566760,ITEM0048,1,1460.00,572.91,0.00,1460.00
ORD00104720,OI000566761,ITEM0056,1,1440.00,468.22,0.00,1440.00
ORD00104720,OI000566762,ITEM0058,3,1210.00,378.58,0.00,3630.00
ORD00104720,OI000566763,ITEM0068,1,680.00,470.19,0.00,680.00
ORD00104720,OI000566764,ITEM0083,1,1760.00,701.86,0.00,1760.00
ORD00104720,OI000566765,ITEM0134,1,160.00,105.60,0.00,160.00
ORD00104720,OI000566766,ITEM0142,2,780.00,244.33,0.00,1560.00
ORD00104721,OI000566768,ITEM0081,1,1510.00,1047.44,0.00,1510.00
ORD00104721,OI000566769,ITEM0082,1,1920.00,687.45,0.00,1920.00
ORD00104721,OI000566770,ITEM0113,1,480.00,193.08,0.00,480.00
ORD00104721,OI000566771,ITEM0130,3,240.00,88.41,0.00,720.00
ORD00104721,OI000566772,ITEM0153,1,40.00,16.47,0.00,40.00
ORD00104721,OI000566773,ITEM0155,2,210.00,93.65,0.00,420.00
ORD00104721,OI000566774,ITEM0157,2,770.00,314.38,0.00,1540.00
ORD00104721,OI000566774,ITEM0157,2,770.00,314.38,0.00,1540.00
ORD00104722,OI000566775,ITEM0004,1,600.00,214.30,0.00,600.00
ORD00104722,OI000566776,ITEM0032,2,780.00,356.48,0.00,1560.00
ORD00104722,OI000566777,ITEM0081,1,1510.00,1047.44,0.00,1510.00
ORD00104722,OI000566778,ITEM0104,2,1420.00,476.78,0.00,2840.00
ORD00104722,OI000566779,ITEM0147,1,450.00,148.21,0.00,450.00
ORD00104723,OI000566780,ITEM0003,1,380.00,139.35,0.00,380.00
ORD00104723,OI000566781,ITEM0048,1,1460.00,572.91,0.00,1460.00
ORD00104723,OI000566782,ITEM0112,1,310.00,140.73,0.00,310.00
ORD00104723,OI000566782,ITEM0112,1,310.00,140.73,0.00,310.00
ORD00104723,OI000566783,ITEM0134,2,160.00,105.60,0.00,320.00
ORD00104723,OI000566784,ITEM0135,1,105.00,69.46,0.00,105.00
ORD00104723,OI000566785,ITEM0155,2,210.00,93.65,0.00,420.00
ORD00104724,OI000566786,ITEM0041,1,1250.00,495.95,0.00,1250.00
ORD00104724,OI000566787,ITEM0045,1,1530.00,595.53,0.00,1530.00
ORD00104724,OI000566788,ITEM0149,3,370.00,165.96,0.00,1110.00
ORD00104724,OI000566789,ITEM0153,1,40.00,16.47,0.00,40.00
ORD00104724,OI000566790,ITEM0160,1,105.00,46.24,0.00,105.00
ORD00104725,OI000566791,ITEM0012,1,900.00,402.60,0.00,900.00
ORD00104725,OI000566792,ITEM0034,1,1220.00,445.69,0.00,1220.00
ORD00104725,OI000566793,ITEM0045,2,1530.00,595.53,0.00,3060.00
ORD00104725,OI000566794,ITEM0054,2,1220.00,409.33,0.00,2440.00
ORD00104725,OI000566795,ITEM0159,2,460.00,192.62,0.00,920.00
ORD00104726,OI000566796,ITEM0032,1,780.00,356.48,0.00,780.00
ORD00104726,OI000566797,ITEM0048,2,1460.00,572.91,0.00,2920.00
ORD00104726,OI000566798,ITEM0068,2,680.00,470.19,0.00,1360.00
ORD00104726,OI000566799,ITEM0069,1,1130.00,391.06,0.00,1130.00
ORD00104726,OI000566800,ITEM0124,1,190.00,131.48,0.00,190.00
ORD00104726,OI000566801,ITEM0138,1,270.00,108.52,0.00,270.00
ORD00104726,OI000566802,ITEM0145,2,350.00,144.29,0.00,700.00
ORD00104726,OI000566802,ITEM0145,2,350.00,144.29,0.00,700.00
ORD00104727,OI000566803,ITEM0032,2,780.00,356.48,0.00,1560.00
ORD00104727,OI000566804,ITEM0046,4,2740.00,1088.75,0.00,10960.00
ORD00104727,OI000566805,ITEM0048,2,1460.00,572.91,0.00,2920.00
ORD00104727,OI000566806,ITEM0068,-1,680.00,470.19,0.00,680.00
ORD00104727,OI000566807,ITEM0138,7,270.00,108.52,0.00,1890.00
ORD00104727,OI000566808,ITEM0149,1,370.00,165.96,0.00,370.00
ORD00104727,OI000566809,ITEM0151,3,60.00,43.08,0.00,180.00
ORD00104728,OI000566810,ITEM0004,1,600.00,214.30,0.00,600.00
ORD00104728,OI000566811,ITEM0005,1,420.00,149.00,0.00,420.00
ORD00104728,OI000566812,ITEM0074,1,1200.00,536.56,0.00,1200.00
ORD00104728,OI000566813,ITEM0089,1,2070.00,892.05,0.00,2070.00
ORD00104728,OI000566814,ITEM0134,1,160.00,105.60,0.00,160.00
ORD00104728,OI000566815,ITEM0138,1,270.00,108.52,0.00,270.00
ORD00104728,OI000566816,ITEM0139,1,400.00,66.93,0.00,400.00
ORD00104729,OI000566817,ITEM0017,1,680.00,292.31,0.00,680.00
ORD00104729,OI000566818,ITEM0028,1,410.00,160.88,0.00,410.00
ORD00104729,OI000566819,ITEM0031,1,1100.00,364.08,0.00,1100.00
ORD00104729,OI000566820,ITEM0033,1,900.00,299.82,0.00,900.00
ORD00104729,OI000566821,ITEM0045,1,1530.00,595.53,0.00,1530.00
ORD00104729,OI000566822,ITEM0081,2,1510.00,1047.44,0.00,3020.00
ORD00104729,OI000566823,ITEM0134,3,160.00,105.60,0.00,480.00
ORD00104729,OI000566824,ITEM0135,5,105.00,69.46,0.00,525.00
ORD00104729,OI000566825,ITEM0138,1,270.00,108.52,0.00,270.00
ORD00104729,OI000566826,ITEM0151,7,60.00,43.08,0.00,420.00
ORD00104729,OI000566827,ITEM0154,4,370.00,126.03,0.00,1480.00
ORD00104730,OI000566828,ITEM0003,1,380.00,139.35,77.55,302.45
ORD00104730,OI000566829,ITEM0004,1,600.00,214.30,122.45,477.55
ORD00104730,OI000566830,ITEM0023,1,470.00,200.14,0.00,470.00
ORD00104730,OI000566831,ITEM0027,1,440.00,144.90,0.00,440.00
ORD00104730,OI000566832,ITEM0135,1,105.00,69.46,0.00,105.00
ORD00104730,OI000566833,ITEM0138,1,270.00,108.52,0.00,270.00
ORD00104730,OI000566834,ITEM0141,4,510.00,166.18,0.00,2040.00
ORD00104731,OI000566835,ITEM0004,2,600.00,214.30,0.00,1200.00
ORD00104731,OI000566836,ITEM5073,1,1570.00,711.90,0.00,1570.00
ORD00104731,OI000566837,ITEM0046,1,2740.00,1088.75,0.00,2740.00
ORD00104731,OI000566838,ITEM0091,1,1850.00,702.28,0.00,1850.00
ORD00104731,OI000566839,ITEM0093,2,1090.00,392.41,0.00,2180.00
ORD00104731,OI000566840,ITEM0113,1,480.00,193.08,0.00,480.00
ORD00104732,OI000566841,ITEM0032,1,780.00,356.48,0.00,780.00
ORD00104732,OI000566842,ITEM0057,2,670.00,446.99,0.00,1340.00
ORD00104732,OI000566843,ITEM0068,1,680.00,470.19,0.00,680.00
ORD00104732,OI000566844,ITEM0073,1,850.00,331.31,0.00,850.00
ORD00104732,OI000566845,ITEM0094,1,1500.00,682.35,0.00,1500.00
ORD00104732,OI000566846,ITEM0134,1,160.00,105.60,0.00,160.00
ORD00104732,OI000566847,ITEM0135,1,105.00,69.46,0.00,105.00
ORD00104732,OI000566848,ITEM0150,2,125.00,48.98,0.00,250.00
ORD00104732,OI000566849,ITEM0157,5,770.00,314.38,0.00,3850.00
ORD00104733,OI000566850,ITEM0005,2,420.00,149.00,0.00,840.00
ORD00104733,OI000566851,ITEM0046,1,2740.00,1088.75,0.00,2740.00
ORD00104733,OI000566852,ITEM0068,2,680.00,470.19,0.00,1360.00
ORD00104733,OI000566853,ITEM0134,1,160.00,105.60,0.00,160.00
ORD00104734,OI000566854,ITEM0033,1,900.00,299.82,0.00,900.00
ORD00104734,OI000566855,ITEM0035,1,960.00,403.00,0.00,960.00
ORD00104734,OI000566856,ITEM0055,2,680.00,227.76,0.00,1360.00
ORD00104734,OI000566857,ITEM0071,1,680.00,259.12,0.00,680.00
ORD00104734,OI000566858,ITEM0077,1,660.00,295.15,0.00,660.00
ORD00104734,OI000566859,ITEM0119,1,470.00,169.51,0.00,470.00
ORD00104735,OI000566860,ITEM0003,1,380.00,139.35,77.55,302.45
ORD00104735,OI000566861,ITEM0004,1,600.00,214.30,122.45,477.55
ORD00104735,OI000566862,ITEM0147,2,450.00,148.21,0.00,900.00
ORD00104735,OI000566863,ITEM0151,3,60.00,43.08,0.00,180.00
ORD00104736,OI000566864,ITEM0004,2,600.00,214.30,109.59,1090.41
ORD00104736,OI000566865,ITEM0011,1,990.00,332.30,90.41,899.59
ORD00104736,OI000566866,ITEM0044,2,1560.00,498.16,0.00,3120.00
ORD00104737,OI000566867,ITEM0045,1,1530.00,595.53,0.00,1530.00
ORD00104737,OI000566868,ITEM0048,2,1460.00,572.91,0.00,2920.00
ORD00104737,OI000566869,ITEM0065,1,1300.00,489.16,0.00,1300.00
ORD00104737,OI000566870,ITEM0081,1,1510.00,1047.44,0.00,1510.00
ORD00104737,OI000566871,ITEM0137,1,330.00,112.52,0.00,330.00
ORD00104737,OI000566872,ITEM0148,5,320.00,208.57,0.00,1600.00
ORD00104737,OI000566873,ITEM0153,1,40.00,16.47,0.00,40.00
ORD00104738,OI000566874,ITEM0027,4,440.00,144.90,0.00,1760.00
ORD00104738,OI000566875,ITEM0074,1,1200.00,536.56,0.00,1200.00
ORD00104738,OI000566876,ITEM0104,3,1420.00,476.78,0.00,4260.00
ORD00104738,OI000566877,ITEM0114,1,280.00,84.81,0.00,280.00
ORD00104738,OI000566878,ITEM0134,4,160.00,105.60,0.00,640.00
ORD00104738,OI000566879,ITEM0141,2,510.00,166.18,0.00,1020.00
ORD00104738,OI000566880,ITEM0151,2,60.00,43.08,0.00,120.00
ORD00104739,OI000566881,ITEM0004,2,600.00,214.30,50.53,1149.47
ORD00104739,OI000566882,ITEM0007,1,1570.00,711.90,66.11,1503.89
ORD00104739,OI000566883,ITEM0013,3,420.00,179.48,53.05,1206.95
ORD00104739,OI000566884,ITEM0085,3,1630.00,650.03,0.00,4890.00
ORD00104739,OI000566885,ITEM0098,1,1220.00,521.65,0.00,1220.00
ORD00104739,OI000566886,ITEM0130,3,240.00,88.41,30.32,689.68
ORD00104739,OI000566887,ITEM0151,2,60.00,43.08,0.00,120.00
ORD00104739,OI000566888,ITEM0152,3,95.00,38.94,0.00,285.00
ORD00104740,OI000566889,ITEM0003,1,380.00,139.35,79.58,300.42
ORD00104740,OI000566890,ITEM0013,1,420.00,179.48,87.96,332.04
ORD00104740,OI000566891,ITEM0027,2,440.00,144.90,0.00,880.00
ORD00104740,OI000566892,ITEM0034,1,1220.00,445.69,0.00,1220.00
ORD00104740,OI000566893,ITEM0081,1,1510.00,1047.44,0.00,1510.00
ORD00104740,OI000566894,ITEM0098,1,1220.00,521.65,0.00,1220.00
ORD00104740,OI000566895,ITEM0111,1,260.00,91.26,0.00,260.00
ORD00104740,OI000566896,ITEM0126,1,155.00,69.21,32.46,122.54
ORD00104740,OI000566897,ITEM0149,1,370.00,165.96,0.00,370.00
ORD00104741,OI000566898,ITEM0099,1,1300.00,471.54,0.00,1300.00
ORD00104741,OI000566899,ITEM0138,2,270.00,108.52,0.00,540.00
ORD00104742,OI000566900,ITEM0003,2,380.00,139.35,0.00,760.00
ORD00104742,OI000566901,ITEM0074,2,1200.00,536.56,0.00,2400.00
ORD00104742,OI000566902,ITEM0148,2,320.00,208.57,0.00,640.00
ORD00104743,OI000566903,ITEM0003,2,380.00,139.35,0.00,760.00
ORD00104743,OI000566904,ITEM0062,3,670.00,350.53,0.00,2010.00
ORD00104743,OI000566905,ITEM0073,1,850.00,331.31,0.00,850.00
ORD00104743,OI000566906,ITEM0074,1,1200.00,536.56,0.00,1200.00
ORD00104744,OI000566907,ITEM0028,2,410.00,160.88,0.00,820.00
ORD00104744,OI000566908,ITEM0033,1,900.00,299.82,0.00,900.00
ORD00104744,OI000566909,ITEM0046,2,2740.00,1088.75,0.00,5480.00
ORD00104744,OI000566910,ITEM0124,2,190.00,131.48,200.00,180.00
ORD00104744,OI000566911,ITEM0151,1,60.00,43.08,0.00,60.00
ORD00104745,OI000566912,ITEM0010,1,1350.00,552.35,200.00,1150.00
ORD00104745,OI000566913,ITEM0109,1,1500.00,513.48,0.00,1500.00
ORD00104745,OI000566914,ITEM0148,8,320.00,208.57,0.00,2560.00
ORD00104745,OI000566915,ITEM0150,4,125.00,48.98,0.00,500.00
ORD00104746,OI000566916,ITEM0005,2,420.00,149.00,0.00,840.00
ORD00104746,OI000566917,ITEM0057,1,670.00,446.99,0.00,670.00
ORD00104746,OI000566918,ITEM0076,1,720.00,281.82,0.00,720.00
ORD00104746,OI000566919,ITEM0081,1,1510.00,1047.44,0.00,1510.00
ORD00104746,OI000566920,ITEM0092,1,1410.00,465.66,0.00,1410.00
ORD00104746,OI000566921,ITEM0138,1,270.00,108.52,0.00,270.00
ORD00104746,OI000566922,ITEM0155,2,210.00,93.65,0.00,420.00
ORD00104747,OI000566923,ITEM0031,1,1100.00,364.08,0.00,1100.00
ORD00104747,OI000566924,ITEM0062,1,670.00,350.53,0.00,670.00
ORD00104747,OI000566925,ITEM0112,1,310.00,140.73,0.00,310.00
ORD00104748,OI000566926,ITEM0058,3,1210.00,378.58,0.00,3630.00
ORD00104748,OI000566927,ITEM0065,1,1300.00,489.16,0.00,1300.00
ORD00104748,OI000566928,ITEM0093,4,1090.00,392.41,0.00,4360.00
ORD00104748,OI000566929,ITEM0123,1,310.00,138.90,0.00,310.00
ORD00104749,OI000566930,ITEM0045,1,1530.00,595.53,0.00,1530.00
ORD00104749,OI000566931,ITEM0068,1,680.00,470.19,0.00,680.00
ORD00104749,OI000566932,ITEM0082,3,1920.00,687.45,0.00,5760.00
ORD00104749,OI000566933,ITEM0127,1,500.00,76.86,200.00,300.00
ORD00104749,OI000566934,ITEM0136,2,530.00,167.58,0.00,1060.00
ORD00104749,OI000566935,ITEM0137,1,330.00,112.52,0.00,330.00
ORD00104750,OI000566936,ITEM0004,3,600.00,214.30,176.47,1623.53
ORD00104750,OI000566937,ITEM0045,2,1530.00,595.53,0.00,3060.00
ORD00104750,OI000566938,ITEM0048,1,1460.00,572.91,0.00,1460.00
ORD00104750,OI000566939,ITEM0130,1,240.00,88.41,23.53,216.47
ORD00104750,OI000566940,ITEM0135,1,105.00,69.46,0.00,105.00
ORD00104750,OI000566941,ITEM0137,3,330.00,112.52,0.00,990.00
ORD00104750,OI000566942,ITEM0143,2,460.00,180.93,0.00,920.00
ORD00104750,OI000566943,ITEM0151,2,60.00,43.08,0.00,120.00
ORD00104751,OI000566944,ITEM0004,1,600.00,214.30,117.65,482.35
ORD00104751,OI000566945,ITEM0005,1,420.00,149.00,82.35,337.65
ORD00104751,OI000566946,ITEM0109,2,1500.00,513.48,0.00,3000.00
ORD00104751,OI000566947,ITEM0147,1,450.00,148.21,0.00,450.00
ORD00104752,OI000566948,ITEM0012,1,900.00,402.60,0.00,900.00
ORD00104752,OI000566949,ITEM0068,4,680.00,470.19,0.00,2720.00
ORD00104752,OI000566950,ITEM0081,1,1510.00,1047.44,0.00,1510.00
ORD00104752,OI000566951,ITEM0091,1,1850.00,702.28,0.00,1850.00
ORD00104752,OI000566952,ITEM0138,1,270.00,108.52,0.00,270.00
ORD00104753,OI000566953,ITEM0003,2,380.00,139.35,0.00,760.00
ORD00104753,OI000566954,ITEM0005,1,420.00,149.00,0.00,420.00
ORD00104753,OI000566955,ITEM0032,1,780.00,356.48,0.00,780.00
ORD00104753,OI000566956,ITEM0042,1,5310.00,2490.02,0.00,5310.00
ORD00104753,OI000566957,ITEM0048,1,1460.00,572.91,0.00,1460.00
ORD00104753,OI000566958,ITEM0115,1,610.00,186.26,0.00,610.00
ORD00104753,OI000566959,ITEM0134,1,160.00,105.60,0.00,160.00
ORD00104754,OI000566960,ITEM0045,2,1530.00,595.53,0.00,3060.00
ORD00104754,OI000566961,ITEM0057,1,670.00,446.99,0.00,670.00
ORD00104754,OI000566962,ITEM0073,1,850.00,331.31,0.00,850.00
ORD00104754,OI000566963,ITEM0085,1,1630.00,650.03,0.00,1630.00
ORD00104754,OI000566964,ITEM0113,1,480.00,193.08,0.00,480.00
ORD00104754,OI000566965,ITEM0137,1,330.00,112.52,0.00,330.00
ORD00104755,OI000566966,ITEM0125,2,290.00,119.62,200.00,380.00
ORD00104755,OI000566967,ITEM0151,11,60.00,43.08,0.00,660.00
ORD00104756,OI000566968,ITEM0032,2,780.00,356.48,0.00,1560.00
ORD00104756,OI000566969,ITEM0049,2,2540.00,1107.09,0.00,5080.00
ORD00104756,OI000566970,ITEM0059,2,730.00,317.89,0.00,1460.00
ORD00104756,OI000566971,ITEM0131,2,360.00,156.93,0.00,720.00
ORD00104757,OI000566972,ITEM0061,1,980.00,363.74,0.00,980.00
ORD00104757,OI000566973,ITEM0148,1,320.00,208.57,0.00,320.00
ORD00104757,OI000566974,ITEM0151,3,60.00,43.08,0.00,180.00
ORD00104758,OI000566975,ITEM0001,2,260.00,93.07,0.00,520.00
ORD00104758,OI000566976,ITEM0004,1,600.00,214.30,0.00,600.00
ORD00104758,OI000566977,ITEM0093,1,1090.00,392.41,0.00,1090.00
ORD00104759,OI000566978,ITEM0003,1,380.00,139.35,0.00,380.00
ORD00104759,OI000566979,ITEM0013,1,420.00,179.48,0.00,420.00
ORD00104759,OI000566980,ITEM0037,2,2310.00,972.25,0.00,4620.00
ORD00104759,OI000566981,ITEM0048,1,1460.00,572.91,0.00,1460.00
ORD00104759,OI000566982,ITEM0057,1,670.00,446.99,0.00,670.00
ORD00104759,OI000566983,ITEM0068,1,680.00,470.19,0.00,680.00
ORD00104759,OI000566984,ITEM0113,1,480.00,193.08,0.00,480.00
ORD00104759,OI000566985,ITEM0143,4,460.00,180.93,0.00,1840.00
ORD00104759,OI000566986,ITEM0151,1,60.00,43.08,0.00,60.00
ORD00104760,OI000566987,ITEM0010,1,1350.00,552.35,0.00,1350.00
ORD00104760,OI000566988,ITEM0046,1,2740.00,1088.75,0.00,2740.00
ORD00104760,OI000566989,ITEM0048,2,1460.00,572.91,0.00,2920.00
ORD00104760,OI000566990,ITEM0065,4,1300.00,489.16,0.00,5200.00
ORD00104760,OI000566991,ITEM0151,2,60.00,43.08,0.00,120.00
ORD00104761,OI000566992,ITEM0004,2,600.00,214.30,0.00,1200.00
ORD00104761,OI000566993,ITEM0040,2,730.00,258.94,0.00,1460.00
ORD00104761,OI000566994,ITEM0058,1,1210.00,378.58,0.00,1210.00
ORD00104761,OI000566995,ITEM0068,1,680.00,470.19,0.00,680.00
ORD00104761,OI000566996,ITEM0109,1,1500.00,513.48,0.00,1500.00
ORD00104761,OI000566997,ITEM0115,1,610.00,186.26,0.00,610.00
ORD00104761,OI000566998,ITEM0137,1,330.00,112.52,0.00,330.00
ORD00104762,OI000566999,ITEM0004,1,600.00,214.30,0.00,600.00
ORD00104762,OI000567000,ITEM0013,1,420.00,179.48,0.00,420.00
ORD00104762,OI000567001,ITEM0025,2,820.00,334.06,0.00,1640.00
ORD00104762,OI000567002,ITEM0045,4,1530.00,595.53,0.00,6120.00
ORD00104762,OI000567003,ITEM0065,1,1300.00,489.16,0.00,1300.00
ORD00104762,OI000567004,ITEM0068,1,680.00,470.19,0.00,680.00
ORD00104762,OI000567005,ITEM0083,2,1760.00,701.86,0.00,3520.00
ORD00104762,OI000567006,ITEM0112,1,310.00,140.73,0.00,310.00
ORD00104762,OI000567007,ITEM0138,2,270.00,108.52,0.00,540.00
ORD00104763,OI000567008,ITEM0013,1,420.00,179.48,0.00,420.00
ORD00104763,OI000567009,ITEM0095,2,1140.00,485.13,0.00,2280.00
ORD00104763,OI000567010,ITEM0124,1,190.00,131.48,0.00,190.00
ORD00104763,OI000567011,ITEM0135,4,105.00,69.46,0.00,420.00
ORD00104763,OI000567012,ITEM0148,1,320.00,208.57,0.00,320.00
ORD00104763,OI000567013,ITEM0152,1,95.00,38.94,0.00,95.00
ORD00104763,OI000567014,ITEM0158,1,370.00,151.76,0.00,370.00
ORD00104764,OI000567015,ITEM0003,1,380.00,139.35,200.00,180.00
ORD00104764,OI000567016,ITEM0035,1,960.00,403.00,0.00,960.00
ORD00104764,OI000567017,ITEM0135,1,105.00,69.46,0.00,105.00
ORD00104765,OI000567018,ITEM0033,1,900.00,299.82,0.00,900.00
ORD00104765,OI000567019,ITEM0157,1,770.00,314.38,0.00,770.00
ORD00104766,OI000567020,ITEM0031,2,1100.00,364.08,0.00,2200.00
ORD00104766,OI000567021,ITEM0033,1,900.00,299.82,0.00,900.00
ORD00104766,OI000567022,ITEM0045,1,1530.00,595.53,0.00,1530.00
ORD00104766,OI000567023,ITEM0058,1,1210.00,378.58,0.00,1210.00
ORD00104766,OI000567024,ITEM0106,2,3990.00,1784.77,0.00,7980.00
ORD00104766,OI000567025,ITEM0115,1,610.00,186.26,0.00,610.00
ORD00104766,OI000567026,ITEM0124,7,190.00,131.48,0.00,1330.00
ORD00104766,OI000567027,ITEM0133,2,180.00,78.35,0.00,360.00
ORD00104766,OI000567028,ITEM0135,2,105.00,69.46,0.00,210.00
ORD00104766,OI000567029,ITEM0141,2,510.00,166.18,0.00,1020.00
ORD00104766,OI000567030,ITEM0148,4,320.00,208.57,0.00,1280.00
ORD00104767,OI000567031,ITEM0003,1,380.00,139.35,49.03,330.97
ORD00104767,OI000567032,ITEM0020,1,810.00,323.82,0.00,810.00
ORD00104767,OI000567033,ITEM0029,1,1030.00,312.12,0.00,1030.00
ORD00104767,OI000567034,ITEM0132,3,390.00,159.49,150.97,1019.03
ORD00104767,OI000567035,ITEM0159,3,460.00,192.62,0.00,1380.00
ORD00104768,OI000567036,ITEM0003,3,380.00,139.35,200.00,940.00
ORD00104768,OI000567037,ITEM0041,1,1250.00,495.95,0.00,1250.00
ORD00104768,OI000567038,ITEM0045,1,1530.00,595.53,0.00,1530.00
ORD00104768,OI000567039,ITEM0046,2,2740.00,1088.75,0.00,5480.00
ORD00104768,OI000567040,ITEM0048,1,1460.00,572.91,0.00,1460.00
ORD00104768,OI000567041,ITEM0069,1,1130.00,391.06,0.00,1130.00
ORD00104769,OI000567042,ITEM0006,1,770.00,296.28,200.00,570.00
ORD00104769,OI000567043,ITEM0148,1,320.00,208.57,0.00,320.00
ORD00104770,OI000567044,ITEM0036,2,840.00,338.10,0.00,1680.00
ORD00104770,OI000567045,ITEM0090,1,1840.00,663.73,0.00,1840.00
ORD00104770,OI000567046,ITEM0100,2,1260.00,549.26,0.00,2520.00
ORD00104770,OI000567047,ITEM0112,2,310.00,140.73,0.00,620.00
ORD00104770,OI000567048,ITEM0134,2,160.00,105.60,0.00,320.00
ORD00104771,OI000567049,ITEM0032,3,780.00,356.48,0.00,2340.00
ORD00104771,OI000567050,ITEM0044,1,1440.00,498.16,0.00,1440.00
ORD00104771,OI000567051,ITEM0045,1,1530.00,595.53,0.00,1530.00
ORD00104771,OI000567052,ITEM0061,3,980.00,363.74,0.00,2940.00
ORD00104771,OI000567053,ITEM0093,2,1090.00,392.41,0.00,2180.00
ORD00104771,OI000567054,ITEM0123,1,310.00,138.90,0.00,310.00
ORD00104771,OI000567055,ITEM0130,3,240.00,88.41,200.00,520.00
ORD00104771,OI000567056,ITEM0141,2,510.00,166.18,0.00,1020.00
ORD00104772,OI000567057,ITEM0045,2,1530.00,595.53,0.00,3060.00
ORD00104772,OI000567058,ITEM0086,1,1380.00,560.08,0.00,1380.00
ORD00104772,OI000567059,ITEM0138,2,270.00,108.52,0.00,540.00
ORD00104773,OI000567060,ITEM0027,1,440.00,144.90,0.00,440.00
ORD00104773,OI000567061,ITEM0059,1,730.00,317.89,0.00,730.00
ORD00104773,OI000567062,ITEM0068,1,680.00,470.19,0.00,680.00
ORD00104773,OI000567063,ITEM0089,1,2070.00,892.05,0.00,2070.00
ORD00104773,OI000567064,ITEM0108,2,1730.00,620.80,0.00,3460.00
ORD00104773,OI000567065,ITEM0138,2,270.00,108.52,0.00,540.00
ORD00104773,OI000567066,ITEM0139,3,400.00,66.93,0.00,1200.00
ORD00104773,OI000567067,ITEM0145,1,350.00,144.29,0.00,350.00
ORD00104773,OI000567068,ITEM0146,1,580.00,200.95,0.00,580.00
ORD00104773,OI000567069,ITEM0152,2,95.00,38.94,0.00,190.00
ORD00104773,OI000567070,ITEM0157,4,770.00,314.38,0.00,3080.00
ORD00104774,OI000567071,ITEM0012,1,900.00,402.60,200.00,700.00
ORD00104774,OI000567072,ITEM0045,5,1530.00,595.53,0.00,7650.00
ORD00104775,OI000567073,ITEM0009,3,470.00,178.25,0.00,1410.00
ORD00104775,OI000567074,ITEM0011,2,920.00,332.30,0.00,1840.00
ORD00104775,OI000567075,ITEM0055,1,680.00,227.76,0.00,680.00
ORD00104775,OI000567076,ITEM0067,1,320.00,108.16,0.00,320.00
ORD00104775,OI000567077,ITEM0068,1,680.00,470.19,0.00,680.00
ORD00104775,OI000567078,ITEM0101,1,1230.00,414.61,0.00,1230.00
ORD00104775,OI000567079,ITEM0122,2,690.00,295.82,0.00,1380.00
ORD00104775,OI000567080,ITEM0124,1,190.00,131.48,0.00,190.00
ORD00104775,OI000567081,ITEM0135,2,105.00,69.46,0.00,210.00
ORD00104775,OI000567082,ITEM0137,2,330.00,112.52,0.00,660.00
ORD00104776,OI000567083,ITEM0082,1,1920.00,687.45,0.00,1920.00
ORD00104776,OI000567084,ITEM0099,1,1300.00,471.54,0.00,1300.00
ORD00104776,OI000567085,ITEM0148,3,320.00,208.57,0.00,960.00
ORD00104777,OI000567086,ITEM0003,1,380.00,139.35,200.00,180.00
ORD00104777,OI000567087,ITEM0027,1,440.00,144.90,0.00,440.00
ORD00104777,OI000567088,ITEM0048,1,1460.00,572.91,0.00,1460.00
ORD00104777,OI000567089,ITEM0054,1,1220.00,409.33,0.00,1220.00
ORD00104777,OI000567090,ITEM0121,1,360.00,121.95,0.00,360.00
ORD00104777,OI000567091,ITEM0135,2,105.00,69.46,0.00,210.00
ORD00104777,OI000567092,ITEM0138,4,270.00,108.52,0.00,1080.00
ORD00104777,OI000567093,ITEM0160,2,105.00,46.24,0.00,210.00
ORD00104778,OI000567094,ITEM0005,3,450.00,149.00,0.00,1350.00
ORD00104778,OI000567095,ITEM0058,3,1210.00,378.58,0.00,3630.00
ORD00104778,OI000567096,ITEM0062,1,670.00,350.53,0.00,670.00
ORD00104778,OI000567097,ITEM0092,2,1410.00,465.66,0.00,2820.00
ORD00104778,OI000567098,ITEM0099,1,1300.00,471.54,0.00,1300.00
ORD00104778,OI000567099,ITEM0137,2,330.00,112.52,0.00,660.00
ORD00104779,OI000567100,ITEM0066,1,950.00,343.77,0.00,950.00
ORD00104779,OI000567101,ITEM0072,1,790.00,332.55,0.00,790.00
ORD00104779,OI000567102,ITEM0134,1,160.00,105.60,0.00,160.00
ORD00104779,OI000567103,ITEM0143,2,460.00,180.93,0.00,920.00
ORD00104779,OI000567104,ITEM0151,2,65.00,43.08,0.00,130.00
ORD00104780,OI000567105,ITEM0061,3,980.00,363.74,0.00,2940.00
ORD00104780,OI000567106,ITEM0077,1,660.00,295.15,0.00,660.00
ORD00104780,OI000567107,ITEM0085,1,1630.00,650.03,0.00,1630.00
ORD00104780,OI000567108,ITEM0130,1,240.00,88.41,0.00,240.00
ORD00104780,OI000567109,ITEM0134,1,160.00,105.60,0.00,160.00
ORD00104780,OI000567110,ITEM0141,2,510.00,166.18,0.00,1020.00
ORD00104780,OI000567111,ITEM0151,2,60.00,43.08,0.00,120.00
ORD00104781,OI000567112,ITEM0005,1,420.00,149.00,0.00,420.00
ORD00104781,OI000567113,ITEM0067,3,320.00,108.16,0.00,960.00
ORD00104781,OI000567114,ITEM0117,1,910.00,139.74,0.00,910.00
ORD00104781,OI000567115,ITEM0143,3,460.00,180.93,0.00,1380.00
ORD00104781,OI000567116,ITEM0158,1,370.00,151.76,0.00,370.00
ORD00104781,OI000567117,ITEM0159,2,460.00,192.62,0.00,920.00
ORD00104782,OI000567118,ITEM0003,1,380.00,139.35,0.00,380.00
ORD00104782,OI000567119,ITEM0023,1,470.00,200.14,0.00,470.00
ORD00104782,OI000567120,ITEM0055,1,680.00,227.76,0.00,680.00
ORD00104782,OI000567121,,2,105.00,69.46,0.00,210.00
ORD00104782,OI000567122,ITEM0140,8,0.00,65.77,0.00,3600.00
ORD00104782,OI000567123,ITEM0145,1,350.00,144.29,0.00,350.00
ORD00104782,OI000567124,ITEM0148,3,320.00,208.57,0.00,960.00
ORD00104783,OI000567125,ITEM0067,1,320.00,108.16,0.00,320.00
ORD00104783,OI000567126,ITEM0068,2,680.00,470.19,0.00,1360.00
ORD00104783,OI000567127,ITEM0122,1,690.00,295.82,0.00,690.00
ORD00104783,OI000567128,ITEM0138,1,270.00,108.52,0.00,270.00
ORD00104783,OI000567129,ITEM0151,3,60.00,43.08,0.00,180.00
ORD00104783,OI000567130,ITEM0153,1,40.00,16.47,0.00,40.00
ORD00104784,OI000567131,ITEM0004,4,600.00,214.30,172.66,2227.34
ORD00104784,OI000567132,ITEM0026,1,540.00,239.70,0.00,540.00
ORD00104784,OI000567133,ITEM0077,3,660.00,295.15,0.00,1980.00
ORD00104784,OI000567134,ITEM0088,3,1710.00,651.22,0.00,5130.00
ORD00104784,OI000567135,ITEM0124,2,190.00,131.48,27.34,352.66
ORD00104784,OI000567136,ITEM0153,4,40.00,16.47,0.00,160.00
ORD00104785,OI000567137,ITEM0004,1,600.00,214.30,0.00,600.00
ORD00104785,OI000567138,ITEM0033,1,900.00,299.82,0.00,900.00
ORD00104785,OI000567139,ITEM0057,1,670.00,446.99,0.00,670.00
ORD00104785,OI000567140,ITEM0103,1,3020.00,1247.87,0.00,3020.00
ORD00104785,OI000567141,ITEM0150,1,125.00,48.98,0.00,125.00
ORD00104785,OI000567142,ITEM0158,3,370.00,151.76,0.00,1110.00
ORD00104786,OI000567143,ITEM0036,1,840.00,338.10,0.00,840.00
ORD00104786,OI000567144,ITEM0040,1,730.00,258.94,0.00,730.00
ORD00104786,OI000567145,ITEM0056,1,1440.00,468.22,0.00,1440.00
ORD00104786,OI000567146,ITEM0075,2,630.00,269.61,0.00,1260.00
ORD00104786,OI000567147,ITEM0081,4,1510.00,1047.44,0.00,6040.00
ORD00104786,OI000567148,ITEM0130,1,240.00,88.41,0.00,240.00
ORD00104786,OI000567149,ITEM0137,1,330.00,112.52,0.00,330.00
ORD00104786,OI000567150,ITEM0138,2,270.00,108.52,0.00,540.00
ORD00104787,OI000567151,ITEM0003,1,380.00,139.35,0.00,380.00
ORD00104787,OI000567152,ITEM0046,1,2740.00,1088.75,0.00,2740.00
ORD00104787,OI000567153,ITEM0058,1,1210.00,378.58,0.00,1210.00
ORD00104787,OI000567154,ITEM0134,1,160.00,105.60,0.00,160.00
ORD00104788,OI000567155,ITEM0003,1,380.00,139.35,14.62,365.38
ORD00104788,OI000567156,ITEM0007,2,1570.00,711.90,120.77,3019.23
ORD00104788,OI000567157,ITEM0013,4,420.00,179.48,64.62,1615.38
ORD00104788,OI000567158,ITEM0081,1,1510.00,1047.44,0.00,1510.00
ORD00104788,OI000567159,ITEM0138,1,270.00,108.52,0.00,270.00
ORD00104788,OI000567160,ITEM0159,1,460.00,192.62,0.00,460.00
ORD00104788,OI000567161,ITEM0160,4,105.00,46.24,0.00,420.00
ORD00104789,OI000567162,ITEM0004,1,600.00,214.30,0.00,600.00
ORD00104789,OI000567163,ITEM0028,1,410.00,160.88,0.00,410.00
ORD00104789,OI000567164,ITEM0046,2,2740.00,1088.75,0.00,5480.00
ORD00104789,OI000567165,ITEM0102,1,1340.00,625.27,0.00,1340.00
ORD00104789,OI000567166,ITEM0143,2,460.00,180.93,0.00,920.00
ORD00104789,OI000567167,ITEM0151,1,60.00,43.08,0.00,60.00
ORD00104789,OI000567168,ITEM0154,2,370.00,126.03,0.00,740.00
ORD00104790,OI000567169,ITEM0037,1,2310.00,972.25,0.00,2310.00
ORD00104790,OI000567170,ITEM0068,2,680.00,470.19,0.00,1360.00
ORD00104790,OI000567171,ITEM0073,1,850.00,331.31,0.00,850.00
ORD00104791,OI000567172,ITEM0026,1,540.00,239.70,0.00,540.00
ORD00104791,OI000567173,ITEM0027,1,440.00,144.90,0.00,440.00
ORD00104791,OI000567174,ITEM0045,1,1530.00,595.53,0.00,1530.00
ORD00104791,OI000567175,ITEM0050,1,1720.00,751.10,0.00,1720.00
ORD00104791,OI000567176,ITEM0052,1,800.00,314.45,0.00,800.00
ORD00104791,OI000567177,ITEM0133,1,180.00,78.35,0.00,180.00
ORD00104791,OI000567178,ITEM0155,6,210.00,93.65,0.00,1260.00
ORD00104792,OI000567179,ITEM0025,1,820.00,334.06,0.00,820.00
ORD00104792,OI000567180,ITEM0027,2,440.00,144.90,0.00,880.00
ORD00104793,OI000567182,ITEM0004,1,600.00,214.30,0.00,600.00
ORD00104793,OI000567183,ITEM0014,1,470.00,180.01,0.00,470.00
ORD00104793,OI000567184,ITEM0049,2,2740.00,1107.09,0.00,5480.00
ORD00104793,OI000567185,ITEM0135,5,105.00,69.46,0.00,525.00
ORD00104793,OI000567186,ITEM0148,1,350.00,208.57,0.00,350.00
ORD00104794,OI000567187,ITEM0027,3,440.00,144.90,0.00,1320.00
ORD00104794,OI000567188,ITEM0045,2,1530.00,595.53,0.00,3060.00
ORD00104794,OI000567189,ITEM0057,1,670.00,446.99,0.00,670.00
ORD00104795,OI000567190,ITEM0004,1,600.00,214.30,0.00,600.00
ORD00104795,OI000567191,ITEM0005,1,420.00,149.00,0.00,420.00
ORD00104795,OI000567192,ITEM0013,1,420.00,179.48,0.00,420.00
ORD00104795,OI000567193,ITEM0077,1,660.00,295.15,0.00,660.00
ORD00104795,OI000567194,ITEM0121,2,360.00,121.95,0.00,720.00
ORD00104795,OI000567195,ITEM0134,1,160.00,105.60,0.00,160.00
ORD00104795,OI000567196,ITEM0138,4,270.00,108.52,0.00,1080.00
ORD00104795,OI000567197,ITEM0148,1,320.00,208.57,0.00,320.00
ORD00104796,OI000567198,ITEM0008,2,990.00,157.77,0.00,1980.00
ORD00104796,OI000567199,ITEM0134,1,160.00,105.60,0.00,160.00
ORD00104797,OI000567200,ITEM0032,1,780.00,356.48,0.00,780.00
ORD00104797,OI000567201,ITEM0045,1,1530.00,595.53,0.00,1530.00
ORD00104797,OI000567202,ITEM0089,2,2070.00,892.05,0.00,4140.00
ORD00104797,OI000567203,ITEM0136,1,490.00,167.58,0.00,490.00
ORD00104797,OI000567204,ITEM0137,2,330.00,112.52,0.00,660.00
ORD00104797,OI000567205,ITEM0154,2,370.00,126.03,0.00,740.00
ORD00104797,OI000567205,ITEM0154,2,370.00,126.03,0.00,740.00
ORD00104798,OI000567206,ITEM0005,1,420.00,149.00,0.00,420.00
ORD00104798,OI000567207,ITEM0134,1,160.00,105.60,0.00,160.00
ORD00104798,OI000567208,ITEM0137,2,330.00,112.52,0.00,660.00
ORD00104798,OI000567209,ITEM0143,4,460.00,180.93,0.00,1840.00
ORD00104798,OI000567210,ITEM0150,1,125.00,48.98,0.00,125.00
ORD00104798,OI000567211,ITEM0155,1,210.00,93.65,0.00,210.00
ORD00104799,OI000567212,ITEM0009,1,470.00,178.25,0.00,470.00
ORD00104799,OI000567213,ITEM0010,1,1350.00,552.35,0.00,1350.00
ORD00104799,OI000567214,ITEM0041,4,1250.00,495.95,0.00,5000.00
ORD00104799,OI000567215,ITEM0065,1,1300.00,489.16,0.00,1300.00
ORD00104799,OI000567216,ITEM0068,1,680.00,470.19,0.00,680.00
ORD00104799,OI000567217,ITEM0087,2,3340.00,1425.09,0.00,6680.00
ORD00104799,OI000567218,ITEM0098,1,1220.00,521.65,0.00,1220.00
ORD00104799,OI000567219,ITEM0105,1,2750.00,841.34,0.00,2750.00
ORD00104799,OI000567220,ITEM0134,5,160.00,105.60,0.00,800.00
ORD00104799,OI000567221,ITEM0138,2,270.00,108.52,0.00,540.00
ORD00104800,OI000567222,ITEM0004,1,600.00,214.30,0.00,600.00
ORD00104800,OI000567223,ITEM0013,2,420.00,179.48,0.00,840.00
ORD00104800,OI000567224,ITEM0015,2,500.00,184.59,0.00,1000.00
ORD00104800,OI000567225,ITEM0023,1,470.00,200.14,0.00,470.00
ORD00104800,OI000567226,ITEM0055,2,680.00,227.76,0.00,1360.00
ORD00104800,OI000567227,ITEM0068,2,680.00,470.19,0.00,1360.00
ORD00104800,OI000567228,ITEM0081,1,1510.00,1047.44,0.00,1510.00
ORD00104800,OI000567229,ITEM0138,1,270.00,108.52,0.00,270.00
ORD00104801,OI000567230,ITEM0050,1,1720.00,751.10,0.00,1720.00
ORD00104801,OI000567231,ITEM0093,1,1090.00,392.41,0.00,1090.00
ORD00104801,OI000567232,ITEM0150,2,125.00,48.98,0.00,250.00
ORD00104802,OI000567233,ITEM0054,1,1220.00,409.33,0.00,1220.00
ORD00104802,OI000567234,ITEM0056,1,1440.00,468.22,0.00,1440.00
ORD00104802,OI000567235,ITEM0085,1,1630.00,650.03,0.00,1630.00
ORD00104802,OI000567236,ITEM0117,1,910.00,139.74,0.00,910.00
ORD00104802,OI000567237,ITEM0129,3,540.00,183.07,0.00,1620.00
ORD00104802,OI000567238,ITEM0154,3,370.00,126.03,0.00,1110.00
ORD00104803,OI000567239,ITEM0045,1,1530.00,595.53,0.00,1530.00
ORD00104803,OI000567240,ITEM0083,2,1760.00,701.86,0.00,3520.00
ORD00104803,OI000567241,ITEM0157,2,770.00,314.38,0.00,1540.00
ORD00104804,OI000567242,ITEM0003,1,380.00,139.35,200.00,180.00
ORD00104804,OI000567243,ITEM0068,1,680.00,470.19,0.00,680.00
ORD00104804,OI000567244,ITEM0123,1,310.00,138.90,0.00,310.00
ORD00104804,OI000567245,ITEM0135,3,105.00,69.46,0.00,315.00
ORD00104804,OI000567246,ITEM0142,1,780.00,244.33,0.00,780.00
ORD00104805,OI000567247,ITEM0004,1,600.00,214.30,0.00,600.00
ORD00104805,OI000567248,ITEM0046,3,2740.00,1088.75,0.00,8220.00
ORD00104805,OI000567249,ITEM0124,1,190.00,131.48,0.00,190.00
ORD00104805,OI000567250,ITEM0148,3,320.00,208.57,0.00,960.00
ORD00104806,OI000567251,ITEM0092,1,1410.00,465.66,0.00,1410.00
ORD00104806,OI000567252,ITEM0124,3,190.00,131.48,0.00,570.00
ORD00104806,OI000567253,ITEM0138,4,270.00,108.52,0.00,1080.00
ORD00104806,OI000567254,ITEM0146,2,580.00,200.95,0.00,1160.00
ORD00104806,OI000567255,ITEM0151,1,60.00,43.08,0.00,60.00
ORD00104806,OI000567256,ITEM0155,3,210.00,93.65,0.00,630.00
ORD00104807,OI000567257,ITEM0031,2,1100.00,364.08,0.00,2200.00
ORD00104807,OI000567258,ITEM0065,3,1300.00,489.16,0.00,3900.00
ORD00104807,OI000567259,ITEM0066,5,950.00,343.77,0.00,4750.00
ORD00104807,OI000567260,ITEM0076,1,720.00,281.82,0.00,720.00
ORD00104807,OI000567261,ITEM0083,1,1760.00,701.86,0.00,1760.00
ORD00104807,OI000567262,ITEM0091,1,1850.00,702.28,0.00,1850.00
ORD00104807,OI000567263,ITEM0100,1,1260.00,549.26,0.00,1260.00
ORD00104807,OI000567264,ITEM0129,3,540.00,183.07,0.00,1620.00
ORD00104807,OI000567265,ITEM0133,1,180.00,78.35,0.00,180.00
ORD00104807,OI000567266,ITEM0138,2,270.00,108.52,0.00,540.00
ORD00104808,OI000567267,ITEM0020,5,810.00,323.82,0.00,4050.00
ORD00104808,OI000567268,ITEM0033,1,900.00,299.82,0.00,900.00
ORD00104808,OI000567269,ITEM0034,1,1220.00,445.69,0.00,1220.00
ORD00104808,OI000567270,ITEM0075,1,630.00,269.61,0.00,630.00
ORD00104808,OI000567271,ITEM0083,1,1760.00,701.86,0.00,1760.00
ORD00104808,OI000567272,ITEM0141,1,510.00,166.18,0.00,510.00
ORD00104809,OI000567273,ITEM0027,1,440.00,144.90,0.00,440.00
ORD00104809,OI000567274,ITEM0131,1,360.00,156.93,0.00,360.00
ORD00104809,OI000567275,ITEM0134,2,160.00,105.60,0.00,320.00
ORD00104810,OI000567277,ITEM0130,1,240.00,88.41,0.00,240.00
ORD00104810,OI000567278,ITEM0140,2,450.00,65.77,0.00,900.00
ORD00104811,OI000567279,ITEM0071,1,730.00,259.12,0.00,730.00
ORD00104811,OI000567280,ITEM0086,2,1380.00,560.08,0.00,2760.00
ORD00104811,OI000567281,ITEM0141,3,510.00,166.18,0.00,1530.00
ORD00104811,OI000567282,ITEM0143,4,460.00,180.93,0.00,1840.00
ORD00104811,OI000567283,ITEM0151,4,65.00,43.08,0.00,260.00
ORD00104812,OI000567284,ITEM0044,1,1440.00,498.16,0.00,1440.00
ORD00104812,OI000567285,ITEM0057,1,670.00,446.99,0.00,670.00
ORD00104812,OI000567286,ITEM0068,1,680.00,470.19,0.00,680.00
ORD00104812,OI000567287,ITEM0117,1,910.00,139.74,0.00,910.00
ORD00104813,OI000567288,ITEM0001,1,260.00,93.07,18.71,241.29
ORD00104813,OI000567289,ITEM0003,1,380.00,139.35,27.34,352.66
ORD00104813,OI000567290,ITEM0004,1,600.00,214.30,43.17,556.83
ORD00104813,OI000567290,ITEM0004,1,600.00,214.30,43.17,556.83
ORD00104813,OI000567291,ITEM0006,2,770.00,296.28,110.79,1429.21
ORD00104813,OI000567292,ITEM0138,1,270.00,108.52,0.00,270.00
ORD00104813,OI000567293,ITEM0148,3,320.00,208.57,0.00,960.00
ORD00104813,OI000567294,ITEM0151,2,60.00,43.08,0.00,120.00
ORD00104814,OI000567295,ITEM0001,2,260.00,93.07,0.00,520.00
ORD00104814,OI000567296,ITEM0033,1,900.00,299.82,0.00,900.00
ORD00104814,OI000567297,ITEM0046,3,2740.00,1088.75,0.00,8220.00
ORD00104814,OI000567298,ITEM0057,1,670.00,446.99,0.00,670.00
ORD00104814,OI000567299,ITEM0092,3,1410.00,465.66,0.00,4230.00
ORD00104815,OI000567300,ITEM0029,1,950.00,312.12,0.00,950.00
ORD00104815,OI000567301,ITEM0039,1,980.00,450.35,0.00,980.00
ORD00104815,OI000567302,ITEM0048,1,1460.00,572.91,0.00,1460.00
ORD00104815,OI000567303,ITEM0068,1,680.00,470.19,0.00,680.00
ORD00104815,OI000567304,ITEM0149,1,370.00,165.96,0.00,370.00
ORD00104816,OI000567305,ITEM0009,1,470.00,178.25,200.00,270.00
ORD00104816,OI000567306,ITEM0113,1,480.00,193.08,0.00,480.00
ORD00104816,OI000567307,ITEM0145,1,350.00,144.29,0.00,350.00
ORD00104817,OI000567308,ITEM0029,1,950.00,312.12,0.00,950.00
ORD00104817,OI000567309,ITEM0048,1,1460.00,572.91,0.00,1460.00
ORD00104817,OI000567310,ITEM0133,1,180.00,78.35,180.00,0.00
ORD00104817,OI000567310,ITEM0133,1,180.00,78.35,180.00,0.00
ORD00104817,OI000567311,ITEM0159,4,460.00,192.62,0.00,1840.00
ORD00104818,OI000567312,ITEM0004,1,600.00,214.30,0.00,600.00
ORD00104818,OI000567313,ITEM0046,1,2740.00,1088.75,0.00,2740.00
ORD00104818,OI000567314,ITEM0077,1,660.00,295.15,0.00,660.00
ORD00104818,OI000567315,ITEM0081,4,1510.00,1047.44,0.00,6040.00
ORD00104818,OI000567316,ITEM0119,3,470.00,169.51,0.00,1410.00
ORD00104818,OI000567317,ITEM0138,3,270.00,108.52,0.00,810.00
ORD00104818,OI000567318,ITEM0151,6,60.00,43.08,0.00,360.00
ORD00104818,OI000567319,ITEM0160,2,105.00,46.24,0.00,210.00
ORD00104819,OI000567320,ITEM0004,1,600.00,214.30,0.00,600.00
ORD00104819,OI000567321,ITEM0036,1,840.00,338.10,0.00,840.00
ORD00104819,OI000567322,ITEM0046,1,2740.00,1088.75,0.00,2740.00
ORD00104819,OI000567323,ITEM0049,2,2540.00,1107.09,0.00,5080.00
ORD00104819,OI000567324,ITEM0059,1,730.00,317.89,0.00,730.00
ORD00104819,OI000567325,ITEM0085,1,1630.00,650.03,0.00,1630.00
ORD00104819,OI000567326,ITEM0132,5,390.00,159.49,0.00,1950.00
ORD00104819,OI000567327,ITEM0134,3,0.00,105.60,0.00,480.00
ORD00104819,OI000567328,ITEM0148,1,320.00,208.57,0.00,320.00
ORD00104820,OI000567329,ITEM0044,1,1560.00,498.16,0.00,1560.00
ORD00104820,OI000567330,ITEM0051,1,730.00,266.66,0.00,730.00
ORD00104820,OI000567331,ITEM0072,2,790.00,332.55,0.00,1580.00
ORD00104820,OI000567332,ITEM0081,1,1510.00,1047.44,0.00,1510.00
ORD00104820,OI000567333,ITEM0085,1,1630.00,650.03,0.00,1630.00
ORD00104820,OI000567334,ITEM0111,1,280.00,91.26,0.00,280.00
ORD00104820,OI000567335,ITEM0134,1,160.00,105.60,0.00,160.00
ORD00104820,OI000567336,ITEM0136,1,530.00,167.58,0.00,530.00
ORD00104821,OI000567337,ITEM0004,1,600.00,214.30,0.00,600.00
ORD00104821,OI000567338,ITEM0112,1,310.00,140.73,0.00,310.00
ORD00104821,OI000567339,ITEM0138,4,270.00,108.52,0.00,1080.00
ORD00104821,OI000567340,ITEM0160,4,105.00,46.24,0.00,420.00
ORD00104822,OI000567341,ITEM0001,1,260.00,93.07,200.00,60.00
ORD00104822,OI000567342,ITEM0034,1,1220.00,445.69,0.00,1220.00
ORD00104822,OI000567343,ITEM0050,1,1720.00,751.10,0.00,1720.00
ORD00104822,OI000567344,ITEM0135,1,105.00,69.46,0.00,105.00
ORD00104822,OI000567345,ITEM0136,4,490.00,167.58,0.00,1960.00
ORD00104823,OI000567346,ITEM0082,1,1920.00,687.45,0.00,1920.00
ORD00104823,OI000567347,ITEM0136,2,490.00,167.58,0.00,980.00
ORD00104823,OI000567348,ITEM0137,1,330.00,112.52,0.00,330.00
ORD00104823,OI000567349,ITEM0153,2,40.00,16.47,0.00,80.00
ORD00104823,OI000567350,ITEM0154,1,370.00,126.03,0.00,370.00
ORD00104824,OI000567351,ITEM0004,1,600.00,214.30,0.00,600.00
ORD00104824,OI000567352,ITEM0061,1,980.00,363.74,0.00,980.00
ORD00104824,OI000567353,ITEM0066,1,950.00,343.77,0.00,950.00
ORD00104824,OI000567354,ITEM0077,1,660.00,295.15,0.00,660.00
ORD00104824,OI000567355,ITEM0082,1,1920.00,687.45,0.00,1920.00
ORD00104824,OI000567356,ITEM0130,1,240.00,88.41,0.00,240.00
ORD00104824,OI000567357,ITEM0136,4,490.00,167.58,0.00,1960.00
ORD00104824,OI000567358,ITEM0145,1,350.00,144.29,0.00,350.00
ORD00104825,OI000567359,ITEM0002,1,210.00,72.86,0.00,210.00
ORD00104825,OI000567360,ITEM0028,1,410.00,160.88,0.00,410.00
ORD00104825,OI000567361,ITEM0050,1,1860.00,751.10,0.00,1860.00
ORD00104825,OI000567362,ITEM0130,1,240.00,88.41,0.00,240.00
ORD00104826,OI000567363,ITEM0003,2,380.00,139.35,0.00,760.00
ORD00104826,OI000567364,ITEM0050,1,1860.00,751.10,0.00,1860.00
ORD00104826,OI000567365,ITEM0081,2,1510.00,1047.44,0.00,3020.00
ORD00104826,OI000567366,ITEM0084,1,1240.00,425.59,0.00,1240.00
ORD00104826,OI000567367,ITEM0135,1,105.00,69.46,0.00,105.00
ORD00104827,OI000567368,ITEM0003,1,380.00,139.35,0.00,380.00
ORD00104827,OI000567369,ITEM0013,1,420.00,179.48,0.00,420.00
ORD00104827,OI000567370,ITEM0033,1,900.00,299.82,0.00,900.00
ORD00104827,OI000567371,ITEM0091,2,1850.00,702.28,0.00,3700.00
ORD00104827,OI000567372,ITEM0124,2,190.00,131.48,0.00,380.00
ORD00104827,OI000567373,ITEM0150,1,125.00,48.98,0.00,125.00
ORD00104827,OI000567374,ITEM0155,3,210.00,93.65,0.00,630.00
ORD00104828,OI000567375,ITEM0002,1,210.00,72.86,43.30,166.70
ORD00104828,OI000567376,ITEM0003,2,380.00,139.35,156.70,603.30
ORD00104828,OI000567377,ITEM0026,1,540.00,239.70,0.00,540.00
ORD00104828,OI000567378,ITEM0028,3,410.00,160.88,0.00,1230.00
ORD00104828,OI000567379,ITEM0034,1,1220.00,445.69,0.00,1220.00
ORD00104828,OI000567380,ITEM0137,2,330.00,112.52,0.00,660.00
ORD00104828,OI000567381,ITEM0148,5,320.00,208.57,0.00,1600.00
ORD00104828,OI000567382,ITEM0151,2,60.00,43.08,0.00,120.00
ORD00104828,OI000567383,ITEM0158,2,370.00,151.76,0.00,740.00
ORD00104829,OI000567384,ITEM0012,3,900.00,402.60,0.00,2700.00
ORD00104829,OI000567385,ITEM0013,1,-420.00,179.48,0.00,420.00
ORD00104829,OI000567386,ITEM0025,2,820.00,334.06,0.00,1640.00
ORD00104829,OI000567387,ITEM0028,1,410.00,160.88,0.00,410.00
ORD00104829,OI000567388,ITEM0067,1,320.00,108.16,0.00,320.00
ORD00104829,OI000567389,ITEM0076,1,720.00,281.82,0.00,720.00
ORD00104829,OI000567390,ITEM0134,1,160.00,105.60,0.00,160.00
ORD00104830,OI000567391,ITEM0012,1,900.00,402.60,136.36,763.64
ORD00104830,OI000567392,ITEM0013,1,420.00,179.48,63.64,356.36
ORD00104830,OI000567393,ITEM0054,1,1220.00,409.33,0.00,1220.00
ORD00104830,OI000567394,ITEM0058,1,1210.00,378.58,0.00,1210.00
ORD00104830,OI000567395,ITEM0073,2,850.00,331.31,0.00,1700.00
ORD00104830,OI000567396,ITEM0075,1,630.00,269.61,0.00,630.00
ORD00104830,OI000567397,ITEM0083,2,1760.00,701.86,0.00,3520.00
ORD00104830,OI000567398,ITEM0151,2,60.00,43.08,0.00,120.00
ORD00104831,OI000567399,ITEM0057,1,670.00,446.99,0.00,670.00
ORD00104831,OI000567400,ITEM0077,3,660.00,295.15,0.00,1980.00
ORD00104831,OI000567401,ITEM0112,2,310.00,140.73,0.00,620.00
ORD00104832,OI000567402,ITEM0036,2,840.00,338.10,0.00,1680.00
ORD00104832,OI000567403,ITEM0075,1,630.00,269.61,0.00,630.00
ORD00104832,OI000567404,ITEM0084,2,1240.00,425.59,0.00,2480.00
ORD00104832,OI000567405,ITEM0136,1,530.00,167.58,0.00,530.00
ORD00104833,OI000567406,ITEM0040,1,730.00,258.94,0.00,730.00
ORD00104833,OI000567407,ITEM0045,2,1530.00,595.53,0.00,3060.00
ORD00104833,OI000567408,ITEM0048,3,1460.00,572.91,0.00,4380.00
ORD00104833,OI000567409,ITEM0088,2,1710.00,651.22,0.00,3420.00
ORD00104833,OI000567410,ITEM0128,1,500.00,70.39,0.00,500.00
ORD00104833,OI000567411,ITEM0134,2,160.00,105.60,0.00,320.00
ORD00104833,OI000567412,ITEM0136,1,490.00,167.58,0.00,490.00
ORD00104833,OI000567412,ITEM0136,1,490.00,167.58,0.00,490.00
ORD00104833,OI000567413,ITEM0138,1,270.00,108.52,0.00,270.00
ORD00104833,OI000567414,ITEM0160,1,105.00,46.24,0.00,105.00
ORD00104834,OI000567415,ITEM0004,1,600.00,214.30,0.00,600.00
ORD00104834,OI000567416,ITEM0061,2,980.00,363.74,0.00,1960.00
ORD00104834,OI000567417,ITEM0068,1,680.00,470.19,0.00,680.00
ORD00104834,OI000567418,ITEM0134,1,160.00,105.60,0.00,160.00
ORD00104834,OI000567419,ITEM0150,2,125.00,48.98,0.00,250.00
ORD00104834,OI000567420,ITEM0151,4,60.00,43.08,0.00,240.00
ORD00104834,OI000567421,ITEM0152,1,95.00,38.94,0.00,95.00
ORD00104835,OI000567422,ITEM0003,1,380.00,139.35,0.00,380.00
ORD00104835,OI000567423,ITEM0048,1,1460.00,572.91,0.00,1460.00
ORD00104835,OI000567424,ITEM0138,2,270.00,108.52,0.00,540.00
ORD00104835,OI000567425,ITEM0148,1,350.00,208.57,0.00,350.00
ORD00104836,OI000567426,ITEM0005,1,420.00,149.00,59.57,360.43
ORD00104836,OI000567427,ITEM0008,1,990.00,157.77,140.43,849.57
ORD00104836,OI000567428,ITEM0019,1,360.00,154.84,0.00,360.00
ORD00104836,OI000567429,ITEM0045,1,1530.00,595.53,0.00,1530.00
ORD00104836,OI000567430,ITEM0046,1,2740.00,1088.75,0.00,2740.00
ORD00104836,OI000567431,ITEM0068,1,680.00,470.19,0.00,680.00
ORD00104836,OI000567432,ITEM0083,1,1760.00,701.86,0.00,1760.00
ORD00104836,OI000567433,ITEM0134,1,160.00,105.60,0.00,160.00
ORD00104836,OI000567434,ITEM0157,1,770.00,314.38,0.00,770.00
ORD00104837,OI000567435,ITEM0045,2,1530.00,595.53,0.00,3060.00
ORD00104837,OI000567436,ITEM0091,1,1850.00,702.28,0.00,1850.00
ORD00104837,OI000567437,ITEM0134,1,160.00,105.60,0.00,160.00
ORD00104837,OI000567438,ITEM0139,3,400.00,66.93,0.00,1200.00
ORD00104837,OI000567439,ITEM0148,1,320.00,208.57,0.00,320.00
ORD00104837,OI000567440,ITEM0152,4,95.00,38.94,0.00,380.00
ORD00104838,OI000567441,ITEM0050,1,1860.00,751.10,0.00,1860.00
ORD00104838,OI000567442,ITEM0054,3,1320.00,409.33,0.00,3960.00
ORD00104838,OI000567443,ITEM0057,1,670.00,446.99,0.00,670.00
ORD00104838,OI000567444,ITEM0081,2,1510.00,1047.44,0.00,3020.00
ORD00104838,OI000567445,ITEM0113,2,480.00,193.08,0.00,960.00
ORD00104838,OI000567446,ITEM0154,7,370.00,126.03,0.00,2590.00
ORD00104839,OI000567447,ITEM0003,1,380.00,139.35,0.00,380.00
ORD00104839,OI000567448,ITEM0051,1,730.00,266.66,0.00,730.00
ORD00104839,OI000567449,ITEM0082,1,1920.00,687.45,0.00,1920.00
ORD00104839,OI000567450,ITEM0134,1,160.00,105.60,0.00,160.00
ORD00104840,OI000567451,ITEM0013,1,420.00,179.48,146.09,273.91
ORD00104840,OI000567452,ITEM0054,2,1220.00,409.33,0.00,2440.00
ORD00104840,OI000567453,ITEM0081,1,1510.00,1047.44,0.00,1510.00
ORD00104840,OI000567454,ITEM0082,1,1920.00,687.45,0.00,1920.00
ORD00104840,OI000567455,ITEM0088,1,1710.00,651.22,0.00,1710.00
ORD00104840,OI000567456,ITEM0126,1,155.00,69.21,53.91,101.09
ORD00104840,OI000567457,ITEM0135,2,105.00,69.46,0.00,210.00
ORD00104840,OI000567458,ITEM0152,1,95.00,38.94,0.00,95.00
ORD00104840,OI000567459,ITEM0159,2,460.00,192.62,0.00,920.00
ORD00104841,OI000567460,ITEM0057,1,670.00,446.99,0.00,670.00
ORD00104841,OI000567461,ITEM0134,3,160.00,105.60,0.00,480.00
ORD00104841,OI000567462,ITEM0143,1,460.00,180.93,0.00,460.00
ORD00104842,OI000567463,ITEM0029,1,950.00,312.12,0.00,950.00
ORD00104842,OI000567464,ITEM0048,1,1460.00,572.91,0.00,1460.00
ORD00104842,OI000567465,ITEM0091,1,1850.00,702.28,0.00,1850.00
ORD00104842,OI000567466,ITEM0151,2,60.00,43.08,0.00,120.00
ORD00104843,OI000567467,ITEM0033,1,900.00,299.82,0.00,900.00
ORD00104843,OI000567468,ITEM0046,1,2740.00,1088.75,0.00,2740.00
ORD00104843,OI000567469,ITEM0085,2,1630.00,650.03,0.00,3260.00
ORD00104843,OI000567470,ITEM0088,5,1710.00,651.22,0.00,8550.00
ORD00104843,OI000567472,ITEM0113,1,480.00,193.08,0.00,480.00
ORD00104843,OI000567473,ITEM0115,1,610.00,186.26,0.00,610.00
ORD00104843,OI000567474,ITEM0157,1,770.00,314.38,0.00,770.00
ORD00104844,OI000567475,ITEM0057,2,670.00,446.99,0.00,1340.00
ORD00104844,OI000567476,ITEM0068,1,680.00,470.19,0.00,680.00
ORD00104844,OI000567477,ITEM0081,2,1510.00,1047.44,0.00,3020.00
ORD00104844,OI000567478,ITEM0112,1,310.00,140.73,0.00,310.00
ORD00104844,OI000567479,ITEM0141,1,510.00,166.18,0.00,510.00
ORD00104845,OI000567480,ITEM0145,1,350.00,144.29,0.00,350.00
ORD00104845,OI000567481,ITEM0148,1,320.00,208.57,0.00,320.00
ORD00104845,OI000567482,ITEM0159,1,460.00,192.62,0.00,460.00
ORD00104846,OI000567483,ITEM0044,1,1440.00,498.16,0.00,1440.00
ORD00104846,OI000567484,ITEM0046,3,2740.00,1088.75,0.00,8220.00
ORD00104846,OI000567485,ITEM0057,1,670.00,446.99,0.00,670.00
ORD00104846,OI000567486,ITEM0065,1,1300.00,489.16,0.00,1300.00
ORD00104846,OI000567487,ITEM0140,3,450.00,65.77,0.00,1350.00
ORD00104846,OI000567488,ITEM0153,1,40.00,16.47,0.00,40.00
ORD00104847,OI000567489,ITEM0081,2,1510.00,1047.44,0.00,3020.00
ORD00104847,OI000567490,ITEM0086,1,1380.00,560.08,0.00,1380.00
ORD00104847,OI000567491,ITEM0136,3,490.00,167.58,0.00,1470.00
ORD00104847,OI000567492,ITEM0137,1,330.00,112.52,0.00,330.00
ORD00104848,OI000567493,ITEM0026,1,540.00,239.70,0.00,540.00
ORD00104848,OI000567494,ITEM0076,4,720.00,281.82,0.00,2880.00
ORD00104848,OI000567495,ITEM0077,2,660.00,295.15,0.00,1320.00
ORD00104848,OI000567496,ITEM0083,1,1760.00,701.86,0.00,1760.00
ORD00104848,OI000567497,ITEM0137,2,330.00,112.52,0.00,660.00
ORD00104849,OI000567498,ITEM0004,1,600.00,214.30,0.00,600.00
ORD00104849,OI000567499,ITEM0094,1,1500.00,682.35,0.00,1500.00
ORD00104849,OI000567500,ITEM0151,2,65.00,43.08,0.00,130.00
ORD00104850,OI000567501,ITEM0145,3,350.00,144.29,0.00,1050.00
ORD00104851,OI000567502,ITEM0004,1,600.00,214.30,0.00,600.00
ORD00104851,OI000567503,ITEM0049,1,2540.00,1107.09,0.00,2540.00
ORD00104851,OI000567504,ITEM0057,1,670.00,446.99,0.00,670.00
ORD00104851,OI000567505,ITEM0085,1,1630.00,650.03,0.00,1630.00
ORD00104851,OI000567506,ITEM0091,1,1850.00,702.28,0.00,1850.00
ORD00104851,OI000567507,ITEM0143,4,460.00,180.93,0.00,1840.00
ORD00104851,OI000567508,ITEM0148,1,320.00,208.57,0.00,320.00
ORD00104851,OI000567509,ITEM0155,2,210.00,93.65,0.00,420.00
ORD00104852,OI000567510,ITEM0062,2,670.00,350.53,0.00,1340.00
ORD00104852,OI000567511,ITEM0114,1,280.00,84.81,0.00,280.00
ORD00104852,OI000567512,ITEM0116,2,780.00,136.55,0.00,1560.00
ORD00104852,OI000567513,ITEM0137,1,330.00,112.52,0.00,330.00
ORD00104853,OI000567514,ITEM0009,2,470.00,178.25,159.32,780.68
ORD00104853,OI000567515,ITEM0023,1,470.00,200.14,0.00,470.00
ORD00104853,OI000567516,ITEM0115,1,610.00,186.26,0.00,610.00
ORD00104853,OI000567517,ITEM0130,1,240.00,88.41,40.68,199.32
ORD00104854,OI000567518,ITEM0001,1,260.00,93.07,49.06,210.94
ORD00104854,OI000567519,ITEM0005,1,420.00,149.00,79.25,340.75
ORD00104854,OI000567520,ITEM0034,3,1220.00,445.69,0.00,3660.00
ORD00104854,OI000567521,ITEM0045,3,1530.00,595.53,0.00,4590.00
ORD00104854,OI000567522,ITEM0057,3,670.00,446.99,0.00,2010.00
ORD00104854,OI000567523,ITEM0068,2,680.00,470.19,0.00,1360.00
ORD00104854,OI000567524,ITEM0124,2,190.00,131.48,71.70,308.30
ORD00104855,OI000567525,ITEM0043,2,5110.00,2066.57,0.00,10220.00
ORD00104855,OI000567526,ITEM0044,1,1440.00,498.16,0.00,1440.00
ORD00104855,OI000567527,ITEM0048,1,1460.00,572.91,0.00,1460.00
ORD00104855,OI000567528,ITEM0049,1,2540.00,1107.09,0.00,2540.00
ORD00104855,OI000567529,ITEM0054,1,1220.00,409.33,0.00,1220.00
ORD00104855,OI000567530,ITEM0109,1,1500.00,513.48,0.00,1500.00
ORD00104855,OI000567531,ITEM0113,1,480.00,193.08,0.00,480.00
ORD00104855,OI000567532,ITEM0154,2,370.00,126.03,0.00,740.00
ORD00104856,OI000567533,ITEM0002,2,210.00,72.86,0.00,420.00
ORD00104856,OI000567534,ITEM0036,1,840.00,338.10,0.00,840.00
ORD00104856,OI000567535,ITEM0068,1,680.00,470.19,0.00,680.00
ORD00104856,OI000567536,ITEM0073,1,850.00,331.31,0.00,850.00
ORD00104856,OI000567537,ITEM0092,1,1410.00,465.66,0.00,1410.00
ORD00104856,OI000567538,ITEM0134,3,160.00,105.60,0.00,480.00
ORD00104856,OI000567539,ITEM0138,2,270.00,108.52,0.00,540.00
ORD00104856,OI000567539,ITEM0138,2,270.00,108.52,0.00,540.00
ORD00104857,OI000567540,ITEM0003,1,380.00,139.35,88.37,291.63
ORD00104857,OI000567541,ITEM0021,1,430.00,179.74,0.00,430.00
ORD00104857,OI000567542,ITEM0037,1,2310.00,972.25,0.00,2310.00
ORD00104857,OI000567543,ITEM0130,2,240.00,88.41,111.63,368.37
ORD00104858,OI000567544,ITEM0039,1,980.00,450.35,0.00,980.00
ORD00104858,OI000567545,ITEM0045,1,1530.00,595.53,0.00,1530.00
ORD00104858,OI000567546,ITEM0048,1,1460.00,572.91,0.00,1460.00
ORD00104858,OI000567547,ITEM0066,1,950.00,343.77,0.00,950.00
ORD00104858,OI000567548,ITEM0137,1,330.00,112.52,0.00,330.00
ORD00104858,OI000567549,ITEM0138,2,270.00,108.52,0.00,540.00
ORD00104859,OI000567550,ITEM0004,2,600.00,214.30,0.00,1200.00
ORD00104859,OI000567551,ITEM0015,1,500.00,184.59,0.00,500.00
ORD00104859,OI000567552,ITEM0027,1,440.00,144.90,0.00,440.00
ORD00104859,OI000567553,ITEM0058,1,1210.00,378.58,0.00,1210.00
ORD00104859,OI000567554,ITEM0114,1,280.00,84.81,0.00,280.00
ORD00104860,OI000567555,ITEM0009,1,470.00,178.25,0.00,470.00
ORD00104860,OI000567556,ITEM0041,1,1250.00,495.95,0.00,1250.00
ORD00104860,OI000567557,ITEM0046,2,2740.00,1088.75,0.00,5480.00
ORD00104860,OI000567558,ITEM0130,2,240.00,88.41,0.00,480.00
ORD00104860,OI000567559,ITEM0134,2,160.00,105.60,0.00,320.00
ORD00104860,OI000567560,ITEM0143,3,460.00,180.93,0.00,1380.00
ORD00104860,OI000567561,ITEM0149,1,370.00,165.96,0.00,370.00
ORD00104860,OI000567562,ITEM0160,4,105.00,46.24,0.00,420.00
ORD00104861,OI000567563,ITEM0025,1,890.00,334.06,0.00,890.00
ORD00104861,OI000567564,ITEM0045,2,1530.00,595.53,0.00,3060.00
ORD00104861,OI000567565,ITEM0138,1,270.00,108.52,0.00,270.00
ORD00104861,OI000567566,ITEM0152,1,95.00,38.94,0.00,95.00
ORD00104862,OI000567567,ITEM0008,1,990.00,157.77,134.69,855.31
ORD00104862,OI000567568,ITEM0026,1,540.00,239.70,0.00,540.00
ORD00104862,OI000567569,ITEM0047,-2,1650.00,627.28,0.00,3300.00
ORD00104862,OI000567570,ITEM0075,1,630.00,269.61,0.00,630.00
ORD00104862,OI000567571,ITEM0081,2,1510.00,1047.44,0.00,3020.00
ORD00104862,OI000567572,ITEM0091,1,1850.00,702.28,0.00,1850.00
ORD00104862,OI000567573,ITEM0130,2,240.00,88.41,65.31,414.69
ORD00104863,OI000567574,ITEM0004,4,600.00,214.30,0.00,2400.00
ORD00104863,OI000567575,ITEM0027,1,440.00,144.90,0.00,440.00
ORD00104863,OI000567576,ITEM0036,1,840.00,338.10,0.00,840.00
ORD00104863,OI000567577,ITEM0057,1,670.00,446.99,0.00,670.00
ORD00104863,OI000567578,ITEM0101,1,1230.00,414.61,0.00,1230.00
ORD00104863,OI000567579,ITEM0139,4,400.00,66.93,0.00,1600.00
ORD00104863,OI000567580,ITEM0151,2,60.00,43.08,0.00,120.00
ORD00104864,OI000567581,ITEM0002,1,210.00,72.86,0.00,210.00
ORD00104864,OI000567582,ITEM0012,1,900.00,402.60,0.00,900.00
ORD00104864,OI000567583,ITEM0013,2,420.00,179.48,0.00,840.00
ORD00104864,OI000567584,ITEM0032,3,780.00,356.48,0.00,2340.00
ORD00104864,OI000567585,ITEM0086,1,1380.00,560.08,0.00,1380.00
ORD00104864,OI000567586,ITEM7247,1,3020.00,1247.87,0.00,3020.00
ORD00104864,OI000567587,ITEM0134,2,160.00,105.60,0.00,320.00
ORD00104864,OI000567588,ITEM0141,3,510.00,166.18,0.00,1530.00
ORD00104864,OI000567589,ITEM0160,1,105.00,46.24,0.00,105.00
ORD00104865,OI000567590,ITEM0003,1,380.00,139.35,0.00,380.00
ORD00104865,OI000567591,ITEM0037,1,2310.00,972.25,0.00,2310.00
ORD00104865,OI000567592,ITEM0073,1,850.00,331.31,0.00,850.00
ORD00104865,OI000567593,ITEM0081,1,1510.00,1047.44,0.00,1510.00
ORD00104866,OI000567594,ITEM0004,1,600.00,214.30,0.00,600.00
ORD00104866,OI000567595,ITEM0048,1,1460.00,572.91,0.00,1460.00
ORD00104866,OI000567596,ITEM0090,2,1840.00,663.73,0.00,3680.00
ORD00104866,OI000567597,ITEM0124,2,190.00,131.48,0.00,380.00
ORD00104867,OI000567598,ITEM0068,1,680.00,470.19,0.00,680.00
ORD00104867,OI000567599,ITEM0081,1,1510.00,1047.44,0.00,1510.00
ORD00104867,OI000567600,ITEM0134,2,160.00,105.60,0.00,320.00
ORD00104867,OI000567601,ITEM0148,2,320.00,208.57,0.00,640.00
ORD00104867,OI000567602,ITEM0155,3,210.00,93.65,0.00,630.00
ORD00104868,OI000567603,ITEM0027,1,440.00,144.90,0.00,440.00
ORD00104868,OI000567604,ITEM0041,1,1250.00,495.95,0.00,1250.00
ORD00104868,OI000567604,ITEM0041,1,1250.00,495.95,0.00,1250.00
ORD00104868,OI000567605,ITEM0060,3,790.00,323.39,0.00,2370.00
ORD00104868,OI000567606,ITEM0068,1,680.00,470.19,0.00,680.00
ORD00104868,OI000567607,ITEM0133,1,180.00,78.35,0.00,180.00
ORD00104868,OI000567608,ITEM0138,2,270.00,108.52,0.00,540.00
ORD00104868,OI000567609,ITEM0158,1,370.00,151.76,0.00,370.00
ORD00104869,OI000567610,ITEM0002,1,210.00,72.86,0.00,210.00
ORD00104869,OI000567611,ITEM0033,1,900.00,299.82,0.00,900.00
ORD00104869,OI000567612,ITEM0061,3,980.00,363.74,0.00,2940.00
ORD00104869,OI000567613,ITEM0068,1,680.00,470.19,0.00,680.00
ORD00104869,OI000567614,ITEM0135,1,105.00,69.46,0.00,105.00
ORD00104869,OI000567615,ITEM0153,3,40.00,16.47,0.00,120.00
ORD00104870,OI000567616,ITEM0002,1,210.00,72.86,200.00,10.00
ORD00104870,OI000567617,ITEM0020,1,810.00,323.82,0.00,810.00
ORD00104870,OI000567618,ITEM0047,1,1780.00,627.28,0.00,1780.00
ORD00104870,OI000567619,ITEM0057,1,670.00,446.99,0.00,670.00
ORD00104870,OI000567620,ITEM0073,1,850.00,331.31,0.00,850.00
ORD00104870,OI000567621,ITEM0091,1,1850.00,702.28,0.00,1850.00
ORD00104870,OI000567622,ITEM0103,1,3020.00,1247.87,0.00,3020.00
ORD00104870,OI000567623,ITEM0104,1,1420.00,476.78,0.00,1420.00
ORD00104870,OI000567624,ITEM0117,1,910.00,139.74,0.00,910.00
ORD00104870,OI000567625,ITEM0134,3,160.00,105.60,0.00,480.00
ORD00104871,OI000567626,ITEM0014,1,470.00,180.01,0.00,470.00
ORD00104871,OI000567627,ITEM0032,1,780.00,356.48,0.00,780.00
ORD00104871,OI000567628,ITEM0033,2,900.00,299.82,0.00,1800.00
ORD00104871,OI000567629,ITEM0082,1,1920.00,687.45,0.00,1920.00
ORD00104872,OI000567630,ITEM0004,1,600.00,214.30,0.00,600.00
ORD00104872,OI000567631,ITEM0020,1,810.00,323.82,0.00,810.00
ORD00104872,OI000567632,ITEM0057,2,670.00,446.99,0.00,1340.00
ORD00104872,OI000567633,ITEM0059,1,790.00,317.89,0.00,790.00
ORD00104872,OI000567634,ITEM0062,1,670.00,350.53,0.00,670.00
ORD00104872,OI000567635,ITEM0071,1,730.00,259.12,0.00,730.00
ORD00104872,OI000567636,ITEM0092,3,1410.00,465.66,0.00,4230.00
ORD00104872,OI000567637,ITEM0115,2,610.00,186.26,0.00,1220.00
ORD00104872,OI000567638,ITEM0132,2,390.00,159.49,0.00,780.00
ORD00104872,OI000567639,ITEM0160,2,105.00,46.24,0.00,210.00
ORD00104873,OI000567640,ITEM0050,2,1720.00,751.10,0.00,3440.00
ORD00104873,OI000567641,ITEM0085,2,1630.00,650.03,0.00,3260.00
ORD00104873,OI000567642,ITEM0130,2,240.00,88.41,0.00,480.00
ORD00104873,OI000567643,ITEM0134,2,160.00,105.60,0.00,320.00
ORD00104873,OI000567644,ITEM0135,2,105.00,69.46,0.00,210.00
ORD00104873,OI000567645,ITEM0151,1,60.00,43.08,0.00,60.00
ORD00104874,OI000567646,ITEM0058,2,1210.00,378.58,0.00,2420.00
ORD00104874,OI000567647,ITEM0075,2,630.00,269.61,0.00,1260.00
ORD00104874,OI000567648,ITEM0091,3,1850.00,702.28,0.00,5550.00
ORD00104875,OI000567649,ITEM0034,1,1220.00,445.69,0.00,1220.00
ORD00104875,OI000567650,ITEM0044,1,1440.00,498.16,0.00,1440.00
ORD00104875,OI000567651,ITEM0081,1,1510.00,1047.44,0.00,1510.00
ORD00104875,OI000567652,ITEM0094,2,1500.00,682.35,0.00,3000.00
ORD00104875,OI000567653,ITEM0134,3,160.00,105.60,0.00,480.00
ORD00104875,OI000567654,ITEM0148,3,320.00,208.57,0.00,960.00
ORD00104876,OI000567655,ITEM0023,2,470.00,200.14,0.00,940.00
ORD00104876,OI000567656,ITEM0064,1,530.00,186.68,0.00,530.00
ORD00104876,OI000567657,ITEM0081,2,1510.00,1047.44,0.00,3020.00
ORD00104876,OI000567658,ITEM0089,1,2240.00,892.05,0.00,2240.00
ORD00104876,OI000567659,ITEM0094,3,1500.00,682.35,0.00,4500.00
ORD00104876,OI000567660,ITEM0112,1,310.00,140.73,0.00,310.00
ORD00104876,OI000567661,ITEM0124,2,190.00,131.48,0.00,380.00
ORD00104876,OI000567662,ITEM0134,1,160.00,105.60,0.00,160.00
ORD00104876,OI000567663,ITEM0137,1,330.00,112.52,0.00,330.00
ORD00104877,OI000567664,ITEM0012,1,900.00,402.60,0.00,900.00
ORD00104877,OI000567665,ITEM0033,1,900.00,299.82,0.00,900.00
ORD00104877,OI000567666,ITEM0046,2,2740.00,1088.75,0.00,5480.00
ORD00104877,OI000567667,ITEM0048,1,1460.00,572.91,0.00,1460.00
ORD00104877,OI000567668,ITEM0068,1,680.00,470.19,0.00,680.00
ORD00104877,OI000567669,ITEM0091,1,1850.00,702.28,0.00,1850.00
ORD00104877,OI000567670,ITEM0130,1,240.00,88.41,0.00,240.00
ORD00104877,OI000567671,ITEM0134,1,160.00,105.60,0.00,160.00
ORD00104877,OI000567672,ITEM0136,3,490.00,167.58,0.00,1470.00
ORD00104877,OI000567673,ITEM0139,1,400.00,66.93,0.00,400.00
ORD00104877,OI000567674,ITEM0148,2,320.00,208.57,0.00,640.00
ORD00104877,OI000567675,ITEM0156,4,125.00,46.27,0.00,500.00
ORD00104878,OI000567676,ITEM0001,1,260.00,93.07,0.00,260.00
ORD00104878,OI000567677,ITEM0012,1,900.00,402.60,0.00,900.00
ORD00104878,OI000567679,ITEM0062,1,670.00,350.53,0.00,670.00
ORD00104878,OI000567680,ITEM0115,2,610.00,186.26,0.00,1220.00
ORD00104878,OI000567681,ITEM0125,1,290.00,119.62,0.00,290.00
ORD00104878,OI000567682,ITEM0146,1,580.00,200.95,0.00,580.00
ORD00104878,OI000567683,ITEM0154,3,370.00,126.03,0.00,1110.00
ORD00104878,OI000567684,ITEM0157,3,770.00,314.38,0.00,2310.00
ORD00104879,OI000567685,ITEM0043,3,5110.00,2066.57,0.00,15330.00
ORD00104879,OI000567686,ITEM0057,5,670.00,446.99,0.00,3350.00
ORD00104879,OI000567687,ITEM0077,3,660.00,295.15,0.00,1980.00
ORD00104879,OI000567688,ITEM0113,1,480.00,193.08,0.00,480.00
ORD00104879,OI000567689,ITEM0119,1,470.00,169.51,0.00,470.00
ORD00104879,OI000567690,ITEM0148,2,320.00,208.57,0.00,640.00
ORD00104880,OI000567691,ITEM0004,2,600.00,214.30,0.00,1200.00
ORD00104880,OI000567692,ITEM0029,1,950.00,312.12,0.00,950.00
ORD00104880,OI000567693,ITEM0031,2,1100.00,364.08,0.00,2200.00
ORD00104880,OI000567694,ITEM0054,4,1220.00,409.33,0.00,4880.00
ORD00104880,OI000567695,ITEM0057,1,670.00,446.99,0.00,670.00
ORD00104880,OI000567696,ITEM0068,7,680.00,470.19,0.00,4760.00
ORD00104881,OI000567697,ITEM0065,1,1300.00,489.16,0.00,1300.00
ORD00104881,OI000567698,ITEM0092,1,1410.00,465.66,0.00,1410.00
ORD00104881,OI000567699,ITEM0134,1,160.00,105.60,0.00,160.00
ORD00104881,OI000567700,ITEM0141,1,510.00,166.18,0.00,510.00
ORD00104881,OI000567701,ITEM0148,3,320.00,208.57,0.00,960.00
ORD00104881,OI000567702,ITEM0151,2,60.00,43.08,0.00,120.00
ORD00104882,OI000567703,ITEM0004,2,600.00,214.30,0.00,1200.00
ORD00104882,OI000567704,ITEM0009,1,470.00,178.25,0.00,470.00
ORD00104882,OI000567705,ITEM0041,3,1250.00,495.95,0.00,3750.00
ORD00104882,OI000567706,ITEM0066,1,950.00,343.77,0.00,950.00
ORD00104882,OI000567708,ITEM0138,3,270.00,108.52,0.00,810.00
ORD00104882,OI000567709,ITEM0151,2,60.00,43.08,0.00,120.00
ORD00104883,OI000567710,ITEM0033,1,900.00,299.82,0.00,900.00
ORD00104883,OI000567711,ITEM0057,2,670.00,446.99,0.00,1340.00
ORD00104883,OI000567712,ITEM0148,2,320.00,208.57,0.00,640.00
ORD00104883,OI000567713,ITEM0151,1,60.00,43.08,0.00,60.00
ORD00104884,OI000567714,ITEM0041,2,1250.00,495.95,0.00,2500.00
ORD00104884,OI000567715,ITEM0134,2,160.00,105.60,0.00,320.00
ORD00104884,OI000567716,ITEM0138,2,270.00,108.52,0.00,540.00
ORD00104884,OI000567717,ITEM0160,1,105.00,46.24,0.00,105.00
ORD00104885,OI000567718,ITEM0004,1,600.00,214.30,0.00,600.00
ORD00104885,OI000567719,ITEM0037,2,2310.00,972.25,0.00,4620.00
ORD00104885,OI000567720,ITEM0064,1,530.00,186.68,0.00,530.00
ORD00104885,OI000567721,ITEM0068,2,680.00,470.19,0.00,1360.00
ORD00104885,OI000567722,ITEM0135,1,105.00,69.46,0.00,105.00
ORD00104885,OI000567723,ITEM0138,2,270.00,108.52,0.00,540.00
ORD00104886,OI000567724,ITEM0033,2,900.00,299.82,0.00,1800.00
ORD00104886,OI000567725,ITEM0039,2,980.00,450.35,0.00,1960.00
ORD00104886,OI000567726,ITEM0043,2,5110.00,2066.57,0.00,10220.00
ORD00104886,OI000567727,ITEM0046,1,2740.00,1088.75,0.00,2740.00
ORD00104886,OI000567728,ITEM0089,1,2070.00,892.05,0.00,2070.00
ORD00104886,OI000567729,ITEM0110,1,1330.00,558.62,0.00,1330.00
ORD00104886,OI000567730,ITEM0112,4,310.00,140.73,0.00,1240.00
ORD00104886,OI000567731,ITEM0130,2,240.00,88.41,0.00,480.00
ORD00104886,OI000567732,ITEM0137,1,330.00,112.52,0.00,330.00
ORD00104886,OI000567733,ITEM0148,2,320.00,208.57,0.00,640.00
ORD00104886,OI000567734,ITEM0151,5,60.00,43.08,0.00,300.00
ORD00104887,OI000567735,ITEM0030,1,265.00,110.76,0.00,265.00
ORD00104887,OI000567736,ITEM0060,1,790.00,323.39,0.00,790.00
ORD00104887,OI000567737,ITEM0062,1,670.00,350.53,0.00,670.00
ORD00104887,OI000567738,ITEM0093,1,1090.00,392.41,0.00,1090.00
ORD00104887,OI000567739,ITEM0130,1,240.00,88.41,0.00,240.00
ORD00104887,OI000567740,ITEM0152,2,95.00,38.94,0.00,190.00
ORD00104888,OI000567741,ITEM0091,1,1850.00,702.28,0.00,1850.00
ORD00104888,OI000567742,ITEM0126,1,155.00,69.21,155.00,0.00
ORD00104889,OI000567743,ITEM0013,1,420.00,179.48,0.00,420.00
ORD00104889,OI000567744,ITEM0048,3,1460.00,572.91,0.00,4380.00
ORD00104889,OI000567745,ITEM0051,1,680.00,266.66,0.00,680.00
ORD00104889,OI000567746,ITEM0053,1,1300.00,578.78,0.00,1300.00
ORD00104889,OI000567747,ITEM0081,1,1510.00,1047.44,0.00,1510.00
ORD00104889,OI000567748,ITEM0145,2,350.00,144.29,0.00,700.00
ORD00104890,OI000567749,ITEM0043,1,5110.00,2066.57,0.00,5110.00
ORD00104890,OI000567750,ITEM0057,1,670.00,446.99,0.00,670.00
ORD00104890,OI000567751,ITEM0073,1,850.00,331.31,0.00,850.00
ORD00104890,OI000567752,ITEM0081,1,1510.00,1047.44,0.00,1510.00
ORD00104890,OI000567753,ITEM0091,1,1850.00,702.28,0.00,1850.00
ORD00104890,OI000567754,ITEM0125,3,290.00,119.62,0.00,870.00
ORD00104891,OI000567755,ITEM0067,1,320.00,108.16,0.00,320.00
ORD00104891,OI000567756,ITEM0104,1,1420.00,476.78,0.00,1420.00
ORD00104891,OI000567757,ITEM0160,4,105.00,46.24,0.00,420.00
ORD00104892,OI000567758,ITEM0003,1,380.00,139.35,34.86,345.14
ORD00104892,OI000567759,ITEM0012,2,900.00,402.60,165.14,1634.86
ORD00104892,OI000567760,ITEM0106,1,3990.00,1784.77,0.00,3990.00
ORD00104892,OI000567761,ITEM0148,3,320.00,208.57,0.00,960.00
ORD00104893,OI000567762,ITEM0002,1,210.00,72.86,0.00,210.00
ORD00104893,OI000567763,ITEM0003,1,380.00,139.35,0.00,380.00
ORD00104893,OI000567764,ITEM0061,3,980.00,363.74,0.00,2940.00
ORD00104893,OI000567765,ITEM0081,1,1510.00,1047.44,0.00,1510.00
ORD00104893,OI000567766,ITEM0152,2,95.00,38.94,0.00,190.00
ORD00104894,OI000567767,ITEM0004,2,600.00,214.30,0.00,1200.00
ORD00104894,OI000567768,ITEM0027,3,440.00,144.90,0.00,1320.00
ORD00104895,OI000567769,ITEM0012,2,900.00,402.60,0.00,1800.00
ORD00104895,OI000567770,ITEM0041,1,1250.00,495.95,0.00,1250.00
ORD00104895,OI000567771,ITEM0090,1,1840.00,663.73,0.00,1840.00
ORD00104895,OI000567772,ITEM0091,2,1850.00,702.28,0.00,3700.00
ORD00104895,OI000567773,ITEM0133,1,180.00,78.35,0.00,180.00
ORD00104895,OI000567774,ITEM0137,1,330.00,112.52,0.00,330.00
ORD00104895,OI000567775,ITEM0160,5,105.00,46.24,0.00,525.00
ORD00104896,OI000567776,ITEM0004,1,600.00,214.30,0.00,600.00
ORD00104896,OI000567777,ITEM0046,2,2740.00,1088.75,0.00,5480.00
ORD00104896,OI000567778,ITEM0061,1,980.00,363.74,0.00,980.00
ORD00104896,OI000567779,ITEM0066,1,950.00,343.77,0.00,950.00
ORD00104896,OI000567780,,2,240.00,88.41,0.00,480.00
ORD00104896,OI000567781,ITEM0135,2,105.00,69.46,0.00,210.00
ORD00104896,OI000567782,ITEM0148,1,320.00,208.57,0.00,320.00
ORD00104896,OI000567783,ITEM0155,3,210.00,93.65,0.00,630.00
ORD00104896,OI000567784,ITEM0157,1,770.00,314.38,0.00,770.00
ORD00104897,OI000567785,ITEM0004,2,600.00,214.30,200.00,1000.00
ORD00104897,OI000567785,ITEM0004,2,600.00,214.30,200.00,1000.00
ORD00104897,OI000567786,ITEM0054,3,1220.00,409.33,0.00,3660.00
ORD00104897,OI000567787,ITEM0074,1,1200.00,536.56,0.00,1200.00
ORD00104898,OI000567788,ITEM0033,1,900.00,299.82,0.00,900.00
ORD00104898,OI000567789,ITEM0133,1,180.00,78.35,0.00,180.00
ORD00104898,OI000567790,ITEM0143,2,460.00,180.93,0.00,920.00
ORD00104898,OI000567791,ITEM0148,1,320.00,208.57,0.00,320.00
ORD00104898,OI000567792,ITEM0153,1,40.00,16.47,0.00,40.00
ORD00104899,OI000567793,ITEM0004,1,600.00,214.30,0.00,600.00
ORD00104899,OI000567794,ITEM0045,7,1530.00,595.53,0.00,10710.00
ORD00104899,OI000567795,ITEM0068,1,680.00,470.19,0.00,680.00
ORD00104899,OI000567796,ITEM0132,5,390.00,159.49,0.00,1950.00
ORD00104899,OI000567797,ITEM0157,1,770.00,314.38,0.00,770.00
ORD00104900,OI000567798,ITEM0057,1,670.00,446.99,0.00,670.00
ORD00104900,OI000567799,ITEM0077,1,710.00,295.15,0.00,710.00
ORD00104900,OI000567800,ITEM0126,2,155.00,69.21,200.00,110.00
ORD00104900,OI000567801,ITEM0147,3,450.00,148.21,0.00,1350.00
ORD00104901,OI000567802,ITEM0013,1,420.00,179.48,0.00,420.00
ORD00104901,OI000567803,ITEM0020,1,810.00,323.82,0.00,810.00
ORD00104901,OI000567804,ITEM0051,1,730.00,266.66,0.00,730.00
ORD00104901,OI000567805,ITEM0076,1,780.00,281.82,0.00,780.00
ORD00104901,OI000567806,ITEM0082,1,1920.00,687.45,0.00,1920.00
ORD00104901,OI000567807,ITEM0134,2,160.00,105.60,0.00,320.00
ORD00104901,OI000567808,ITEM0148,1,350.00,208.57,0.00,350.00
ORD00104901,OI000567809,ITEM0155,1,210.00,93.65,0.00,210.00
ORD00104902,OI000567810,ITEM0113,2,480.00,193.08,0.00,960.00
ORD00104902,OI000567811,ITEM0151,2,60.00,43.08,0.00,120.00
ORD00104903,OI000567812,ITEM0033,1,900.00,299.82,0.00,900.00
ORD00104903,OI000567813,ITEM0048,1,1460.00,572.91,0.00,1460.00
ORD00104903,OI000567814,ITEM0135,3,105.00,69.46,0.00,315.00
ORD00104903,OI000567815,ITEM0151,8,65.00,43.08,0.00,520.00
ORD00104904,OI000567816,ITEM0004,1,600.00,214.30,117.65,482.35
ORD00104904,OI000567817,ITEM0013,1,420.00,179.48,82.35,337.65
ORD00104904,OI000567818,ITEM0057,2,670.00,446.99,0.00,1340.00
ORD00104904,OI000567819,ITEM0064,1,530.00,186.68,0.00,530.00
ORD00104904,OI000567820,ITEM0140,1,490.00,65.77,0.00,490.00
ORD00104904,OI000567821,ITEM0148,1,350.00,208.57,0.00,350.00
ORD00104905,OI000567822,ITEM0005,1,420.00,149.00,0.00,420.00
ORD00104905,OI000567823,ITEM0032,1,780.00,356.48,0.00,780.00
ORD00104905,OI000567824,ITEM0050,1,1720.00,751.10,0.00,1720.00
ORD00104905,OI000567825,ITEM0091,1,1850.00,702.28,0.00,1850.00
ORD00104905,OI000567826,ITEM0138,2,270.00,108.52,0.00,540.00
ORD00104905,OI000567827,ITEM0156,4,125.00,46.27,0.00,500.00
ORD00104906,OI000567828,ITEM0045,1,1530.00,595.53,0.00,1530.00
ORD00104906,OI000567829,ITEM0048,1,1460.00,572.91,0.00,1460.00
ORD00104906,OI000567829,ITEM0048,1,1460.00,572.91,0.00,1460.00
ORD00104906,OI000567830,ITEM0057,1,670.00,446.99,0.00,670.00
ORD00104906,OI000567831,ITEM0068,1,680.00,470.19,0.00,680.00
ORD00104906,OI000567832,ITEM0082,1,1920.00,687.45,0.00,1920.00
ORD00104907,OI000567833,ITEM0054,4,1320.00,409.33,0.00,5280.00
ORD00104907,OI000567834,ITEM0086,1,1380.00,560.08,0.00,1380.00
ORD00104907,OI000567835,ITEM0091,4,1850.00,702.28,0.00,7400.00
ORD00104907,OI000567836,ITEM0134,1,160.00,105.60,0.00,160.00
ORD00104907,OI000567837,ITEM0138,1,270.00,108.52,0.00,270.00
ORD00104908,OI000567838,ITEM0003,1,380.00,139.35,0.00,380.00
ORD00104908,OI000567839,ITEM0036,2,840.00,338.10,0.00,1680.00
ORD00104908,OI000567840,ITEM0053,1,1400.00,578.78,0.00,1400.00
ORD00104908,OI000567841,ITEM0081,-1,1510.00,1047.44,0.00,1510.00
ORD00104908,OI000567842,ITEM0082,2,1920.00,687.45,0.00,3840.00
ORD00104908,OI000567843,ITEM0134,1,160.00,105.60,0.00,160.00
ORD00104909,OI000567844,ITEM0047,3,1650.00,627.28,0.00,4950.00
ORD00104909,OI000567845,ITEM0137,2,330.00,112.52,0.00,660.00
ORD00104909,OI000567846,ITEM0151,3,60.00,43.08,0.00,180.00
ORD00104909,OI000567847,ITEM0157,1,770.00,314.38,0.00,770.00
ORD00104910,OI000567848,ITEM0037,1,2310.00,972.25,0.00,2310.00
ORD00104910,OI000567849,ITEM0092,1,1410.00,465.66,0.00,1410.00
ORD00104910,OI000567850,ITEM0129,2,540.00,183.07,0.00,1080.00
ORD00104910,OI000567851,ITEM0160,1,105.00,46.24,0.00,105.00
ORD00104911,OI000567852,ITEM0027,3,440.00,144.90,0.00,1320.00
ORD00104911,OI000567853,ITEM0041,1,1250.00,495.95,0.00,1250.00
ORD00104911,OI000567854,ITEM0138,3,270.00,108.52,0.00,810.00
ORD00104911,OI000567855,ITEM0143,3,460.00,180.93,0.00,1380.00
ORD00104911,OI000567856,ITEM0148,2,320.00,208.57,0.00,640.00
ORD00104911,OI000567857,ITEM0153,1,40.00,16.47,0.00,40.00
ORD00104912,OI000567858,ITEM0033,1,900.00,299.82,0.00,900.00
ORD00104912,OI000567859,ITEM0035,1,960.00,403.00,0.00,960.00
ORD00104912,OI000567860,ITEM0057,1,670.00,446.99,0.00,670.00
ORD00104912,OI000567861,ITEM0067,1,320.00,108.16,0.00,320.00
ORD00104912,OI000567862,ITEM0138,1,270.00,108.52,0.00,270.00
ORD00104913,OI000567863,ITEM0027,1,440.00,144.90,0.00,440.00
ORD00104913,OI000567864,ITEM0067,3,320.00,108.16,0.00,960.00
ORD00104913,OI000567865,ITEM0117,2,910.00,139.74,0.00,1820.00
ORD00104913,OI000567866,ITEM0134,4,160.00,105.60,0.00,640.00
ORD00104914,OI000567867,ITEM0136,1,490.00,167.58,0.00,490.00
ORD00104914,OI000567868,ITEM0160,4,105.00,46.24,0.00,420.00
ORD00104915,OI000567869,ITEM0049,1,2740.00,1107.09,0.00,2740.00
ORD00104915,OI000567870,ITEM0064,1,530.00,186.68,0.00,530.00
ORD00104915,OI000567871,ITEM0074,1,1200.00,536.56,0.00,1200.00
ORD00104915,OI000567872,ITEM0098,1,1220.00,521.65,0.00,1220.00
ORD00104915,OI000567873,ITEM0151,7,65.00,43.08,0.00,455.00
ORD00104916,OI000567874,ITEM0011,1,920.00,332.30,0.00,920.00
ORD00104916,OI000567875,ITEM0068,1,680.00,470.19,0.00,680.00
ORD00104916,OI000567876,ITEM0132,2,390.00,159.49,0.00,780.00
ORD00104916,OI000567877,ITEM0134,2,160.00,105.60,0.00,320.00
ORD00104917,OI000567878,ITEM0041,1,1250.00,495.95,0.00,1250.00
ORD00104917,OI000567879,ITEM0051,3,680.00,266.66,0.00,2040.00
ORD00104917,OI000567880,ITEM0148,2,320.00,208.57,0.00,640.00
ORD00104917,OI000567881,ITEM0158,1,370.00,151.76,0.00,370.00
ORD00104917,OI000567882,ITEM0160,1,105.00,46.24,0.00,105.00
ORD00104918,OI000567883,ITEM0005,1,450.00,149.00,200.00,250.00
ORD00104918,OI000567884,ITEM0036,1,840.00,338.10,0.00,840.00
ORD00104918,OI000567885,ITEM0044,1,1560.00,498.16,0.00,1560.00
ORD00104918,OI000567886,ITEM0048,1,1460.00,572.91,0.00,1460.00
ORD00104918,OI000567887,ITEM0055,1,680.00,227.76,0.00,680.00
ORD00104918,OI000567888,ITEM0136,2,530.00,167.58,0.00,1060.00
ORD00104918,OI000567889,ITEM0151,2,65.00,43.08,0.00,130.00
ORD00104919,OI000567890,ITEM0057,3,670.00,446.99,0.00,2010.00
ORD00104919,OI000567891,ITEM0061,2,980.00,363.74,0.00,1960.00
ORD00104919,OI000567892,ITEM0068,2,680.00,470.19,0.00,1360.00
ORD00104919,OI000567893,ITEM0075,3,630.00,269.61,0.00,1890.00
ORD00104919,OI000567894,ITEM0091,2,1850.00,702.28,0.00,3700.00
ORD00104919,OI000567894,ITEM0091,2,1850.00,702.28,0.00,3700.00
ORD00104919,OI000567895,ITEM0132,1,390.00,159.49,0.00,390.00
ORD00104919,OI000567896,ITEM0148,2,320.00,208.57,0.00,640.00
ORD00104920,OI000567897,ITEM0013,1,420.00,179.48,0.00,420.00
ORD00104920,OI000567898,ITEM0041,2,1250.00,495.95,0.00,2500.00
ORD00104920,OI000567899,ITEM0059,1,730.00,317.89,0.00,730.00
ORD00104920,OI000567900,ITEM0067,1,320.00,108.16,0.00,320.00
ORD00104920,OI000567901,ITEM0068,3,680.00,470.19,0.00,2040.00
ORD00104920,OI000567902,ITEM0081,1,1510.00,1047.44,0.00,1510.00
ORD00104920,OI000567903,ITEM0147,6,450.00,148.21,0.00,2700.00
ORD00104920,OI000567904,ITEM0151,2,60.00,43.08,0.00,120.00
ORD00104921,OI000567905,ITEM0003,1,380.00,139.35,0.00,380.00
ORD00104921,OI000567906,ITEM0039,1,980.00,450.35,0.00,980.00
ORD00104921,OI000567907,ITEM0045,2,1530.00,595.53,0.00,3060.00
ORD00104921,OI000567908,ITEM0046,1,2740.00,1088.75,0.00,2740.00
ORD00104921,OI000567909,ITEM0085,2,1630.00,650.03,0.00,3260.00
ORD00104921,OI000567910,ITEM0117,1,910.00,139.74,0.00,910.00
ORD00104922,OI000567911,ITEM0010,1,1350.00,552.35,200.00,1150.00
ORD00104922,OI000567912,ITEM0048,1,1460.00,572.91,0.00,1460.00
ORD00104922,OI000567913,ITEM0056,1,1440.00,468.22,0.00,1440.00
ORD00104922,OI000567914,ITEM0081,1,1510.00,1047.44,0.00,1510.00
ORD00104922,OI000567915,ITEM0084,2,1240.00,425.59,0.00,2480.00
ORD00104922,OI000567916,ITEM0134,1,160.00,105.60,0.00,160.00
ORD00104923,OI000567917,ITEM0112,1,310.00,140.73,0.00,310.00
ORD00104924,OI000567918,ITEM0004,1,600.00,214.30,0.00,600.00
ORD00104924,OI000567919,ITEM0027,1,440.00,144.90,0.00,440.00
ORD00104924,OI000567920,ITEM0048,1,1460.00,572.91,0.00,1460.00
ORD00104924,OI000567921,ITEM0064,2,530.00,186.68,0.00,1060.00
ORD00104924,OI000567922,ITEM0134,3,160.00,105.60,0.00,480.00
ORD00104924,OI000567923,ITEM0145,3,350.00,144.29,0.00,1050.00
ORD00104924,OI000567924,ITEM0157,3,770.00,314.38,0.00,2310.00
ORD00104925,OI000567925,ITEM0068,1,680.00,470.19,0.00,680.00
ORD00104925,OI000567926,ITEM0088,5,1710.00,651.22,0.00,8550.00
ORD00104925,OI000567927,ITEM0147,3,450.00,148.21,0.00,1350.00
ORD00104925,OI000567928,ITEM0148,5,320.00,208.57,0.00,1600.00
ORD00104926,OI000567929,ITEM0010,1,1350.00,552.35,110.66,1239.34
ORD00104926,OI000567930,ITEM0012,1,900.00,402.60,73.77,826.23
ORD00104926,OI000567931,ITEM0033,1,900.00,299.82,0.00,900.00
ORD00104926,OI000567932,ITEM0124,1,190.00,131.48,15.57,174.43
ORD00104927,OI000567933,ITEM0004,1,600.00,214.30,0.00,600.00
ORD00104927,OI000567934,ITEM0005,1,450.00,149.00,0.00,450.00
ORD00104927,OI000567935,ITEM0064,1,530.00,186.68,0.00,530.00
ORD00104928,OI000567936,ITEM0003,2,380.00,139.35,0.00,760.00
ORD00104928,OI000567937,ITEM0004,1,600.00,214.30,0.00,600.00
ORD00104928,OI000567938,ITEM0095,1,1140.00,485.13,0.00,1140.00
ORD00104928,OI000567939,ITEM0146,3,580.00,200.95,0.00,1740.00
ORD00104929,OI000567940,ITEM0013,3,420.00,179.48,0.00,1260.00
ORD00104929,OI000567941,ITEM0036,1,840.00,338.10,0.00,840.00
ORD00104929,OI000567942,ITEM0068,1,680.00,470.19,0.00,680.00
ORD00104929,OI000567943,ITEM0074,1,1200.00,536.56,0.00,1200.00
ORD00104929,OI000567944,ITEM0105,2,2550.00,841.34,0.00,5100.00
ORD00104930,OI000567945,ITEM0010,1,1350.00,552.35,130.43,1219.57
ORD00104930,OI000567946,ITEM0066,2,950.00,343.77,0.00,1900.00
ORD00104930,OI000567947,ITEM0074,2,1200.00,536.56,0.00,2400.00
ORD00104930,OI000567948,ITEM0081,1,1510.00,1047.44,0.00,1510.00
ORD00104930,OI000567949,ITEM0083,1,1760.00,701.86,0.00,1760.00
ORD00104930,OI000567950,ITEM0086,1,1380.00,560.08,0.00,1380.00
ORD00104930,OI000567950,ITEM0086,1,1380.00,560.08,0.00,1380.00
ORD00104930,OI000567951,ITEM0091,2,1850.00,702.28,0.00,3700.00
ORD00104930,OI000567952,ITEM0111,2,260.00,91.26,0.00,520.00
ORD00104930,OI000567953,ITEM0130,3,240.00,88.41,69.57,650.43
ORD00104930,OI000567954,ITEM0141,2,510.00,166.18,0.00,1020.00
ORD00104930,OI000567955,ITEM0148,1,320.00,208.57,0.00,320.00
ORD00104931,OI000567956,ITEM0004,1,600.00,214.30,0.00,600.00
ORD00104931,OI000567957,ITEM0041,1,1250.00,495.95,0.00,1250.00
ORD00104931,OI000567958,ITEM0054,1,1220.00,409.33,0.00,1220.00
ORD00104931,OI000567959,ITEM0064,4,530.00,186.68,0.00,2120.00
ORD00104931,OI000567960,ITEM0088,2,1710.00,651.22,0.00,3420.00
ORD00104931,OI000567961,ITEM0130,2,240.00,88.41,0.00,480.00
ORD00104931,OI000567962,ITEM0147,7,450.00,148.21,0.00,3150.00
ORD00104932,OI000567963,ITEM0047,1,1780.00,627.28,0.00,1780.00
ORD00104932,OI000567964,ITEM0057,2,670.00,446.99,0.00,1340.00
ORD00104932,OI000567965,ITEM0130,3,240.00,88.41,0.00,720.00
ORD00104932,OI000567966,ITEM0134,2,160.00,105.60,0.00,320.00
ORD00104932,OI000567967,ITEM0160,3,105.00,46.24,0.00,315.00
ORD00104933,OI000567968,ITEM0003,1,380.00,139.35,200.00,180.00
ORD00104933,OI000567969,ITEM0045,1,1530.00,595.53,0.00,1530.00
ORD00104933,OI000567970,ITEM0049,3,2540.00,1107.09,0.00,7620.00
ORD00104933,OI000567971,ITEM0060,1,790.00,323.39,0.00,790.00
ORD00104933,OI000567972,ITEM0134,2,160.00,105.60,0.00,320.00
ORD00104933,OI000567973,ITEM0135,1,105.00,69.46,0.00,105.00
ORD00104934,OI000567974,ITEM0057,3,670.00,446.99,0.00,2010.00
ORD00104934,OI000567975,ITEM0068,1,680.00,470.19,0.00,680.00
ORD00104934,OI000567976,ITEM0139,1,400.00,66.93,0.00,400.00
ORD00104934,OI000567977,ITEM0143,2,460.00,180.93,0.00,920.00
ORD00104934,OI000567978,ITEM0151,5,60.00,43.08,0.00,300.00
ORD00104935,OI000567979,ITEM0038,1,1140.00,497.08,0.00,1140.00
ORD00104935,OI000567980,ITEM0088,1,1710.00,651.22,0.00,1710.00
ORD00104935,OI000567981,ITEM0134,1,160.00,105.60,0.00,160.00
ORD00104935,OI000567982,ITEM0135,2,105.00,69.46,0.00,210.00
ORD00104935,OI000567983,ITEM0151,2,60.00,43.08,0.00,120.00
ORD00104935,OI000567984,ITEM0154,3,370.00,126.03,0.00,1110.00
ORD00104936,OI000567985,ITEM0027,1,440.00,144.90,0.00,440.00
ORD00104936,OI000567986,ITEM0050,1,1720.00,751.10,0.00,1720.00
ORD00104936,OI000567987,ITEM0071,1,680.00,259.12,0.00,680.00
ORD00104936,OI000567988,ITEM0101,1,1230.00,414.61,0.00,1230.00
ORD00104936,OI000567989,ITEM0138,3,270.00,108.52,0.00,810.00
ORD00104937,OI000567990,ITEM0027,2,440.00,144.90,0.00,880.00
ORD00104937,OI000567991,ITEM0075,3,630.00,269.61,0.00,1890.00
ORD00104937,OI000567992,ITEM0084,3,1240.00,425.59,0.00,3720.00
ORD00104938,OI000567993,ITEM0008,1,990.00,157.77,200.00,790.00
ORD00104938,OI000567994,ITEM0027,1,440.00,144.90,0.00,440.00
ORD00104938,OI000567995,ITEM0048,1,1460.00,572.91,0.00,1460.00
ORD00104938,OI000567996,ITEM0066,2,950.00,343.77,0.00,1900.00
ORD00104938,OI000567997,ITEM0134,3,160.00,105.60,0.00,480.00
ORD00104939,OI000567998,ITEM0019,1,390.00,154.84,0.00,390.00
ORD00104939,OI000567998,ITEM0019,1,390.00,154.84,0.00,390.00
ORD00104939,OI000567999,ITEM0043,1,5110.00,2066.57,0.00,5110.00
ORD00104939,OI000568000,ITEM0047,1,1780.00,627.28,0.00,1780.00
ORD00104939,OI000568001,ITEM0071,1,730.00,259.12,0.00,730.00
ORD00104939,OI000568002,ITEM0072,2,790.00,332.55,0.00,1580.00
ORD00104940,OI000568003,ITEM0064,1,530.00,186.68,0.00,530.00
ORD00104940,OI000568004,ITEM0094,1,1500.00,682.35,0.00,1500.00
ORD00104940,OI000568005,ITEM0149,1,370.00,165.96,0.00,370.00
ORD00104940,OI000568006,ITEM0151,3,65.00,43.08,0.00,195.00
ORD00104941,OI000568007,ITEM0004,1,600.00,214.30,158.94,441.06
ORD00104941,OI000568008,ITEM0049,1,2540.00,1107.09,0.00,2540.00
ORD00104941,OI000568009,ITEM0064,1,530.00,186.68,0.00,530.00
ORD00104941,OI000568010,ITEM0066,1,950.00,343.77,0.00,950.00
ORD00104941,OI000568011,ITEM0081,3,1510.00,1047.44,0.00,4530.00
ORD00104941,OI000568012,ITEM0126,1,155.00,69.21,41.06,113.94
ORD00104941,OI000568013,ITEM0143,2,460.00,180.93,0.00,920.00
ORD00104942,OI000568014,ITEM0029,1,950.00,312.12,0.00,950.00
ORD00104942,OI000568015,ITEM0058,2,1210.00,378.58,0.00,2420.00
ORD00104942,OI000568016,ITEM0060,1,790.00,323.39,0.00,790.00
ORD00104942,OI000568017,ITEM0091,1,1850.00,702.28,0.00,1850.00
ORD00104942,OI000568018,ITEM0134,3,160.00,105.60,0.00,480.00
ORD00104942,OI000568019,ITEM0138,2,270.00,108.52,0.00,540.00
ORD00104942,OI000568020,ITEM0156,1,125.00,46.27,0.00,125.00
ORD00104943,OI000568021,ITEM0003,2,380.00,139.35,160.00,600.00
ORD00104943,OI000568022,ITEM0039,1,980.00,450.35,0.00,980.00
ORD00104943,OI000568023,ITEM0040,1,730.00,258.94,0.00,730.00
ORD00104943,OI000568024,ITEM0124,1,190.00,131.48,40.00,150.00
ORD00104943,OI000568025,ITEM0134,2,160.00,105.60,0.00,320.00
ORD00104943,OI000568026,ITEM0148,2,320.00,208.57,0.00,640.00
ORD00104943,OI000568027,ITEM0151,3,60.00,43.08,0.00,180.00
ORD00104943,OI000568028,,4,210.00,93.65,0.00,840.00
ORD00104944,OI000568029,ITEM0003,2,380.00,139.35,0.00,760.00
ORD00104944,OI000568030,ITEM0062,1,670.00,350.53,0.00,670.00
ORD00104944,OI000568031,ITEM0086,1,1380.00,560.08,0.00,1380.00
ORD00104944,OI000568032,ITEM0138,1,270.00,108.52,0.00,270.00
ORD00104944,OI000568033,ITEM0140,2,450.00,65.77,0.00,900.00
ORD00104944,OI000568034,ITEM0143,2,460.00,180.93,0.00,920.00
ORD00104944,OI000568035,ITEM0148,5,320.00,208.57,0.00,1600.00
ORD00104944,OI000568036,ITEM0154,2,370.00,126.03,0.00,740.00
ORD00104945,OI000568037,ITEM0012,1,900.00,402.60,0.00,900.00
ORD00104945,OI000568038,ITEM0057,1,670.00,446.99,0.00,670.00
ORD00104946,OI000568039,ITEM0068,1,680.00,470.19,0.00,680.00
ORD00104946,OI000568040,ITEM0134,1,160.00,105.60,0.00,160.00
ORD00104946,OI000568041,ITEM0145,2,350.00,144.29,0.00,700.00
ORD00104946,OI000568042,ITEM0151,3,60.00,43.08,0.00,180.00
ORD00104947,OI000568043,ITEM0056,1,1440.00,468.22,0.00,1440.00
ORD00104947,OI000568044,ITEM0060,1,790.00,323.39,0.00,790.00
ORD00104947,OI000568045,,1,1200.00,536.56,0.00,1200.00
ORD00104947,OI000568046,ITEM0135,1,105.00,69.46,0.00,105.00
ORD00104947,OI000568047,ITEM0143,1,460.00,180.93,0.00,460.00
ORD00104947,OI000568048,ITEM0148,3,320.00,208.57,0.00,960.00
ORD00104948,OI000568049,ITEM0006,1,770.00,296.28,0.00,770.00
ORD00104948,OI000568050,ITEM0033,2,900.00,299.82,0.00,1800.00
ORD00104949,OI000568052,ITEM0003,1,380.00,139.35,0.00,380.00
ORD00104949,OI000568053,ITEM0033,1,900.00,299.82,0.00,900.00
ORD00104949,OI000568054,ITEM0058,1,1210.00,378.58,0.00,1210.00
ORD00104949,OI000568055,ITEM0068,1,680.00,470.19,0.00,680.00
ORD00104949,OI000568056,ITEM0081,1,1510.00,1047.44,0.00,1510.00
ORD00104949,OI000568057,ITEM0135,4,105.00,69.46,0.00,420.00
ORD00104949,OI000568058,ITEM0148,8,350.00,208.57,0.00,2800.00
ORD00104950,OI000568059,ITEM0004,1,600.00,214.30,0.00,600.00
ORD00104950,OI000568060,ITEM0041,1,1250.00,495.95,0.00,1250.00
ORD00104950,OI000568061,ITEM0068,1,680.00,470.19,0.00,680.00
ORD00104950,OI000568062,ITEM0081,1,1510.00,1047.44,0.00,1510.00
ORD00104950,OI000568063,ITEM0112,2,310.00,140.73,0.00,620.00
ORD00104951,OI000568064,ITEM0013,1,420.00,179.48,84.85,335.15
ORD00104951,OI000568065,ITEM0033,1,900.00,299.82,0.00,900.00
ORD00104951,OI000568066,ITEM0036,1,840.00,338.10,0.00,840.00
ORD00104951,OI000568067,ITEM0046,3,2740.00,1088.75,0.00,8220.00
ORD00104951,OI000568068,ITEM0081,1,1510.00,1047.44,0.00,1510.00
ORD00104951,OI000568069,ITEM0082,2,1920.00,687.45,0.00,3840.00
ORD00104951,OI000568070,ITEM0132,1,390.00,159.49,78.79,311.21
ORD00104951,OI000568071,ITEM0133,1,180.00,78.35,36.36,143.64
ORD00104951,OI000568072,ITEM0138,2,270.00,108.52,0.00,540.00
ORD00104951,OI000568073,ITEM0143,1,460.00,180.93,0.00,460.00
ORD00104952,OI000568074,ITEM0031,4,1100.00,364.08,0.00,4400.00
ORD00104952,OI000568075,ITEM0033,3,900.00,299.82,0.00,2700.00
ORD00104952,OI000568076,ITEM0067,2,320.00,108.16,0.00,640.00
ORD00104952,OI000568077,ITEM0075,2,630.00,269.61,0.00,1260.00
ORD00104952,OI000568078,ITEM0148,2,320.00,208.57,0.00,640.00
ORD00104953,OI000568079,ITEM0017,2,680.00,292.31,0.00,1360.00
ORD00104953,OI000568080,ITEM0067,3,320.00,108.16,0.00,960.00
ORD00104953,OI000568081,ITEM0084,1,1240.00,425.59,0.00,1240.00
ORD00104953,OI000568082,ITEM0091,10,1850.00,702.28,0.00,18500.00
ORD00104954,OI000568083,ITEM0005,1,450.00,149.00,0.00,450.00
ORD00104954,OI000568084,ITEM0051,1,730.00,266.66,0.00,730.00
ORD00104954,OI000568085,ITEM0130,1,240.00,88.41,0.00,240.00
ORD00104954,OI000568086,ITEM0159,1,460.00,192.62,0.00,460.00
ORD00104955,OI000568087,ITEM0036,1,840.00,338.10,0.00,840.00
ORD00104955,OI000568088,ITEM0039,1,980.00,450.35,0.00,980.00
ORD00104955,OI000568089,,3,1530.00,595.53,0.00,4590.00
ORD00104955,OI000568090,ITEM0048,3,1460.00,572.91,0.00,4380.00
ORD00104955,OI000568091,ITEM0050,2,1860.00,751.10,0.00,3720.00
ORD00104955,OI000568092,ITEM0064,1,530.00,186.68,0.00,530.00
ORD00104955,OI000568093,ITEM0073,1,850.00,331.31,0.00,850.00
ORD00104955,OI000568094,ITEM0081,1,1510.00,1047.44,0.00,1510.00
ORD00104955,OI000568095,ITEM0148,1,350.00,208.57,0.00,350.00
ORD00104955,OI000568096,ITEM0151,2,65.00,43.08,0.00,130.00
ORD00104955,OI000568097,ITEM0155,2,210.00,93.65,0.00,420.00
ORD00104956,OI000568098,ITEM0068,1,680.00,470.19,0.00,680.00
ORD00104956,OI000568099,ITEM0075,2,630.00,269.61,0.00,1260.00
ORD00104956,OI000568100,ITEM0091,1,1850.00,702.28,0.00,1850.00
ORD00104956,OI000568101,ITEM0103,1,3020.00,1247.87,0.00,3020.00
ORD00104956,OI000568102,ITEM0108,1,1730.00,620.80,0.00,1730.00
ORD00104956,OI000568103,ITEM0148,2,320.00,208.57,0.00,640.00
ORD00104956,OI000568104,ITEM0151,3,60.00,43.08,0.00,180.00
ORD00104957,OI000568105,ITEM0049,2,2540.00,1107.09,0.00,5080.00
ORD00104957,OI000568106,ITEM0050,1,1720.00,751.10,0.00,1720.00
ORD00104957,OI000568107,ITEM0123,2,310.00,138.90,0.00,620.00
ORD00104957,OI000568108,ITEM0137,1,330.00,112.52,0.00,330.00
ORD00104957,OI000568109,ITEM0151,2,60.00,43.08,0.00,120.00
ORD00104958,OI000568110,ITEM0013,1,420.00,179.48,0.00,420.00
ORD00104958,OI000568111,ITEM0068,1,680.00,470.19,0.00,680.00
ORD00104958,OI000568112,ITEM0112,2,310.00,140.73,0.00,620.00
ORD00104958,OI000568113,ITEM0135,1,105.00,69.46,0.00,105.00
ORD00104958,OI000568114,ITEM0156,2,125.00,46.27,0.00,250.00
ORD00104959,OI000568115,ITEM0004,2,600.00,214.30,0.00,1200.00
ORD00104959,OI000568116,ITEM0036,1,840.00,338.10,0.00,840.00
ORD00104959,OI000568117,ITEM0046,1,2740.00,1088.75,0.00,2740.00
ORD00104959,OI000568118,ITEM0068,1,680.00,470.19,0.00,680.00
ORD00104959,OI000568119,ITEM0082,1,1920.00,687.45,0.00,1920.00
ORD00104959,OI000568120,ITEM0126,2,155.00,69.21,0.00,310.00
ORD00104960,OI000568121,ITEM0004,1,600.00,214.30,0.00,600.00
ORD00104960,OI000568122,ITEM0029,1,950.00,312.12,0.00,950.00
ORD00104960,OI000568123,ITEM0054,2,1220.00,409.33,0.00,2440.00
ORD00104960,OI000568124,ITEM0064,2,530.00,186.68,0.00,1060.00
ORD00104960,OI000568125,ITEM0071,1,680.00,259.12,0.00,680.00
ORD00104960,OI000568126,ITEM0081,1,1510.00,1047.44,0.00,1510.00
ORD00104960,OI000568127,ITEM0084,1,1240.00,425.59,0.00,1240.00
ORD00104961,OI000568128,ITEM0004,1,600.00,214.30,200.00,400.00
ORD00104961,OI000568129,ITEM0027,1,440.00,144.90,0.00,440.00
ORD00104961,OI000568130,ITEM0066,1,950.00,343.77,0.00,950.00
ORD00104961,OI000568131,ITEM0157,2,770.00,314.38,0.00,1540.00
ORD00104962,OI000568132,ITEM0027,3,440.00,144.90,0.00,1320.00
ORD00104962,OI000568133,ITEM0076,1,780.00,281.82,0.00,780.00
ORD00104962,OI000568134,ITEM0082,1,1920.00,687.45,0.00,1920.00
ORD00104962,OI000568135,ITEM0132,3,390.00,159.49,0.00,1170.00
ORD00104962,OI000568136,ITEM0138,3,270.00,108.52,0.00,810.00
ORD00104963,OI000568137,ITEM0023,2,470.00,200.14,0.00,940.00
ORD00104963,OI000568138,ITEM0053,1,1400.00,578.78,0.00,1400.00
ORD00104963,OI000568139,ITEM0119,1,470.00,169.51,0.00,470.00
ORD00104963,OI000568140,ITEM0139,7,400.00,66.93,0.00,2800.00
ORD00104963,OI000568141,ITEM0148,5,350.00,208.57,0.00,1750.00
ORD00104963,OI000568142,ITEM0155,3,210.00,93.65,0.00,630.00
ORD00104964,OI000568143,ITEM0013,2,420.00,179.48,0.00,840.00
ORD00104964,OI000568144,ITEM0019,1,360.00,154.84,0.00,360.00
ORD00104964,OI000568145,ITEM0027,1,440.00,144.90,0.00,440.00
ORD00104964,OI000568146,ITEM0068,1,680.00,470.19,0.00,680.00
ORD00104964,OI000568147,ITEM0087,1,3090.00,1425.09,0.00,3090.00
ORD00104964,OI000568148,ITEM0129,1,540.00,183.07,0.00,540.00
ORD00104964,OI000568149,ITEM0148,2,320.00,208.57,0.00,640.00
ORD00104965,OI000568150,ITEM0109,1,1500.00,513.48,0.00,1500.00
ORD00104965,OI000568151,ITEM0112,2,310.00,140.73,0.00,620.00
ORD00104965,OI000568152,ITEM0157,1,770.00,314.38,0.00,770.00
ORD00104966,OI000568153,ITEM0013,2,420.00,179.48,200.00,640.00
ORD00104966,OI000568154,ITEM0075,1,630.00,269.61,0.00,630.00
ORD00104966,OI000568155,ITEM0082,1,1920.00,687.45,0.00,1920.00
ORD00104966,OI000568156,ITEM0096,1,1760.00,290.57,0.00,1760.00
ORD00104966,OI000568157,ITEM0110,2,1330.00,558.62,0.00,2660.00
ORD00104966,OI000568158,ITEM0121,1,360.00,121.95,0.00,360.00
ORD00104966,OI000568159,ITEM0134,2,160.00,105.60,0.00,320.00
ORD00104966,OI000568160,ITEM0148,2,320.00,208.57,0.00,640.00
ORD00104966,OI000568161,ITEM0150,1,125.00,48.98,0.00,125.00
ORD00104966,OI000568162,ITEM0154,2,370.00,126.03,0.00,740.00
ORD00104967,OI000568163,ITEM0067,1,320.00,108.16,0.00,320.00
ORD00104967,OI000568164,ITEM0129,1,540.00,183.07,0.00,540.00
ORD00104967,OI000568165,ITEM0138,3,270.00,108.52,0.00,810.00
ORD00104968,OI000568166,ITEM0010,2,1350.00,552.35,0.00,2700.00
ORD00104968,OI000568167,ITEM0013,1,420.00,179.48,0.00,420.00
ORD00104968,OI000568168,ITEM0034,1,1220.00,445.69,0.00,1220.00
ORD00104968,OI000568169,ITEM0045,1,1530.00,595.53,0.00,1530.00
ORD00104968,OI000568170,ITEM0081,2,1510.00,1047.44,0.00,3020.00
ORD00104968,OI000568171,ITEM0136,1,490.00,167.58,0.00,490.00
ORD00104968,OI000568172,ITEM0143,1,460.00,180.93,0.00,460.00
ORD00104968,OI000568173,ITEM0145,2,350.00,144.29,0.00,700.00
ORD00104968,OI000568174,ITEM0157,2,770.00,314.38,0.00,1540.00
ORD00104969,OI000568175,ITEM0036,2,840.00,338.10,0.00,1680.00
ORD00104969,OI000568176,ITEM0044,2,1440.00,498.16,0.00,2880.00
ORD00104969,OI000568177,ITEM0055,1,680.00,227.76,0.00,680.00
ORD00104969,OI000568178,ITEM0058,1,1210.00,378.58,0.00,1210.00
ORD00104969,OI000568179,ITEM0066,1,950.00,343.77,0.00,950.00
ORD00104969,OI000568180,ITEM0068,1,680.00,470.19,0.00,680.00
ORD00104969,OI000568181,ITEM0081,3,1510.00,1047.44,0.00,4530.00
ORD00104969,OI000568182,ITEM0086,2,1380.00,560.08,0.00,2760.00
ORD00104969,OI000568183,ITEM0108,1,1730.00,620.80,0.00,1730.00
ORD00104969,OI000568184,ITEM0151,5,60.00,43.08,0.00,300.00
ORD00104969,OI000568185,ITEM0152,3,95.00,38.94,0.00,285.00
ORD00104969,OI000568186,ITEM0157,2,770.00,314.38,0.00,1540.00
ORD00104970,OI000568187,ITEM0003,1,380.00,139.35,200.00,180.00
ORD00104970,OI000568188,ITEM0035,1,960.00,403.00,0.00,960.00
ORD00104970,OI000568189,ITEM0068,1,680.00,470.19,0.00,680.00
ORD00104970,OI000568190,ITEM0075,1,630.00,269.61,0.00,630.00
ORD00104970,OI000568191,ITEM0115,1,610.00,186.26,0.00,610.00
ORD00104970,OI000568192,ITEM0134,1,160.00,105.60,0.00,160.00
ORD00104970,OI000568193,ITEM0148,1,320.00,208.57,0.00,320.00
ORD00104971,OI000568194,ITEM0027,2,440.00,144.90,0.00,880.00
ORD00104971,OI000568196,ITEM0040,1,730.00,258.94,0.00,730.00
ORD00104971,OI000568197,ITEM0143,1,460.00,180.93,0.00,460.00
ORD00104971,OI000568198,ITEM0159,3,460.00,192.62,0.00,1380.00
ORD00104972,OI000568199,ITEM0005,1,420.00,149.00,0.00,420.00
ORD00104972,OI000568200,ITEM0057,1,670.00,446.99,0.00,670.00
ORD00104972,OI000568201,ITEM0137,1,330.00,112.52,0.00,330.00
ORD00104972,OI000568202,ITEM0138,4,270.00,108.52,0.00,1080.00
ORD00104973,OI000568203,ITEM0003,1,380.00,139.35,0.00,380.00
ORD00104973,OI000568204,ITEM0048,1,1460.00,572.91,0.00,1460.00
ORD00104973,OI000568205,ITEM0075,1,630.00,269.61,0.00,630.00
ORD00104973,OI000568206,ITEM0081,1,1510.00,1047.44,0.00,1510.00
ORD00104973,OI000568207,ITEM0082,1,1920.00,687.45,0.00,1920.00
ORD00104973,OI000568207,ITEM0082,1,1920.00,687.45,0.00,1920.00
ORD00104973,OI000568208,ITEM0102,2,1340.00,625.27,0.00,2680.00
ORD00104973,OI000568209,ITEM0135,7,105.00,69.46,0.00,735.00
ORD00104973,OI000568210,ITEM0143,2,460.00,180.93,0.00,920.00
ORD00104974,OI000568211,ITEM0009,1,470.00,178.25,113.25,356.75
ORD00104974,OI000568212,ITEM0066,1,950.00,343.77,0.00,950.00
ORD00104974,OI000568213,ITEM0068,4,680.00,470.19,0.00,2720.00
ORD00104974,OI000568214,ITEM0131,1,360.00,156.93,86.75,273.25
ORD00104975,OI000568215,ITEM0049,1,2740.00,1107.09,0.00,2740.00
ORD00104975,OI000568216,ITEM0068,3,680.00,470.19,0.00,2040.00
ORD00104975,OI000568217,ITEM0137,1,330.00,112.52,0.00,330.00
ORD00104976,OI000568218,ITEM0032,1,780.00,356.48,0.00,780.00
ORD00104976,OI000568219,ITEM0036,1,840.00,338.10,0.00,840.00
ORD00104976,OI000568220,ITEM0045,1,1530.00,595.53,0.00,1530.00
ORD00104976,OI000568221,ITEM0123,1,310.00,138.90,0.00,310.00
ORD00104976,OI000568222,ITEM0138,1,270.00,108.52,0.00,270.00
ORD00104977,OI000568223,ITEM0048,1,1460.00,572.91,0.00,1460.00
ORD00104977,OI000568224,ITEM0148,2,350.00,208.57,0.00,700.00
ORD00104978,OI000568225,ITEM0041,3,1250.00,495.95,0.00,3750.00
ORD00104978,OI000568226,ITEM0057,1,670.00,446.99,0.00,670.00
ORD00104978,OI000568227,ITEM0089,2,2070.00,892.05,0.00,4140.00
ORD00104978,OI000568228,ITEM0136,1,490.00,167.58,0.00,490.00
ORD00104978,OI000568229,ITEM0137,3,330.00,112.52,0.00,990.00
ORD00104978,OI000568230,ITEM0147,2,450.00,148.21,0.00,900.00
ORD00104979,OI000568231,ITEM0050,1,1860.00,751.10,0.00,1860.00
ORD00104979,OI000568232,ITEM0134,4,160.00,105.60,0.00,640.00
ORD00104979,OI000568233,ITEM0136,1,530.00,167.58,0.00,530.00
ORD00104979,OI000568234,ITEM0149,3,370.00,165.96,0.00,1110.00
ORD00104980,OI000568235,ITEM0003,1,380.00,139.35,52.41,327.59
ORD00104980,OI000568236,ITEM0004,1,600.00,214.30,82.76,517.24
ORD00104980,OI000568237,ITEM0009,1,470.00,178.25,64.83,405.17
ORD00104980,OI000568238,ITEM0030,1,265.00,110.76,0.00,265.00
ORD00104980,OI000568239,ITEM0066,1,950.00,343.77,0.00,950.00
ORD00104980,OI000568240,ITEM0134,1,160.00,105.60,0.00,160.00
ORD00104980,OI000568241,ITEM0137,5,330.00,112.52,0.00,1650.00
ORD00104980,OI000568242,ITEM0148,2,320.00,208.57,0.00,640.00
ORD00104981,OI000568243,ITEM0030,5,285.00,110.76,0.00,1425.00
ORD00104981,OI000568244,ITEM0055,2,680.00,227.76,0.00,1360.00
ORD00104981,OI000568245,ITEM0065,1,1300.00,489.16,0.00,1300.00
ORD00104981,OI000568246,ITEM0136,2,530.00,167.58,0.00,1060.00
ORD00104981,OI000568247,ITEM0138,1,270.00,108.52,0.00,270.00
ORD00104981,OI000568248,ITEM0140,2,490.00,65.77,0.00,980.00
ORD00104982,OI000568249,ITEM0002,2,210.00,72.86,0.00,420.00
ORD00104982,OI000568250,ITEM0003,1,380.00,139.35,0.00,380.00
ORD00104982,OI000568251,ITEM0013,1,420.00,179.48,0.00,420.00
ORD00104982,OI000568252,ITEM0050,1,1720.00,751.10,0.00,1720.00
ORD00104982,OI000568253,ITEM0054,1,1220.00,409.33,0.00,1220.00
ORD00104982,OI000568254,ITEM0064,1,530.00,186.68,0.00,530.00
ORD00104983,OI000568255,ITEM0003,1,380.00,139.35,0.00,380.00
ORD00104983,OI000568256,ITEM0025,3,890.00,334.06,0.00,2670.00
ORD00104983,OI000568257,ITEM0033,2,900.00,299.82,0.00,1800.00
ORD00104983,OI000568258,ITEM0044,1,1560.00,498.16,0.00,1560.00
ORD00104983,OI000568259,ITEM0050,1,1860.00,751.10,0.00,1860.00
ORD00104983,OI000568260,ITEM0134,3,160.00,105.60,0.00,480.00
ORD00104983,OI000568261,ITEM0150,1,125.00,48.98,0.00,125.00
ORD00104983,OI000568262,ITEM0151,1,65.00,43.08,0.00,65.00
ORD00104984,OI000568263,ITEM0138,1,270.00,108.52,0.00,270.00
ORD00104984,OI000568264,ITEM0152,4,95.00,38.94,0.00,380.00
ORD00104985,OI000568265,ITEM0019,1,360.00,154.84,0.00,360.00
ORD00104985,OI000568266,ITEM0077,2,660.00,295.15,0.00,1320.00
ORD00104985,OI000568267,ITEM0130,1,240.00,88.41,200.00,40.00
ORD00104985,OI000568268,ITEM0148,3,320.00,208.57,0.00,960.00
ORD00104986,OI000568269,ITEM0036,1,840.00,338.10,0.00,840.00
ORD00104986,OI000568270,ITEM0048,1,1460.00,572.91,0.00,1460.00
ORD00104986,OI000568271,ITEM0130,1,240.00,88.41,200.00,40.00
ORD00104987,OI000568272,ITEM0061,2,1060.00,363.74,0.00,2120.00
ORD00104987,OI000568273,ITEM0068,1,680.00,470.19,0.00,680.00
ORD00104987,OI000568274,ITEM0126,3,155.00,69.21,0.00,465.00
ORD00104987,OI000568275,ITEM0130,1,240.00,88.41,0.00,240.00
ORD00104987,OI000568276,ITEM0137,2,330.00,112.52,0.00,660.00
ORD00104987,OI000568277,ITEM0148,3,350.00,208.57,0.00,1050.00
ORD00104987,OI000568278,ITEM0151,1,65.00,43.08,0.00,65.00
ORD00104988,OI000568279,ITEM0041,1,1250.00,495.95,0.00,1250.00
ORD00104988,OI000568280,ITEM0077,1,710.00,295.15,0.00,710.00
ORD00104989,OI000568281,ITEM0004,1,600.00,214.30,0.00,600.00
ORD00104989,OI000568282,ITEM0027,1,440.00,144.90,0.00,440.00
ORD00104989,OI000568283,ITEM0048,3,1460.00,572.91,0.00,4380.00
ORD00104989,OI000568284,ITEM0112,1,310.00,140.73,0.00,310.00
ORD00104989,OI000568285,ITEM0134,1,160.00,105.60,0.00,160.00
ORD00104990,OI000568286,ITEM0003,1,380.00,139.35,0.00,380.00
ORD00104990,OI000568287,ITEM0012,2,900.00,402.60,0.00,1800.00
ORD00104990,OI000568288,ITEM0029,3,950.00,312.12,0.00,2850.00
ORD00104990,OI000568289,ITEM0039,1,980.00,450.35,0.00,980.00
ORD00104990,OI000568290,ITEM0043,1,5110.00,2066.57,0.00,5110.00
ORD00104990,OI000568291,ITEM0057,1,670.00,446.99,0.00,670.00
ORD00104990,OI000568292,ITEM0061,1,980.00,363.74,0.00,980.00
ORD00104990,OI000568293,ITEM0075,1,630.00,269.61,0.00,630.00
ORD00104990,OI000568294,ITEM0091,1,1850.00,702.28,0.00,1850.00
ORD00104990,OI000568295,ITEM0151,3,60.00,43.08,0.00,180.00
ORD00104991,OI000568296,ITEM0004,2,600.00,214.30,0.00,1200.00
ORD00104991,OI000568297,ITEM0020,1,810.00,323.82,0.00,810.00
ORD00104991,OI000568298,ITEM0034,2,1220.00,445.69,0.00,2440.00
ORD00104991,OI000568299,ITEM0045,1,1530.00,595.53,0.00,1530.00
ORD00104991,OI000568300,ITEM0062,1,670.00,350.53,0.00,670.00
ORD00104991,OI000568301,ITEM0083,1,1760.00,701.86,0.00,1760.00
ORD00104992,OI000568302,ITEM0005,1,420.00,149.00,0.00,420.00
ORD00104992,OI000568303,ITEM0027,1,440.00,144.90,0.00,440.00
ORD00104992,OI000568304,ITEM0038,1,1140.00,497.08,0.00,1140.00
ORD00104992,OI000568305,ITEM0046,1,2740.00,1088.75,0.00,2740.00
ORD00104992,OI000568306,ITEM0047,1,1650.00,627.28,0.00,1650.00
ORD00104992,OI000568307,ITEM0075,1,630.00,269.61,0.00,630.00
ORD00104992,OI000568308,ITEM0077,1,660.00,295.15,0.00,660.00
ORD00104992,OI000568309,ITEM0129,3,540.00,183.07,0.00,1620.00
ORD00104992,OI000568310,ITEM0143,1,460.00,180.93,0.00,460.00
ORD00104993,OI000568311,ITEM0003,1,380.00,139.35,0.00,380.00
ORD00104993,OI000568312,ITEM0013,1,420.00,179.48,0.00,420.00
ORD00104993,OI000568313,ITEM0050,1,1720.00,751.10,0.00,1720.00
ORD00104993,OI000568314,ITEM0068,3,680.00,470.19,0.00,2040.00
ORD00104993,OI000568315,ITEM0082,1,1920.00,687.45,0.00,1920.00
ORD00104993,OI000568316,ITEM0084,1,1240.00,425.59,0.00,1240.00
ORD00104993,OI000568317,ITEM0113,2,480.00,193.08,0.00,960.00
ORD00104993,OI000568318,ITEM0145,2,350.00,144.29,0.00,700.00
ORD00104993,OI000568318,ITEM0145,2,350.00,144.29,0.00,700.00
ORD00104994,OI000568319,ITEM0004,1,600.00,214.30,0.00,600.00
ORD00104994,OI000568320,ITEM0046,3,2740.00,1088.75,0.00,8220.00
ORD00104994,OI000568321,ITEM0061,1,980.00,363.74,0.00,980.00
ORD00104994,OI000568322,ITEM0062,1,670.00,350.53,0.00,670.00
ORD00104994,OI000568323,ITEM0114,1,280.00,84.81,0.00,280.00
ORD00104994,OI000568324,ITEM0141,1,510.00,166.18,0.00,510.00
ORD00104994,OI000568325,ITEM0145,1,350.00,144.29,0.00,350.00
ORD00104994,OI000568326,ITEM0153,2,40.00,16.47,0.00,80.00
ORD00104995,OI000568327,ITEM0003,2,380.00,139.35,0.00,760.00
ORD00104995,OI000568328,ITEM0011,1,920.00,332.30,0.00,920.00
ORD00104995,OI000568329,ITEM0017,2,680.00,292.31,0.00,1360.00
ORD00104995,OI000568330,ITEM0033,1,900.00,299.82,0.00,900.00
ORD00104995,OI000568331,ITEM0068,1,680.00,470.19,0.00,680.00
ORD00104995,OI000568332,ITEM0106,2,-3990.00,1784.77,0.00,7980.00
ORD00104996,OI000568333,ITEM0013,1,420.00,179.48,0.00,420.00
ORD00104996,OI000568334,ITEM0061,2,980.00,363.74,0.00,1960.00
ORD00104996,OI000568335,ITEM0138,1,270.00,108.52,0.00,270.00
ORD00104996,OI000568336,ITEM0145,2,350.00,144.29,0.00,700.00
ORD00104996,OI000568337,ITEM0151,3,60.00,43.08,0.00,180.00
ORD00104996,OI000568338,ITEM0154,5,370.00,126.03,0.00,1850.00
ORD00104997,OI000568339,ITEM0027,1,440.00,144.90,0.00,440.00
ORD00104997,OI000568340,ITEM0032,1,780.00,356.48,0.00,780.00
ORD00104997,OI000568341,ITEM0086,1,1380.00,560.08,0.00,1380.00
ORD00104997,OI000568342,ITEM0135,2,105.00,69.46,0.00,210.00
ORD00104998,OI000568343,ITEM0049,1,2540.00,1107.09,0.00,2540.00
ORD00104998,OI000568344,ITEM0058,2,1210.00,378.58,0.00,2420.00
ORD00104998,OI000568345,ITEM0071,2,680.00,259.12,0.00,1360.00
ORD00104998,OI000568346,ITEM0091,2,1850.00,702.28,0.00,3700.00
ORD00104998,OI000568347,ITEM0154,1,370.00,126.03,0.00,370.00
ORD00104998,OI000568348,ITEM0158,2,370.00,151.76,0.00,740.00
ORD00104999,OI000568349,ITEM0025,3,820.00,334.06,0.00,2460.00
ORD00104999,OI000568350,ITEM0033,2,900.00,299.82,0.00,1800.00
ORD00104999,OI000568351,ITEM0044,1,1440.00,498.16,0.00,1440.00
ORD00104999,OI000568352,ITEM0049,2,2540.00,1107.09,0.00,5080.00
ORD00104999,OI000568353,ITEM0124,1,190.00,131.48,0.00,190.00
ORD00104999,OI000568354,ITEM0152,2,95.00,38.94,0.00,190.00
ORD00105000,OI000568355,ITEM0033,1,900.00,299.82,0.00,900.00
ORD00105000,OI000568356,ITEM0045,1,1530.00,595.53,0.00,1530.00
ORD00105000,OI000568357,ITEM0067,1,320.00,108.16,0.00,320.00
ORD00105000,OI000568358,ITEM0143,1,460.00,180.93,0.00,460.00
ORD00105000,OI000568359,ITEM0151,2,65.00,43.08,0.00,130.00
ORD00105001,OI000568360,ITEM0039,1,980.00,450.35,0.00,980.00
ORD00105001,OI000568361,ITEM0134,1,160.00,105.60,0.00,160.00
ORD00105001,OI000568362,ITEM0157,5,770.00,314.38,0.00,3850.00
ORD00105002,OI000568363,ITEM0003,1,380.00,139.35,52.05,327.95
ORD00105002,OI000568364,ITEM0004,1,600.00,214.30,82.19,517.81
ORD00105002,OI000568365,ITEM0061,1,980.00,363.74,0.00,980.00
ORD00105002,OI000568366,ITEM0066,1,950.00,343.77,0.00,950.00
ORD00105002,OI000568367,ITEM0076,1,720.00,281.82,0.00,720.00
ORD00105002,OI000568368,ITEM0081,1,1510.00,1047.44,0.00,1510.00
ORD00105002,OI000568369,ITEM0082,1,1920.00,687.45,0.00,1920.00
ORD00105002,OI000568370,ITEM0130,2,240.00,88.41,65.75,414.25
ORD00105002,OI000568371,ITEM0157,1,770.00,314.38,0.00,770.00
ORD00105003,OI000568372,ITEM0018,1,590.00,236.34,0.00,590.00
ORD00105003,OI000568373,ITEM0084,1,1240.00,425.59,0.00,1240.00
ORD00105003,OI000568374,ITEM0134,1,160.00,105.60,0.00,160.00
ORD00105003,OI000568375,ITEM0145,1,350.00,144.29,0.00,350.00
ORD00105003,OI000568376,ITEM0156,1,125.00,46.27,0.00,125.00
ORD00105004,OI000568377,ITEM0009,1,470.00,178.25,0.00,470.00
ORD00105004,OI000568378,ITEM0027,1,440.00,144.90,0.00,440.00
ORD00105004,OI000568379,ITEM0077,1,660.00,295.15,0.00,660.00
ORD00105004,OI000568380,ITEM0082,1,1920.00,687.45,0.00,1920.00
ORD00105004,OI000568381,ITEM0119,1,470.00,169.51,0.00,470.00
ORD00105004,OI000568382,ITEM0124,1,190.00,131.48,0.00,190.00
ORD00105004,OI000568383,ITEM0157,2,770.00,314.38,0.00,1540.00
ORD00105005,OI000568384,ITEM0054,1,1220.00,409.33,0.00,1220.00
ORD00105005,OI000568385,ITEM0057,3,670.00,446.99,0.00,2010.00
ORD00105005,OI000568386,ITEM0065,3,1300.00,489.16,0.00,3900.00
ORD00105006,OI000568387,ITEM0031,5,1100.00,364.08,0.00,5500.00
ORD00105006,OI000568388,ITEM0067,1,320.00,108.16,0.00,320.00
ORD00105006,OI000568389,ITEM0091,2,1850.00,702.28,0.00,3700.00
ORD00105007,OI000568390,ITEM0083,2,1760.00,701.86,0.00,3520.00
ORD00105007,OI000568391,ITEM0134,1,160.00,105.60,0.00,160.00
ORD00105007,OI000568392,ITEM0136,1,490.00,167.58,0.00,490.00
ORD00105007,OI000568393,ITEM0138,1,270.00,108.52,0.00,270.00
ORD00105007,OI000568394,ITEM0145,2,350.00,144.29,0.00,700.00
ORD00105008,OI000568395,ITEM0029,2,950.00,312.12,0.00,1900.00
ORD00105008,OI000568396,ITEM0033,1,900.00,299.82,0.00,900.00
ORD00105008,OI000568397,ITEM0057,1,670.00,446.99,0.00,670.00
ORD00105008,OI000568398,ITEM0102,1,1340.00,625.27,0.00,1340.00
ORD00105008,OI000568399,ITEM0115,2,610.00,186.26,0.00,1220.00
ORD00105008,OI000568400,ITEM0124,1,190.00,131.48,0.00,190.00
ORD00105008,OI000568401,ITEM0130,1,240.00,88.41,0.00,240.00
ORD00105008,OI000568402,ITEM0143,2,460.00,180.93,0.00,920.00
ORD00105008,OI000568403,ITEM0148,1,320.00,208.57,0.00,320.00
ORD00105009,OI000568404,ITEM0048,1,1460.00,572.91,0.00,1460.00
ORD00105009,OI000568405,ITEM0121,1,360.00,121.95,0.00,360.00
ORD00105009,OI000568406,ITEM0139,1,400.00,66.93,0.00,400.00
ORD00105009,OI000568407,ITEM0145,1,350.00,144.29,0.00,350.00
ORD00105010,OI000568408,ITEM0041,2,1250.00,495.95,0.00,2500.00
ORD00105010,OI000568409,ITEM0055,1,680.00,227.76,0.00,680.00
ORD00105010,OI000568410,ITEM0059,2,730.00,317.89,0.00,1460.00
ORD00105010,OI000568411,ITEM0068,1,680.00,470.19,0.00,680.00
ORD00105010,OI000568412,ITEM0069,2,1130.00,391.06,0.00,2260.00
ORD00105010,OI000568413,ITEM0083,1,1760.00,701.86,0.00,1760.00
ORD00105010,OI000568414,ITEM0117,1,910.00,139.74,0.00,910.00
ORD00105010,OI000568415,ITEM0138,4,270.00,108.52,0.00,1080.00
ORD00105010,OI000568416,ITEM0160,3,105.00,46.24,0.00,315.00
ORD00105011,OI000568417,ITEM0029,1,950.00,312.12,0.00,950.00
ORD00105011,OI000568418,ITEM0082,1,1920.00,687.45,0.00,1920.00
ORD00105012,OI000568419,ITEM0003,1,380.00,139.35,200.00,180.00
ORD00105012,OI000568420,ITEM0031,1,1100.00,364.08,0.00,1100.00
ORD00105012,OI000568421,ITEM0086,1,1380.00,560.08,0.00,1380.00
ORD00105012,OI000568422,ITEM0155,3,210.00,93.65,0.00,630.00
ORD00105012,OI000568423,ITEM0158,3,370.00,151.76,0.00,1110.00
ORD00105013,OI000568424,ITEM0040,2,730.00,258.94,0.00,1460.00
ORD00105013,OI000568425,ITEM0052,1,800.00,314.45,0.00,800.00
ORD00105013,OI000568426,ITEM0155,1,210.00,93.65,0.00,210.00
ORD00105014,OI000568427,ITEM0036,1,840.00,338.10,0.00,840.00
ORD00105014,OI000568428,ITEM0048,2,1460.00,572.91,0.00,2920.00
ORD00105014,OI000568429,ITEM0066,1,950.00,343.77,0.00,950.00
ORD00105014,OI000568430,ITEM0068,1,680.00,470.19,0.00,680.00
ORD00105014,OI000568430,ITEM0068,1,680.00,470.19,0.00,680.00
ORD00105014,OI000568431,ITEM0156,3,125.00,46.27,0.00,375.00
ORD00105015,OI000568432,ITEM0008,2,990.00,157.77,143.48,1836.52
ORD00105015,OI000568433,ITEM0027,3,440.00,144.90,0.00,1320.00
ORD00105015,OI000568434,ITEM0085,1,1630.00,650.03,0.00,1630.00
ORD00105015,OI000568435,ITEM0112,2,310.00,140.73,0.00,620.00
ORD00105015,OI000568436,ITEM0132,2,390.00,159.49,56.52,723.48
ORD00105015,OI000568437,ITEM0134,1,160.00,105.60,0.00,160.00
ORD00105015,OI000568438,ITEM0153,2,40.00,16.47,0.00,80.00
ORD00105016,OI000568439,ITEM0013,1,420.00,179.48,0.00,420.00
ORD00105016,OI000568440,ITEM0040,1,730.00,258.94,0.00,730.00
ORD00105016,OI000568441,ITEM0045,1,1530.00,595.53,0.00,1530.00
ORD00105016,OI000568442,ITEM0122,1,690.00,295.82,0.00,690.00
ORD00105016,OI000568443,ITEM0148,2,320.00,208.57,0.00,640.00
ORD00105017,OI000568444,ITEM0056,2,1440.00,468.22,0.00,2880.00
ORD00105017,OI000568444,ITEM0056,2,1440.00,468.22,0.00,2880.00
ORD00105017,OI000568445,ITEM0068,2,680.00,470.19,0.00,1360.00
ORD00105017,OI000568446,ITEM0074,2,1200.00,536.56,0.00,2400.00
ORD00105017,OI000568447,ITEM0138,1,270.00,108.52,0.00,270.00
ORD00105018,OI000568448,ITEM0019,1,390.00,154.84,0.00,390.00
ORD00105018,OI000568449,ITEM0045,1,1530.00,595.53,0.00,1530.00
ORD00105018,OI000568450,ITEM0133,2,180.00,78.35,200.00,160.00
ORD00105019,OI000568451,ITEM0134,2,160.00,105.60,0.00,320.00
ORD00105019,OI000568452,ITEM0146,2,580.00,200.95,0.00,1160.00
ORD00105019,OI000568453,ITEM0156,5,125.00,46.27,0.00,625.00
ORD00105020,OI000568454,ITEM0050,1,1720.00,751.10,0.00,1720.00
ORD00105020,OI000568455,ITEM0057,1,670.00,446.99,0.00,670.00
ORD00105020,OI000568456,ITEM0083,1,1760.00,701.86,0.00,1760.00
ORD00105020,OI000568457,ITEM0138,1,270.00,108.52,0.00,270.00
ORD00105020,OI000568458,ITEM0151,5,60.00,43.08,0.00,300.00
ORD00105021,OI000568459,ITEM0003,2,380.00,139.35,0.00,760.00
ORD00105021,OI000568460,ITEM0027,2,440.00,144.90,0.00,880.00
ORD00105021,OI000568461,ITEM0045,2,1530.00,595.53,0.00,3060.00
ORD00105021,OI000568462,ITEM0046,1,2740.00,1088.75,0.00,2740.00
ORD00105021,OI000568463,ITEM0048,1,1460.00,572.91,0.00,1460.00
ORD00105021,OI000568464,ITEM0065,1,1300.00,489.16,0.00,1300.00
ORD00105021,OI000568465,ITEM0135,1,105.00,69.46,0.00,105.00
ORD00105021,OI000568466,ITEM0139,2,400.00,66.93,0.00,800.00
ORD00105021,OI000568467,ITEM0143,1,460.00,180.93,0.00,460.00
ORD00105022,OI000568468,ITEM0004,2,600.00,214.30,200.00,1000.00
ORD00105022,OI000568469,ITEM0043,1,5110.00,2066.57,0.00,5110.00
ORD00105022,OI000568470,ITEM0090,1,1840.00,663.73,0.00,1840.00
ORD00105023,OI000568471,ITEM0001,1,260.00,93.07,0.00,260.00
ORD00105023,OI000568472,ITEM0027,1,440.00,144.90,0.00,440.00
ORD00105023,OI000568473,ITEM0090,1,1840.00,663.73,0.00,1840.00
ORD00105023,OI000568474,ITEM0102,1,1340.00,625.27,0.00,1340.00
ORD00105023,OI000568475,ITEM0134,1,160.00,105.60,0.00,160.00
ORD00105023,OI000568476,ITEM0140,3,450.00,65.77,0.00,1350.00
ORD00105023,OI000568477,ITEM0151,2,60.00,43.08,0.00,120.00
ORD00105024,OI000568478,ITEM0123,1,310.00,138.90,0.00,310.00
ORD00105024,OI000568479,ITEM0148,2,320.00,208.57,0.00,640.00
ORD00105024,OI000568480,ITEM0155,2,210.00,93.65,0.00,420.00
ORD00105025,OI000568481,ITEM0003,3,380.00,139.35,0.00,1140.00
ORD00105025,OI000568482,ITEM0027,2,440.00,144.90,0.00,880.00
ORD00105025,OI000568483,ITEM0032,3,780.00,356.48,0.00,2340.00
ORD00105025,OI000568484,ITEM0041,1,1250.00,495.95,0.00,1250.00
ORD00105025,OI000568485,ITEM0130,1,240.00,88.41,0.00,240.00
ORD00105025,OI000568486,ITEM0134,3,160.00,105.60,0.00,480.00
ORD00105025,OI000568487,ITEM0135,1,105.00,69.46,0.00,105.00
ORD00105025,OI000568488,ITEM0143,1,460.00,180.93,0.00,460.00
ORD00105025,OI000568489,ITEM0153,1,40.00,16.47,0.00,40.00
ORD00105026,OI000568490,ITEM0083,1,1760.00,701.86,0.00,1760.00
ORD00105027,OI000568491,ITEM0001,1,260.00,93.07,0.00,260.00
ORD00105027,OI000568492,ITEM0034,1,1220.00,445.69,0.00,1220.00
ORD00105027,OI000568493,ITEM0036,5,840.00,338.10,0.00,4200.00
ORD00105027,OI000568494,ITEM7872,1,1530.00,595.53,0.00,1530.00
ORD00105027,OI000568495,ITEM0075,1,630.00,269.61,0.00,630.00
ORD00105027,OI000568496,ITEM0145,1,350.00,144.29,0.00,350.00
ORD00105027,OI000568497,ITEM0148,2,350.00,208.57,0.00,700.00
ORD00105028,OI000568498,ITEM0010,3,1350.00,552.35,0.00,4050.00
ORD00105028,OI000568499,ITEM0032,2,840.00,356.48,0.00,1680.00
ORD00105028,OI000568500,ITEM0033,1,900.00,299.82,0.00,900.00
ORD00105028,OI000568501,ITEM0071,1,730.00,259.12,0.00,730.00
ORD00105028,OI000568502,ITEM0109,2,1500.00,513.48,0.00,3000.00
ORD00105028,OI000568503,ITEM0125,5,290.00,119.62,0.00,1450.00
ORD00105028,OI000568504,ITEM0157,3,770.00,314.38,0.00,2310.00
ORD00105029,OI000568505,ITEM0123,1,330.00,138.90,0.00,330.00
ORD00105029,OI000568506,ITEM0129,1,540.00,183.07,0.00,540.00
ORD00105029,OI000568507,ITEM0148,1,350.00,208.57,0.00,350.00
ORD00105029,OI000568508,ITEM0152,2,95.00,38.94,0.00,190.00
ORD00105029,OI000568509,ITEM0156,3,125.00,46.27,0.00,375.00
ORD00105029,OI000568510,ITEM0159,4,460.00,192.62,0.00,1840.00
ORD00105030,OI000568511,ITEM0010,1,1350.00,552.35,200.00,1150.00
ORD00105030,OI000568512,ITEM0031,1,1100.00,364.08,0.00,1100.00
ORD00105030,OI000568513,ITEM0051,1,680.00,266.66,0.00,680.00
ORD00105030,OI000568514,ITEM0057,2,670.00,446.99,0.00,1340.00
ORD00105030,OI000568515,ITEM0068,2,680.00,470.19,0.00,1360.00
ORD00105031,OI000568516,ITEM0004,4,600.00,214.30,0.00,2400.00
ORD00105031,OI000568517,ITEM0027,2,440.00,144.90,0.00,880.00
ORD00105031,OI000568518,ITEM0135,1,105.00,69.46,0.00,105.00
ORD00105031,OI000568519,ITEM0141,1,510.00,166.18,0.00,510.00
ORD00105032,OI000568520,ITEM0037,1,2310.00,972.25,0.00,2310.00
ORD00105032,OI000568521,ITEM0052,1,800.00,314.45,0.00,800.00
ORD00105032,OI000568522,ITEM0111,3,260.00,91.26,0.00,780.00
ORD00105032,OI000568523,ITEM0114,2,280.00,84.81,0.00,560.00
ORD00105032,OI000568524,ITEM0148,1,320.00,208.57,0.00,320.00
ORD00105032,OI000568525,ITEM0150,4,125.00,48.98,0.00,500.00
ORD00105032,OI000568526,ITEM0151,2,60.00,43.08,0.00,120.00
ORD00105033,OI000568527,ITEM0055,2,680.00,227.76,0.00,1360.00
ORD00105033,OI000568528,ITEM0067,1,320.00,108.16,0.00,320.00
ORD00105033,OI000568529,ITEM0130,1,240.00,88.41,0.00,240.00
ORD00105033,OI000568530,ITEM0143,1,460.00,180.93,0.00,460.00
ORD00105034,OI000568531,ITEM0066,1,950.00,343.77,0.00,950.00
ORD00105034,OI000568532,ITEM0068,1,680.00,470.19,0.00,680.00
ORD00105034,OI000568533,ITEM0071,1,680.00,259.12,0.00,680.00
ORD00105034,OI000568534,ITEM0154,1,370.00,126.03,0.00,370.00
ORD00105034,OI000568535,ITEM0157,1,770.00,314.38,0.00,770.00
ORD00105035,OI000568536,ITEM0045,2,1530.00,595.53,0.00,3060.00
ORD00105035,OI000568537,ITEM0057,1,670.00,446.99,0.00,670.00
ORD00105035,OI000568538,ITEM0106,2,3990.00,1784.77,0.00,7980.00
ORD00105035,OI000568539,ITEM0137,2,330.00,112.52,0.00,660.00
ORD00105035,OI000568540,ITEM0138,1,270.00,108.52,0.00,270.00
ORD00105035,OI000568541,ITEM0139,1,400.00,66.93,0.00,400.00
ORD00105035,OI000568542,ITEM0152,4,95.00,38.94,0.00,380.00
ORD00105036,OI000568543,ITEM0017,1,680.00,292.31,0.00,680.00
ORD00105036,OI000568544,ITEM0043,1,5110.00,2066.57,0.00,5110.00
ORD00105036,OI000568545,ITEM0151,2,60.00,43.08,0.00,120.00
ORD00105037,OI000568546,ITEM0045,1,1530.00,595.53,0.00,1530.00
ORD00105037,OI000568547,ITEM0047,1,1780.00,627.28,0.00,1780.00
ORD00105037,OI000568547,ITEM0047,1,1780.00,627.28,0.00,1780.00
ORD00105037,OI000568548,ITEM0094,2,1500.00,682.35,0.00,3000.00
ORD00105037,OI000568549,ITEM0124,5,190.00,131.48,0.00,950.00
ORD00105038,OI000568550,ITEM0014,1,470.00,180.01,0.00,470.00
ORD00105038,OI000568551,ITEM0045,1,1530.00,595.53,0.00,1530.00
ORD00105038,OI000568552,ITEM0050,1,1720.00,751.10,0.00,1720.00
ORD00105038,OI000568553,ITEM0086,2,1380.00,560.08,0.00,2760.00
ORD00105038,OI000568554,ITEM0124,2,190.00,131.48,0.00,380.00
ORD00105038,OI000568555,ITEM0134,2,160.00,105.60,0.00,320.00
ORD00105039,OI000568556,ITEM0002,1,210.00,72.86,0.00,210.00
ORD00105039,OI000568557,ITEM0003,1,380.00,139.35,0.00,380.00
ORD00105039,OI000568558,ITEM0032,1,780.00,356.48,0.00,780.00
ORD00105039,OI000568559,ITEM0064,5,530.00,186.68,0.00,2650.00
ORD00105039,OI000568560,ITEM0081,2,1510.00,1047.44,0.00,3020.00
ORD00105039,OI000568561,ITEM0115,1,610.00,186.26,0.00,610.00
ORD00105039,OI000568562,ITEM6033,5,320.00,208.57,0.00,1600.00
ORD00105039,OI000568563,ITEM0152,1,95.00,38.94,0.00,95.00
ORD00105039,OI000568564,ITEM0159,2,460.00,192.62,0.00,920.00
ORD00105040,OI000568565,ITEM0048,3,1460.00,572.91,0.00,4380.00
ORD00105040,OI000568566,ITEM0055,1,680.00,227.76,0.00,680.00
ORD00105040,OI000568567,ITEM0074,3,1200.00,536.56,0.00,3600.00
ORD00105040,OI000568568,ITEM0083,2,1760.00,701.86,0.00,3520.00
ORD00105040,OI000568569,ITEM0103,3,3020.00,1247.87,0.00,9060.00
ORD00105040,OI000568570,ITEM0148,3,320.00,208.57,0.00,960.00
ORD00105041,OI000568571,ITEM0048,1,1460.00,572.91,0.00,1460.00
ORD00105041,OI000568572,ITEM0051,1,730.00,266.66,0.00,730.00
ORD00105041,OI000568573,ITEM0062,2,670.00,350.53,0.00,1340.00
ORD00105041,OI000568574,ITEM0066,2,950.00,343.77,0.00,1900.00
ORD00105041,OI000568575,ITEM0119,1,470.00,169.51,0.00,470.00
ORD00105041,OI000568576,ITEM0134,1,160.00,105.60,0.00,160.00
ORD00105041,OI000568577,ITEM0146,1,580.00,200.95,0.00,580.00
ORD00105042,OI000568578,ITEM0005,1,450.00,149.00,0.00,450.00
ORD00105042,OI000568579,ITEM0041,2,1250.00,495.95,0.00,2500.00
ORD00105042,OI000568580,ITEM0073,1,850.00,331.31,0.00,850.00
ORD00105042,OI000568581,ITEM0133,1,180.00,78.35,0.00,180.00
ORD00105042,OI000568582,ITEM0159,1,460.00,192.62,0.00,460.00
ORD00105043,OI000568583,ITEM0045,1,1530.00,595.53,0.00,1530.00
ORD00105043,OI000568584,ITEM0081,1,1510.00,1047.44,0.00,1510.00
ORD00105043,OI000568585,ITEM0124,1,190.00,131.48,0.00,190.00
ORD00105043,OI000568586,ITEM0148,4,320.00,208.57,0.00,1280.00
ORD00105044,OI000568587,ITEM0011,1,920.00,332.30,0.00,920.00
ORD00105044,OI000568588,ITEM0014,2,470.00,180.01,0.00,940.00
ORD00105044,OI000568589,ITEM0077,1,660.00,295.15,0.00,660.00
ORD00105044,OI000568590,ITEM0106,1,3990.00,1784.77,0.00,3990.00
ORD00105044,OI000568591,ITEM0141,3,510.00,166.18,0.00,1530.00
ORD00105045,OI000568592,ITEM0029,1,950.00,312.12,0.00,950.00
ORD00105045,OI000568593,ITEM0038,1,1140.00,497.08,0.00,1140.00
ORD00105045,OI000568594,ITEM0149,1,370.00,165.96,0.00,370.00
ORD00105046,OI000568595,ITEM0004,1,-600.00,214.30,0.00,600.00
ORD00105046,OI000568596,ITEM0045,3,1530.00,595.53,0.00,4590.00
ORD00105046,OI000568597,ITEM0066,1,950.00,343.77,0.00,950.00
ORD00105046,OI000568598,ITEM0068,1,680.00,470.19,0.00,680.00
ORD00105046,OI000568599,ITEM0134,2,160.00,105.60,0.00,320.00
ORD00105046,OI000568600,ITEM0145,2,350.00,144.29,0.00,700.00
ORD00105046,OI000568601,ITEM0148,1,320.00,208.57,0.00,320.00
ORD00105047,OI000568602,ITEM0041,3,1250.00,495.95,0.00,3750.00
ORD00105047,OI000568603,ITEM0046,2,2740.00,1088.75,0.00,5480.00
ORD00105047,OI000568604,ITEM0060,2,790.00,323.39,0.00,1580.00
ORD00105047,OI000568605,ITEM0062,2,670.00,350.53,0.00,1340.00
ORD00105048,OI000568606,ITEM0025,1,820.00,334.06,0.00,820.00
ORD00105048,OI000568607,ITEM0027,2,440.00,144.90,0.00,880.00
ORD00105048,OI000568608,ITEM0055,1,680.00,227.76,0.00,680.00
ORD00105048,OI000568609,ITEM0059,2,730.00,317.89,0.00,1460.00
ORD00105048,OI000568610,ITEM0076,1,720.00,281.82,0.00,720.00
ORD00105048,OI000568611,ITEM0143,1,460.00,180.93,0.00,460.00
ORD00105049,OI000568612,ITEM0007,3,1570.00,711.90,184.71,4525.29
ORD00105049,OI000568613,ITEM0035,1,960.00,403.00,0.00,960.00
ORD00105049,OI000568614,ITEM0068,2,680.00,470.19,0.00,1360.00
ORD00105049,OI000568615,ITEM0075,2,630.00,269.61,0.00,1260.00
ORD00105049,OI000568616,ITEM0101,1,1230.00,414.61,0.00,1230.00
ORD00105049,OI000568617,ITEM0132,1,390.00,159.49,15.29,374.71
ORD00105049,OI000568618,ITEM0135,2,105.00,69.46,0.00,210.00
ORD00105050,OI000568619,ITEM0013,2,420.00,179.48,0.00,840.00
ORD00105050,OI000568620,ITEM0045,2,1530.00,595.53,0.00,3060.00
ORD00105050,OI000568621,ITEM0048,4,1460.00,572.91,0.00,5840.00
ORD00105050,OI000568622,ITEM0065,1,1300.00,489.16,0.00,1300.00
ORD00105050,OI000568623,ITEM0089,1,2070.00,892.05,0.00,2070.00
ORD00105050,OI000568624,ITEM0134,1,160.00,105.60,0.00,160.00
ORD00105050,OI000568625,ITEM0136,1,490.00,167.58,0.00,490.00
ORD00105050,OI000568626,ITEM0151,2,60.00,43.08,0.00,120.00
ORD00105051,OI000568627,ITEM0004,1,600.00,214.30,0.00,600.00
ORD00105051,OI000568628,ITEM0049,2,2540.00,1107.09,0.00,5080.00
ORD00105051,OI000568629,ITEM0051,1,680.00,266.66,0.00,680.00
ORD00105051,OI000568630,ITEM0052,1,800.00,314.45,0.00,800.00
ORD00105051,OI000568631,ITEM0136,1,490.00,167.58,0.00,490.00
ORD00105052,OI000568632,ITEM0004,1,600.00,214.30,0.00,600.00
ORD00105052,OI000568633,ITEM0041,1,1250.00,495.95,0.00,1250.00
ORD00105052,OI000568634,ITEM0054,1,1220.00,409.33,0.00,1220.00
ORD00105052,OI000568635,ITEM0117,1,910.00,139.74,0.00,910.00
ORD00105052,OI000568636,ITEM0130,1,240.00,88.41,0.00,240.00
ORD00105052,OI000568637,ITEM0134,1,160.00,105.60,0.00,160.00
ORD00105053,OI000568638,ITEM0050,2,1720.00,751.10,0.00,3440.00
ORD00105053,OI000568639,ITEM0111,1,260.00,91.26,0.00,260.00
ORD00105053,OI000568640,ITEM0122,1,690.00,295.82,0.00,690.00
ORD00105053,OI000568641,ITEM0134,6,160.00,105.60,0.00,960.00
ORD00105054,OI000568642,ITEM0018,1,590.00,236.34,0.00,590.00
ORD00105054,OI000568643,ITEM0076,3,720.00,281.82,0.00,2160.00
ORD00105054,OI000568644,ITEM0112,1,310.00,140.73,0.00,310.00
ORD00105054,OI000568645,ITEM0148,6,320.00,208.57,0.00,1920.00
ORD00105054,OI000568646,ITEM0149,4,370.00,165.96,0.00,1480.00
ORD00105054,OI000568647,ITEM0152,3,95.00,38.94,0.00,285.00
ORD00105054,OI000568648,ITEM0159,1,460.00,192.62,0.00,460.00
ORD00105055,OI000568649,ITEM0027,2,440.00,144.90,0.00,880.00
ORD00105055,OI000568650,ITEM0033,2,900.00,299.82,0.00,1800.00
ORD00105055,OI000568651,ITEM0036,1,840.00,338.10,0.00,840.00
ORD00105055,OI000568652,ITEM0143,2,460.00,180.93,0.00,920.00
ORD00105056,OI000568653,ITEM0001,1,260.00,93.07,0.00,260.00
ORD00105056,OI000568654,ITEM0013,1,420.00,179.48,0.00,420.00
ORD00105056,OI000568655,ITEM0033,1,900.00,299.82,0.00,900.00
ORD00105056,OI000568656,ITEM0065,2,1300.00,489.16,0.00,2600.00
ORD00105056,OI000568657,ITEM0073,1,850.00,331.31,0.00,850.00
ORD00105056,OI000568658,ITEM0135,3,105.00,69.46,0.00,315.00
ORD00105057,OI000568659,ITEM0005,1,420.00,149.00,0.00,420.00
ORD00105057,OI000568660,ITEM0032,1,780.00,356.48,0.00,780.00
ORD00105057,OI000568661,ITEM0090,1,1840.00,663.73,0.00,1840.00
ORD00105057,OI000568662,ITEM0091,4,1850.00,702.28,0.00,7400.00
ORD00105057,OI000568663,ITEM0135,1,105.00,69.46,0.00,105.00
ORD00105058,OI000568664,ITEM0009,1,470.00,178.25,0.00,470.00
ORD00105058,OI000568665,ITEM0046,1,2740.00,1088.75,0.00,2740.00
ORD00105058,OI000568666,ITEM0064,1,530.00,186.68,0.00,530.00
ORD00105059,OI000568667,ITEM0003,1,380.00,139.35,0.00,380.00
ORD00105059,OI000568668,ITEM0013,2,420.00,179.48,0.00,840.00
ORD00105059,OI000568669,ITEM0046,1,2740.00,1088.75,0.00,2740.00
ORD00105059,OI000568670,ITEM0093,1,1090.00,392.41,0.00,1090.00
ORD00105059,OI000568671,ITEM0134,2,160.00,105.60,0.00,320.00
ORD00105059,OI000568672,ITEM0138,3,270.00,108.52,0.00,810.00
ORD00105059,OI000568673,ITEM0160,2,105.00,46.24,0.00,210.00
ORD00105060,OI000568674,ITEM0074,4,1200.00,536.56,0.00,4800.00
ORD00105060,OI000568675,ITEM0090,2,1840.00,663.73,0.00,3680.00
ORD00105060,OI000568676,ITEM0091,2,1850.00,702.28,0.00,3700.00
ORD00105060,OI000568677,ITEM0134,2,160.00,105.60,0.00,320.00
ORD00105061,OI000568678,ITEM0032,1,780.00,356.48,0.00,780.00
ORD00105061,OI000568679,ITEM0045,1,1530.00,595.53,0.00,1530.00
ORD00105061,OI000568680,ITEM0075,1,630.00,269.61,0.00,630.00
ORD00105061,OI000568681,ITEM0082,2,1920.00,687.45,0.00,3840.00
ORD00105061,OI000568682,ITEM0148,2,320.00,208.57,0.00,640.00
ORD00105062,OI000568683,ITEM0004,3,600.00,214.30,0.00,1800.00
ORD00105062,OI000568684,ITEM0126,1,155.00,69.21,0.00,155.00
ORD00105062,OI000568685,ITEM0148,2,320.00,208.57,0.00,640.00
ORD00105062,OI000568686,ITEM0151,2,60.00,43.08,0.00,120.00
ORD00105063,OI000568687,ITEM0003,1,380.00,139.35,0.00,380.00
ORD00105063,OI000568688,ITEM0046,1,2740.00,1088.75,0.00,2740.00
ORD00105063,OI000568689,ITEM0098,2,1220.00,521.65,0.00,2440.00
ORD00105063,OI000568690,ITEM0148,4,320.00,208.57,0.00,1280.00
ORD00105063,OI000568691,ITEM0151,2,60.00,43.08,0.00,120.00
ORD00105064,OI000568692,ITEM0013,1,420.00,179.48,0.00,420.00
ORD00105064,OI000568693,ITEM0031,1,1190.00,364.08,0.00,1190.00
ORD00105064,OI000568694,ITEM0046,1,2740.00,1088.75,0.00,2740.00
ORD00105064,OI000568695,ITEM0051,1,730.00,266.66,0.00,730.00
ORD00105064,OI000568696,ITEM0066,1,950.00,343.77,0.00,950.00
ORD00105064,OI000568697,ITEM0134,2,160.00,105.60,0.00,320.00
ORD00105065,OI000568698,,1,600.00,214.30,112.68,487.32
ORD00105065,OI000568699,ITEM0053,1,1400.00,578.78,0.00,1400.00
ORD00105065,OI000568700,ITEM0057,1,670.00,446.99,0.00,670.00
ORD00105065,OI000568701,ITEM0068,1,680.00,470.19,0.00,680.00
ORD00105065,OI000568702,ITEM0126,3,155.00,69.21,87.32,377.68
ORD00105065,OI000568703,ITEM0148,3,350.00,208.57,0.00,1050.00
ORD00105066,OI000568704,ITEM0004,2,600.00,214.30,0.00,1200.00
ORD00105066,OI000568705,ITEM0036,1,840.00,338.10,0.00,840.00
ORD00105066,OI000568706,ITEM0041,1,1250.00,495.95,0.00,1250.00
ORD00105066,OI000568707,ITEM0057,1,670.00,446.99,0.00,670.00
ORD00105066,OI000568708,ITEM0081,1,1510.00,1047.44,0.00,1510.00
ORD00105066,OI000568709,ITEM0090,1,1840.00,663.73,0.00,1840.00
ORD00105066,OI000568710,ITEM0139,2,400.00,66.93,0.00,800.00
ORD00105066,OI000568711,ITEM0152,1,95.00,38.94,0.00,95.00
ORD00105067,OI000568712,ITEM0004,2,600.00,214.30,0.00,1200.00
ORD00105067,OI000568713,ITEM0057,3,670.00,446.99,0.00,2010.00
ORD00105067,OI000568714,ITEM0064,2,530.00,186.68,0.00,1060.00
ORD00105067,OI000568715,ITEM0096,1,1760.00,290.57,0.00,1760.00
ORD00105067,OI000568716,ITEM0109,2,1500.00,513.48,0.00,3000.00
ORD00105067,OI000568717,ITEM0124,1,190.00,131.48,0.00,190.00
ORD00105067,OI000568718,ITEM0134,1,160.00,105.60,0.00,160.00
ORD00105067,OI000568719,ITEM0148,1,320.00,208.57,0.00,320.00
ORD00105068,OI000568720,ITEM0015,1,500.00,184.59,0.00,500.00
ORD00105068,OI000568721,ITEM0039,1,980.00,450.35,0.00,980.00
ORD00105068,OI000568722,ITEM0134,1,160.00,105.60,0.00,160.00
ORD00105068,OI000568723,ITEM0143,2,460.00,180.93,0.00,920.00
ORD00105069,OI000568724,ITEM0020,1,810.00,323.82,0.00,810.00
ORD00105069,OI000568725,ITEM0046,1,2740.00,1088.75,0.00,2740.00
ORD00105069,OI000568726,ITEM0135,1,105.00,69.46,0.00,105.00
ORD00105070,OI000568727,ITEM0034,1,1220.00,445.69,0.00,1220.00
ORD00105070,OI000568728,ITEM0036,1,840.00,338.10,0.00,840.00
ORD00105070,OI000568729,ITEM0055,2,680.00,227.76,0.00,1360.00
ORD00105070,OI000568730,ITEM0130,2,240.00,88.41,200.00,280.00
ORD00105070,OI000568731,ITEM0147,3,450.00,148.21,0.00,1350.00
ORD00105070,OI000568732,ITEM0159,5,460.00,192.62,0.00,2300.00
ORD00105071,OI000568733,ITEM0004,2,600.00,214.30,200.00,1000.00
ORD00105071,OI000568734,ITEM0023,1,470.00,200.14,0.00,470.00
ORD00105071,OI000568735,ITEM0034,1,1220.00,445.69,0.00,1220.00
ORD00105071,OI000568736,ITEM0081,1,1510.00,1047.44,0.00,1510.00
ORD00105071,OI000568737,ITEM0136,1,490.00,167.58,0.00,490.00
ORD00105071,OI000568738,ITEM0148,2,320.00,208.57,0.00,640.00
ORD00105071,OI000568739,ITEM0152,2,95.00,38.94,0.00,190.00
ORD00105072,OI000568740,ITEM0008,1,990.00,157.77,0.00,990.00
ORD00105072,OI000568741,ITEM0020,3,810.00,323.82,0.00,2430.00
ORD00105072,OI000568742,ITEM0031,2,1190.00,364.08,0.00,2380.00
ORD00105072,OI000568743,ITEM0068,1,680.00,470.19,0.00,680.00
ORD00105072,OI000568744,ITEM0135,3,105.00,69.46,0.00,315.00
ORD00105072,OI000568745,ITEM0145,1,350.00,144.29,0.00,350.00
ORD00105072,OI000568746,ITEM0148,1,350.00,208.57,0.00,350.00
ORD00105073,OI000568747,ITEM0033,1,900.00,299.82,0.00,900.00
ORD00105073,OI000568748,ITEM0145,2,350.00,144.29,0.00,700.00
ORD00105073,OI000568749,ITEM0157,1,770.00,314.38,0.00,770.00
ORD00105074,OI000568750,ITEM0033,1,900.00,299.82,0.00,900.00
ORD00105074,OI000568751,ITEM0092,2,1410.00,465.66,0.00,2820.00
ORD00105074,OI000568752,ITEM0134,4,160.00,105.60,0.00,640.00
ORD00105075,OI000568753,ITEM0031,1,1190.00,364.08,0.00,1190.00
ORD00105075,OI000568754,ITEM0134,4,160.00,105.60,0.00,640.00
ORD00105075,OI000568755,ITEM0142,1,780.00,244.33,0.00,780.00
ORD00105076,OI000568756,ITEM0045,1,1530.00,595.53,0.00,1530.00
ORD00105076,OI000568757,ITEM0098,1,1220.00,521.65,0.00,1220.00
ORD00105076,OI000568758,ITEM0136,1,530.00,167.58,0.00,530.00
ORD00105076,OI000568759,ITEM0148,1,350.00,208.57,0.00,350.00
ORD00105077,OI000568760,ITEM0004,3,600.00,214.30,0.00,1800.00
ORD00105077,OI000568761,ITEM0033,1,900.00,299.82,0.00,900.00
ORD00105077,OI000568762,ITEM0047,1,1780.00,627.28,0.00,1780.00
ORD00105077,OI000568763,ITEM0081,3,1510.00,1047.44,0.00,4530.00
ORD00105077,OI000568764,ITEM0131,1,360.00,156.93,0.00,360.00
ORD00105077,OI000568765,ITEM0155,3,210.00,93.65,0.00,630.00
ORD00105078,OI000568766,ITEM0003,1,380.00,139.35,34.86,345.14
ORD00105078,OI000568767,ITEM0012,2,900.00,402.60,165.14,1634.86
ORD00105078,OI000568768,ITEM0034,1,1220.00,445.69,0.00,1220.00
ORD00105078,OI000568769,ITEM0035,1,960.00,403.00,0.00,960.00
ORD00105078,OI000568770,ITEM0074,3,1200.00,536.56,0.00,3600.00
ORD00105079,OI000568771,ITEM0045,1,1530.00,595.53,0.00,1530.00
ORD00105079,OI000568772,ITEM0068,2,680.00,470.19,0.00,1360.00
ORD00105079,OI000568773,ITEM0148,1,320.00,208.57,0.00,320.00
ORD00105080,OI000568774,ITEM0003,4,380.00,139.35,0.00,1520.00
ORD00105080,OI000568775,ITEM0004,2,600.00,214.30,0.00,1200.00
ORD00105080,OI000568776,ITEM0033,2,-900.00,299.82,0.00,1800.00
ORD00105080,OI000568777,ITEM0124,3,190.00,131.48,0.00,570.00
ORD00105080,OI000568778,ITEM0130,3,240.00,88.41,0.00,720.00
ORD00105080,OI000568779,ITEM0135,3,105.00,69.46,0.00,315.00
ORD00105080,OI000568780,ITEM0147,1,450.00,148.21,0.00,450.00
ORD00105080,OI000568781,ITEM0151,1,65.00,43.08,0.00,65.00
ORD00105081,OI000568782,ITEM0001,3,260.00,93.07,0.00,780.00
ORD00105081,OI000568783,ITEM0062,2,670.00,350.53,0.00,1340.00
ORD00105081,OI000568784,ITEM0064,-2,530.00,186.68,0.00,1060.00
ORD00105081,OI000568785,ITEM0077,1,660.00,295.15,0.00,660.00
ORD00105081,OI000568786,ITEM0126,1,155.00,69.21,0.00,155.00
ORD00105081,OI000568787,ITEM0130,4,240.00,88.41,0.00,960.00
ORD00105081,OI000568788,ITEM0136,1,490.00,167.58,0.00,490.00
ORD00105081,OI000568789,ITEM0141,2,510.00,166.18,0.00,1020.00
ORD00105082,OI000568790,ITEM0002,6,210.00,72.86,0.00,1260.00
ORD00105082,OI000568791,ITEM0003,1,380.00,139.35,0.00,380.00
ORD00105082,OI000568792,ITEM0004,1,600.00,214.30,0.00,600.00
ORD00105082,OI000568793,ITEM0043,1,5110.00,2066.57,0.00,5110.00
ORD00105082,OI000568794,ITEM0091,2,1850.00,702.28,0.00,3700.00
ORD00105082,OI000568795,ITEM0151,1,60.00,43.08,0.00,60.00
ORD00105083,OI000568796,ITEM0020,1,810.00,323.82,0.00,810.00
ORD00105083,OI000568797,ITEM0025,1,890.00,334.06,0.00,890.00
ORD00105083,OI000568798,ITEM0037,1,2310.00,972.25,0.00,2310.00
ORD00105083,OI000568799,ITEM0043,1,5110.00,2066.57,0.00,5110.00
ORD00105083,OI000568800,ITEM0072,1,790.00,332.55,0.00,790.00
ORD00105083,OI000568801,ITEM0126,1,155.00,69.21,155.00,0.00
ORD00105083,OI000568802,ITEM0138,1,270.00,108.52,0.00,270.00
ORD00105083,OI000568803,ITEM0154,2,370.00,126.03,0.00,740.00
ORD00105084,OI000568804,ITEM0004,1,600.00,214.30,0.00,600.00
ORD00105084,OI000568805,ITEM0033,1,900.00,299.82,0.00,900.00
ORD00105084,OI000568806,ITEM0068,1,680.00,470.19,0.00,680.00
ORD00105084,OI000568807,ITEM0074,1,1200.00,536.56,0.00,1200.00
ORD00105084,OI000568808,ITEM0139,1,400.00,66.93,0.00,400.00
ORD00105084,OI000568809,ITEM0154,3,370.00,126.03,0.00,1110.00
ORD00105085,OI000568810,ITEM0004,1,600.00,214.30,0.00,600.00
ORD00105085,OI000568811,ITEM0047,2,1780.00,627.28,0.00,3560.00
ORD00105085,OI000568812,ITEM0091,1,1850.00,702.28,0.00,1850.00
ORD00105085,OI000568813,ITEM0102,5,1450.00,625.27,0.00,7250.00
ORD00105085,OI000568814,ITEM0134,1,160.00,105.60,0.00,160.00
ORD00105085,OI000568815,ITEM0138,2,270.00,108.52,0.00,540.00
ORD00105086,OI000568816,ITEM0011,1,920.00,332.30,0.00,920.00
ORD00105086,OI000568817,ITEM0037,2,2310.00,972.25,0.00,4620.00
ORD00105086,OI000568818,ITEM0043,1,5110.00,2066.57,0.00,5110.00
ORD00105086,OI000568819,ITEM0121,1,360.00,121.95,0.00,360.00
ORD00105086,OI000568820,ITEM0151,1,60.00,43.08,0.00,60.00
ORD00105086,OI000568821,ITEM6178,2,210.00,93.65,0.00,420.00
ORD00105086,OI000568822,ITEM0159,1,460.00,192.62,0.00,460.00
ORD00105087,OI000568823,ITEM0004,1,600.00,214.30,0.00,600.00
ORD00105087,OI000568824,ITEM0048,1,1460.00,572.91,0.00,1460.00
ORD00105087,OI000568825,ITEM0075,3,630.00,269.61,0.00,1890.00
ORD00105087,OI000568826,ITEM0107,1,1400.00,463.91,0.00,1400.00
ORD00105088,OI000568827,ITEM0065,2,1300.00,489.16,0.00,2600.00
ORD00105088,OI000568828,ITEM0068,2,680.00,470.19,0.00,1360.00
ORD00105088,OI000568829,ITEM0077,1,660.00,295.15,0.00,660.00
ORD00105088,OI000568830,ITEM0081,2,1510.00,1047.44,0.00,3020.00
ORD00105088,OI000568831,ITEM0139,1,400.00,66.93,0.00,400.00
ORD00105088,OI000568832,ITEM0160,2,105.00,46.24,0.00,210.00
ORD00105089,OI000568833,ITEM0011,1,920.00,332.30,0.00,920.00
ORD00105089,OI000568834,ITEM0057,1,670.00,446.99,0.00,670.00
ORD00105089,OI000568835,ITEM0058,2,1210.00,378.58,0.00,2420.00
ORD00105090,OI000568836,ITEM0027,1,440.00,144.90,0.00,440.00
ORD00105090,OI000568837,ITEM0035,1,960.00,403.00,0.00,960.00
ORD00105090,OI000568838,ITEM0048,2,1460.00,572.91,0.00,2920.00
ORD00105090,OI000568839,ITEM0135,1,105.00,69.46,0.00,105.00
ORD00105090,OI000568840,ITEM0151,3,60.00,43.08,0.00,180.00
ORD00105090,OI000568841,ITEM0153,2,40.00,16.47,0.00,80.00
ORD00105091,OI000568842,ITEM0010,1,1350.00,552.35,0.00,1350.00
ORD00105091,OI000568843,ITEM0020,1,810.00,323.82,0.00,810.00
ORD00105091,OI000568844,ITEM0066,1,950.00,343.77,0.00,950.00
ORD00105091,OI000568845,ITEM0090,1,1840.00,663.73,0.00,1840.00
ORD00105091,OI000568846,ITEM0150,1,125.00,48.98,0.00,125.00
ORD00105092,OI000568847,ITEM0033,1,900.00,299.82,0.00,900.00
ORD00105092,OI000568848,ITEM0067,2,320.00,108.16,0.00,640.00
ORD00105092,OI000568849,ITEM0081,2,1510.00,1047.44,0.00,3020.00
ORD00105092,OI000568850,ITEM0090,1,1840.00,663.73,0.00,1840.00
ORD00105092,OI000568851,ITEM0128,2,500.00,70.39,0.00,1000.00
ORD00105093,OI000568852,ITEM0012,1,900.00,402.60,200.00,700.00
ORD00105093,OI000568853,ITEM0041,2,1250.00,495.95,0.00,2500.00
ORD00105093,OI000568854,ITEM0075,2,630.00,269.61,0.00,1260.00
ORD00105093,OI000568855,ITEM0112,2,310.00,140.73,0.00,620.00
ORD00105094,OI000568856,ITEM0005,1,420.00,149.00,0.00,420.00
ORD00105094,OI000568857,ITEM0081,1,1510.00,1047.44,0.00,1510.00
ORD00105094,OI000568858,ITEM0109,1,1500.00,513.48,0.00,1500.00
ORD00105094,OI000568859,ITEM0135,1,105.00,69.46,0.00,105.00
ORD00105094,OI000568860,ITEM0141,2,510.00,166.18,0.00,1020.00
ORD00105095,OI000568861,ITEM0048,1,1460.00,572.91,0.00,1460.00
ORD00105095,OI000568862,ITEM0050,4,1720.00,751.10,0.00,6880.00
ORD00105095,OI000568863,ITEM0068,3,680.00,470.19,0.00,2040.00
ORD00105095,OI000568864,ITEM0116,1,780.00,136.55,0.00,780.00
ORD00105095,OI000568865,ITEM0133,4,180.00,78.35,0.00,720.00
ORD00105095,OI000568866,ITEM0138,2,270.00,108.52,0.00,540.00
ORD00105095,OI000568867,ITEM0140,5,450.00,65.77,0.00,2250.00
ORD00105095,OI000568868,ITEM0143,3,460.00,180.93,0.00,1380.00
ORD00105095,OI000568869,ITEM0151,2,60.00,43.08,0.00,120.00
ORD00105095,OI000568870,ITEM0156,2,125.00,46.27,0.00,250.00
ORD00105096,OI000568871,ITEM0001,2,260.00,93.07,0.00,520.00
ORD00105096,OI000568872,ITEM0048,1,1460.00,572.91,0.00,1460.00
ORD00105096,OI000568873,ITEM0057,2,670.00,446.99,0.00,1340.00
ORD00105096,OI000568874,ITEM0066,3,950.00,343.77,0.00,2850.00
ORD00105096,OI000568875,ITEM0073,1,850.00,331.31,0.00,850.00
ORD00105096,OI000568876,ITEM0123,3,330.00,138.90,0.00,990.00
ORD00105096,OI000568877,ITEM0133,1,180.00,78.35,0.00,180.00
ORD00105096,OI000568878,ITEM0149,3,370.00,165.96,0.00,1110.00
ORD00105097,OI000568879,ITEM0004,1,600.00,214.30,0.00,600.00
ORD00105097,OI000568880,ITEM0119,1,470.00,169.51,0.00,470.00
ORD00105097,OI000568881,ITEM0138,1,270.00,108.52,0.00,270.00
ORD00105097,OI000568882,ITEM0140,2,490.00,65.77,0.00,980.00
ORD00105097,OI000568883,ITEM0153,2,40.00,16.47,0.00,80.00
ORD00105098,OI000568884,ITEM0004,1,600.00,214.30,0.00,600.00
ORD00105098,OI000568885,ITEM0064,2,530.00,186.68,0.00,1060.00
ORD00105098,OI000568886,ITEM0125,2,290.00,119.62,0.00,580.00
ORD00105098,OI000568887,ITEM0134,1,160.00,105.60,0.00,160.00
ORD00105098,OI000568888,ITEM0137,1,330.00,112.52,0.00,330.00
ORD00105099,OI000568889,ITEM0027,1,440.00,144.90,0.00,440.00
ORD00105099,OI000568890,ITEM0029,1,1030.00,312.12,0.00,1030.00
ORD00105099,OI000568891,ITEM0046,1,2740.00,1088.75,0.00,2740.00
ORD00105099,OI000568892,ITEM0075,1,630.00,269.61,0.00,630.00
ORD00105099,OI000568893,ITEM0113,1,480.00,193.08,0.00,480.00
ORD00105099,OI000568894,ITEM0135,1,105.00,69.46,0.00,105.00
ORD00105099,OI000568895,ITEM0138,1,270.00,108.52,0.00,270.00
ORD00105100,OI000568896,ITEM0006,1,770.00,296.28,0.00,770.00
ORD00105100,OI000568897,ITEM0013,2,420.00,179.48,0.00,840.00
ORD00105100,OI000568898,ITEM0122,5,690.00,295.82,0.00,3450.00
ORD00105101,OI000568899,ITEM0004,3,600.00,214.30,0.00,1800.00
ORD00105101,OI000568900,ITEM0071,2,680.00,259.12,0.00,1360.00
ORD00105101,OI000568901,ITEM0098,2,1220.00,521.65,0.00,2440.00
ORD00105101,OI000568902,ITEM0130,5,240.00,88.41,0.00,1200.00
ORD00105101,OI000568903,ITEM0134,1,160.00,105.60,0.00,160.00
ORD00105101,OI000568904,ITEM0151,2,60.00,43.08,0.00,120.00
ORD00105102,OI000568905,ITEM0005,1,420.00,149.00,0.00,420.00
ORD00105102,OI000568906,ITEM0051,1,680.00,266.66,0.00,680.00
ORD00105102,OI000568907,ITEM0054,1,1220.00,409.33,0.00,1220.00
ORD00105102,OI000568908,ITEM0064,1,530.00,186.68,0.00,530.00
ORD00105102,OI000568909,ITEM0068,1,680.00,470.19,0.00,680.00
ORD00105102,OI000568910,ITEM0143,3,460.00,180.93,0.00,1380.00
ORD00105103,OI000568911,ITEM0002,1,210.00,72.86,0.00,210.00
ORD00105103,OI000568912,ITEM0004,3,600.00,214.30,0.00,1800.00
ORD00105103,OI000568913,ITEM0062,1,670.00,350.53,0.00,670.00
ORD00105103,OI000568914,ITEM0151,3,60.00,43.08,0.00,180.00
ORD00105104,OI000568915,ITEM0028,1,410.00,160.88,0.00,410.00
ORD00105104,OI000568916,ITEM0051,1,680.00,266.66,0.00,680.00
ORD00105104,OI000568917,ITEM0066,1,950.00,343.77,0.00,950.00
ORD00105104,OI000568918,ITEM0074,2,1200.00,536.56,0.00,2400.00
ORD00105104,OI000568919,ITEM0145,1,350.00,144.29,0.00,350.00
ORD00105105,OI000568920,ITEM0011,2,990.00,332.30,200.00,1780.00
ORD00105105,OI000568921,ITEM0072,1,790.00,332.55,0.00,790.00
ORD00105105,OI000568922,ITEM0075,2,630.00,269.61,0.00,1260.00
ORD00105105,OI000568923,ITEM0081,1,1510.00,1047.44,0.00,1510.00
ORD00105105,OI000568924,ITEM0138,2,270.00,108.52,0.00,540.00
ORD00105106,OI000568925,ITEM0041,5,1250.00,495.95,0.00,6250.00
ORD00105106,OI000568926,ITEM0045,1,1530.00,595.53,0.00,1530.00
ORD00105106,OI000568926,ITEM0045,1,1530.00,595.53,0.00,1530.00
ORD00105106,OI000568927,ITEM0068,4,680.00,470.19,0.00,2720.00
ORD00105106,OI000568928,ITEM0114,1,280.00,84.81,0.00,280.00
ORD00105106,OI000568929,ITEM0126,3,155.00,69.21,144.19,320.81
ORD00105106,OI000568930,ITEM0133,1,180.00,78.35,55.81,124.19
ORD00105107,OI000568931,ITEM0004,3,600.00,214.30,132.35,1667.65
ORD00105107,OI000568932,ITEM0011,1,920.00,332.30,67.65,852.35
ORD00105107,OI000568933,ITEM0023,1,470.00,200.14,0.00,470.00
ORD00105107,OI000568934,ITEM0068,1,680.00,470.19,0.00,680.00
ORD00105107,OI000568935,ITEM0084,1,1240.00,425.59,0.00,1240.00
ORD00105107,OI000568936,ITEM0115,2,610.00,186.26,0.00,1220.00
ORD00105107,OI000568937,ITEM0134,1,160.00,105.60,0.00,160.00
ORD00105107,OI000568938,ITEM0148,2,320.00,208.57,0.00,640.00
ORD00105108,OI000568939,ITEM0003,3,380.00,139.35,0.00,1140.00
ORD00105108,OI000568940,ITEM0057,1,670.00,446.99,0.00,670.00
ORD00105108,OI000568941,ITEM0087,1,3090.00,1425.09,0.00,3090.00
ORD00105108,OI000568942,ITEM0134,3,160.00,105.60,0.00,480.00
ORD00105108,OI000568943,ITEM0138,2,270.00,108.52,0.00,540.00
ORD00105109,OI000568944,ITEM0004,1,600.00,214.30,0.00,600.00
ORD00105109,OI000568945,ITEM0071,1,680.00,259.12,0.00,680.00
ORD00105109,OI000568946,ITEM0077,1,660.00,295.15,0.00,660.00
ORD00105109,OI000568947,ITEM0148,2,320.00,208.57,0.00,640.00
ORD00105110,OI000568948,ITEM0124,3,190.00,131.48,0.00,570.00
ORD00105110,OI000568949,ITEM0134,3,160.00,105.60,0.00,480.00
ORD00105110,OI000568950,ITEM0139,1,400.00,66.93,0.00,400.00
ORD00105110,OI000568951,ITEM0141,1,510.00,166.18,0.00,510.00
ORD00105111,OI000568952,ITEM0046,1,2740.00,1088.75,0.00,2740.00
ORD00105111,OI000568953,ITEM0057,1,670.00,446.99,0.00,670.00
ORD00105111,OI000568954,ITEM0071,1,730.00,259.12,0.00,730.00
ORD00105111,OI000568955,ITEM0111,2,280.00,91.26,0.00,560.00
ORD00105111,OI000568956,ITEM0135,2,105.00,69.46,0.00,210.00
ORD00105111,OI000568957,ITEM0143,3,460.00,180.93,0.00,1380.00
ORD00105112,OI000568958,ITEM0068,1,680.00,470.19,0.00,680.00
ORD00105112,OI000568959,ITEM0081,1,1510.00,1047.44,0.00,1510.00
ORD00105112,OI000568960,ITEM0086,3,1380.00,560.08,0.00,4140.00
ORD00105112,OI000568961,ITEM0143,1,460.00,180.93,0.00,460.00
ORD00105113,OI000568962,ITEM0134,2,160.00,105.60,0.00,320.00
ORD00105113,OI000568963,ITEM0148,3,320.00,208.57,0.00,960.00
ORD00105113,OI000568964,ITEM0151,3,60.00,43.08,0.00,180.00
ORD00105113,OI000568965,ITEM0157,1,770.00,314.38,0.00,770.00
ORD00105114,OI000568966,ITEM0054,1,1220.00,409.33,0.00,1220.00
ORD00105114,OI000568967,ITEM0057,3,670.00,446.99,0.00,2010.00
ORD00105114,OI000568968,ITEM0114,1,280.00,84.81,0.00,280.00
ORD00105114,OI000568969,ITEM0121,1,360.00,121.95,0.00,360.00
ORD00105114,OI000568970,ITEM0148,1,320.00,208.57,0.00,320.00
ORD00105115,OI000568971,ITEM0046,1,2740.00,1088.75,0.00,2740.00
ORD00105115,OI000568972,ITEM0125,2,290.00,119.62,200.00,380.00
ORD00105115,OI000568972,ITEM0125,2,290.00,119.62,200.00,380.00
ORD00105116,OI000568973,ITEM0048,1,1460.00,572.91,0.00,1460.00
ORD00105116,OI000568974,ITEM0059,1,730.00,317.89,0.00,730.00
ORD00105116,OI000568975,ITEM0064,1,530.00,186.68,0.00,530.00
ORD00105116,OI000568976,ITEM0089,2,2070.00,892.05,0.00,4140.00
ORD00105116,OI000568977,ITEM0138,1,270.00,108.52,0.00,270.00
ORD00105117,OI000568978,ITEM0046,1,2740.00,1088.75,0.00,2740.00
ORD00105117,OI000568979,ITEM0057,1,670.00,446.99,0.00,670.00
ORD00105117,OI000568980,ITEM0076,2,780.00,281.82,0.00,1560.00
ORD00105117,OI000568981,ITEM0135,2,105.00,69.46,0.00,210.00
ORD00105117,OI000568982,ITEM0150,1,125.00,48.98,0.00,125.00
ORD00105118,OI000568983,ITEM0050,-2,1860.00,751.10,0.00,3720.00
ORD00105118,OI000568984,ITEM0160,4,105.00,46.24,0.00,420.00
ORD00105119,OI000568985,ITEM0028,1,410.00,160.88,21.77,388.23
ORD00105119,OI000568986,ITEM0036,1,840.00,338.10,44.60,795.40
ORD00105119,OI000568987,ITEM0048,1,1460.00,572.91,77.52,1382.48
ORD00105119,OI000568988,ITEM0061,1,1060.00,363.74,56.28,1003.72
ORD00105119,OI000568989,ITEM0118,1,720.00,333.71,38.23,681.77
ORD00105119,OI000568990,ITEM0143,1,460.00,180.93,24.42,435.58
ORD00105119,OI000568991,ITEM0148,2,350.00,208.57,37.17,662.83
ORD00105120,OI000568992,ITEM0035,1,960.00,403.00,0.00,960.00
ORD00105120,OI000568993,ITEM0044,1,1440.00,498.16,0.00,1440.00
ORD00105120,OI000568994,ITEM0054,2,1220.00,409.33,0.00,2440.00
ORD00105120,OI000568995,ITEM0066,1,950.00,343.77,0.00,950.00
ORD00105120,OI000568996,ITEM0081,2,1510.00,1047.44,0.00,3020.00
ORD00105120,OI000568997,ITEM0153,2,40.00,16.47,0.00,80.00
ORD00105121,OI000568998,ITEM0003,1,380.00,139.35,0.00,380.00
ORD00105121,OI000568999,ITEM0067,3,320.00,108.16,0.00,960.00
ORD00105121,OI000569000,ITEM0134,1,160.00,105.60,0.00,160.00
ORD00105122,OI000569001,ITEM0036,1,840.00,338.10,0.00,840.00
ORD00105122,OI000569002,ITEM0037,4,2310.00,972.25,0.00,9240.00
ORD00105122,OI000569003,ITEM0048,2,1460.00,572.91,0.00,2920.00
ORD00105122,OI000569004,ITEM0148,2,320.00,208.57,0.00,640.00
ORD00105123,OI000569005,ITEM0068,2,680.00,470.19,0.00,1360.00
ORD00105123,OI000569006,ITEM0107,1,1400.00,463.91,0.00,1400.00
ORD00105123,OI000569007,ITEM0138,3,270.00,108.52,0.00,810.00
ORD00105124,OI000569008,ITEM0028,3,410.00,160.88,0.00,1230.00
ORD00105124,OI000569009,ITEM0050,1,1720.00,751.10,0.00,1720.00
ORD00105124,OI000569010,ITEM0077,1,660.00,295.15,0.00,660.00
ORD00105124,OI000569011,ITEM0148,2,320.00,208.57,0.00,640.00
ORD00105125,OI000569012,ITEM0046,1,2740.00,1088.75,0.00,2740.00
ORD00105125,OI000569013,ITEM0068,1,680.00,470.19,0.00,680.00
ORD00105125,OI000569014,ITEM0156,2,125.00,46.27,0.00,250.00
ORD00105126,OI000569015,ITEM0001,1,260.00,93.07,0.00,260.00
ORD00105126,OI000569016,ITEM0057,2,670.00,446.99,0.00,1340.00
ORD00105126,OI000569017,ITEM0075,1,630.00,269.61,0.00,630.00
ORD00105126,OI000569018,ITEM0134,1,160.00,105.60,0.00,160.00
ORD00105126,OI000569019,ITEM0137,1,330.00,112.52,0.00,330.00
ORD00105126,OI000569020,ITEM0148,4,320.00,208.57,0.00,1280.00
ORD00105127,OI000569021,ITEM0003,1,380.00,139.35,0.00,380.00
ORD00105127,OI000569022,ITEM0020,1,810.00,323.82,0.00,810.00
ORD00105127,OI000569023,ITEM0044,1,1440.00,498.16,0.00,1440.00
ORD00105127,OI000569024,ITEM0048,1,1460.00,572.91,0.00,1460.00
ORD00105127,OI000569025,ITEM0077,1,660.00,295.15,0.00,660.00
ORD00105127,OI000569026,ITEM0132,1,390.00,159.49,0.00,390.00
ORD00105127,OI000569027,ITEM0143,3,460.00,180.93,0.00,1380.00
ORD00105127,OI000569028,ITEM0153,1,40.00,16.47,0.00,40.00
ORD00105127,OI000569029,ITEM0157,4,770.00,314.38,0.00,3080.00
ORD00105128,OI000569030,ITEM0057,1,670.00,446.99,0.00,670.00
ORD00105128,OI000569031,ITEM0074,1,1200.00,536.56,0.00,1200.00
ORD00105128,OI000569032,ITEM4598,1,1510.00,1047.44,0.00,1510.00
ORD00105128,OI000569033,ITEM0148,4,320.00,208.57,0.00,1280.00
ORD00105129,OI000569034,ITEM0015,1,500.00,184.59,0.00,500.00
ORD00105129,OI000569035,ITEM0045,3,1530.00,595.53,0.00,4590.00
ORD00105129,OI000569036,ITEM0048,1,1460.00,572.91,0.00,1460.00
ORD00105129,OI000569037,ITEM0050,1,1720.00,751.10,0.00,1720.00
ORD00105129,OI000569038,ITEM0090,2,1840.00,663.73,0.00,3680.00
ORD00105129,OI000569039,ITEM0112,1,310.00,140.73,0.00,310.00
ORD00105129,OI000569040,ITEM0113,1,480.00,193.08,0.00,480.00
ORD00105129,OI000569041,ITEM0156,1,125.00,46.27,0.00,125.00
ORD00105130,OI000569042,ITEM0057,1,670.00,446.99,0.00,670.00
ORD00105130,OI000569043,ITEM0060,1,790.00,323.39,0.00,790.00
ORD00105130,OI000569044,ITEM0077,1,660.00,295.15,0.00,660.00
ORD00105130,OI000569045,ITEM0089,1,2070.00,892.05,0.00,2070.00
ORD00105131,OI000569046,ITEM0002,1,210.00,72.86,23.60,186.40
ORD00105131,OI000569047,ITEM0007,1,1570.00,711.90,176.40,1393.60
ORD00105131,OI000569048,ITEM0028,2,410.00,160.88,0.00,820.00
ORD00105131,OI000569049,ITEM0057,2,670.00,446.99,0.00,1340.00
ORD00105131,OI000569050,ITEM0075,2,630.00,269.61,0.00,1260.00
ORD00105131,OI000569051,ITEM0089,1,2070.00,892.05,0.00,2070.00
ORD00105131,OI000569052,ITEM0134,2,160.00,105.60,0.00,320.00
ORD00105132,OI000569053,ITEM0045,1,1530.00,595.53,0.00,1530.00
ORD00105132,OI000569054,ITEM0077,1,660.00,295.15,0.00,660.00
ORD00105132,OI000569055,ITEM0086,1,1380.00,560.08,0.00,1380.00
ORD00105132,OI000569056,ITEM0091,1,1850.00,702.28,0.00,1850.00
ORD00105132,OI000569057,ITEM0126,2,155.00,69.21,0.00,310.00
ORD00105132,OI000569058,ITEM0138,3,270.00,108.52,0.00,810.00
ORD00105132,OI000569059,ITEM0150,2,125.00,48.98,0.00,250.00
ORD00105133,OI000569060,ITEM0030,1,265.00,110.76,0.00,265.00
ORD00105133,OI000569061,ITEM0041,1,1250.00,495.95,0.00,1250.00
ORD00105133,OI000569062,ITEM0044,2,1440.00,498.16,0.00,2880.00
ORD00105133,OI000569063,ITEM0068,1,680.00,470.19,0.00,680.00
ORD00105133,OI000569064,ITEM0114,1,280.00,84.81,0.00,280.00
ORD00105133,OI000569065,ITEM0155,3,210.00,93.65,0.00,630.00
ORD00105133,OI000569066,ITEM0157,2,770.00,314.38,0.00,1540.00
ORD00105134,OI000569067,ITEM0013,1,420.00,179.48,38.89,381.11
ORD00105134,OI000569068,ITEM0064,4,530.00,186.68,0.00,2120.00
ORD00105134,OI000569069,ITEM0068,2,680.00,470.19,0.00,1360.00
ORD00105134,OI000569070,ITEM0074,1,1200.00,536.56,0.00,1200.00
ORD00105134,OI000569071,ITEM0127,3,500.00,76.86,138.89,1361.11
ORD00105134,OI000569072,ITEM0130,1,240.00,88.41,22.22,217.78
ORD00105134,OI000569073,ITEM0138,3,270.00,108.52,0.00,810.00
ORD00105134,OI000569074,ITEM0145,3,350.00,144.29,0.00,1050.00
ORD00105134,OI000569075,ITEM0151,-2,60.00,43.08,0.00,120.00
ORD00105134,OI000569076,ITEM0152,5,95.00,38.94,0.00,475.00
ORD00105135,OI000569077,ITEM0130,1,240.00,88.41,0.00,240.00
ORD00105135,OI000569078,ITEM0138,1,270.00,108.52,0.00,270.00
ORD00105135,OI000569079,ITEM0146,1,580.00,200.95,0.00,580.00
ORD00105135,OI000569080,ITEM0147,1,450.00,148.21,0.00,450.00
ORD00105137,OI000569087,ITEM0028,1,410.00,160.88,0.00,410.00
ORD00105137,OI000569088,ITEM0041,1,1250.00,495.95,0.00,1250.00
ORD00105137,OI000569089,ITEM0046,8,2740.00,1088.75,0.00,21920.00
ORD00105137,OI000569090,ITEM0048,2,1460.00,572.91,0.00,2920.00
ORD00105137,OI000569091,ITEM0077,1,660.00,295.15,0.00,660.00
ORD00105137,OI000569092,ITEM0084,1,1240.00,425.59,0.00,1240.00
ORD00105137,OI000569093,ITEM0124,3,190.00,131.48,0.00,570.00
ORD00105137,OI000569094,ITEM0132,2,390.00,159.49,0.00,780.00
ORD00105137,OI000569095,ITEM0138,2,270.00,108.52,0.00,540.00
ORD00105137,OI000569096,ITEM0141,5,510.00,166.18,0.00,2550.00
ORD00105138,OI000569097,ITEM0003,1,380.00,139.35,0.00,380.00
ORD00105138,OI000569098,ITEM0019,1,360.00,154.84,0.00,360.00
ORD00105138,OI000569099,ITEM0044,2,1440.00,498.16,0.00,2880.00
ORD00105138,OI000569100,ITEM0156,1,125.00,46.27,0.00,125.00
ORD00105139,OI000569101,ITEM0033,1,900.00,299.82,0.00,900.00
ORD00105139,OI000569102,ITEM0088,1,1710.00,651.22,0.00,1710.00
ORD00105139,OI000569103,ITEM0125,3,290.00,119.62,0.00,870.00
ORD00105139,OI000569104,ITEM0128,2,540.00,70.39,0.00,1080.00
ORD00105140,OI000569105,ITEM0005,2,450.00,149.00,0.00,900.00
ORD00105140,OI000569106,ITEM0032,1,840.00,356.48,0.00,840.00
ORD00105140,OI000569107,ITEM0057,2,670.00,446.99,0.00,1340.00
ORD00105140,OI000569108,ITEM0058,1,1210.00,378.58,0.00,1210.00
ORD00105140,OI000569109,ITEM0134,3,160.00,105.60,0.00,480.00
ORD00105140,OI000569110,ITEM0135,4,105.00,69.46,0.00,420.00
ORD00105141,OI000569111,ITEM0045,1,1530.00,595.53,0.00,1530.00
ORD00105141,OI000569112,ITEM0061,2,980.00,363.74,0.00,1960.00
ORD00105141,OI000569113,ITEM0067,2,320.00,108.16,0.00,640.00
ORD00105141,OI000569114,ITEM0069,1,1130.00,391.06,0.00,1130.00
ORD00105141,OI000569115,ITEM0148,1,320.00,208.57,0.00,320.00
ORD00105141,OI000569116,ITEM0151,1,60.00,43.08,0.00,60.00
ORD00105141,OI000569117,ITEM0157,2,770.00,314.38,0.00,1540.00
ORD00105142,OI000569118,ITEM0003,2,380.00,139.35,0.00,760.00
ORD00105142,OI000569119,ITEM0033,1,900.00,299.82,0.00,900.00
ORD00105142,OI000569120,ITEM0045,2,1530.00,595.53,0.00,3060.00
ORD00105142,OI000569121,ITEM0046,2,2740.00,1088.75,0.00,5480.00
ORD00105142,OI000569122,ITEM0091,2,1850.00,702.28,0.00,3700.00
ORD00105142,OI000569123,ITEM0132,2,390.00,159.49,0.00,780.00
ORD00105142,OI000569124,ITEM0134,1,160.00,105.60,0.00,160.00
ORD00105142,OI000569125,ITEM0135,4,105.00,69.46,0.00,420.00
ORD00105142,OI000569126,ITEM0136,1,530.00,167.58,0.00,530.00
ORD00105142,OI000569127,ITEM0148,1,350.00,208.57,0.00,350.00
ORD00105143,OI000569128,ITEM0045,1,1530.00,595.53,0.00,1530.00
ORD00105143,OI000569129,ITEM0050,2,1720.00,751.10,0.00,3440.00
ORD00105143,OI000569130,ITEM0061,2,980.00,363.74,0.00,1960.00
ORD00105143,OI000569131,ITEM0096,5,1760.00,290.57,0.00,8800.00
ORD00105143,OI000569132,ITEM0130,2,240.00,88.41,0.00,480.00
ORD00105144,OI000569133,ITEM0003,1,380.00,139.35,0.00,380.00
ORD00105144,OI000569134,ITEM0033,3,900.00,299.82,0.00,2700.00
ORD00105144,OI000569135,ITEM0055,1,680.00,227.76,0.00,680.00
ORD00105144,OI000569136,ITEM0091,4,1850.00,702.28,0.00,7400.00
ORD00105144,OI000569137,ITEM0123,1,310.00,138.90,0.00,310.00
ORD00105145,OI000569138,ITEM0003,2,380.00,139.35,0.00,760.00
ORD00105145,OI000569139,ITEM0048,2,1460.00,572.91,0.00,2920.00
ORD00105145,OI000569140,ITEM0064,1,530.00,186.68,0.00,530.00
ORD00105145,OI000569141,ITEM0074,1,1200.00,536.56,0.00,1200.00
ORD00105145,OI000569142,ITEM0134,1,160.00,105.60,0.00,160.00
ORD00105145,OI000569143,ITEM0139,1,400.00,66.93,0.00,400.00
ORD00105145,OI000569144,ITEM0151,2,60.00,43.08,0.00,120.00
ORD00105145,OI000569145,ITEM9939,2,105.00,46.24,0.00,210.00
ORD00105146,OI000569146,ITEM0004,1,600.00,214.30,200.00,400.00
ORD00105146,OI000569148,ITEM0112,1,310.00,140.73,0.00,310.00
ORD00105146,OI000569149,ITEM0141,2,510.00,166.18,0.00,1020.00
ORD00105146,OI000569150,ITEM0150,2,125.00,48.98,0.00,250.00
ORD00105147,OI000569151,ITEM0011,1,920.00,332.30,0.00,920.00
ORD00105147,OI000569152,ITEM0027,1,440.00,144.90,0.00,440.00
ORD00105147,OI000569153,ITEM0062,1,670.00,350.53,0.00,670.00
ORD00105147,OI000569154,ITEM0137,3,330.00,112.52,0.00,990.00
ORD00105147,OI000569155,ITEM0151,1,60.00,43.08,0.00,60.00
ORD00105148,OI000569156,ITEM0068,2,680.00,470.19,0.00,1360.00
ORD00105148,OI000569157,ITEM0075,1,630.00,269.61,0.00,630.00
ORD00105148,OI000569158,ITEM0134,1,160.00,105.60,0.00,160.00
ORD00105148,OI000569159,ITEM0136,2,490.00,167.58,0.00,980.00
ORD00105149,OI000569160,ITEM0048,1,1460.00,572.91,0.00,1460.00
ORD00105149,OI000569161,ITEM0068,3,680.00,470.19,0.00,2040.00
ORD00105149,OI000569162,ITEM0091,1,1850.00,702.28,0.00,1850.00
ORD00105149,OI000569163,ITEM0110,1,1330.00,558.62,0.00,1330.00
ORD00105149,OI000569164,ITEM0135,1,105.00,69.46,0.00,105.00
ORD00105149,OI000569165,ITEM0138,1,270.00,108.52,0.00,270.00
ORD00105149,OI000569166,ITEM0156,2,125.00,46.27,0.00,250.00
ORD00105150,OI000569167,ITEM0052,1,800.00,314.45,0.00,800.00
ORD00105150,OI000569168,ITEM0112,1,310.00,140.73,0.00,310.00
ORD00105150,OI000569168,ITEM0112,1,310.00,140.73,0.00,310.00
ORD00105150,OI000569169,ITEM0137,1,330.00,112.52,0.00,330.00
ORD00105150,OI000569170,ITEM0148,1,320.00,208.57,0.00,320.00
ORD00105151,OI000569171,ITEM0003,2,380.00,139.35,0.00,760.00
ORD00105151,OI000569172,ITEM0009,1,470.00,178.25,0.00,470.00
ORD00105151,OI000569173,ITEM0023,1,470.00,200.14,0.00,470.00
ORD00105151,OI000569174,ITEM0057,1,670.00,446.99,0.00,670.00
ORD00105151,OI000569175,ITEM0060,3,850.00,323.39,0.00,2550.00
ORD00105151,OI000569176,ITEM0076,1,780.00,281.82,0.00,780.00
ORD00105151,OI000569177,ITEM0115,2,610.00,186.26,0.00,1220.00
ORD00105151,OI000569178,ITEM0135,1,105.00,69.46,0.00,105.00
ORD00105151,OI000569179,ITEM0154,2,370.00,126.03,0.00,740.00
ORD00105152,OI000569180,ITEM0027,1,440.00,144.90,0.00,440.00
ORD00105152,OI000569181,ITEM0065,1,1300.00,489.16,0.00,1300.00
ORD00105152,OI000569182,ITEM0068,1,680.00,470.19,0.00,680.00
ORD00105152,OI000569183,ITEM0111,1,260.00,91.26,0.00,260.00
ORD00105152,OI000569184,ITEM0157,1,770.00,314.38,0.00,770.00
ORD00105153,OI000569185,ITEM0004,2,600.00,214.30,0.00,1200.00
ORD00105153,OI000569186,ITEM0011,1,920.00,332.30,0.00,920.00
ORD00105153,OI000569187,ITEM0013,1,420.00,179.48,0.00,420.00
ORD00105153,OI000569188,ITEM0033,1,900.00,299.82,0.00,900.00
ORD00105153,OI000569189,ITEM0040,3,730.00,258.94,0.00,2190.00
ORD00105153,OI000569190,ITEM0044,1,1440.00,498.16,0.00,1440.00
ORD00105153,OI000569191,ITEM0048,1,1460.00,572.91,0.00,1460.00
ORD00105153,OI000569192,ITEM0065,5,1300.00,489.16,0.00,6500.00
ORD00105153,OI000569193,ITEM0076,1,720.00,281.82,0.00,720.00
ORD00105153,OI000569194,ITEM0091,2,1850.00,702.28,0.00,3700.00
ORD00105153,OI000569195,ITEM0135,2,105.00,69.46,0.00,210.00
ORD00105154,OI000569196,ITEM0038,1,1140.00,497.08,0.00,1140.00
ORD00105154,OI000569197,ITEM0068,1,680.00,470.19,0.00,680.00
ORD00105154,OI000569198,ITEM0073,1,850.00,331.31,0.00,850.00
ORD00105154,OI000569199,ITEM0089,1,2070.00,892.05,0.00,2070.00
ORD00105154,OI000569200,ITEM0100,1,1260.00,549.26,0.00,1260.00
ORD00105154,OI000569201,ITEM0145,-2,350.00,144.29,0.00,700.00
ORD00105154,OI000569202,ITEM0148,2,320.00,208.57,0.00,640.00
ORD00105154,OI000569203,ITEM0151,5,60.00,43.08,0.00,300.00
ORD00105154,OI000569204,ITEM0154,1,370.00,126.03,0.00,370.00
ORD00105155,OI000569205,ITEM0010,1,1350.00,552.35,0.00,1350.00
ORD00105155,OI000569206,ITEM0013,1,420.00,179.48,0.00,420.00
ORD00105155,OI000569207,ITEM0091,1,1850.00,702.28,0.00,1850.00
ORD00105155,OI000569208,ITEM0134,2,160.00,105.60,0.00,320.00
ORD00105155,OI000569209,ITEM0148,1,350.00,208.57,0.00,350.00
ORD00105155,OI000569210,ITEM0151,1,65.00,43.08,0.00,65.00
ORD00105156,OI000569211,ITEM0004,1,600.00,214.30,0.00,600.00
ORD00105156,OI000569212,ITEM0027,1,440.00,144.90,0.00,440.00
ORD00105156,OI000569213,ITEM0028,1,410.00,160.88,0.00,410.00
ORD00105156,OI000569214,ITEM0045,2,1530.00,595.53,0.00,3060.00
ORD00105156,OI000569215,ITEM0048,1,1460.00,572.91,0.00,1460.00
ORD00105156,OI000569216,ITEM0062,1,670.00,350.53,0.00,670.00
ORD00105156,OI000569217,ITEM0138,-1,270.00,108.52,0.00,270.00
ORD00105156,OI000569218,ITEM0151,3,65.00,43.08,0.00,195.00
ORD00105156,OI000569219,ITEM0156,2,125.00,46.27,0.00,250.00
ORD00105157,OI000569220,ITEM0046,1,2740.00,1088.75,0.00,2740.00
ORD00105157,OI000569221,ITEM0057,3,670.00,446.99,0.00,2010.00
ORD00105157,OI000569222,ITEM0134,1,160.00,105.60,0.00,160.00
ORD00105158,OI000569223,ITEM0003,3,380.00,139.35,0.00,1140.00
ORD00105158,OI000569224,ITEM0037,3,2310.00,972.25,0.00,6930.00
ORD00105158,OI000569225,ITEM0046,1,-2740.00,1088.75,0.00,2740.00
ORD00105158,OI000569226,ITEM0138,3,270.00,108.52,0.00,810.00
ORD00105158,OI000569227,ITEM0151,2,60.00,43.08,0.00,120.00
ORD00105159,OI000569228,ITEM0010,3,1350.00,552.35,0.00,4050.00
ORD00105159,OI000569229,ITEM0050,5,1860.00,751.10,0.00,9300.00
ORD00105159,OI000569230,ITEM0068,3,680.00,470.19,0.00,2040.00
ORD00105159,OI000569231,ITEM0087,2,3340.00,1425.09,0.00,6680.00
ORD00105159,OI000569232,ITEM0106,1,3990.00,1784.77,0.00,3990.00
ORD00105159,OI000569233,ITEM0135,2,105.00,69.46,0.00,210.00
ORD00105159,OI000569234,ITEM0138,1,270.00,108.52,0.00,270.00
ORD00105159,OI000569235,ITEM0148,1,350.00,208.57,0.00,350.00
ORD00105160,OI000569236,ITEM0057,5,670.00,446.99,0.00,3350.00
ORD00105160,OI000569237,ITEM0095,2,1140.00,485.13,0.00,2280.00
ORD00105160,OI000569238,ITEM0113,3,480.00,193.08,0.00,1440.00
ORD00105160,OI000569239,ITEM0130,1,240.00,88.41,0.00,240.00
ORD00105161,OI000569240,ITEM0004,2,600.00,214.30,148.15,1051.85
ORD00105161,OI000569241,ITEM0013,1,420.00,179.48,51.85,368.15
ORD00105161,OI000569242,ITEM0032,1,780.00,356.48,0.00,780.00
ORD00105161,OI000569243,ITEM0081,1,1510.00,1047.44,0.00,1510.00
ORD00105161,OI000569245,ITEM0112,1,310.00,140.73,0.00,310.00
ORD00105161,OI000569246,ITEM0115,2,610.00,186.26,0.00,1220.00
ORD00105161,OI000569247,ITEM0148,3,320.00,208.57,0.00,960.00
ORD00105161,OI000569248,ITEM0151,2,60.00,43.08,0.00,120.00
ORD00105162,OI000569249,ITEM0066,1,950.00,343.77,0.00,950.00
ORD00105162,OI000569250,ITEM0122,1,690.00,295.82,0.00,690.00
ORD00105162,OI000569251,ITEM0148,2,320.00,208.57,0.00,640.00
ORD00105163,OI000569252,ITEM0045,1,1530.00,595.53,0.00,1530.00
ORD00105163,OI000569253,ITEM0064,1,530.00,186.68,0.00,530.00
ORD00105163,OI000569254,ITEM0134,2,160.00,105.60,0.00,320.00
ORD00105163,OI000569255,ITEM0137,2,330.00,112.52,0.00,660.00
ORD00105164,OI000569256,ITEM0004,1,600.00,214.30,0.00,600.00
ORD00105164,OI000569257,ITEM0066,1,950.00,343.77,0.00,950.00
ORD00105164,OI000569258,ITEM0110,1,1330.00,558.62,0.00,1330.00
ORD00105164,OI000569259,ITEM0136,1,530.00,167.58,0.00,530.00
ORD00105164,OI000569260,ITEM0137,2,330.00,112.52,0.00,660.00
ORD00105165,OI000569261,ITEM0050,1,1860.00,751.10,0.00,1860.00
ORD00105165,OI000569262,ITEM0072,1,790.00,332.55,0.00,790.00
ORD00105165,OI000569263,ITEM0124,2,190.00,131.48,0.00,380.00
ORD00105165,OI000569264,ITEM0134,1,160.00,105.60,0.00,160.00
ORD00105166,OI000569265,ITEM0138,6,270.00,108.52,0.00,1620.00
ORD00105167,OI000569266,ITEM0003,3,380.00,139.35,171.43,968.57
ORD00105167,OI000569267,ITEM0066,3,950.00,343.77,0.00,2850.00
ORD00105167,OI000569268,ITEM0068,1,680.00,470.19,0.00,680.00
ORD00105167,OI000569269,ITEM0074,1,1200.00,536.56,0.00,1200.00
ORD00105167,OI000569270,ITEM0124,1,190.00,131.48,28.57,161.43
ORD00105167,OI000569271,ITEM0138,2,270.00,108.52,0.00,540.00
ORD00105168,OI000569272,ITEM0055,1,680.00,227.76,0.00,680.00
ORD00105168,OI000569273,ITEM0123,2,330.00,138.90,0.00,660.00
ORD00105169,OI000569274,ITEM0011,2,920.00,332.30,0.00,1840.00
ORD00105169,OI000569275,ITEM0018,1,590.00,236.34,0.00,590.00
ORD00105169,OI000569276,ITEM0046,1,2740.00,1088.75,0.00,2740.00
ORD00105169,OI000569277,ITEM0083,1,1760.00,701.86,0.00,1760.00
ORD00105169,OI000569278,ITEM0086,1,1380.00,560.08,0.00,1380.00
ORD00105169,OI000569279,ITEM0134,1,160.00,105.60,0.00,160.00
ORD00105169,OI000569280,ITEM0139,3,400.00,66.93,0.00,1200.00
ORD00105170,OI000569281,ITEM0021,1,430.00,179.74,0.00,430.00
ORD00105170,OI000569282,ITEM0050,1,1720.00,751.10,0.00,1720.00
ORD00105170,OI000569283,ITEM0089,1,2070.00,892.05,0.00,2070.00
ORD00105170,OI000569284,ITEM0094,1,1500.00,682.35,0.00,1500.00
ORD00105170,OI000569285,ITEM0115,1,610.00,186.26,0.00,610.00
ORD00105170,OI000569286,ITEM0123,1,310.00,138.90,0.00,310.00
ORD00105171,OI000569287,ITEM0003,1,380.00,139.35,0.00,380.00
ORD00105171,OI000569288,ITEM0033,1,900.00,299.82,0.00,900.00
ORD00105171,OI000569289,ITEM0121,1,390.00,121.95,0.00,390.00
ORD00105171,OI000569290,ITEM0145,1,350.00,144.29,0.00,350.00
ORD00105171,OI000569291,ITEM0149,2,370.00,165.96,0.00,740.00
ORD00105172,OI000569292,ITEM0014,3,470.00,180.01,0.00,1410.00
ORD00105172,OI000569293,ITEM0066,1,950.00,343.77,0.00,950.00
ORD00105172,OI000569294,ITEM0122,1,690.00,295.82,0.00,690.00
ORD00105172,OI000569295,ITEM0131,1,360.00,156.93,0.00,360.00
ORD00105172,OI000569296,ITEM0148,2,320.00,208.57,0.00,640.00
ORD00105172,OI000569297,ITEM0149,1,370.00,165.96,0.00,370.00
ORD00105173,OI000569298,ITEM0058,3,1210.00,378.58,0.00,3630.00
ORD00105173,OI000569299,ITEM0091,4,1850.00,702.28,0.00,7400.00
ORD00105173,OI000569300,ITEM0111,1,260.00,91.26,0.00,260.00
ORD00105173,OI000569301,ITEM0139,1,400.00,66.93,0.00,400.00
ORD00105173,OI000569302,ITEM0142,5,780.00,244.33,0.00,3900.00
ORD00105174,OI000569303,ITEM0004,1,600.00,214.30,0.00,600.00
ORD00105174,OI000569304,ITEM0009,4,470.00,178.25,0.00,1880.00
ORD00105174,OI000569305,ITEM0037,1,2310.00,972.25,0.00,2310.00
ORD00105174,OI000569306,ITEM0045,1,1530.00,595.53,0.00,1530.00
ORD00105174,OI000569307,ITEM0068,1,680.00,470.19,0.00,680.00
ORD00105174,OI000569308,ITEM0072,2,790.00,332.55,0.00,1580.00
ORD00105174,OI000569309,ITEM0082,1,1920.00,687.45,0.00,1920.00
ORD00105174,OI000569310,ITEM0136,1,490.00,167.58,0.00,490.00
ORD00105175,OI000569311,ITEM0003,1,380.00,139.35,0.00,380.00
ORD00105175,OI000569312,ITEM0031,1,1190.00,364.08,0.00,1190.00
ORD00105175,OI000569313,ITEM0075,1,630.00,269.61,0.00,630.00
ORD00105175,OI000569314,ITEM0132,1,390.00,159.49,0.00,390.00
ORD00105175,OI000569315,ITEM0136,6,530.00,167.58,0.00,3180.00
ORD00105175,OI000569316,ITEM0143,1,460.00,180.93,0.00,460.00
ORD00105175,OI000569317,ITEM0148,1,350.00,208.57,0.00,350.00
ORD00105176,OI000569318,ITEM0111,2,260.00,91.26,0.00,520.00
ORD00105176,OI000569319,ITEM0133,3,180.00,78.35,0.00,540.00
ORD00105177,OI000569320,ITEM0051,2,680.00,266.66,0.00,1360.00
ORD00105177,OI000569321,ITEM0065,1,1300.00,489.16,0.00,1300.00
ORD00105177,OI000569322,ITEM0084,1,1240.00,425.59,0.00,1240.00
ORD00105177,OI000569323,ITEM0138,1,270.00,108.52,0.00,270.00
ORD00105178,OI000569324,ITEM0023,1,470.00,200.14,0.00,470.00
ORD00105179,OI000569325,ITEM0053,1,1300.00,578.78,0.00,1300.00
ORD00105179,OI000569325,ITEM0053,1,1300.00,578.78,0.00,1300.00
ORD00105179,OI000569326,ITEM0066,3,950.00,343.77,0.00,2850.00
ORD00105179,OI000569327,ITEM0106,2,3990.00,1784.77,0.00,7980.00
ORD00105179,OI000569328,ITEM0124,1,190.00,131.48,0.00,190.00
ORD00105179,OI000569329,ITEM0134,2,160.00,105.60,0.00,320.00
ORD00105179,OI000569330,ITEM0135,3,105.00,69.46,0.00,315.00
ORD00105179,OI000569331,ITEM0137,1,330.00,112.52,0.00,330.00
ORD00105179,OI000569332,ITEM0148,3,320.00,208.57,0.00,960.00
ORD00105179,OI000569333,ITEM0155,1,210.00,93.65,0.00,210.00
ORD00105181,OI000569341,ITEM0032,2,780.00,356.48,0.00,1560.00
ORD00105181,OI000569342,ITEM0059,1,730.00,317.89,0.00,730.00
ORD00105181,OI000569343,ITEM0064,2,530.00,186.68,0.00,1060.00
ORD00105181,OI000569344,ITEM0068,3,680.00,470.19,0.00,2040.00
ORD00105181,OI000569345,ITEM0111,2,260.00,91.26,0.00,520.00
ORD00105181,OI000569346,ITEM0143,2,460.00,180.93,0.00,920.00
ORD00105182,OI000569347,ITEM0061,1,980.00,363.74,0.00,980.00
ORD00105182,OI000569348,ITEM0152,3,95.00,38.94,0.00,285.00
ORD00105183,OI000569349,ITEM0004,1,600.00,214.30,122.45,477.55
ORD00105183,OI000569350,ITEM0036,1,840.00,338.10,0.00,840.00
ORD00105183,OI000569351,ITEM0037,1,2310.00,972.25,0.00,2310.00
ORD00105183,OI000569352,ITEM0081,1,1510.00,1047.44,0.00,1510.00
ORD00105183,OI000569353,ITEM0108,1,1730.00,620.80,0.00,1730.00
ORD00105183,OI000569354,ITEM0121,2,360.00,121.95,0.00,720.00
ORD00105183,OI000569355,ITEM0124,2,190.00,131.48,77.55,302.45
ORD00105183,OI000569356,ITEM0138,2,270.00,108.52,0.00,540.00
ORD00105183,OI000569357,ITEM0156,3,125.00,46.27,0.00,375.00
ORD00105184,OI000569358,ITEM0084,3,1240.00,425.59,0.00,3720.00
ORD00105184,OI000569359,ITEM0113,1,480.00,193.08,0.00,480.00
ORD00105184,OI000569360,ITEM0134,1,160.00,105.60,0.00,160.00
ORD00105184,OI000569361,ITEM0135,1,105.00,69.46,0.00,105.00
ORD00105185,OI000569362,ITEM0002,1,210.00,72.86,71.19,138.81
ORD00105185,OI000569363,ITEM0071,1,730.00,259.12,0.00,730.00
ORD00105185,OI000569364,ITEM0124,2,190.00,131.48,128.81,251.19
ORD00105185,OI000569365,ITEM0135,1,105.00,69.46,0.00,105.00
ORD00105185,OI000569366,ITEM0143,1,460.00,180.93,0.00,460.00
ORD00105185,OI000569367,ITEM0157,3,770.00,314.38,0.00,2310.00
ORD00105185,OI000569368,ITEM0159,3,460.00,192.62,0.00,1380.00
ORD00105186,OI000569369,ITEM0013,1,420.00,179.48,200.00,220.00
ORD00105186,OI000569370,ITEM0046,1,2740.00,1088.75,0.00,2740.00
ORD00105186,OI000569371,ITEM0056,1,1440.00,468.22,0.00,1440.00
ORD00105186,OI000569372,ITEM0069,1,1130.00,391.06,0.00,1130.00
ORD00105186,OI000569373,ITEM0137,2,330.00,112.52,0.00,660.00
ORD00105186,OI000569374,ITEM0139,2,400.00,66.93,0.00,800.00
ORD00105186,OI000569375,ITEM0148,1,320.00,208.57,0.00,320.00
ORD00105187,OI000569376,ITEM0004,1,600.00,214.30,200.00,400.00
ORD00105187,OI000569377,ITEM0138,1,270.00,108.52,0.00,270.00
ORD00105187,OI000569378,ITEM0148,3,320.00,208.57,0.00,960.00
ORD00105187,OI000569379,ITEM0157,3,770.00,314.38,0.00,2310.00
ORD00105188,OI000569380,ITEM0003,1,380.00,139.35,0.00,380.00
ORD00105188,OI000569381,ITEM0061,2,980.00,363.74,0.00,1960.00
ORD00105188,OI000569382,ITEM0122,1,690.00,295.82,0.00,690.00
ORD00105188,OI000569383,ITEM0141,3,510.00,166.18,0.00,1530.00
ORD00105188,OI000569384,ITEM0145,4,350.00,144.29,0.00,1400.00
ORD00105188,OI000569385,ITEM0155,5,210.00,93.65,0.00,1050.00
ORD00105189,OI000569386,ITEM0004,2,600.00,214.30,200.00,1000.00
ORD00105189,OI000569387,ITEM0040,1,730.00,258.94,0.00,730.00
ORD00105189,OI000569388,ITEM0090,1,1840.00,663.73,0.00,1840.00
ORD00105189,OI000569389,ITEM0112,1,310.00,140.73,0.00,310.00
ORD00105189,OI000569390,ITEM0121,1,390.00,121.95,0.00,390.00
ORD00105189,OI000569391,ITEM0148,2,350.00,208.57,0.00,700.00
ORD00105189,OI000569392,ITEM0151,1,65.00,43.08,0.00,65.00
ORD00105190,OI000569393,ITEM0007,1,1570.00,711.90,200.00,1370.00
ORD00105190,OI000569394,ITEM0036,1,840.00,338.10,0.00,840.00
ORD00105190,OI000569395,ITEM0051,3,680.00,266.66,0.00,2040.00
ORD00105190,OI000569396,ITEM0135,2,105.00,69.46,0.00,210.00
ORD00105190,OI000569397,ITEM0151,3,60.00,43.08,0.00,180.00
ORD00105191,OI000569398,ITEM0004,1,600.00,214.30,0.00,600.00
ORD00105191,OI000569399,ITEM0005,2,420.00,149.00,0.00,840.00
ORD00105191,OI000569401,ITEM0057,1,670.00,446.99,0.00,670.00
ORD00105191,OI000569402,ITEM0068,1,680.00,470.19,0.00,680.00
ORD00105191,OI000569403,ITEM0117,2,910.00,139.74,0.00,1820.00
ORD00105191,OI000569404,ITEM0130,1,240.00,88.41,0.00,240.00
ORD00105191,OI000569405,ITEM0134,2,160.00,105.60,0.00,320.00
ORD00105191,OI000569406,ITEM0135,2,105.00,69.46,0.00,210.00
ORD00105191,OI000569407,ITEM0157,1,770.00,314.38,0.00,770.00
ORD00105192,OI000569408,ITEM0135,1,105.00,69.46,0.00,105.00
ORD00105192,OI000569409,ITEM0146,1,580.00,200.95,0.00,580.00
ORD00105192,OI000569410,ITEM0159,1,460.00,192.62,0.00,460.00
ORD00105193,OI000569411,ITEM0003,1,380.00,139.35,0.00,380.00
ORD00105193,OI000569412,ITEM0068,1,680.00,470.19,0.00,680.00
ORD00105193,OI000569413,ITEM0071,1,730.00,259.12,0.00,730.00
ORD00105193,OI000569414,ITEM0081,2,1510.00,1047.44,0.00,3020.00
ORD00105193,OI000569415,ITEM0113,1,480.00,193.08,0.00,480.00
ORD00105193,OI000569416,ITEM0147,4,450.00,148.21,0.00,1800.00
ORD00105193,OI000569417,ITEM0150,2,125.00,48.98,0.00,250.00
ORD00105193,OI000569418,ITEM0157,8,770.00,314.38,0.00,6160.00
ORD00105194,OI000569419,ITEM0027,1,440.00,144.90,0.00,440.00
ORD00105194,OI000569420,ITEM0061,2,1060.00,363.74,0.00,2120.00
ORD00105194,OI000569421,ITEM0068,2,680.00,470.19,0.00,1360.00
ORD00105194,OI000569422,ITEM0137,2,330.00,112.52,0.00,660.00
ORD00105194,OI000569423,ITEM0151,3,65.00,43.08,0.00,195.00
ORD00105195,OI000569424,ITEM0011,1,920.00,332.30,129.58,790.42
ORD00105195,OI000569425,ITEM0027,1,440.00,144.90,0.00,440.00
ORD00105195,OI000569426,ITEM0056,1,1440.00,468.22,0.00,1440.00
ORD00105195,OI000569427,ITEM0058,1,1210.00,378.58,0.00,1210.00
ORD00105195,OI000569428,ITEM0127,1,500.00,76.86,70.42,429.58
ORD00105195,OI000569429,ITEM0138,6,270.00,108.52,0.00,1620.00
ORD00105195,OI000569430,ITEM0143,2,460.00,180.93,0.00,920.00
ORD00105195,OI000569431,ITEM0148,9,320.00,208.57,0.00,2880.00
ORD00105195,OI000569432,ITEM0160,2,105.00,46.24,0.00,210.00
ORD00105196,OI000569433,ITEM0004,1,600.00,214.30,0.00,600.00
ORD00105196,OI000569434,ITEM0041,1,1250.00,495.95,0.00,1250.00
ORD00105196,OI000569435,ITEM0048,3,1460.00,572.91,0.00,4380.00
ORD00105196,OI000569436,ITEM0091,1,1850.00,702.28,0.00,1850.00
ORD00105196,OI000569437,ITEM0093,3,1090.00,392.41,0.00,3270.00
ORD00105196,OI000569438,ITEM0098,2,1220.00,521.65,0.00,2440.00
ORD00105196,OI000569439,ITEM0115,1,610.00,186.26,0.00,610.00
ORD00105196,OI000569440,ITEM0151,2,60.00,43.08,0.00,120.00
ORD00105196,OI000569440,ITEM0151,2,60.00,43.08,0.00,120.00
ORD00105196,OI000569441,ITEM0159,2,460.00,192.62,0.00,920.00
ORD00105197,OI000569442,ITEM0002,1,210.00,72.86,37.84,172.16
ORD00105197,OI000569443,ITEM0012,1,900.00,402.60,162.16,737.84
ORD00105197,OI000569444,ITEM0045,2,1530.00,595.53,0.00,3060.00
ORD00105197,OI000569445,ITEM0057,2,670.00,446.99,0.00,1340.00
ORD00105197,OI000569446,ITEM0091,4,1850.00,702.28,0.00,7400.00
ORD00105198,OI000569447,ITEM0005,1,420.00,149.00,0.00,420.00
ORD00105198,OI000569448,ITEM0011,2,920.00,332.30,0.00,1840.00
ORD00105198,OI000569449,ITEM0039,2,980.00,450.35,0.00,1960.00
ORD00105198,OI000569450,ITEM0045,1,1530.00,595.53,0.00,1530.00
ORD00105198,OI000569451,ITEM0136,1,490.00,167.58,0.00,490.00
ORD00105198,OI000569452,ITEM0139,2,400.00,66.93,0.00,800.00
ORD00105198,OI000569453,ITEM0143,2,460.00,180.93,0.00,920.00
ORD00105199,OI000569454,ITEM0112,1,310.00,140.73,0.00,310.00
ORD00105199,OI000569455,ITEM0121,1,360.00,121.95,0.00,360.00
ORD00105199,OI000569456,ITEM0148,2,320.00,208.57,0.00,640.00
ORD00105199,OI000569457,ITEM0152,2,95.00,38.94,0.00,190.00
ORD00105200,OI000569458,ITEM0050,1,1860.00,751.10,0.00,1860.00
ORD00105200,OI000569459,ITEM1962,3,670.00,446.99,0.00,2010.00
ORD00105200,OI000569460,ITEM0061,2,1060.00,363.74,0.00,2120.00
ORD00105200,OI000569461,ITEM0115,1,610.00,186.26,0.00,610.00
ORD00105200,OI000569462,ITEM0148,4,350.00,208.57,0.00,1400.00
ORD00105200,OI000569463,ITEM0157,3,770.00,314.38,0.00,2310.00
ORD00105201,OI000569464,ITEM0004,1,600.00,214.30,0.00,600.00
ORD00105201,OI000569465,ITEM0033,2,900.00,299.82,0.00,1800.00
ORD00105201,OI000569466,ITEM0090,2,1840.00,663.73,0.00,3680.00
ORD00105201,OI000569467,ITEM0098,1,1220.00,521.65,0.00,1220.00
ORD00105201,OI000569468,ITEM0145,1,350.00,144.29,0.00,350.00
ORD00105202,OI000569469,ITEM0004,1,600.00,214.30,200.00,400.00
ORD00105202,OI000569470,ITEM0030,2,265.00,110.76,0.00,530.00
ORD00105202,OI000569471,ITEM0086,3,1380.00,560.08,0.00,4140.00
ORD00105202,OI000569472,ITEM0112,1,310.00,140.73,0.00,310.00
ORD00105202,OI000569473,ITEM0146,1,580.00,200.95,0.00,580.00
ORD00105203,OI000569474,ITEM0013,3,420.00,179.48,200.00,1060.00
ORD00105203,OI000569475,ITEM0033,2,900.00,299.82,0.00,1800.00
ORD00105204,OI000569476,ITEM0057,1,670.00,446.99,0.00,670.00
ORD00105204,OI000569477,ITEM0058,1,1210.00,378.58,0.00,1210.00
ORD00105204,OI000569478,ITEM0060,1,790.00,323.39,0.00,790.00
ORD00105204,OI000569479,ITEM0068,1,680.00,470.19,0.00,680.00
ORD00105204,OI000569480,ITEM0082,2,1920.00,687.45,0.00,3840.00
ORD00105204,OI000569481,ITEM0105,1,2550.00,841.34,0.00,2550.00
ORD00105204,OI000569482,ITEM0138,2,270.00,108.52,0.00,540.00
ORD00105204,OI000569483,ITEM0151,4,60.00,43.08,0.00,240.00
ORD00105205,OI000569484,ITEM0011,1,920.00,332.30,118.71,801.29
ORD00105205,OI000569485,ITEM0064,1,530.00,186.68,0.00,530.00
ORD00105205,OI000569486,ITEM0068,1,680.00,470.19,0.00,680.00
ORD00105205,OI000569487,ITEM0081,1,1510.00,1047.44,0.00,1510.00
ORD00105205,OI000569488,ITEM0130,1,240.00,88.41,30.97,209.03
ORD00105205,OI000569489,ITEM0132,1,390.00,159.49,50.32,339.68
ORD00105205,OI000569490,ITEM0143,1,460.00,180.93,0.00,460.00
ORD00105206,OI000569491,ITEM0054,1,1220.00,409.33,0.00,1220.00
ORD00105207,OI000569492,ITEM0045,3,1530.00,595.53,0.00,4590.00
ORD00105207,OI000569493,ITEM0066,5,950.00,343.77,0.00,4750.00
ORD00105207,OI000569494,ITEM0134,1,160.00,105.60,0.00,160.00
ORD00105207,OI000569495,ITEM0151,3,60.00,43.08,0.00,180.00
ORD00105208,OI000569497,ITEM0014,1,470.00,180.01,0.00,470.00
ORD00105208,OI000569498,ITEM0037,1,2310.00,972.25,0.00,2310.00
ORD00105208,OI000569499,ITEM0040,1,730.00,258.94,0.00,730.00
ORD00105208,OI000569500,ITEM0049,1,2540.00,1107.09,0.00,2540.00
ORD00105208,OI000569501,ITEM0050,1,1720.00,751.10,0.00,1720.00
ORD00105209,OI000569502,ITEM0032,2,780.00,356.48,0.00,1560.00
ORD00105209,OI000569503,ITEM0034,1,1220.00,445.69,0.00,1220.00
ORD00105209,OI000569504,ITEM0041,1,1250.00,495.95,0.00,1250.00
ORD00105209,OI000569505,ITEM0110,2,1330.00,558.62,0.00,2660.00
ORD00105209,OI000569506,ITEM0151,4,60.00,43.08,0.00,240.00
ORD00105210,OI000569507,ITEM0032,1,780.00,356.48,0.00,780.00
ORD00105210,OI000569508,ITEM0045,2,1530.00,595.53,0.00,3060.00
ORD00105210,OI000569509,ITEM0048,1,1460.00,572.91,0.00,1460.00
ORD00105210,OI000569510,ITEM0059,1,730.00,317.89,0.00,730.00
ORD00105210,OI000569511,ITEM0066,1,950.00,343.77,0.00,950.00
ORD00105210,OI000569512,ITEM0139,1,400.00,66.93,0.00,400.00
ORD00105210,OI000569513,ITEM0143,1,460.00,180.93,0.00,460.00
ORD00105210,OI000569514,ITEM0157,3,770.00,314.38,0.00,2310.00
ORD00105212,OI000569528,ITEM0041,2,1250.00,495.95,0.00,2500.00
ORD00105212,OI000569529,ITEM0068,4,680.00,470.19,0.00,2720.00
ORD00105212,OI000569530,ITEM0149,2,370.00,165.96,0.00,740.00
ORD00105212,OI000569531,ITEM0157,3,770.00,314.38,0.00,2310.00
ORD00105213,OI000569532,ITEM0003,4,380.00,139.35,0.00,1520.00
ORD00105213,OI000569533,ITEM0035,1,960.00,403.00,0.00,960.00
ORD00105213,OI000569534,ITEM0049,2,2540.00,1107.09,0.00,5080.00
ORD00105213,OI000569535,ITEM0064,2,530.00,186.68,0.00,1060.00
ORD00105213,OI000569536,ITEM0157,1,770.00,314.38,0.00,770.00
ORD00105213,OI000569537,ITEM6332,1,105.00,46.24,0.00,105.00
ORD00105214,OI000569538,ITEM0027,2,440.00,144.90,0.00,880.00
ORD00105214,OI000569539,ITEM0040,2,730.00,258.94,0.00,1460.00
ORD00105214,OI000569540,ITEM0045,1,1530.00,595.53,0.00,1530.00
ORD00105214,OI000569541,ITEM0050,1,1720.00,751.10,0.00,1720.00
ORD00105214,OI000569542,ITEM0055,2,680.00,227.76,0.00,1360.00
ORD00105214,OI000569543,ITEM0065,1,1300.00,489.16,0.00,1300.00
ORD00105214,OI000569544,ITEM0130,1,240.00,88.41,0.00,240.00
ORD00105214,OI000569545,ITEM0138,3,270.00,108.52,0.00,810.00
ORD00105214,OI000569546,ITEM0143,2,460.00,180.93,0.00,920.00
ORD00105215,OI000569547,ITEM0004,1,600.00,214.30,200.00,400.00
ORD00105215,OI000569548,ITEM0056,1,1440.00,468.22,0.00,1440.00
ORD00105215,OI000569549,ITEM0068,1,680.00,470.19,0.00,680.00
ORD00105215,OI000569550,ITEM0090,2,1840.00,663.73,0.00,3680.00
ORD00105216,OI000569551,ITEM0027,2,440.00,144.90,0.00,880.00
ORD00105216,OI000569552,ITEM0046,1,2740.00,1088.75,0.00,2740.00
ORD00105216,OI000569553,ITEM0066,1,950.00,343.77,0.00,950.00
ORD00105216,OI000569554,ITEM0084,2,1240.00,425.59,0.00,2480.00
ORD00105216,OI000569555,ITEM0138,2,270.00,108.52,0.00,540.00
ORD00105216,OI000569556,ITEM0149,2,370.00,165.96,0.00,740.00
ORD00105217,OI000569557,ITEM0032,3,780.00,356.48,0.00,2340.00
ORD00105217,OI000569558,ITEM0034,1,1220.00,445.69,0.00,1220.00
ORD00105217,OI000569559,ITEM0038,1,1140.00,497.08,0.00,1140.00
ORD00105217,OI000569560,ITEM0045,1,1530.00,595.53,0.00,1530.00
ORD00105217,OI000569561,ITEM0068,1,680.00,470.19,0.00,680.00
ORD00105217,OI000569562,ITEM0091,2,1850.00,702.28,0.00,3700.00
ORD00105217,OI000569563,ITEM0134,1,160.00,105.60,0.00,160.00
ORD00105217,OI000569564,ITEM0142,2,780.00,244.33,0.00,1560.00
ORD00105217,OI000569565,ITEM0150,1,125.00,48.98,0.00,125.00
ORD00105218,OI000569566,ITEM0004,1,600.00,214.30,0.00,600.00
ORD00105218,OI000569567,ITEM0034,1,1220.00,445.69,0.00,1220.00
ORD00105218,OI000569568,ITEM0045,1,1530.00,595.53,0.00,1530.00
ORD00105218,OI000569569,ITEM0135,2,105.00,69.46,0.00,210.00
ORD00105218,OI000569570,ITEM0148,3,320.00,208.57,0.00,960.00
ORD00105218,OI000569571,ITEM0150,7,125.00,48.98,0.00,875.00
ORD00105218,OI000569572,ITEM0158,2,370.00,151.76,0.00,740.00
ORD00105219,OI000569573,ITEM0045,1,1530.00,595.53,0.00,1530.00
ORD00105219,OI000569574,ITEM0073,1,850.00,331.31,0.00,850.00
ORD00105219,OI000569575,ITEM0112,1,310.00,140.73,0.00,310.00
ORD00105219,OI000569576,ITEM0131,2,360.00,156.93,0.00,720.00
ORD00105219,OI000569577,ITEM0133,2,180.00,78.35,0.00,360.00
ORD00105219,OI000569578,ITEM0136,1,530.00,167.58,0.00,530.00
ORD00105220,OI000569579,ITEM0054,1,1220.00,409.33,0.00,1220.00
ORD00105220,OI000569580,ITEM0091,1,1850.00,702.28,0.00,1850.00
ORD00105220,OI000569581,ITEM0094,1,1500.00,682.35,0.00,1500.00
ORD00105220,OI000569582,ITEM0114,1,280.00,84.81,0.00,280.00
ORD00105220,OI000569583,ITEM0133,3,180.00,78.35,0.00,540.00
ORD00105220,OI000569584,ITEM0138,1,270.00,108.52,0.00,270.00
ORD00105220,OI000569585,ITEM0151,2,60.00,43.08,0.00,120.00
ORD00105221,OI000569586,ITEM0003,2,380.00,139.35,0.00,760.00
ORD00105222,OI000569587,ITEM0027,1,440.00,144.90,0.00,440.00
ORD00105222,OI000569588,ITEM0034,1,1220.00,445.69,0.00,1220.00
ORD00105222,OI000569589,ITEM0046,1,2740.00,1088.75,0.00,2740.00
ORD00105222,OI000569590,ITEM0052,1,800.00,314.45,0.00,800.00
ORD00105222,OI000569591,ITEM0056,1,1440.00,468.22,0.00,1440.00
ORD00105223,OI000569592,ITEM0007,2,1570.00,711.90,200.00,2940.00
ORD00105223,OI000569593,ITEM0148,2,320.00,208.57,0.00,640.00
ORD00105223,OI000569594,ITEM0157,2,770.00,314.38,0.00,1540.00
ORD00105224,OI000569595,ITEM0071,2,730.00,259.12,0.00,1460.00
ORD00105224,OI000569596,ITEM0090,2,1840.00,663.73,0.00,3680.00
ORD00105224,OI000569597,,1,3020.00,1247.87,0.00,3020.00
ORD00105224,OI000569598,ITEM0109,1,1500.00,513.48,0.00,1500.00
ORD00105224,OI000569599,ITEM0135,2,105.00,69.46,0.00,210.00
ORD00105225,OI000569600,ITEM0033,1,900.00,299.82,0.00,900.00
ORD00105225,OI000569601,ITEM0045,2,1530.00,595.53,0.00,3060.00
ORD00105225,OI000569602,ITEM0068,1,680.00,470.19,0.00,680.00
ORD00105225,OI000569603,ITEM0115,1,610.00,186.26,0.00,610.00
ORD00105225,OI000569604,ITEM0124,2,190.00,131.48,200.00,180.00
ORD00105226,OI000569605,ITEM0045,1,1530.00,595.53,0.00,1530.00
ORD00105226,OI000569606,ITEM0049,1,2540.00,1107.09,0.00,2540.00
ORD00105226,OI000569607,ITEM0055,2,680.00,227.76,0.00,1360.00
ORD00105226,OI000569608,ITEM0074,1,1200.00,536.56,0.00,1200.00
ORD00105227,OI000569609,ITEM0056,1,1440.00,468.22,0.00,1440.00
ORD00105227,OI000569610,ITEM0138,1,270.00,108.52,0.00,270.00
ORD00105227,OI000569610,ITEM0138,1,270.00,108.52,0.00,270.00
ORD00105227,OI000569611,ITEM0157,5,770.00,314.38,0.00,3850.00
ORD00105228,OI000569612,ITEM0013,1,420.00,179.48,0.00,420.00
ORD00105228,OI000569613,ITEM0034,1,1220.00,445.69,0.00,1220.00
ORD00105228,OI000569614,ITEM0042,2,5310.00,2490.02,0.00,10620.00
ORD00105228,OI000569615,ITEM0048,1,1460.00,572.91,0.00,1460.00
ORD00105228,OI000569616,ITEM0053,1,1400.00,578.78,0.00,1400.00
ORD00105228,OI000569617,ITEM0134,2,160.00,105.60,0.00,320.00
ORD00105228,OI000569618,ITEM0138,2,270.00,108.52,0.00,540.00
ORD00105228,OI000569619,ITEM0148,4,350.00,208.57,0.00,1400.00
ORD00105228,OI000569620,ITEM0157,3,770.00,314.38,0.00,2310.00
ORD00105229,OI000569621,ITEM0003,1,380.00,139.35,0.00,380.00
ORD00105229,OI000569622,ITEM0023,4,470.00,200.14,0.00,1880.00
ORD00105229,OI000569623,ITEM0048,1,1460.00,572.91,0.00,1460.00
ORD00105229,OI000569624,ITEM0057,1,670.00,446.99,0.00,670.00
ORD00105229,OI000569625,ITEM0076,1,720.00,281.82,0.00,720.00
ORD00105229,OI000569626,ITEM0089,1,2070.00,892.05,0.00,2070.00
ORD00105229,OI000569627,ITEM0157,1,770.00,314.38,0.00,770.00
ORD00105230,OI000569628,ITEM0026,1,540.00,239.70,0.00,540.00
ORD00105230,OI000569629,ITEM0029,1,950.00,312.12,0.00,950.00
ORD00105230,OI000569630,ITEM0057,1,670.00,446.99,0.00,670.00
ORD00105230,OI000569631,ITEM0067,1,320.00,108.16,0.00,320.00
ORD00105230,OI000569632,ITEM0134,2,160.00,105.60,0.00,320.00
ORD00105230,OI000569633,ITEM0137,2,330.00,112.52,0.00,660.00
ORD00105230,OI000569634,ITEM0138,1,270.00,108.52,0.00,270.00
ORD00105230,OI000569635,ITEM0147,5,450.00,148.21,0.00,2250.00
ORD00105231,OI000569636,ITEM0045,3,1530.00,595.53,0.00,4590.00
ORD00105231,OI000569637,ITEM0112,2,310.00,140.73,0.00,620.00
ORD00105231,OI000569638,ITEM0145,1,350.00,144.29,0.00,350.00
ORD00105231,OI000569639,ITEM0148,2,350.00,208.57,0.00,700.00
ORD00105232,OI000569640,ITEM0032,1,780.00,356.48,0.00,780.00
ORD00105232,OI000569641,ITEM0047,1,1650.00,627.28,0.00,1650.00
ORD00105232,OI000569642,ITEM0068,1,680.00,470.19,0.00,680.00
ORD00105232,OI000569643,ITEM0091,2,1850.00,702.28,0.00,3700.00
ORD00105232,OI000569644,ITEM0111,1,260.00,91.26,0.00,260.00
ORD00105232,OI000569645,ITEM0123,1,310.00,138.90,0.00,310.00
ORD00105232,OI000569646,ITEM0134,1,160.00,105.60,0.00,160.00
ORD00105232,OI000569647,ITEM0147,1,450.00,148.21,0.00,450.00
ORD00105232,OI000569648,ITEM0148,3,320.00,208.57,0.00,960.00
ORD00105233,OI000569649,ITEM0054,2,1220.00,409.33,0.00,2440.00
ORD00105233,OI000569650,ITEM0124,1,190.00,131.48,0.00,190.00
ORD00105233,OI000569651,ITEM0130,4,240.00,88.41,0.00,960.00
ORD00105234,OI000569652,ITEM0067,2,320.00,108.16,0.00,640.00
ORD00105234,OI000569653,ITEM0086,2,1380.00,560.08,0.00,2760.00
ORD00105234,OI000569654,ITEM0091,1,1850.00,702.28,0.00,1850.00
ORD00105234,OI000569655,ITEM0104,1,1420.00,476.78,0.00,1420.00
ORD00105234,OI000569656,ITEM0130,1,240.00,88.41,0.00,240.00
ORD00105234,OI000569657,ITEM0157,2,770.00,314.38,0.00,1540.00
ORD00105234,OI000569658,ITEM0159,3,460.00,192.62,0.00,1380.00
ORD00105235,OI000569659,ITEM0058,1,1210.00,378.58,0.00,1210.00
ORD00105235,OI000569660,ITEM0143,1,460.00,180.93,0.00,460.00
ORD00105235,OI000569661,ITEM0148,1,320.00,208.57,0.00,320.00
ORD00105235,OI000569662,ITEM0151,1,60.00,43.08,0.00,60.00
ORD00105236,OI000569663,ITEM0004,3,600.00,214.30,0.00,1800.00
ORD00105236,OI000569664,ITEM0061,3,980.00,363.74,0.00,2940.00
ORD00105236,OI000569665,ITEM0119,2,470.00,169.51,0.00,940.00
ORD00105236,OI000569666,ITEM0132,2,390.00,159.49,0.00,780.00
ORD00105236,OI000569667,ITEM0134,3,160.00,105.60,0.00,480.00
ORD00105236,OI000569668,ITEM0135,4,105.00,69.46,0.00,420.00
ORD00105236,OI000569669,ITEM0137,1,330.00,112.52,0.00,330.00
ORD00105236,OI000569670,ITEM0138,2,270.00,108.52,0.00,540.00
ORD00105237,OI000569671,ITEM0023,2,470.00,200.14,0.00,940.00
ORD00105237,OI000569672,ITEM0028,2,410.00,160.88,0.00,820.00
ORD00105237,OI000569673,ITEM0046,2,2740.00,1088.75,0.00,5480.00
ORD00105237,OI000569674,ITEM0058,1,1210.00,378.58,0.00,1210.00
ORD00105237,OI000569675,ITEM0117,-3,910.00,139.74,0.00,2730.00
ORD00105237,OI000569676,,1,690.00,295.82,0.00,690.00
ORD00105237,OI000569677,ITEM0136,2,490.00,167.58,0.00,980.00
ORD00105238,OI000569678,ITEM0003,2,380.00,139.35,0.00,760.00
ORD00105238,OI000569679,ITEM0032,1,840.00,356.48,0.00,840.00
ORD00105238,OI000569680,ITEM0058,2,1210.00,378.58,0.00,2420.00
ORD00105238,OI000569681,ITEM0059,2,790.00,317.89,0.00,1580.00
ORD00105238,OI000569682,ITEM0067,1,320.00,108.16,0.00,320.00
ORD00105238,OI000569683,ITEM0068,2,680.00,470.19,0.00,1360.00
ORD00105238,OI000569684,ITEM0151,2,65.00,43.08,0.00,130.00
ORD00105239,OI000569685,ITEM0023,2,470.00,200.14,0.00,940.00
ORD00105239,OI000569686,ITEM0036,1,840.00,338.10,0.00,840.00
ORD00105239,OI000569687,ITEM0112,1,310.00,140.73,0.00,310.00
ORD00105239,OI000569688,ITEM0121,1,360.00,121.95,0.00,360.00
ORD00105240,OI000569689,ITEM0003,1,380.00,139.35,24.36,355.64
ORD00105240,OI000569690,ITEM0005,2,450.00,149.00,57.69,842.31
ORD00105240,OI000569691,ITEM0009,2,470.00,178.25,60.26,879.74
ORD00105240,OI000569692,ITEM0012,1,900.00,402.60,57.69,842.31
ORD00105240,OI000569693,ITEM0048,1,1460.00,572.91,0.00,1460.00
ORD00105240,OI000569694,ITEM0065,1,1300.00,489.16,0.00,1300.00
ORD00105240,OI000569695,ITEM0068,1,680.00,470.19,0.00,680.00
ORD00105240,OI000569696,ITEM0145,1,350.00,144.29,0.00,350.00
ORD00105241,OI000569697,ITEM0025,1,890.00,334.06,0.00,890.00
ORD00105241,OI000569698,ITEM0057,1,670.00,446.99,0.00,670.00
ORD00105241,OI000569699,ITEM0084,1,1240.00,425.59,0.00,1240.00
ORD00105241,OI000569700,ITEM0100,2,1260.00,549.26,0.00,2520.00
ORD00105241,OI000569701,ITEM0138,1,270.00,108.52,0.00,270.00
ORD00105243,OI000569708,ITEM0003,1,380.00,139.35,54.29,325.71
ORD00105243,OI000569709,ITEM0004,1,600.00,214.30,85.71,514.29
ORD00105243,OI000569710,ITEM0005,1,420.00,149.00,60.00,360.00
ORD00105243,OI000569711,ITEM0040,2,730.00,258.94,0.00,1460.00
ORD00105243,OI000569712,ITEM0064,1,530.00,186.68,0.00,530.00
ORD00105243,OI000569713,ITEM0137,1,330.00,112.52,0.00,330.00
ORD00105243,OI000569714,ITEM0145,1,350.00,144.29,0.00,350.00
ORD00105244,OI000569715,ITEM0007,2,1570.00,711.90,182.03,2957.97
ORD00105244,OI000569716,ITEM0016,1,540.00,210.83,0.00,540.00
ORD00105244,OI000569717,ITEM0099,1,1300.00,471.54,0.00,1300.00
ORD00105244,OI000569718,ITEM0126,2,155.00,69.21,17.97,292.03
ORD00105244,OI000569719,ITEM0135,1,105.00,69.46,0.00,105.00
ORD00105244,OI000569720,ITEM0150,1,125.00,48.98,0.00,125.00
ORD00105244,OI000569721,ITEM0151,5,65.00,43.08,0.00,325.00
ORD00105244,OI000569722,ITEM0152,1,95.00,38.94,0.00,95.00
ORD00105245,OI000569723,ITEM0015,1,500.00,184.59,0.00,500.00
ORD00105245,OI000569724,ITEM0050,1,1860.00,751.10,0.00,1860.00
ORD00105245,OI000569725,ITEM0058,2,1210.00,378.58,0.00,2420.00
ORD00105245,OI000569726,ITEM0109,1,1500.00,513.48,0.00,1500.00
ORD00105245,OI000569727,ITEM0141,1,510.00,166.18,0.00,510.00
ORD00105246,OI000569728,ITEM0036,1,840.00,338.10,0.00,840.00
ORD00105246,OI000569729,ITEM0068,2,680.00,470.19,0.00,1360.00
ORD00105246,OI000569730,ITEM0138,3,270.00,108.52,0.00,810.00
ORD00105247,OI000569731,ITEM0011,1,990.00,332.30,39.55,950.45
ORD00105247,OI000569732,ITEM0046,1,2740.00,1088.75,109.45,2630.55
ORD00105247,OI000569733,ITEM0056,1,1440.00,468.22,57.52,1382.48
ORD00105247,OI000569734,ITEM0130,2,240.00,88.41,19.17,460.83
ORD00105247,OI000569735,ITEM0134,5,160.00,105.60,31.96,768.04
ORD00105247,OI000569736,ITEM0136,2,530.00,167.58,42.34,1017.66
ORD00105248,OI000569737,ITEM0004,2,600.00,214.30,0.00,1200.00
ORD00105248,OI000569738,ITEM0020,1,810.00,323.82,0.00,810.00
ORD00105248,OI000569739,ITEM0067,2,320.00,108.16,0.00,640.00
ORD00105248,OI000569740,ITEM0068,1,680.00,470.19,0.00,680.00
ORD00105248,OI000569741,ITEM0109,1,1500.00,513.48,0.00,1500.00
ORD00105248,OI000569742,ITEM0151,1,65.00,43.08,0.00,65.00
ORD00105249,OI000569743,ITEM0013,1,420.00,179.48,0.00,420.00
ORD00105249,OI000569744,ITEM0045,1,1530.00,595.53,0.00,1530.00
ORD00105249,OI000569745,ITEM0057,1,670.00,446.99,0.00,670.00
ORD00105249,OI000569746,ITEM0077,3,660.00,295.15,0.00,1980.00
ORD00105249,OI000569747,ITEM0115,1,610.00,186.26,0.00,610.00
ORD00105249,OI000569748,ITEM0137,1,330.00,112.52,0.00,330.00
ORD00105249,OI000569749,ITEM0141,2,510.00,166.18,0.00,1020.00
ORD00105250,OI000569750,ITEM0004,1,600.00,214.30,80.00,520.00
ORD00105250,OI000569751,ITEM0012,1,900.00,402.60,120.00,780.00
ORD00105250,OI000569752,ITEM0121,1,360.00,121.95,0.00,360.00
ORD00105251,OI000569753,ITEM0005,1,420.00,149.00,0.00,420.00
ORD00105251,OI000569754,ITEM0057,1,670.00,446.99,0.00,670.00
ORD00105251,OI000569755,ITEM0081,3,1510.00,1047.44,0.00,4530.00
ORD00105251,OI000569756,ITEM0134,4,160.00,105.60,0.00,640.00
ORD00105251,OI000569757,ITEM0148,5,320.00,208.57,0.00,1600.00
ORD00105252,OI000569758,ITEM0004,4,600.00,214.30,0.00,2400.00
ORD00105252,OI000569759,ITEM0023,1,470.00,200.14,0.00,470.00
ORD00105252,OI000569760,ITEM0033,1,900.00,299.82,0.00,900.00
ORD00105252,OI000569761,ITEM0040,1,730.00,258.94,0.00,730.00
ORD00105252,OI000569762,ITEM0066,2,950.00,343.77,0.00,1900.00
ORD00105252,OI000569763,ITEM0068,1,680.00,470.19,0.00,680.00
ORD00105252,OI000569764,ITEM0081,2,1510.00,1047.44,0.00,3020.00
ORD00105252,OI000569765,ITEM0148,3,350.00,208.57,0.00,1050.00
ORD00105252,OI000569766,ITEM0149,3,370.00,165.96,0.00,1110.00
ORD00105253,OI000569767,ITEM0049,1,2540.00,1107.09,0.00,2540.00
ORD00105253,OI000569768,ITEM0068,2,680.00,470.19,0.00,1360.00
ORD00105253,OI000569769,ITEM0143,2,460.00,180.93,0.00,920.00
ORD00105253,OI000569770,ITEM0147,2,450.00,148.21,0.00,900.00
ORD00105253,OI000569771,ITEM0149,4,370.00,165.96,0.00,1480.00
ORD00105254,OI000569772,ITEM0009,2,470.00,178.25,0.00,940.00
ORD00105254,OI000569773,ITEM0028,1,410.00,160.88,0.00,410.00
ORD00105254,OI000569774,ITEM0058,2,1210.00,378.58,0.00,2420.00
ORD00105254,OI000569775,ITEM0131,1,360.00,156.93,0.00,360.00
ORD00105254,OI000569776,ITEM0155,2,210.00,93.65,0.00,420.00
ORD00105254,OI000569777,ITEM0157,3,770.00,314.38,0.00,2310.00
ORD00105255,OI000569778,ITEM0081,1,1510.00,1047.44,0.00,1510.00
ORD00105255,OI000569779,ITEM0134,2,160.00,105.60,0.00,320.00
ORD00105255,OI000569780,ITEM0135,2,105.00,69.46,0.00,210.00
ORD00105255,OI000569781,ITEM0138,1,270.00,108.52,0.00,270.00
ORD00105255,OI000569782,ITEM0148,3,320.00,208.57,0.00,960.00
ORD00105255,OI000569783,ITEM0151,1,60.00,43.08,0.00,60.00
ORD00105255,OI000569784,ITEM0152,1,95.00,38.94,0.00,95.00
ORD00105255,OI000569785,ITEM0155,1,210.00,93.65,0.00,210.00
ORD00105256,OI000569786,ITEM0046,1,2740.00,1088.75,0.00,2740.00
ORD00105256,OI000569787,ITEM0117,2,910.00,139.74,0.00,1820.00
ORD00105256,OI000569788,ITEM0131,1,360.00,156.93,0.00,360.00
ORD00105256,OI000569789,ITEM0132,1,390.00,159.49,0.00,390.00
ORD00105256,OI000569790,ITEM0135,1,105.00,69.46,0.00,105.00
ORD00105257,OI000569791,ITEM0001,2,260.00,93.07,28.73,491.27
ORD00105257,OI000569792,ITEM0003,1,380.00,139.35,20.99,359.01
ORD00105257,OI000569793,ITEM0011,1,920.00,332.30,50.83,869.17
ORD00105257,OI000569794,ITEM0012,2,900.00,402.60,99.45,1700.55
ORD00105257,OI000569795,ITEM0027,1,440.00,144.90,0.00,440.00
ORD00105257,OI000569796,ITEM0033,1,900.00,299.82,0.00,900.00
ORD00105257,OI000569797,ITEM0068,3,680.00,470.19,0.00,2040.00
ORD00105257,OI000569798,ITEM0134,2,160.00,105.60,0.00,320.00
ORD00105257,OI000569799,ITEM0151,2,60.00,43.08,0.00,120.00
ORD00105258,OI000569800,ITEM0032,1,780.00,356.48,0.00,780.00
ORD00105258,OI000569801,ITEM0035,4,960.00,403.00,0.00,3840.00
ORD00105258,OI000569802,ITEM0049,1,2540.00,1107.09,0.00,2540.00
ORD00105258,OI000569803,ITEM0061,2,980.00,363.74,0.00,1960.00
ORD00105258,OI000569804,ITEM0122,1,690.00,295.82,0.00,690.00
ORD00105258,OI000569805,ITEM0134,1,160.00,105.60,0.00,160.00
ORD00105258,OI000569806,ITEM0156,3,125.00,46.27,0.00,375.00
ORD00105259,OI000569807,ITEM0041,1,1250.00,495.95,0.00,1250.00
ORD00105259,OI000569808,ITEM0114,1,280.00,84.81,0.00,280.00
ORD00105259,OI000569809,ITEM0124,2,190.00,131.48,0.00,380.00
ORD00105259,OI000569810,ITEM0148,2,320.00,208.57,0.00,640.00
ORD00105260,OI000569811,ITEM0002,1,210.00,72.86,200.00,10.00
ORD00105260,OI000569812,,2,470.00,200.14,0.00,940.00
ORD00105260,OI000569813,ITEM0056,1,1440.00,468.22,0.00,1440.00
ORD00105260,OI000569814,ITEM0066,3,950.00,343.77,0.00,2850.00
ORD00105260,OI000569815,ITEM0090,1,1840.00,663.73,0.00,1840.00
ORD00105260,OI000569816,ITEM0146,6,580.00,200.95,0.00,3480.00
ORD00105261,OI000569817,ITEM0003,1,380.00,139.35,0.00,380.00
ORD00105261,OI000569818,ITEM0028,1,410.00,160.88,0.00,410.00
ORD00105261,OI000569819,ITEM0032,1,780.00,356.48,0.00,780.00
ORD00105261,OI000569820,ITEM0048,1,1460.00,572.91,0.00,1460.00
ORD00105262,OI000569821,ITEM0046,1,2740.00,1088.75,0.00,2740.00
ORD00105262,OI000569822,ITEM0065,1,1300.00,489.16,0.00,1300.00
ORD00105262,OI000569822,ITEM0065,1,1300.00,489.16,0.00,1300.00
ORD00105262,OI000569823,ITEM0091,1,1850.00,702.28,0.00,1850.00
ORD00105262,OI000569824,ITEM0112,1,310.00,140.73,0.00,310.00
ORD00105262,OI000569824,ITEM0112,1,310.00,140.73,0.00,310.00
ORD00105262,OI000569825,ITEM0134,4,160.00,105.60,0.00,640.00
ORD00105263,OI000569826,ITEM0033,4,900.00,299.82,0.00,3600.00
ORD00105263,OI000569827,ITEM0089,1,2070.00,892.05,0.00,2070.00
ORD00105263,OI000569828,ITEM0124,1,190.00,131.48,0.00,190.00
ORD00105263,OI000569829,ITEM0135,2,105.00,69.46,0.00,210.00
ORD00105263,OI000569830,ITEM0136,2,490.00,167.58,0.00,980.00
ORD00105264,OI000569831,ITEM0002,1,210.00,72.86,0.00,210.00
ORD00105264,OI000569832,ITEM0009,2,470.00,178.25,0.00,940.00
ORD00105264,OI000569833,ITEM0086,-1,1380.00,560.08,0.00,1380.00
ORD00105265,OI000569834,ITEM0004,1,600.00,214.30,0.00,600.00
ORD00105265,OI000569835,ITEM0032,1,780.00,356.48,0.00,780.00
ORD00105265,OI000569836,ITEM0041,1,1250.00,495.95,0.00,1250.00
ORD00105265,OI000569837,ITEM0134,1,160.00,105.60,0.00,160.00
ORD00105266,OI000569838,ITEM0013,1,420.00,179.48,0.00,420.00
ORD00105266,OI000569839,ITEM0020,1,810.00,323.82,0.00,810.00
ORD00105266,OI000569840,ITEM0036,2,840.00,338.10,0.00,1680.00
ORD00105266,OI000569841,ITEM0045,2,1530.00,595.53,0.00,3060.00
ORD00105266,OI000569842,,1,680.00,470.19,0.00,680.00
ORD00105266,OI000569843,ITEM0134,1,160.00,105.60,0.00,160.00
ORD00105266,OI000569844,ITEM0148,1,350.00,208.57,0.00,350.00
ORD00105267,OI000569845,ITEM0006,1,770.00,296.28,0.00,770.00
ORD00105267,OI000569846,ITEM0032,3,780.00,356.48,0.00,2340.00
ORD00105267,OI000569847,ITEM0057,1,670.00,446.99,0.00,670.00
ORD00105267,OI000569848,ITEM0068,1,680.00,470.19,0.00,680.00
ORD00105267,OI000569849,ITEM0095,1,1140.00,485.13,0.00,1140.00
ORD00105267,OI000569850,ITEM0135,1,105.00,69.46,0.00,105.00
ORD00105268,OI000569851,ITEM0009,3,470.00,178.25,0.00,1410.00
ORD00105268,OI000569852,ITEM0035,1,960.00,403.00,0.00,960.00
ORD00105268,OI000569853,ITEM0074,1,1200.00,536.56,0.00,1200.00
ORD00105268,OI000569854,ITEM0138,2,270.00,108.52,0.00,540.00
ORD00105269,OI000569855,ITEM0124,1,190.00,131.48,0.00,190.00
ORD00105269,OI000569856,ITEM0130,1,240.00,88.41,0.00,240.00
ORD00105269,OI000569857,ITEM0137,3,330.00,112.52,0.00,990.00
ORD00105269,OI000569858,ITEM0145,1,350.00,144.29,0.00,350.00
ORD00105270,OI000569859,ITEM0033,1,900.00,299.82,0.00,900.00
ORD00105270,OI000569860,ITEM0068,1,680.00,470.19,0.00,680.00
ORD00105270,OI000569861,ITEM0139,1,400.00,66.93,0.00,400.00
ORD00105270,OI000569862,ITEM0152,5,95.00,38.94,0.00,475.00
ORD00105271,OI000569863,ITEM0006,1,830.00,296.28,0.00,830.00
ORD00105271,OI000569864,ITEM0011,2,990.00,332.30,0.00,1980.00
ORD00105272,OI000569865,ITEM0151,6,60.00,43.08,0.00,360.00
ORD00105273,OI000569866,ITEM0019,1,360.00,154.84,0.00,360.00
ORD00105273,OI000569867,ITEM0044,-1,1440.00,498.16,0.00,1440.00
ORD00105273,OI000569868,ITEM0064,1,530.00,186.68,0.00,530.00
ORD00105273,OI000569869,ITEM0068,1,680.00,470.19,0.00,680.00
ORD00105273,OI000569870,ITEM0076,1,720.00,281.82,0.00,720.00
ORD00105273,OI000569871,ITEM0130,1,240.00,88.41,28.07,211.93
ORD00105273,OI000569872,ITEM0131,3,360.00,156.93,126.32,953.68
ORD00105273,OI000569873,ITEM0132,1,390.00,159.49,45.61,344.39
ORD00105273,OI000569874,ITEM0135,2,105.00,69.46,0.00,210.00
ORD00105273,OI000569875,ITEM0139,2,400.00,66.93,0.00,800.00
ORD00105274,OI000569876,ITEM0045,1,1530.00,595.53,0.00,1530.00
ORD00105274,OI000569877,ITEM0053,1,1300.00,578.78,0.00,1300.00
ORD00105274,OI000569878,ITEM0068,3,680.00,470.19,0.00,2040.00
ORD00105274,OI000569879,ITEM0081,1,1510.00,1047.44,0.00,1510.00
ORD00105274,OI000569880,ITEM0130,1,240.00,88.41,0.00,240.00
ORD00105274,OI000569881,ITEM0133,1,180.00,78.35,0.00,180.00
ORD00105274,OI000569882,ITEM0134,1,160.00,105.60,0.00,160.00
ORD00105274,OI000569883,ITEM0151,1,60.00,43.08,0.00,60.00
ORD00105275,OI000569884,ITEM0001,1,260.00,93.07,0.00,260.00
ORD00105275,OI000569885,ITEM0003,1,380.00,139.35,0.00,380.00
ORD00105275,OI000569886,ITEM0057,3,670.00,446.99,0.00,2010.00
ORD00105275,OI000569887,ITEM0058,2,1210.00,378.58,0.00,2420.00
ORD00105275,OI000569888,ITEM0091,1,1850.00,702.28,0.00,1850.00
ORD00105275,OI000569889,ITEM0136,1,490.00,167.58,0.00,490.00
ORD00105275,OI000569890,ITEM0160,2,105.00,46.24,0.00,210.00
ORD00105276,OI000569891,ITEM0003,1,380.00,139.35,64.96,315.04
ORD00105276,OI000569892,ITEM0004,1,600.00,214.30,102.56,497.44
ORD00105276,OI000569893,ITEM0056,1,1440.00,468.22,0.00,1440.00
ORD00105276,OI000569894,ITEM0064,1,530.00,186.68,0.00,530.00
ORD00105276,OI000569895,ITEM0114,1,280.00,84.81,0.00,280.00
ORD00105276,OI000569896,ITEM0124,1,190.00,131.48,32.48,157.52
ORD00105276,OI000569897,ITEM0138,1,270.00,108.52,0.00,270.00
ORD00105277,OI000569898,ITEM0004,1,600.00,214.30,0.00,600.00
ORD00105277,OI000569899,ITEM0005,1,420.00,149.00,0.00,420.00
ORD00105277,OI000569900,ITEM0020,1,810.00,323.82,0.00,810.00
ORD00105277,OI000569901,ITEM0066,1,950.00,343.77,0.00,950.00
ORD00105277,OI000569902,ITEM0068,2,680.00,470.19,0.00,1360.00
ORD00105277,OI000569903,ITEM0075,3,630.00,269.61,0.00,1890.00
ORD00105277,OI000569904,ITEM0124,3,190.00,131.48,0.00,570.00
ORD00105277,OI000569905,ITEM0151,1,60.00,43.08,0.00,60.00
ORD00105277,OI000569906,ITEM0154,1,370.00,126.03,0.00,370.00
ORD00105277,OI000569907,ITEM0155,10,210.00,93.65,0.00,2100.00
ORD00105278,OI000569908,ITEM0004,1,600.00,214.30,0.00,600.00
ORD00105278,OI000569909,ITEM0048,1,1460.00,572.91,0.00,1460.00
ORD00105278,OI000569910,ITEM0082,1,1920.00,687.45,0.00,1920.00
ORD00105278,OI000569911,ITEM0126,1,155.00,69.21,0.00,155.00
ORD00105278,OI000569912,ITEM0148,1,350.00,208.57,0.00,350.00
ORD00105279,OI000569913,ITEM0004,1,600.00,214.30,0.00,600.00
ORD00105279,OI000569914,ITEM0026,1,540.00,239.70,0.00,540.00
ORD00105279,OI000569915,ITEM0031,1,1100.00,364.08,0.00,1100.00
ORD00105279,OI000569916,ITEM0134,1,160.00,105.60,0.00,160.00
ORD00105279,OI000569917,ITEM0150,1,125.00,48.98,0.00,125.00
ORD00105280,OI000569918,ITEM0014,1,470.00,180.01,0.00,470.00
ORD00105280,OI000569919,ITEM0035,1,960.00,403.00,0.00,960.00
ORD00105280,OI000569920,ITEM0056,1,1440.00,468.22,0.00,1440.00
ORD00105280,OI000569921,ITEM0091,2,1850.00,702.28,0.00,3700.00
ORD00105280,OI000569922,ITEM0148,2,320.00,208.57,0.00,640.00
ORD00105280,OI000569923,ITEM0151,2,60.00,43.08,0.00,120.00
ORD00105281,OI000569924,ITEM0045,1,1530.00,595.53,0.00,1530.00
ORD00105281,OI000569925,ITEM0109,1,1500.00,513.48,0.00,1500.00
ORD00105281,OI000569926,ITEM0148,2,350.00,208.57,0.00,700.00
ORD00105282,OI000569927,ITEM0014,2,470.00,180.01,0.00,940.00
ORD00105282,OI000569928,ITEM0056,1,1440.00,468.22,0.00,1440.00
ORD00105282,OI000569929,ITEM0101,1,1230.00,414.61,0.00,1230.00
ORD00105282,OI000569930,ITEM0151,2,65.00,43.08,0.00,130.00
ORD00105283,OI000569931,ITEM0046,3,2740.00,1088.75,0.00,8220.00
ORD00105283,OI000569932,ITEM0068,1,680.00,470.19,0.00,680.00
ORD00105283,OI000569933,ITEM0148,6,320.00,208.57,0.00,1920.00
ORD00105283,OI000569934,ITEM0151,2,60.00,43.08,0.00,120.00
ORD00105284,OI000569935,ITEM0045,2,1530.00,595.53,0.00,3060.00
ORD00105284,OI000569936,ITEM0091,2,1850.00,702.28,0.00,3700.00
ORD00105284,OI000569937,ITEM0110,1,1330.00,558.62,0.00,1330.00
ORD00105284,OI000569938,ITEM0134,1,160.00,105.60,0.00,160.00
ORD00105285,OI000569939,ITEM0003,1,380.00,139.35,0.00,380.00
ORD00105285,OI000569940,ITEM0020,2,810.00,323.82,0.00,1620.00
ORD00105285,OI000569941,ITEM0027,1,440.00,144.90,0.00,440.00
ORD00105285,OI000569942,ITEM0057,1,670.00,446.99,0.00,670.00
ORD00105285,OI000569943,ITEM0076,1,720.00,281.82,0.00,720.00
ORD00105285,OI000569944,ITEM0127,1,500.00,76.86,0.00,500.00
ORD00105285,OI000569945,ITEM0133,1,180.00,78.35,0.00,180.00
ORD00105285,OI000569946,ITEM0136,2,490.00,167.58,0.00,980.00
ORD00105285,OI000569947,ITEM0151,1,60.00,43.08,0.00,60.00
ORD00105285,OI000569948,ITEM0153,2,40.00,16.47,0.00,80.00
ORD00105286,OI000569949,ITEM0005,1,420.00,149.00,0.00,420.00
ORD00105286,OI000569950,ITEM0045,2,1530.00,595.53,0.00,3060.00
ORD00105286,OI000569951,ITEM0135,2,105.00,69.46,0.00,210.00
ORD00105286,OI000569952,ITEM0137,3,330.00,112.52,0.00,990.00
ORD00105286,OI000569953,ITEM0146,2,580.00,200.95,0.00,1160.00
ORD00105286,OI000569954,ITEM0154,4,370.00,126.03,0.00,1480.00
ORD00105287,OI000569955,ITEM0004,2,600.00,214.30,200.00,1000.00
ORD00105287,OI000569956,ITEM0051,2,680.00,266.66,0.00,1360.00
ORD00105287,OI000569957,ITEM0061,3,980.00,363.74,0.00,2940.00
ORD00105287,OI000569958,ITEM0134,1,160.00,105.60,0.00,160.00
ORD00105287,OI000569959,ITEM0152,3,95.00,38.94,0.00,285.00
ORD00105288,OI000569960,ITEM0068,1,680.00,470.19,0.00,680.00
ORD00105289,OI000569961,ITEM0057,1,670.00,446.99,0.00,670.00
ORD00105289,OI000569962,ITEM0082,4,1920.00,687.45,0.00,7680.00
ORD00105289,OI000569963,ITEM0090,1,1840.00,663.73,0.00,1840.00
ORD00105289,OI000569964,ITEM0112,1,310.00,140.73,0.00,310.00
ORD00105290,OI000569965,ITEM0011,1,920.00,332.30,101.10,818.90
ORD00105290,OI000569966,ITEM0012,1,900.00,402.60,98.90,801.10
ORD00105290,OI000569967,ITEM0062,1,670.00,350.53,0.00,670.00
ORD00105290,OI000569968,ITEM0075,2,630.00,269.61,0.00,1260.00
ORD00105290,OI000569969,ITEM0077,1,660.00,295.15,0.00,660.00
ORD00105290,OI000569970,ITEM0091,2,1850.00,702.28,0.00,3700.00
ORD00105291,OI000569971,ITEM0006,1,830.00,296.28,0.00,830.00
ORD00105291,OI000569972,ITEM0048,1,1460.00,572.91,0.00,1460.00
ORD00105291,OI000569973,ITEM0151,2,65.00,43.08,0.00,130.00
ORD00105292,OI000569974,ITEM0028,1,410.00,160.88,0.00,410.00
ORD00105292,OI000569975,ITEM0040,1,730.00,258.94,0.00,730.00
ORD00105292,OI000569976,ITEM0045,1,1530.00,595.53,0.00,1530.00
ORD00105292,OI000569977,ITEM0075,1,630.00,269.61,0.00,630.00
ORD00105292,OI000569978,ITEM0126,2,155.00,69.21,0.00,310.00
ORD00105293,OI000569979,ITEM0048,1,1460.00,572.91,0.00,1460.00
ORD00105293,OI000569980,ITEM0051,3,730.00,266.66,0.00,2190.00
ORD00105293,OI000569981,ITEM0076,3,780.00,281.82,0.00,2340.00
ORD00105294,OI000569982,ITEM0004,1,600.00,214.30,0.00,600.00
ORD00105294,OI000569983,ITEM0081,3,1510.00,1047.44,0.00,4530.00
ORD00105294,OI000569984,ITEM0131,1,360.00,156.93,0.00,360.00
ORD00105294,OI000569985,ITEM0134,2,160.00,105.60,0.00,320.00
ORD00105295,OI000569986,ITEM0004,1,600.00,214.30,200.00,400.00
ORD00105295,OI000569987,ITEM0036,1,840.00,338.10,0.00,840.00
ORD00105295,OI000569988,ITEM0046,1,2740.00,1088.75,0.00,2740.00
ORD00105295,OI000569989,ITEM0081,1,1510.00,1047.44,0.00,1510.00
ORD00105296,OI000569990,ITEM0038,3,1140.00,497.08,0.00,3420.00
ORD00105296,OI000569991,ITEM0058,4,1210.00,378.58,0.00,4840.00
ORD00105296,OI000569992,ITEM0081,2,1510.00,1047.44,0.00,3020.00
ORD00105296,OI000569993,ITEM0098,1,1220.00,521.65,0.00,1220.00
ORD00105296,OI000569994,ITEM0103,3,3020.00,1247.87,0.00,9060.00
ORD00105297,OI000569995,ITEM0032,1,780.00,356.48,0.00,780.00
ORD00105297,OI000569996,ITEM0134,1,160.00,105.60,0.00,160.00
ORD00105297,OI000569997,ITEM0135,1,105.00,69.46,0.00,105.00
ORD00105297,OI000569998,ITEM0151,2,60.00,43.08,0.00,120.00
ORD00105298,OI000569999,ITEM0110,1,1330.00,558.62,0.00,1330.00
ORD00105298,OI000570000,ITEM0134,3,160.00,105.60,0.00,480.00
ORD00105298,OI000570001,ITEM0136,3,530.00,167.58,0.00,1590.00
ORD00105298,OI000570002,ITEM0154,1,370.00,126.03,0.00,370.00
ORD00105299,OI000570003,ITEM0134,1,160.00,105.60,0.00,160.00
ORD00105299,OI000570004,ITEM0146,1,580.00,200.95,0.00,580.00
ORD00105300,OI000570005,ITEM0003,1,380.00,139.35,0.00,380.00
ORD00105300,OI000570006,ITEM0013,1,420.00,179.48,0.00,420.00
ORD00105300,OI000570007,ITEM0053,1,1300.00,578.78,0.00,1300.00
ORD00105300,OI000570008,ITEM0055,1,680.00,227.76,0.00,680.00
ORD00105300,OI000570009,ITEM0081,1,1510.00,1047.44,0.00,1510.00
ORD00105300,OI000570010,ITEM0137,2,330.00,112.52,0.00,660.00
ORD00105301,OI000570011,ITEM0119,2,470.00,169.51,0.00,940.00
ORD00105301,OI000570012,ITEM0131,1,360.00,156.93,0.00,360.00
ORD00105301,OI000570013,ITEM0133,3,180.00,78.35,0.00,540.00
ORD00105302,OI000570015,,2,260.00,93.07,0.00,520.00
ORD00105302,OI000570016,ITEM0098,1,1220.00,521.65,0.00,1220.00
ORD00105302,OI000570017,ITEM0137,2,330.00,112.52,0.00,660.00
ORD00105302,OI000570018,ITEM0138,1,270.00,108.52,0.00,270.00
ORD00105302,OI000570019,ITEM0151,2,65.00,43.08,0.00,130.00
ORD00105303,OI000570020,ITEM0013,3,420.00,179.48,200.00,1060.00
ORD00105303,OI000570021,ITEM0030,1,265.00,110.76,0.00,265.00
ORD00105303,OI000570022,ITEM0045,1,1530.00,595.53,0.00,1530.00
ORD00105303,OI000570023,ITEM0135,4,105.00,69.46,0.00,420.00
ORD00105303,OI000570024,ITEM0151,2,60.00,43.08,0.00,120.00
ORD00105304,OI000570025,ITEM0004,1,600.00,214.30,0.00,600.00
ORD00105304,OI000570026,ITEM0016,1,540.00,210.83,0.00,540.00
ORD00105304,OI000570027,ITEM0023,3,470.00,200.14,0.00,1410.00
ORD00105304,OI000570028,ITEM0024,3,790.00,275.47,0.00,2370.00
ORD00105304,OI000570029,ITEM0035,1,960.00,403.00,0.00,960.00
ORD00105304,OI000570030,ITEM0036,1,840.00,338.10,0.00,840.00
ORD00105304,OI000570031,ITEM0044,2,1440.00,498.16,0.00,2880.00
ORD00105304,OI000570032,ITEM0114,1,280.00,84.81,0.00,280.00
ORD00105304,OI000570033,ITEM0151,3,60.00,43.08,0.00,180.00
ORD00105306,OI000570041,ITEM0023,1,470.00,200.14,0.00,470.00
ORD00105306,OI000570041,ITEM0023,1,470.00,200.14,0.00,470.00
ORD00105306,OI000570042,ITEM0033,1,900.00,299.82,0.00,900.00
ORD00105306,OI000570043,ITEM0093,1,1090.00,392.41,0.00,1090.00
ORD00105306,OI000570044,ITEM0136,3,530.00,167.58,0.00,1590.00
ORD00105306,OI000570045,ITEM0138,1,270.00,108.52,0.00,270.00
ORD00105306,OI000570046,ITEM0148,1,350.00,208.57,0.00,350.00
ORD00105306,OI000570047,ITEM0151,4,65.00,43.08,0.00,260.00
ORD00105307,OI000570048,ITEM0003,1,380.00,139.35,0.00,380.00
ORD00105307,OI000570049,ITEM0018,3,590.00,236.34,0.00,1770.00
ORD00105307,OI000570050,ITEM0025,1,820.00,334.06,0.00,820.00
ORD00105307,OI000570051,ITEM0057,1,670.00,446.99,0.00,670.00
ORD00105307,OI000570052,ITEM0126,3,155.00,69.21,0.00,465.00
ORD00105307,OI000570053,ITEM0134,2,160.00,105.60,0.00,320.00
ORD00105307,OI000570054,ITEM0151,1,60.00,43.08,0.00,60.00
ORD00105308,OI000570055,ITEM0003,1,380.00,139.35,0.00,380.00
ORD00105308,OI000570056,ITEM0131,1,360.00,156.93,0.00,360.00
ORD00105308,OI000570057,ITEM0134,2,160.00,105.60,0.00,320.00
ORD00105308,OI000570058,ITEM0135,1,105.00,69.46,0.00,105.00
ORD00105309,OI000570059,ITEM0039,1,980.00,450.35,0.00,980.00
ORD00105309,OI000570060,ITEM0048,1,1460.00,572.91,0.00,1460.00
ORD00105309,OI000570060,ITEM0048,1,1460.00,572.91,0.00,1460.00
ORD00105309,OI000570061,ITEM0051,3,680.00,266.66,0.00,2040.00
ORD00105309,OI000570062,ITEM0124,3,190.00,131.48,200.00,370.00
ORD00105309,OI000570063,ITEM0134,1,160.00,105.60,0.00,160.00
ORD00105310,OI000570064,ITEM0007,1,1570.00,711.90,179.43,1390.57
ORD00105310,OI000570065,ITEM0014,2,470.00,180.01,0.00,940.00
ORD00105310,OI000570066,ITEM0043,1,5110.00,2066.57,0.00,5110.00
ORD00105310,OI000570067,ITEM0082,1,1920.00,687.45,0.00,1920.00
ORD00105310,OI000570068,ITEM0109,2,1500.00,513.48,0.00,3000.00
ORD00105310,OI000570069,ITEM0133,1,180.00,78.35,20.57,159.43
ORD00105310,OI000570070,ITEM0151,1,60.00,43.08,0.00,60.00
ORD00105311,OI000570071,ITEM0012,3,900.00,402.60,0.00,2700.00
ORD00105311,OI000570072,ITEM0077,1,660.00,295.15,0.00,660.00
ORD00105311,OI000570073,ITEM0081,1,1510.00,1047.44,0.00,1510.00
ORD00105311,OI000570074,ITEM0134,1,160.00,105.60,0.00,160.00
ORD00105311,OI000570075,ITEM0151,1,60.00,43.08,0.00,60.00
ORD00105312,OI000570076,ITEM0058,2,1210.00,378.58,0.00,2420.00
ORD00105312,OI000570077,ITEM0059,1,730.00,317.89,0.00,730.00
ORD00105312,OI000570078,ITEM0100,1,1260.00,549.26,0.00,1260.00
ORD00105312,OI000570079,ITEM0134,3,160.00,105.60,0.00,480.00
ORD00105312,OI000570080,ITEM0140,1,450.00,65.77,0.00,450.00
ORD00105312,OI000570081,ITEM0151,1,60.00,43.08,0.00,60.00
ORD00105313,OI000570082,ITEM0045,1,1530.00,595.53,0.00,1530.00
ORD00105313,OI000570083,ITEM0057,1,670.00,446.99,0.00,670.00
ORD00105313,OI000570084,ITEM0121,1,360.00,121.95,0.00,360.00
ORD00105313,OI000570085,ITEM0135,3,105.00,69.46,0.00,315.00
ORD00105313,OI000570086,ITEM0136,2,490.00,167.58,0.00,980.00
ORD00105313,OI000570087,ITEM0143,4,460.00,180.93,0.00,1840.00
ORD00105313,OI000570088,ITEM0151,3,60.00,43.08,0.00,180.00
ORD00105314,OI000570089,ITEM0002,3,210.00,72.86,55.51,574.49
ORD00105314,OI000570090,ITEM0011,1,920.00,332.30,81.06,838.94
ORD00105314,OI000570091,ITEM0052,2,800.00,314.45,0.00,1600.00
ORD00105314,OI000570092,ITEM0058,1,1210.00,378.58,0.00,1210.00
ORD00105314,OI000570093,ITEM0133,4,180.00,78.35,63.44,656.56
ORD00105314,OI000570094,ITEM0149,1,370.00,165.96,0.00,370.00
ORD00105314,OI000570095,ITEM0157,3,770.00,314.38,0.00,2310.00
ORD00105315,OI000570096,ITEM0004,2,600.00,214.30,200.00,1000.00
ORD00105315,OI000570097,ITEM0033,1,900.00,299.82,0.00,900.00
ORD00105315,OI000570098,ITEM0074,1,1200.00,536.56,0.00,1200.00
ORD00105315,OI000570099,ITEM0085,1,1630.00,650.03,0.00,1630.00
ORD00105315,OI000570100,ITEM0141,3,510.00,166.18,0.00,1530.00
ORD00105315,OI000570101,ITEM0153,2,40.00,16.47,0.00,80.00
ORD00105316,OI000570102,ITEM0012,1,900.00,402.60,200.00,700.00
ORD00105316,OI000570103,ITEM0045,1,1530.00,595.53,0.00,1530.00
ORD00105316,OI000570104,ITEM0137,2,330.00,112.52,0.00,660.00
ORD00105316,OI000570105,ITEM0142,2,780.00,244.33,0.00,1560.00
ORD00105317,OI000570106,ITEM0002,3,210.00,72.86,0.00,630.00
ORD00105317,OI000570107,ITEM0004,5,600.00,214.30,0.00,3000.00
ORD00105317,OI000570108,ITEM0009,1,470.00,178.25,0.00,470.00
ORD00105317,OI000570109,ITEM0037,1,2310.00,972.25,0.00,2310.00
ORD00105317,OI000570110,ITEM0067,2,320.00,108.16,0.00,640.00
ORD00105317,OI000570111,ITEM0130,1,240.00,88.41,0.00,240.00
ORD00105317,OI000570112,ITEM0138,4,270.00,108.52,0.00,1080.00
ORD00105318,OI000570113,ITEM0004,1,600.00,214.30,0.00,600.00
ORD00105318,OI000570114,ITEM0029,3,950.00,312.12,0.00,2850.00
ORD00105318,OI000570114,ITEM0029,3,950.00,312.12,0.00,2850.00
ORD00105318,OI000570115,ITEM0134,4,160.00,105.60,0.00,640.00
ORD00105318,OI000570115,ITEM0134,4,160.00,105.60,0.00,640.00
ORD00105318,OI000570116,ITEM0138,1,270.00,108.52,0.00,270.00
ORD00105318,OI000570117,ITEM0148,3,320.00,208.57,0.00,960.00
ORD00105318,OI000570117,ITEM0148,3,320.00,208.57,0.00,960.00
ORD00105318,OI000570118,ITEM0150,1,125.00,48.98,0.00,125.00
ORD00105319,OI000570119,ITEM0089,2,2240.00,892.05,0.00,4480.00
ORD00105319,OI000570120,ITEM0106,3,3990.00,1784.77,0.00,11970.00
ORD00105319,OI000570121,ITEM0130,2,240.00,88.41,0.00,480.00
ORD00105319,OI000570122,ITEM0134,6,160.00,105.60,0.00,960.00
ORD00105319,OI000570123,ITEM0135,2,105.00,69.46,0.00,210.00
ORD00105319,OI000570124,ITEM0143,5,460.00,180.93,0.00,2300.00
ORD00105319,OI000570125,ITEM0145,1,350.00,144.29,0.00,350.00
ORD00105319,OI000570126,ITEM0151,-3,65.00,43.08,0.00,195.00
ORD00105320,OI000570127,ITEM0009,1,470.00,178.25,0.00,470.00
ORD00105320,OI000570128,ITEM0032,1,780.00,356.48,0.00,780.00
ORD00105320,OI000570129,ITEM0046,1,2740.00,1088.75,0.00,2740.00
ORD00105320,OI000570130,ITEM0067,1,320.00,108.16,0.00,320.00
ORD00105320,OI000570131,ITEM0113,2,480.00,193.08,0.00,960.00
ORD00105320,OI000570132,ITEM0134,1,160.00,105.60,0.00,160.00
ORD00105320,OI000570133,ITEM0143,1,460.00,180.93,0.00,460.00
ORD00105321,OI000570134,ITEM0045,3,1530.00,595.53,0.00,4590.00
ORD00105321,OI000570135,ITEM0082,2,1920.00,687.45,0.00,3840.00
ORD00105321,OI000570136,ITEM0102,2,1450.00,625.27,0.00,2900.00
ORD00105321,OI000570137,ITEM0148,4,350.00,208.57,0.00,1400.00
ORD00105321,OI000570138,ITEM0157,2,770.00,314.38,0.00,1540.00
ORD00105322,OI000570139,ITEM0005,-1,420.00,149.00,146.09,273.91
ORD00105322,OI000570140,ITEM0041,2,1250.00,495.95,0.00,2500.00
ORD00105322,OI000570141,ITEM0051,1,680.00,266.66,0.00,680.00
ORD00105322,OI000570142,ITEM0075,4,630.00,269.61,0.00,2520.00
ORD00105322,OI000570143,ITEM0082,2,1920.00,687.45,0.00,3840.00
ORD00105322,OI000570144,ITEM0126,1,155.00,69.21,53.91,101.09
ORD00105322,OI000570145,ITEM0152,3,95.00,38.94,0.00,285.00
ORD00105322,OI000570146,ITEM0155,2,210.00,93.65,0.00,420.00
ORD00105323,OI000570147,ITEM0005,2,420.00,149.00,0.00,840.00
ORD00105323,OI000570148,ITEM0068,4,680.00,470.19,0.00,2720.00
ORD00105323,OI000570149,ITEM0134,3,160.00,105.60,0.00,480.00
ORD00105323,OI000570150,ITEM0138,2,270.00,108.52,0.00,540.00
ORD00105323,OI000570151,ITEM0148,3,320.00,208.57,0.00,960.00
ORD00105324,OI000570152,ITEM0091,1,1850.00,702.28,0.00,1850.00
ORD00105324,OI000570153,ITEM0115,1,610.00,186.26,0.00,610.00
ORD00105324,OI000570154,ITEM0117,1,910.00,139.74,0.00,910.00
ORD00105324,OI000570155,ITEM0138,2,270.00,108.52,0.00,540.00
ORD00105324,OI000570156,ITEM0151,1,60.00,43.08,0.00,60.00
ORD00105325,OI000570157,ITEM0004,2,600.00,214.30,0.00,1200.00
ORD00105325,OI000570158,ITEM0046,2,2740.00,1088.75,0.00,5480.00
ORD00105325,OI000570159,ITEM0061,1,980.00,363.74,0.00,980.00
ORD00105325,OI000570160,ITEM0074,1,1200.00,536.56,0.00,1200.00
ORD00105325,OI000570161,ITEM0146,2,580.00,200.95,0.00,1160.00
ORD00105326,OI000570162,ITEM0004,1,600.00,214.30,0.00,600.00
ORD00105326,OI000570163,ITEM0041,2,1250.00,495.95,0.00,2500.00
ORD00105326,OI000570164,ITEM0068,2,680.00,470.19,0.00,1360.00
ORD00105326,OI000570165,ITEM0143,2,460.00,180.93,0.00,920.00
ORD00105327,OI000570166,ITEM0034,1,1220.00,445.69,0.00,1220.00
ORD00105327,OI000570167,ITEM0134,2,160.00,105.60,0.00,320.00
ORD00105327,OI000570168,ITEM0143,1,460.00,180.93,0.00,460.00
ORD00105327,OI000570169,ITEM0151,1,60.00,43.08,0.00,60.00
ORD00105327,OI000570170,ITEM0152,2,95.00,38.94,0.00,190.00
ORD00105328,OI000570171,ITEM0032,2,780.00,356.48,0.00,1560.00
ORD00105328,OI000570172,ITEM0092,1,1410.00,465.66,0.00,1410.00
ORD00105328,OI000570173,ITEM0124,3,190.00,131.48,0.00,570.00
ORD00105328,OI000570174,ITEM0134,3,160.00,105.60,0.00,480.00
ORD00105328,OI000570175,ITEM0160,1,105.00,46.24,0.00,105.00
ORD00105329,OI000570176,ITEM0033,1,900.00,299.82,0.00,900.00
ORD00105329,OI000570177,ITEM0043,1,5110.00,2066.57,0.00,5110.00
ORD00105329,OI000570178,ITEM0068,2,680.00,470.19,0.00,1360.00
ORD00105329,OI000570179,ITEM0089,1,2240.00,892.05,0.00,2240.00
ORD00105329,OI000570180,ITEM0090,2,1840.00,663.73,0.00,3680.00
ORD00105329,OI000570181,ITEM0103,2,3020.00,1247.87,0.00,6040.00
ORD00105329,OI000570182,ITEM0131,1,360.00,156.93,0.00,360.00
ORD00105329,OI000570183,ITEM0151,4,65.00,43.08,0.00,260.00
ORD00105330,OI000570184,ITEM0057,2,670.00,446.99,0.00,1340.00
ORD00105330,OI000570185,ITEM0146,3,580.00,200.95,0.00,1740.00
ORD00105331,OI000570186,ITEM0004,1,600.00,214.30,0.00,600.00
ORD00105331,OI000570187,ITEM0032,1,780.00,356.48,0.00,780.00
ORD00105331,OI000570188,ITEM0046,3,2740.00,1088.75,0.00,8220.00
ORD00105331,OI000570189,ITEM0050,1,1720.00,751.10,0.00,1720.00
ORD00105331,OI000570190,ITEM0132,3,390.00,159.49,0.00,1170.00
ORD00105331,OI000570191,ITEM0138,1,270.00,108.52,0.00,270.00
ORD00105331,OI000570192,ITEM0140,2,450.00,65.77,0.00,900.00
ORD00105331,OI000570193,ITEM0152,2,95.00,38.94,0.00,190.00
ORD00105332,OI000570194,ITEM0013,2,420.00,179.48,0.00,840.00
ORD00105332,OI000570195,ITEM0034,1,1220.00,445.69,0.00,1220.00
ORD00105332,OI000570196,ITEM0036,1,840.00,338.10,0.00,840.00
ORD00105332,OI000570197,ITEM0041,2,1250.00,495.95,0.00,2500.00
ORD00105332,OI000570198,ITEM0054,1,1320.00,409.33,0.00,1320.00
ORD00105332,OI000570199,ITEM0145,1,350.00,144.29,0.00,350.00
ORD00105333,OI000570200,ITEM0045,1,1530.00,595.53,0.00,1530.00
ORD00105333,OI000570201,ITEM0057,4,670.00,446.99,0.00,2680.00
ORD00105333,OI000570202,ITEM0086,2,1380.00,560.08,0.00,2760.00
ORD00105333,OI000570203,ITEM0094,2,1500.00,682.35,0.00,3000.00
ORD00105333,OI000570204,ITEM0121,2,360.00,121.95,0.00,720.00
ORD00105333,OI000570205,ITEM0135,2,105.00,69.46,0.00,210.00
ORD00105333,OI000570206,ITEM0137,2,330.00,112.52,0.00,660.00
ORD00105333,OI000570207,ITEM0138,2,270.00,108.52,0.00,540.00
ORD00105333,OI000570208,ITEM0148,3,320.00,208.57,0.00,960.00
ORD00105334,OI000570209,ITEM0003,2,380.00,139.35,0.00,760.00
ORD00105334,OI000570210,ITEM0033,2,900.00,299.82,0.00,1800.00
ORD00105334,OI000570211,ITEM0135,1,105.00,69.46,0.00,105.00
ORD00105334,OI000570212,ITEM0151,3,60.00,43.08,0.00,180.00
ORD00105334,OI000570213,ITEM0156,2,125.00,46.27,0.00,250.00
ORD00105335,OI000570214,ITEM0053,1,1300.00,578.78,0.00,1300.00
ORD00105335,OI000570215,ITEM0056,2,-1440.00,468.22,0.00,2880.00
ORD00105335,OI000570216,ITEM0060,1,790.00,323.39,0.00,790.00
ORD00105335,OI000570217,ITEM0075,3,630.00,269.61,0.00,1890.00
ORD00105336,OI000570218,ITEM0009,1,470.00,178.25,200.00,270.00
ORD00105336,OI000570219,ITEM0028,1,410.00,160.88,0.00,410.00
ORD00105336,OI000570220,ITEM0068,3,680.00,470.19,0.00,2040.00
ORD00105336,OI000570221,ITEM0081,1,1510.00,1047.44,0.00,1510.00
ORD00105336,OI000570222,ITEM0148,4,350.00,208.57,0.00,1400.00
ORD00105336,OI000570223,ITEM0157,3,770.00,314.38,0.00,2310.00
ORD00105337,OI000570224,ITEM0001,2,260.00,93.07,0.00,520.00
ORD00105337,OI000570225,ITEM0005,1,420.00,149.00,0.00,420.00
ORD00105337,OI000570226,ITEM0044,1,1440.00,498.16,0.00,1440.00
ORD00105337,OI000570227,ITEM0049,1,2540.00,1107.09,0.00,2540.00
ORD00105337,OI000570228,ITEM0088,2,1710.00,651.22,0.00,3420.00
ORD00105337,OI000570229,ITEM0127,1,500.00,76.86,0.00,500.00
ORD00105337,OI000570230,ITEM0156,2,125.00,46.27,0.00,250.00
ORD00105337,OI000570230,ITEM0156,2,125.00,46.27,0.00,250.00
ORD00105337,OI000570231,ITEM0159,3,460.00,192.62,0.00,1380.00
ORD00105338,OI000570232,ITEM0004,1,600.00,214.30,0.00,600.00
ORD00105338,OI000570233,ITEM0050,1,1860.00,751.10,0.00,1860.00
ORD00105338,OI000570234,ITEM0114,2,280.00,84.81,0.00,560.00
ORD00105338,OI000570235,ITEM0138,1,270.00,108.52,0.00,270.00
ORD00105338,OI000570236,ITEM0160,-2,105.00,46.24,0.00,210.00
ORD00105339,OI000570237,ITEM0049,1,2740.00,1107.09,0.00,2740.00
ORD00105339,OI000570238,ITEM0085,1,1630.00,650.03,0.00,1630.00
ORD00105339,OI000570239,ITEM0138,1,270.00,108.52,0.00,270.00
ORD00105339,OI000570240,ITEM0151,3,65.00,43.08,0.00,195.00
ORD00105340,OI000570241,ITEM0011,1,920.00,332.30,0.00,920.00
ORD00105340,OI000570242,ITEM0045,2,1530.00,595.53,0.00,3060.00
ORD00105340,OI000570243,ITEM0057,1,670.00,446.99,0.00,670.00
ORD00105340,OI000570244,ITEM0081,1,1510.00,1047.44,0.00,1510.00
ORD00105340,OI000570245,ITEM0090,1,1840.00,663.73,0.00,1840.00
ORD00105340,OI000570246,ITEM0115,1,610.00,186.26,0.00,610.00
ORD00105340,OI000570247,ITEM0134,1,160.00,105.60,0.00,160.00
ORD00105341,OI000570248,ITEM0027,1,440.00,144.90,0.00,440.00
ORD00105341,OI000570249,ITEM0033,1,900.00,299.82,0.00,900.00
ORD00105341,OI000570250,ITEM0043,1,5110.00,2066.57,0.00,5110.00
ORD00105341,OI000570251,ITEM0055,1,680.00,227.76,0.00,680.00
ORD00105341,OI000570252,ITEM0066,1,950.00,343.77,0.00,950.00
ORD00105341,OI000570253,ITEM0075,-1,630.00,269.61,0.00,630.00
ORD00105341,OI000570254,ITEM0094,1,1500.00,682.35,0.00,1500.00
ORD00105341,OI000570255,ITEM0155,1,210.00,93.65,0.00,210.00
ORD00105341,OI000570256,ITEM0159,4,460.00,192.62,0.00,1840.00
ORD00105342,OI000570257,ITEM0095,1,1140.00,485.13,0.00,1140.00
ORD00105342,OI000570258,ITEM0148,5,350.00,208.57,0.00,1750.00
ORD00105342,OI000570259,ITEM0151,1,65.00,43.08,0.00,65.00
ORD00105343,OI000570260,ITEM0003,1,380.00,139.35,0.00,380.00
ORD00105343,OI000570261,ITEM0045,1,1530.00,595.53,0.00,1530.00
ORD00105343,OI000570262,ITEM0077,3,660.00,295.15,0.00,1980.00
ORD00105343,OI000570263,ITEM0090,1,1840.00,663.73,0.00,1840.00
ORD00105343,OI000570264,ITEM0146,1,580.00,200.95,0.00,580.00
ORD00105344,OI000570265,ITEM0001,1,260.00,93.07,0.00,260.00
ORD00105344,OI000570266,ITEM0027,3,440.00,144.90,0.00,1320.00
ORD00105344,OI000570267,ITEM0064,1,530.00,186.68,0.00,530.00
ORD00105344,OI000570268,ITEM0105,1,2550.00,841.34,0.00,2550.00
ORD00105344,OI000570269,ITEM0112,1,310.00,140.73,0.00,310.00
ORD00105344,OI000570270,ITEM0134,2,160.00,105.60,0.00,320.00
ORD00105345,OI000570271,ITEM0005,2,420.00,149.00,0.00,840.00
ORD00105345,OI000570272,ITEM0011,2,920.00,332.30,0.00,1840.00
ORD00105345,OI000570273,ITEM0066,1,950.00,343.77,0.00,950.00
ORD00105345,OI000570274,ITEM0109,1,1500.00,513.48,0.00,1500.00
ORD00105345,OI000570275,ITEM0130,3,240.00,88.41,0.00,720.00
ORD00105345,OI000570276,ITEM0157,3,770.00,314.38,0.00,2310.00
ORD00105346,OI000570277,ITEM0027,1,440.00,144.90,0.00,440.00
ORD00105346,OI000570278,ITEM0040,2,730.00,258.94,0.00,1460.00
ORD00105346,OI000570279,ITEM0045,2,1530.00,595.53,0.00,3060.00
ORD00105346,OI000570280,ITEM0047,2,1650.00,627.28,0.00,3300.00
ORD00105346,OI000570281,ITEM0057,1,670.00,446.99,0.00,670.00
ORD00105346,OI000570282,ITEM0112,1,310.00,140.73,0.00,310.00
ORD00105346,OI000570283,ITEM0134,2,160.00,105.60,0.00,320.00
ORD00105346,OI000570284,ITEM0151,1,60.00,43.08,0.00,60.00
ORD00105347,OI000570285,ITEM0041,1,1250.00,495.95,0.00,1250.00
ORD00105347,OI000570286,ITEM0044,1,1440.00,498.16,0.00,1440.00
ORD00105347,OI000570287,ITEM0081,1,1510.00,1047.44,0.00,1510.00
ORD00105347,OI000570288,ITEM0098,1,1220.00,521.65,0.00,1220.00
ORD00105347,OI000570289,ITEM0111,1,260.00,91.26,0.00,260.00
ORD00105347,OI000570290,ITEM0130,3,240.00,88.41,0.00,720.00
ORD00105347,OI000570291,ITEM0138,1,270.00,108.52,0.00,270.00
ORD00105348,OI000570292,ITEM0135,5,105.00,69.46,0.00,525.00
ORD00105348,OI000570293,ITEM0141,2,510.00,166.18,0.00,1020.00
ORD00105348,OI000570294,ITEM0148,2,320.00,208.57,0.00,640.00
ORD00105349,OI000570295,ITEM0045,2,1530.00,595.53,0.00,3060.00
ORD00105349,OI000570296,ITEM0109,1,1500.00,513.48,0.00,1500.00
ORD00105349,OI000570297,ITEM0124,2,190.00,131.48,0.00,380.00
ORD00105349,OI000570298,ITEM0130,1,240.00,88.41,0.00,240.00
ORD00105349,OI000570299,ITEM0134,3,160.00,105.60,0.00,480.00
ORD00105349,OI000570300,ITEM0145,1,350.00,144.29,0.00,350.00
ORD00105350,OI000570301,ITEM0027,1,440.00,144.90,0.00,440.00
ORD00105350,OI000570302,ITEM0058,1,1210.00,378.58,0.00,1210.00
ORD00105350,OI000570303,ITEM0062,1,670.00,350.53,0.00,670.00
ORD00105350,OI000570304,ITEM0066,2,950.00,343.77,0.00,1900.00
ORD00105350,OI000570305,ITEM0084,1,1240.00,425.59,0.00,1240.00
ORD00105350,OI000570306,ITEM0114,2,280.00,84.81,0.00,560.00
ORD00105350,OI000570307,ITEM0119,2,470.00,169.51,0.00,940.00
ORD00105350,OI000570308,ITEM0135,1,105.00,69.46,0.00,105.00
ORD00105350,OI000570309,ITEM0148,2,320.00,208.57,0.00,640.00
ORD00105350,OI000570310,ITEM0150,1,125.00,48.98,0.00,125.00
ORD00105351,OI000570311,ITEM0023,1,470.00,200.14,0.00,470.00
ORD00105351,OI000570312,ITEM0049,1,2540.00,1107.09,0.00,2540.00
ORD00105351,OI000570313,ITEM0059,1,730.00,317.89,0.00,730.00
ORD00105351,OI000570314,ITEM0068,1,680.00,470.19,0.00,680.00
ORD00105351,OI000570315,ITEM0134,5,160.00,105.60,0.00,800.00
ORD00105351,OI000570316,ITEM0135,3,105.00,69.46,0.00,315.00
ORD00105351,OI000570317,ITEM0138,2,270.00,108.52,0.00,540.00
ORD00105351,OI000570318,ITEM0153,4,40.00,16.47,0.00,160.00
ORD00105352,OI000570319,ITEM0013,1,420.00,179.48,0.00,420.00
ORD00105352,OI000570320,ITEM0045,1,1530.00,595.53,0.00,1530.00
ORD00105352,OI000570321,ITEM0124,3,190.00,131.48,0.00,570.00
ORD00105353,OI000570322,ITEM0045,2,1530.00,595.53,0.00,3060.00
ORD00105353,OI000570323,ITEM0130,1,240.00,88.41,0.00,240.00
ORD00105353,OI000570324,ITEM0135,3,105.00,69.46,0.00,315.00
ORD00105353,OI000570325,ITEM0148,1,320.00,208.57,0.00,320.00
ORD00105353,OI000570326,ITEM0151,3,60.00,43.08,0.00,180.00
ORD00105354,OI000570327,ITEM0077,2,660.00,295.15,0.00,1320.00
ORD00105354,OI000570328,ITEM0094,2,1500.00,682.35,0.00,3000.00
ORD00105354,OI000570329,ITEM0109,1,1500.00,513.48,0.00,1500.00
ORD00105354,OI000570330,ITEM0112,2,310.00,140.73,0.00,620.00
ORD00105354,OI000570331,ITEM0122,2,690.00,295.82,0.00,1380.00
ORD00105354,OI000570332,ITEM0137,1,0.00,112.52,0.00,330.00
ORD00105354,OI000570333,ITEM0160,2,105.00,46.24,0.00,210.00
ORD00105355,OI000570334,ITEM0003,1,380.00,139.35,31.40,348.60
ORD00105355,OI000570335,ITEM0130,2,240.00,88.41,39.67,440.33
ORD00105355,OI000570336,ITEM0132,4,390.00,159.49,128.93,1431.07
ORD00105355,OI000570337,ITEM0135,3,105.00,69.46,0.00,315.00
ORD00105355,OI000570338,ITEM0138,1,270.00,108.52,0.00,270.00
ORD00105355,OI000570339,ITEM0148,1,320.00,208.57,0.00,320.00
ORD00105355,OI000570340,ITEM0151,2,60.00,43.08,0.00,120.00
ORD00105355,OI000570341,ITEM0157,1,770.00,314.38,0.00,770.00
ORD00105356,OI000570342,ITEM0002,1,210.00,72.86,0.00,210.00
ORD00105356,OI000570343,ITEM0040,1,730.00,258.94,0.00,730.00
ORD00105356,OI000570344,ITEM0123,1,310.00,138.90,0.00,310.00
ORD00105356,OI000570345,ITEM0126,1,0.00,69.21,0.00,155.00
ORD00105356,OI000570346,ITEM0138,2,270.00,108.52,0.00,540.00
ORD00105356,OI000570347,ITEM0141,1,510.00,166.18,0.00,510.00
ORD00105357,OI000570348,ITEM0041,1,1250.00,495.95,0.00,1250.00
ORD00105357,OI000570349,ITEM0046,1,2740.00,1088.75,0.00,2740.00
ORD00105357,OI000570350,ITEM0059,1,730.00,317.89,0.00,730.00
ORD00105357,OI000570351,ITEM0106,1,3990.00,1784.77,0.00,3990.00
ORD00105357,OI000570352,ITEM0112,1,310.00,140.73,0.00,310.00
ORD00105357,OI000570353,ITEM0124,3,190.00,131.48,0.00,570.00
ORD00105357,OI000570354,ITEM0134,1,160.00,105.60,0.00,160.00
ORD00105358,OI000570355,ITEM0050,1,1860.00,751.10,0.00,1860.00
ORD00105358,OI000570356,ITEM0068,2,680.00,470.19,0.00,1360.00
ORD00105358,OI000570357,ITEM0069,2,1130.00,391.06,0.00,2260.00
ORD00105358,OI000570358,ITEM0074,1,1200.00,536.56,0.00,1200.00
ORD00105358,OI000570359,ITEM0084,1,1240.00,425.59,0.00,1240.00
ORD00105358,OI000570360,ITEM0134,2,160.00,105.60,0.00,320.00
ORD00105358,OI000570361,ITEM0136,2,530.00,167.58,0.00,1060.00
ORD00105358,OI000570362,ITEM0148,1,350.00,208.57,0.00,350.00
ORD00105358,OI000570363,ITEM0149,2,370.00,165.96,0.00,740.00
ORD00105359,OI000570365,ITEM0085,1,1630.00,650.03,0.00,1630.00
ORD00105359,OI000570366,ITEM0134,2,160.00,105.60,0.00,320.00
ORD00105359,OI000570367,ITEM0141,1,510.00,166.18,0.00,510.00
ORD00105359,OI000570368,ITEM0145,2,350.00,144.29,0.00,700.00
ORD00105359,OI000570369,ITEM0160,2,105.00,46.24,0.00,210.00
ORD00105360,OI000570370,ITEM0004,1,600.00,214.30,200.00,400.00
ORD00105360,OI000570371,ITEM0047,1,1780.00,627.28,0.00,1780.00
ORD00105360,OI000570372,ITEM0065,2,1300.00,489.16,0.00,2600.00
ORD00105360,OI000570372,ITEM0065,2,1300.00,489.16,0.00,2600.00
ORD00105361,OI000570373,ITEM0002,1,210.00,72.86,0.00,210.00
ORD00105361,OI000570374,ITEM0048,1,1460.00,572.91,0.00,1460.00
ORD00105361,OI000570375,ITEM0049,2,2540.00,1107.09,0.00,5080.00
ORD00105361,OI000570376,ITEM0050,1,1720.00,751.10,0.00,1720.00
ORD00105361,OI000570377,ITEM0148,3,320.00,208.57,0.00,960.00
ORD00105362,OI000570378,ITEM0029,2,1030.00,312.12,0.00,2060.00
ORD00105362,OI000570379,ITEM6230,3,680.00,227.76,0.00,2040.00
ORD00105362,OI000570380,ITEM0057,1,670.00,446.99,0.00,670.00
ORD00105362,OI000570381,ITEM0066,1,950.00,343.77,0.00,950.00
ORD00105362,OI000570382,ITEM0092,1,1410.00,465.66,0.00,1410.00
ORD00105362,OI000570383,ITEM0136,2,530.00,167.58,0.00,1060.00
ORD00105363,OI000570384,ITEM0002,1,210.00,72.86,0.00,210.00
ORD00105363,OI000570385,ITEM0006,1,770.00,296.28,0.00,770.00
ORD00105363,OI000570386,ITEM0034,1,1220.00,445.69,0.00,1220.00
ORD00105363,OI000570387,ITEM0057,2,670.00,446.99,0.00,1340.00
ORD00105363,OI000570388,ITEM0065,2,1300.00,489.16,0.00,2600.00
ORD00105363,OI000570389,ITEM0071,1,680.00,259.12,0.00,680.00
ORD00105363,OI000570390,ITEM0151,1,60.00,43.08,0.00,60.00
ORD00105364,OI000570391,ITEM0047,1,1650.00,627.28,0.00,1650.00
ORD00105364,OI000570392,ITEM0049,1,2540.00,1107.09,0.00,2540.00
ORD00105364,OI000570393,ITEM0134,2,160.00,105.60,0.00,320.00
ORD00105364,OI000570394,ITEM0135,4,105.00,69.46,0.00,420.00
ORD00105364,OI000570395,ITEM0148,2,320.00,208.57,0.00,640.00
ORD00105365,OI000570396,ITEM0004,1,600.00,214.30,0.00,600.00
ORD00105365,OI000570397,ITEM0017,3,680.00,292.31,0.00,2040.00
ORD00105365,OI000570398,ITEM0037,1,2310.00,972.25,0.00,2310.00
ORD00105365,OI000570399,ITEM0066,3,950.00,343.77,0.00,2850.00
ORD00105365,OI000570400,ITEM0068,1,680.00,470.19,0.00,680.00
ORD00105365,OI000570401,ITEM0072,2,790.00,332.55,0.00,1580.00
ORD00105365,OI000570402,ITEM0076,1,720.00,281.82,0.00,720.00
ORD00105365,OI000570403,ITEM0092,1,1410.00,465.66,0.00,1410.00
ORD00105365,OI000570404,ITEM0138,7,270.00,108.52,0.00,1890.00
ORD00105366,OI000570405,ITEM0001,1,260.00,93.07,0.00,260.00
ORD00105366,OI000570406,ITEM0021,4,430.00,179.74,0.00,1720.00
ORD00105366,OI000570407,ITEM0068,1,680.00,470.19,0.00,680.00
ORD00105366,OI000570408,ITEM0105,1,2550.00,841.34,0.00,2550.00
ORD00105366,OI000570409,ITEM0132,2,390.00,159.49,0.00,780.00
ORD00105366,OI000570410,ITEM0134,1,160.00,105.60,0.00,160.00
ORD00105366,OI000570411,ITEM0148,2,320.00,208.57,0.00,640.00
ORD00105366,OI000570412,ITEM0151,5,60.00,43.08,0.00,300.00
ORD00105367,OI000570413,ITEM0014,1,470.00,180.01,0.00,470.00
ORD00105367,OI000570414,ITEM0046,1,2740.00,1088.75,0.00,2740.00
ORD00105367,OI000570415,ITEM0050,1,1720.00,751.10,0.00,1720.00
ORD00105367,OI000570416,ITEM0090,1,1840.00,663.73,0.00,1840.00
ORD00105367,OI000570417,ITEM0134,4,160.00,105.60,0.00,640.00
ORD00105367,OI000570418,ITEM0157,1,770.00,314.38,0.00,770.00
ORD00105368,OI000570419,ITEM0048,2,1460.00,572.91,0.00,2920.00
ORD00105368,OI000570420,ITEM0057,2,670.00,446.99,0.00,1340.00
ORD00105368,OI000570421,ITEM0067,2,320.00,108.16,0.00,640.00
ORD00105368,OI000570422,ITEM0082,1,1920.00,687.45,0.00,1920.00
ORD00105369,OI000570423,ITEM0005,1,450.00,149.00,0.00,450.00
ORD00105369,OI000570424,ITEM0049,1,2740.00,1107.09,0.00,2740.00
ORD00105369,OI000570425,ITEM0126,2,155.00,69.21,0.00,310.00
ORD00105369,OI000570426,ITEM0136,2,530.00,167.58,0.00,1060.00
ORD00105369,OI000570427,ITEM0143,2,460.00,180.93,0.00,920.00
ORD00105369,OI000570428,ITEM0145,3,350.00,144.29,0.00,1050.00
ORD00105370,OI000570429,ITEM0007,1,1570.00,711.90,200.00,1370.00
ORD00105370,OI000570430,ITEM0081,1,1510.00,1047.44,0.00,1510.00
ORD00105370,OI000570431,ITEM0090,1,1840.00,663.73,0.00,1840.00
ORD00105370,OI000570432,ITEM0151,5,65.00,43.08,0.00,325.00
ORD00105371,OI000570433,ITEM0003,2,380.00,139.35,71.03,688.97
ORD00105371,OI000570434,ITEM0004,1,600.00,214.30,56.07,543.93
ORD00105371,OI000570435,ITEM0013,1,420.00,179.48,39.25,380.75
ORD00105371,OI000570436,ITEM0025,1,820.00,334.06,0.00,820.00
ORD00105371,OI000570437,ITEM0048,3,1460.00,572.91,0.00,4380.00
ORD00105371,OI000570438,ITEM0065,1,1300.00,489.16,0.00,1300.00
ORD00105371,OI000570439,ITEM0067,1,320.00,108.16,0.00,320.00
ORD00105371,OI000570440,ITEM0096,1,1760.00,290.57,0.00,1760.00
ORD00105371,OI000570441,ITEM0133,2,180.00,78.35,33.64,326.36
ORD00105371,OI000570442,ITEM0134,2,160.00,105.60,0.00,320.00
ORD00105371,OI000570443,ITEM0136,2,490.00,167.58,0.00,980.00
ORD00105371,OI000570444,ITEM0138,2,270.00,108.52,0.00,540.00
ORD00105371,OI000570445,ITEM0151,2,60.00,43.08,0.00,120.00
ORD00105371,OI000570445,ITEM0151,2,60.00,43.08,0.00,120.00
ORD00105372,OI000570446,ITEM0003,1,380.00,139.35,0.00,380.00
ORD00105372,OI000570447,ITEM0044,2,1440.00,498.16,0.00,2880.00
ORD00105372,OI000570448,ITEM0091,1,1850.00,702.28,0.00,1850.00
ORD00105372,OI000570449,ITEM0092,1,1410.00,465.66,0.00,1410.00
ORD00105372,OI000570450,ITEM0154,2,370.00,126.03,0.00,740.00
ORD00105372,OI000570451,ITEM0157,3,770.00,314.38,0.00,2310.00
ORD00105373,OI000570452,ITEM0011,1,920.00,332.30,0.00,920.00
ORD00105373,OI000570453,ITEM0024,1,790.00,275.47,0.00,790.00
ORD00105373,OI000570454,ITEM0068,1,680.00,470.19,0.00,680.00
ORD00105373,OI000570455,ITEM0091,2,1850.00,702.28,0.00,3700.00
ORD00105373,OI000570456,ITEM0149,2,370.00,165.96,0.00,740.00
ORD00105374,OI000570457,ITEM0010,1,1350.00,552.35,0.00,1350.00
ORD00105374,OI000570458,ITEM0037,1,2310.00,972.25,0.00,2310.00
ORD00105374,OI000570459,ITEM0046,4,2740.00,1088.75,0.00,10960.00
ORD00105374,OI000570460,ITEM0150,1,125.00,48.98,0.00,125.00
ORD00105375,OI000570461,ITEM0030,2,265.00,110.76,0.00,530.00
ORD00105375,OI000570462,ITEM0032,1,780.00,356.48,0.00,780.00
ORD00105375,OI000570463,ITEM0068,2,680.00,470.19,0.00,1360.00
ORD00105375,OI000570464,ITEM0076,2,720.00,281.82,0.00,1440.00
ORD00105375,OI000570465,ITEM0077,1,660.00,295.15,0.00,660.00
ORD00105375,OI000570466,ITEM0081,1,1510.00,1047.44,0.00,1510.00
ORD00105375,OI000570467,ITEM0091,2,1850.00,702.28,0.00,3700.00
ORD00105375,OI000570468,ITEM0124,2,190.00,131.48,0.00,380.00
ORD00105375,OI000570469,ITEM0132,2,390.00,159.49,0.00,780.00
ORD00105375,OI000570470,ITEM0135,1,105.00,69.46,0.00,105.00
ORD00105376,OI000570471,ITEM0009,1,470.00,178.25,0.00,470.00
ORD00105376,OI000570472,ITEM0042,2,5310.00,2490.02,0.00,10620.00
ORD00105376,OI000570473,ITEM0057,1,670.00,446.99,0.00,670.00
ORD00105376,OI000570474,ITEM0068,1,680.00,470.19,0.00,680.00
ORD00105376,OI000570475,ITEM0082,1,1920.00,687.45,0.00,1920.00
ORD00105376,OI000570476,ITEM0098,2,1220.00,521.65,0.00,2440.00
ORD00105376,OI000570477,ITEM0132,1,390.00,159.49,0.00,390.00
ORD00105376,OI000570478,ITEM0136,1,490.00,167.58,0.00,490.00
ORD00105376,OI000570479,ITEM0150,2,125.00,48.98,0.00,250.00
ORD00105376,OI000570480,ITEM0157,3,770.00,314.38,0.00,2310.00
ORD00105377,OI000570481,ITEM0035,3,960.00,403.00,0.00,2880.00
ORD00105377,OI000570482,ITEM0124,2,190.00,131.48,200.00,180.00
ORD00105377,OI000570483,ITEM0147,3,450.00,148.21,0.00,1350.00
ORD00105378,OI000570484,ITEM0013,1,420.00,179.48,0.00,420.00
ORD00105378,OI000570485,ITEM0057,1,670.00,446.99,0.00,670.00
ORD00105378,OI000570486,ITEM0081,1,1510.00,1047.44,0.00,1510.00
ORD00105378,OI000570487,ITEM0092,4,1410.00,465.66,0.00,5640.00
ORD00105378,OI000570488,ITEM0141,1,510.00,166.18,0.00,510.00
ORD00105378,OI000570489,ITEM0145,2,350.00,144.29,0.00,700.00
ORD00105378,OI000570490,ITEM0160,2,105.00,46.24,0.00,210.00
ORD00105379,OI000570491,ITEM0068,1,680.00,470.19,0.00,680.00
ORD00105379,OI000570492,ITEM0121,1,360.00,121.95,0.00,360.00
ORD00105379,OI000570494,ITEM0160,1,105.00,46.24,0.00,105.00
ORD00105380,OI000570495,ITEM0013,1,420.00,179.48,0.00,420.00
ORD00105380,OI000570496,ITEM0065,1,1300.00,489.16,0.00,1300.00
ORD00105380,OI000570497,ITEM0068,2,680.00,470.19,0.00,1360.00
ORD00105380,OI000570498,ITEM0104,2,1420.00,476.78,0.00,2840.00
ORD00105380,OI000570499,ITEM0113,1,480.00,193.08,0.00,480.00
ORD00105380,OI000570500,ITEM0145,2,350.00,144.29,0.00,700.00
ORD00105381,OI000570501,ITEM0012,1,900.00,402.60,200.00,700.00
ORD00105381,OI000570502,ITEM0135,3,105.00,69.46,0.00,315.00
ORD00105381,OI000570503,ITEM0138,3,270.00,108.52,0.00,810.00
ORD00105381,OI000570504,ITEM0150,1,125.00,48.98,0.00,125.00
ORD00105382,OI000570505,ITEM0091,1,1850.00,702.28,0.00,1850.00
ORD00105382,OI000570506,ITEM0150,2,125.00,48.98,0.00,250.00
ORD00105383,OI000570507,ITEM0065,1,1300.00,489.16,0.00,1300.00
ORD00105383,OI000570508,ITEM0068,1,680.00,470.19,0.00,680.00
ORD00105383,OI000570509,ITEM0086,2,1380.00,560.08,0.00,2760.00
ORD00105383,OI000570510,ITEM0134,4,160.00,105.60,0.00,640.00
ORD00105383,OI000570511,ITEM0138,2,270.00,108.52,0.00,540.00
ORD00105383,OI000570512,ITEM0151,6,60.00,43.08,0.00,360.00
ORD00105383,OI000570513,ITEM0155,5,210.00,93.65,0.00,1050.00
ORD00105384,OI000570514,ITEM0004,1,600.00,214.30,0.00,600.00
ORD00105384,OI000570515,ITEM0051,1,730.00,266.66,0.00,730.00
ORD00105384,OI000570516,ITEM0129,1,540.00,183.07,0.00,540.00
ORD00105384,OI000570517,ITEM0138,3,270.00,108.52,0.00,810.00
ORD00105384,OI000570518,ITEM0148,1,350.00,208.57,0.00,350.00
ORD00105385,OI000570519,ITEM0045,1,1530.00,595.53,0.00,1530.00
ORD00105385,OI000570520,ITEM0126,1,155.00,69.21,0.00,155.00
ORD00105385,OI000570521,ITEM0138,3,270.00,108.52,0.00,810.00
ORD00105385,OI000570522,ITEM0148,3,320.00,208.57,0.00,960.00
ORD00105385,OI000570523,ITEM0151,1,60.00,43.08,0.00,60.00
ORD00105385,OI000570523,ITEM0151,1,60.00,43.08,0.00,60.00
ORD00105385,OI000570524,ITEM0158,2,370.00,151.76,0.00,740.00
ORD00105386,OI000570525,ITEM0004,1,600.00,214.30,0.00,600.00
ORD00105386,OI000570526,ITEM0033,1,900.00,299.82,0.00,900.00
ORD00105386,OI000570527,ITEM0084,1,1240.00,425.59,0.00,1240.00
ORD00105386,OI000570528,ITEM0105,2,2550.00,841.34,0.00,5100.00
ORD00105386,OI000570529,ITEM0125,3,290.00,119.62,0.00,870.00
ORD00105386,OI000570530,ITEM0141,-3,510.00,166.18,0.00,1530.00
ORD00105386,OI000570531,ITEM0160,3,105.00,46.24,0.00,315.00
ORD00105387,OI000570532,ITEM0010,1,1350.00,552.35,0.00,1350.00
ORD00105387,OI000570533,ITEM0020,1,810.00,323.82,0.00,810.00
ORD00105387,OI000570534,ITEM0048,1,1460.00,572.91,0.00,1460.00
ORD00105387,OI000570535,ITEM0064,2,530.00,186.68,0.00,1060.00
ORD00105387,OI000570536,ITEM0113,1,480.00,193.08,0.00,480.00
ORD00105387,OI000570537,ITEM0119,1,470.00,169.51,0.00,470.00
ORD00105387,OI000570538,ITEM0136,2,530.00,167.58,0.00,1060.00
ORD00105387,OI000570539,ITEM0137,2,330.00,112.52,0.00,660.00
ORD00105388,OI000570540,ITEM0003,1,380.00,139.35,0.00,380.00
ORD00105388,OI000570541,ITEM0006,1,830.00,296.28,0.00,830.00
ORD00105388,OI000570542,ITEM0048,2,1460.00,572.91,0.00,2920.00
ORD00105388,OI000570543,ITEM0068,1,680.00,470.19,0.00,680.00
ORD00105388,OI000570544,ITEM0077,1,710.00,295.15,0.00,710.00
ORD00105388,OI000570545,ITEM0089,3,2240.00,892.05,0.00,6720.00
ORD00105388,OI000570546,ITEM0130,4,240.00,88.41,0.00,960.00
ORD00105388,OI000570547,ITEM0134,5,160.00,105.60,0.00,800.00
ORD00105388,OI000570548,ITEM0146,2,580.00,200.95,0.00,1160.00
ORD00105389,OI000570549,ITEM0004,1,600.00,214.30,0.00,600.00
ORD00105389,OI000570550,ITEM0058,1,1210.00,378.58,0.00,1210.00
ORD00105389,OI000570551,ITEM0059,2,730.00,317.89,0.00,1460.00
ORD00105389,OI000570552,ITEM0067,1,320.00,108.16,0.00,320.00
ORD00105389,OI000570553,ITEM0148,2,320.00,208.57,0.00,640.00
ORD00105390,OI000570554,ITEM0021,1,430.00,179.74,0.00,430.00
ORD00105390,OI000570555,ITEM0032,1,780.00,356.48,0.00,780.00
ORD00105390,OI000570556,ITEM0071,2,680.00,259.12,0.00,1360.00
ORD00105390,OI000570557,ITEM0075,1,630.00,269.61,0.00,630.00
ORD00105390,OI000570558,ITEM0077,1,660.00,295.15,0.00,660.00
ORD00105390,OI000570559,ITEM0084,1,1240.00,425.59,0.00,1240.00
ORD00105390,OI000570560,ITEM0129,2,540.00,183.07,0.00,1080.00
ORD00105390,OI000570561,ITEM0130,2,240.00,88.41,0.00,480.00
ORD00105390,OI000570561,ITEM0130,2,240.00,88.41,0.00,480.00
ORD00105391,OI000570562,ITEM0044,1,1440.00,498.16,0.00,1440.00
ORD00105391,OI000570563,ITEM0046,1,2740.00,1088.75,0.00,2740.00
ORD00105391,OI000570564,ITEM0112,1,310.00,140.73,0.00,310.00
ORD00105391,OI000570565,ITEM0134,3,160.00,105.60,0.00,480.00
ORD00105391,OI000570566,ITEM0141,2,510.00,166.18,0.00,1020.00
ORD00105392,OI000570567,ITEM0005,2,450.00,149.00,0.00,900.00
ORD00105392,OI000570568,ITEM0029,1,1030.00,312.12,0.00,1030.00
ORD00105392,OI000570569,ITEM0041,1,1250.00,495.95,0.00,1250.00
ORD00105392,OI000570570,ITEM0135,4,105.00,69.46,0.00,420.00
ORD00105393,OI000570571,ITEM0004,2,600.00,214.30,109.59,1090.41
ORD00105393,OI000570572,ITEM0008,1,990.00,157.77,90.41,899.59
ORD00105393,OI000570573,ITEM0028,1,410.00,160.88,0.00,410.00
ORD00105393,OI000570574,ITEM0060,1,790.00,323.39,0.00,790.00
ORD00105393,OI000570575,ITEM0083,1,1760.00,701.86,0.00,1760.00
ORD00105393,OI000570576,ITEM0106,2,3990.00,1784.77,0.00,7980.00
ORD00105393,OI000570577,ITEM0115,1,610.00,186.26,0.00,610.00
ORD00105394,OI000570578,ITEM0043,1,5110.00,2066.57,0.00,5110.00
ORD00105394,OI000570579,ITEM0082,1,1920.00,687.45,0.00,1920.00
ORD00105394,OI000570580,ITEM0114,1,280.00,84.81,0.00,280.00
ORD00105395,OI000570581,ITEM0061,4,980.00,363.74,0.00,3920.00
ORD00105395,OI000570581,ITEM0061,4,980.00,363.74,0.00,3920.00
ORD00105395,OI000570582,ITEM0076,2,720.00,281.82,0.00,1440.00
ORD00105395,OI000570583,ITEM0112,1,310.00,140.73,0.00,310.00
ORD00105395,OI000570584,ITEM0148,4,320.00,208.57,0.00,1280.00
ORD00105396,OI000570585,ITEM0011,2,920.00,332.30,0.00,1840.00
ORD00105396,OI000570586,ITEM0046,1,2740.00,1088.75,0.00,2740.00
ORD00105396,OI000570587,ITEM0048,1,1460.00,572.91,0.00,1460.00
ORD00105396,OI000570588,ITEM0116,1,780.00,136.55,0.00,780.00
ORD00105396,OI000570589,ITEM0136,5,490.00,167.58,0.00,2450.00
ORD00105396,OI000570590,,1,270.00,108.52,0.00,270.00
ORD00105396,OI000570591,ITEM0151,5,60.00,43.08,0.00,300.00
ORD00105397,OI000570592,ITEM0014,2,470.00,180.01,0.00,940.00
ORD00105397,OI000570593,ITEM0020,1,810.00,323.82,0.00,810.00
ORD00105397,OI000570594,ITEM0049,3,2540.00,1107.09,0.00,7620.00
ORD00105397,OI000570595,ITEM0067,2,320.00,108.16,0.00,640.00
ORD00105397,OI000570596,ITEM0132,1,390.00,159.49,0.00,390.00
ORD00105397,OI000570597,ITEM0134,3,-160.00,105.60,0.00,480.00
ORD00105398,OI000570598,ITEM0034,1,1220.00,445.69,0.00,1220.00
ORD00105398,OI000570599,ITEM0062,2,670.00,350.53,0.00,1340.00
ORD00105398,OI000570600,ITEM0068,1,680.00,470.19,0.00,680.00
ORD00105398,OI000570601,ITEM0141,1,510.00,166.18,0.00,510.00
ORD00105398,OI000570602,ITEM0150,1,125.00,48.98,0.00,125.00
ORD00105398,OI000570603,ITEM0153,1,40.00,16.47,0.00,40.00
ORD00105399,OI000570604,ITEM0004,1,600.00,214.30,0.00,600.00
ORD00105399,OI000570605,ITEM0045,1,1530.00,595.53,0.00,1530.00
ORD00105399,OI000570606,ITEM0134,1,160.00,105.60,0.00,160.00
ORD00105399,OI000570607,ITEM0138,3,270.00,108.52,0.00,810.00
ORD00105399,OI000570608,ITEM0149,2,370.00,165.96,0.00,740.00
ORD00105400,OI000570609,ITEM0003,1,380.00,139.35,0.00,380.00
ORD00105400,OI000570610,ITEM0033,1,900.00,299.82,0.00,900.00
ORD00105400,OI000570611,ITEM0058,1,1210.00,378.58,0.00,1210.00
ORD00105400,OI000570612,ITEM0084,1,1240.00,425.59,0.00,1240.00
ORD00105400,OI000570613,ITEM0089,1,2240.00,892.05,0.00,2240.00
ORD00105400,OI000570614,ITEM0091,1,1850.00,702.28,0.00,1850.00
ORD00105400,OI000570615,ITEM0123,1,330.00,138.90,0.00,330.00
ORD00105400,OI000570616,ITEM0129,2,540.00,183.07,0.00,1080.00
ORD00105400,OI000570617,ITEM0148,1,350.00,208.57,0.00,350.00
ORD00105400,OI000570618,ITEM0152,4,95.00,38.94,0.00,380.00
ORD00105400,OI000570619,ITEM0159,1,460.00,192.62,0.00,460.00
ORD00105401,OI000570620,ITEM0041,1,1250.00,495.95,0.00,1250.00
ORD00105401,OI000570621,ITEM0081,1,1510.00,1047.44,0.00,1510.00
ORD00105401,OI000570622,ITEM0134,1,160.00,105.60,0.00,160.00
ORD00105401,OI000570623,ITEM0135,2,105.00,69.46,0.00,210.00
ORD00105401,OI000570624,ITEM0138,1,270.00,108.52,0.00,270.00
ORD00105401,OI000570625,ITEM0148,3,320.00,208.57,0.00,960.00
ORD00105402,OI000570626,ITEM0003,2,380.00,139.35,200.00,560.00
ORD00105402,OI000570627,ITEM0073,1,850.00,331.31,0.00,850.00
ORD00105402,OI000570628,ITEM0113,1,480.00,193.08,0.00,480.00
ORD00105402,OI000570629,ITEM0134,3,160.00,105.60,0.00,480.00
ORD00105403,OI000570630,ITEM0041,2,1250.00,495.95,0.00,2500.00
ORD00105403,OI000570631,ITEM0045,2,1530.00,595.53,0.00,3060.00
ORD00105403,OI000570632,ITEM0048,3,1460.00,572.91,0.00,4380.00
ORD00105403,OI000570633,ITEM0121,4,390.00,121.95,0.00,1560.00
ORD00105403,OI000570634,ITEM0151,2,65.00,43.08,0.00,130.00
ORD00105404,OI000570635,ITEM0003,1,380.00,139.35,0.00,380.00
ORD00105404,OI000570636,ITEM0024,2,790.00,275.47,0.00,1580.00
ORD00105404,OI000570637,ITEM0073,2,850.00,331.31,0.00,1700.00
ORD00105404,OI000570638,ITEM0098,1,1220.00,521.65,0.00,1220.00
ORD00105404,OI000570639,ITEM0099,1,1300.00,471.54,0.00,1300.00
ORD00105404,OI000570640,ITEM0119,1,470.00,169.51,0.00,470.00
ORD00105404,OI000570641,ITEM0124,1,190.00,131.48,0.00,190.00
ORD00105405,OI000570642,ITEM0003,3,380.00,139.35,0.00,1140.00
ORD00105405,OI000570643,ITEM0046,2,2740.00,1088.75,0.00,5480.00
ORD00105405,OI000570644,ITEM0068,1,680.00,470.19,0.00,680.00
ORD00105405,OI000570645,ITEM0106,1,3990.00,1784.77,0.00,3990.00
ORD00105405,OI000570646,ITEM0128,2,500.00,70.39,0.00,1000.00
ORD00105405,OI000570647,ITEM0134,1,160.00,105.60,0.00,160.00
ORD00105405,OI000570648,ITEM0150,1,125.00,48.98,0.00,125.00
ORD00105406,OI000570649,ITEM0002,1,210.00,72.86,37.84,172.16
ORD00105406,OI000570649,ITEM0002,1,210.00,72.86,37.84,172.16
ORD00105406,OI000570650,ITEM0013,1,420.00,179.48,75.68,344.32
ORD00105406,OI000570651,ITEM0041,2,1250.00,495.95,0.00,2500.00
ORD00105406,OI000570652,ITEM0053,1,1300.00,578.78,0.00,1300.00
ORD00105406,OI000570653,ITEM0066,2,950.00,343.77,0.00,1900.00
ORD00105406,OI000570654,ITEM0130,2,240.00,88.41,86.49,393.51
ORD00105406,OI000570655,ITEM0148,2,320.00,208.57,0.00,640.00
ORD00105406,OI000570656,ITEM0150,2,125.00,48.98,0.00,250.00
ORD00105407,OI000570657,ITEM0003,1,380.00,139.35,77.55,302.45
ORD00105407,OI000570658,ITEM0004,1,600.00,214.30,122.45,477.55
ORD00105407,OI000570659,ITEM0041,3,1250.00,495.95,0.00,3750.00
ORD00105407,OI000570660,ITEM0138,4,270.00,108.52,0.00,1080.00
ORD00105408,OI000570661,ITEM0004,1,600.00,214.30,0.00,600.00
ORD00105408,OI000570662,ITEM0058,1,1210.00,378.58,0.00,1210.00
ORD00105408,OI000570663,ITEM0134,1,160.00,105.60,0.00,160.00
ORD00105408,OI000570664,ITEM0148,3,320.00,208.57,0.00,960.00
ORD00105408,OI000570665,ITEM0159,3,460.00,192.62,0.00,1380.00
ORD00105409,OI000570667,ITEM0057,1,670.00,446.99,0.00,670.00
ORD00105409,OI000570668,ITEM0135,3,105.00,69.46,0.00,315.00
ORD00105409,OI000570669,ITEM0148,2,350.00,208.57,0.00,700.00
ORD00105409,OI000570670,ITEM0151,4,65.00,43.08,0.00,260.00
ORD00105410,OI000570671,ITEM0090,2,1840.00,663.73,0.00,3680.00
ORD00105410,OI000570672,ITEM0113,1,480.00,193.08,0.00,480.00
ORD00105410,OI000570673,ITEM0134,1,160.00,105.60,0.00,160.00
ORD00105411,OI000570674,ITEM0004,2,600.00,214.30,148.15,1051.85
ORD00105411,OI000570675,ITEM0013,1,420.00,179.48,51.85,368.15
ORD00105411,OI000570676,ITEM0045,1,1530.00,595.53,0.00,1530.00
ORD00105411,OI000570677,ITEM0148,3,320.00,208.57,0.00,960.00
ORD00105412,OI000570678,ITEM0030,1,265.00,110.76,0.00,265.00
ORD00105412,OI000570679,ITEM0041,1,1250.00,495.95,0.00,1250.00
ORD00105412,OI000570680,ITEM0048,1,1460.00,572.91,0.00,1460.00
ORD00105412,OI000570681,ITEM0049,1,2540.00,1107.09,0.00,2540.00
ORD00105412,OI000570682,ITEM0070,1,1330.00,627.42,0.00,1330.00
ORD00105412,OI000570683,ITEM0136,5,490.00,167.58,0.00,2450.00
ORD00105412,OI000570684,ITEM0148,1,320.00,208.57,0.00,320.00
ORD00105413,OI000570685,ITEM0045,1,1530.00,595.53,0.00,1530.00
ORD00105413,OI000570686,ITEM0067,2,320.00,108.16,0.00,640.00
ORD00105413,OI000570687,ITEM0121,1,360.00,121.95,0.00,360.00
ORD00105413,OI000570688,ITEM0136,4,490.00,167.58,0.00,1960.00
ORD00105413,OI000570689,ITEM0150,4,125.00,48.98,0.00,500.00
ORD00105413,OI000570690,ITEM0151,13,60.00,43.08,0.00,780.00
ORD00105413,OI000570691,ITEM0157,2,770.00,314.38,0.00,1540.00
ORD00105414,OI000570692,ITEM0024,1,790.00,275.47,0.00,790.00
ORD00105414,OI000570693,ITEM0037,1,2310.00,972.25,0.00,2310.00
ORD00105414,OI000570694,ITEM0043,2,5110.00,2066.57,0.00,10220.00
ORD00105414,OI000570695,ITEM0060,1,790.00,323.39,0.00,790.00
ORD00105414,OI000570696,ITEM0068,1,680.00,470.19,0.00,680.00
ORD00105415,OI000570697,ITEM0048,1,1460.00,572.91,0.00,1460.00
ORD00105415,OI000570698,ITEM0092,2,1410.00,465.66,0.00,2820.00
ORD00105415,OI000570699,ITEM0157,2,770.00,314.38,0.00,1540.00
ORD00105416,OI000570700,ITEM0001,3,260.00,93.07,0.00,780.00
ORD00105416,OI000570701,ITEM0032,2,780.00,356.48,0.00,1560.00
ORD00105416,OI000570702,ITEM0108,1,1730.00,620.80,0.00,1730.00
ORD00105417,OI000570703,ITEM0131,1,360.00,156.93,200.00,160.00
ORD00105417,OI000570704,ITEM0138,1,270.00,108.52,0.00,270.00
ORD00105417,OI000570705,ITEM0143,1,460.00,180.93,0.00,460.00
ORD00105418,OI000570706,ITEM0002,1,210.00,72.86,0.00,210.00
ORD00105418,OI000570707,ITEM0040,2,730.00,258.94,0.00,1460.00
ORD00105418,OI000570708,ITEM0046,1,2740.00,1088.75,0.00,2740.00
ORD00105418,OI000570709,ITEM0068,3,680.00,470.19,0.00,2040.00
ORD00105418,OI000570710,ITEM0134,2,160.00,105.60,0.00,320.00
ORD00105418,OI000570711,ITEM0148,1,320.00,208.57,0.00,320.00
ORD00105419,OI000570712,ITEM0045,1,1530.00,595.53,0.00,1530.00
ORD00105419,OI000570713,ITEM0054,2,1320.00,409.33,0.00,2640.00
ORD00105419,OI000570714,ITEM0074,1,1200.00,536.56,0.00,1200.00
ORD00105419,OI000570715,ITEM0086,1,1380.00,560.08,0.00,1380.00
ORD00105420,OI000570716,ITEM0036,1,840.00,338.10,0.00,840.00
ORD00105420,OI000570717,ITEM0510,1,5110.00,2066.57,0.00,5110.00
ORD00105420,OI000570718,ITEM0064,1,530.00,186.68,0.00,530.00
ORD00105420,OI000570719,ITEM0133,5,180.00,78.35,0.00,900.00
ORD00105420,OI000570720,ITEM0141,1,510.00,166.18,0.00,510.00
ORD00105421,OI000570721,ITEM0004,1,600.00,214.30,0.00,600.00
ORD00105421,OI000570722,ITEM0061,1,980.00,363.74,0.00,980.00
ORD00105421,OI000570723,ITEM0077,1,660.00,295.15,0.00,660.00
ORD00105421,OI000570724,ITEM0091,1,1850.00,702.28,0.00,1850.00
ORD00105421,OI000570725,ITEM0133,1,180.00,78.35,0.00,180.00
ORD00105421,OI000570726,ITEM0138,3,270.00,108.52,0.00,810.00
ORD00105421,OI000570727,ITEM0151,2,60.00,43.08,0.00,120.00
ORD00105422,OI000570728,ITEM0049,1,2540.00,1107.09,0.00,2540.00
ORD00105422,OI000570729,ITEM0066,2,950.00,343.77,0.00,1900.00
ORD00105422,OI000570730,ITEM0068,3,680.00,470.19,0.00,2040.00
ORD00105422,OI000570731,ITEM0081,1,1510.00,1047.44,0.00,1510.00
ORD00105422,OI000570732,ITEM0138,2,270.00,108.52,0.00,540.00
ORD00105422,OI000570733,ITEM0148,4,320.00,208.57,0.00,1280.00
ORD00105422,OI000570734,ITEM0156,2,125.00,46.27,0.00,250.00
ORD00105423,OI000570735,ITEM0003,2,380.00,139.35,200.00,560.00
ORD00105423,OI000570736,ITEM0024,1,790.00,275.47,0.00,790.00
ORD00105423,OI000570737,ITEM0046,1,2740.00,1088.75,0.00,2740.00
ORD00105423,OI000570738,ITEM0075,1,630.00,269.61,0.00,630.00
ORD00105423,OI000570739,ITEM0122,2,690.00,295.82,0.00,1380.00
ORD00105423,OI000570740,ITEM0136,1,530.00,167.58,0.00,530.00
ORD00105423,OI000570741,ITEM0138,1,270.00,108.52,0.00,270.00
ORD00105423,OI000570742,ITEM0152,2,95.00,38.94,0.00,190.00
ORD00105424,OI000570743,ITEM0004,1,600.00,214.30,0.00,600.00
ORD00105424,OI000570744,ITEM0038,1,1140.00,497.08,0.00,1140.00
ORD00105424,OI000570745,ITEM0054,2,1220.00,409.33,0.00,2440.00
ORD00105424,OI000570746,ITEM0110,1,1330.00,558.62,0.00,1330.00
ORD00105425,OI000570747,ITEM0013,1,420.00,179.48,200.00,220.00
ORD00105425,OI000570748,ITEM0135,1,105.00,69.46,0.00,105.00
ORD00105425,OI000570749,ITEM0148,6,320.00,208.57,0.00,1920.00
ORD00105425,OI000570750,ITEM0151,1,60.00,43.08,0.00,60.00
ORD00105426,OI000570751,ITEM0004,3,600.00,214.30,0.00,1800.00
ORD00105426,OI000570752,ITEM0032,1,780.00,356.48,0.00,780.00
ORD00105426,OI000570753,ITEM0061,-1,980.00,363.74,0.00,980.00
ORD00105426,OI000570754,ITEM0066,2,950.00,343.77,0.00,1900.00
ORD00105427,OI000570755,ITEM0004,1,600.00,214.30,0.00,600.00
ORD00105427,OI000570756,ITEM0066,1,950.00,343.77,0.00,950.00
ORD00105427,OI000570757,ITEM0074,1,1200.00,536.56,0.00,1200.00
ORD00105427,OI000570759,ITEM0088,1,1710.00,651.22,0.00,1710.00
ORD00105428,OI000570760,ITEM0009,1,470.00,178.25,200.00,270.00
ORD00105428,OI000570761,ITEM0041,1,1250.00,495.95,0.00,1250.00
ORD00105428,OI000570762,ITEM0046,1,2740.00,1088.75,0.00,2740.00
ORD00105428,OI000570763,ITEM0068,1,680.00,470.19,0.00,680.00
ORD00105428,OI000570764,ITEM0071,1,680.00,259.12,0.00,680.00
ORD00105428,OI000570765,ITEM0081,1,1510.00,1047.44,0.00,1510.00
ORD00105428,OI000570766,ITEM0092,1,1410.00,465.66,0.00,1410.00
ORD00105428,OI000570767,ITEM0143,2,460.00,180.93,0.00,920.00
ORD00105428,OI000570768,ITEM0145,3,350.00,144.29,0.00,1050.00
ORD00105430,OI000570772,ITEM0004,1,600.00,214.30,0.00,600.00
ORD00105430,OI000570773,ITEM0018,1,590.00,236.34,0.00,590.00
ORD00105430,OI000570774,ITEM0068,2,680.00,470.19,0.00,1360.00
ORD00105430,OI000570775,ITEM0081,1,1510.00,1047.44,0.00,1510.00
ORD00105430,OI000570776,ITEM0130,2,240.00,88.41,0.00,480.00
ORD00105430,OI000570777,ITEM0134,2,160.00,105.60,0.00,320.00
ORD00105431,OI000570778,ITEM0032,1,840.00,356.48,0.00,840.00
ORD00105431,OI000570779,ITEM0046,1,2740.00,1088.75,0.00,2740.00
ORD00105431,OI000570780,ITEM0048,1,1460.00,572.91,0.00,1460.00
ORD00105431,OI000570781,ITEM0067,3,320.00,108.16,0.00,960.00
ORD00105431,OI000570782,ITEM0133,2,180.00,78.35,200.00,160.00
ORD00105431,OI000570783,ITEM0151,2,65.00,43.08,0.00,130.00
ORD00105432,OI000570784,ITEM0003,1,380.00,139.35,0.00,380.00
ORD00105432,OI000570785,ITEM0124,1,190.00,131.48,0.00,190.00
ORD00105433,OI000570786,,1,380.00,139.35,0.00,380.00
ORD00105433,OI000570787,ITEM0012,2,900.00,402.60,0.00,1800.00
ORD00105433,OI000570788,ITEM0032,1,840.00,356.48,0.00,840.00
ORD00105433,OI000570789,ITEM0045,1,1530.00,595.53,0.00,1530.00
ORD00105433,OI000570790,ITEM0048,1,1460.00,572.91,0.00,1460.00
ORD00105433,OI000570791,ITEM0061,2,1060.00,363.74,0.00,2120.00
ORD00105433,OI000570792,ITEM0067,2,320.00,108.16,0.00,640.00
ORD00105433,OI000570793,ITEM0138,3,270.00,108.52,0.00,810.00
ORD00105433,OI000570794,ITEM0148,1,350.00,208.57,0.00,350.00
ORD00105433,OI000570795,ITEM0151,3,65.00,43.08,0.00,195.00
ORD00105433,OI000570796,ITEM0154,4,370.00,126.03,0.00,1480.00
ORD00105434,OI000570797,ITEM0040,1,730.00,258.94,0.00,730.00
ORD00105434,OI000570798,ITEM0138,3,270.00,108.52,0.00,810.00
ORD00105434,OI000570799,ITEM0148,1,320.00,208.57,0.00,320.00
ORD00105434,OI000570800,ITEM0151,3,60.00,43.08,0.00,180.00
ORD00105435,OI000570801,ITEM0041,1,1250.00,495.95,0.00,1250.00
ORD00105435,OI000570802,ITEM0048,2,1460.00,572.91,0.00,2920.00
ORD00105435,OI000570803,ITEM0065,1,1300.00,489.16,0.00,1300.00
ORD00105435,OI000570804,ITEM0112,1,310.00,140.73,0.00,310.00
ORD00105435,OI000570805,ITEM0135,2,105.00,69.46,0.00,210.00
ORD00105435,OI000570806,ITEM0136,2,530.00,167.58,0.00,1060.00
ORD00105435,OI000570807,ITEM0150,1,125.00,48.98,0.00,125.00
ORD00105435,OI000570808,ITEM0151,3,65.00,43.08,0.00,195.00
ORD00105436,OI000570809,ITEM0041,4,1250.00,495.95,0.00,5000.00
ORD00105436,OI000570810,ITEM0138,1,270.00,108.52,0.00,270.00
ORD00105436,OI000570811,ITEM0147,3,450.00,148.21,0.00,1350.00
ORD00105436,OI000570812,ITEM0149,2,370.00,165.96,0.00,740.00
ORD00105437,OI000570813,ITEM0027,1,440.00,144.90,0.00,440.00
ORD00105437,OI000570814,ITEM0041,1,1250.00,495.95,0.00,1250.00
ORD00105437,OI000570815,ITEM0065,1,1300.00,489.16,0.00,1300.00
ORD00105437,OI000570816,ITEM0068,2,680.00,470.19,0.00,1360.00
ORD00105437,OI000570817,ITEM0134,1,160.00,105.60,0.00,160.00
ORD00105438,OI000570818,ITEM0037,2,2310.00,972.25,0.00,4620.00
ORD00105438,OI000570819,ITEM0055,1,680.00,227.76,0.00,680.00
ORD00105438,OI000570820,ITEM0142,2,780.00,244.33,0.00,1560.00
ORD00105439,OI000570821,ITEM0004,1,600.00,214.30,80.00,520.00
ORD00105439,OI000570822,ITEM0012,1,900.00,402.60,120.00,780.00
ORD00105439,OI000570823,ITEM0051,1,680.00,266.66,0.00,680.00
ORD00105439,OI000570824,ITEM0114,1,280.00,84.81,0.00,280.00
ORD00105439,OI000570825,ITEM0123,1,310.00,138.90,0.00,310.00
ORD00105440,OI000570826,ITEM0004,3,600.00,214.30,154.51,1645.49
ORD00105440,OI000570827,ITEM0069,1,1130.00,391.06,0.00,1130.00
ORD00105440,OI000570828,ITEM0082,1,1920.00,687.45,0.00,1920.00
ORD00105440,OI000570829,ITEM0125,1,290.00,119.62,24.89,265.11
ORD00105440,OI000570830,ITEM0130,1,240.00,88.41,20.60,219.40
ORD00105440,OI000570831,ITEM0155,2,210.00,93.65,0.00,420.00
ORD00105440,OI000570832,ITEM0157,2,770.00,314.38,0.00,1540.00
ORD00105441,OI000570833,ITEM0013,3,420.00,179.48,168.00,1092.00
ORD00105441,OI000570834,ITEM0056,1,1440.00,468.22,0.00,1440.00
ORD00105441,OI000570835,ITEM0090,1,1840.00,663.73,0.00,1840.00
ORD00105441,OI000570836,ITEM0130,1,240.00,88.41,32.00,208.00
ORD00105442,OI000570837,ITEM0003,3,380.00,139.35,110.68,1029.32
ORD00105442,OI000570838,ITEM0011,1,920.00,332.30,89.32,830.68
ORD00105442,OI000570839,ITEM0033,1,900.00,299.82,0.00,900.00
ORD00105442,OI000570840,ITEM0040,2,730.00,258.94,0.00,1460.00
ORD00105442,OI000570841,ITEM0122,1,690.00,295.82,0.00,690.00
ORD00105442,OI000570842,ITEM0151,4,60.00,43.08,0.00,240.00
ORD00105443,OI000570843,ITEM0075,1,630.00,269.61,0.00,630.00
ORD00105443,OI000570844,ITEM0082,2,1920.00,687.45,0.00,3840.00
ORD00105443,OI000570845,ITEM0135,3,105.00,69.46,0.00,315.00
ORD00105444,OI000570846,ITEM0055,2,680.00,227.76,0.00,1360.00
ORD00105444,OI000570847,ITEM0081,1,1510.00,1047.44,0.00,1510.00
ORD00105444,OI000570848,ITEM0119,1,470.00,169.51,0.00,470.00
ORD00105444,OI000570849,ITEM0132,3,390.00,159.49,0.00,1170.00
ORD00105444,OI000570850,ITEM0133,1,180.00,78.35,0.00,180.00
ORD00105445,OI000570851,ITEM0007,1,1570.00,711.90,96.62,1473.38
ORD00105445,OI000570852,ITEM0013,4,420.00,179.48,103.38,1576.62
ORD00105445,OI000570853,ITEM0043,1,5110.00,2066.57,0.00,5110.00
ORD00105445,OI000570854,ITEM0066,2,950.00,343.77,0.00,1900.00
ORD00105445,OI000570855,ITEM0086,1,1380.00,560.08,0.00,1380.00
ORD00105445,OI000570856,ITEM0134,1,160.00,105.60,0.00,160.00
ORD00105445,OI000570857,ITEM0138,1,270.00,108.52,0.00,270.00
ORD00105446,OI000570858,ITEM0046,1,2740.00,1088.75,0.00,2740.00
ORD00105446,OI000570859,ITEM0050,2,1720.00,751.10,0.00,3440.00
ORD00105446,OI000570860,ITEM0059,1,730.00,317.89,0.00,730.00
ORD00105446,OI000570861,ITEM0112,1,310.00,140.73,0.00,310.00
ORD00105446,OI000570861,ITEM0112,1,310.00,140.73,0.00,310.00
ORD00105446,OI000570862,ITEM0141,1,510.00,166.18,0.00,510.00
ORD00105447,OI000570863,ITEM0002,1,210.00,72.86,0.00,210.00
ORD00105447,OI000570864,ITEM0035,1,960.00,403.00,0.00,960.00
ORD00105447,OI000570865,ITEM0130,1,240.00,88.41,0.00,240.00
ORD00105447,OI000570866,ITEM0134,3,160.00,105.60,0.00,480.00
ORD00105447,OI000570867,ITEM0160,2,105.00,46.24,0.00,210.00
